CLAIM_NO,POLICY_NO,party_id,loss_dt,notification_dt,CAUSE_CD,CLAIM_STATUS,INCURRED_AMT,PAID_AMT,OUTSTANDING_RESERVE
CLM00000001,ALB-TRV-0002577,P0001800,2018-10-08,2018-10-10,Medical,CLOSED,80112.78,36616.90,43495.88
CLM00000002,ALB-MOT-0004014,P0001151,2023-07-28,2023-07-29,Collision,OPEN,30127.54,10285.49,19842.05
CLM00000003,ALB-CLB-0004043,P0000768,2019-03-11,2019-03-23,Injury,CLOSED,39888.31,20251.52,19636.79
CLM00000004,ALB-PET-0003519,P0000210,2019-10-25,2019-10-26,Illness,OPEN,7092.65,2110.56,4982.09
CLM00000005,ALB-PET-0000667,P0000071,2018-09-30,2018-09-30,Injury,OPEN,28358.44,3365.35,24993.09
CLM00000006,ALB-HOM-0003577,P0002327,2025-10-23,2025-10-24,Fire,REOPENED,2939.96,2192.50,747.46
CLM00000007,ALB-MOT-0002186,P0000150,2025-10-17,2025-10-19,Collision,DECLINED,25471.16,5039.16,20432.00
CLM00000008,ALB-HOM-0004099,P0001867,2023-12-24,2023-12-24,Subsidence,REOPENED,10483.74,4363.89,6119.85
CLM00000009,ALB-PET-0000487,P0003006,2023-08-18,2023-08-18,Injury,OPEN,75348.26,7149.70,68198.56
CLM00000010,ALB-CLB-0002253,P0000272,2021-01-01,2021-01-02,Property Damage,CLOSED,49745.05,17217.92,32527.13
CLM00000011,ALB-PET-0001336,P0002851,2025-12-11,2025-12-13,Illness,DECLINED,11633.80,3454.32,8179.48
CLM00000012,ALB-TRV-0000952,P0001568,2020-12-26,2021-01-07,Baggage,CLOSED,20049.41,6600.87,13448.54
CLM00000013,ALB-TRV-0000088,P0001488,2022-03-03,2022-03-08,Baggage,OPEN,36038.86,7678.28,28360.58
CLM00000014,ALB-TRV-0000153,P0002123,2019-02-06,2019-02-06,Cancellation,OPEN,50899.62,14094.65,36804.97
CLM00000015,ALB-HOM-0005134,P0002033,2019-08-11,2019-08-12,Fire,DECLINED,60847.23,18327.86,42519.37
CLM00000016,ALB-CLB-0000071,P0000787,2020-08-25,2020-08-25,Property Damage,OPEN,8016.51,1142.88,6873.63
CLM00000017,ALB-HOM-0003507,P0002875,2019-05-02,2019-05-02,Subsidence,CLOSED,59062.50,50129.19,8933.31
CLM00000018,ALB-PET-0001027,P0001894,2018-05-05,2018-05-07,Injury,CLOSED,43830.37,14406.74,29423.63
CLM00000019,ALB-CLB-0001014,P0001062,2025-04-06,2025-04-06,Injury,CLOSED,4660.43,3327.48,1332.95
CLM00000020,ALB-HOM-0004496,P0001732,2024-01-08,2024-01-10,Accidental Damage,DECLINED,54834.27,4644.56,50189.71
CLM00000021,ALB-CPM-0001411,P0002001,2019-06-13,2019-06-15,Fire,CLOSED,19647.37,8512.31,11135.06
CLM00000022,ALB-HOM-0001725,P0000508,2023-05-15,2023-05-16,Accidental Damage,DECLINED,62991.78,9144.29,53847.49
CLM00000023,ALB-MOT-0003022,P0002216,2022-12-09,2022-12-11,Vandalism,CLOSED,67401.22,28104.05,39297.17
CLM00000024,ALB-PET-0004318,P0003090,2020-04-18,2020-04-23,Injury,DECLINED,12247.19,3608.43,8638.76
CLM00000025,ALB-PET-0003488,P0000617,2025-12-05,2025-12-07,Injury,DECLINED,16264.59,2278.22,13986.37
CLM00000026,ALB-TRV-0001672,P0002166,2026-01-10,2026-01-10,Baggage,CLOSED,23090.92,21340.78,1750.14
CLM00000027,ALB-MOT-0003242,P0000241,2018-09-20,2019-01-18,Windscreen,OPEN,47269.09,7431.34,39837.75
CLM00000028,ALB-TRV-0001958,P0001111,2019-05-25,2019-07-09,Baggage,CLOSED,15233.39,6637.00,8596.39
CLM00000029,ALB-HOM-0004463,P0001370,2026-05-15,2026-05-16,Theft,DECLINED,10109.43,1290.74,8818.69
CLM00000030,ALB-PET-0003642,P0001240,2024-12-11,2024-12-23,Illness,CLOSED,22054.88,9221.85,12833.03
CLM00000031,ALB-MOT-0004527,P0001295,2019-11-08,2019-11-10,Vandalism,REOPENED,68799.36,31229.66,37569.70
CLM00000032,ALB-CPM-0004701,P0001464,2022-02-16,2022-02-17,Fire,CLOSED,62042.43,46352.66,15689.77
CLM00000033,ALB-CPM-0001669,P0000443,2018-12-10,2018-12-12,Theft,OPEN,60732.89,11853.05,48879.84
CLM00000034,ALB-PET-0000708,P0000913,2025-12-18,2025-12-23,Illness,CLOSED,28750.50,8952.29,19798.21
CLM00000035,ALB-HOM-0002195,P0000701,2021-07-17,2021-07-18,Theft,CLOSED,12911.09,10020.83,2890.26
CLM00000036,ALB-TRV-0004267,P0003082,2022-02-14,2022-02-16,Medical,DECLINED,11478.52,3490.00,7988.52
CLM00000037,ALB-MOT-0004924,P0000673,2024-07-03,2024-07-08,Fire,OPEN,32899.61,10848.52,22051.09
CLM00000038,ALB-PET-0000496,P0001591,2022-06-02,2022-06-03,Illness,CLOSED,80973.44,37179.27,43794.17
CLM00000039,ALB-CPM-0002476,P0002095,2021-01-22,2021-01-27,Flood,CLOSED,58493.50,47548.85,10944.65
CLM00000040,ALB-CLB-0002288,P0000374,2020-07-26,2020-07-27,Injury,CLOSED,37730.14,12380.49,25349.65
CLM00000041,ALB-PET-0004641,P0001965,2018-12-19,2018-12-24,Injury,REOPENED,16405.20,12711.78,3693.42
CLM00000042,ALB-CLB-0002784,P0000231,2018-12-11,2018-12-12,Injury,CLOSED,28785.20,15282.06,13503.14
CLM00000043,ALB-PET-0001491,P0001808,2024-07-07,2024-07-07,Injury,CLOSED,47694.16,26254.85,21439.31
CLM00000044,ALB-CLB-0003366,P0001148,2023-04-04,2023-04-04,Property Damage,CLOSED,998.73,646.77,351.96
CLM00000045,ALB-CLB-0003103,P0001328,2025-08-05,2025-08-07,Property Damage,OPEN,69422.67,9621.64,59801.03
CLM00000046,ALB-PET-0003195,P0002932,2023-10-30,2023-10-30,Injury,REOPENED,76075.43,23818.24,52257.19
CLM00000047,ALB-PET-0002266,P0003119,2023-06-20,2023-06-22,Injury,OPEN,49327.31,17499.75,31827.56
CLM00000048,ALB-TRV-0003006,P0002407,2027-03-24,2027-03-24,Baggage,CLOSED,55300.74,30949.77,24350.97
CLM00000049,ALB-MOT-0003829,P0002223,2020-07-18,2020-07-18,Fire,CLOSED,27970.44,11753.55,16216.89
CLM00000050,ALB-TRV-0000472,P0001777,2024-05-21,2024-05-23,Cancellation,OPEN,762.44,248.54,513.90
CLM00000051,ALB-CLB-0001241,P0002014,2023-01-05,2023-01-05,Property Damage,CLOSED,13749.18,11710.42,2038.76
CLM00000052,ALB-HOM-0003349,P0001884,2027-05-01,2027-05-02,Storm,CLOSED,25092.24,7548.11,17544.13
CLM00000053,ALB-TRV-0004940,P0000835,2019-06-08,2019-06-08,Medical,OPEN,57807.05,6531.43,51275.62
CLM00000054,ALB-TRV-0000978,P0002135,2027-07-27,2027-08-01,Baggage,REOPENED,13556.91,5981.19,7575.72
CLM00000055,ALB-PET-0002548,P0002926,2023-08-21,2023-08-23,Illness,OPEN,8132.47,2613.81,5518.66
CLM00000056,ALB-CLB-0004176,P0000253,2023-07-09,2023-07-09,Injury,CLOSED,1629.73,991.11,638.62
CLM00000057,ALB-CPM-0000087,P0001054,2018-05-31,2018-06-02,Fire,REOPENED,39348.92,31301.61,8047.31
CLM00000058,ALB-PET-0002108,P0000611,2018-07-12,2018-07-24,Illness,OPEN,42771.17,16142.80,26628.37
CLM00000059,ALB-MOT-0000358,P0001186,2023-02-01,2023-02-03,Collision,CLOSED,61729.04,57644.80,4084.24
CLM00000060,ALB-CLB-0003047,P0000338,2023-05-27,2023-05-28,Injury,CLOSED,574.00,452.67,121.33
CLM00000061,ALB-TRV-0002156,P0001345,2021-09-20,2021-09-21,Medical,CLOSED,6907.22,3991.23,2915.99
CLM00000062,ALB-MOT-0000838,P0002554,2021-01-18,2021-01-18,Vandalism,CLOSED,72167.94,52287.05,19880.89
CLM00000063,ALB-TRV-0001246,P0001424,2025-09-21,2025-09-22,Medical,CLOSED,50642.40,27581.94,23060.46
CLM00000064,ALB-CPM-0003971,P0000677,2019-02-19,2019-02-19,Flood,CLOSED,3155.33,2331.52,823.81
CLM00000065,ALB-CPM-0001822,P0001904,2026-07-20,2026-07-25,Flood,OPEN,2228.43,109.83,2118.60
CLM00000066,ALB-HOM-0001701,P0002371,2023-04-21,2023-04-21,Fire,CLOSED,42125.67,29217.86,12907.81
CLM00000067,ALB-PET-0002351,P0000248,2023-06-09,2023-06-11,Illness,CLOSED,35106.57,18624.78,16481.79
CLM00000068,ALB-CPM-0003005,P0002573,2018-12-27,2018-12-28,Theft,CLOSED,44560.37,40806.53,3753.84
CLM00000069,ALB-CPM-0000387,P0001741,2021-02-20,2021-02-20,Theft,DECLINED,56750.41,20332.00,36418.41
CLM00000070,ALB-TRV-0002970,P0002570,2018-07-03,2018-07-05,Medical,CLOSED,80006.61,50547.72,29458.89
CLM00000071,ALB-MOT-0003136,P0003121,2023-05-10,2023-05-10,Theft,CLOSED,15530.49,7154.76,8375.73
CLM00000072,ALB-HOM-0001543,P0001534,2021-11-10,2021-11-11,Fire,CLOSED,59515.16,47351.24,12163.92
CLM00000073,ALB-MOT-0002955,P0000378,2022-10-27,2022-10-27,Theft,OPEN,16546.44,1671.30,14875.14
CLM00000074,ALB-TRV-0001780,P0001515,2019-03-15,2019-03-20,Medical,OPEN,76899.80,16157.90,60741.90
CLM00000075,ALB-CPM-0004343,P0001008,2020-02-27,2020-02-29,Flood,OPEN,48698.69,12337.35,36361.34
CLM00000076,ALB-CLB-0002422,P0002043,2019-01-18,2019-01-20,Injury,OPEN,52990.32,10060.81,42929.51
CLM00000077,ALB-TRV-0003908,P0002178,2020-12-22,2020-12-23,Cancellation,CLOSED,10457.13,4846.49,5610.64
CLM00000078,ALB-TRV-0003403,P0001298,2025-01-21,2025-01-23,Baggage,OPEN,10763.13,2322.14,8440.99
CLM00000079,ALB-MOT-0001413,P0003085,2018-10-13,2018-10-14,Fire,CLOSED,26633.83,19841.33,6792.50
CLM00000080,ALB-CPM-0001746,P0001599,2020-08-13,2020-08-14,Theft,CLOSED,83672.23,48688.98,34983.25
CLM00000081,ALB-CLB-0003208,P0002549,2023-04-25,2023-08-23,Injury,CLOSED,48618.39,36100.41,12517.98
CLM00000082,ALB-CLB-0001158,P0002200,2022-08-20,2022-08-22,Injury,CLOSED,20062.19,10897.80,9164.39
CLM00000083,ALB-PET-0001257,P0000384,2025-07-02,2025-07-03,Illness,OPEN,84779.61,20590.39,64189.22
CLM00000084,ALB-CPM-0004269,P0001219,2021-01-09,2021-01-10,Flood,REOPENED,67117.23,51579.52,15537.71
CLM00000085,ALB-PET-0004202,P0002892,2024-02-26,2024-04-11,Injury,CLOSED,10885.07,5020.92,5864.15
CLM00000086,ALB-HOM-0005150,P0001032,2019-06-24,2019-06-25,Theft,CLOSED,19644.73,7569.50,12075.23
CLM00000087,ALB-CLB-0005061,P0001144,2022-01-20,2022-01-22,Injury,OPEN,42091.74,5321.62,36770.12
CLM00000088,ALB-CPM-0003085,P0001941,2023-08-13,2023-08-25,Theft,CLOSED,56571.84,45672.02,10899.82
CLM00000089,ALB-CLB-0000469,P0002917,2021-08-13,2021-08-13,Injury,CLOSED,53704.25,31777.21,21927.04
CLM00000090,ALB-HOM-0003804,P0002938,2022-05-08,2022-05-08,Storm,CLOSED,82761.22,70483.46,12277.76
CLM00000091,ALB-CLB-0001005,P0000657,2019-03-18,2019-03-18,Property Damage,CLOSED,40217.28,22366.38,17850.90
CLM00000092,ALB-CLB-0001889,P0000314,2020-01-10,2020-01-22,Property Damage,DECLINED,65656.70,14386.80,51269.90
CLM00000093,ALB-CLB-0002607,P0001239,2018-11-13,2018-11-18,Injury,DECLINED,3514.02,562.35,2951.67
CLM00000094,ALB-CLB-0003865,P0002398,2020-12-02,2020-12-02,Injury,CLOSED,16542.54,11390.37,5152.17
CLM00000095,ALB-CPM-0004899,P0002481,2025-02-09,2025-02-10,Theft,CLOSED,70090.30,59463.96,10626.34
CLM00000096,ALB-CLB-0003134,P0002776,2021-04-03,2021-04-05,Property Damage,REOPENED,16905.80,15319.68,1586.12
CLM00000097,ALB-CLB-0003350,P0002544,2019-07-31,2019-08-02,Injury,CLOSED,35822.95,32474.07,3348.88
CLM00000098,ALB-CLB-0004920,P0001040,2022-03-02,2022-03-02,Property Damage,CLOSED,58319.43,35547.44,22771.99
CLM00000099,ALB-MOT-0005010,P0001293,2026-10-02,2026-10-07,Vandalism,CLOSED,50152.42,24371.01,25781.41
CLM00000100,ALB-CLB-0002432,P0002444,2025-03-13,2025-03-14,Injury,OPEN,36638.16,6835.20,29802.96
CLM00000101,ALB-TRV-0002016,P0000127,2021-02-06,2021-02-06,Cancellation,REOPENED,60318.77,45418.25,14900.52
CLM00000102,ALB-PET-0002664,P0002121,2020-09-17,2020-09-19,Injury,CLOSED,26239.76,17181.56,9058.20
CLM00000103,ALB-PET-0003215,P0002100,2020-11-14,2020-11-15,Illness,CLOSED,20744.68,16002.84,4741.84
CLM00000104,ALB-HOM-0004954,P0002101,2025-03-12,2025-03-12,Theft,CLOSED,5948.44,3603.76,2344.68
CLM00000105,ALB-HOM-0002930,P0000574,2026-09-11,2026-09-13,Storm,DECLINED,51377.74,308.00,51069.74
CLM00000106,ALB-TRV-0000832,P0000630,2024-08-17,2024-08-17,Cancellation,CLOSED,29367.89,14688.80,14679.09
CLM00000107,ALB-MOT-0001877,P0001033,2024-10-27,2024-10-28,Windscreen,CLOSED,35376.27,21971.97,13404.30
CLM00000108,ALB-TRV-0004793,P0001388,2024-12-20,2024-12-22,Medical,CLOSED,84611.75,77712.04,6899.71
CLM00000109,ALB-TRV-0002442,P0001767,2026-05-05,2026-05-05,Baggage,OPEN,53843.15,2058.52,51784.63
CLM00000110,ALB-CLB-0003816,P0000235,2025-06-10,2025-06-12,Property Damage,OPEN,58798.15,15288.11,43510.04
CLM00000111,ALB-CLB-0002633,P0001717,2024-05-08,2024-05-09,Property Damage,CLOSED,69571.98,61912.01,7659.97
CLM00000112,ALB-CLB-0004870,P0000801,2021-09-30,2021-10-02,Injury,REOPENED,37098.88,15970.00,21128.88
CLM00000113,ALB-CPM-0002503,P0000429,2022-01-17,2022-01-19,Theft,CLOSED,64408.57,42743.20,21665.37
CLM00000114,ALB-CLB-0001886,P0002644,2020-12-01,2020-12-03,Injury,CLOSED,35281.20,25764.15,9517.05
CLM00000115,ALB-CLB-0002227,P0003008,2024-06-09,2024-06-10,Injury,CLOSED,47284.78,33449.41,13835.37
CLM00000116,ALB-TRV-0005011,P0001362,2022-06-24,2022-06-25,Cancellation,CLOSED,74553.01,73426.52,1126.49
CLM00000117,ALB-MOT-0003168,P0000230,2022-06-17,2022-06-18,Collision,OPEN,12842.84,2814.50,10028.34
CLM00000118,ALB-TRV-0003697,P0003034,2019-04-14,2019-04-14,Baggage,CLOSED,28571.54,18252.42,10319.12
CLM00000119,ALB-CLB-0003766,P0000289,2022-01-14,2022-01-19,Injury,CLOSED,77966.97,45249.15,32717.82
CLM00000120,ALB-TRV-0004601,P0000050,2018-08-13,2018-08-13,Baggage,CLOSED,35599.57,21254.74,14344.83
CLM00000121,ALB-CLB-0003872,P0000314,2019-12-22,2020-01-03,Property Damage,OPEN,80287.34,13369.36,66917.98
CLM00000122,ALB-TRV-0001862,P0000880,2020-08-01,2020-08-01,Medical,CLOSED,70530.57,32334.62,38195.95
CLM00000123,ALB-HOM-0003740,P0003025,2025-01-31,2025-02-01,Fire,OPEN,75983.86,10545.38,65438.48
CLM00000124,ALB-CPM-0000551,P0001554,2021-06-13,2021-06-13,Theft,CLOSED,15400.23,5019.53,10380.70
CLM00000125,ALB-CLB-0002982,P0002971,2024-05-26,2024-05-27,Injury,CLOSED,5803.27,1795.62,4007.65
CLM00000126,ALB-CLB-0001503,P0000448,2023-05-11,2023-05-12,Injury,CLOSED,42715.09,21677.31,21037.78
CLM00000127,ALB-MOT-0004095,P0001511,2024-12-31,2025-01-12,Fire,CLOSED,23756.20,22658.92,1097.28
CLM00000128,ALB-CLB-0001615,P0002862,2027-02-22,2027-02-23,Injury,OPEN,25244.52,3775.62,21468.90
CLM00000129,ALB-CLB-0001824,P0000187,2023-10-03,2023-10-05,Injury,CLOSED,71740.38,39692.91,32047.47
CLM00000130,ALB-PET-0000464,P0002563,2018-07-31,2018-08-02,Illness,DECLINED,25846.57,9944.05,15902.52
CLM00000131,ALB-CPM-0000422,P0001772,2019-12-30,2019-12-31,Fire,CLOSED,83627.39,48641.80,34985.59
CLM00000132,ALB-PET-0003508,P0002025,2025-08-02,2025-08-14,Injury,CLOSED,18364.06,10212.95,8151.11
CLM00000133,ALB-CLB-0001136,P0001083,2021-06-01,2021-06-13,Property Damage,OPEN,51798.93,14249.59,37549.34
CLM00000134,ALB-MOT-0003915,P0003073,2021-01-12,2021-01-13,Windscreen,CLOSED,2996.91,1433.34,1563.57
CLM00000135,ALB-MOT-0003606,P0000566,2021-12-07,2021-12-12,Collision,CLOSED,58407.49,23376.96,35030.53
CLM00000136,ALB-MOT-0001168,P0000118,2023-11-11,2023-11-13,Theft,CLOSED,60091.67,58340.34,1751.33
CLM00000137,ALB-MOT-0003775,P0000817,2020-08-30,2020-08-31,Windscreen,CLOSED,69818.56,55076.15,14742.41
CLM00000138,ALB-CPM-0000720,P0000383,2024-01-21,2024-01-22,Fire,CLOSED,82490.53,80310.00,2180.53
CLM00000139,ALB-PET-0000521,P0000991,2021-10-20,2022-02-17,Injury,CLOSED,68568.05,26445.81,42122.24
CLM00000140,ALB-TRV-0002015,P0000302,2019-06-25,2019-06-27,Cancellation,DECLINED,21556.68,6362.59,15194.09
CLM00000141,ALB-CLB-0002667,P0000580,2023-08-20,2023-09-01,Injury,CLOSED,21851.86,9384.97,12466.89
CLM00000142,ALB-TRV-0003276,P0002839,2019-09-13,2019-09-13,Baggage,CLOSED,62088.58,46727.96,15360.62
CLM00000143,ALB-TRV-0004857,P0000740,2025-11-05,2025-11-05,Cancellation,REOPENED,84418.33,44097.29,40321.04
CLM00000144,ALB-PET-0002270,P0000083,2023-09-24,2023-09-24,Injury,CLOSED,73792.23,31407.85,42384.38
CLM00000145,ALB-CLB-0003982,P0001740,2026-11-15,2026-11-27,Injury,CLOSED,61222.45,22529.96,38692.49
CLM00000146,ALB-MOT-0000552,P0002673,2024-08-02,2024-08-14,Fire,CLOSED,37487.20,36610.64,876.56
CLM00000147,ALB-PET-0001384,P0000487,2022-04-08,2022-04-20,Injury,OPEN,83125.63,9258.68,73866.95
CLM00000148,ALB-PET-0003549,P0000467,2025-05-17,2025-05-17,Illness,CLOSED,62682.14,61190.10,1492.04
CLM00000149,ALB-TRV-0003976,P0002301,2023-06-04,2023-06-06,Cancellation,DECLINED,83566.41,18798.42,64767.99
CLM00000150,ALB-PET-0001834,P0001748,2020-08-30,2020-09-04,Injury,CLOSED,29469.28,24690.70,4778.58
CLM00000151,ALB-CPM-0003452,P0001360,2024-06-24,2024-06-24,Flood,CLOSED,47049.21,19511.14,27538.07
CLM00000152,ALB-PET-0002737,P0003131,2027-06-17,2027-06-18,Injury,CLOSED,39337.88,39158.31,179.57
CLM00000153,ALB-CPM-0000451,P0001735,2018-03-15,2018-03-17,Fire,CLOSED,77639.76,62058.79,15580.97
CLM00000154,ALB-CLB-0003853,P0000674,2021-01-21,2021-01-26,Property Damage,OPEN,56962.09,17048.26,39913.83
CLM00000155,ALB-MOT-0001703,P0000253,2018-07-16,2018-07-17,Theft,DECLINED,48643.91,18976.84,29667.07
CLM00000156,ALB-HOM-0001987,P0002212,2020-11-15,2020-11-20,Theft,CLOSED,52487.23,44779.23,7708.00
CLM00000157,ALB-CLB-0000974,P0000117,2021-04-21,2021-04-23,Property Damage,CLOSED,71937.39,31958.70,39978.69
CLM00000158,ALB-PET-0002071,P0002229,2020-05-22,2020-05-24,Injury,REOPENED,66064.07,42143.71,23920.36
CLM00000159,ALB-PET-0000228,P0001788,2027-10-28,2027-10-28,Injury,CLOSED,61325.40,54149.13,7176.27
CLM00000160,ALB-HOM-0003896,P0001237,2026-01-28,2026-01-28,Fire,CLOSED,42523.65,17909.01,24614.64
CLM00000161,ALB-HOM-0002105,P0001414,2027-02-21,2027-02-21,Fire,DECLINED,84477.39,10418.17,74059.22
CLM00000162,ALB-CPM-0004960,P0000207,2019-05-25,2019-05-30,Theft,OPEN,35185.03,11446.41,23738.62
CLM00000163,ALB-CPM-0000065,P0000798,2022-10-13,2022-10-14,Flood,CLOSED,1321.87,761.20,560.67
CLM00000164,ALB-CPM-0000053,P0000418,2025-05-10,2025-06-24,Fire,OPEN,22166.40,783.12,21383.28
CLM00000165,ALB-CPM-0003492,P0000443,2020-12-18,2020-12-20,Flood,CLOSED,83948.34,68228.67,15719.67
CLM00000166,ALB-CPM-0004138,P0001144,2025-05-31,2025-06-02,Flood,OPEN,71057.40,710.32,70347.08
CLM00000167,ALB-CLB-0002046,P0001839,2025-09-24,2025-09-24,Property Damage,CLOSED,41106.32,17233.04,23873.28
CLM00000168,ALB-PET-0001332,P0001388,2023-09-19,2023-09-19,Injury,OPEN,16794.14,5500.07,11294.07
CLM00000169,ALB-TRV-0003574,P0003143,2022-07-14,2022-07-14,Baggage,OPEN,39018.22,11240.28,27777.94
CLM00000170,ALB-TRV-0001186,P0002239,2020-05-17,2020-05-18,Baggage,DECLINED,8267.06,665.50,7601.56
CLM00000171,ALB-HOM-0005142,P0000606,2019-12-14,2019-12-15,Accidental Damage,CLOSED,38890.74,14001.09,24889.65
CLM00000172,ALB-CPM-0001449,P0001568,2025-02-25,2025-03-02,Theft,REOPENED,31717.97,20564.80,11153.17
CLM00000173,ALB-MOT-0000888,P0000837,2024-03-01,2024-03-06,Theft,CLOSED,23726.05,8739.78,14986.27
CLM00000174,ALB-TRV-0001374,P0001913,2022-09-10,2022-09-22,Medical,REOPENED,49574.16,39074.92,10499.24
CLM00000175,ALB-HOM-0001811,P0000131,2027-03-29,2027-03-31,Theft,OPEN,15208.38,516.89,14691.49
CLM00000176,ALB-PET-0000185,P0001880,2021-05-06,2021-05-07,Illness,CLOSED,43836.83,25654.29,18182.54
CLM00000177,ALB-MOT-0004772,P0001098,2024-02-25,2024-02-27,Vandalism,REOPENED,62501.34,31296.94,31204.40
CLM00000178,ALB-PET-0000102,P0002687,2022-08-19,2022-08-20,Illness,CLOSED,15950.30,14146.01,1804.29
CLM00000179,ALB-MOT-0004334,P0001787,2018-11-29,2018-12-01,Fire,CLOSED,73932.88,54320.67,19612.21
CLM00000180,ALB-PET-0003493,P0002760,2025-06-28,2025-06-28,Illness,OPEN,2548.69,383.31,2165.38
CLM00000181,ALB-MOT-0000907,P0002369,2023-07-04,2023-07-04,Fire,CLOSED,65461.02,60375.96,5085.06
CLM00000182,ALB-CLB-0001297,P0002321,2022-05-03,2022-05-04,Property Damage,CLOSED,25698.76,20968.46,4730.30
CLM00000183,ALB-CPM-0000136,P0001799,2025-08-10,2025-09-24,Flood,DECLINED,67161.74,140.79,67020.95
CLM00000184,ALB-PET-0004128,P0002376,2021-12-28,2021-12-29,Illness,CLOSED,62969.97,51552.84,11417.13
CLM00000185,ALB-HOM-0004465,P0002982,2019-06-07,2019-06-07,Escape of Water,CLOSED,47909.98,29090.73,18819.25
CLM00000186,ALB-CLB-0002816,P0002547,2019-03-14,2019-03-19,Injury,CLOSED,55994.40,41407.36,14587.04
CLM00000187,ALB-CPM-0004598,P0000583,2026-01-18,2026-01-23,Theft,OPEN,12646.03,102.59,12543.44
CLM00000188,ALB-CLB-0001731,P0002886,2024-05-12,2024-05-12,Injury,CLOSED,57364.62,44193.43,13171.19
CLM00000189,ALB-PET-0000505,P0001722,2025-02-12,2025-02-13,Illness,CLOSED,79560.74,69540.28,10020.46
CLM00000190,ALB-PET-0003138,P0000012,2021-02-04,2021-02-05,Illness,CLOSED,18199.61,7259.14,10940.47
CLM00000191,ALB-CLB-0002698,P0001058,2025-12-17,2025-12-19,Property Damage,OPEN,30257.06,10434.11,19822.95
CLM00000192,ALB-CPM-0003227,P0002755,2020-07-07,2020-07-12,Flood,DECLINED,64713.47,22788.99,41924.48
CLM00000193,ALB-CLB-0001941,P0001881,2019-07-20,2019-07-25,Property Damage,CLOSED,65649.95,48984.60,16665.35
CLM00000194,ALB-HOM-0001887,P0002829,2020-05-01,2020-05-02,Fire,CLOSED,77906.53,35006.73,42899.80
CLM00000195,ALB-TRV-0002999,P0000405,2024-06-17,2024-06-17,Cancellation,CLOSED,16120.02,5778.82,10341.20
CLM00000196,ALB-MOT-0001647,P0002263,2019-05-25,2019-05-27,Collision,CLOSED,58736.42,31884.21,26852.21
CLM00000197,ALB-PET-0003124,P0003141,2026-11-09,2026-11-09,Injury,REOPENED,62691.12,56692.00,5999.12
CLM00000198,ALB-HOM-0004326,P0003045,2020-02-11,2020-02-16,Accidental Damage,CLOSED,82345.35,79718.44,2626.91
CLM00000199,ALB-HOM-0002996,P0001179,2022-11-22,2022-11-22,Escape of Water,CLOSED,70178.14,42009.65,28168.49
CLM00000200,ALB-CLB-0001631,P0001043,2022-04-08,2022-04-13,Injury,OPEN,67873.87,17443.81,50430.06
CLM00000201,ALB-CPM-0000346,P0002476,2022-08-11,2022-08-16,Theft,OPEN,33430.73,6732.75,26697.98
CLM00000202,ALB-MOT-0001113,P0002488,2019-06-07,2019-06-09,Windscreen,CLOSED,78312.02,54607.23,23704.79
CLM00000203,ALB-HOM-0002127,P0000979,2018-07-14,2018-07-16,Subsidence,CLOSED,14051.34,6836.64,7214.70
CLM00000204,ALB-CLB-0000629,P0002996,2022-03-03,2022-03-03,Property Damage,DECLINED,50254.73,5649.65,44605.08
CLM00000205,ALB-PET-0004414,P0001101,2019-11-05,2019-11-07,Injury,CLOSED,723.34,317.60,405.74
CLM00000206,ALB-CPM-0003540,P0001629,2022-01-14,2022-01-14,Fire,CLOSED,58853.37,51247.12,7606.25
CLM00000207,ALB-CLB-0002584,P0002228,2018-10-17,2018-10-19,Property Damage,OPEN,39373.72,8036.94,31336.78
CLM00000208,ALB-PET-0004030,P0000634,2023-05-05,2023-05-07,Illness,OPEN,73263.89,17463.65,55800.24
CLM00000209,ALB-CPM-0001138,P0002811,2020-09-27,2020-09-28,Theft,CLOSED,13408.30,4218.05,9190.25
CLM00000210,ALB-TRV-0001793,P0001977,2026-12-16,2026-12-28,Medical,OPEN,58421.31,6621.18,51800.13
CLM00000211,ALB-HOM-0003536,P0002585,2018-06-19,2018-06-21,Accidental Damage,OPEN,26295.28,7946.74,18348.54
CLM00000212,ALB-TRV-0002402,P0001827,2022-02-06,2022-02-08,Cancellation,CLOSED,38984.33,23336.01,15648.32
CLM00000213,ALB-MOT-0000028,P0000305,2021-02-20,2021-02-22,Theft,CLOSED,78516.88,69399.44,9117.44
CLM00000214,ALB-CLB-0001624,P0001577,2019-03-08,2019-03-20,Injury,OPEN,3392.31,144.30,3248.01
CLM00000215,ALB-PET-0000195,P0002321,2027-08-27,2027-08-28,Injury,CLOSED,35715.13,15043.36,20671.77
CLM00000216,ALB-PET-0003145,P0003057,2027-08-14,2027-08-14,Illness,OPEN,66649.85,13408.74,53241.11
CLM00000217,ALB-HOM-0004029,P0003055,2023-10-25,2023-10-27,Theft,CLOSED,15913.67,11547.72,4365.95
CLM00000218,ALB-CPM-0002632,P0001448,2024-11-14,2024-11-14,Theft,CLOSED,62475.51,43029.49,19446.02
CLM00000219,ALB-MOT-0000491,P0000626,2026-02-23,2026-03-07,Collision,CLOSED,44653.32,18041.14,26612.18
CLM00000220,ALB-CLB-0004908,P0002947,2024-06-17,2024-06-17,Property Damage,CLOSED,38110.73,35333.39,2777.34
CLM00000221,ALB-MOT-0000785,P0000660,2023-11-11,2023-11-12,Windscreen,DECLINED,6456.11,828.99,5627.12
CLM00000222,ALB-CLB-0004615,P0001270,2026-08-11,2026-12-09,Property Damage,CLOSED,31083.77,16714.92,14368.85
CLM00000223,ALB-HOM-0003705,P0002405,2020-10-10,2020-10-10,Subsidence,CLOSED,24191.19,15354.32,8836.87
CLM00000224,ALB-TRV-0002720,P0000091,2018-10-08,2018-10-09,Baggage,CLOSED,6991.04,3562.86,3428.18
CLM00000225,ALB-CPM-0002609,P0002284,2022-03-07,2022-03-09,Theft,CLOSED,65045.41,26706.91,38338.50
CLM00000226,ALB-MOT-0002602,P0001337,2023-07-02,2023-07-03,Windscreen,CLOSED,10189.22,8534.30,1654.92
CLM00000227,ALB-PET-0002537,P0002364,2025-01-31,2025-01-31,Injury,OPEN,20083.88,2790.58,17293.30
CLM00000228,ALB-TRV-0000122,P0000836,2019-12-31,2019-12-31,Medical,CLOSED,6737.72,3698.88,3038.84
CLM00000229,ALB-CLB-0002399,P0001656,2024-07-08,2024-07-08,Injury,CLOSED,24290.39,11080.19,13210.20
CLM00000230,ALB-TRV-0004006,P0001515,2026-02-15,2026-02-16,Baggage,OPEN,25568.32,3710.43,21857.89
CLM00000231,ALB-CPM-0003144,P0000618,2025-01-08,2025-01-08,Fire,CLOSED,32314.00,24234.61,8079.39
CLM00000232,ALB-CLB-0003539,P0000851,2026-01-07,2026-01-08,Injury,DECLINED,39298.09,3995.10,35302.99
CLM00000233,ALB-CPM-0004991,P0001224,2021-08-17,2021-08-17,Fire,OPEN,6452.87,754.42,5698.45
CLM00000234,ALB-HOM-0004838,P0000693,2021-08-16,2021-08-21,Subsidence,CLOSED,5142.71,2224.90,2917.81
CLM00000235,ALB-MOT-0005030,P0002956,2023-04-25,2023-04-27,Windscreen,REOPENED,15602.83,12131.28,3471.55
CLM00000236,ALB-CLB-0002944,P0002682,2021-09-21,2021-09-22,Injury,CLOSED,42953.23,33888.41,9064.82
CLM00000237,ALB-HOM-0003564,P0000907,2018-07-17,2018-07-17,Storm,CLOSED,69515.13,55944.38,13570.75
CLM00000238,ALB-PET-0002862,P0000385,2025-02-16,2025-02-16,Injury,DECLINED,29055.08,10865.03,18190.05
CLM00000239,ALB-TRV-0001147,P0000313,2023-12-16,2023-12-18,Medical,CLOSED,42496.73,38227.06,4269.67
CLM00000240,ALB-HOM-0004756,P0000255,2023-09-17,2023-09-18,Fire,DECLINED,7443.22,1782.86,5660.36
CLM00000241,ALB-PET-0002728,P0001101,2019-01-01,2019-01-01,Illness,CLOSED,24585.25,13266.25,11319.00
CLM00000242,ALB-PET-0001457,P0003176,2023-02-26,2023-02-26,Illness,OPEN,16224.78,3464.22,12760.56
CLM00000243,ALB-HOM-0003221,P0000572,2024-10-04,2024-10-04,Fire,CLOSED,32096.29,28638.18,3458.11
CLM00000244,ALB-PET-0001600,P0002811,2022-03-07,2022-07-05,Injury,CLOSED,53709.41,26688.08,27021.33
CLM00000245,ALB-CPM-0003037,P0001915,2026-05-16,2026-05-28,Fire,CLOSED,1257.53,714.84,542.69
CLM00000246,ALB-HOM-0004871,P0002213,2023-10-29,2023-11-03,Storm,CLOSED,51978.80,23871.72,28107.08
CLM00000247,ALB-TRV-0000423,P0003151,2022-12-29,2022-12-30,Cancellation,CLOSED,33275.07,16932.74,16342.33
CLM00000248,ALB-TRV-0002277,P0001881,2018-11-21,2018-11-21,Cancellation,CLOSED,20896.36,20191.09,705.27
CLM00000249,ALB-CLB-0001645,P0000116,2026-10-17,2026-10-22,Injury,REOPENED,32889.07,21698.18,11190.89
CLM00000250,ALB-HOM-0002244,P0001439,2024-07-27,2024-07-29,Subsidence,CLOSED,60755.35,38560.32,22195.03
CLM00000251,ALB-CPM-0001086,P0002082,2020-07-12,2020-07-13,Theft,CLOSED,29376.73,22864.56,6512.17
CLM00000252,ALB-CLB-0000238,P0002887,2023-06-19,2023-06-20,Injury,CLOSED,5025.39,2550.33,2475.06
CLM00000253,ALB-CLB-0003803,P0001626,2026-05-24,2026-05-26,Property Damage,CLOSED,77452.21,40763.71,36688.50
CLM00000254,ALB-MOT-0002860,P0002742,2022-03-18,2022-03-19,Collision,OPEN,69162.32,4771.07,64391.25
CLM00000255,ALB-CPM-0003648,P0002270,2019-07-21,2019-07-22,Flood,OPEN,47295.24,13377.26,33917.98
CLM00000256,ALB-CPM-0003863,P0000336,2025-08-08,2025-12-06,Theft,OPEN,80800.15,22433.42,58366.73
CLM00000257,ALB-HOM-0003226,P0003011,2024-03-02,2024-03-07,Fire,DECLINED,25639.28,5252.13,20387.15
CLM00000258,ALB-TRV-0003190,P0002477,2023-07-14,2023-08-28,Medical,CLOSED,44104.12,26818.03,17286.09
CLM00000259,ALB-HOM-0000598,P0003157,2025-08-07,2025-08-07,Fire,CLOSED,39031.35,19016.89,20014.46
CLM00000260,ALB-HOM-0005114,P0001701,2021-10-12,2021-10-17,Escape of Water,CLOSED,80346.03,37759.33,42586.70
CLM00000261,ALB-CPM-0000014,P0000112,2019-07-02,2019-07-02,Fire,CLOSED,21385.36,18720.49,2664.87
CLM00000262,ALB-PET-0001845,P0002686,2023-04-29,2023-04-29,Illness,CLOSED,27963.90,25994.19,1969.71
CLM00000263,ALB-PET-0000141,P0001669,2027-10-01,2028-01-29,Injury,REOPENED,70397.93,55521.14,14876.79
CLM00000264,ALB-CLB-0003334,P0000579,2022-12-12,2022-12-13,Property Damage,CLOSED,80990.01,78884.24,2105.77
CLM00000265,ALB-PET-0000048,P0002707,2024-08-17,2024-08-22,Illness,CLOSED,45000.50,15589.53,29410.97
CLM00000266,ALB-MOT-0000870,P0000336,2019-09-01,2019-09-03,Windscreen,CLOSED,26043.58,8895.59,17147.99
CLM00000267,ALB-PET-0004850,P0001507,2019-10-18,2019-10-18,Injury,CLOSED,997.43,717.89,279.54
CLM00000268,ALB-CPM-0002608,P0000972,2025-05-31,2025-05-31,Flood,CLOSED,49360.93,27696.01,21664.92
CLM00000269,ALB-HOM-0003156,P0000416,2021-10-13,2021-10-14,Storm,CLOSED,27872.61,11034.11,16838.50
CLM00000270,ALB-MOT-0003602,P0000179,2025-07-11,2025-07-11,Theft,OPEN,15592.36,5154.53,10437.83
CLM00000271,ALB-CLB-0004031,P0001668,2024-02-14,2024-02-14,Property Damage,CLOSED,66381.57,57262.69,9118.88
CLM00000272,ALB-TRV-0001586,P0001876,2020-01-10,2020-01-10,Baggage,OPEN,18624.70,5607.62,13017.08
CLM00000273,ALB-HOM-0000754,P0000412,2019-08-10,2019-08-11,Escape of Water,CLOSED,53542.60,41182.74,12359.86
CLM00000274,ALB-CPM-0004366,P0001776,2026-12-12,2026-12-24,Flood,REOPENED,6194.63,4209.39,1985.24
CLM00000275,ALB-HOM-0004512,P0001484,2021-07-11,2021-07-23,Subsidence,DECLINED,24099.03,4846.99,19252.04
CLM00000276,ALB-TRV-0002284,P0000510,2019-09-13,2019-09-15,Medical,CLOSED,49675.88,20294.09,29381.79
CLM00000277,ALB-PET-0001178,P0000246,2021-11-01,2021-11-02,Illness,CLOSED,58491.45,34681.17,23810.28
CLM00000278,ALB-HOM-0001172,P0000327,2024-10-06,2024-10-06,Fire,OPEN,53189.10,20497.16,32691.94
CLM00000279,ALB-CPM-0002182,P0000599,2025-05-02,2025-05-04,Theft,CLOSED,15680.65,7371.93,8308.72
CLM00000280,ALB-PET-0004045,P0003100,2022-11-06,2023-03-06,Illness,CLOSED,567.13,364.00,203.13
CLM00000281,ALB-CPM-0004406,P0002273,2023-09-24,2023-09-25,Theft,OPEN,67810.32,18673.46,49136.86
CLM00000282,ALB-CLB-0004912,P0001144,2023-07-07,2023-07-08,Property Damage,CLOSED,24484.75,24429.17,55.58
CLM00000283,ALB-HOM-0001619,P0002769,2018-10-13,2018-10-14,Theft,CLOSED,12329.85,4606.67,7723.18
CLM00000284,ALB-TRV-0000509,P0002137,2021-02-24,2021-02-24,Cancellation,DECLINED,15960.65,540.97,15419.68
CLM00000285,ALB-PET-0004985,P0000289,2026-08-09,2026-08-09,Illness,CLOSED,14368.44,10381.62,3986.82
CLM00000286,ALB-PET-0004610,P0001302,2020-01-14,2020-01-14,Illness,CLOSED,31424.07,18352.25,13071.82
CLM00000287,ALB-HOM-0001185,P0001082,2020-12-06,2020-12-11,Theft,OPEN,55494.63,13426.94,42067.69
CLM00000288,ALB-CPM-0000191,P0002416,2020-06-13,2020-06-13,Flood,DECLINED,56546.65,10667.35,45879.30
CLM00000289,ALB-MOT-0002810,P0002220,2023-09-23,2023-09-23,Theft,OPEN,29783.06,8127.62,21655.44
CLM00000290,ALB-TRV-0003070,P0001474,2023-04-24,2023-04-25,Baggage,CLOSED,64575.92,36146.21,28429.71
CLM00000291,ALB-CLB-0002407,P0000349,2025-05-02,2025-05-02,Property Damage,CLOSED,13484.38,5764.45,7719.93
CLM00000292,ALB-CPM-0001657,P0001179,2026-01-25,2026-01-30,Fire,OPEN,73641.11,4322.46,69318.65
CLM00000293,ALB-MOT-0004236,P0000802,2020-05-30,2020-05-30,Windscreen,CLOSED,82602.28,70842.97,11759.31
CLM00000294,ALB-TRV-0000580,P0000768,2025-10-18,2025-10-18,Baggage,CLOSED,67565.11,35833.75,31731.36
CLM00000295,ALB-MOT-0001285,P0000821,2018-06-24,2018-06-29,Windscreen,CLOSED,82262.06,37616.81,44645.25
CLM00000296,ALB-MOT-0004596,P0000146,2021-03-15,2021-03-15,Vandalism,OPEN,84412.97,28067.41,56345.56
CLM00000297,ALB-HOM-0002928,P0001666,2026-05-28,2026-05-29,Theft,CLOSED,40787.00,23931.42,16855.58
CLM00000298,ALB-MOT-0004441,P0002617,2025-11-27,2025-12-02,Theft,OPEN,61463.82,17687.00,43776.82
CLM00000299,ALB-TRV-0001518,P0001018,2022-12-09,2022-12-10,Cancellation,OPEN,31078.14,6400.40,24677.74
CLM00000300,ALB-PET-0004855,P0000745,2023-05-07,2023-05-07,Illness,CLOSED,21937.40,13937.29,8000.11
CLM00000301,ALB-PET-0002209,P0000797,2025-02-07,2025-02-12,Illness,CLOSED,18747.76,10390.53,8357.23
CLM00000302,ALB-CPM-0001732,P0001108,2019-02-17,2019-06-17,Fire,DECLINED,58588.40,20273.09,38315.31
CLM00000303,ALB-PET-0004418,P0000661,2023-05-13,2023-05-15,Illness,OPEN,76081.65,3948.28,72133.37
CLM00000304,ALB-CPM-0000309,P0001719,2023-12-09,2023-12-10,Theft,DECLINED,78164.61,5655.49,72509.12
CLM00000305,ALB-HOM-0000113,P0000518,2020-01-22,2020-01-23,Accidental Damage,CLOSED,41525.36,29312.00,12213.36
CLM00000306,ALB-CLB-0001505,P0000290,2022-12-17,2022-12-29,Property Damage,REOPENED,50311.71,21533.14,28778.57
CLM00000307,ALB-CLB-0002539,P0000416,2026-09-11,2026-09-16,Injury,CLOSED,33962.91,21769.15,12193.76
CLM00000308,ALB-CPM-0000786,P0000943,2019-12-31,2019-12-31,Fire,CLOSED,48445.10,20116.77,28328.33
CLM00000309,ALB-CLB-0001390,P0002009,2018-08-18,2018-08-18,Injury,CLOSED,26096.68,12634.56,13462.12
CLM00000310,ALB-MOT-0003316,P0000862,2023-11-12,2023-11-12,Vandalism,CLOSED,38104.84,32603.69,5501.15
CLM00000311,ALB-CLB-0000272,P0002844,2024-12-29,2025-01-10,Injury,CLOSED,32708.25,14683.02,18025.23
CLM00000312,ALB-PET-0001712,P0000006,2026-07-07,2026-07-07,Illness,CLOSED,25768.65,11184.98,14583.67
CLM00000313,ALB-PET-0002729,P0002741,2025-08-12,2025-08-12,Injury,OPEN,49737.85,11559.85,38178.00
CLM00000314,ALB-PET-0002526,P0000832,2025-05-08,2025-05-10,Illness,CLOSED,13171.95,8190.58,4981.37
CLM00000315,ALB-CLB-0001483,P0001789,2022-09-26,2022-09-28,Property Damage,DECLINED,34727.04,12520.30,22206.74
CLM00000316,ALB-TRV-0002639,P0000243,2027-07-25,2027-07-25,Cancellation,CLOSED,51330.09,38763.74,12566.35
CLM00000317,ALB-CPM-0004580,P0002101,2026-04-01,2026-07-30,Fire,CLOSED,18264.37,8102.95,10161.42
CLM00000318,ALB-CLB-0002940,P0000367,2020-12-08,2020-12-08,Property Damage,OPEN,46057.39,14458.22,31599.17
CLM00000319,ALB-CPM-0002569,P0002606,2025-11-10,2025-11-11,Theft,OPEN,81882.02,28183.02,53699.00
CLM00000320,ALB-HOM-0004191,P0002643,2021-03-24,2021-03-25,Accidental Damage,CLOSED,4306.12,2795.40,1510.72
CLM00000321,ALB-TRV-0000319,P0002814,2025-03-22,2025-03-23,Baggage,OPEN,12347.52,1505.57,10841.95
CLM00000322,ALB-HOM-0000581,P0001798,2024-08-19,2024-10-03,Fire,CLOSED,33533.25,10846.08,22687.17
CLM00000323,ALB-PET-0001546,P0001310,2021-04-11,2021-04-12,Injury,DECLINED,56586.41,1729.50,54856.91
CLM00000324,ALB-CLB-0001030,P0002146,2022-03-15,2022-03-16,Property Damage,CLOSED,23616.68,19069.31,4547.37
CLM00000325,ALB-TRV-0003194,P0001549,2021-03-05,2021-07-03,Medical,CLOSED,1660.63,1270.64,389.99
CLM00000326,ALB-MOT-0002235,P0002278,2019-01-12,2019-01-12,Vandalism,CLOSED,18240.29,9626.23,8614.06
CLM00000327,ALB-CPM-0002445,P0000913,2024-07-31,2024-08-01,Theft,OPEN,22056.58,3887.85,18168.73
CLM00000328,ALB-CLB-0005052,P0001633,2020-11-11,2020-11-11,Property Damage,OPEN,52777.00,14289.09,38487.91
CLM00000329,ALB-PET-0001767,P0003154,2019-08-05,2019-08-05,Injury,CLOSED,7695.19,7171.73,523.46
CLM00000330,ALB-MOT-0004796,P0001632,2023-10-08,2023-10-20,Fire,CLOSED,9260.24,7286.04,1974.20
CLM00000331,ALB-TRV-0004501,P0001263,2021-08-09,2021-08-14,Cancellation,CLOSED,58883.03,44989.08,13893.95
CLM00000332,ALB-TRV-0002101,P0002994,2024-04-15,2024-04-16,Medical,OPEN,43219.34,5575.18,37644.16
CLM00000333,ALB-PET-0003939,P0002236,2026-09-22,2026-09-27,Illness,CLOSED,40388.22,26426.19,13962.03
CLM00000334,ALB-HOM-0000255,P0000390,2021-04-23,2021-04-24,Subsidence,DECLINED,4417.39,83.08,4334.31
CLM00000335,ALB-MOT-0003852,P0000107,2020-10-10,2020-10-11,Collision,CLOSED,46020.71,43185.18,2835.53
CLM00000336,ALB-TRV-0002338,P0000124,2018-09-08,2018-09-09,Baggage,CLOSED,12155.03,11585.05,569.98
CLM00000337,ALB-CLB-0005022,P0000462,2027-03-12,2027-03-12,Injury,OPEN,68672.81,103.58,68569.23
CLM00000338,ALB-TRV-0003365,P0001574,2018-09-04,2018-09-05,Cancellation,CLOSED,3387.12,1063.54,2323.58
CLM00000339,ALB-HOM-0002945,P0001140,2021-02-13,2021-02-15,Subsidence,DECLINED,29181.93,6378.60,22803.33
CLM00000340,ALB-HOM-0001735,P0003037,2018-05-28,2018-05-28,Theft,OPEN,50761.97,5107.55,45654.42
CLM00000341,ALB-CLB-0000789,P0002528,2027-03-02,2027-03-02,Property Damage,CLOSED,12235.57,8343.42,3892.15
CLM00000342,ALB-PET-0001428,P0001173,2023-04-16,2023-05-31,Injury,DECLINED,62245.81,14830.31,47415.50
CLM00000343,ALB-TRV-0004522,P0001960,2025-04-29,2025-04-29,Baggage,CLOSED,3893.02,2853.26,1039.76
CLM00000344,ALB-CLB-0003023,P0003092,2020-09-02,2020-09-14,Injury,DECLINED,39028.46,1528.66,37499.80
CLM00000345,ALB-CPM-0003063,P0001892,2023-07-23,2023-07-23,Fire,CLOSED,39752.63,39034.90,717.73
CLM00000346,ALB-TRV-0001403,P0000880,2020-08-30,2020-08-30,Baggage,REOPENED,71648.59,23530.61,48117.98
CLM00000347,ALB-HOM-0003683,P0001902,2024-03-08,2024-03-09,Accidental Damage,REOPENED,13799.69,11243.31,2556.38
CLM00000348,ALB-CPM-0005001,P0001147,2024-02-24,2024-02-29,Theft,CLOSED,10696.33,7415.62,3280.71
CLM00000349,ALB-CPM-0003132,P0002815,2023-02-20,2023-02-20,Flood,DECLINED,47944.89,1263.29,46681.60
CLM00000350,ALB-MOT-0003232,P0002494,2022-09-02,2022-09-02,Windscreen,CLOSED,68919.10,26383.68,42535.42
CLM00000351,ALB-MOT-0001482,P0002568,2021-11-03,2022-03-03,Windscreen,CLOSED,70484.79,70477.41,7.38
CLM00000352,ALB-CLB-0002825,P0001532,2024-12-02,2024-12-02,Injury,CLOSED,74882.39,70791.47,4090.92
CLM00000353,ALB-HOM-0002477,P0002023,2022-12-17,2022-12-22,Theft,CLOSED,34474.00,14428.78,20045.22
CLM00000354,ALB-TRV-0005017,P0000685,2025-11-15,2025-11-16,Medical,CLOSED,28881.06,15323.37,13557.69
CLM00000355,ALB-HOM-0000042,P0001597,2023-12-17,2024-04-15,Escape of Water,CLOSED,54925.56,23792.60,31132.96
CLM00000356,ALB-MOT-0000948,P0001760,2021-10-01,2021-10-03,Collision,CLOSED,26569.21,18799.94,7769.27
CLM00000357,ALB-CLB-0000450,P0000648,2022-09-10,2022-09-12,Injury,OPEN,40120.93,5927.88,34193.05
CLM00000358,ALB-MOT-0001864,P0001289,2022-01-02,2022-01-14,Fire,CLOSED,79182.43,69098.66,10083.77
CLM00000359,ALB-HOM-0000692,P0001460,2025-05-17,2025-05-18,Theft,CLOSED,35046.80,26267.10,8779.70
CLM00000360,ALB-HOM-0003741,P0001386,2025-08-03,2025-08-04,Accidental Damage,CLOSED,57303.03,26394.41,30908.62
CLM00000361,ALB-PET-0002061,P0001727,2026-12-30,2026-12-31,Injury,CLOSED,36665.52,35559.80,1105.72
CLM00000362,ALB-CLB-0004119,P0003053,2021-06-16,2021-06-18,Property Damage,OPEN,69702.31,15744.47,53957.84
CLM00000363,ALB-PET-0004013,P0002124,2018-11-05,2018-11-05,Illness,CLOSED,65794.53,30159.60,35634.93
CLM00000364,ALB-PET-0004949,P0000809,2027-07-07,2027-07-19,Illness,CLOSED,19651.02,13159.08,6491.94
CLM00000365,ALB-PET-0002330,P0000157,2024-05-22,2024-05-24,Injury,OPEN,64645.07,13764.81,50880.26
CLM00000366,ALB-HOM-0000768,P0001395,2020-05-06,2020-09-03,Theft,CLOSED,80359.40,39086.39,41273.01
CLM00000367,ALB-HOM-0005177,P0000116,2022-11-29,2022-11-29,Storm,OPEN,33823.08,6752.84,27070.24
CLM00000368,ALB-CPM-0003807,P0000459,2021-04-14,2021-04-14,Theft,CLOSED,45406.02,41229.16,4176.86
CLM00000369,ALB-PET-0003601,P0002025,2024-12-23,2025-01-04,Illness,CLOSED,80906.31,65174.95,15731.36
CLM00000370,ALB-CPM-0004467,P0002067,2026-08-17,2026-08-29,Fire,CLOSED,41602.85,26273.64,15329.21
CLM00000371,ALB-HOM-0003123,P0002763,2025-11-23,2025-11-23,Accidental Damage,OPEN,14359.22,3291.16,11068.06
CLM00000372,ALB-TRV-0005100,P0000668,2024-10-05,2024-10-06,Cancellation,CLOSED,47875.15,16765.99,31109.16
CLM00000373,ALB-HOM-0000150,P0003074,2019-11-10,2019-11-11,Escape of Water,CLOSED,35208.39,28871.59,6336.80
CLM00000374,ALB-CPM-0003732,P0000460,2026-10-29,2026-10-29,Fire,CLOSED,20543.20,19687.40,855.80
CLM00000375,ALB-CLB-0004097,P0000734,2023-09-04,2023-09-04,Injury,OPEN,52944.43,11267.96,41676.47
CLM00000376,ALB-HOM-0000532,P0001870,2018-03-12,2018-03-13,Accidental Damage,REOPENED,10782.33,4476.86,6305.47
CLM00000377,ALB-CPM-0004292,P0002488,2025-10-14,2025-10-15,Theft,CLOSED,64819.60,29462.72,35356.88
CLM00000378,ALB-TRV-0000221,P0002330,2024-05-21,2024-05-21,Medical,CLOSED,74132.89,63985.44,10147.45
CLM00000379,ALB-HOM-0005105,P0002323,2019-01-25,2019-02-06,Subsidence,CLOSED,74340.02,42470.52,31869.50
CLM00000380,ALB-CLB-0005015,P0001502,2026-09-17,2026-09-29,Injury,DECLINED,35814.37,4355.03,31459.34
CLM00000381,ALB-HOM-0004804,P0000117,2026-04-09,2026-04-11,Subsidence,CLOSED,33409.27,30415.52,2993.75
CLM00000382,ALB-TRV-0003735,P0003048,2023-03-04,2023-03-16,Cancellation,OPEN,24281.84,1657.81,22624.03
CLM00000383,ALB-HOM-0001885,P0000661,2027-03-01,2027-03-01,Accidental Damage,CLOSED,77254.17,65650.08,11604.09
CLM00000384,ALB-PET-0001788,P0002064,2022-12-25,2022-12-25,Illness,OPEN,22924.79,2661.15,20263.64
CLM00000385,ALB-PET-0004339,P0000691,2025-01-12,2025-01-13,Illness,CLOSED,29291.46,20153.05,9138.41
CLM00000386,ALB-HOM-0000746,P0002802,2019-01-13,2019-01-14,Subsidence,CLOSED,43267.76,32501.70,10766.06
CLM00000387,ALB-CLB-0002468,P0002545,2026-07-27,2026-07-29,Property Damage,OPEN,17153.78,178.46,16975.32
CLM00000388,ALB-TRV-0005173,P0001247,2022-10-09,2022-10-11,Baggage,REOPENED,31974.14,14950.80,17023.34
CLM00000389,ALB-HOM-0002596,P0000300,2019-09-23,2019-09-23,Accidental Damage,CLOSED,19848.48,7685.46,12163.02
CLM00000390,ALB-CPM-0003694,P0001930,2024-03-19,2024-03-21,Theft,CLOSED,27163.44,17238.83,9924.61
CLM00000391,ALB-CLB-0001648,P0002652,2025-04-09,2025-04-09,Property Damage,CLOSED,69438.67,59975.45,9463.22
CLM00000392,ALB-CPM-0001674,P0001865,2020-06-15,2020-06-16,Flood,DECLINED,26303.79,3413.71,22890.08
CLM00000393,ALB-MOT-0002835,P0000297,2021-08-28,2021-09-02,Theft,CLOSED,79343.47,42806.29,36537.18
CLM00000394,ALB-CPM-0000670,P0000574,2027-03-12,2027-03-13,Fire,REOPENED,31828.44,12722.02,19106.42
CLM00000395,ALB-CPM-0000657,P0003056,2019-09-11,2019-09-13,Fire,CLOSED,49827.65,28571.52,21256.13
CLM00000396,ALB-CPM-0002803,P0003063,2024-02-17,2024-02-18,Fire,CLOSED,77914.58,76864.99,1049.59
CLM00000397,ALB-MOT-0005006,P0001289,2020-04-15,2020-04-17,Windscreen,CLOSED,38816.97,32826.23,5990.74
CLM00000398,ALB-HOM-0001213,P0000919,2022-04-02,2022-04-03,Theft,DECLINED,77544.55,16272.31,61272.24
CLM00000399,ALB-CPM-0002081,P0000429,2024-01-26,2024-01-31,Flood,DECLINED,24243.78,4005.48,20238.30
CLM00000400,ALB-MOT-0000724,P0000665,2024-11-25,2024-11-27,Collision,CLOSED,16578.94,13885.78,2693.16
CLM00000401,ALB-PET-0002853,P0000882,2026-10-14,2026-10-14,Injury,CLOSED,26644.77,14493.54,12151.23
CLM00000402,ALB-MOT-0003951,P0000954,2026-12-03,2026-12-05,Collision,CLOSED,16459.26,8853.42,7605.84
CLM00000403,ALB-HOM-0003649,P0000288,2019-11-28,2019-12-03,Accidental Damage,REOPENED,16752.36,14414.97,2337.39
CLM00000404,ALB-HOM-0001383,P0001176,2018-10-21,2018-10-22,Escape of Water,CLOSED,82507.81,38631.47,43876.34
CLM00000405,ALB-CLB-0002693,P0001239,2024-05-30,2024-06-04,Injury,DECLINED,55418.46,14519.64,40898.82
CLM00000406,ALB-MOT-0004442,P0001424,2025-07-10,2025-07-11,Collision,OPEN,81831.53,13134.61,68696.92
CLM00000407,ALB-HOM-0002593,P0001331,2024-12-29,2024-12-29,Subsidence,OPEN,21373.60,6822.78,14550.82
CLM00000408,ALB-CPM-0001771,P0003127,2021-08-03,2021-08-04,Theft,CLOSED,36611.47,17659.62,18951.85
CLM00000409,ALB-TRV-0000208,P0000323,2021-03-29,2021-03-29,Medical,DECLINED,1324.83,356.54,968.29
CLM00000410,ALB-TRV-0004699,P0000752,2023-08-21,2023-08-23,Medical,DECLINED,32237.86,7205.83,25032.03
CLM00000411,ALB-MOT-0001165,P0001872,2026-07-15,2026-07-16,Vandalism,CLOSED,13393.49,5749.75,7643.74
CLM00000412,ALB-TRV-0001335,P0001168,2025-01-18,2025-01-19,Cancellation,CLOSED,72568.29,63590.36,8977.93
CLM00000413,ALB-PET-0003573,P0000810,2026-10-18,2026-10-19,Injury,CLOSED,21933.00,20467.75,1465.25
CLM00000414,ALB-CPM-0003108,P0001057,2025-06-11,2025-06-11,Fire,OPEN,26675.70,4403.13,22272.57
CLM00000415,ALB-MOT-0002989,P0002461,2023-04-03,2023-08-01,Fire,CLOSED,15196.50,5514.52,9681.98
CLM00000416,ALB-CPM-0004245,P0000350,2018-11-21,2018-12-03,Theft,CLOSED,71494.76,45135.98,26358.78
CLM00000417,ALB-PET-0001067,P0002039,2027-01-04,2027-01-04,Illness,CLOSED,24024.29,11918.57,12105.72
CLM00000418,ALB-PET-0001932,P0000935,2023-03-21,2023-03-21,Injury,CLOSED,4548.16,1935.79,2612.37
CLM00000419,ALB-HOM-0004125,P0001313,2024-04-26,2024-05-01,Storm,CLOSED,79014.06,49861.75,29152.31
CLM00000420,ALB-HOM-0000928,P0002582,2027-04-11,2027-04-11,Subsidence,OPEN,18891.22,3630.66,15260.56
CLM00000421,ALB-CPM-0002198,P0001262,2021-04-16,2021-04-17,Theft,CLOSED,11246.19,9807.40,1438.79
CLM00000422,ALB-PET-0002336,P0000746,2022-11-14,2022-11-14,Illness,CLOSED,59247.64,25757.37,33490.27
CLM00000423,ALB-HOM-0001563,P0003096,2021-05-26,2021-07-10,Accidental Damage,CLOSED,24871.51,12812.85,12058.66
CLM00000424,ALB-TRV-0001511,P0001194,2026-06-25,2026-06-26,Cancellation,OPEN,60411.38,4000.30,56411.08
CLM00000425,ALB-HOM-0004530,P0000911,2023-04-30,2023-05-01,Escape of Water,DECLINED,35832.92,1784.66,34048.26
CLM00000426,ALB-TRV-0002842,P0000506,2023-11-11,2023-11-11,Cancellation,OPEN,79445.49,27934.16,51511.33
CLM00000427,ALB-HOM-0002780,P0002459,2023-09-12,2023-09-17,Accidental Damage,CLOSED,62077.51,30129.73,31947.78
CLM00000428,ALB-TRV-0003690,P0000264,2026-11-16,2026-11-18,Medical,CLOSED,52949.63,46893.24,6056.39
CLM00000429,ALB-MOT-0000933,P0001452,2027-02-23,2027-02-23,Theft,CLOSED,48340.74,34995.01,13345.73
CLM00000430,ALB-CPM-0004228,P0003132,2024-10-14,2024-10-26,Flood,CLOSED,47745.78,39645.07,8100.71
CLM00000431,ALB-PET-0005071,P0002798,2021-02-23,2021-02-24,Injury,CLOSED,70803.11,25876.65,44926.46
CLM00000432,ALB-MOT-0002703,P0000176,2026-05-03,2026-05-04,Vandalism,CLOSED,72000.42,36397.53,35602.89
CLM00000433,ALB-TRV-0001550,P0001954,2020-04-17,2020-04-22,Cancellation,OPEN,29907.45,7316.18,22591.27
CLM00000434,ALB-PET-0001678,P0000998,2024-05-17,2024-05-17,Injury,CLOSED,10684.35,4770.89,5913.46
CLM00000435,ALB-PET-0003869,P0002499,2019-12-30,2019-12-30,Injury,OPEN,70854.35,7024.25,63830.10
CLM00000436,ALB-MOT-0005014,P0002459,2023-03-29,2023-04-10,Theft,CLOSED,77715.54,46986.11,30729.43
CLM00000437,ALB-CLB-0002578,P0002875,2024-02-17,2024-02-17,Injury,OPEN,10823.60,1625.57,9198.03
CLM00000438,ALB-HOM-0000941,P0002293,2021-02-10,2021-02-11,Storm,CLOSED,77777.91,60743.34,17034.57
CLM00000439,ALB-CLB-0001375,P0000336,2022-09-03,2022-09-03,Injury,CLOSED,75282.60,42678.19,32604.41
CLM00000440,ALB-PET-0001252,P0002259,2025-08-20,2025-08-25,Injury,CLOSED,30113.39,13092.15,17021.24
CLM00000441,ALB-TRV-0005180,P0000345,2021-12-28,2021-12-28,Baggage,CLOSED,55115.96,33776.93,21339.03
CLM00000442,ALB-TRV-0004687,P0000404,2019-01-09,2019-01-09,Medical,OPEN,75180.65,5846.39,69334.26
CLM00000443,ALB-HOM-0002994,P0000983,2019-02-03,2019-02-08,Subsidence,OPEN,8520.27,2028.34,6491.93
CLM00000444,ALB-MOT-0001778,P0002592,2027-10-23,2027-10-24,Windscreen,CLOSED,7260.74,5543.00,1717.74
CLM00000445,ALB-MOT-0002744,P0001819,2019-02-18,2019-02-18,Theft,CLOSED,63161.71,27789.71,35372.00
CLM00000446,ALB-CLB-0003532,P0001214,2024-01-15,2024-01-15,Property Damage,OPEN,67396.55,21001.82,46394.73
CLM00000447,ALB-PET-0002226,P0001323,2021-07-16,2021-07-18,Illness,CLOSED,9225.21,8765.00,460.21
CLM00000448,ALB-CLB-0003384,P0000064,2020-05-10,2020-05-12,Injury,DECLINED,4521.74,315.39,4206.35
CLM00000449,ALB-CPM-0000502,P0002604,2026-12-23,2026-12-25,Flood,CLOSED,27967.65,15614.20,12353.45
CLM00000450,ALB-HOM-0000109,P0002700,2023-07-11,2023-07-23,Subsidence,OPEN,57716.66,9231.16,48485.50
CLM00000451,ALB-MOT-0004862,P0000221,2018-09-22,2018-09-22,Vandalism,CLOSED,78751.58,33488.79,45262.79
CLM00000452,ALB-HOM-0003548,P0002482,2021-07-31,2021-07-31,Escape of Water,OPEN,44427.64,918.10,43509.54
CLM00000453,ALB-MOT-0000929,P0002859,2018-05-28,2018-05-28,Vandalism,OPEN,79267.94,4425.27,74842.67
CLM00000454,ALB-CLB-0002395,P0000835,2022-03-28,2022-03-28,Property Damage,OPEN,81815.72,3054.30,78761.42
CLM00000455,ALB-CLB-0000728,P0002569,2021-06-15,2021-06-27,Injury,CLOSED,67010.36,31763.95,35246.41
CLM00000456,ALB-HOM-0000383,P0002196,2023-04-23,2023-04-23,Accidental Damage,OPEN,58369.22,10436.69,47932.53
CLM00000457,ALB-TRV-0002187,P0001354,2020-05-15,2020-05-17,Cancellation,CLOSED,39428.79,36628.35,2800.44
CLM00000458,ALB-MOT-0004577,P0000368,2020-04-02,2020-04-04,Theft,CLOSED,43241.02,23943.87,19297.15
CLM00000459,ALB-CPM-0004131,P0002882,2026-03-21,2026-03-21,Flood,CLOSED,48809.41,29273.05,19536.36
CLM00000460,ALB-PET-0003118,P0001006,2025-08-31,2025-09-05,Illness,OPEN,22595.46,8696.87,13898.59
CLM00000461,ALB-HOM-0004149,P0001935,2020-05-13,2020-09-10,Storm,CLOSED,15081.92,13314.84,1767.08
CLM00000462,ALB-MOT-0003274,P0000798,2023-06-27,2023-06-29,Fire,CLOSED,15257.94,13205.22,2052.72
CLM00000463,ALB-PET-0002811,P0001109,2020-05-28,2020-06-09,Injury,CLOSED,70934.52,36825.13,34109.39
CLM00000464,ALB-HOM-0003587,P0003168,2026-11-28,2026-11-29,Escape of Water,CLOSED,34270.00,19418.20,14851.80
CLM00000465,ALB-PET-0000526,P0002928,2022-11-07,2022-11-08,Illness,CLOSED,60455.34,32400.65,28054.69
CLM00000466,ALB-PET-0002160,P0000253,2027-04-26,2027-04-27,Illness,CLOSED,11514.87,11226.19,288.68
CLM00000467,ALB-MOT-0003436,P0001557,2025-10-26,2025-10-26,Collision,CLOSED,19787.52,18103.68,1683.84
CLM00000468,ALB-PET-0004126,P0002468,2025-08-10,2025-08-11,Illness,OPEN,10033.14,2536.67,7496.47
CLM00000469,ALB-MOT-0002254,P0000789,2024-06-25,2024-06-25,Theft,CLOSED,76126.01,75068.27,1057.74
CLM00000470,ALB-CLB-0004028,P0000572,2023-05-23,2023-05-28,Injury,CLOSED,54212.43,45052.19,9160.24
CLM00000471,ALB-TRV-0001488,P0001261,2023-05-11,2023-05-13,Cancellation,CLOSED,58946.74,53580.30,5366.44
CLM00000472,ALB-PET-0004847,P0002739,2025-10-02,2025-10-04,Illness,CLOSED,30241.48,25347.15,4894.33
CLM00000473,ALB-CPM-0003248,P0001536,2023-07-04,2023-07-04,Flood,CLOSED,10818.27,9487.70,1330.57
CLM00000474,ALB-CLB-0001829,P0000819,2020-05-06,2020-05-07,Property Damage,CLOSED,25385.46,21790.53,3594.93
CLM00000475,ALB-PET-0000009,P0003029,2024-08-20,2024-08-20,Illness,CLOSED,33759.53,14319.02,19440.51
CLM00000476,ALB-PET-0004462,P0001944,2020-06-12,2020-06-24,Injury,DECLINED,48324.66,13162.04,35162.62
CLM00000477,ALB-PET-0001020,P0000688,2025-02-04,2025-03-21,Illness,CLOSED,38860.78,32517.25,6343.53
CLM00000478,ALB-MOT-0001054,P0003100,2020-10-26,2020-10-26,Vandalism,CLOSED,71095.50,62913.39,8182.11
CLM00000479,ALB-CPM-0000671,P0000462,2021-04-23,2021-04-24,Flood,REOPENED,30956.14,12876.45,18079.69
CLM00000480,ALB-PET-0004749,P0002003,2021-02-19,2021-03-03,Illness,CLOSED,52073.98,21107.85,30966.13
CLM00000481,ALB-HOM-0003689,P0000029,2022-01-14,2022-01-16,Fire,CLOSED,45689.22,28068.64,17620.58
CLM00000482,ALB-MOT-0001989,P0000341,2021-03-29,2021-03-29,Collision,CLOSED,15349.04,6468.16,8880.88
CLM00000483,ALB-CPM-0003956,P0002095,2026-04-30,2026-04-30,Fire,CLOSED,26044.03,13290.84,12753.19
CLM00000484,ALB-HOM-0001003,P0000031,2020-09-26,2020-09-28,Escape of Water,OPEN,69187.19,20916.04,48271.15
CLM00000485,ALB-CLB-0001190,P0001941,2026-06-22,2026-06-22,Property Damage,DECLINED,63600.56,12960.28,50640.28
CLM00000486,ALB-CLB-0003113,P0001544,2025-09-27,2025-09-29,Injury,OPEN,84165.60,18340.14,65825.46
CLM00000487,ALB-CPM-0001733,P0001167,2022-01-15,2022-01-15,Fire,CLOSED,35809.36,15053.74,20755.62
CLM00000488,ALB-TRV-0003935,P0002240,2019-11-21,2019-11-22,Baggage,CLOSED,59979.13,34655.51,25323.62
CLM00000489,ALB-CLB-0003593,P0000497,2024-10-07,2024-10-08,Property Damage,REOPENED,34076.60,26951.38,7125.22
CLM00000490,ALB-HOM-0001508,P0001890,2019-04-06,2019-04-18,Storm,REOPENED,81974.30,76714.65,5259.65
CLM00000491,ALB-TRV-0003934,P0002173,2024-07-09,2024-07-11,Baggage,CLOSED,60408.30,22329.76,38078.54
CLM00000492,ALB-TRV-0001652,P0002430,2023-06-21,2023-06-22,Cancellation,CLOSED,78193.36,41502.65,36690.71
CLM00000493,ALB-CPM-0000095,P0000282,2023-07-11,2023-07-13,Fire,OPEN,57518.72,13134.46,44384.26
CLM00000494,ALB-TRV-0000842,P0001741,2020-01-27,2020-01-29,Cancellation,CLOSED,50363.58,29485.14,20878.44
CLM00000495,ALB-CPM-0002396,P0003144,2027-06-23,2027-06-28,Fire,CLOSED,33083.99,19016.94,14067.05
CLM00000496,ALB-HOM-0004867,P0002001,2022-03-03,2022-07-01,Subsidence,CLOSED,40118.96,36165.98,3952.98
CLM00000497,ALB-TRV-0004266,P0000154,2022-10-26,2022-10-27,Medical,OPEN,49309.48,4093.20,45216.28
CLM00000498,ALB-HOM-0002983,P0002324,2026-07-08,2026-07-09,Theft,OPEN,10071.24,2576.86,7494.38
CLM00000499,ALB-CPM-0000234,P0002600,2023-11-14,2023-11-15,Theft,CLOSED,4283.95,1319.03,2964.92
CLM00000500,ALB-CPM-0004065,P0000676,2024-10-30,2024-11-01,Fire,CLOSED,51013.63,20956.83,30056.80
CLM00000501,ALB-HOM-0000330,P0002354,2024-01-31,2024-02-02,Escape of Water,CLOSED,68076.11,21436.21,46639.90
CLM00000502,ALB-TRV-0004208,P0001654,2026-05-14,2026-05-14,Baggage,CLOSED,34906.09,22649.93,12256.16
CLM00000503,ALB-MOT-0002809,P0001217,2018-11-04,2018-11-04,Fire,CLOSED,61396.07,18805.22,42590.85
CLM00000504,ALB-HOM-0000678,P0001538,2025-03-18,2025-03-18,Accidental Damage,CLOSED,16615.26,12244.18,4371.08
CLM00000505,ALB-PET-0004819,P0000033,2025-11-20,2025-11-22,Injury,CLOSED,48457.19,24617.55,23839.64
CLM00000506,ALB-CLB-0003312,P0002408,2024-09-13,2024-09-14,Injury,OPEN,49547.03,16188.63,33358.40
CLM00000507,ALB-PET-0003636,P0001382,2027-09-13,2027-09-13,Illness,CLOSED,27359.31,16539.45,10819.86
CLM00000508,ALB-CLB-0002786,P0000272,2022-11-08,2022-11-10,Property Damage,CLOSED,17155.94,12783.24,4372.70
CLM00000509,ALB-PET-0000651,P0000414,2023-03-19,2023-03-21,Injury,CLOSED,9766.96,7118.61,2648.35
CLM00000510,ALB-MOT-0003273,P0001352,2024-03-15,2024-03-15,Fire,DECLINED,30070.21,7497.25,22572.96
CLM00000511,ALB-CLB-0000637,P0002834,2027-05-17,2027-05-18,Property Damage,DECLINED,64840.14,23314.81,41525.33
CLM00000512,ALB-CPM-0000253,P0002484,2024-09-24,2024-09-24,Fire,CLOSED,38631.39,16841.47,21789.92
CLM00000513,ALB-PET-0001045,P0000562,2025-11-17,2025-11-22,Injury,OPEN,68311.20,11777.75,56533.45
CLM00000514,ALB-TRV-0003969,P0002981,2021-07-13,2021-07-25,Cancellation,CLOSED,83630.57,68475.04,15155.53
CLM00000515,ALB-PET-0003613,P0000502,2026-08-29,2026-08-30,Illness,CLOSED,36931.04,20291.61,16639.43
CLM00000516,ALB-PET-0004585,P0000841,2021-11-19,2021-11-24,Injury,CLOSED,12557.17,9398.97,3158.20
CLM00000517,ALB-MOT-0004161,P0002583,2022-08-03,2022-08-03,Fire,DECLINED,65439.97,4592.87,60847.10
CLM00000518,ALB-HOM-0002790,P0001822,2020-01-09,2020-01-11,Theft,REOPENED,84003.35,73595.53,10407.82
CLM00000519,ALB-CPM-0001982,P0000578,2026-03-05,2026-03-07,Flood,CLOSED,82005.85,64201.13,17804.72
CLM00000520,ALB-CLB-0001801,P0003102,2021-02-13,2021-02-15,Property Damage,REOPENED,17533.47,14900.47,2633.00
CLM00000521,ALB-CPM-0004721,P0000970,2025-08-03,2025-08-03,Flood,OPEN,65023.96,20646.18,44377.78
CLM00000522,ALB-PET-0000744,P0000778,2026-01-24,2026-01-24,Illness,OPEN,47645.92,12435.76,35210.16
CLM00000523,ALB-HOM-0001642,P0002222,2023-02-05,2023-02-06,Fire,CLOSED,12313.75,5465.53,6848.22
CLM00000524,ALB-TRV-0004212,P0002765,2027-11-04,2027-11-06,Cancellation,OPEN,33185.64,2087.03,31098.61
CLM00000525,ALB-MOT-0000698,P0001422,2022-06-29,2022-07-11,Collision,CLOSED,25964.58,20584.12,5380.46
CLM00000526,ALB-MOT-0000357,P0001347,2019-01-06,2019-01-11,Windscreen,OPEN,37747.32,6024.19,31723.13
CLM00000527,ALB-CPM-0003937,P0001467,2019-01-03,2019-01-03,Theft,CLOSED,28702.60,17612.18,11090.42
CLM00000528,ALB-HOM-0004502,P0003104,2027-05-06,2027-05-07,Subsidence,CLOSED,83080.01,33240.05,49839.96
CLM00000529,ALB-HOM-0001171,P0000445,2027-02-12,2027-02-13,Accidental Damage,OPEN,31133.54,8815.14,22318.40
CLM00000530,ALB-PET-0004197,P0000680,2020-04-11,2020-04-11,Illness,OPEN,19276.12,6537.69,12738.43
CLM00000531,ALB-CPM-0001991,P0001626,2023-05-09,2023-05-09,Theft,OPEN,77653.03,17066.52,60586.51
CLM00000532,ALB-MOT-0003381,P0001751,2020-02-04,2020-02-05,Windscreen,OPEN,50132.73,18929.17,31203.56
CLM00000533,ALB-CLB-0003721,P0000135,2024-03-14,2024-03-14,Property Damage,CLOSED,73697.80,61505.45,12192.35
CLM00000534,ALB-MOT-0003421,P0002189,2019-04-11,2019-04-13,Fire,OPEN,37528.29,5531.87,31996.42
CLM00000535,ALB-CPM-0000916,P0001373,2022-02-20,2022-02-22,Theft,CLOSED,25525.24,9804.88,15720.36
CLM00000536,ALB-PET-0001140,P0001330,2019-12-27,2019-12-29,Illness,CLOSED,68787.22,22185.97,46601.25
CLM00000537,ALB-PET-0000073,P0001702,2024-09-13,2024-09-14,Injury,CLOSED,52192.33,35958.37,16233.96
CLM00000538,ALB-PET-0004026,P0002793,2023-04-09,2023-04-09,Injury,OPEN,15863.61,2542.21,13321.40
CLM00000539,ALB-TRV-0002962,P0000026,2026-12-16,2026-12-16,Cancellation,DECLINED,44791.83,4147.38,40644.45
CLM00000540,ALB-HOM-0004663,P0002589,2023-07-04,2023-11-01,Theft,CLOSED,54385.61,18086.34,36299.27
CLM00000541,ALB-HOM-0000135,P0001972,2027-06-18,2027-06-18,Storm,CLOSED,11910.40,8260.92,3649.48
CLM00000542,ALB-CPM-0001585,P0002099,2026-06-08,2026-06-08,Theft,CLOSED,45137.98,20354.42,24783.56
CLM00000543,ALB-CPM-0001302,P0002147,2020-05-28,2020-05-30,Flood,REOPENED,37984.53,32899.23,5085.30
CLM00000544,ALB-CLB-0000859,P0003026,2024-07-07,2024-07-08,Injury,OPEN,46441.92,4816.89,41625.03
CLM00000545,ALB-CPM-0002216,P0002612,2021-10-19,2021-10-19,Fire,OPEN,19366.13,1712.89,17653.24
CLM00000546,ALB-PET-0000926,P0001986,2022-06-27,2022-06-28,Injury,CLOSED,25191.86,12015.93,13175.93
CLM00000547,ALB-MOT-0004506,P0001822,2024-09-11,2024-09-13,Vandalism,CLOSED,26915.33,19612.93,7302.40
CLM00000548,ALB-TRV-0000689,P0000530,2020-03-08,2020-03-09,Medical,CLOSED,15485.60,9396.34,6089.26
CLM00000549,ALB-MOT-0004438,P0002519,2023-09-30,2023-10-02,Vandalism,CLOSED,63563.05,48910.61,14652.44
CLM00000550,ALB-TRV-0002419,P0002368,2021-06-29,2021-07-01,Cancellation,CLOSED,43687.33,37022.50,6664.83
CLM00000551,ALB-CLB-0001875,P0001485,2021-12-14,2021-12-15,Property Damage,CLOSED,5132.46,4432.31,700.15
CLM00000552,ALB-MOT-0005047,P0002242,2020-11-23,2020-11-24,Collision,CLOSED,72501.57,53059.46,19442.11
CLM00000553,ALB-PET-0000418,P0001699,2019-07-15,2019-07-16,Injury,CLOSED,64496.10,35207.70,29288.40
CLM00000554,ALB-CLB-0000769,P0002971,2023-05-04,2023-05-16,Property Damage,OPEN,38457.66,10831.80,27625.86
CLM00000555,ALB-TRV-0004046,P0000320,2024-05-27,2024-05-29,Cancellation,CLOSED,16530.52,5472.54,11057.98
CLM00000556,ALB-HOM-0002326,P0000961,2020-12-01,2020-12-13,Escape of Water,CLOSED,35249.74,16555.80,18693.94
CLM00000557,ALB-TRV-0000184,P0000676,2023-08-12,2023-08-24,Medical,OPEN,15024.37,4914.97,10109.40
CLM00000558,ALB-MOT-0002001,P0000077,2023-12-14,2023-12-16,Collision,OPEN,59371.95,18355.15,41016.80
CLM00000559,ALB-CPM-0003631,P0000202,2020-07-22,2020-07-23,Theft,CLOSED,25037.03,24294.42,742.61
CLM00000560,ALB-PET-0001509,P0000757,2021-03-12,2021-03-12,Illness,OPEN,23980.12,4093.72,19886.40
CLM00000561,ALB-TRV-0001524,P0001382,2024-06-02,2024-06-02,Medical,DECLINED,23798.15,4153.89,19644.26
CLM00000562,ALB-CLB-0002019,P0000951,2022-09-30,2022-10-02,Injury,OPEN,46599.39,15808.04,30791.35
CLM00000563,ALB-HOM-0002278,P0001024,2019-10-16,2019-10-16,Escape of Water,CLOSED,16595.85,16359.08,236.77
CLM00000564,ALB-TRV-0001418,P0002583,2023-11-25,2023-11-27,Baggage,CLOSED,50096.47,47239.17,2857.30
CLM00000565,ALB-MOT-0000749,P0002812,2026-10-09,2026-10-11,Collision,CLOSED,4153.02,3083.83,1069.19
CLM00000566,ALB-PET-0002616,P0001153,2021-01-26,2021-01-27,Illness,CLOSED,69099.95,66926.39,2173.56
CLM00000567,ALB-TRV-0004814,P0000344,2027-04-18,2027-04-19,Baggage,CLOSED,73418.29,68243.44,5174.85
CLM00000568,ALB-CPM-0004757,P0000265,2024-06-17,2024-06-22,Fire,OPEN,40178.25,12778.17,27400.08
CLM00000569,ALB-TRV-0004448,P0001018,2020-09-07,2020-09-08,Cancellation,CLOSED,31073.76,23578.77,7494.99
CLM00000570,ALB-CLB-0000273,P0002005,2019-01-18,2019-01-23,Injury,CLOSED,39403.46,26003.81,13399.65
CLM00000571,ALB-CPM-0004828,P0000548,2023-03-14,2023-03-14,Flood,OPEN,65443.88,4385.53,61058.35
CLM00000572,ALB-HOM-0003739,P0002140,2021-05-29,2021-05-31,Escape of Water,CLOSED,53814.36,30982.03,22832.33
CLM00000573,ALB-MOT-0001058,P0000321,2020-11-21,2020-11-21,Fire,CLOSED,77745.10,70024.52,7720.58
CLM00000574,ALB-CPM-0001151,P0001837,2026-02-23,2026-02-23,Flood,CLOSED,53758.66,25229.37,28529.29
CLM00000575,ALB-PET-0001717,P0001273,2026-02-24,2026-03-01,Illness,CLOSED,64843.75,23399.78,41443.97
CLM00000576,ALB-PET-0005050,P0002739,2020-10-04,2020-10-04,Illness,OPEN,58456.52,4693.10,53763.42
CLM00000577,ALB-CLB-0002865,P0001812,2021-03-15,2021-03-16,Injury,CLOSED,61209.80,54808.83,6400.97
CLM00000578,ALB-MOT-0003641,P0001027,2026-06-15,2026-06-16,Vandalism,OPEN,4623.48,1838.26,2785.22
CLM00000579,ALB-CPM-0004311,P0000805,2023-04-24,2023-04-25,Theft,OPEN,16266.08,4149.26,12116.82
CLM00000580,ALB-CLB-0000850,P0000384,2026-10-20,2026-10-22,Injury,OPEN,77594.74,14092.73,63502.01
CLM00000581,ALB-CLB-0002321,P0001135,2021-12-22,2021-12-22,Property Damage,OPEN,31839.65,8047.30,23792.35
CLM00000582,ALB-CLB-0003546,P0002081,2020-07-28,2020-09-11,Injury,CLOSED,49055.62,43430.53,5625.09
CLM00000583,ALB-TRV-0004587,P0001391,2026-04-28,2026-05-03,Cancellation,CLOSED,54250.54,36242.41,18008.13
CLM00000584,ALB-MOT-0002766,P0000058,2021-01-04,2021-01-06,Fire,REOPENED,3717.60,2339.59,1378.01
CLM00000585,ALB-CLB-0004680,P0002027,2025-05-11,2025-05-12,Property Damage,CLOSED,84230.66,37354.50,46876.16
CLM00000586,ALB-HOM-0002097,P0002378,2024-08-04,2024-08-05,Accidental Damage,CLOSED,34157.15,11866.01,22291.14
CLM00000587,ALB-PET-0001515,P0001344,2023-10-09,2023-10-10,Injury,OPEN,1263.55,396.17,867.38
CLM00000588,ALB-TRV-0001264,P0000312,2024-11-18,2024-11-23,Cancellation,CLOSED,57593.67,46386.48,11207.19
CLM00000589,ALB-TRV-0003497,P0000680,2022-07-28,2022-07-28,Baggage,REOPENED,76663.46,61496.69,15166.77
CLM00000590,ALB-CLB-0000503,P0002470,2024-07-12,2024-07-12,Injury,CLOSED,11659.67,8167.13,3492.54
CLM00000591,ALB-MOT-0002062,P0001632,2019-09-23,2019-09-25,Vandalism,CLOSED,61019.99,37332.64,23687.35
CLM00000592,ALB-MOT-0001427,P0001522,2019-06-29,2019-06-30,Collision,OPEN,12791.76,4662.24,8129.52
CLM00000593,ALB-HOM-0000893,P0002856,2018-10-12,2018-10-17,Subsidence,CLOSED,79987.86,26508.04,53479.82
CLM00000594,ALB-TRV-0003950,P0002648,2024-07-21,2024-08-02,Medical,CLOSED,14863.68,9480.96,5382.72
CLM00000595,ALB-CPM-0004761,P0001858,2026-05-31,2026-06-01,Fire,CLOSED,15014.39,12743.81,2270.58
CLM00000596,ALB-MOT-0004662,P0000443,2019-03-22,2019-03-24,Theft,CLOSED,20811.95,6990.22,13821.73
CLM00000597,ALB-MOT-0005154,P0002148,2018-03-28,2018-03-30,Fire,CLOSED,48401.49,46327.41,2074.08
CLM00000598,ALB-CPM-0000298,P0001146,2026-08-16,2026-08-28,Theft,CLOSED,22023.59,9145.31,12878.28
CLM00000599,ALB-CLB-0000775,P0000330,2021-11-01,2021-11-03,Injury,DECLINED,19616.90,5838.76,13778.14
CLM00000600,ALB-CPM-0002087,P0001125,2019-08-20,2019-08-20,Theft,CLOSED,50592.30,42806.89,7785.41
CLM00000601,ALB-PET-0004884,P0000969,2023-11-25,2023-11-26,Illness,CLOSED,63019.44,24501.87,38517.57
CLM00000602,ALB-CLB-0005053,P0003050,2019-09-01,2019-09-06,Injury,CLOSED,15435.93,10082.71,5353.22
CLM00000603,ALB-CPM-0000815,P0000762,2021-07-25,2021-07-25,Flood,CLOSED,9949.60,8372.46,1577.14
CLM00000604,ALB-CLB-0001214,P0003157,2027-06-09,2027-06-10,Property Damage,CLOSED,71104.68,32582.85,38521.83
CLM00000605,ALB-TRV-0004832,P0001779,2024-03-02,2024-03-03,Cancellation,DECLINED,19757.77,7459.17,12298.60
CLM00000606,ALB-HOM-0000771,P0002801,2021-11-20,2021-11-21,Fire,CLOSED,69972.34,37118.14,32854.20
CLM00000607,ALB-MOT-0001925,P0001940,2022-05-19,2022-05-31,Fire,OPEN,6599.22,2128.74,4470.48
CLM00000608,ALB-CPM-0000206,P0002839,2023-09-16,2023-09-21,Fire,CLOSED,77426.15,51880.00,25546.15
CLM00000609,ALB-MOT-0002718,P0001309,2019-02-18,2019-02-18,Fire,DECLINED,71842.72,16683.63,55159.09
CLM00000610,ALB-CPM-0001591,P0001211,2021-10-27,2021-10-27,Fire,CLOSED,50082.05,36905.05,13177.00
CLM00000611,ALB-PET-0004753,P0001083,2019-06-19,2019-07-01,Illness,OPEN,21547.97,2084.03,19463.94
CLM00000612,ALB-CPM-0001060,P0001023,2020-10-16,2020-10-17,Flood,OPEN,52760.23,19789.98,32970.25
CLM00000613,ALB-CPM-0003530,P0001803,2025-10-18,2025-10-20,Theft,REOPENED,65962.78,59658.25,6304.53
CLM00000614,ALB-CPM-0000579,P0001413,2026-10-06,2026-10-08,Fire,CLOSED,53139.39,30967.45,22171.94
CLM00000615,ALB-TRV-0003589,P0002243,2025-12-01,2025-12-02,Medical,CLOSED,9660.22,6961.44,2698.78
CLM00000616,ALB-MOT-0004081,P0000639,2027-04-10,2027-04-10,Theft,OPEN,63119.62,13477.84,49641.78
CLM00000617,ALB-PET-0000675,P0001275,2026-10-27,2026-10-29,Illness,CLOSED,55012.97,47244.57,7768.40
CLM00000618,ALB-PET-0001898,P0000981,2025-07-31,2025-07-31,Illness,CLOSED,1252.02,531.56,720.46
CLM00000619,ALB-CPM-0002682,P0001602,2018-03-09,2018-03-09,Flood,OPEN,5825.91,1798.99,4026.92
CLM00000620,ALB-TRV-0001688,P0002657,2023-06-09,2023-06-14,Baggage,CLOSED,58965.65,36805.88,22159.77
CLM00000621,ALB-MOT-0004256,P0000827,2024-10-30,2024-10-30,Vandalism,CLOSED,78409.42,66676.06,11733.36
CLM00000622,ALB-CLB-0000461,P0002517,2019-11-24,2019-11-26,Injury,OPEN,30938.44,10540.33,20398.11
CLM00000623,ALB-CLB-0003187,P0001547,2020-08-01,2020-08-02,Injury,OPEN,71236.96,23487.62,47749.34
CLM00000624,ALB-TRV-0002881,P0001479,2019-07-20,2019-07-25,Baggage,OPEN,70077.13,7078.41,62998.72
CLM00000625,ALB-TRV-0002387,P0000999,2026-01-20,2026-01-20,Baggage,CLOSED,10601.09,10187.37,413.72
CLM00000626,ALB-HOM-0003201,P0001126,2025-10-23,2025-10-25,Accidental Damage,CLOSED,57560.71,26197.35,31363.36
CLM00000627,ALB-CPM-0004876,P0001959,2021-02-10,2021-02-11,Flood,CLOSED,24406.75,10000.83,14405.92
CLM00000628,ALB-PET-0001238,P0000042,2027-01-27,2027-01-28,Injury,OPEN,60556.81,17823.11,42733.70
CLM00000629,ALB-PET-0001275,P0000930,2019-04-09,2019-04-09,Injury,REOPENED,50257.47,21241.35,29016.12
CLM00000630,ALB-TRV-0002467,P0000095,2021-03-16,2021-03-16,Medical,OPEN,38447.65,8630.78,29816.87
CLM00000631,ALB-CPM-0000066,P0001101,2026-09-02,2026-09-02,Theft,OPEN,72474.23,16821.15,55653.08
CLM00000632,ALB-CPM-0002653,P0003080,2026-12-04,2026-12-05,Flood,CLOSED,21950.22,8310.59,13639.63
CLM00000633,ALB-HOM-0004648,P0001433,2025-03-02,2025-03-04,Escape of Water,CLOSED,13176.88,7794.61,5382.27
CLM00000634,ALB-PET-0003630,P0001387,2023-03-05,2023-03-06,Illness,DECLINED,56209.44,20331.21,35878.23
CLM00000635,ALB-TRV-0001974,P0001174,2019-12-08,2019-12-13,Medical,REOPENED,63746.82,36801.97,26944.85
CLM00000636,ALB-HOM-0003459,P0002464,2023-12-13,2023-12-13,Theft,REOPENED,47495.56,41552.61,5942.95
CLM00000637,ALB-MOT-0002908,P0002946,2025-01-22,2025-01-22,Theft,OPEN,69793.19,5863.40,63929.79
CLM00000638,ALB-CLB-0003218,P0002102,2024-02-11,2024-02-23,Injury,OPEN,82167.43,6805.65,75361.78
CLM00000639,ALB-CPM-0000653,P0000322,2025-09-18,2025-09-23,Theft,CLOSED,45243.33,16147.04,29096.29
CLM00000640,ALB-CLB-0000679,P0002703,2025-06-14,2025-06-14,Property Damage,OPEN,48952.68,13987.55,34965.13
CLM00000641,ALB-MOT-0004210,P0002172,2023-09-06,2023-09-07,Theft,CLOSED,15206.09,11472.79,3733.30
CLM00000642,ALB-CPM-0003707,P0000575,2022-06-05,2022-06-10,Flood,CLOSED,20563.99,7501.81,13062.18
CLM00000643,ALB-PET-0002118,P0001234,2025-07-16,2025-07-17,Illness,CLOSED,70054.27,50255.74,19798.53
CLM00000644,ALB-MOT-0000416,P0001299,2027-12-07,2027-12-08,Collision,CLOSED,29038.10,25650.53,3387.57
CLM00000645,ALB-CPM-0003923,P0001900,2019-04-10,2019-04-22,Fire,CLOSED,51928.99,31898.37,20030.62
CLM00000646,ALB-TRV-0002128,P0000795,2020-02-03,2020-02-05,Baggage,DECLINED,77145.66,12682.41,64463.25
CLM00000647,ALB-CLB-0000594,P0001625,2025-08-27,2025-08-29,Injury,CLOSED,39619.93,26147.08,13472.85
CLM00000648,ALB-CPM-0000976,P0001673,2024-01-12,2024-01-12,Flood,CLOSED,17519.73,9411.70,8108.03
CLM00000649,ALB-CLB-0004605,P0002581,2019-10-15,2019-10-15,Property Damage,OPEN,39979.24,10912.50,29066.74
CLM00000650,ALB-PET-0004883,P0002822,2021-06-16,2021-06-21,Injury,CLOSED,42810.77,31302.86,11507.91
CLM00000651,ALB-CPM-0001623,P0000294,2023-11-18,2023-11-19,Theft,OPEN,32758.13,5394.44,27363.69
CLM00000652,ALB-HOM-0000236,P0000434,2022-06-17,2022-06-18,Accidental Damage,CLOSED,7592.33,7098.03,494.30
CLM00000653,ALB-TRV-0001019,P0001995,2018-08-15,2018-08-15,Medical,CLOSED,79836.75,56878.37,22958.38
CLM00000654,ALB-CLB-0002907,P0002544,2024-01-15,2024-01-17,Property Damage,OPEN,18658.89,5942.81,12716.08
CLM00000655,ALB-CPM-0003599,P0002912,2022-11-14,2022-11-14,Theft,REOPENED,50492.13,42202.88,8289.25
CLM00000656,ALB-HOM-0001571,P0002606,2023-09-06,2023-09-11,Fire,CLOSED,12760.34,5616.10,7144.24
CLM00000657,ALB-HOM-0003277,P0000860,2025-03-14,2025-03-14,Escape of Water,CLOSED,15476.00,12630.40,2845.60
CLM00000658,ALB-TRV-0002381,P0000916,2025-07-24,2025-07-24,Cancellation,OPEN,60793.75,19633.38,41160.37
CLM00000659,ALB-HOM-0001869,P0002648,2020-02-11,2020-03-27,Subsidence,CLOSED,83789.29,82916.41,872.88
CLM00000660,ALB-CPM-0002676,P0001962,2025-09-22,2025-09-22,Fire,CLOSED,4485.23,4033.46,451.77
CLM00000661,ALB-PET-0000229,P0001888,2024-08-11,2024-12-09,Injury,DECLINED,14452.27,2264.31,12187.96
CLM00000662,ALB-CPM-0003846,P0000412,2026-06-03,2026-06-03,Fire,OPEN,69795.34,13764.27,56031.07
CLM00000663,ALB-PET-0004745,P0002901,2020-07-05,2020-07-06,Illness,CLOSED,23243.48,22438.38,805.10
CLM00000664,ALB-PET-0000931,P0001052,2026-03-15,2026-03-15,Injury,CLOSED,62955.04,54056.31,8898.73
CLM00000665,ALB-TRV-0001295,P0002339,2020-12-25,2020-12-26,Cancellation,OPEN,41133.11,10824.90,30308.21
CLM00000666,ALB-MOT-0003069,P0001937,2024-02-05,2024-02-05,Vandalism,OPEN,21511.32,5509.13,16002.19
CLM00000667,ALB-CLB-0000024,P0000007,2019-12-22,2020-01-03,Property Damage,CLOSED,35394.62,27940.12,7454.50
CLM00000668,ALB-MOT-0002900,P0000742,2026-10-08,2026-10-08,Theft,DECLINED,30479.85,3218.13,27261.72
CLM00000669,ALB-CLB-0000334,P0001790,2023-04-07,2023-04-07,Property Damage,CLOSED,76054.12,55427.81,20626.31
CLM00000670,ALB-MOT-0004252,P0000517,2021-02-08,2021-02-09,Collision,CLOSED,6054.12,4734.82,1319.30
CLM00000671,ALB-MOT-0004625,P0001498,2026-08-24,2026-08-24,Fire,DECLINED,48666.77,2787.59,45879.18
CLM00000672,ALB-PET-0003196,P0001829,2024-07-20,2024-07-22,Injury,REOPENED,53265.88,28375.80,24890.08
CLM00000673,ALB-HOM-0000646,P0001156,2026-10-23,2026-10-23,Fire,OPEN,12648.29,4797.43,7850.86
CLM00000674,ALB-MOT-0000059,P0001129,2020-06-08,2020-07-23,Theft,CLOSED,21954.66,20551.46,1403.20
CLM00000675,ALB-PET-0000876,P0002869,2023-03-04,2023-03-04,Illness,CLOSED,20638.32,12086.92,8551.40
CLM00000676,ALB-CPM-0003542,P0000869,2018-12-03,2018-12-03,Flood,CLOSED,62849.61,25066.09,37783.52
CLM00000677,ALB-CPM-0002960,P0001819,2021-05-19,2021-05-19,Theft,CLOSED,72086.91,62266.62,9820.29
CLM00000678,ALB-HOM-0000311,P0000289,2027-02-02,2027-02-02,Fire,DECLINED,400.81,141.37,259.44
CLM00000679,ALB-PET-0002328,P0000278,2024-04-03,2024-04-03,Injury,DECLINED,17979.26,1148.39,16830.87
CLM00000680,ALB-MOT-0001605,P0000884,2022-10-27,2022-10-27,Collision,CLOSED,44596.81,43713.74,883.07
CLM00000681,ALB-MOT-0004308,P0001330,2019-11-22,2019-11-23,Theft,OPEN,54025.17,5830.69,48194.48
CLM00000682,ALB-CLB-0005097,P0001896,2027-06-10,2027-06-11,Injury,OPEN,77436.63,3123.25,74313.38
CLM00000683,ALB-TRV-0002846,P0002159,2025-04-22,2025-05-04,Baggage,OPEN,6647.85,2056.94,4590.91
CLM00000684,ALB-CPM-0000054,P0003181,2021-01-27,2021-01-27,Fire,REOPENED,46890.13,36739.51,10150.62
CLM00000685,ALB-CLB-0002478,P0002782,2024-09-13,2024-09-14,Property Damage,CLOSED,7897.08,4790.59,3106.49
CLM00000686,ALB-TRV-0002519,P0000464,2027-01-03,2027-01-03,Baggage,OPEN,14287.37,597.25,13690.12
CLM00000687,ALB-TRV-0001367,P0000969,2019-04-15,2019-04-15,Medical,OPEN,40226.67,11584.95,28641.72
CLM00000688,ALB-PET-0000715,P0000743,2021-06-12,2021-07-27,Illness,REOPENED,37254.76,30279.07,6975.69
CLM00000689,ALB-CLB-0004295,P0002218,2025-06-01,2025-06-02,Injury,OPEN,4962.05,210.49,4751.56
CLM00000690,ALB-TRV-0002623,P0001503,2025-11-24,2025-11-29,Baggage,CLOSED,76163.95,63174.73,12989.22
CLM00000691,ALB-TRV-0000956,P0001830,2020-03-29,2020-03-30,Baggage,CLOSED,17577.07,15540.88,2036.19
CLM00000692,ALB-TRV-0004877,P0002107,2027-02-07,2027-02-09,Medical,OPEN,5644.72,2190.24,3454.48
CLM00000693,ALB-CLB-0000447,P0001704,2018-09-06,2018-09-06,Injury,REOPENED,83819.82,31623.87,52195.95
CLM00000694,ALB-CPM-0002042,P0002610,2020-10-17,2020-10-18,Theft,CLOSED,23931.20,18221.79,5709.41
CLM00000695,ALB-PET-0005084,P0001242,2026-03-29,2026-03-31,Injury,CLOSED,60551.51,31532.87,29018.64
CLM00000696,ALB-PET-0001195,P0002735,2027-01-02,2027-01-03,Injury,CLOSED,79008.19,40994.45,38013.74
CLM00000697,ALB-HOM-0003486,P0002022,2023-09-08,2023-09-08,Theft,CLOSED,19337.11,13042.70,6294.41
CLM00000698,ALB-HOM-0002746,P0001299,2019-05-29,2019-05-30,Accidental Damage,CLOSED,48767.18,30322.59,18444.59
CLM00000699,ALB-CPM-0001800,P0002977,2024-11-05,2024-11-06,Flood,DECLINED,6891.43,504.48,6386.95
CLM00000700,ALB-HOM-0001694,P0000447,2020-05-30,2020-06-04,Storm,CLOSED,6158.41,4409.36,1749.05
CLM00000701,ALB-PET-0003086,P0002038,2020-05-23,2020-05-24,Illness,OPEN,68713.67,1205.69,67507.98
CLM00000702,ALB-CLB-0002723,P0001905,2021-04-02,2021-04-04,Injury,CLOSED,83232.57,71204.94,12027.63
CLM00000703,ALB-HOM-0003470,P0001088,2018-12-25,2018-12-27,Storm,CLOSED,41300.62,25285.86,16014.76
CLM00000704,ALB-MOT-0002386,P0002954,2025-12-01,2025-12-01,Vandalism,CLOSED,55839.00,22603.10,33235.90
CLM00000705,ALB-MOT-0001992,P0001969,2025-08-21,2025-08-23,Fire,DECLINED,13353.45,3639.83,9713.62
CLM00000706,ALB-CPM-0004588,P0002341,2023-08-11,2023-08-13,Theft,CLOSED,67789.52,36109.02,31680.50
CLM00000707,ALB-CLB-0002056,P0001994,2025-05-08,2025-05-20,Injury,CLOSED,77221.84,57793.92,19427.92
CLM00000708,ALB-MOT-0001461,P0000599,2019-12-06,2019-12-07,Fire,DECLINED,21075.73,506.56,20569.17
CLM00000709,ALB-TRV-0004534,P0000494,2021-05-06,2021-05-08,Baggage,CLOSED,26856.11,17198.43,9657.68
CLM00000710,ALB-TRV-0003663,P0000194,2024-08-09,2024-08-09,Baggage,CLOSED,18178.76,15407.26,2771.50
CLM00000711,ALB-TRV-0003032,P0001738,2027-09-07,2027-09-09,Medical,CLOSED,22537.99,20369.65,2168.34
CLM00000712,ALB-HOM-0002307,P0002669,2018-12-28,2018-12-28,Subsidence,CLOSED,5078.99,3987.28,1091.71
CLM00000713,ALB-CLB-0001184,P0003174,2022-11-25,2022-11-26,Property Damage,CLOSED,61832.99,58489.37,3343.62
CLM00000714,ALB-CPM-0002637,P0003169,2024-12-27,2024-12-28,Flood,CLOSED,63406.00,35546.91,27859.09
CLM00000715,ALB-TRV-0004775,P0001022,2019-06-23,2019-06-24,Cancellation,REOPENED,66099.47,59693.30,6406.17
CLM00000716,ALB-MOT-0001360,P0002736,2026-06-11,2026-06-13,Windscreen,OPEN,72951.98,27911.50,45040.48
CLM00000717,ALB-CPM-0002003,P0001096,2023-09-03,2023-09-08,Fire,CLOSED,12623.21,10803.58,1819.63
CLM00000718,ALB-CLB-0002437,P0001324,2023-08-02,2023-08-03,Injury,CLOSED,28376.40,25418.36,2958.04
CLM00000719,ALB-CPM-0001998,P0001606,2018-11-09,2018-11-10,Theft,OPEN,27492.98,8992.07,18500.91
CLM00000720,ALB-PET-0001088,P0000620,2022-05-18,2022-05-30,Illness,CLOSED,43532.58,19129.49,24403.09
CLM00000721,ALB-CPM-0002297,P0002439,2023-05-06,2023-05-08,Fire,CLOSED,22817.46,8919.28,13898.18
CLM00000722,ALB-CPM-0000673,P0000577,2020-01-11,2020-01-23,Flood,CLOSED,45304.15,42153.81,3150.34
CLM00000723,ALB-MOT-0002658,P0000244,2022-11-19,2022-11-24,Fire,CLOSED,45745.51,15555.81,30189.70
CLM00000724,ALB-PET-0003207,P0001862,2026-05-25,2026-05-30,Injury,CLOSED,57731.72,54978.01,2753.71
CLM00000725,ALB-MOT-0004729,P0002887,2020-07-03,2020-07-04,Collision,CLOSED,63804.07,51006.19,12797.88
CLM00000726,ALB-TRV-0000328,P0001709,2025-07-13,2025-07-15,Cancellation,CLOSED,18865.21,18298.03,567.18
CLM00000727,ALB-CPM-0003713,P0002547,2025-04-28,2025-04-30,Fire,CLOSED,73700.31,72090.32,1609.99
CLM00000728,ALB-TRV-0001177,P0000088,2024-10-22,2024-10-22,Baggage,CLOSED,44480.06,21249.34,23230.72
CLM00000729,ALB-CPM-0002733,P0000249,2020-12-04,2020-12-04,Fire,CLOSED,31855.52,28061.14,3794.38
CLM00000730,ALB-MOT-0003550,P0002799,2026-10-01,2026-10-01,Theft,CLOSED,64172.49,50299.57,13872.92
CLM00000731,ALB-PET-0000062,P0002751,2025-01-13,2025-01-13,Injury,OPEN,41746.03,3072.92,38673.11
CLM00000732,ALB-HOM-0000233,P0000498,2027-02-15,2027-02-15,Subsidence,CLOSED,66653.42,63774.85,2878.57
CLM00000733,ALB-CPM-0003998,P0002133,2021-04-18,2021-04-19,Flood,OPEN,17167.41,5160.99,12006.42
CLM00000734,ALB-CPM-0001795,P0002150,2020-03-06,2020-03-11,Theft,CLOSED,38669.88,21995.04,16674.84
CLM00000735,ALB-MOT-0004356,P0001875,2027-06-20,2027-06-20,Collision,CLOSED,55124.62,44614.78,10509.84
CLM00000736,ALB-HOM-0002651,P0001029,2022-06-06,2022-06-06,Fire,CLOSED,2927.91,1056.93,1870.98
CLM00000737,ALB-TRV-0004938,P0001638,2021-03-17,2021-03-17,Medical,CLOSED,4017.61,3281.02,736.59
CLM00000738,ALB-TRV-0000969,P0001870,2023-07-25,2023-07-26,Cancellation,CLOSED,3615.07,3144.56,470.51
CLM00000739,ALB-PET-0000049,P0000913,2026-08-08,2026-08-08,Illness,CLOSED,9704.21,8901.39,802.82
CLM00000740,ALB-CLB-0004977,P0001414,2026-11-02,2026-11-02,Injury,CLOSED,38743.08,27408.20,11334.88
CLM00000741,ALB-PET-0000649,P0002528,2020-02-09,2020-02-10,Illness,REOPENED,29209.22,19770.46,9438.76
CLM00000742,ALB-MOT-0000076,P0002568,2021-01-19,2021-01-20,Windscreen,CLOSED,60908.22,19680.61,41227.61
CLM00000743,ALB-HOM-0003035,P0000396,2026-03-25,2026-03-25,Storm,OPEN,35084.68,7339.66,27745.02
CLM00000744,ALB-PET-0000958,P0000853,2024-10-29,2024-10-30,Injury,CLOSED,12607.85,6199.87,6407.98
CLM00000745,ALB-MOT-0000655,P0001210,2024-02-06,2024-02-11,Fire,OPEN,19705.51,1506.63,18198.88
CLM00000746,ALB-PET-0001671,P0000897,2021-01-22,2021-03-08,Illness,CLOSED,11700.31,10045.52,1654.79
CLM00000747,ALB-MOT-0000694,P0002377,2020-01-18,2020-01-18,Vandalism,CLOSED,36578.14,13957.09,22621.05
CLM00000748,ALB-CPM-0004836,P0001422,2025-11-08,2025-11-10,Flood,CLOSED,49008.60,24235.34,24773.26
CLM00000749,ALB-HOM-0002594,P0002648,2021-09-01,2021-09-03,Theft,OPEN,64397.37,22344.76,42052.61
CLM00000750,ALB-CPM-0000121,P0001450,2018-12-25,2018-12-25,Fire,CLOSED,27871.04,18064.07,9806.97
CLM00000751,ALB-PET-0002552,P0002576,2025-04-12,2025-04-14,Injury,CLOSED,36156.64,24688.18,11468.46
CLM00000752,ALB-TRV-0000925,P0002922,2018-10-15,2018-10-20,Baggage,CLOSED,72097.62,47510.04,24587.58
CLM00000753,ALB-CLB-0000760,P0000890,2026-12-03,2027-04-02,Injury,OPEN,18217.79,4463.21,13754.58
CLM00000754,ALB-CLB-0002998,P0001262,2027-03-11,2027-03-12,Injury,OPEN,25117.15,9047.29,16069.86
CLM00000755,ALB-TRV-0004137,P0000666,2020-05-15,2020-05-16,Baggage,CLOSED,12103.91,7175.20,4928.71
CLM00000756,ALB-CPM-0001046,P0002507,2025-01-06,2025-01-11,Theft,OPEN,80640.91,23506.57,57134.34
CLM00000757,ALB-PET-0001127,P0001318,2022-06-06,2022-06-06,Illness,CLOSED,20838.14,16342.21,4495.93
CLM00000758,ALB-CPM-0004834,P0001558,2024-12-09,2024-12-10,Theft,REOPENED,18243.89,9087.25,9156.64
CLM00000759,ALB-PET-0001205,P0002054,2021-10-11,2021-10-12,Injury,CLOSED,23412.73,22704.80,707.93
CLM00000760,ALB-CLB-0002566,P0002557,2020-02-24,2020-02-26,Property Damage,CLOSED,36831.96,23865.23,12966.73
CLM00000761,ALB-PET-0004133,P0000455,2024-03-07,2024-03-07,Illness,CLOSED,40787.85,16052.61,24735.24
CLM00000762,ALB-CLB-0002938,P0002570,2021-07-17,2021-07-29,Injury,CLOSED,66450.54,26594.17,39856.37
CLM00000763,ALB-HOM-0003820,P0002296,2024-11-29,2024-12-04,Subsidence,CLOSED,76641.71,64605.87,12035.84
CLM00000764,ALB-PET-0003669,P0002944,2026-11-05,2026-11-07,Illness,CLOSED,38249.17,13854.04,24395.13
CLM00000765,ALB-CLB-0000072,P0001204,2026-08-25,2026-08-26,Injury,REOPENED,75573.49,28823.83,46749.66
CLM00000766,ALB-HOM-0004762,P0000471,2018-03-30,2018-04-01,Accidental Damage,OPEN,17613.01,5207.74,12405.27
CLM00000767,ALB-CPM-0000320,P0002128,2025-02-04,2025-02-05,Flood,CLOSED,9898.22,4453.66,5444.56
CLM00000768,ALB-CPM-0005083,P0000028,2025-03-11,2025-03-11,Theft,DECLINED,6520.66,2572.66,3948.00
CLM00000769,ALB-MOT-0004457,P0001326,2024-02-19,2024-02-21,Collision,OPEN,9512.95,153.98,9358.97
CLM00000770,ALB-MOT-0003016,P0002993,2027-05-09,2027-05-09,Vandalism,OPEN,36029.96,584.81,35445.15
CLM00000771,ALB-TRV-0003449,P0001607,2020-01-17,2020-01-18,Medical,CLOSED,46996.36,28187.80,18808.56
CLM00000772,ALB-TRV-0000231,P0001313,2027-03-17,2027-03-18,Baggage,CLOSED,9319.38,7421.96,1897.42
CLM00000773,ALB-TRV-0002817,P0000968,2020-10-08,2020-10-10,Cancellation,OPEN,72698.15,14808.10,57890.05
CLM00000774,ALB-HOM-0001084,P0000245,2024-03-24,2024-05-08,Accidental Damage,REOPENED,58141.61,55566.12,2575.49
CLM00000775,ALB-HOM-0004179,P0003045,2019-04-19,2019-04-20,Accidental Damage,OPEN,21332.06,4818.81,16513.25
CLM00000776,ALB-CLB-0002957,P0002628,2023-09-05,2023-09-07,Property Damage,CLOSED,7963.66,7509.03,454.63
CLM00000777,ALB-CPM-0003081,P0001311,2023-11-14,2023-11-14,Flood,CLOSED,28238.14,17907.76,10330.38
CLM00000778,ALB-CLB-0001206,P0003169,2018-11-08,2018-11-10,Property Damage,CLOSED,54650.38,26662.93,27987.45
CLM00000779,ALB-HOM-0002791,P0000872,2019-08-17,2019-08-22,Storm,CLOSED,14116.14,5945.22,8170.92
CLM00000780,ALB-HOM-0002670,P0000007,2025-09-18,2025-09-23,Theft,CLOSED,11965.06,10450.51,1514.55
CLM00000781,ALB-MOT-0004243,P0001770,2022-10-05,2022-10-05,Collision,OPEN,40327.75,687.30,39640.45
CLM00000782,ALB-CLB-0000639,P0001158,2019-02-06,2019-02-18,Injury,CLOSED,17076.00,10995.36,6080.64
CLM00000783,ALB-TRV-0001986,P0001442,2019-01-03,2019-01-04,Baggage,CLOSED,68210.92,59282.34,8928.58
CLM00000784,ALB-TRV-0003415,P0000963,2022-01-07,2022-01-09,Medical,CLOSED,14024.17,13114.36,909.81
CLM00000785,ALB-HOM-0003109,P0000698,2021-04-17,2021-04-19,Accidental Damage,OPEN,32931.00,7426.29,25504.71
CLM00000786,ALB-CPM-0003348,P0000018,2020-11-27,2020-11-27,Flood,DECLINED,40226.16,4661.73,35564.43
CLM00000787,ALB-CLB-0000691,P0001942,2023-09-28,2023-09-30,Property Damage,DECLINED,45813.97,16884.82,28929.15
CLM00000788,ALB-PET-0004927,P0001341,2024-10-04,2024-10-04,Illness,CLOSED,66556.65,26929.99,39626.66
CLM00000789,ALB-CLB-0004890,P0000752,2022-07-16,2022-07-21,Property Damage,CLOSED,60703.52,26170.53,34532.99
CLM00000790,ALB-MOT-0000424,P0000662,2025-05-03,2025-05-05,Collision,CLOSED,11450.05,4018.37,7431.68
CLM00000791,ALB-HOM-0003750,P0002538,2018-10-23,2018-10-24,Fire,CLOSED,48459.87,41298.56,7161.31
CLM00000792,ALB-HOM-0001272,P0000929,2027-07-13,2027-07-13,Fire,REOPENED,20100.00,16502.17,3597.83
CLM00000793,ALB-PET-0004732,P0001989,2018-11-08,2018-11-13,Illness,CLOSED,17778.63,12289.78,5488.85
CLM00000794,ALB-CPM-0003024,P0000205,2021-10-13,2022-02-10,Theft,OPEN,67590.01,13126.45,54463.56
CLM00000795,ALB-CPM-0003052,P0001065,2026-04-05,2026-04-05,Fire,OPEN,77053.78,3442.00,73611.78
CLM00000796,ALB-PET-0002662,P0000371,2022-11-24,2022-11-29,Injury,OPEN,6718.31,582.93,6135.38
CLM00000797,ALB-PET-0001191,P0000161,2023-02-23,2023-04-09,Illness,OPEN,40853.67,3551.88,37301.79
CLM00000798,ALB-PET-0000773,P0002924,2025-09-21,2025-09-23,Injury,CLOSED,31466.70,21444.59,10022.11
CLM00000799,ALB-MOT-0004444,P0001514,2022-03-21,2022-03-21,Fire,DECLINED,3083.21,954.59,2128.62
CLM00000800,ALB-PET-0001110,P0000898,2025-07-29,2025-07-31,Injury,CLOSED,9178.49,9051.52,126.97
CLM00000801,ALB-PET-0000857,P0001015,2019-04-27,2019-04-27,Illness,CLOSED,67287.23,31738.29,35548.94
CLM00000802,ALB-CPM-0002695,P0003171,2026-09-12,2026-10-27,Fire,CLOSED,9333.91,9165.55,168.36
CLM00000803,ALB-HOM-0003028,P0000752,2018-12-13,2018-12-13,Subsidence,DECLINED,78364.73,22490.57,55874.16
CLM00000804,ALB-CPM-0003320,P0001138,2022-07-08,2022-07-09,Flood,CLOSED,71733.05,58135.06,13597.99
CLM00000805,ALB-PET-0001572,P0002238,2022-11-28,2023-01-12,Illness,CLOSED,67888.89,39056.83,28832.06
CLM00000806,ALB-MOT-0000874,P0000989,2019-08-10,2019-08-11,Collision,OPEN,42366.96,1948.24,40418.72
CLM00000807,ALB-CLB-0002273,P0000601,2022-04-06,2022-04-06,Property Damage,REOPENED,23726.13,11490.75,12235.38
CLM00000808,ALB-HOM-0002141,P0001090,2019-08-13,2019-08-13,Subsidence,DECLINED,45556.79,18113.31,27443.48
CLM00000809,ALB-PET-0000232,P0000392,2021-09-08,2021-09-10,Illness,OPEN,52454.32,5537.47,46916.85
CLM00000810,ALB-HOM-0002199,P0001381,2025-03-04,2025-03-16,Theft,OPEN,58058.48,20375.00,37683.48
CLM00000811,ALB-CPM-0002652,P0002475,2019-08-14,2019-08-16,Theft,CLOSED,31134.35,22458.66,8675.69
CLM00000812,ALB-PET-0003575,P0000752,2025-01-16,2025-01-18,Illness,OPEN,60977.65,23359.68,37617.97
CLM00000813,ALB-PET-0004115,P0000326,2019-09-05,2019-09-05,Injury,CLOSED,13056.74,4057.80,8998.94
CLM00000814,ALB-MOT-0002150,P0000214,2026-02-02,2026-02-07,Collision,CLOSED,72500.46,31581.31,40919.15
CLM00000815,ALB-MOT-0003974,P0003052,2026-08-22,2026-08-22,Collision,CLOSED,63621.56,54700.20,8921.36
CLM00000816,ALB-TRV-0003733,P0000269,2021-06-12,2021-06-12,Baggage,REOPENED,81472.40,36938.87,44533.53
CLM00000817,ALB-CLB-0002665,P0002289,2019-04-25,2019-04-25,Injury,CLOSED,55138.39,24497.54,30640.85
CLM00000818,ALB-PET-0003581,P0000422,2020-11-13,2020-11-15,Injury,CLOSED,75861.34,33197.49,42663.85
CLM00000819,ALB-MOT-0001324,P0002066,2027-03-05,2027-03-10,Windscreen,OPEN,72812.61,9494.49,63318.12
CLM00000820,ALB-MOT-0003120,P0001738,2026-06-18,2026-06-18,Windscreen,OPEN,55864.13,21123.37,34740.76
CLM00000821,ALB-CPM-0000960,P0000231,2022-04-27,2022-04-29,Flood,CLOSED,70866.99,53817.51,17049.48
CLM00000822,ALB-CPM-0002360,P0001926,2027-04-26,2027-05-08,Theft,OPEN,19350.43,1734.61,17615.82
CLM00000823,ALB-PET-0001433,P0001447,2025-06-21,2025-06-21,Illness,CLOSED,19944.69,7713.23,12231.46
CLM00000824,ALB-TRV-0001327,P0002929,2025-04-29,2025-05-01,Medical,OPEN,80843.15,10978.47,69864.68
CLM00000825,ALB-PET-0004404,P0003177,2021-04-04,2021-04-04,Injury,CLOSED,51210.41,19416.66,31793.75
CLM00000826,ALB-CLB-0005078,P0001255,2018-05-23,2018-05-25,Injury,CLOSED,70914.59,58585.21,12329.38
CLM00000827,ALB-HOM-0004935,P0000559,2025-07-24,2025-07-25,Escape of Water,CLOSED,15610.64,7847.68,7762.96
CLM00000828,ALB-PET-0000035,P0002322,2021-07-26,2021-07-31,Injury,CLOSED,48147.34,26053.17,22094.17
CLM00000829,ALB-CPM-0003152,P0001065,2025-12-22,2025-12-23,Flood,CLOSED,14591.12,8986.92,5604.20
CLM00000830,ALB-TRV-0003949,P0001865,2027-07-23,2027-07-28,Baggage,CLOSED,44276.64,30650.05,13626.59
CLM00000831,ALB-CPM-0003326,P0002089,2020-03-19,2020-03-31,Flood,REOPENED,33846.94,16475.61,17371.33
CLM00000832,ALB-CLB-0003659,P0001047,2025-04-27,2025-04-27,Injury,OPEN,5581.18,534.20,5046.98
CLM00000833,ALB-MOT-0002592,P0001495,2025-12-24,2025-12-24,Windscreen,CLOSED,4951.58,2571.49,2380.09
CLM00000834,ALB-CLB-0002756,P0001690,2020-02-13,2020-03-29,Property Damage,REOPENED,21026.90,14579.42,6447.48
CLM00000835,ALB-TRV-0004246,P0001659,2027-01-28,2027-01-30,Cancellation,CLOSED,65778.46,26169.52,39608.94
CLM00000836,ALB-PET-0002030,P0001207,2023-04-11,2023-04-11,Injury,CLOSED,63311.74,21468.36,41843.38
CLM00000837,ALB-TRV-0004860,P0000484,2026-09-30,2026-09-30,Medical,CLOSED,72351.20,59876.78,12474.42
CLM00000838,ALB-PET-0004456,P0002487,2023-08-27,2023-08-28,Illness,CLOSED,32494.52,31616.85,877.67
CLM00000839,ALB-PET-0004579,P0002626,2023-02-22,2023-02-24,Illness,CLOSED,69992.49,29086.88,40905.61
CLM00000840,ALB-CLB-0000860,P0002763,2026-09-10,2026-09-22,Property Damage,CLOSED,24081.04,21509.18,2571.86
CLM00000841,ALB-MOT-0001359,P0001858,2025-01-02,2025-01-03,Windscreen,CLOSED,60009.53,44999.15,15010.38
CLM00000842,ALB-PET-0001576,P0002058,2021-03-14,2021-03-15,Illness,OPEN,37616.27,2371.82,35244.45
CLM00000843,ALB-CPM-0005166,P0000604,2019-08-29,2019-08-30,Theft,CLOSED,35071.53,31049.06,4022.47
CLM00000844,ALB-CPM-0002029,P0001682,2026-08-19,2026-08-20,Theft,CLOSED,47344.06,17207.78,30136.28
CLM00000845,ALB-HOM-0001525,P0000536,2022-06-08,2022-06-10,Theft,OPEN,67594.28,23304.36,44289.92
CLM00000846,ALB-CLB-0001760,P0001093,2021-07-07,2021-07-09,Property Damage,OPEN,35255.13,2406.93,32848.20
CLM00000847,ALB-MOT-0003193,P0001155,2020-05-24,2020-05-25,Fire,OPEN,44264.17,564.23,43699.94
CLM00000848,ALB-CLB-0004576,P0000649,2018-06-01,2018-06-06,Property Damage,CLOSED,78476.77,50457.49,28019.28
CLM00000849,ALB-PET-0002740,P0001472,2020-07-12,2020-07-17,Injury,CLOSED,66730.55,25587.60,41142.95
CLM00000850,ALB-CPM-0000747,P0000385,2027-02-20,2027-03-04,Fire,CLOSED,6259.48,2729.45,3530.03
CLM00000851,ALB-HOM-0000957,P0001258,2025-01-11,2025-01-11,Fire,CLOSED,57085.79,52242.44,4843.35
CLM00000852,ALB-CLB-0003543,P0000676,2019-04-26,2019-04-27,Injury,CLOSED,58768.97,40411.76,18357.21
CLM00000853,ALB-PET-0005060,P0001040,2027-01-26,2027-01-27,Illness,CLOSED,75989.76,23061.40,52928.36
CLM00000854,ALB-MOT-0004287,P0000451,2024-12-07,2024-12-19,Vandalism,CLOSED,34726.67,12954.44,21772.23
CLM00000855,ALB-TRV-0000706,P0001328,2019-06-14,2019-06-19,Cancellation,OPEN,21576.95,1325.75,20251.20
CLM00000856,ALB-PET-0003826,P0000931,2023-02-24,2023-02-24,Illness,CLOSED,74959.09,70893.95,4065.14
CLM00000857,ALB-PET-0003531,P0002074,2018-12-29,2018-12-29,Illness,CLOSED,61326.56,42110.71,19215.85
CLM00000858,ALB-CLB-0000041,P0000190,2024-05-29,2024-05-31,Property Damage,OPEN,50070.41,4942.03,45128.38
CLM00000859,ALB-CLB-0000390,P0002920,2020-08-18,2020-08-18,Injury,OPEN,42317.07,6754.10,35562.97
CLM00000860,ALB-PET-0003881,P0001876,2022-09-27,2022-10-09,Illness,OPEN,58294.77,2220.49,56074.28
CLM00000861,ALB-MOT-0002323,P0003012,2025-04-11,2025-04-23,Fire,CLOSED,5714.37,3238.29,2476.08
CLM00000862,ALB-CLB-0003309,P0001076,2026-08-20,2026-08-21,Property Damage,OPEN,20188.23,5194.30,14993.93
CLM00000863,ALB-PET-0004863,P0000896,2024-08-18,2024-08-19,Injury,CLOSED,70768.82,25276.14,45492.68
CLM00000864,ALB-MOT-0000898,P0001337,2025-03-31,2025-04-05,Theft,CLOSED,64689.81,60427.32,4262.49
CLM00000865,ALB-TRV-0001850,P0000958,2019-10-10,2019-10-22,Baggage,OPEN,16051.40,585.14,15466.26
CLM00000866,ALB-TRV-0000497,P0001373,2027-06-20,2027-06-22,Medical,CLOSED,67526.39,39860.63,27665.76
CLM00000867,ALB-HOM-0001651,P0000779,2021-04-01,2021-04-03,Accidental Damage,CLOSED,59611.09,22830.98,36780.11
CLM00000868,ALB-CPM-0000193,P0001825,2022-02-06,2022-02-06,Flood,CLOSED,78265.40,66324.92,11940.48
CLM00000869,ALB-TRV-0001942,P0002192,2024-02-26,2024-06-25,Medical,CLOSED,54721.37,18944.68,35776.69
CLM00000870,ALB-HOM-0002844,P0001009,2022-03-13,2022-03-25,Fire,CLOSED,28958.71,12947.51,16011.20
CLM00000871,ALB-MOT-0005085,P0000348,2024-09-19,2024-09-20,Vandalism,CLOSED,59785.80,19902.54,39883.26
CLM00000872,ALB-TRV-0004505,P0001906,2020-10-19,2020-10-21,Cancellation,CLOSED,20845.31,14114.32,6730.99
CLM00000873,ALB-HOM-0001448,P0000385,2027-06-08,2027-06-10,Theft,OPEN,30068.43,527.77,29540.66
CLM00000874,ALB-CLB-0000704,P0002312,2026-07-24,2026-07-24,Injury,CLOSED,37011.70,29033.07,7978.63
CLM00000875,ALB-MOT-0001554,P0000928,2024-10-04,2024-10-16,Vandalism,OPEN,24650.48,5626.46,19024.02
CLM00000876,ALB-CLB-0004774,P0001246,2018-10-15,2018-10-15,Property Damage,OPEN,19798.68,4283.06,15515.62
CLM00000877,ALB-TRV-0000111,P0002317,2023-10-20,2023-10-21,Cancellation,CLOSED,54295.94,17318.10,36977.84
CLM00000878,ALB-HOM-0003275,P0000249,2025-05-22,2025-05-24,Accidental Damage,CLOSED,17958.57,17833.06,125.51
CLM00000879,ALB-CPM-0002159,P0003179,2020-05-13,2020-05-14,Theft,OPEN,67015.73,14991.59,52024.14
CLM00000880,ALB-CPM-0003856,P0001875,2019-11-26,2019-11-28,Fire,DECLINED,65898.32,18528.31,47370.01
CLM00000881,ALB-MOT-0001092,P0002508,2024-06-21,2024-06-21,Vandalism,CLOSED,55141.12,37487.45,17653.67
CLM00000882,ALB-PET-0000201,P0000947,2025-09-23,2025-09-24,Illness,CLOSED,53994.24,45922.52,8071.72
CLM00000883,ALB-TRV-0003065,P0001389,2023-10-29,2023-10-31,Medical,CLOSED,59831.64,23851.16,35980.48
CLM00000884,ALB-CLB-0003842,P0001784,2026-06-07,2026-06-12,Property Damage,CLOSED,64878.24,35938.41,28939.83
CLM00000885,ALB-CLB-0004695,P0002847,2019-03-10,2019-03-11,Property Damage,DECLINED,43043.10,2103.88,40939.22
CLM00000886,ALB-CLB-0000099,P0000410,2019-06-19,2019-06-20,Injury,CLOSED,75285.84,48124.82,27161.02
CLM00000887,ALB-CPM-0000566,P0000317,2018-10-29,2018-10-29,Theft,CLOSED,51831.92,21767.71,30064.21
CLM00000888,ALB-HOM-0001313,P0001394,2024-02-19,2024-02-19,Fire,OPEN,72792.27,8382.97,64409.30
CLM00000889,ALB-MOT-0004679,P0000876,2021-10-02,2021-10-02,Theft,CLOSED,7658.87,7657.13,1.74
CLM00000890,ALB-HOM-0001940,P0001188,2023-10-10,2023-10-22,Fire,CLOSED,83803.07,66582.85,17220.22
CLM00000891,ALB-TRV-0005072,P0001984,2025-04-09,2025-04-11,Cancellation,CLOSED,70237.23,52051.58,18185.65
CLM00000892,ALB-CPM-0000412,P0001569,2023-07-09,2023-07-10,Theft,CLOSED,57593.54,28725.31,28868.23
CLM00000893,ALB-CPM-0002777,P0001093,2026-05-17,2026-05-17,Flood,OPEN,70336.36,7781.25,62555.11
CLM00000894,ALB-MOT-0003827,P0003161,2025-11-26,2025-11-26,Vandalism,DECLINED,42391.36,12878.16,29513.20
CLM00000895,ALB-CLB-0000714,P0000003,2019-11-25,2019-11-26,Property Damage,CLOSED,33811.79,27680.57,6131.22
CLM00000896,ALB-CPM-0002951,P0001296,2020-12-05,2020-12-05,Theft,OPEN,77175.36,28803.05,48372.31
CLM00000897,ALB-CLB-0000873,P0000470,2022-09-19,2022-09-21,Property Damage,CLOSED,66708.33,44952.16,21756.17
CLM00000898,ALB-MOT-0004552,P0000572,2020-05-25,2020-05-27,Theft,CLOSED,43088.76,36938.38,6150.38
CLM00000899,ALB-CPM-0005136,P0002168,2023-04-04,2023-04-05,Theft,OPEN,73703.15,23718.66,49984.49
CLM00000900,ALB-TRV-0004678,P0001061,2023-03-16,2023-03-21,Baggage,REOPENED,46193.48,41095.97,5097.51
CLM00000901,ALB-TRV-0003927,P0000696,2024-01-23,2024-02-04,Baggage,OPEN,488.89,138.57,350.32
CLM00000902,ALB-TRV-0004627,P0001552,2020-07-18,2020-07-20,Medical,OPEN,57824.16,9571.53,48252.63
CLM00000903,ALB-PET-0003015,P0000788,2020-08-06,2020-08-06,Injury,CLOSED,33721.58,26127.32,7594.26
CLM00000904,ALB-CLB-0000663,P0001439,2026-11-02,2026-11-02,Property Damage,OPEN,19777.03,6752.63,13024.40
CLM00000905,ALB-PET-0001705,P0000494,2020-05-24,2020-05-24,Injury,CLOSED,43280.44,15780.12,27500.32
CLM00000906,ALB-CPM-0001853,P0001431,2020-11-05,2020-11-05,Flood,OPEN,46966.42,9701.14,37265.28
CLM00000907,ALB-HOM-0003552,P0002860,2023-11-20,2023-11-22,Subsidence,CLOSED,81218.82,38048.86,43169.96
CLM00000908,ALB-HOM-0001754,P0001540,2025-10-13,2025-10-13,Subsidence,CLOSED,52870.25,19205.83,33664.42
CLM00000909,ALB-CLB-0004811,P0002138,2020-01-15,2020-01-16,Property Damage,CLOSED,27047.28,22404.49,4642.79
CLM00000910,ALB-HOM-0004800,P0002558,2026-11-30,2026-12-02,Theft,OPEN,989.64,325.26,664.38
CLM00000911,ALB-TRV-0002368,P0003155,2018-04-13,2018-04-14,Baggage,CLOSED,57869.07,48401.50,9467.57
CLM00000912,ALB-CLB-0003558,P0002102,2020-09-20,2020-09-21,Injury,CLOSED,19538.05,15946.85,3591.20
CLM00000913,ALB-MOT-0001253,P0001295,2026-07-20,2026-07-22,Vandalism,CLOSED,11990.81,7328.81,4662.00
CLM00000914,ALB-CPM-0001575,P0002656,2021-02-05,2021-02-05,Theft,CLOSED,75128.87,71861.60,3267.27
CLM00000915,ALB-CLB-0004150,P0002886,2020-03-11,2020-03-12,Injury,OPEN,74010.77,15081.51,58929.26
CLM00000916,ALB-TRV-0002778,P0001963,2021-05-30,2021-06-01,Cancellation,DECLINED,66080.48,15655.28,50425.20
CLM00000917,ALB-TRV-0003883,P0000159,2025-12-06,2026-01-20,Medical,CLOSED,47163.93,27035.60,20128.33
CLM00000918,ALB-PET-0001620,P0000014,2023-09-28,2023-10-03,Injury,CLOSED,72437.89,67478.01,4959.88
CLM00000919,ALB-CLB-0000992,P0002280,2023-03-11,2023-03-11,Property Damage,CLOSED,40314.36,33285.86,7028.50
CLM00000920,ALB-HOM-0004628,P0000673,2023-05-07,2023-05-07,Theft,OPEN,10751.73,3011.83,7739.90
CLM00000921,ALB-CPM-0005058,P0002272,2020-06-01,2020-06-06,Fire,OPEN,79929.15,23679.91,56249.24
CLM00000922,ALB-TRV-0003667,P0000175,2022-01-06,2022-01-07,Baggage,OPEN,4507.61,1.22,4506.39
CLM00000923,ALB-HOM-0001762,P0002302,2020-12-08,2020-12-09,Subsidence,OPEN,34976.99,7926.68,27050.31
CLM00000924,ALB-PET-0001828,P0001278,2025-06-20,2025-06-20,Illness,CLOSED,67510.69,22668.77,44841.92
CLM00000925,ALB-CPM-0004754,P0002940,2024-12-30,2024-12-31,Theft,CLOSED,39598.35,20088.96,19509.39
CLM00000926,ALB-HOM-0000307,P0000613,2019-10-13,2019-10-15,Fire,OPEN,45267.13,14620.01,30647.12
CLM00000927,ALB-PET-0002570,P0000696,2026-03-18,2026-03-23,Injury,REOPENED,52686.12,37344.58,15341.54
CLM00000928,ALB-HOM-0004347,P0001692,2023-05-15,2023-05-15,Escape of Water,CLOSED,63881.50,54951.41,8930.09
CLM00000929,ALB-PET-0002043,P0000796,2022-03-08,2022-03-08,Illness,DECLINED,7000.83,356.99,6643.84
CLM00000930,ALB-TRV-0000068,P0000958,2025-01-24,2025-02-05,Baggage,CLOSED,18167.45,6027.40,12140.05
CLM00000931,ALB-MOT-0001400,P0000804,2023-02-04,2023-02-06,Fire,OPEN,74970.08,3975.13,70994.95
CLM00000932,ALB-HOM-0004430,P0002052,2025-11-02,2025-11-03,Escape of Water,OPEN,67596.17,3019.68,64576.49
CLM00000933,ALB-TRV-0002781,P0000490,2019-12-30,2020-01-01,Cancellation,CLOSED,30887.68,15883.82,15003.86
CLM00000934,ALB-HOM-0001235,P0001606,2019-09-05,2019-09-07,Theft,REOPENED,76864.73,44842.67,32022.06
CLM00000935,ALB-PET-0003563,P0002289,2019-01-30,2019-01-31,Injury,CLOSED,82969.46,42135.44,40834.02
CLM00000936,ALB-PET-0003292,P0001354,2018-06-07,2018-06-12,Injury,CLOSED,30278.11,9236.11,21042.00
CLM00000937,ALB-PET-0002719,P0001322,2024-03-09,2024-03-09,Injury,CLOSED,79382.35,32654.67,46727.68
CLM00000938,ALB-CLB-0000176,P0000906,2025-10-03,2025-10-03,Injury,DECLINED,56302.48,6522.72,49779.76
CLM00000939,ALB-TRV-0001933,P0001983,2023-01-11,2023-01-11,Medical,CLOSED,62211.52,37846.66,24364.86
CLM00000940,ALB-TRV-0004718,P0001103,2022-08-30,2022-08-31,Medical,CLOSED,19235.85,16781.63,2454.22
CLM00000941,ALB-PET-0004952,P0001306,2019-05-12,2019-05-13,Injury,CLOSED,48146.35,32927.87,15218.48
CLM00000942,ALB-TRV-0000367,P0000574,2026-07-15,2026-07-20,Cancellation,CLOSED,12461.33,8176.67,4284.66
CLM00000943,ALB-HOM-0004770,P0002453,2021-04-14,2021-04-14,Storm,OPEN,20145.32,4982.92,15162.40
CLM00000944,ALB-TRV-0000811,P0002123,2023-10-12,2023-10-12,Baggage,CLOSED,7767.07,7536.21,230.86
CLM00000945,ALB-PET-0003382,P0000561,2024-07-12,2024-08-26,Injury,CLOSED,28773.19,24888.50,3884.69
CLM00000946,ALB-CLB-0001610,P0002300,2023-12-06,2023-12-06,Property Damage,CLOSED,25187.39,13602.44,11584.95
CLM00000947,ALB-TRV-0000577,P0000645,2021-12-06,2021-12-11,Baggage,CLOSED,71099.48,62313.75,8785.73
CLM00000948,ALB-CPM-0003886,P0002250,2025-01-03,2025-01-04,Theft,OPEN,8611.41,1006.65,7604.76
CLM00000949,ALB-MOT-0004971,P0000573,2022-04-14,2022-04-15,Windscreen,CLOSED,62376.47,41052.22,21324.25
CLM00000950,ALB-TRV-0001073,P0002814,2020-06-05,2020-06-06,Medical,OPEN,4018.99,750.82,3268.17
CLM00000951,ALB-HOM-0001247,P0000285,2019-01-08,2019-01-13,Theft,CLOSED,76957.91,63373.00,13584.91
CLM00000952,ALB-PET-0000120,P0001612,2027-03-20,2027-03-21,Illness,CLOSED,56845.18,17318.15,39527.03
CLM00000953,ALB-CLB-0000716,P0000329,2024-09-16,2024-09-21,Injury,CLOSED,48848.32,25275.86,23572.46
CLM00000954,ALB-HOM-0005144,P0002485,2020-03-09,2020-03-09,Storm,CLOSED,29218.02,27101.25,2116.77
CLM00000955,ALB-TRV-0001545,P0002505,2023-12-03,2023-12-04,Medical,CLOSED,77316.55,61250.33,16066.22
CLM00000956,ALB-MOT-0001420,P0001264,2021-12-13,2021-12-25,Vandalism,CLOSED,72846.77,38043.62,34803.15
CLM00000957,ALB-MOT-0004224,P0000568,2026-10-21,2026-10-21,Theft,OPEN,39764.43,4252.89,35511.54
CLM00000958,ALB-MOT-0001805,P0002270,2022-09-13,2022-09-13,Theft,CLOSED,54996.18,23128.65,31867.53
CLM00000959,ALB-PET-0000703,P0000598,2024-12-20,2024-12-22,Injury,OPEN,62098.10,1334.13,60763.97
CLM00000960,ALB-PET-0000676,P0000425,2027-06-21,2027-07-03,Illness,CLOSED,63259.86,43820.03,19439.83
CLM00000961,ALB-TRV-0000544,P0001213,2020-06-28,2020-06-28,Baggage,OPEN,84256.80,29098.57,55158.23
CLM00000962,ALB-CPM-0000046,P0001080,2023-11-10,2023-11-11,Theft,CLOSED,55251.41,38973.76,16277.65
CLM00000963,ALB-TRV-0001539,P0003182,2018-09-24,2018-09-26,Cancellation,CLOSED,43778.88,25684.98,18093.90
CLM00000964,ALB-MOT-0003785,P0001554,2022-01-14,2022-02-28,Vandalism,CLOSED,83702.46,41350.01,42352.45
CLM00000965,ALB-PET-0004972,P0001504,2021-12-23,2021-12-25,Injury,OPEN,42100.13,11105.79,30994.34
CLM00000966,ALB-TRV-0003888,P0001386,2023-12-20,2023-12-21,Medical,CLOSED,72378.70,30611.97,41766.73
CLM00000967,ALB-PET-0005118,P0001216,2021-05-18,2021-05-20,Injury,CLOSED,45614.11,35410.44,10203.67
CLM00000968,ALB-PET-0003051,P0000815,2019-01-07,2019-01-12,Illness,OPEN,14487.64,3093.21,11394.43
CLM00000969,ALB-PET-0003566,P0002846,2021-09-24,2021-10-06,Illness,CLOSED,45177.50,16015.00,29162.50
CLM00000970,ALB-MOT-0002366,P0001184,2025-03-17,2025-03-17,Fire,OPEN,38314.60,11478.45,26836.15
CLM00000971,ALB-MOT-0004498,P0002789,2021-06-22,2021-06-27,Collision,CLOSED,11427.93,3884.67,7543.26
CLM00000972,ALB-HOM-0002428,P0000682,2020-10-05,2020-10-05,Accidental Damage,CLOSED,77817.42,74653.33,3164.09
CLM00000973,ALB-PET-0004010,P0003031,2027-05-07,2027-05-09,Illness,OPEN,17173.21,5334.64,11838.57
CLM00000974,ALB-PET-0000602,P0000350,2019-03-18,2019-03-18,Illness,OPEN,20685.34,8094.77,12590.57
CLM00000975,ALB-CLB-0002022,P0000443,2026-02-21,2026-02-21,Property Damage,CLOSED,18523.33,17652.44,870.89
CLM00000976,ALB-MOT-0000352,P0003061,2023-08-04,2023-08-06,Collision,CLOSED,9875.81,5405.83,4469.98
CLM00000977,ALB-CLB-0004629,P0000492,2025-06-25,2025-06-26,Property Damage,OPEN,63337.50,2800.93,60536.57
CLM00000978,ALB-CPM-0001176,P0000727,2023-10-29,2023-10-29,Fire,DECLINED,46022.89,148.79,45874.10
CLM00000979,ALB-PET-0000156,P0000639,2021-02-28,2021-02-28,Injury,OPEN,15153.36,4866.40,10286.96
CLM00000980,ALB-MOT-0005117,P0000385,2025-02-22,2025-02-22,Fire,OPEN,4958.78,1927.23,3031.55
CLM00000981,ALB-MOT-0000871,P0003017,2024-04-19,2024-04-19,Theft,CLOSED,31666.42,29891.07,1775.35
CLM00000982,ALB-PET-0000056,P0001668,2021-01-28,2021-01-28,Injury,CLOSED,45283.08,28996.15,16286.93
CLM00000983,ALB-TRV-0001486,P0000399,2026-08-19,2026-08-24,Cancellation,CLOSED,36416.03,34074.36,2341.67
CLM00000984,ALB-HOM-0004135,P0001819,2018-05-20,2018-05-21,Theft,CLOSED,16562.67,7444.91,9117.76
CLM00000985,ALB-CPM-0001980,P0002531,2019-03-11,2019-03-11,Fire,CLOSED,8218.53,7228.20,990.33
CLM00000986,ALB-CLB-0002259,P0001798,2021-11-22,2021-11-24,Injury,CLOSED,76402.25,49733.36,26668.89
CLM00000987,ALB-HOM-0003515,P0002940,2026-08-19,2026-08-19,Subsidence,CLOSED,48789.38,14945.22,33844.16
CLM00000988,ALB-HOM-0000013,P0002331,2020-09-04,2020-09-06,Storm,CLOSED,10219.37,5204.79,5014.58
CLM00000989,ALB-MOT-0003311,P0002611,2023-05-26,2023-05-28,Fire,OPEN,63774.04,24756.24,39017.80
CLM00000990,ALB-PET-0000883,P0001945,2025-05-14,2025-05-15,Illness,CLOSED,40460.14,12721.48,27738.66
CLM00000991,ALB-CPM-0003181,P0001675,2020-05-15,2020-05-20,Flood,OPEN,54440.95,20639.47,33801.48
CLM00000992,ALB-TRV-0002267,P0001645,2020-11-15,2020-11-16,Baggage,OPEN,63000.84,3159.59,59841.25
CLM00000993,ALB-CLB-0001750,P0003165,2019-05-20,2019-05-20,Property Damage,CLOSED,66797.48,31253.92,35543.56
CLM00000994,ALB-PET-0000944,P0000332,2025-11-24,2025-11-26,Illness,CLOSED,81808.48,41156.51,40651.97
CLM00000995,ALB-MOT-0004466,P0001947,2021-10-17,2021-10-17,Vandalism,OPEN,19933.43,1065.62,18867.81
CLM00000996,ALB-CLB-0001649,P0002150,2019-11-06,2019-11-06,Property Damage,CLOSED,45223.64,44001.61,1222.03
CLM00000997,ALB-CLB-0000258,P0000588,2027-01-09,2027-01-09,Property Damage,CLOSED,23178.81,7444.38,15734.43
CLM00000998,ALB-CLB-0003255,P0002324,2024-10-23,2024-10-24,Property Damage,OPEN,56644.45,8628.82,48015.63
CLM00000999,ALB-PET-0004162,P0002140,2024-07-18,2024-07-19,Injury,DECLINED,52697.36,10014.50,42682.86
CLM00001000,ALB-CLB-0000609,P0001207,2024-08-05,2024-08-05,Property Damage,REOPENED,63321.87,39215.87,24106.00
CLM00001001,ALB-HOM-0004637,P0001647,2019-03-10,2019-03-10,Fire,CLOSED,10012.60,7180.98,2831.62
CLM00001002,ALB-TRV-0002615,P0002095,2018-05-27,2018-05-28,Baggage,REOPENED,71991.15,38695.32,33295.83
CLM00001003,ALB-HOM-0004156,P0002646,2027-03-31,2027-03-31,Accidental Damage,CLOSED,53192.49,33738.88,19453.61
CLM00001004,ALB-TRV-0003884,P0001104,2021-04-04,2021-04-05,Cancellation,CLOSED,75595.70,44651.12,30944.58
CLM00001005,ALB-HOM-0004449,P0001810,2026-10-10,2026-10-15,Accidental Damage,OPEN,11535.75,1347.32,10188.43
CLM00001006,ALB-CLB-0004454,P0002698,2025-12-31,2026-01-05,Property Damage,CLOSED,67454.29,42226.11,25228.18
CLM00001007,ALB-PET-0000500,P0000321,2018-10-20,2018-10-22,Illness,DECLINED,67863.77,19134.70,48729.07
CLM00001008,ALB-MOT-0001071,P0000384,2021-05-28,2021-05-29,Windscreen,CLOSED,5529.94,2194.88,3335.06
CLM00001009,ALB-TRV-0002814,P0001275,2021-02-18,2021-02-20,Medical,CLOSED,81432.85,32307.30,49125.55
CLM00001010,ALB-MOT-0001450,P0000090,2019-04-15,2019-04-17,Windscreen,OPEN,29375.00,6046.94,23328.06
CLM00001011,ALB-CPM-0004531,P0003119,2026-08-17,2026-08-17,Theft,CLOSED,47411.35,38396.28,9015.07
CLM00001012,ALB-TRV-0000337,P0001493,2022-03-14,2022-03-15,Cancellation,CLOSED,18978.39,10318.81,8659.58
CLM00001013,ALB-TRV-0003496,P0001366,2025-02-27,2025-03-11,Medical,DECLINED,20002.72,4832.95,15169.77
CLM00001014,ALB-TRV-0000808,P0001814,2026-04-09,2026-04-10,Medical,REOPENED,20220.42,19856.03,364.39
CLM00001015,ALB-HOM-0001145,P0001634,2027-02-26,2027-02-27,Accidental Damage,CLOSED,71588.41,54161.74,17426.67
CLM00001016,ALB-CLB-0001152,P0001633,2020-01-18,2020-01-30,Injury,OPEN,11923.08,1080.41,10842.67
CLM00001017,ALB-CPM-0003200,P0002212,2024-07-25,2024-07-25,Flood,REOPENED,78693.23,57769.30,20923.93
CLM00001018,ALB-PET-0000296,P0001794,2023-06-14,2023-10-12,Injury,OPEN,35540.21,11380.48,24159.73
CLM00001019,ALB-MOT-0003430,P0001971,2019-01-23,2019-01-23,Theft,DECLINED,17971.83,2058.84,15912.99
CLM00001020,ALB-TRV-0000779,P0001693,2023-04-27,2023-05-09,Baggage,CLOSED,58333.53,27536.23,30797.30
CLM00001021,ALB-PET-0002356,P0000565,2022-02-11,2022-02-13,Injury,CLOSED,76023.71,70802.92,5220.79
CLM00001022,ALB-MOT-0004785,P0000086,2019-11-14,2019-12-29,Collision,OPEN,19623.33,6417.10,13206.23
CLM00001023,ALB-MOT-0002051,P0001573,2021-02-14,2021-02-15,Theft,CLOSED,48400.25,15042.98,33357.27
CLM00001024,ALB-TRV-0002561,P0003042,2027-02-28,2027-02-28,Medical,CLOSED,79160.63,38949.45,40211.18
CLM00001025,ALB-HOM-0004599,P0003193,2020-04-16,2020-04-18,Theft,CLOSED,61206.40,38937.11,22269.29
CLM00001026,ALB-CPM-0002232,P0002713,2024-09-03,2024-09-04,Theft,DECLINED,14247.14,2650.26,11596.88
CLM00001027,ALB-TRV-0000672,P0000366,2023-05-22,2023-07-06,Baggage,OPEN,79016.78,6155.62,72861.16
CLM00001028,ALB-HOM-0002429,P0001411,2024-08-09,2024-08-14,Escape of Water,REOPENED,30720.15,17941.27,12778.88
CLM00001029,ALB-CLB-0002757,P0000396,2022-10-18,2022-10-20,Property Damage,CLOSED,15111.66,11234.18,3877.48
CLM00001030,ALB-PET-0001501,P0002349,2025-05-11,2025-05-12,Illness,CLOSED,64831.18,35275.47,29555.71
CLM00001031,ALB-HOM-0001856,P0002535,2026-04-14,2026-04-15,Theft,DECLINED,35092.29,6023.61,29068.68
CLM00001032,ALB-CLB-0000513,P0000395,2020-06-13,2020-06-13,Injury,CLOSED,75653.00,60243.19,15409.81
CLM00001033,ALB-TRV-0001643,P0002429,2024-07-27,2024-07-27,Baggage,CLOSED,26058.81,13975.26,12083.55
CLM00001034,ALB-PET-0002469,P0000068,2025-04-12,2025-04-13,Illness,CLOSED,8914.65,7797.75,1116.90
CLM00001035,ALB-CLB-0001352,P0001672,2019-04-20,2019-04-22,Injury,CLOSED,29381.47,12453.49,16927.98
CLM00001036,ALB-TRV-0003819,P0001685,2023-04-05,2023-04-07,Medical,OPEN,35847.48,10671.35,25176.13
CLM00001037,ALB-TRV-0001628,P0003042,2022-03-02,2022-03-02,Baggage,CLOSED,33152.31,13596.26,19556.05
CLM00001038,ALB-HOM-0001881,P0002540,2020-03-28,2020-03-29,Fire,CLOSED,9687.27,7856.25,1831.02
CLM00001039,ALB-TRV-0004301,P0002297,2024-02-13,2024-02-13,Baggage,CLOSED,29077.77,19379.00,9698.77
CLM00001040,ALB-PET-0000177,P0000320,2026-01-07,2026-01-19,Injury,CLOSED,54965.12,46612.00,8353.12
CLM00001041,ALB-CLB-0003608,P0000017,2023-09-27,2023-09-27,Property Damage,OPEN,1916.01,670.96,1245.05
CLM00001042,ALB-PET-0003651,P0002544,2018-10-06,2018-10-07,Illness,CLOSED,76293.52,59451.82,16841.70
CLM00001043,ALB-CLB-0001666,P0002893,2022-06-06,2022-06-07,Property Damage,OPEN,35807.58,11582.31,24225.27
CLM00001044,ALB-TRV-0003821,P0002327,2019-03-13,2019-03-13,Baggage,CLOSED,21916.93,7239.58,14677.35
CLM00001045,ALB-CLB-0003025,P0002238,2020-03-08,2020-03-09,Property Damage,CLOSED,59926.82,37411.16,22515.66
CLM00001046,ALB-HOM-0001747,P0001161,2022-11-21,2022-11-23,Storm,DECLINED,74356.01,12280.33,62075.68
CLM00001047,ALB-CPM-0004894,P0002986,2020-02-15,2020-02-17,Theft,CLOSED,79737.65,73799.04,5938.61
CLM00001048,ALB-PET-0004092,P0001258,2019-09-15,2019-09-16,Injury,CLOSED,41165.49,20534.77,20630.72
CLM00001049,ALB-TRV-0002224,P0002983,2023-05-19,2023-05-19,Medical,CLOSED,77224.86,69063.63,8161.23
CLM00001050,ALB-CPM-0003815,P0001157,2024-06-13,2024-06-13,Flood,DECLINED,6283.18,495.65,5787.53
CLM00001051,ALB-HOM-0002275,P0002461,2025-12-08,2025-12-08,Subsidence,CLOSED,77485.03,37306.32,40178.71
CLM00001052,ALB-CLB-0004787,P0002510,2022-02-17,2022-02-22,Injury,DECLINED,19976.48,3185.09,16791.39
CLM00001053,ALB-MOT-0002435,P0000512,2021-11-30,2021-11-30,Collision,CLOSED,75569.20,43700.36,31868.84
CLM00001054,ALB-MOT-0004708,P0001043,2025-05-12,2025-05-13,Vandalism,CLOSED,35837.48,13046.12,22791.36
CLM00001055,ALB-CPM-0001233,P0001666,2022-08-13,2022-08-14,Theft,CLOSED,73590.37,49614.31,23976.06
CLM00001056,ALB-MOT-0001582,P0002845,2024-09-20,2024-09-20,Vandalism,OPEN,53607.87,13041.05,40566.82
CLM00001057,ALB-TRV-0000123,P0002859,2022-06-03,2022-06-08,Medical,CLOSED,31673.58,29211.22,2462.36
CLM00001058,ALB-PET-0002901,P0002903,2019-11-12,2019-11-17,Injury,CLOSED,26712.37,14149.49,12562.88
CLM00001059,ALB-PET-0004547,P0001393,2019-03-12,2019-03-13,Illness,CLOSED,55477.78,29886.46,25591.32
CLM00001060,ALB-MOT-0002517,P0001228,2023-11-11,2023-11-11,Theft,CLOSED,9483.32,8986.83,496.49
CLM00001061,ALB-PET-0000664,P0002913,2025-09-04,2025-09-04,Injury,CLOSED,5653.23,1957.80,3695.43
CLM00001062,ALB-PET-0001050,P0001695,2021-07-08,2021-07-08,Injury,DECLINED,84297.19,17404.24,66892.95
CLM00001063,ALB-MOT-0000938,P0000829,2019-08-01,2019-08-03,Fire,OPEN,16207.84,6268.51,9939.33
CLM00001064,ALB-CPM-0004906,P0000135,2019-05-04,2019-05-04,Theft,DECLINED,64916.38,10602.47,54313.91
CLM00001065,ALB-TRV-0002528,P0001680,2025-12-21,2025-12-26,Medical,CLOSED,17885.72,11921.80,5963.92
CLM00001066,ALB-MOT-0004376,P0001867,2023-05-09,2023-05-10,Collision,CLOSED,29644.26,14222.73,15421.53
CLM00001067,ALB-CLB-0001737,P0002074,2019-05-02,2019-05-02,Injury,CLOSED,41684.12,35988.43,5695.69
CLM00001068,ALB-TRV-0002730,P0002562,2025-12-23,2025-12-23,Cancellation,CLOSED,17178.58,11149.18,6029.40
CLM00001069,ALB-TRV-0002084,P0001874,2022-03-11,2022-03-12,Cancellation,OPEN,58836.10,15164.44,43671.66
CLM00001070,ALB-CPM-0003225,P0002098,2026-08-13,2026-09-27,Fire,OPEN,37721.26,6497.92,31223.34
CLM00001071,ALB-CPM-0005055,P0001450,2019-05-20,2019-05-21,Fire,CLOSED,36671.89,23201.45,13470.44
CLM00001072,ALB-CPM-0000488,P0002455,2024-03-17,2024-03-18,Theft,CLOSED,12192.72,4691.39,7501.33
CLM00001073,ALB-CLB-0003378,P0002063,2025-05-21,2025-05-22,Property Damage,CLOSED,25682.34,18325.54,7356.80
CLM00001074,ALB-CPM-0000106,P0002694,2025-08-03,2025-08-04,Flood,CLOSED,25475.41,15222.63,10252.78
CLM00001075,ALB-TRV-0000973,P0002579,2025-09-27,2025-09-28,Medical,OPEN,80568.22,7141.13,73427.09
CLM00001076,ALB-CPM-0002302,P0001589,2023-11-09,2023-11-09,Flood,OPEN,41795.54,13140.11,28655.43
CLM00001077,ALB-HOM-0000406,P0001856,2022-01-23,2022-01-24,Subsidence,OPEN,21909.99,6190.91,15719.08
CLM00001078,ALB-HOM-0004682,P0000641,2025-03-14,2025-03-14,Fire,OPEN,75225.38,1213.41,74011.97
CLM00001079,ALB-MOT-0001895,P0002319,2025-04-22,2025-04-23,Theft,OPEN,19158.46,1397.46,17761.00
CLM00001080,ALB-MOT-0003157,P0001767,2021-12-18,2021-12-23,Theft,CLOSED,10088.82,3255.67,6833.15
CLM00001081,ALB-PET-0004061,P0002139,2025-01-19,2025-01-19,Illness,CLOSED,34190.53,10391.58,23798.95
CLM00001082,ALB-HOM-0003499,P0000577,2026-10-08,2026-10-20,Subsidence,CLOSED,63761.69,22933.14,40828.55
CLM00001083,ALB-TRV-0000917,P0000334,2026-10-03,2026-10-04,Cancellation,CLOSED,37260.18,22923.26,14336.92
CLM00001084,ALB-PET-0001117,P0002381,2026-06-23,2026-06-25,Injury,OPEN,23134.95,5620.37,17514.58
CLM00001085,ALB-HOM-0001818,P0000752,2021-09-13,2021-09-18,Fire,CLOSED,11531.72,7157.18,4374.54
CLM00001086,ALB-TRV-0002873,P0001603,2021-08-12,2021-08-14,Baggage,CLOSED,64057.93,26924.71,37133.22
CLM00001087,ALB-HOM-0003664,P0002301,2025-01-11,2025-01-11,Accidental Damage,CLOSED,29150.22,21960.48,7189.74
CLM00001088,ALB-CLB-0000863,P0000619,2025-01-18,2025-01-18,Property Damage,CLOSED,35993.94,33371.49,2622.45
CLM00001089,ALB-HOM-0000235,P0002208,2019-12-31,2020-04-29,Storm,CLOSED,48042.60,39676.30,8366.30
CLM00001090,ALB-PET-0000083,P0001110,2025-01-29,2025-02-10,Injury,CLOSED,18620.60,15547.56,3073.04
CLM00001091,ALB-TRV-0001538,P0001263,2023-03-09,2023-03-11,Cancellation,DECLINED,8060.68,2707.37,5353.31
CLM00001092,ALB-PET-0001608,P0002193,2023-03-04,2023-03-05,Injury,OPEN,80992.23,4791.19,76201.04
CLM00001093,ALB-CLB-0000798,P0002538,2021-04-26,2021-05-01,Property Damage,OPEN,75108.75,1876.22,73232.53
CLM00001094,ALB-CLB-0003256,P0001416,2022-07-31,2022-08-01,Property Damage,DECLINED,3132.57,1027.57,2105.00
CLM00001095,ALB-TRV-0003708,P0001602,2019-01-20,2019-01-22,Medical,CLOSED,52704.80,51498.07,1206.73
CLM00001096,ALB-MOT-0003041,P0000684,2027-06-06,2027-06-06,Windscreen,DECLINED,9429.09,2271.67,7157.42
CLM00001097,ALB-MOT-0004664,P0000162,2019-07-10,2019-07-22,Vandalism,REOPENED,15400.40,12901.96,2498.44
CLM00001098,ALB-PET-0003236,P0000062,2022-12-04,2022-12-09,Illness,CLOSED,67554.68,63814.44,3740.24
CLM00001099,ALB-CLB-0001458,P0000017,2022-11-14,2022-11-19,Injury,CLOSED,37027.47,37000.96,26.51
CLM00001100,ALB-HOM-0000278,P0002382,2020-01-20,2020-01-25,Subsidence,CLOSED,80855.09,49441.41,31413.68
CLM00001101,ALB-HOM-0004024,P0001054,2026-05-16,2026-05-17,Theft,OPEN,71976.56,4836.04,67140.52
CLM00001102,ALB-CPM-0004570,P0000636,2024-03-15,2024-03-16,Fire,CLOSED,26967.09,18347.65,8619.44
CLM00001103,ALB-TRV-0003198,P0002905,2020-09-28,2021-01-26,Cancellation,REOPENED,77033.57,51035.85,25997.72
CLM00001104,ALB-CLB-0003684,P0001505,2021-12-31,2022-01-02,Injury,CLOSED,4970.69,3297.16,1673.53
CLM00001105,ALB-HOM-0002722,P0001640,2019-09-07,2019-09-12,Theft,CLOSED,48487.46,46800.30,1687.16
CLM00001106,ALB-CPM-0004225,P0002840,2019-03-23,2019-04-04,Fire,CLOSED,16582.44,10351.38,6231.06
CLM00001107,ALB-CLB-0001216,P0001270,2023-11-04,2023-11-09,Property Damage,CLOSED,45134.47,32032.50,13101.97
CLM00001108,ALB-CLB-0000826,P0001269,2023-05-20,2023-06-01,Injury,DECLINED,35881.51,8830.41,27051.10
CLM00001109,ALB-HOM-0002918,P0001258,2026-07-21,2026-07-22,Accidental Damage,CLOSED,44117.79,37528.82,6588.97
CLM00001110,ALB-MOT-0003953,P0000378,2021-04-17,2021-04-22,Windscreen,CLOSED,81780.96,50892.72,30888.24
CLM00001111,ALB-CLB-0000257,P0000675,2024-09-27,2024-09-29,Property Damage,CLOSED,83272.70,73992.57,9280.13
CLM00001112,ALB-MOT-0004810,P0000337,2023-02-14,2023-02-14,Vandalism,CLOSED,65342.01,64109.74,1232.27
CLM00001113,ALB-CLB-0004077,P0001742,2025-10-21,2025-10-21,Injury,OPEN,55961.37,4422.32,51539.05
CLM00001114,ALB-CLB-0004671,P0001411,2019-12-21,2019-12-22,Property Damage,CLOSED,35658.47,34289.84,1368.63
CLM00001115,ALB-CPM-0004054,P0001064,2023-03-28,2023-03-30,Fire,CLOSED,22858.74,12210.45,10648.29
CLM00001116,ALB-CLB-0004037,P0002464,2025-08-12,2025-08-13,Property Damage,CLOSED,4219.93,2991.31,1228.62
CLM00001117,ALB-MOT-0001530,P0002115,2025-12-17,2025-12-17,Vandalism,OPEN,14576.24,2918.02,11658.22
CLM00001118,ALB-MOT-0002859,P0001177,2023-12-25,2023-12-30,Collision,CLOSED,13874.73,4348.29,9526.44
CLM00001119,ALB-PET-0004915,P0000765,2026-08-11,2026-08-11,Injury,CLOSED,7263.27,5842.23,1421.04
CLM00001120,ALB-CPM-0001480,P0002276,2024-06-06,2024-06-07,Theft,CLOSED,81120.12,35708.01,45412.11
CLM00001121,ALB-TRV-0001298,P0001759,2019-03-07,2019-03-08,Cancellation,DECLINED,6873.99,1375.32,5498.67
CLM00001122,ALB-TRV-0003017,P0000544,2019-04-26,2019-04-26,Medical,CLOSED,18306.09,14965.96,3340.13
CLM00001123,ALB-TRV-0003771,P0000976,2022-07-27,2022-07-28,Cancellation,CLOSED,60542.01,26349.99,34192.02
CLM00001124,ALB-MOT-0003128,P0001355,2020-04-13,2020-04-18,Theft,OPEN,68649.21,16668.65,51980.56
CLM00001125,ALB-CPM-0003512,P0001149,2021-04-01,2021-04-01,Fire,CLOSED,34135.87,23339.95,10795.92
CLM00001126,ALB-MOT-0003626,P0002938,2020-12-07,2020-12-19,Vandalism,OPEN,75745.85,17160.53,58585.32
CLM00001127,ALB-CLB-0003205,P0001375,2018-09-23,2018-09-24,Property Damage,OPEN,36878.91,2087.46,34791.45
CLM00001128,ALB-PET-0003335,P0000312,2023-02-14,2023-02-14,Injury,CLOSED,8996.05,7340.14,1655.91
CLM00001129,ALB-PET-0002021,P0000023,2023-03-27,2023-03-27,Injury,CLOSED,75821.21,54406.25,21414.96
CLM00001130,ALB-HOM-0003367,P0002022,2026-10-10,2026-10-10,Fire,CLOSED,83396.10,58049.04,25347.06
CLM00001131,ALB-CPM-0002802,P0000965,2020-12-27,2020-12-27,Fire,CLOSED,38418.34,14571.09,23847.25
CLM00001132,ALB-TRV-0001815,P0002435,2024-08-06,2024-08-08,Baggage,DECLINED,42307.36,12466.73,29840.63
CLM00001133,ALB-MOT-0001437,P0001099,2018-11-24,2018-12-06,Fire,OPEN,51960.77,12635.96,39324.81
CLM00001134,ALB-PET-0001248,P0003076,2023-10-23,2023-10-23,Injury,CLOSED,21398.66,11782.57,9616.09
CLM00001135,ALB-CLB-0003730,P0001285,2022-12-25,2022-12-27,Injury,OPEN,79942.64,19048.43,60894.21
CLM00001136,ALB-HOM-0004107,P0000893,2019-04-25,2019-05-07,Storm,OPEN,39158.16,14152.82,25005.34
CLM00001137,ALB-PET-0001128,P0002649,2023-06-01,2023-06-03,Injury,DECLINED,18759.36,3453.13,15306.23
CLM00001138,ALB-PET-0004649,P0002358,2018-10-03,2018-10-03,Illness,CLOSED,24200.75,14280.90,9919.85
CLM00001139,ALB-PET-0002303,P0002188,2018-11-27,2018-11-27,Injury,CLOSED,27429.17,25786.95,1642.22
CLM00001140,ALB-CPM-0000499,P0002586,2020-03-16,2020-03-17,Flood,OPEN,21050.43,7659.04,13391.39
CLM00001141,ALB-MOT-0004766,P0000386,2019-03-29,2019-04-03,Windscreen,CLOSED,23812.68,19653.32,4159.36
CLM00001142,ALB-MOT-0002589,P0002744,2026-01-08,2026-01-13,Windscreen,DECLINED,4994.68,562.57,4432.11
CLM00001143,ALB-HOM-0004105,P0001878,2024-12-07,2024-12-08,Escape of Water,CLOSED,56019.39,25873.39,30146.00
CLM00001144,ALB-CLB-0001544,P0002328,2025-07-07,2025-07-12,Injury,CLOSED,36099.19,13374.68,22724.51
CLM00001145,ALB-CLB-0003958,P0001755,2026-06-02,2026-07-17,Injury,CLOSED,35112.46,11969.33,23143.13
CLM00001146,ALB-CPM-0000173,P0000825,2024-03-24,2024-03-24,Fire,CLOSED,10891.35,9286.63,1604.72
CLM00001147,ALB-MOT-0002745,P0002255,2020-07-18,2020-07-20,Fire,OPEN,48853.31,12306.70,36546.61
CLM00001148,ALB-PET-0004968,P0001179,2020-12-17,2020-12-22,Illness,CLOSED,66511.59,53701.45,12810.14
CLM00001149,ALB-TRV-0004675,P0002963,2022-12-29,2022-12-29,Medical,CLOSED,29019.91,14080.16,14939.75
CLM00001150,ALB-CLB-0003994,P0002421,2018-05-22,2018-05-22,Injury,CLOSED,74982.35,31956.45,43025.90
CLM00001151,ALB-CLB-0002012,P0001973,2020-12-31,2021-01-02,Property Damage,OPEN,77630.92,17176.52,60454.40
CLM00001152,ALB-HOM-0004697,P0002326,2026-04-09,2026-04-09,Storm,CLOSED,45900.00,34535.96,11364.04
CLM00001153,ALB-CPM-0003059,P0001871,2024-08-29,2024-08-29,Flood,OPEN,16560.57,864.20,15696.37
CLM00001154,ALB-MOT-0004475,P0001818,2021-11-04,2021-11-04,Vandalism,OPEN,64646.77,19578.10,45068.67
CLM00001155,ALB-CLB-0001453,P0000754,2022-10-23,2022-10-25,Injury,CLOSED,63643.49,55576.87,8066.62
CLM00001156,ALB-PET-0004455,P0000766,2026-05-15,2026-05-15,Illness,CLOSED,28731.44,28384.64,346.80
CLM00001157,ALB-HOM-0001676,P0000655,2023-10-13,2023-10-15,Theft,CLOSED,7121.48,7051.33,70.15
CLM00001158,ALB-CPM-0000792,P0001670,2023-05-01,2023-05-03,Fire,CLOSED,73793.74,23427.89,50365.85
CLM00001159,ALB-MOT-0002411,P0002770,2021-05-08,2021-05-20,Fire,CLOSED,48337.08,28349.68,19987.40
CLM00001160,ALB-MOT-0004157,P0002992,2021-05-30,2021-05-30,Fire,DECLINED,23734.92,7100.75,16634.17
CLM00001161,ALB-MOT-0001753,P0001542,2024-01-29,2024-01-30,Theft,REOPENED,30537.76,10778.08,19759.68
CLM00001162,ALB-MOT-0000734,P0001446,2024-12-20,2024-12-22,Vandalism,CLOSED,15125.78,11949.57,3176.21
CLM00001163,ALB-CPM-0001866,P0000070,2024-08-31,2024-09-01,Fire,OPEN,65434.46,20210.99,45223.47
CLM00001164,ALB-CPM-0004483,P0000211,2023-09-05,2023-09-05,Theft,CLOSED,10216.74,7373.06,2843.68
CLM00001165,ALB-HOM-0003736,P0001850,2019-02-11,2019-02-12,Theft,CLOSED,8615.16,7294.68,1320.48
CLM00001166,ALB-PET-0001479,P0003142,2027-05-27,2027-06-01,Illness,CLOSED,29595.52,9779.55,19815.97
CLM00001167,ALB-MOT-0001112,P0002584,2020-05-21,2020-05-21,Theft,REOPENED,37539.78,36361.16,1178.62
CLM00001168,ALB-TRV-0002687,P0002067,2020-02-18,2020-02-18,Medical,CLOSED,38661.95,21984.20,16677.75
CLM00001169,ALB-HOM-0002557,P0000989,2023-04-19,2023-04-20,Fire,DECLINED,38434.22,13726.48,24707.74
CLM00001170,ALB-HOM-0000817,P0001717,2025-09-20,2025-11-04,Storm,CLOSED,61363.18,42142.83,19220.35
CLM00001171,ALB-PET-0000239,P0001092,2023-06-13,2023-06-15,Illness,OPEN,54962.67,9635.04,45327.63
CLM00001172,ALB-HOM-0001201,P0003170,2020-03-30,2020-04-11,Fire,OPEN,10733.75,4153.48,6580.27
CLM00001173,ALB-HOM-0004823,P0002955,2027-01-10,2027-01-10,Subsidence,OPEN,15921.39,132.63,15788.76
CLM00001174,ALB-TRV-0004086,P0001766,2020-11-04,2020-11-05,Medical,CLOSED,82450.11,70066.61,12383.50
CLM00001175,ALB-TRV-0001758,P0003045,2025-09-02,2025-09-04,Baggage,CLOSED,13211.60,11427.71,1783.89
CLM00001176,ALB-PET-0003033,P0001821,2022-12-19,2022-12-31,Illness,DECLINED,4906.46,1315.10,3591.36
CLM00001177,ALB-CLB-0003317,P0001046,2022-06-24,2022-06-25,Injury,REOPENED,22073.04,11490.73,10582.31
CLM00001178,ALB-CPM-0004923,P0001650,2019-06-20,2019-06-21,Fire,OPEN,25687.39,359.99,25327.40
CLM00001179,ALB-TRV-0002291,P0000535,2019-07-07,2019-07-12,Baggage,CLOSED,52701.65,46295.15,6406.50
CLM00001180,ALB-CPM-0003230,P0000148,2022-11-09,2022-11-09,Theft,OPEN,7412.95,453.70,6959.25
CLM00001181,ALB-PET-0001833,P0000052,2019-11-17,2019-11-17,Illness,OPEN,60403.95,21999.12,38404.83
CLM00001182,ALB-CLB-0000314,P0001244,2024-08-20,2024-08-20,Property Damage,OPEN,32864.58,319.94,32544.64
CLM00001183,ALB-CLB-0004239,P0002817,2025-08-09,2025-08-11,Property Damage,OPEN,67478.23,8838.31,58639.92
CLM00001184,ALB-HOM-0000586,P0000966,2027-03-21,2027-03-22,Accidental Damage,CLOSED,8574.24,6579.30,1994.94
CLM00001185,ALB-MOT-0001934,P0001548,2023-03-28,2023-03-30,Windscreen,CLOSED,10360.17,8398.25,1961.92
CLM00001186,ALB-MOT-0004490,P0002772,2022-11-11,2022-11-11,Theft,OPEN,4689.14,806.72,3882.42
CLM00001187,ALB-PET-0000001,P0000936,2023-07-01,2023-08-15,Illness,OPEN,78107.93,5663.06,72444.87
CLM00001188,ALB-PET-0001103,P0000934,2019-05-28,2019-05-28,Injury,CLOSED,31665.21,25255.05,6410.16
CLM00001189,ALB-CLB-0002510,P0000531,2022-12-17,2022-12-17,Property Damage,CLOSED,32239.16,14047.64,18191.52
CLM00001190,ALB-CLB-0000849,P0001781,2026-04-15,2026-04-17,Injury,DECLINED,50787.61,4206.13,46581.48
CLM00001191,ALB-MOT-0005039,P0001845,2026-11-08,2026-11-13,Theft,CLOSED,14929.40,4664.76,10264.64
CLM00001192,ALB-MOT-0004443,P0002763,2022-09-07,2022-09-07,Fire,CLOSED,34451.07,17779.74,16671.33
CLM00001193,ALB-MOT-0002342,P0000869,2026-08-25,2026-08-27,Windscreen,CLOSED,45098.03,23423.97,21674.06
CLM00001194,ALB-MOT-0001565,P0002297,2022-06-02,2022-06-02,Collision,CLOSED,55826.31,44895.32,10930.99
CLM00001195,ALB-PET-0003391,P0000902,2022-07-02,2022-07-02,Illness,DECLINED,43381.20,4012.84,39368.36
CLM00001196,ALB-TRV-0003295,P0001358,2023-10-08,2023-10-09,Medical,CLOSED,23510.95,15878.85,7632.10
CLM00001197,ALB-PET-0002759,P0000298,2027-01-01,2027-01-02,Illness,CLOSED,56228.04,47518.04,8710.00
CLM00001198,ALB-HOM-0003717,P0001430,2024-03-13,2024-03-13,Escape of Water,DECLINED,73667.63,10971.65,62695.98
CLM00001199,ALB-PET-0001118,P0000500,2022-04-28,2022-04-30,Illness,REOPENED,44348.46,17371.25,26977.21
CLM00001200,ALB-PET-0004568,P0001615,2018-10-22,2018-10-22,Injury,OPEN,13869.33,3485.46,10383.87
CLM00001201,ALB-CPM-0004309,P0003116,2020-10-24,2020-10-25,Flood,OPEN,7944.61,2277.51,5667.10
CLM00001202,ALB-MOT-0001931,P0001420,2019-07-25,2019-08-06,Windscreen,CLOSED,1626.81,793.46,833.35
CLM00001203,ALB-CLB-0001951,P0000346,2019-09-27,2019-10-02,Injury,CLOSED,33711.65,10383.94,23327.71
CLM00001204,ALB-CPM-0004348,P0002644,2020-08-21,2020-08-21,Flood,CLOSED,32316.68,22800.71,9515.97
CLM00001205,ALB-TRV-0004281,P0000889,2024-07-08,2024-07-08,Cancellation,CLOSED,35434.99,24370.88,11064.11
CLM00001206,ALB-MOT-0001189,P0000778,2020-05-27,2020-06-01,Fire,DECLINED,45594.86,8775.98,36818.88
CLM00001207,ALB-PET-0002512,P0001452,2027-04-14,2027-04-19,Illness,OPEN,2910.70,1002.80,1907.90
CLM00001208,ALB-TRV-0001149,P0002155,2023-04-21,2023-04-23,Baggage,DECLINED,34543.32,8927.77,25615.55
CLM00001209,ALB-HOM-0000146,P0002340,2023-08-22,2023-08-22,Escape of Water,CLOSED,14275.86,5591.59,8684.27
CLM00001210,ALB-CPM-0004611,P0001147,2025-11-25,2025-11-26,Flood,CLOSED,36339.40,20413.63,15925.77
CLM00001211,ALB-CLB-0003344,P0001240,2022-01-01,2022-01-01,Property Damage,CLOSED,63916.65,35391.77,28524.88
CLM00001212,ALB-HOM-0000985,P0000742,2018-08-26,2018-08-31,Theft,CLOSED,41100.50,33215.49,7885.01
CLM00001213,ALB-PET-0001559,P0002788,2021-05-09,2021-05-09,Illness,CLOSED,81518.98,43400.52,38118.46
CLM00001214,ALB-CLB-0000349,P0000245,2022-05-09,2022-05-10,Injury,CLOSED,2919.13,2166.95,752.18
CLM00001215,ALB-CLB-0001681,P0001663,2023-01-04,2023-01-04,Property Damage,OPEN,20682.21,580.13,20102.08
CLM00001216,ALB-HOM-0003437,P0001116,2022-01-08,2022-01-08,Fire,CLOSED,65545.40,39972.72,25572.68
CLM00001217,ALB-PET-0000168,P0000456,2020-08-20,2020-09-01,Illness,DECLINED,40664.88,130.80,40534.08
CLM00001218,ALB-TRV-0005087,P0000988,2019-08-13,2019-08-14,Baggage,OPEN,42627.69,11496.01,31131.68
CLM00001219,ALB-HOM-0001300,P0003130,2020-02-29,2020-03-05,Theft,OPEN,26532.34,6601.56,19930.78
CLM00001220,ALB-PET-0002310,P0002671,2027-02-22,2027-02-22,Illness,CLOSED,46050.96,40425.09,5625.87
CLM00001221,ALB-MOT-0002535,P0000536,2021-09-03,2021-09-08,Vandalism,DECLINED,44610.97,1275.74,43335.23
CLM00001222,ALB-CLB-0000480,P0001818,2018-12-13,2018-12-13,Injury,CLOSED,67480.90,46551.39,20929.51
CLM00001223,ALB-HOM-0000411,P0002709,2023-10-08,2023-10-13,Theft,DECLINED,52205.56,13508.42,38697.14
CLM00001224,ALB-CLB-0003269,P0003170,2021-02-06,2021-02-11,Property Damage,CLOSED,12991.08,5661.50,7329.58
CLM00001225,ALB-TRV-0003890,P0003051,2023-11-06,2023-11-06,Cancellation,CLOSED,21356.98,16545.76,4811.22
CLM00001226,ALB-HOM-0000117,P0001944,2022-02-06,2022-02-11,Escape of Water,CLOSED,32609.94,10830.82,21779.12
CLM00001227,ALB-PET-0003374,P0002088,2023-05-17,2023-05-17,Injury,OPEN,61451.35,1074.89,60376.46
CLM00001228,ALB-PET-0004392,P0001104,2024-06-13,2024-06-13,Illness,CLOSED,17649.13,5759.44,11889.69
CLM00001229,ALB-CPM-0002932,P0000505,2019-11-12,2019-12-27,Flood,DECLINED,51354.00,12498.21,38855.79
CLM00001230,ALB-CPM-0002886,P0001961,2026-05-23,2026-05-25,Fire,REOPENED,4141.91,3238.52,903.39
CLM00001231,ALB-CPM-0000096,P0002441,2025-02-08,2025-02-08,Fire,OPEN,13956.27,973.43,12982.84
CLM00001232,ALB-CLB-0000270,P0002177,2023-06-03,2023-06-04,Property Damage,CLOSED,27809.06,26949.39,859.67
CLM00001233,ALB-CLB-0003261,P0001601,2020-04-06,2020-04-18,Property Damage,CLOSED,33761.03,33008.15,752.88
CLM00001234,ALB-PET-0000590,P0002059,2023-11-05,2023-11-10,Injury,REOPENED,37138.19,16086.83,21051.36
CLM00001235,ALB-TRV-0003048,P0000215,2020-11-27,2020-11-28,Medical,CLOSED,46442.76,33686.70,12756.06
CLM00001236,ALB-MOT-0003710,P0002077,2020-05-09,2020-05-11,Theft,CLOSED,48688.79,45919.20,2769.59
CLM00001237,ALB-HOM-0003851,P0000439,2022-09-04,2022-09-04,Theft,OPEN,36601.41,33.40,36568.01
CLM00001238,ALB-PET-0003514,P0000007,2021-01-15,2021-01-15,Illness,CLOSED,9583.71,8520.70,1063.01
CLM00001239,ALB-PET-0003874,P0002475,2019-01-30,2019-02-04,Injury,CLOSED,24104.17,13701.13,10403.04
CLM00001240,ALB-CPM-0005067,P0002237,2022-02-12,2022-02-12,Theft,OPEN,58859.68,2421.32,56438.36
CLM00001241,ALB-HOM-0002207,P0002464,2022-12-02,2022-12-03,Escape of Water,CLOSED,5802.02,5077.44,724.58
CLM00001242,ALB-CPM-0000879,P0000516,2019-02-10,2019-02-12,Flood,CLOSED,54482.81,20235.27,34247.54
CLM00001243,ALB-CLB-0002660,P0000142,2025-02-18,2025-02-19,Injury,CLOSED,43501.47,26880.52,16620.95
CLM00001244,ALB-CPM-0001802,P0003018,2025-02-24,2025-02-24,Theft,CLOSED,62915.11,56969.53,5945.58
CLM00001245,ALB-PET-0000160,P0001313,2024-08-06,2024-08-18,Illness,CLOSED,21963.36,7599.56,14363.80
CLM00001246,ALB-CPM-0000615,P0000387,2026-06-06,2026-06-06,Fire,OPEN,49496.85,7694.75,41802.10
CLM00001247,ALB-MOT-0001431,P0002663,2023-11-03,2023-11-03,Vandalism,CLOSED,26923.22,8415.56,18507.66
CLM00001248,ALB-MOT-0002980,P0001245,2024-11-18,2024-11-18,Collision,CLOSED,28359.90,21226.73,7133.17
CLM00001249,ALB-MOT-0005175,P0002713,2020-09-19,2020-09-19,Collision,OPEN,39829.46,7546.52,32282.94
CLM00001250,ALB-CLB-0003902,P0002049,2021-12-14,2021-12-14,Injury,CLOSED,57860.25,53032.91,4827.34
CLM00001251,ALB-MOT-0000717,P0001335,2023-03-18,2023-03-19,Vandalism,OPEN,1350.56,492.23,858.33
CLM00001252,ALB-CLB-0000132,P0002315,2023-11-14,2023-11-14,Property Damage,CLOSED,44987.55,23146.62,21840.93
CLM00001253,ALB-TRV-0000585,P0002084,2018-03-26,2018-03-26,Cancellation,REOPENED,73403.73,55007.07,18396.66
CLM00001254,ALB-PET-0003780,P0000839,2020-07-22,2020-07-23,Injury,CLOSED,42876.50,18815.48,24061.02
CLM00001255,ALB-CPM-0002863,P0002885,2023-01-19,2023-01-20,Fire,CLOSED,34355.36,14043.91,20311.45
CLM00001256,ALB-HOM-0002196,P0001058,2021-11-02,2021-11-03,Escape of Water,CLOSED,25245.36,10167.82,15077.54
CLM00001257,ALB-TRV-0004073,P0000691,2024-03-14,2024-03-15,Cancellation,DECLINED,42705.44,7735.81,34969.63
CLM00001258,ALB-HOM-0000950,P0001228,2022-09-22,2022-09-22,Storm,CLOSED,46152.32,40819.26,5333.06
CLM00001259,ALB-CLB-0004370,P0002466,2024-10-02,2024-10-02,Injury,OPEN,76819.07,26728.19,50090.88
CLM00001260,ALB-TRV-0005158,P0002906,2026-08-30,2026-08-30,Cancellation,CLOSED,76260.98,52586.22,23674.76
CLM00001261,ALB-CPM-0004909,P0001445,2018-09-12,2018-09-14,Fire,CLOSED,1200.30,770.10,430.20
CLM00001262,ALB-MOT-0000528,P0000096,2019-02-14,2019-02-19,Vandalism,CLOSED,47491.89,39070.94,8420.95
CLM00001263,ALB-MOT-0002595,P0000816,2019-08-25,2019-08-30,Fire,CLOSED,24124.39,14040.43,10083.96
CLM00001264,ALB-CPM-0000223,P0000499,2020-07-03,2020-07-03,Flood,REOPENED,64357.57,57650.46,6707.11
CLM00001265,ALB-PET-0001222,P0000065,2021-04-21,2021-05-03,Illness,CLOSED,28145.74,12632.81,15512.93
CLM00001266,ALB-CLB-0000897,P0000417,2024-10-23,2024-10-23,Property Damage,OPEN,39740.52,1073.24,38667.28
CLM00001267,ALB-MOT-0004564,P0000868,2025-04-27,2025-04-27,Vandalism,CLOSED,44458.08,22919.78,21538.30
CLM00001268,ALB-CLB-0002069,P0002582,2020-07-26,2020-08-07,Property Damage,CLOSED,22258.77,21495.68,763.09
CLM00001269,ALB-PET-0002384,P0000099,2020-02-09,2020-02-09,Injury,CLOSED,13386.57,13049.47,337.10
CLM00001270,ALB-TRV-0004511,P0001005,2020-12-17,2020-12-17,Baggage,CLOSED,80858.75,34696.13,46162.62
CLM00001271,ALB-MOT-0001419,P0002636,2026-02-03,2026-02-05,Vandalism,REOPENED,35517.60,17196.59,18321.01
CLM00001272,ALB-TRV-0000217,P0000229,2018-10-24,2018-10-24,Cancellation,OPEN,35566.82,1342.94,34223.88
CLM00001273,ALB-CLB-0004702,P0001726,2019-10-06,2019-10-07,Injury,CLOSED,42921.33,26592.84,16328.49
CLM00001274,ALB-HOM-0001369,P0003034,2020-02-21,2020-02-22,Accidental Damage,CLOSED,22133.24,20342.69,1790.55
CLM00001275,ALB-MOT-0001126,P0001676,2021-01-06,2021-01-07,Fire,CLOSED,6057.34,2669.73,3387.61
CLM00001276,ALB-HOM-0000281,P0000912,2020-03-30,2020-03-30,Fire,CLOSED,32339.56,13232.53,19107.03
CLM00001277,ALB-CPM-0004713,P0002899,2023-06-03,2023-06-05,Theft,CLOSED,80260.93,28952.92,51308.01
CLM00001278,ALB-HOM-0004945,P0000552,2023-02-07,2023-02-07,Accidental Damage,CLOSED,23433.13,7425.84,16007.29
CLM00001279,ALB-PET-0004101,P0000832,2020-12-24,2020-12-24,Injury,OPEN,34637.24,2115.59,32521.65
CLM00001280,ALB-HOM-0001593,P0002068,2019-02-12,2019-02-12,Fire,CLOSED,47021.65,45496.89,1524.76
CLM00001281,ALB-TRV-0001301,P0000615,2026-02-07,2026-02-07,Baggage,REOPENED,31170.87,26051.12,5119.75
CLM00001282,ALB-CLB-0005140,P0001195,2020-08-17,2020-08-29,Property Damage,CLOSED,17754.56,7443.86,10310.70
CLM00001283,ALB-PET-0002929,P0002133,2025-08-03,2025-08-03,Illness,CLOSED,77995.41,73739.82,4255.59
CLM00001284,ALB-CLB-0001901,P0001459,2023-08-12,2023-09-26,Property Damage,OPEN,40269.41,13613.39,26656.02
CLM00001285,ALB-CLB-0004074,P0000988,2023-11-26,2023-11-28,Injury,DECLINED,45179.59,2438.34,42741.25
CLM00001286,ALB-CPM-0005192,P0001756,2019-05-25,2019-05-25,Theft,CLOSED,60103.25,40770.78,19332.47
CLM00001287,ALB-CPM-0000620,P0002284,2020-09-16,2020-09-16,Fire,DECLINED,51733.01,6630.40,45102.61
CLM00001288,ALB-MOT-0000192,P0000621,2018-04-28,2018-04-30,Windscreen,OPEN,13722.31,3559.96,10162.35
CLM00001289,ALB-PET-0004881,P0000403,2019-02-09,2019-02-11,Injury,DECLINED,82276.36,442.09,81834.27
CLM00001290,ALB-PET-0000220,P0002034,2019-07-18,2019-07-30,Injury,DECLINED,80536.72,24030.52,56506.20
CLM00001291,ALB-HOM-0004844,P0000462,2021-04-23,2021-06-07,Subsidence,CLOSED,38497.63,16603.52,21894.11
CLM00001292,ALB-TRV-0000534,P0001540,2024-10-28,2024-10-28,Medical,CLOSED,18097.57,8872.06,9225.51
CLM00001293,ALB-MOT-0004227,P0001294,2019-06-20,2019-06-25,Vandalism,CLOSED,42861.64,18857.55,24004.09
CLM00001294,ALB-TRV-0002717,P0002910,2019-04-16,2019-04-16,Cancellation,OPEN,72675.18,7708.55,64966.63
CLM00001295,ALB-HOM-0000837,P0001285,2018-08-02,2018-08-02,Storm,CLOSED,14336.13,9311.19,5024.94
CLM00001296,ALB-MOT-0003603,P0002005,2022-05-20,2022-05-20,Vandalism,CLOSED,38940.74,14532.03,24408.71
CLM00001297,ALB-CPM-0000556,P0001468,2024-01-01,2024-01-02,Flood,OPEN,2486.94,627.71,1859.23
CLM00001298,ALB-HOM-0001979,P0001518,2019-09-14,2019-09-14,Fire,OPEN,6682.16,2540.78,4141.38
CLM00001299,ALB-HOM-0004700,P0001473,2026-09-23,2026-09-24,Fire,OPEN,54172.04,14835.91,39336.13
CLM00001300,ALB-MOT-0004703,P0001824,2020-01-03,2020-01-04,Theft,CLOSED,29238.90,12352.70,16886.20
CLM00001301,ALB-CLB-0000930,P0000688,2023-08-25,2023-08-25,Injury,OPEN,82442.32,3879.48,78562.84
CLM00001302,ALB-TRV-0000621,P0001855,2024-01-30,2024-02-01,Cancellation,CLOSED,74628.63,58379.83,16248.80
CLM00001303,ALB-PET-0000093,P0000673,2027-07-12,2027-07-13,Injury,CLOSED,34544.42,32278.07,2266.35
CLM00001304,ALB-TRV-0002455,P0000902,2026-08-24,2026-08-25,Medical,CLOSED,26184.46,22055.23,4129.23
CLM00001305,ALB-CLB-0000251,P0000923,2026-04-08,2026-04-09,Injury,DECLINED,32463.84,5747.33,26716.51
CLM00001306,ALB-PET-0003129,P0002869,2022-08-28,2022-09-09,Illness,CLOSED,4165.07,4097.38,67.69
CLM00001307,ALB-MOT-0003841,P0002857,2025-01-31,2025-02-01,Theft,CLOSED,58315.60,49234.01,9081.59
CLM00001308,ALB-CPM-0001269,P0001605,2021-05-09,2021-05-11,Flood,CLOSED,46976.70,43830.05,3146.65
CLM00001309,ALB-MOT-0003351,P0001458,2020-12-23,2020-12-28,Windscreen,OPEN,40746.91,5201.32,35545.59
CLM00001310,ALB-CPM-0004396,P0001263,2022-01-16,2022-01-16,Theft,CLOSED,78473.00,34617.82,43855.18
CLM00001311,ALB-TRV-0001578,P0002279,2018-06-03,2018-06-04,Medical,OPEN,81139.34,23328.55,57810.79
CLM00001312,ALB-TRV-0004428,P0000100,2020-07-27,2020-07-28,Medical,CLOSED,11039.61,9278.50,1761.11
CLM00001313,ALB-CPM-0003635,P0000160,2027-11-09,2027-11-10,Flood,OPEN,50879.61,2395.38,48484.23
CLM00001314,ALB-CPM-0003961,P0002984,2023-05-05,2023-05-05,Flood,CLOSED,7636.35,4223.21,3413.14
CLM00001315,ALB-PET-0000569,P0002720,2021-10-21,2021-10-23,Illness,DECLINED,14208.79,2510.11,11698.68
CLM00001316,ALB-TRV-0002533,P0000248,2023-11-15,2023-11-20,Baggage,CLOSED,81644.33,33047.32,48597.01
CLM00001317,ALB-HOM-0005116,P0000573,2026-06-02,2026-06-14,Storm,OPEN,78234.52,11994.23,66240.29
CLM00001318,ALB-CPM-0003393,P0002507,2020-01-05,2020-01-06,Theft,CLOSED,52641.86,46349.58,6292.28
CLM00001319,ALB-HOM-0000995,P0000542,2023-06-20,2023-06-21,Subsidence,OPEN,71492.89,8953.07,62539.82
CLM00001320,ALB-TRV-0000306,P0002316,2019-06-20,2019-06-22,Cancellation,OPEN,39351.66,296.80,39054.86
CLM00001321,ALB-CPM-0003482,P0001783,2025-09-28,2025-09-29,Theft,REOPENED,23746.09,14775.84,8970.25
CLM00001322,ALB-MOT-0000294,P0002190,2019-01-19,2019-01-21,Vandalism,CLOSED,21142.91,14355.40,6787.51
CLM00001323,ALB-TRV-0003808,P0000319,2019-07-19,2019-07-21,Baggage,REOPENED,25772.13,11585.64,14186.49
CLM00001324,ALB-HOM-0001498,P0002695,2022-07-17,2022-07-22,Escape of Water,CLOSED,49217.54,22621.38,26596.16
CLM00001325,ALB-HOM-0001614,P0001312,2022-08-01,2022-08-01,Storm,OPEN,60608.68,9603.71,51004.97
CLM00001326,ALB-CPM-0002357,P0002824,2026-01-30,2026-01-30,Flood,CLOSED,19125.05,6609.55,12515.50
CLM00001327,ALB-MOT-0003811,P0000240,2023-05-10,2023-05-11,Collision,DECLINED,62073.05,9507.72,52565.33
CLM00001328,ALB-PET-0001945,P0001787,2022-11-30,2022-12-05,Injury,CLOSED,70391.70,32763.15,37628.55
CLM00001329,ALB-TRV-0000414,P0002246,2018-11-21,2018-11-22,Medical,REOPENED,11706.57,4196.47,7510.10
CLM00001330,ALB-CPM-0004439,P0000388,2021-02-20,2021-02-21,Flood,CLOSED,35983.03,14816.93,21166.10
CLM00001331,ALB-TRV-0003798,P0001429,2018-04-28,2018-04-30,Medical,CLOSED,10810.62,4160.91,6649.71
CLM00001332,ALB-TRV-0001930,P0002109,2027-01-07,2027-01-07,Baggage,DECLINED,63564.44,12884.54,50679.90
CLM00001333,ALB-MOT-0002855,P0000431,2020-12-22,2020-12-22,Fire,CLOSED,31402.56,24886.52,6516.04
CLM00001334,ALB-PET-0000290,P0001022,2019-01-31,2019-02-02,Illness,OPEN,20400.47,3242.55,17157.92
CLM00001335,ALB-CPM-0001702,P0000508,2019-11-08,2019-11-08,Theft,CLOSED,72112.00,38673.08,33438.92
CLM00001336,ALB-TRV-0004825,P0002333,2023-09-30,2023-10-05,Cancellation,CLOSED,6021.06,3751.65,2269.41
CLM00001337,ALB-PET-0001711,P0001425,2020-10-17,2020-10-18,Injury,OPEN,31350.83,8589.58,22761.25
CLM00001338,ALB-HOM-0002045,P0001925,2023-03-23,2023-03-24,Accidental Damage,DECLINED,56799.56,16011.04,40788.52
CLM00001339,ALB-CPM-0003677,P0002664,2023-12-22,2023-12-24,Theft,REOPENED,58552.36,26861.45,31690.91
CLM00001340,ALB-CPM-0002285,P0003054,2025-12-20,2025-12-20,Flood,DECLINED,39403.01,1991.43,37411.58
CLM00001341,ALB-CPM-0003909,P0000714,2026-02-13,2026-02-14,Theft,CLOSED,68559.69,68286.61,273.08
CLM00001342,ALB-CPM-0004474,P0001424,2023-08-15,2023-08-15,Fire,CLOSED,72519.84,59214.27,13305.57
CLM00001343,ALB-MOT-0004114,P0002916,2024-04-22,2024-04-23,Collision,CLOSED,84281.42,26066.55,58214.87
CLM00001344,ALB-CPM-0003356,P0002235,2024-11-18,2024-11-19,Flood,DECLINED,5975.00,1756.40,4218.60
CLM00001345,ALB-CLB-0000322,P0000778,2019-03-17,2019-05-01,Injury,OPEN,5741.97,1663.14,4078.83
CLM00001346,ALB-CPM-0001111,P0001594,2023-12-09,2023-12-14,Flood,DECLINED,84354.40,32029.92,52324.48
CLM00001347,ALB-CPM-0004646,P0000370,2025-03-06,2025-03-08,Flood,OPEN,6790.38,1120.32,5670.06
CLM00001348,ALB-CLB-0002663,P0001385,2018-12-05,2018-12-17,Property Damage,OPEN,39199.37,7912.05,31287.32
CLM00001349,ALB-CLB-0004873,P0002414,2024-04-15,2024-04-16,Injury,CLOSED,4123.90,3518.58,605.32
CLM00001350,ALB-PET-0001911,P0001307,2020-06-04,2020-06-04,Injury,CLOSED,75614.36,41948.18,33666.18
CLM00001351,ALB-TRV-0003012,P0001067,2023-07-29,2023-08-10,Cancellation,CLOSED,73604.79,26664.25,46940.54
CLM00001352,ALB-CPM-0001153,P0001823,2019-09-16,2019-09-16,Flood,OPEN,80826.62,5401.77,75424.85
CLM00001353,ALB-CPM-0002936,P0001384,2020-12-09,2020-12-21,Flood,OPEN,1114.74,285.07,829.67
CLM00001354,ALB-TRV-0001849,P0001517,2026-11-02,2026-11-02,Medical,CLOSED,31922.71,26149.30,5773.41
CLM00001355,ALB-MOT-0004232,P0000145,2022-11-10,2022-11-12,Vandalism,CLOSED,56280.74,33018.05,23262.69
CLM00001356,ALB-HOM-0001344,P0002116,2025-08-19,2025-08-21,Subsidence,CLOSED,4095.58,2560.46,1535.12
CLM00001357,ALB-TRV-0003992,P0001160,2020-09-23,2020-09-25,Medical,CLOSED,26087.61,10623.48,15464.13
CLM00001358,ALB-CPM-0004842,P0003190,2023-12-17,2023-12-17,Flood,CLOSED,18312.95,6221.49,12091.46
CLM00001359,ALB-CLB-0005082,P0000266,2022-12-25,2022-12-27,Property Damage,CLOSED,17898.97,14703.38,3195.59
CLM00001360,ALB-HOM-0001662,P0000818,2020-12-27,2020-12-27,Storm,CLOSED,48548.21,37232.52,11315.69
CLM00001361,ALB-CLB-0004752,P0001305,2024-11-01,2024-11-13,Injury,CLOSED,55208.53,25167.56,30040.97
CLM00001362,ALB-CPM-0002702,P0002581,2020-09-26,2020-09-28,Fire,CLOSED,74358.50,35065.94,39292.56
CLM00001363,ALB-HOM-0001468,P0002251,2023-08-03,2023-08-04,Fire,DECLINED,17649.12,2112.98,15536.14
CLM00001364,ALB-CPM-0002135,P0002325,2020-07-15,2020-07-17,Fire,CLOSED,81995.87,70976.19,11019.68
CLM00001365,ALB-CLB-0001709,P0002536,2022-02-08,2022-02-08,Injury,OPEN,77320.47,8078.13,69242.34
CLM00001366,ALB-TRV-0000443,P0001253,2024-02-10,2024-02-12,Cancellation,CLOSED,15001.61,13019.98,1981.63
CLM00001367,ALB-TRV-0002264,P0001930,2021-12-14,2021-12-15,Medical,OPEN,74368.65,1827.05,72541.60
CLM00001368,ALB-MOT-0004903,P0002181,2021-07-08,2021-07-09,Collision,CLOSED,31288.34,13017.02,18271.32
CLM00001369,ALB-CPM-0001547,P0000729,2019-11-18,2019-11-20,Theft,OPEN,79776.37,28093.08,51683.29
CLM00001370,ALB-PET-0000293,P0002969,2019-08-09,2019-08-09,Illness,CLOSED,20811.63,6696.22,14115.41
CLM00001371,ALB-MOT-0003020,P0002053,2019-01-15,2019-01-17,Vandalism,CLOSED,8651.38,4279.20,4372.18
CLM00001372,ALB-CLB-0003442,P0002558,2026-07-27,2026-08-01,Injury,CLOSED,18505.22,12851.01,5654.21
CLM00001373,ALB-PET-0000977,P0001422,2022-09-23,2022-09-23,Illness,OPEN,21807.56,1182.68,20624.88
CLM00001374,ALB-CLB-0001251,P0001497,2019-08-25,2019-08-27,Injury,CLOSED,5768.35,3286.11,2482.24
CLM00001375,ALB-CLB-0003591,P0000828,2023-03-18,2023-03-19,Injury,CLOSED,34038.24,26244.35,7793.89
CLM00001376,ALB-CLB-0001839,P0001404,2023-11-27,2023-11-29,Property Damage,REOPENED,71899.58,25145.42,46754.16
CLM00001377,ALB-CLB-0003925,P0002523,2025-04-21,2025-04-22,Injury,OPEN,12376.46,1553.86,10822.60
CLM00001378,ALB-TRV-0002038,P0002992,2021-08-28,2021-08-28,Cancellation,OPEN,12110.42,241.64,11868.78
CLM00001379,ALB-PET-0001646,P0001985,2021-09-03,2021-09-04,Injury,CLOSED,1046.26,661.04,385.22
CLM00001380,ALB-HOM-0002572,P0002339,2024-02-02,2024-02-03,Storm,OPEN,44781.92,4320.33,40461.59
CLM00001381,ALB-MOT-0004538,P0001554,2023-03-27,2023-04-08,Collision,OPEN,37918.81,10186.89,27731.92
CLM00001382,ALB-TRV-0004769,P0000378,2026-03-29,2026-03-30,Cancellation,CLOSED,3506.95,3226.21,280.74
CLM00001383,ALB-PET-0000799,P0001422,2022-06-27,2022-06-28,Injury,OPEN,27638.78,8246.97,19391.81
CLM00001384,ALB-PET-0003963,P0002855,2020-01-13,2020-01-15,Illness,CLOSED,77604.99,57285.22,20319.77
CLM00001385,ALB-HOM-0001855,P0000888,2024-10-19,2025-02-16,Fire,CLOSED,19414.71,13434.60,5980.11
CLM00001386,ALB-HOM-0003696,P0002571,2027-04-29,2027-05-04,Storm,CLOSED,83423.42,49880.21,33543.21
CLM00001387,ALB-PET-0003875,P0000961,2020-12-27,2020-12-29,Illness,CLOSED,1088.72,416.03,672.69
CLM00001388,ALB-TRV-0002243,P0000260,2024-06-20,2024-06-22,Baggage,CLOSED,18447.37,16416.93,2030.44
CLM00001389,ALB-MOT-0004190,P0002075,2020-03-01,2020-03-02,Fire,DECLINED,38898.24,6103.93,32794.31
CLM00001390,ALB-HOM-0002221,P0000521,2026-06-11,2026-06-12,Theft,CLOSED,52939.82,43348.06,9591.76
CLM00001391,ALB-CPM-0003199,P0001510,2026-04-07,2026-04-07,Flood,CLOSED,73103.38,32494.54,40608.84
CLM00001392,ALB-TRV-0004750,P0000656,2019-09-22,2019-09-22,Cancellation,CLOSED,46263.86,42825.45,3438.41
CLM00001393,ALB-MOT-0001697,P0001265,2025-09-15,2025-09-15,Windscreen,CLOSED,40254.37,32510.26,7744.11
CLM00001394,ALB-CPM-0003562,P0000672,2019-05-19,2019-05-20,Theft,CLOSED,54567.37,25640.72,28926.65
CLM00001395,ALB-PET-0003253,P0000904,2024-05-16,2024-05-18,Illness,OPEN,84346.19,12148.88,72197.31
CLM00001396,ALB-MOT-0001904,P0000293,2026-05-23,2026-05-23,Vandalism,OPEN,4002.04,1244.17,2757.87
CLM00001397,ALB-CPM-0003414,P0003091,2026-09-01,2026-09-06,Flood,CLOSED,12134.41,8416.94,3717.47
CLM00001398,ALB-HOM-0001208,P0000159,2027-10-09,2027-10-10,Escape of Water,CLOSED,46791.67,23591.23,23200.44
CLM00001399,ALB-CPM-0004642,P0000659,2022-12-20,2022-12-22,Theft,CLOSED,1441.26,543.83,897.43
CLM00001400,ALB-PET-0004509,P0000164,2026-07-14,2026-07-14,Illness,DECLINED,17250.81,6634.92,10615.89
CLM00001401,ALB-CLB-0003258,P0000959,2022-02-12,2022-02-12,Injury,CLOSED,15544.90,7250.27,8294.63
CLM00001402,ALB-MOT-0002397,P0000457,2022-04-24,2022-04-24,Fire,CLOSED,2364.00,2274.59,89.41
CLM00001403,ALB-CLB-0003167,P0000777,2023-09-03,2023-09-08,Injury,DECLINED,325.28,113.92,211.36
CLM00001404,ALB-CLB-0001463,P0001230,2020-04-11,2020-04-11,Injury,CLOSED,36326.92,14703.92,21623.00
CLM00001405,ALB-CPM-0003767,P0001379,2022-09-13,2022-09-13,Flood,OPEN,84636.42,16285.31,68351.11
CLM00001406,ALB-CLB-0003897,P0001180,2026-12-18,2026-12-20,Injury,OPEN,28271.04,4160.16,24110.88
CLM00001407,ALB-CPM-0001961,P0002488,2018-09-12,2018-09-14,Theft,DECLINED,34786.15,7637.25,27148.90
CLM00001408,ALB-HOM-0000892,P0002755,2027-02-02,2027-02-02,Fire,CLOSED,19145.42,18954.35,191.07
CLM00001409,ALB-PET-0001810,P0000123,2022-10-31,2022-11-01,Injury,CLOSED,39157.41,38993.27,164.14
CLM00001410,ALB-CLB-0004953,P0001272,2024-06-10,2024-06-10,Property Damage,CLOSED,20996.74,18034.90,2961.84
CLM00001411,ALB-PET-0001745,P0001569,2022-09-04,2022-10-19,Illness,CLOSED,42072.32,38417.56,3654.76
CLM00001412,ALB-CPM-0002701,P0000639,2022-12-25,2023-02-08,Theft,OPEN,25234.70,8587.42,16647.28
CLM00001413,ALB-CPM-0004653,P0000004,2020-05-16,2020-05-18,Fire,OPEN,75826.31,15665.97,60160.34
CLM00001414,ALB-CPM-0001661,P0000027,2026-04-14,2026-04-14,Flood,CLOSED,72667.97,57108.53,15559.44
CLM00001415,ALB-CLB-0001442,P0000202,2024-12-05,2024-12-06,Injury,CLOSED,26086.16,9292.77,16793.39
CLM00001416,ALB-TRV-0002829,P0000523,2023-05-20,2023-05-21,Baggage,CLOSED,74169.72,61772.74,12396.98
CLM00001417,ALB-CPM-0002426,P0002085,2022-08-08,2022-08-10,Flood,CLOSED,54561.93,53770.67,791.26
CLM00001418,ALB-MOT-0000495,P0001972,2026-10-20,2026-10-21,Collision,CLOSED,73672.31,71201.45,2470.86
CLM00001419,ALB-PET-0003513,P0000800,2024-05-20,2024-05-20,Injury,CLOSED,30006.93,20967.83,9039.10
CLM00001420,ALB-PET-0003991,P0000643,2025-04-02,2025-04-03,Injury,OPEN,33019.62,7390.67,25628.95
CLM00001421,ALB-PET-0003794,P0001381,2018-12-02,2018-12-07,Injury,CLOSED,19563.60,6631.06,12932.54
CLM00001422,ALB-CPM-0005162,P0002071,2021-12-02,2021-12-03,Flood,OPEN,42171.85,2251.65,39920.20
CLM00001423,ALB-CPM-0002544,P0002464,2027-09-12,2027-09-12,Fire,CLOSED,22143.68,20937.50,1206.18
CLM00001424,ALB-PET-0001599,P0000938,2020-02-09,2020-02-14,Injury,OPEN,77423.37,30051.77,47371.60
CLM00001425,ALB-HOM-0003818,P0000442,2020-03-10,2020-03-11,Subsidence,CLOSED,48125.90,31531.37,16594.53
CLM00001426,ALB-MOT-0004858,P0002189,2021-04-20,2021-04-21,Theft,CLOSED,60388.54,33504.81,26883.73
CLM00001427,ALB-CPM-0004189,P0001937,2025-10-30,2025-10-30,Theft,CLOSED,55423.58,21300.51,34123.07
CLM00001428,ALB-CLB-0000283,P0002650,2023-04-03,2023-04-15,Injury,CLOSED,10364.34,6047.39,4316.95
CLM00001429,ALB-CPM-0004670,P0002240,2021-03-21,2021-03-22,Fire,CLOSED,31625.58,11455.61,20169.97
CLM00001430,ALB-TRV-0002446,P0002208,2021-08-03,2021-08-05,Baggage,OPEN,33928.59,8714.85,25213.74
CLM00001431,ALB-CPM-0000707,P0000362,2019-08-01,2019-08-03,Flood,OPEN,63102.12,11873.97,51228.15
CLM00001432,ALB-CLB-0002630,P0001495,2023-08-17,2023-08-18,Property Damage,CLOSED,71434.44,33042.48,38391.96
CLM00001433,ALB-TRV-0003763,P0000344,2025-06-18,2025-06-30,Cancellation,CLOSED,4139.52,2592.44,1547.08
CLM00001434,ALB-TRV-0004608,P0002043,2026-01-23,2026-02-04,Cancellation,CLOSED,6233.74,4522.52,1711.22
CLM00001435,ALB-HOM-0002899,P0000253,2019-08-25,2019-08-26,Storm,CLOSED,83298.89,41072.14,42226.75
CLM00001436,ALB-PET-0004656,P0000728,2021-02-09,2021-02-11,Injury,CLOSED,81014.14,68559.15,12454.99
CLM00001437,ALB-CPM-0002052,P0001705,2020-12-20,2020-12-20,Fire,CLOSED,73818.41,61319.38,12499.03
CLM00001438,ALB-PET-0002083,P0000956,2019-03-10,2019-03-12,Illness,OPEN,6393.87,769.95,5623.92
CLM00001439,ALB-PET-0004432,P0000584,2022-06-05,2022-06-06,Illness,CLOSED,74104.46,28629.84,45474.62
CLM00001440,ALB-PET-0001123,P0000098,2027-03-20,2027-03-25,Illness,CLOSED,55404.65,48101.93,7302.72
CLM00001441,ALB-CPM-0004104,P0001856,2025-12-31,2025-12-31,Flood,CLOSED,66566.80,30588.58,35978.22
CLM00001442,ALB-PET-0002747,P0001234,2019-04-02,2019-04-14,Injury,OPEN,39771.10,13935.07,25836.03
CLM00001443,ALB-HOM-0000748,P0002078,2022-07-04,2022-07-09,Escape of Water,OPEN,69135.58,3372.48,65763.10
CLM00001444,ALB-MOT-0002704,P0001891,2026-03-06,2026-03-08,Windscreen,CLOSED,42200.29,17948.36,24251.93
CLM00001445,ALB-PET-0003833,P0000544,2024-04-18,2024-04-18,Injury,OPEN,6701.09,41.11,6659.98
CLM00001446,ALB-CPM-0004206,P0000511,2026-11-11,2026-11-11,Fire,CLOSED,83339.98,52147.39,31192.59
CLM00001447,ALB-CLB-0002068,P0002057,2024-02-29,2024-03-01,Injury,CLOSED,57288.42,19651.57,37636.85
CLM00001448,ALB-CPM-0004145,P0000451,2026-11-25,2026-12-07,Theft,CLOSED,68904.00,61782.63,7121.37
CLM00001449,ALB-PET-0004174,P0002460,2025-10-10,2025-11-24,Injury,CLOSED,41345.23,28502.87,12842.36
CLM00001450,ALB-TRV-0001675,P0000779,2023-01-24,2023-01-24,Cancellation,CLOSED,28905.83,20263.63,8642.20
CLM00001451,ALB-HOM-0000866,P0002138,2027-12-20,2027-12-22,Theft,OPEN,47600.21,3625.98,43974.23
CLM00001452,ALB-CLB-0002177,P0000448,2026-11-27,2026-11-27,Injury,CLOSED,24903.63,18153.96,6749.67
CLM00001453,ALB-CPM-0000119,P0001208,2026-04-21,2026-04-22,Flood,OPEN,1201.82,142.18,1059.64
CLM00001454,ALB-CLB-0002115,P0001118,2022-12-02,2022-12-04,Property Damage,CLOSED,11804.85,7107.29,4697.56
CLM00001455,ALB-TRV-0003310,P0001877,2025-06-20,2025-06-21,Medical,CLOSED,47718.52,22608.56,25109.96
CLM00001456,ALB-TRV-0001558,P0000204,2021-07-29,2021-08-03,Medical,OPEN,33104.76,9146.46,23958.30
CLM00001457,ALB-PET-0002494,P0003124,2025-05-10,2025-05-22,Illness,OPEN,10424.31,3938.08,6486.23
CLM00001458,ALB-MOT-0004479,P0002354,2023-02-08,2023-02-08,Theft,CLOSED,61236.36,35919.72,25316.64
CLM00001459,ALB-MOT-0001870,P0001342,2026-12-27,2026-12-29,Vandalism,CLOSED,59323.56,37860.39,21463.17
CLM00001460,ALB-PET-0000972,P0001780,2024-12-21,2025-01-02,Illness,CLOSED,75748.98,35333.80,40415.18
CLM00001461,ALB-HOM-0003666,P0002320,2020-04-16,2020-04-18,Subsidence,OPEN,1023.12,141.42,881.70
CLM00001462,ALB-MOT-0000524,P0002542,2026-08-27,2026-08-29,Fire,OPEN,43155.21,9793.84,33361.37
CLM00001463,ALB-TRV-0000467,P0002802,2020-11-03,2020-11-15,Baggage,REOPENED,51045.92,18537.13,32508.79
CLM00001464,ALB-CPM-0005170,P0002736,2026-07-22,2026-07-23,Theft,CLOSED,26700.27,15621.60,11078.67
CLM00001465,ALB-PET-0002775,P0001977,2024-04-01,2024-04-01,Illness,OPEN,8903.02,3451.03,5451.99
CLM00001466,ALB-CPM-0003083,P0001813,2023-07-11,2023-07-11,Fire,CLOSED,65365.34,41670.76,23694.58
CLM00001467,ALB-TRV-0002154,P0000228,2026-07-20,2026-07-25,Medical,CLOSED,76552.48,29180.88,47371.60
CLM00001468,ALB-HOM-0001868,P0001755,2023-12-23,2023-12-23,Storm,CLOSED,57411.80,25961.49,31450.31
CLM00001469,ALB-HOM-0004553,P0001547,2023-06-17,2023-06-22,Accidental Damage,CLOSED,39826.78,32119.76,7707.02
CLM00001470,ALB-TRV-0001944,P0003163,2022-08-02,2022-08-03,Baggage,OPEN,25672.16,10046.20,15625.96
CLM00001471,ALB-CLB-0001847,P0001884,2021-09-15,2021-09-17,Property Damage,DECLINED,10523.08,2580.64,7942.44
CLM00001472,ALB-CLB-0004742,P0000866,2021-08-22,2021-08-22,Property Damage,CLOSED,33742.86,27891.78,5851.08
CLM00001473,ALB-HOM-0001221,P0002622,2025-06-03,2025-06-04,Subsidence,CLOSED,41049.11,27304.73,13744.38
CLM00001474,ALB-PET-0000709,P0000355,2022-05-31,2022-05-31,Injury,OPEN,1277.16,210.92,1066.24
CLM00001475,ALB-PET-0003769,P0003107,2020-01-30,2020-01-31,Injury,CLOSED,2448.75,1800.76,647.99
CLM00001476,ALB-PET-0001204,P0002746,2025-10-07,2025-10-08,Injury,DECLINED,56996.47,6740.96,50255.51
CLM00001477,ALB-PET-0001268,P0002194,2020-10-01,2020-10-13,Injury,CLOSED,21153.81,20938.44,215.37
CLM00001478,ALB-MOT-0003203,P0001509,2022-11-10,2022-11-10,Collision,CLOSED,57446.08,38119.97,19326.11
CLM00001479,ALB-HOM-0001002,P0003200,2022-05-24,2022-05-25,Escape of Water,CLOSED,29742.47,25829.26,3913.21
CLM00001480,ALB-HOM-0003324,P0000371,2025-08-05,2025-08-10,Storm,CLOSED,55948.14,26473.02,29475.12
CLM00001481,ALB-CPM-0001306,P0001018,2021-07-04,2021-07-04,Flood,CLOSED,6576.11,2394.21,4181.90
CLM00001482,ALB-TRV-0004905,P0000551,2025-07-08,2025-07-13,Cancellation,CLOSED,12822.00,12245.86,576.14
CLM00001483,ALB-PET-0003665,P0000482,2019-11-22,2019-11-22,Illness,OPEN,64506.16,7371.81,57134.35
CLM00001484,ALB-TRV-0003790,P0001886,2024-02-15,2024-02-27,Baggage,CLOSED,36834.52,31191.84,5642.68
CLM00001485,ALB-CLB-0001225,P0002371,2025-01-12,2025-01-24,Injury,CLOSED,40460.28,26256.51,14203.77
CLM00001486,ALB-CPM-0002112,P0000717,2020-10-04,2020-10-05,Theft,CLOSED,13221.26,6987.10,6234.16
CLM00001487,ALB-TRV-0000010,P0000487,2026-07-05,2026-07-07,Cancellation,OPEN,64291.28,12785.04,51506.24
CLM00001488,ALB-CPM-0001973,P0000568,2022-01-10,2022-01-12,Fire,CLOSED,59690.95,51752.43,7938.52
CLM00001489,ALB-CLB-0002060,P0002761,2018-06-03,2018-06-03,Property Damage,CLOSED,11804.85,3878.49,7926.36
CLM00001490,ALB-PET-0002341,P0002990,2018-09-13,2018-09-13,Injury,OPEN,22318.95,4811.61,17507.34
CLM00001491,ALB-TRV-0001044,P0001781,2024-07-31,2024-08-05,Baggage,CLOSED,42369.14,34126.71,8242.43
CLM00001492,ALB-CLB-0004469,P0002002,2022-11-05,2022-11-06,Property Damage,CLOSED,75637.05,35143.42,40493.63
CLM00001493,ALB-TRV-0003876,P0001018,2020-12-18,2020-12-19,Medical,OPEN,69047.52,8977.95,60069.57
CLM00001494,ALB-TRV-0000542,P0002329,2019-05-31,2019-05-31,Baggage,CLOSED,50046.51,22405.85,27640.66
CLM00001495,ALB-TRV-0001794,P0002069,2027-09-05,2027-09-07,Baggage,OPEN,58335.46,18853.52,39481.94
CLM00001496,ALB-MOT-0002353,P0000970,2020-01-08,2020-01-10,Theft,OPEN,54433.45,19343.06,35090.39
CLM00001497,ALB-PET-0000899,P0002101,2019-05-25,2019-05-25,Injury,REOPENED,68172.62,60017.59,8155.03
CLM00001498,ALB-CLB-0004644,P0001258,2022-04-16,2022-04-16,Injury,CLOSED,41326.07,38096.99,3229.08
CLM00001499,ALB-HOM-0003398,P0001716,2019-02-01,2019-02-01,Subsidence,OPEN,6406.92,2156.01,4250.91
CLM00001500,ALB-CPM-0001377,P0000173,2022-03-14,2022-03-14,Flood,OPEN,80730.19,27301.89,53428.30
CLM00001501,ALB-MOT-0001906,P0002197,2018-08-02,2018-11-30,Collision,CLOSED,12579.66,6420.38,6159.28
CLM00001502,ALB-HOM-0004874,P0000600,2022-05-05,2022-05-05,Fire,CLOSED,79965.60,53370.80,26594.80
CLM00001503,ALB-CLB-0004677,P0002297,2021-08-06,2021-08-07,Property Damage,CLOSED,69008.24,50671.03,18337.21
CLM00001504,ALB-CLB-0003096,P0002023,2022-04-06,2022-04-07,Property Damage,CLOSED,72032.16,31682.13,40350.03
CLM00001505,ALB-CLB-0003638,P0002817,2020-09-08,2020-09-09,Injury,CLOSED,39828.11,17292.37,22535.74
CLM00001506,ALB-HOM-0001597,P0001924,2026-10-02,2026-10-07,Storm,CLOSED,54832.52,36575.00,18257.52
CLM00001507,ALB-HOM-0003724,P0002481,2027-03-10,2027-03-22,Subsidence,CLOSED,78606.24,46555.92,32050.32
CLM00001508,ALB-TRV-0000953,P0000135,2018-11-24,2018-11-24,Cancellation,CLOSED,18333.20,14587.92,3745.28
CLM00001509,ALB-CPM-0002250,P0001388,2026-11-17,2026-11-29,Fire,CLOSED,61253.60,18460.79,42792.81
CLM00001510,ALB-CPM-0002260,P0000267,2023-10-31,2023-11-02,Theft,CLOSED,81738.76,77783.43,3955.33
CLM00001511,ALB-PET-0001838,P0002933,2023-06-20,2023-06-22,Illness,CLOSED,14462.14,13716.69,745.45
CLM00001512,ALB-HOM-0003137,P0000962,2019-07-23,2019-07-28,Accidental Damage,OPEN,79551.23,5017.33,74533.90
CLM00001513,ALB-HOM-0004893,P0000018,2022-04-21,2022-04-21,Fire,CLOSED,30396.10,10615.75,19780.35
CLM00001514,ALB-TRV-0000851,P0000868,2027-05-04,2027-05-05,Medical,CLOSED,11837.83,8225.70,3612.13
CLM00001515,ALB-CPM-0001167,P0002053,2019-08-01,2019-08-03,Flood,CLOSED,73993.34,37558.20,36435.14
CLM00001516,ALB-CPM-0004710,P0001769,2026-01-13,2026-01-14,Theft,CLOSED,19656.44,17873.02,1783.42
CLM00001517,ALB-CPM-0004110,P0000984,2024-12-21,2024-12-21,Theft,CLOSED,52365.42,47327.15,5038.27
CLM00001518,ALB-CLB-0000659,P0001299,2018-09-18,2018-09-18,Injury,CLOSED,31910.68,30659.14,1251.54
CLM00001519,ALB-CLB-0004722,P0002928,2026-10-10,2026-10-10,Property Damage,CLOSED,52537.50,23324.37,29213.13
CLM00001520,ALB-PET-0003686,P0002955,2022-04-09,2022-04-21,Injury,CLOSED,68728.07,42701.17,26026.90
CLM00001521,ALB-CLB-0002903,P0000409,2026-12-24,2026-12-26,Injury,DECLINED,15455.48,4277.99,11177.49
CLM00001522,ALB-HOM-0004089,P0002827,2020-09-07,2020-09-07,Subsidence,CLOSED,72966.75,64616.20,8350.55
CLM00001523,ALB-CLB-0004186,P0002920,2020-10-24,2020-10-24,Injury,CLOSED,26912.90,10695.39,16217.51
CLM00001524,ALB-MOT-0003855,P0002448,2023-05-11,2023-05-16,Fire,CLOSED,10973.13,9618.66,1354.47
CLM00001525,ALB-CLB-0000515,P0003043,2026-11-21,2026-11-26,Property Damage,CLOSED,6269.76,3571.59,2698.17
CLM00001526,ALB-CLB-0002200,P0002386,2026-06-09,2026-06-10,Property Damage,OPEN,15181.60,2432.40,12749.20
CLM00001527,ALB-PET-0004843,P0001029,2024-12-23,2024-12-24,Illness,OPEN,71723.81,12461.66,59262.15
CLM00001528,ALB-CPM-0003149,P0002372,2022-01-31,2022-02-05,Fire,OPEN,51293.68,19232.40,32061.28
CLM00001529,ALB-HOM-0003177,P0002368,2024-03-22,2024-03-22,Fire,OPEN,15947.86,5185.00,10762.86
CLM00001530,ALB-CLB-0003743,P0001153,2024-12-16,2024-12-16,Injury,CLOSED,39451.21,20073.25,19377.96
CLM00001531,ALB-TRV-0000700,P0002090,2023-02-24,2023-02-24,Medical,REOPENED,32824.28,24149.15,8675.13
CLM00001532,ALB-PET-0003812,P0001379,2022-10-19,2022-10-24,Injury,CLOSED,25440.46,13295.15,12145.31
CLM00001533,ALB-CPM-0000910,P0001112,2020-01-14,2020-01-26,Flood,OPEN,36916.66,8302.43,28614.23
CLM00001534,ALB-CLB-0000409,P0001249,2025-05-04,2025-05-04,Injury,CLOSED,72692.26,36460.11,36232.15
CLM00001535,ALB-CPM-0002992,P0000850,2025-09-04,2025-09-04,Fire,CLOSED,61114.36,40880.43,20233.93
CLM00001536,ALB-PET-0003990,P0000982,2027-05-14,2027-05-16,Illness,CLOSED,13842.49,12557.49,1285.00
CLM00001537,ALB-CPM-0002573,P0001511,2021-06-21,2021-06-23,Theft,CLOSED,25563.42,14618.86,10944.56
CLM00001538,ALB-CLB-0004595,P0001414,2025-06-20,2025-06-21,Injury,CLOSED,26597.93,15901.75,10696.18
CLM00001539,ALB-CPM-0000032,P0002182,2025-10-19,2025-10-21,Fire,OPEN,6782.64,396.27,6386.37
CLM00001540,ALB-CLB-0003487,P0002181,2021-04-18,2021-04-20,Injury,CLOSED,31176.55,12616.64,18559.91
CLM00001541,ALB-CLB-0001130,P0002181,2022-06-22,2022-07-04,Injury,OPEN,71246.89,6545.90,64700.99
CLM00001542,ALB-PET-0000008,P0000565,2019-10-13,2019-10-13,Injury,DECLINED,50365.37,9631.47,40733.90
CLM00001543,ALB-PET-0000025,P0001241,2024-12-08,2024-12-09,Injury,CLOSED,11449.54,10754.96,694.58
CLM00001544,ALB-CLB-0004199,P0001888,2024-05-02,2024-05-02,Property Damage,OPEN,46850.91,18177.92,28672.99
CLM00001545,ALB-HOM-0001371,P0002648,2022-04-19,2022-04-19,Theft,OPEN,53054.06,9124.18,43929.88
CLM00001546,ALB-MOT-0000266,P0000144,2023-11-18,2023-11-19,Vandalism,CLOSED,70243.06,41670.81,28572.25
CLM00001547,ALB-HOM-0000668,P0002699,2027-04-03,2027-04-05,Theft,CLOSED,29693.46,24713.56,4979.90
CLM00001548,ALB-MOT-0003850,P0000867,2022-03-10,2022-03-11,Theft,CLOSED,76293.60,36937.03,39356.57
CLM00001549,ALB-CPM-0002518,P0001702,2019-10-11,2019-10-23,Fire,CLOSED,36732.69,21369.19,15363.50
CLM00001550,ALB-CLB-0001057,P0001095,2018-02-23,2018-02-28,Injury,CLOSED,63903.26,36349.96,27553.30
CLM00001551,ALB-HOM-0002166,P0000370,2020-02-12,2020-02-13,Fire,CLOSED,46264.37,21743.77,24520.60
CLM00001552,ALB-CPM-0005046,P0001509,2019-06-19,2019-06-19,Fire,CLOSED,1549.20,774.64,774.56
CLM00001553,ALB-MOT-0002521,P0001118,2026-01-29,2026-01-29,Vandalism,OPEN,6316.69,1992.69,4324.00
CLM00001554,ALB-MOT-0000776,P0002941,2024-04-17,2024-04-18,Vandalism,DECLINED,8257.80,1169.34,7088.46
CLM00001555,ALB-CPM-0001349,P0001626,2020-09-18,2020-09-23,Theft,CLOSED,66060.42,57466.35,8594.07
CLM00001556,ALB-MOT-0003250,P0002519,2018-11-17,2018-11-17,Windscreen,CLOSED,76251.62,25490.22,50761.40
CLM00001557,ALB-PET-0004111,P0002725,2020-11-19,2020-11-19,Injury,CLOSED,50500.32,40114.32,10386.00
CLM00001558,ALB-MOT-0001220,P0001223,2021-12-23,2021-12-23,Fire,OPEN,22375.75,2983.44,19392.31
CLM00001559,ALB-MOT-0002489,P0001939,2021-09-09,2021-09-10,Windscreen,DECLINED,61030.43,20238.03,40792.40
CLM00001560,ALB-HOM-0001470,P0000640,2020-06-17,2020-06-17,Fire,CLOSED,22361.78,13091.05,9270.73
CLM00001561,ALB-CPM-0000804,P0000738,2022-07-11,2022-07-12,Theft,OPEN,39571.31,2623.33,36947.98
CLM00001562,ALB-TRV-0001784,P0002365,2018-09-01,2018-09-06,Medical,CLOSED,82678.75,59657.51,23021.24
CLM00001563,ALB-CLB-0004478,P0002148,2026-10-06,2026-10-07,Injury,CLOSED,22001.13,10088.42,11912.71
CLM00001564,ALB-PET-0004672,P0002967,2026-02-06,2026-02-11,Illness,CLOSED,33462.54,17706.27,15756.27
CLM00001565,ALB-MOT-0000204,P0000632,2025-07-28,2025-11-25,Collision,CLOSED,80327.29,41306.56,39020.73
CLM00001566,ALB-CLB-0000963,P0001675,2018-12-01,2018-12-03,Injury,CLOSED,20585.56,14759.51,5826.05
CLM00001567,ALB-PET-0003097,P0003145,2026-01-09,2026-01-09,Illness,DECLINED,46747.45,7354.10,39393.35
CLM00001568,ALB-CLB-0003786,P0001864,2018-05-17,2018-05-18,Injury,CLOSED,23393.67,19143.99,4249.68
CLM00001569,ALB-MOT-0004562,P0002016,2022-01-04,2022-01-04,Theft,CLOSED,5716.31,3437.90,2278.41
CLM00001570,ALB-MOT-0001799,P0002195,2027-08-06,2027-08-06,Collision,REOPENED,60018.76,26482.55,33536.21
CLM00001571,ALB-HOM-0000154,P0001744,2020-03-08,2020-03-10,Theft,CLOSED,12652.65,4675.49,7977.16
CLM00001572,ALB-PET-0004526,P0000236,2026-05-15,2026-05-17,Illness,OPEN,65876.59,5565.97,60310.62
CLM00001573,ALB-PET-0002758,P0003120,2020-03-13,2020-03-13,Illness,OPEN,37063.76,2837.31,34226.45
CLM00001574,ALB-MOT-0004368,P0002687,2024-03-28,2024-03-30,Theft,CLOSED,1800.25,1095.79,704.46
CLM00001575,ALB-MOT-0004996,P0001484,2021-06-12,2021-06-13,Collision,REOPENED,1373.31,1220.64,152.67
CLM00001576,ALB-PET-0003658,P0000569,2018-09-18,2018-09-18,Illness,CLOSED,38452.12,18335.39,20116.73
CLM00001577,ALB-TRV-0000819,P0002139,2021-08-31,2021-09-12,Cancellation,CLOSED,3505.27,2828.67,676.60
CLM00001578,ALB-CLB-0001720,P0002915,2020-05-01,2020-05-01,Property Damage,OPEN,82071.12,25293.63,56777.49
CLM00001579,ALB-PET-0002583,P0001634,2019-05-24,2019-05-26,Injury,DECLINED,5199.29,182.58,5016.71
CLM00001580,ALB-PET-0003034,P0002943,2019-09-22,2019-09-24,Injury,CLOSED,23361.00,8695.82,14665.18
CLM00001581,ALB-TRV-0004019,P0000861,2019-10-19,2019-10-20,Medical,OPEN,7159.46,503.99,6655.47
CLM00001582,ALB-PET-0000921,P0001697,2027-04-22,2027-04-24,Injury,DECLINED,28475.08,2782.11,25692.97
CLM00001583,ALB-MOT-0001561,P0000262,2020-11-02,2020-11-02,Collision,CLOSED,65551.49,61461.80,4089.69
CLM00001584,ALB-PET-0004667,P0001342,2022-02-07,2022-02-08,Injury,CLOSED,72045.43,66664.21,5381.22
CLM00001585,ALB-PET-0000575,P0002920,2021-07-25,2021-07-30,Illness,CLOSED,46154.54,29499.23,16655.31
CLM00001586,ALB-HOM-0001637,P0003032,2019-08-13,2019-08-13,Theft,CLOSED,33670.09,10947.29,22722.80
CLM00001587,ALB-MOT-0003668,P0001965,2022-03-29,2022-04-03,Windscreen,CLOSED,83082.75,37243.33,45839.42
CLM00001588,ALB-PET-0003814,P0000173,2023-07-22,2023-07-23,Injury,CLOSED,26211.32,21023.81,5187.51
CLM00001589,ALB-CPM-0002218,P0002374,2024-12-09,2024-12-11,Theft,CLOSED,9255.10,3252.63,6002.47
CLM00001590,ALB-HOM-0004235,P0001570,2023-03-27,2023-03-27,Fire,CLOSED,37020.89,22770.21,14250.68
CLM00001591,ALB-TRV-0004916,P0002355,2026-07-21,2026-07-23,Cancellation,CLOSED,18396.57,13974.19,4422.38
CLM00001592,ALB-MOT-0002059,P0001950,2022-09-12,2022-09-12,Collision,CLOSED,25465.59,18322.52,7143.07
CLM00001593,ALB-HOM-0004402,P0002735,2024-09-06,2024-09-08,Accidental Damage,CLOSED,24325.94,14203.50,10122.44
CLM00001594,ALB-TRV-0004808,P0002752,2019-10-18,2019-10-20,Medical,CLOSED,78948.10,73468.81,5479.29
CLM00001595,ALB-HOM-0000763,P0001052,2019-06-28,2019-06-28,Accidental Damage,REOPENED,83346.86,82620.32,726.54
CLM00001596,ALB-CPM-0001207,P0002483,2025-01-17,2025-01-18,Flood,REOPENED,7170.03,4245.72,2924.31
CLM00001597,ALB-PET-0002231,P0000571,2019-07-25,2019-07-26,Illness,OPEN,37642.52,4490.93,33151.59
CLM00001598,ALB-CLB-0000340,P0000905,2025-01-07,2025-01-07,Property Damage,OPEN,62662.48,16094.43,46568.05
CLM00001599,ALB-CLB-0000614,P0000812,2023-02-03,2023-02-03,Injury,CLOSED,35600.08,10779.82,24820.26
CLM00001600,ALB-TRV-0000247,P0001628,2021-05-27,2021-05-28,Baggage,CLOSED,16525.28,4991.73,11533.55
