POLICY_NO,PARTY_ID,LEGACY_CUSTOMER_ID,PRODUCT_CD,CHANNEL,INCEPTION_DT,EXPIRY_DT,POLICY_STATUS,active_policy_flag,ANNUAL_PREMIUM_GBP,earned_premium_gbp,postcode,postcode_dq_status,email_dq_status,BROKER_NAME
ALB-CLB-0004108,P0000002,,CLB,BROKER,2026-01-01,2027-01-01,IF,Y,4649.41,2324.71,G1 1XQ,VALID,VALID,Baker & Clarke Insurance Services Ltd
ALB-CLB-0000714,P0000003,470,CLB,BROKER,2019-01-16,2020-01-16,RN,Y,1447.37,1447.37,BS1 4ST,VALID,VALID,Davies & Taylor Insurance Services Ltd
ALB-CPM-0004653,P0000004,58,CPM,BROKER,2020-03-28,2021-03-28,RN,Y,8296.12,8296.12,M1 1AE,VALID,VALID,Khan & Smith Insurance Services Ltd
ALB-PET-0001712,P0000006,13,PET,BROKER,2025-07-24,2026-07-24,EX,N,3450.77,3450.77,YO1 6GA,VALID,VALID,Baker & Clarke Insurance Services Ltd
ALB-PET-0003514,P0000007,,PET,BROKER,2020-10-25,2021-10-25,EX,N,1781.73,1781.73,B1 1AA,VALID,VALID,Brown & Davies Insurance Services Ltd
ALB-CPM-0000880,P0000009,141,CPM,DIRECT,2018-09-21,2019-09-21,IF,Y,810.78,810.78,CF10 1EP,VALID,VALID,Wilson & Wright Insurance Services Ltd
ALB-MOT-0005034,P0000011,,MOT,BROKER,2026-02-13,2027-02-13,IF,Y,801.37,333.90,CF10 1EP,VALID,VALID,Davies & Hughes Insurance Services Ltd
ALB-PET-0001620,P0000014,72,PET,AGGREGATOR,2022-10-22,2023-10-22,IF,Y,291.43,291.43,BS1 4ST,VALID,VALID,OBrien & Green Insurance Services Ltd
ALB-CPM-0004098,P0000017,208,CPM,AGGREGATOR,2019-04-09,2020-04-08,IF,Y,7173.38,7173.38,G1 1XQ,VALID,VALID,Johnson & Hughes Insurance Services Ltd
ALB-HOM-0004893,P0000018,347,HOM,DIRECT,2021-08-30,2022-08-30,IF,Y,522.00,522.00,LS1 4AP,VALID,VALID,Hall & Patel Insurance Services Ltd
ALB-CPM-0002634,P0000020,497,CPM,DIRECT,2026-04-21,2027-04-21,IF,Y,2837.27,709.32,NR1 3QQ,VALID,VALID,Davies & Hughes Insurance Services Ltd
ALB-TRV-0002962,P0000026,,TRV,BROKER,2026-07-08,2027-07-08,CN,N,2031.53,0.00,M1 1AE,VALID,VALID,Smith & Walker Insurance Services Ltd
ALB-HOM-0003689,P0000029,45,HOM,DIRECT,2021-12-01,2022-12-01,IF,Y,672.28,672.28,NR1 3QQ,VALID,VALID,Wilson & Johnson Insurance Services Ltd
ALB-MOT-0004248,P0000030,,MOT,AGGREGATOR,2024-10-03,2025-10-03,IF,Y,1383.72,1383.72,LS1 4AP,VALID,VALID,Clarke & Davies Insurance Services Ltd
ALB-TRV-0004468,P0000031,45,TRV,DIRECT,2021-02-19,2022-02-19,IF,Y,3686.20,3686.20,EC1A 1BB,VALID,VALID,Taylor & Johnson Insurance Services Ltd
ALB-CPM-0000998,P0000032,,CPM,AGGREGATOR,2020-02-27,2021-02-26,IF,Y,3564.95,3564.95,B1 1AA,VALID,VALID,Green & Jones Insurance Services Ltd
ALB-TRV-0004354,P0000035,217,TRV,BROKER,2022-01-12,2023-01-12,RN,Y,200.90,200.90,ZZ99 9ZZ,VALID,VALID,Wilson & Johnson Insurance Services Ltd
ALB-MOT-0004955,P0000038,17,MOT,AGGREGATOR,2020-09-24,2021-09-24,EX,N,3853.77,3853.77,M1 1AE,VALID,VALID,Taylor & Johnson Insurance Services Ltd
ALB-PET-0002355,P0000040,,PET,BROKER,2019-10-04,2020-10-03,RN,Y,4124.67,4124.67,EC1A 1BB,VALID,VALID,Clarke & Wright Insurance Services Ltd
ALB-CPM-0004532,P0000041,16,CPM,DIRECT,2025-02-01,2026-02-01,IF,Y,12290.47,12290.47,LS1 4AP,VALID,VALID,OBrien & Patel Insurance Services Ltd
ALB-PET-0001238,P0000042,48,PET,BROKER,2026-09-11,2027-09-11,LP,N,468.52,0.00,BS1 4ST,VALID,VALID,Johnson & Hall Insurance Services Ltd
ALB-TRV-0002677,P0000043,488,TRV,AGGREGATOR,2020-06-02,2021-06-02,IF,Y,1446.70,1446.70,M1 1AE,VALID,VALID,Hall & Patel Insurance Services Ltd
ALB-MOT-0003524,P0000046,170,MOT,BROKER,2023-10-13,2024-10-12,LP,N,1271.40,1271.40,B1 1AA,VALID,VALID,Taylor & Wilson Insurance Services Ltd
ALB-MOT-0001155,P0000047,112,MOT,DIRECT,2026-11-12,2027-11-12,CN,N,1632.21,0.00,G1 1XQ,VALID,VALID,Baker & Wright Insurance Services Ltd
ALB-MOT-0002795,P0000048,266,MOT,BROKER,2021-09-21,2022-09-21,IF,Y,510.00,510.00,B1 1AA,VALID,VALID,Williams & Baker Insurance Services Ltd
ALB-CLB-0001659,P0000049,120,CLB,DIRECT,2018-05-29,2019-05-29,EX,N,8803.90,8803.90,B1 1AA,VALID,VALID,Baker & Hughes Insurance Services Ltd
ALB-TRV-0004601,P0000050,259,TRV,BROKER,2018-05-24,2019-05-24,RN,Y,2190.84,2190.84,B1 1AA,VALID,VALID,Baker & Wright Insurance Services Ltd
ALB-MOT-0002963,P0000051,309,MOT,BROKER,2026-04-04,2027-04-04,IF,Y,1478.09,369.52,YO1 6GA,VALID,VALID,Brown & Jones Insurance Services Ltd
ALB-PET-0001833,P0000052,14,PET,DIRECT,2019-08-31,2020-08-30,LP,N,2232.32,2232.32,M1 1AE,VALID,VALID,Clarke & Davies Insurance Services Ltd
ALB-PET-0001769,P0000053,288,PET,BROKER,2026-10-21,2027-10-21,RN,Y,259.84,0.00,M1 1AE,VALID,VALID,Baker & Wright Insurance Services Ltd
ALB-TRV-0005059,P0000057,159,TRV,BROKER,2026-07-03,2027-07-03,IF,Y,3142.93,0.00,BS1 4ST,VALID,VALID,Murphy & Johnson Insurance Services Ltd
ALB-MOT-0002766,P0000058,360,MOT,BROKER,2020-01-12,2021-01-11,RN,Y,1651.60,1651.60,CF10 1EP,VALID,VALID,Davies & Wright Insurance Services Ltd
ALB-MOT-0003287,P0000060,215,MOT,DIRECT,2026-06-19,2027-06-19,LP,N,1030.93,85.91,LS1 4AP,VALID,VALID,Baker & Williams Insurance Services Ltd
ALB-CLB-0003384,P0000064,404,CLB,BROKER,2019-06-11,2020-06-10,IF,Y,14401.84,14401.84,LS1 4AP,VALID,VALID,Robinson & Brown Insurance Services Ltd
ALB-HOM-0004422,P0000067,302,HOM,BROKER,2023-11-04,2024-11-03,IF,Y,295.58,295.58,G1 1XQ,VALID,VALID,Davies & Taylor Insurance Services Ltd
ALB-TRV-0003045,P0000068,184,TRV,DIRECT,2020-10-27,2021-10-27,RN,Y,3101.25,3101.25,,INVALID,VALID,Taylor & Walker Insurance Services Ltd
ALB-TRV-0005068,P0000069,289,TRV,AGGREGATOR,2019-03-20,2020-03-19,RN,Y,3472.56,3472.56,M1 1AE,VALID,VALID,Johnson & Murphy Insurance Services Ltd
ALB-CPM-0005131,P0000070,143,CPM,DIRECT,2023-06-26,2024-06-25,RN,Y,10459.48,10459.48,NR1 3QQ,VALID,VALID,Jones & Baker Insurance Services Ltd
ALB-TRV-0004283,P0000072,446,TRV,BROKER,2023-04-13,2024-04-12,RN,Y,1234.74,1234.74,NR1 3QQ,VALID,VALID,Baker & Clarke Insurance Services Ltd
ALB-MOT-0005197,P0000074,4,MOT,DIRECT,2025-10-02,2026-10-02,IF,Y,1867.99,1400.99,LS1 4AP,VALID,VALID,Baker & Brown Insurance Services Ltd
ALB-MOT-0002001,P0000077,,MOT,BROKER,2023-11-29,2024-11-28,IF,Y,1312.88,1312.88,RG1 1LX,VALID,VALID,Williams & Baker Insurance Services Ltd
ALB-TRV-0001177,P0000088,80,TRV,BROKER,2024-09-14,2025-09-14,RN,Y,3162.17,3162.17,NR1 3QQ,VALID,VALID,Wilson & Johnson Insurance Services Ltd
ALB-MOT-0001450,P0000090,111,MOT,BROKER,2019-03-12,2020-03-11,IF,Y,4115.32,4115.32,YO1 6GA,VALID,VALID,Davies & Hughes Insurance Services Ltd
ALB-HOM-0002952,P0000092,391,HOM,AGGREGATOR,2022-10-19,2023-10-19,RN,Y,2891.72,2891.72,CF10 1EP,VALID,VALID,Davies & Brown Insurance Services Ltd
ALB-TRV-0002467,P0000095,481,TRV,BROKER,2020-07-07,2021-07-07,EX,N,3443.69,3443.69,M1 1AE,VALID,VALID,Smith & Brown Insurance Services Ltd
ALB-MOT-0000528,P0000096,240,MOT,AGGREGATOR,2018-08-13,2019-08-13,LP,N,1377.22,1377.22,G1 1XQ,VALID,VALID,OBrien & Green Insurance Services Ltd
ALB-PET-0001123,P0000098,50,PET,DIRECT,2026-05-15,2027-05-15,LP,N,553.50,92.25,ZZ99 9ZZ,VALID,VALID,Jones & Baker Insurance Services Ltd
ALB-CPM-0004488,P0000099,,CPM,AGGREGATOR,2026-11-13,2027-11-13,IF,Y,10428.38,0.00,YO1 6GA,VALID,VALID,Walker & Wright Insurance Services Ltd
ALB-HOM-0003178,P0000102,139,HOM,BROKER,2025-12-31,2026-12-31,EX,N,2904.10,1452.05,G1 1XQ,VALID,VALID,Hall & Murphy Insurance Services Ltd
ALB-HOM-0002293,P0000104,177,HOM,DIRECT,2021-03-10,2022-03-10,RN,Y,961.42,961.42,BS1 4ST,VALID,VALID,Baker & Hughes Insurance Services Ltd
ALB-TRV-0004686,P0000105,310,TRV,BROKER,2021-11-26,2022-11-26,RN,Y,3563.04,3563.04,RG1 1LX,VALID,VALID,Davies & Taylor Insurance Services Ltd
ALB-TRV-0004719,P0000106,136,TRV,BROKER,2018-02-11,2019-02-11,LP,N,354.48,354.48,YO1 6GA,VALID,VALID,Hughes & Wright Insurance Services Ltd
ALB-MOT-0003852,P0000107,,MOT,DIRECT,2020-02-04,2021-02-03,RN,Y,3572.04,3572.04,EC1A 1BB,VALID,VALID,Baker & Wright Insurance Services Ltd
ALB-HOM-0003858,P0000108,414,HOM,BROKER,2019-08-03,2020-08-02,IF,Y,3635.55,3635.55,RG1 1LX,VALID,VALID,Green & Jones Insurance Services Ltd
ALB-CLB-0002035,P0000115,275,CLB,BROKER,2019-01-13,2020-01-13,IF,Y,1881.61,1881.61,NR1 3QQ,VALID,VALID,Green & Jones Insurance Services Ltd
ALB-HOM-0005177,P0000116,64,HOM,BROKER,2022-07-25,2023-07-25,RN,Y,180.03,180.03,M1 1AE,VALID,VALID,Walker & Wright Insurance Services Ltd
ALB-HOM-0004804,P0000117,194,HOM,BROKER,2025-08-09,2026-08-09,EX,N,2278.38,2088.52,CF10 1EP,VALID,VALID,Robinson & Brown Insurance Services Ltd
ALB-HOM-0005157,P0000118,,HOM,AGGREGATOR,2019-10-20,2020-10-19,EX,N,3950.74,3950.74,YO1 6GA,VALID,VALID,Hall & Murphy Insurance Services Ltd
ALB-CLB-0003151,P0000120,283,CLB,BROKER,2024-07-20,2025-07-20,IF,Y,4180.91,4180.91,BS1 4ST,VALID,VALID,Hall & Hall Insurance Services Ltd
ALB-PET-0004887,P0000121,151,PET,BROKER,2023-08-02,2024-08-01,EX,N,2731.09,2731.09,RG1 1LX,VALID,VALID,Wilson & Johnson Insurance Services Ltd
ALB-CPM-0004639,P0000123,425,CPM,BROKER,2023-05-25,2024-05-24,IF,Y,14592.87,14592.87,BS1 4ST,VALID,VALID,Murphy & Johnson Insurance Services Ltd
ALB-PET-0004707,P0000130,99,PET,BROKER,2021-10-02,2022-10-02,IF,Y,791.70,791.70,YO1 6GA,VALID,VALID,Smith & Walker Insurance Services Ltd
ALB-TRV-0002499,P0000132,246,TRV,DIRECT,2019-07-12,2020-07-11,IF,Y,2843.40,2843.40,CF10 1EP,VALID,VALID,Green & Murphy Insurance Services Ltd
ALB-PET-0002882,P0000137,388,PET,BROKER,2025-09-19,2026-09-19,EX,N,2566.22,2138.52,LS1 4AP,VALID,VALID,Clarke & Wright Insurance Services Ltd
ALB-HOM-0002192,P0000138,117,HOM,AGGREGATOR,2020-07-18,2021-07-18,IF,Y,3995.23,3995.23,M1 1AE,VALID,VALID,Patel & Clarke Insurance Services Ltd
ALB-CLB-0000772,P0000140,149,CLB,DIRECT,2023-09-18,2024-09-17,IF,Y,11975.97,11975.97,B1 1AA,VALID,VALID,Clarke & Davies Insurance Services Ltd
ALB-CLB-0002660,P0000142,,CLB,BROKER,2024-06-13,2025-06-13,IF,Y,14592.16,14592.16,CF10 1EP,VALID,VALID,Clarke & Davies Insurance Services Ltd
ALB-MOT-0000266,P0000144,52,MOT,BROKER,2023-07-21,2024-07-20,IF,Y,3767.21,3767.21,CF10 1EP,VALID,VALID,Taylor & Murphy Insurance Services Ltd
ALB-MOT-0004596,P0000146,,MOT,BROKER,2020-09-02,2021-09-02,LP,N,4121.74,4121.74,EC1A 1BB,VALID,VALID,Hall & Wright Insurance Services Ltd
ALB-MOT-0002883,P0000147,455,MOT,BROKER,2026-05-20,2027-05-20,IF,Y,1419.80,236.63,EC1A 1BB,VALID,VALID,Williams & Baker Insurance Services Ltd
ALB-PET-0000395,P0000149,326,PET,BROKER,2021-08-11,2022-08-11,IF,Y,2663.83,2663.83,B1 1AA,VALID,VALID,Johnson & Murphy Insurance Services Ltd
ALB-CLB-0001439,P0000153,,CLB,DIRECT,2024-11-26,2025-11-26,RN,Y,8255.05,8255.05,NR1 3QQ,VALID,VALID,Smith & Walker Insurance Services Ltd
ALB-TRV-0003632,P0000155,84,TRV,BROKER,2021-06-27,2022-06-27,RN,Y,3457.78,3457.78,BS1 4ST,VALID,VALID,Smith & Brown Insurance Services Ltd
ALB-CPM-0002673,P0000157,182,CPM,BROKER,2023-08-25,2024-08-24,EX,N,5375.99,5375.99,M1 1AE,VALID,VALID,Walker & OBrien Insurance Services Ltd
ALB-MOT-0003926,P0000158,,MOT,DIRECT,2023-08-25,2024-08-24,LP,N,3623.85,3623.85,B1 1AA,VALID,VALID,Smith & Davies Insurance Services Ltd
ALB-TRV-0003883,P0000159,,TRV,BROKER,2025-05-03,2026-05-03,IF,Y,2272.28,2272.28,G1 1XQ,VALID,VALID,Johnson & Hughes Insurance Services Ltd
ALB-CPM-0003635,P0000160,108,CPM,BROKER,2026-11-16,2027-11-16,LP,N,10057.17,0.00,BS1 4ST,VALID,VALID,Johnson & Murphy Insurance Services Ltd
ALB-MOT-0004664,P0000162,,MOT,DIRECT,2019-01-12,2020-01-12,LP,N,1277.23,1277.23,ZZ99 9ZZ,VALID,VALID,Khan & Davies Insurance Services Ltd
ALB-PET-0004681,P0000163,137,PET,BROKER,2025-01-25,2026-01-25,IF,Y,3014.54,3014.54,BS1 4ST,VALID,VALID,Smith & Brown Insurance Services Ltd
ALB-CLB-0004956,P0000164,471,CLB,BROKER,2022-07-08,2023-07-08,IF,Y,12214.63,12214.63,LS1 4AP,VALID,VALID,Hughes & Wright Insurance Services Ltd
ALB-CPM-0005156,P0000165,350,CPM,DIRECT,2025-03-24,2026-03-24,IF,Y,8928.38,8928.38,M1 1AE,VALID,VALID,Hall & Baker Insurance Services Ltd
ALB-MOT-0004633,P0000168,312,MOT,BROKER,2018-05-29,2019-05-29,RN,Y,1577.12,1577.12,CF10 1EP,VALID,VALID,Brown & Davies Insurance Services Ltd
ALB-MOT-0003672,P0000169,98,MOT,AGGREGATOR,2021-12-14,2022-12-14,IF,Y,3258.74,3258.74,RG1 1LX,VALID,VALID,Khan & Smith Insurance Services Ltd
ALB-CPM-0004513,P0000171,88,CPM,BROKER,2022-04-06,2023-04-06,RN,Y,5241.81,5241.81,CF10 1EP,VALID,VALID,Hall & Hall Insurance Services Ltd
ALB-MOT-0003239,P0000172,274,MOT,AGGREGATOR,2019-12-03,2020-12-02,CN,N,215.28,215.28,RG1 1LX,VALID,VALID,Johnson & Hall Insurance Services Ltd
ALB-PET-0003814,P0000173,439,PET,BROKER,2023-02-16,2024-02-16,RN,Y,3824.32,3824.32,G1 1XQ,VALID,VALID,Williams & Williams Insurance Services Ltd
ALB-MOT-0002703,P0000176,,MOT,BROKER,2025-11-21,2026-11-21,RN,Y,1531.47,1020.98,EC1A 1BB,VALID,VALID,Green & Jones Insurance Services Ltd
ALB-CLB-0001728,P0000178,464,CLB,BROKER,2022-01-27,2023-01-27,IF,Y,5385.97,5385.97,N/A,INVALID,VALID,Green & Jones Insurance Services Ltd
ALB-MOT-0003602,P0000179,139,MOT,BROKER,2024-09-06,2025-09-06,IF,Y,236.26,236.26,EC1A 1BB,VALID,VALID,Wilson & Wright Insurance Services Ltd
ALB-TRV-0001489,P0000183,,TRV,DIRECT,2020-04-29,2021-04-29,IF,Y,3934.76,3934.76,CF10 1EP,VALID,VALID,Davies & Hughes Insurance Services Ltd
ALB-CPM-0003545,P0000186,167,CPM,DIRECT,2024-02-17,2025-02-16,EX,N,8844.01,8844.01,RG1 1LX,VALID,VALID,OBrien & Green Insurance Services Ltd
ALB-CPM-0003463,P0000188,118,CPM,BROKER,2021-11-11,2022-11-11,CN,N,12177.42,12177.42,RG1 1LX,VALID,VALID,Wilson & Wright Insurance Services Ltd
ALB-CPM-0003824,P0000189,483,CPM,AGGREGATOR,2025-05-14,2026-05-14,LP,N,12386.27,12386.27,YO1 6GA,VALID,VALID,Hall & Patel Insurance Services Ltd
ALB-TRV-0003645,P0000190,162,TRV,BROKER,2024-09-08,2025-09-08,IF,Y,2967.25,2967.25,RG1 1LX,VALID,VALID,Baker & Hughes Insurance Services Ltd
ALB-MOT-0002094,P0000191,206,MOT,DIRECT,2024-10-17,2025-10-17,RN,Y,2606.88,2606.88,B1 1AA,VALID,VALID,Johnson & Murphy Insurance Services Ltd
ALB-CPM-0005199,P0000192,111,CPM,DIRECT,2025-01-13,2026-01-13,IF,Y,3662.25,3662.25,RG1 1LX,VALID,VALID,Green & Jones Insurance Services Ltd
ALB-TRV-0003663,P0000194,,TRV,DIRECT,2024-01-16,2025-01-15,EX,N,2590.52,2590.52,RG1 1LX,VALID,VALID,Davies & Green Insurance Services Ltd
ALB-CPM-0001638,P0000201,381,CPM,DIRECT,2023-05-29,2024-05-28,RN,Y,3630.54,3630.54,CF10 1EP,VALID,VALID,Brown & Jones Insurance Services Ltd
ALB-TRV-0001558,P0000204,377,TRV,BROKER,2020-12-31,2021-12-31,EX,N,4187.92,4187.92,RG1 1LX,VALID,VALID,Murphy & Johnson Insurance Services Ltd
ALB-CLB-0004378,P0000205,,CLB,DIRECT,2019-06-23,2020-06-22,EX,N,8934.07,8934.07,CF10 1EP,VALID,VALID,Taylor & Johnson Insurance Services Ltd
ALB-PET-0004233,P0000206,336,PET,AGGREGATOR,2024-04-23,2025-04-23,IF,Y,3666.50,3666.50,NR1 3QQ,VALID,VALID,Johnson & Murphy Insurance Services Ltd
ALB-CLB-0004487,P0000209,,CLB,DIRECT,2021-06-03,2022-06-03,RN,Y,8353.08,8353.08,LS1 4AP,VALID,VALID,Baker & Brown Insurance Services Ltd
ALB-HOM-0005169,P0000210,256,HOM,BROKER,2018-02-21,2019-02-21,IF,Y,2294.77,2294.77,RG1 1LX,VALID,VALID,Davies & Hughes Insurance Services Ltd
ALB-CLB-0003147,P0000213,330,CLB,BROKER,2024-09-19,2025-09-19,IF,Y,6720.93,6720.93,,INVALID,VALID,Brown & Jones Insurance Services Ltd
ALB-MOT-0002150,P0000214,436,MOT,BROKER,2025-05-15,2026-05-15,IF,Y,2271.73,2271.73,LS1 4AP,VALID,VALID,Wilson & Wright Insurance Services Ltd
ALB-TRV-0003048,P0000215,,TRV,DIRECT,2020-09-29,2021-09-29,LP,N,1531.08,1531.08,RG1 1LX,VALID,VALID,Baker & Clarke Insurance Services Ltd
ALB-CPM-0004003,P0000219,442,CPM,BROKER,2022-05-15,2023-05-15,LP,N,8431.80,8431.80,BS1 4ST,VALID,VALID,Green & Murphy Insurance Services Ltd
ALB-TRV-0001322,P0000220,493,TRV,DIRECT,2020-08-05,2021-08-05,IF,Y,2544.26,2544.26,EC1A 1BB,VALID,VALID,Hall & Murphy Insurance Services Ltd
ALB-MOT-0004862,P0000221,127,MOT,BROKER,2018-03-28,2019-03-28,LP,N,3673.98,3673.98,M1 1AE,VALID,VALID,Hall & Hall Insurance Services Ltd
ALB-HOM-0004688,P0000223,,HOM,DIRECT,2022-09-16,2023-09-16,IF,Y,746.75,746.75,YO1 6GA,VALID,VALID,Taylor & Wilson Insurance Services Ltd
ALB-MOT-0001606,P0000226,276,MOT,AGGREGATOR,2018-09-13,2019-09-13,IF,Y,1951.34,1951.34,LS1 4AP,VALID,VALID,Green & Murphy Insurance Services Ltd
ALB-MOT-0003245,P0000227,135,MOT,AGGREGATOR,2022-06-02,2023-06-02,IF,Y,1311.10,1311.10,BS1 4ST,VALID,VALID,Taylor & Wilson Insurance Services Ltd
ALB-TRV-0000217,P0000229,,TRV,DIRECT,2018-08-28,2019-08-28,IF,Y,3823.36,3823.36,G1 1XQ,VALID,VALID,Davies & Brown Insurance Services Ltd
ALB-MOT-0003168,P0000230,331,MOT,DIRECT,2021-07-31,2022-07-31,IF,Y,3466.94,3466.94,RG1 1LX,VALID,VALID,Taylor & Walker Insurance Services Ltd
ALB-CLB-0002784,P0000231,220,CLB,DIRECT,2018-11-24,2019-11-24,IF,Y,3830.76,3830.76,CF10 1EP,VALID,VALID,Taylor & Murphy Insurance Services Ltd
ALB-CLB-0004106,P0000232,,CLB,DIRECT,2018-04-10,2019-04-10,EX,N,10018.93,10018.93,LS1 4AP,VALID,VALID,Hall & Hall Insurance Services Ltd
ALB-PET-0003778,P0000233,299,PET,AGGREGATOR,2019-01-10,2020-01-10,IF,Y,1003.02,1003.02,NR1 3QQ,VALID,VALID,Clarke & Davies Insurance Services Ltd
ALB-CLB-0003816,P0000235,,CLB,DIRECT,2025-05-26,2026-05-26,LP,N,14025.49,14025.49,NR1 3QQ,VALID,VALID,Patel & Wilson Insurance Services Ltd
ALB-MOT-0003242,P0000241,253,MOT,BROKER,2018-02-04,2019-02-04,LP,N,1055.96,1055.96,G1 1XQ,VALID,VALID,Taylor & Johnson Insurance Services Ltd
ALB-CPM-0004929,P0000243,58,CPM,BROKER,2024-08-11,2025-08-11,RN,Y,3505.65,3505.65,BS1 4ST,VALID,VALID,Baker & Williams Insurance Services Ltd
ALB-HOM-0005037,P0000247,48,HOM,BROKER,2026-04-12,2027-04-12,IF,Y,2078.55,519.64,G1 1XQ,VALID,VALID,Brown & Jones Insurance Services Ltd
ALB-TRV-0002533,P0000248,130,TRV,DIRECT,2022-11-29,2023-11-29,IF,Y,742.61,742.61,RG1 1LX,VALID,VALID,Taylor & Johnson Insurance Services Ltd
ALB-HOM-0003275,P0000249,,HOM,DIRECT,2025-01-11,2026-01-11,RN,Y,1007.10,1007.10,BS1 4ST,VALID,VALID,Smith & Clarke Insurance Services Ltd
ALB-TRV-0004892,P0000251,25,TRV,DIRECT,2022-08-02,2023-08-02,RN,Y,639.73,639.73,M1 1AE,VALID,VALID,Murphy & Johnson Insurance Services Ltd
ALB-CLB-0004176,P0000253,79,CLB,BROKER,2022-09-30,2023-09-30,IF,Y,5893.99,5893.99,M1 1AE,VALID,VALID,Clarke & Davies Insurance Services Ltd
ALB-PET-0002620,P0000257,,PET,DIRECT,2020-10-13,2021-10-13,IF,Y,1375.11,1375.11,RG1 1LX,VALID,VALID,Walker & Wright Insurance Services Ltd
ALB-MOT-0004888,P0000258,294,MOT,BROKER,2022-09-27,2023-09-27,LP,N,1892.11,1892.11,G1 1XQ,VALID,VALID,OBrien & Green Insurance Services Ltd
ALB-TRV-0003451,P0000260,488,TRV,BROKER,2020-04-08,2021-04-08,IF,Y,1763.37,1763.37,B1 1AA,VALID,VALID,Patel & Taylor Insurance Services Ltd
ALB-MOT-0004420,P0000261,,MOT,AGGREGATOR,2019-03-14,2020-03-13,CN,N,2512.35,2512.35,B1 1AA,VALID,VALID,Baker & Clarke Insurance Services Ltd
ALB-HOM-0002170,P0000262,306,HOM,BROKER,2021-10-06,2022-10-06,CN,N,2523.00,2523.00,LS1 4AP,VALID,VALID,Smith & Walker Insurance Services Ltd
ALB-CLB-0005082,P0000266,33,CLB,BROKER,2022-04-20,2023-04-20,CN,N,7843.99,7843.99,RG1 1LX,VALID,VALID,Khan & Davies Insurance Services Ltd
ALB-CLB-0003285,P0000270,406,CLB,BROKER,2026-09-11,2027-09-11,EX,N,2210.87,0.00,NR1 3QQ,VALID,VALID,Wilson & Wright Insurance Services Ltd
ALB-CPM-0003014,P0000271,240,CPM,BROKER,2024-08-01,2025-08-01,IF,Y,7431.04,7431.04,EC1A1BB,INVALID,VALID,Davies & Brown Insurance Services Ltd
ALB-CLB-0002786,P0000272,,CLB,BROKER,2022-07-07,2023-07-07,IF,Y,12290.59,12290.59,RG1 1LX,VALID,VALID,Johnson & Hughes Insurance Services Ltd
ALB-CPM-0000222,P0000276,129,CPM,BROKER,2025-05-27,2026-05-27,LP,N,738.76,738.76,EC1A 1BB,VALID,VALID,Davies & Taylor Insurance Services Ltd
ALB-CLB-0002048,P0000277,,CLB,DIRECT,2025-04-19,2026-04-19,IF,Y,5751.35,5751.35,YO1 6GA,VALID,VALID,Khan & Davies Insurance Services Ltd
ALB-CLB-0000645,P0000281,,CLB,DIRECT,2025-07-16,2026-07-16,RN,Y,10849.40,10849.40,LS1 4AP,VALID,VALID,Green & Jones Insurance Services Ltd
ALB-CPM-0001380,P0000282,,CPM,DIRECT,2022-12-27,2023-12-27,RN,Y,8760.74,8760.74,NR1 3QQ,VALID,VALID,Wilson & Wright Insurance Services Ltd
ALB-TRV-0002628,P0000284,437,TRV,BROKER,2024-06-14,2025-06-14,RN,Y,361.72,361.72,RG1 1LX,VALID,VALID,Wilson & Wright Insurance Services Ltd
ALB-CPM-0004482,P0000285,405,CPM,BROKER,2019-02-19,2020-02-19,RN,Y,5785.96,5785.96,CF10 1EP,VALID,VALID,Smith & Clarke Insurance Services Ltd
ALB-PET-0004985,P0000289,241,PET,BROKER,2026-06-25,2027-06-25,RN,Y,3487.66,0.00,BS1 4ST,VALID,VALID,Taylor & Wilson Insurance Services Ltd
ALB-TRV-0003993,P0000290,432,TRV,AGGREGATOR,2019-08-30,2020-08-29,LP,N,1136.22,1136.22,BS1 4ST,VALID,VALID,Baker & Hughes Insurance Services Ltd
ALB-CPM-0002167,P0000291,270,CPM,BROKER,2022-05-05,2023-05-05,RN,Y,9908.05,9908.05,M1 1AE,VALID,VALID,Johnson & Murphy Insurance Services Ltd
ALB-HOM-0003565,P0000294,223,HOM,DIRECT,2022-07-05,2023-07-05,RN,Y,187.14,187.14,CF10 1EP,VALID,VALID,Baker & Hughes Insurance Services Ltd
ALB-TRV-0003234,P0000295,288,TRV,DIRECT,2020-01-21,2021-01-20,CN,N,912.39,912.39,CF10 1EP,VALID,VALID,Davies & Wright Insurance Services Ltd
ALB-PET-0002759,P0000298,396,PET,BROKER,2026-07-01,2027-07-01,LP,N,2679.87,0.00,NR1 3QQ,VALID,VALID,Hall & Khan Insurance Services Ltd
ALB-HOM-0002596,P0000300,,HOM,BROKER,2019-07-08,2020-07-07,IF,Y,2155.13,2155.13,BS1 4ST,VALID,VALID,Walker & Wright Insurance Services Ltd
ALB-MOT-0000028,P0000305,257,MOT,BROKER,2020-05-05,2021-05-05,IF,Y,2958.37,2958.37,YO1 6GA,VALID,VALID,Davies & Green Insurance Services Ltd
ALB-CPM-0003448,P0000317,400,CPM,DIRECT,2023-12-15,2024-12-14,CN,N,9005.12,9005.12,RG1 1LX,VALID,VALID,Davies & Brown Insurance Services Ltd
ALB-CPM-0004124,P0000320,,CPM,DIRECT,2018-10-21,2019-10-21,RN,Y,14228.85,14228.85,RG1 1LX,VALID,VALID,Clarke & Davies Insurance Services Ltd
ALB-MOT-0003661,P0000321,348,MOT,BROKER,2022-01-28,2023-01-28,IF,Y,3018.01,3018.01,YO1 6GA,VALID,VALID,Clarke & Wright Insurance Services Ltd
ALB-MOT-0004203,P0000323,,MOT,BROKER,2026-04-08,2027-04-08,EX,N,1619.01,404.75,RG1 1LX,VALID,VALID,Patel & Taylor Insurance Services Ltd
ALB-CLB-0003639,P0000324,83,CLB,AGGREGATOR,2026-12-25,2027-12-25,RN,Y,1124.96,0.00,G1 1XQ,VALID,VALID,Taylor & Wilson Insurance Services Ltd
ALB-CPM-0004837,P0000326,272,CPM,BROKER,2023-07-10,2024-07-09,CN,N,13011.53,13011.53,YO1 6GA,VALID,VALID,Smith & Clarke Insurance Services Ltd
ALB-HOM-0001172,P0000327,1,HOM,DIRECT,2024-05-20,2025-05-20,CN,N,1519.86,1519.86,YO1 6GA,VALID,VALID,Smith & Walker Insurance Services Ltd
ALB-CLB-0000775,P0000330,,CLB,DIRECT,2020-12-11,2021-12-11,IF,Y,9484.55,9484.55,NR1 3QQ,VALID,VALID,Baker & Brown Insurance Services Ltd
ALB-PET-0000844,P0000331,,PET,BROKER,2021-11-13,2022-11-13,LP,N,3498.14,3498.14,EC1A 1BB,VALID,VALID,Taylor & Murphy Insurance Services Ltd
ALB-PET-0000944,P0000332,181,PET,AGGREGATOR,2025-08-03,2026-08-03,RN,Y,2550.63,2338.08,BS1 4ST,VALID,VALID,Green & Jones Insurance Services Ltd
ALB-CLB-0002453,P0000333,307,CLB,DIRECT,2026-10-10,2027-10-10,LP,N,5365.88,0.00,RG1 1LX,VALID,VALID,Jones & Baker Insurance Services Ltd
ALB-TRV-0005182,P0000334,166,TRV,DIRECT,2023-02-22,2024-02-22,EX,N,2610.49,2610.49,B1 1AA,VALID,VALID,Williams & Baker Insurance Services Ltd
ALB-MOT-0004810,P0000337,331,MOT,AGGREGATOR,2022-10-23,2023-10-23,IF,Y,3661.28,3661.28,RG1 1LX,VALID,VALID,Williams & Hall Insurance Services Ltd
ALB-TRV-0004453,P0000338,356,TRV,BROKER,2025-06-04,2026-06-04,IF,Y,3190.20,3190.20,EC1A1BB,INVALID,VALID,Wilson & Johnson Insurance Services Ltd
ALB-CLB-0003940,P0000340,,CLB,AGGREGATOR,2023-07-31,2024-07-30,RN,Y,12281.59,12281.59,M1 1AE,VALID,VALID,Clarke & Davies Insurance Services Ltd
ALB-TRV-0002295,P0000342,119,TRV,DIRECT,2022-12-18,2023-12-18,IF,Y,1524.12,1524.12,M1 1AE,VALID,VALID,Wilson & Johnson Insurance Services Ltd
ALB-MOT-0005085,P0000348,123,MOT,BROKER,2024-09-17,2025-09-17,RN,Y,2268.99,2268.99,EC1A 1BB,VALID,VALID,Baker & Williams Insurance Services Ltd
ALB-CLB-0002407,P0000349,30,CLB,BROKER,2024-10-09,2025-10-09,EX,N,13741.25,13741.25,RG1 1LX,VALID,VALID,Davies & Wright Insurance Services Ltd
ALB-CPM-0004245,P0000350,124,CPM,BROKER,2018-06-18,2019-06-18,CN,N,1075.94,1075.94,EC1A 1BB,VALID,VALID,Davies & Hughes Insurance Services Ltd
ALB-CPM-0002727,P0000351,376,CPM,AGGREGATOR,2025-12-03,2026-12-03,RN,Y,6946.63,4052.20,RG1 1LX,VALID,VALID,OBrien & Green Insurance Services Ltd
ALB-HOM-0000656,P0000352,418,HOM,BROKER,2020-10-10,2021-10-10,EX,N,3933.09,3933.09,B1 1AA,VALID,VALID,Walker & Wright Insurance Services Ltd
ALB-TRV-0004310,P0000355,368,TRV,AGGREGATOR,2020-12-28,2021-12-28,IF,Y,3648.84,3648.84,BS1 4ST,VALID,VALID,Johnson & Murphy Insurance Services Ltd
ALB-CLB-0004491,P0000358,322,CLB,BROKER,2025-03-21,2026-03-21,RN,Y,13898.60,13898.60,BS1 4ST,VALID,VALID,Green & Jones Insurance Services Ltd
ALB-HOM-0002247,P0000362,352,HOM,BROKER,2020-03-02,2021-03-02,EX,N,2122.19,2122.19,YO1 6GA,VALID,VALID,Williams & Baker Insurance Services Ltd
ALB-CPM-0002497,P0000363,198,CPM,DIRECT,2023-06-25,2024-06-24,IF,Y,8945.95,8945.95,G1 1XQ,VALID,VALID,Smith & Brown Insurance Services Ltd
ALB-CLB-0004075,P0000364,,CLB,DIRECT,2021-05-09,2022-05-09,IF,Y,3190.57,3190.57,,INVALID,VALID,Green & Murphy Insurance Services Ltd
ALB-CLB-0003822,P0000366,65,CLB,AGGREGATOR,2023-07-18,2024-07-17,RN,Y,9644.81,9644.81,NR1 3QQ,VALID,VALID,Baker & Hughes Insurance Services Ltd
ALB-MOT-0003456,P0000367,223,MOT,BROKER,2026-08-29,2027-08-29,IF,Y,1482.81,0.00,LS1 4AP,VALID,VALID,Smith & Brown Insurance Services Ltd
ALB-CPM-0004646,P0000370,,CPM,BROKER,2024-09-26,2025-09-26,IF,Y,6852.48,6852.48,LS1 4AP,VALID,VALID,Green & Murphy Insurance Services Ltd
ALB-HOM-0003324,P0000371,66,HOM,BROKER,2024-12-25,2025-12-25,IF,Y,652.78,652.78,NR1 3QQ,VALID,VALID,Hall & Patel Insurance Services Ltd
ALB-CPM-0002452,P0000373,,CPM,AGGREGATOR,2024-08-17,2025-08-17,IF,Y,14665.73,14665.73,M1 1AE,VALID,VALID,Williams & Williams Insurance Services Ltd
ALB-TRV-0002610,P0000375,282,TRV,DIRECT,2018-09-20,2019-09-20,IF,Y,3753.67,3753.67,EC1A 1BB,VALID,VALID,Hall & Wright Insurance Services Ltd
ALB-MOT-0001707,P0000377,85,MOT,DIRECT,2021-09-08,2022-09-08,RN,Y,2199.67,2199.67,NR1 3QQ,VALID,VALID,Davies & Wright Insurance Services Ltd
ALB-TRV-0004769,P0000378,366,TRV,BROKER,2026-01-11,2027-01-11,IF,Y,1279.57,639.79,NR1 3QQ,VALID,VALID,OBrien & Green Insurance Services Ltd
ALB-HOM-0000733,P0000379,166,HOM,AGGREGATOR,2021-10-18,2022-10-18,IF,Y,3695.54,3695.54,G1 1XQ,VALID,VALID,Patel & Wilson Insurance Services Ltd
ALB-PET-0004250,P0000383,381,PET,DIRECT,2025-02-05,2026-02-05,IF,Y,2242.26,2242.26,NR1 3QQ,VALID,VALID,Johnson & Hughes Insurance Services Ltd
ALB-PET-0001257,P0000384,345,PET,AGGREGATOR,2024-11-22,2025-11-22,RN,Y,1763.30,1763.30,B1 1AA,VALID,VALID,OBrien & Green Insurance Services Ltd
ALB-MOT-0005117,P0000385,,MOT,AGGREGATOR,2024-05-19,2025-05-19,IF,Y,2223.63,2223.63,LS1 4AP,VALID,VALID,Johnson & Murphy Insurance Services Ltd
ALB-CPM-0000615,P0000387,311,CPM,DIRECT,2025-09-11,2026-09-11,IF,Y,9905.87,8254.89,LS1 4AP,VALID,VALID,Patel & Taylor Insurance Services Ltd
ALB-TRV-0004765,P0000388,335,TRV,BROKER,2025-06-08,2026-06-08,IF,Y,3097.26,3097.26,EC1A 1BB,VALID,VALID,Patel & Clarke Insurance Services Ltd
ALB-HOM-0005003,P0000393,,HOM,DIRECT,2019-01-22,2020-01-22,IF,Y,541.79,541.79,B1 1AA,VALID,VALID,Baker & Wright Insurance Services Ltd
ALB-CLB-0003985,P0000394,357,CLB,DIRECT,2019-06-07,2020-06-06,RN,Y,2456.83,2456.83,BS1 4ST,VALID,VALID,OBrien & Green Insurance Services Ltd
ALB-HOM-0001865,P0000395,313,HOM,DIRECT,2021-11-17,2022-11-17,LP,N,2234.01,2234.01,NR1 3QQ,VALID,VALID,Davies & Davies Insurance Services Ltd
ALB-CPM-0004655,P0000396,354,CPM,AGGREGATOR,2022-08-09,2023-08-09,EX,N,3055.26,3055.26,G1 1XQ,VALID,VALID,Taylor & Murphy Insurance Services Ltd
ALB-CLB-0002319,P0000398,225,CLB,DIRECT,2023-04-16,2024-04-15,IF,Y,6209.18,6209.18,B1 1AA,VALID,VALID,Wilson & Wright Insurance Services Ltd
ALB-TRV-0001486,P0000399,265,TRV,DIRECT,2026-02-14,2027-02-14,EX,N,379.24,158.02,LS1 4AP,VALID,VALID,Wilson & Wright Insurance Services Ltd
ALB-TRV-0004687,P0000404,24,TRV,AGGREGATOR,2018-04-15,2019-04-15,EX,N,3038.31,3038.31,NR1 3QQ,VALID,VALID,Smith & Clarke Insurance Services Ltd
ALB-PET-0005054,P0000413,401,PET,BROKER,2026-12-17,2027-12-17,EX,N,1300.29,0.00,M1 1AE,VALID,VALID,Green & Murphy Insurance Services Ltd
ALB-HOM-0004839,P0000415,,HOM,BROKER,2024-04-04,2025-04-04,LP,N,2109.35,2109.35,M1 1AE,VALID,VALID,Williams & Williams Insurance Services Ltd
ALB-HOM-0003156,P0000416,31,HOM,DIRECT,2020-10-21,2021-10-21,IF,Y,3382.30,3382.30,G1 1XQ,VALID,VALID,Williams & Hall Insurance Services Ltd
ALB-CPM-0004803,P0000417,269,CPM,DIRECT,2021-02-13,2022-02-13,IF,Y,8189.18,8189.18,M1 1AE,VALID,VALID,Davies & Brown Insurance Services Ltd
ALB-PET-0003206,P0000419,61,PET,DIRECT,2025-10-03,2026-10-03,IF,Y,3377.14,2532.86,YO1 6GA,VALID,VALID,Brown & Jones Insurance Services Ltd
ALB-TRV-0003158,P0000420,382,TRV,BROKER,2025-06-10,2026-06-10,IF,Y,212.23,212.23,M1 1AE,VALID,VALID,Smith & Clarke Insurance Services Ltd
ALB-PET-0003581,P0000422,266,PET,AGGREGATOR,2020-09-30,2021-09-30,CN,N,3660.54,3660.54,NR1 3QQ,VALID,VALID,Smith & Brown Insurance Services Ltd
ALB-CLB-0002968,P0000423,21,CLB,AGGREGATOR,2025-05-01,2026-05-01,IF,Y,874.33,874.33,NR1 3QQ,VALID,VALID,Taylor & Walker Insurance Services Ltd
ALB-HOM-0003369,P0000426,25,HOM,AGGREGATOR,2018-05-06,2019-05-06,IF,Y,220.40,220.40,B1 1AA,VALID,VALID,Smith & Davies Insurance Services Ltd
ALB-CLB-0004185,P0000431,452,CLB,DIRECT,2018-08-12,2019-08-12,CN,N,2703.81,2703.81,EC1A 1BB,VALID,VALID,Khan & Davies Insurance Services Ltd
ALB-MOT-0001358,P0000433,485,MOT,AGGREGATOR,2024-04-05,2025-04-05,IF,Y,2328.99,2328.99,LS1 4AP,VALID,VALID,Smith & Davies Insurance Services Ltd
ALB-HOM-0004998,P0000435,422,HOM,BROKER,2022-10-29,2023-10-29,RN,Y,2696.32,2696.32,G1 1XQ,VALID,VALID,Johnson & Murphy Insurance Services Ltd
ALB-HOM-0003818,P0000442,478,HOM,BROKER,2019-12-13,2020-12-12,RN,Y,535.75,535.75,YO1 6GA,VALID,VALID,Wilson & Johnson Insurance Services Ltd
ALB-MOT-0004662,P0000443,63,MOT,BROKER,2018-09-05,2019-09-05,CN,N,1827.09,1827.09,N/A,INVALID,VALID,Green & Murphy Insurance Services Ltd
ALB-PET-0001236,P0000445,,PET,BROKER,2019-08-23,2020-08-22,LP,N,1854.30,1854.30,G1 1XQ,VALID,VALID,OBrien & Green Insurance Services Ltd
ALB-CPM-0002124,P0000446,,CPM,BROKER,2023-05-11,2024-05-10,RN,Y,9141.22,9141.22,ZZ99 9ZZ,VALID,VALID,Hall & Khan Insurance Services Ltd
ALB-MOT-0002987,P0000447,201,MOT,BROKER,2019-11-30,2020-11-29,IF,Y,3674.81,3674.81,G1 1XQ,VALID,VALID,Brown & Jones Insurance Services Ltd
ALB-TRV-0000492,P0000449,248,TRV,BROKER,2026-04-02,2027-04-02,LP,N,3654.28,913.57,M1 1AE,VALID,VALID,Baker & Brown Insurance Services Ltd
ALB-MOT-0004287,P0000451,449,MOT,BROKER,2023-12-20,2024-12-19,LP,N,608.83,608.83,NR1 3QQ,VALID,VALID,Smith & Brown Insurance Services Ltd
ALB-PET-0000576,P0000452,207,PET,BROKER,2026-06-19,2027-06-19,LP,N,1849.17,154.10,G1 1XQ,VALID,VALID,Green & Patel Insurance Services Ltd
ALB-CLB-0004569,P0000454,354,CLB,BROKER,2019-03-16,2020-03-15,EX,N,11974.25,11974.25,CF10 1EP,VALID,VALID,Wilson & OBrien Insurance Services Ltd
ALB-PET-0004133,P0000455,,PET,BROKER,2024-02-07,2025-02-06,IF,Y,2590.31,2590.31,EC1A 1BB,VALID,VALID,Clarke & Wright Insurance Services Ltd
ALB-MOT-0000652,P0000456,105,MOT,BROKER,2021-01-01,2022-01-01,CN,N,3057.56,3057.56,B1 1AA,VALID,VALID,Johnson & Murphy Insurance Services Ltd
ALB-CPM-0003807,P0000459,332,CPM,DIRECT,2020-08-24,2021-08-24,RN,Y,2895.60,2895.60,M1 1AE,VALID,VALID,Taylor & Johnson Insurance Services Ltd
ALB-PET-0004932,P0000460,420,PET,AGGREGATOR,2024-07-06,2025-07-06,IF,Y,3582.85,3582.85,CF10 1EP,VALID,VALID,Davies & Davies Insurance Services Ltd
ALB-CPM-0002934,P0000461,403,CPM,BROKER,2025-08-28,2026-08-28,IF,Y,7784.49,7135.78,RG1 1LX,VALID,VALID,Wilson & Wright Insurance Services Ltd
ALB-CLB-0005022,P0000462,332,CLB,BROKER,2026-05-25,2027-05-25,LP,N,4407.96,734.66,YO1 6GA,VALID,VALID,Khan & Smith Insurance Services Ltd
ALB-CLB-0002256,P0000466,207,CLB,BROKER,2021-10-19,2022-10-19,EX,N,7677.77,7677.77,RG1 1LX,VALID,VALID,Patel & Taylor Insurance Services Ltd
ALB-CPM-0001474,P0000470,,CPM,DIRECT,2019-03-07,2020-03-06,IF,Y,6390.84,6390.84,RG1 1LX,VALID,VALID,Williams & Baker Insurance Services Ltd
ALB-PET-0004350,P0000474,91,PET,BROKER,2022-06-09,2023-06-09,CN,N,1471.35,1471.35,B1 1AA,VALID,VALID,Johnson & Hughes Insurance Services Ltd
ALB-MOT-0001654,P0000477,106,MOT,AGGREGATOR,2020-11-17,2021-11-17,EX,N,3954.18,3954.18,G1 1XQ,VALID,VALID,Robinson & Brown Insurance Services Ltd
ALB-PET-0000821,P0000481,282,PET,BROKER,2024-05-30,2025-05-30,LP,N,451.83,451.83,LS1 4AP,VALID,VALID,Taylor & Johnson Insurance Services Ltd
ALB-PET-0003665,P0000482,,PET,BROKER,2019-09-08,2020-09-07,IF,Y,2937.38,2937.38,G1 1XQ,VALID,VALID,Jones & Robinson Insurance Services Ltd
ALB-TRV-0004860,P0000484,417,TRV,AGGREGATOR,2026-06-06,2027-06-06,LP,N,2451.98,204.33,B1 1AA,VALID,VALID,Davies & Hughes Insurance Services Ltd
ALB-PET-0004572,P0000485,222,PET,AGGREGATOR,2026-10-17,2027-10-17,EX,N,3056.15,0.00,CF10 1EP,VALID,VALID,Brown & Jones Insurance Services Ltd
ALB-PET-0004817,P0000486,411,PET,AGGREGATOR,2020-03-28,2021-03-28,IF,Y,236.74,236.74,YO1 6GA,VALID,VALID,Wilson & Wright Insurance Services Ltd
ALB-TRV-0002362,P0000489,168,TRV,AGGREGATOR,2021-12-13,2022-12-13,IF,Y,2053.69,2053.69,G1 1XQ,VALID,VALID,Smith & Brown Insurance Services Ltd
ALB-TRV-0002781,P0000490,117,TRV,AGGREGATOR,2019-05-13,2020-05-12,IF,Y,2237.77,2237.77,RG1 1LX,VALID,VALID,Davies & Taylor Insurance Services Ltd
ALB-TRV-0002281,P0000495,292,TRV,BROKER,2020-06-14,2021-06-14,EX,N,401.18,401.18,YO1 6GA,VALID,VALID,Taylor & Walker Insurance Services Ltd
ALB-CLB-0003593,P0000497,104,CLB,BROKER,2024-01-27,2025-01-26,IF,Y,2768.97,2768.97,B1 1AA,VALID,VALID,Hall & Brown Insurance Services Ltd
ALB-TRV-0000589,P0000499,87,TRV,DIRECT,2020-02-24,2021-02-23,RN,Y,3357.99,3357.99,M1 1AE,VALID,VALID,Davies & Green Insurance Services Ltd
ALB-CLB-0002365,P0000500,470,CLB,BROKER,2024-09-05,2025-09-05,RN,Y,1439.90,1439.90,LS1 4AP,VALID,VALID,Patel & Taylor Insurance Services Ltd
ALB-HOM-0003706,P0000502,221,HOM,BROKER,2025-11-22,2026-11-22,RN,Y,3895.50,2597.00,EC1A 1BB,VALID,VALID,Baker & Hughes Insurance Services Ltd
ALB-TRV-0002842,P0000506,436,TRV,BROKER,2023-06-15,2024-06-14,IF,Y,4148.85,4148.85,NR1 3QQ,VALID,VALID,Walker & Wright Insurance Services Ltd
ALB-CPM-0003342,P0000508,447,CPM,DIRECT,2022-01-07,2023-01-07,IF,Y,8874.75,8874.75,LS1 4AP,VALID,VALID,Williams & Hall Insurance Services Ltd
ALB-MOT-0002400,P0000510,242,MOT,BROKER,2023-03-17,2024-03-16,IF,Y,2241.52,2241.52,CF10 1EP,VALID,VALID,Taylor & Wilson Insurance Services Ltd
ALB-CPM-0004206,P0000511,,CPM,BROKER,2026-07-17,2027-07-17,IF,Y,5037.70,0.00,RG1 1LX,VALID,VALID,Davies & Wright Insurance Services Ltd
ALB-CLB-0003165,P0000512,379,CLB,BROKER,2018-07-08,2019-07-08,EX,N,3009.26,3009.26,RG1 1LX,VALID,VALID,Hughes & Wright Insurance Services Ltd
ALB-CPM-0004369,P0000513,134,CPM,AGGREGATOR,2022-09-27,2023-09-27,RN,Y,10586.60,10586.60,G1 1XQ,VALID,VALID,Walker & OBrien Insurance Services Ltd
ALB-TRV-0003999,P0000514,256,TRV,BROKER,2022-09-23,2023-09-23,IF,Y,1537.33,1537.33,NR1 3QQ,VALID,VALID,Williams & Williams Insurance Services Ltd
ALB-CPM-0004231,P0000516,182,CPM,AGGREGATOR,2022-04-14,2023-04-14,IF,Y,1349.35,1349.35,RG1 1LX,VALID,VALID,OBrien & Patel Insurance Services Ltd
ALB-CPM-0004865,P0000518,294,CPM,BROKER,2018-04-13,2019-04-13,IF,Y,10890.11,10890.11,LS1 4AP,VALID,VALID,Hughes & Wright Insurance Services Ltd
ALB-CLB-0004416,P0000519,,CLB,BROKER,2026-02-25,2027-02-25,IF,Y,11802.87,3934.29,LS1 4AP,VALID,VALID,Smith & Walker Insurance Services Ltd
ALB-PET-0003989,P0000522,261,PET,AGGREGATOR,2018-03-06,2019-03-06,IF,Y,2317.48,2317.48,B1 1AA,VALID,VALID,Jones & Baker Insurance Services Ltd
ALB-TRV-0002829,P0000523,438,TRV,DIRECT,2022-05-23,2023-05-23,IF,Y,3462.59,3462.59,NR1 3QQ,VALID,VALID,Robinson & Brown Insurance Services Ltd
ALB-MOT-0003997,P0000524,386,MOT,BROKER,2022-11-21,2023-11-21,IF,Y,864.25,864.25,BS1 4ST,VALID,VALID,Hall & Wright Insurance Services Ltd
ALB-PET-0004992,P0000526,,PET,DIRECT,2022-08-18,2023-08-18,RN,Y,2306.70,2306.70,B1 1AA,VALID,VALID,Robinson & Brown Insurance Services Ltd
ALB-HOM-0004070,P0000527,119,HOM,BROKER,2020-04-28,2021-04-28,EX,N,3037.37,3037.37,CF10 1EP,VALID,VALID,Walker & Wright Insurance Services Ltd
ALB-PET-0003119,P0000528,219,PET,DIRECT,2025-01-01,2026-01-01,IF,Y,3558.97,3558.97,CF10 1EP,VALID,VALID,OBrien & Patel Insurance Services Ltd
ALB-MOT-0004088,P0000529,237,MOT,BROKER,2022-11-13,2023-11-13,IF,Y,1291.42,1291.42,CF10 1EP,VALID,VALID,Johnson & Murphy Insurance Services Ltd
ALB-CLB-0002510,P0000531,114,CLB,BROKER,2022-11-19,2023-11-19,IF,Y,6287.04,6287.04,N/A,INVALID,VALID,Patel & Wilson Insurance Services Ltd
ALB-CPM-0001194,P0000539,267,CPM,BROKER,2023-08-28,2024-08-27,IF,Y,8937.82,8937.82,EC1A 1BB,VALID,VALID,Hall & Baker Insurance Services Ltd
ALB-PET-0003878,P0000542,193,PET,BROKER,2018-08-24,2019-08-24,IF,Y,500.08,500.08,CF10 1EP,VALID,VALID,Patel & Clarke Insurance Services Ltd
ALB-CLB-0005139,P0000543,61,CLB,BROKER,2023-06-24,2024-06-23,IF,Y,765.98,765.98,RG1 1LX,VALID,VALID,Brown & Jones Insurance Services Ltd
ALB-HOM-0000638,P0000546,125,HOM,BROKER,2025-05-09,2026-05-09,LP,N,3316.97,3316.97,,INVALID,VALID,Hall & Wright Insurance Services Ltd
ALB-PET-0002241,P0000547,458,PET,BROKER,2026-11-07,2027-11-07,IF,Y,225.33,0.00,G1 1XQ,VALID,VALID,Brown & Jones Insurance Services Ltd
ALB-CLB-0002191,P0000549,289,CLB,AGGREGATOR,2025-10-15,2026-10-15,IF,Y,1997.43,1498.07,B1 1AA,VALID,VALID,Khan & Smith Insurance Services Ltd
ALB-TRV-0004905,P0000551,197,TRV,DIRECT,2025-07-04,2026-07-04,IF,Y,1276.26,1276.26,RG1 1LX,VALID,VALID,Wilson & Wright Insurance Services Ltd
ALB-TRV-0002888,P0000553,,TRV,DIRECT,2018-06-01,2019-06-01,IF,Y,3805.33,3805.33,CF10 1EP,VALID,VALID,Patel & Taylor Insurance Services Ltd
ALB-PET-0002502,P0000554,,PET,DIRECT,2021-12-23,2022-12-23,IF,Y,2135.33,2135.33,G1 1XQ,VALID,VALID,Walker & Wright Insurance Services Ltd
ALB-MOT-0002783,P0000556,390,MOT,AGGREGATOR,2026-02-19,2027-02-19,LP,N,3107.41,1294.75,CF10 1EP,VALID,VALID,Green & Patel Insurance Services Ltd
ALB-HOM-0004935,P0000559,477,HOM,DIRECT,2025-05-10,2026-05-10,IF,Y,3211.85,3211.85,CF10 1EP,VALID,VALID,Smith & Clarke Insurance Services Ltd
ALB-CPM-0003906,P0000561,68,CPM,BROKER,2026-09-23,2027-09-23,RN,Y,4452.59,0.00,YO1 6GA,VALID,VALID,Khan & Smith Insurance Services Ltd
ALB-MOT-0003606,P0000566,473,MOT,BROKER,2021-09-07,2022-09-07,EX,N,3716.76,3716.76,M1 1AE,VALID,VALID,Baker & Brown Insurance Services Ltd
ALB-CLB-0004914,P0000567,,CLB,DIRECT,2025-02-27,2026-02-27,IF,Y,5401.99,5401.99,YO1 6GA,VALID,VALID,Davies & Wright Insurance Services Ltd
ALB-MOT-0004224,P0000568,116,MOT,BROKER,2026-06-06,2027-06-06,IF,Y,4160.44,346.70,M1 1AE,VALID,VALID,Hall & Patel Insurance Services Ltd
ALB-PET-0003658,P0000569,428,PET,AGGREGATOR,2018-06-15,2019-06-15,EX,N,3593.72,3593.72,LS1 4AP,VALID,VALID,Williams & Williams Insurance Services Ltd
ALB-PET-0002231,P0000571,213,PET,BROKER,2019-01-10,2020-01-10,LP,N,2490.12,2490.12,,INVALID,VALID,Hughes & Wright Insurance Services Ltd
ALB-HOM-0005116,P0000573,179,HOM,BROKER,2026-03-31,2027-03-31,LP,N,2848.94,712.24,RG1 1LX,VALID,VALID,OBrien & Green Insurance Services Ltd
ALB-HOM-0002930,P0000574,258,HOM,BROKER,2026-06-30,2027-06-30,IF,Y,2779.08,0.00,LS1 4AP,VALID,VALID,Green & Patel Insurance Services Ltd
ALB-CPM-0003707,P0000575,461,CPM,BROKER,2021-11-04,2022-11-04,IF,Y,4225.53,4225.53,NR1 3QQ,VALID,VALID,Hall & Wright Insurance Services Ltd
ALB-TRV-0001831,P0000576,392,TRV,BROKER,2020-08-14,2021-08-14,IF,Y,2517.86,2517.86,RG1 1LX,VALID,VALID,Taylor & Murphy Insurance Services Ltd
ALB-HOM-0003499,P0000577,40,HOM,DIRECT,2026-03-12,2027-03-12,RN,Y,450.32,150.11,NR1 3QQ,VALID,VALID,Khan & Smith Insurance Services Ltd
ALB-CPM-0001982,P0000578,,CPM,BROKER,2025-03-30,2026-03-30,RN,Y,3760.51,3760.51,M1 1AE,VALID,VALID,Johnson & Hughes Insurance Services Ltd
ALB-CLB-0003334,P0000579,88,CLB,BROKER,2022-06-19,2023-06-19,IF,Y,13881.31,13881.31,M1 1AE,VALID,VALID,Taylor & Murphy Insurance Services Ltd
ALB-CPM-0004944,P0000581,285,CPM,BROKER,2018-02-13,2019-02-13,IF,Y,4928.28,4928.28,NR1 3QQ,VALID,VALID,Johnson & Hall Insurance Services Ltd
ALB-CPM-0004598,P0000583,56,CPM,DIRECT,2025-12-07,2026-12-07,CN,N,10273.70,5992.99,M1 1AE,VALID,VALID,Williams & Williams Insurance Services Ltd
ALB-PET-0004432,P0000584,,PET,AGGREGATOR,2021-09-03,2022-09-03,EX,N,1533.29,1533.29,B1 1AA,VALID,VALID,Patel & Wilson Insurance Services Ltd
ALB-CLB-0004560,P0000585,102,CLB,BROKER,2024-04-23,2025-04-23,IF,Y,3541.58,3541.58,LS1 4AP,VALID,VALID,Brown & Davies Insurance Services Ltd
ALB-MOT-0002238,P0000588,,MOT,AGGREGATOR,2022-01-25,2023-01-25,IF,Y,2421.28,2421.28,LS1 4AP,VALID,VALID,Davies & Brown Insurance Services Ltd
ALB-PET-0000558,P0000589,329,PET,DIRECT,2021-05-09,2022-05-09,IF,Y,2632.82,2632.82,M1 1AE,VALID,VALID,Wilson & Johnson Insurance Services Ltd
ALB-TRV-0004510,P0000590,,TRV,BROKER,2019-02-26,2020-02-26,IF,Y,725.04,725.04,YO1 6GA,VALID,VALID,Davies & Taylor Insurance Services Ltd
ALB-CLB-0003286,P0000591,419,CLB,DIRECT,2019-03-31,2020-03-30,RN,Y,14336.74,14336.74,G1 1XQ,VALID,VALID,Hall & Wright Insurance Services Ltd
ALB-MOT-0001813,P0000595,399,MOT,BROKER,2019-04-01,2020-03-31,RN,Y,3062.04,3062.04,M1 1AE,VALID,VALID,Johnson & Hughes Insurance Services Ltd
ALB-CLB-0001713,P0000597,204,CLB,BROKER,2025-01-06,2026-01-06,IF,Y,990.64,990.64,CF10 1EP,VALID,VALID,Davies & Hughes Insurance Services Ltd
ALB-HOM-0004435,P0000598,150,HOM,AGGREGATOR,2026-08-07,2027-08-07,EX,N,3130.46,0.00,CF10 1EP,VALID,VALID,Johnson & Murphy Insurance Services Ltd
ALB-CPM-0002182,P0000599,301,CPM,BROKER,2025-03-12,2026-03-12,IF,Y,13737.94,13737.94,G1 1XQ,VALID,VALID,Johnson & Hall Insurance Services Ltd
ALB-CPM-0005168,P0000600,4,CPM,BROKER,2025-08-28,2026-08-28,CN,N,9192.20,8426.18,M1 1AE,VALID,VALID,Johnson & Murphy Insurance Services Ltd
ALB-CLB-0004571,P0000602,337,CLB,BROKER,2026-01-31,2027-01-31,IF,Y,5362.37,2234.32,YO1 6GA,VALID,VALID,Hall & Khan Insurance Services Ltd
ALB-HOM-0003559,P0000603,,HOM,DIRECT,2024-08-06,2025-08-06,IF,Y,201.62,201.62,RG1 1LX,VALID,VALID,Smith & Walker Insurance Services Ltd
ALB-HOM-0005142,P0000606,318,HOM,BROKER,2019-02-26,2020-02-26,RN,Y,2289.87,2289.87,M1 1AE,VALID,VALID,Wilson & OBrien Insurance Services Ltd
ALB-HOM-0003654,P0000610,,HOM,AGGREGATOR,2024-04-25,2025-04-25,RN,Y,3251.38,3251.38,YO1 6GA,VALID,VALID,Patel & Clarke Insurance Services Ltd
ALB-PET-0004481,P0000611,131,PET,BROKER,2025-01-20,2026-01-20,IF,Y,1298.40,1298.40,RG1 1LX,VALID,VALID,Wilson & Wright Insurance Services Ltd
ALB-CPM-0003144,P0000618,342,CPM,BROKER,2024-04-19,2025-04-19,IF,Y,3840.81,3840.81,BS1 4ST,VALID,VALID,Baker & Wright Insurance Services Ltd
ALB-PET-0001088,P0000620,,PET,DIRECT,2021-11-18,2022-11-18,LP,N,1999.49,1999.49,NR1 3QQ,VALID,VALID,Hall & Brown Insurance Services Ltd
ALB-CLB-0003290,P0000622,146,CLB,BROKER,2020-03-19,2021-03-19,IF,Y,10466.25,10466.25,LS1 4AP,VALID,VALID,Green & Patel Insurance Services Ltd
ALB-MOT-0004459,P0000623,185,MOT,BROKER,2019-12-10,2020-12-09,IF,Y,1056.85,1056.85,B1 1AA,VALID,VALID,Hall & Hall Insurance Services Ltd
ALB-MOT-0004696,P0000624,305,MOT,DIRECT,2022-04-23,2023-04-23,IF,Y,1241.89,1241.89,M1 1AE,VALID,VALID,Brown & Davies Insurance Services Ltd
ALB-HOM-0003223,P0000627,270,HOM,BROKER,2019-11-29,2020-11-28,RN,Y,1477.66,1477.66,B1 1AA,VALID,VALID,Brown & Davies Insurance Services Ltd
ALB-PET-0000894,P0000629,281,PET,DIRECT,2023-05-27,2024-05-26,EX,N,1777.30,1777.30,M1 1AE,VALID,VALID,Smith & Clarke Insurance Services Ltd
ALB-CPM-0004123,P0000631,36,CPM,BROKER,2019-08-21,2020-08-20,IF,Y,6299.89,6299.89,YO1 6GA,VALID,VALID,Smith & Davies Insurance Services Ltd
ALB-PET-0004030,P0000634,134,PET,DIRECT,2022-08-02,2023-08-02,IF,Y,1195.72,1195.72,NR1 3QQ,VALID,VALID,Johnson & Murphy Insurance Services Ltd
ALB-CPM-0004570,P0000636,180,CPM,AGGREGATOR,2023-08-19,2024-08-18,CN,N,12514.91,12514.91,NR1 3QQ,VALID,VALID,Murphy & Johnson Insurance Services Ltd
ALB-CPM-0002800,P0000637,67,CPM,DIRECT,2025-10-16,2026-10-16,LP,N,7237.17,5427.88,RG1 1LX,VALID,VALID,Patel & Wilson Insurance Services Ltd
ALB-MOT-0004081,P0000639,450,MOT,DIRECT,2026-08-29,2027-08-29,IF,Y,979.72,0.00,EC1A 1BB,VALID,VALID,Green & Patel Insurance Services Ltd
ALB-HOM-0004682,P0000641,144,HOM,BROKER,2024-03-19,2025-03-19,IF,Y,621.98,621.98,BS1 4ST,VALID,VALID,Davies & Davies Insurance Services Ltd
ALB-TRV-0005198,P0000642,,TRV,AGGREGATOR,2023-08-25,2024-08-24,IF,Y,3215.95,3215.95,RG1 1LX,VALID,VALID,Smith & Clarke Insurance Services Ltd
ALB-CLB-0005132,P0000643,472,CLB,BROKER,2025-05-07,2026-05-07,CN,N,14334.51,14334.51,YO1 6GA,VALID,VALID,Williams & Williams Insurance Services Ltd
ALB-TRV-0000577,P0000645,,TRV,DIRECT,2021-04-26,2022-04-26,IF,Y,3095.33,3095.33,G1 1XQ,VALID,VALID,Baker & Hughes Insurance Services Ltd
ALB-CLB-0004576,P0000649,315,CLB,DIRECT,2018-03-01,2019-03-01,LP,N,12055.95,12055.95,G1 1XQ,VALID,VALID,Clarke & Wright Insurance Services Ltd
ALB-CPM-0000793,P0000651,,CPM,AGGREGATOR,2019-11-06,2020-11-05,IF,Y,6381.27,6381.27,G1 1XQ,VALID,VALID,Hughes & Wright Insurance Services Ltd
ALB-PET-0003394,P0000654,254,PET,BROKER,2026-01-26,2027-01-26,EX,N,2405.86,1002.44,NR1 3QQ,VALID,VALID,Khan & Davies Insurance Services Ltd
ALB-TRV-0004750,P0000656,77,TRV,AGGREGATOR,2019-06-15,2020-06-14,IF,Y,2754.23,2754.23,B1 1AA,VALID,VALID,Baker & Brown Insurance Services Ltd
ALB-MOT-0000785,P0000660,19,MOT,DIRECT,2023-04-07,2024-04-06,EX,N,3019.04,3019.04,G1 1XQ,VALID,VALID,Baker & Williams Insurance Services Ltd
ALB-PET-0004418,P0000661,3,PET,AGGREGATOR,2022-07-17,2023-07-17,RN,Y,1020.05,1020.05,NR1 3QQ,VALID,VALID,Walker & Wright Insurance Services Ltd
ALB-TRV-0000806,P0000664,325,TRV,AGGREGATOR,2020-12-03,2021-12-03,LP,N,3782.31,3782.31,EC1A 1BB,VALID,VALID,Davies & Wright Insurance Services Ltd
ALB-TRV-0004137,P0000666,264,TRV,DIRECT,2020-01-06,2021-01-05,IF,Y,3258.19,3258.19,G1 1XQ,VALID,VALID,Taylor & Murphy Insurance Services Ltd
ALB-MOT-0002315,P0000667,199,MOT,BROKER,2018-05-29,2019-05-29,EX,N,1865.90,1865.90,G1 1XQ,VALID,VALID,Clarke & Wright Insurance Services Ltd
ALB-TRV-0005100,P0000668,,TRV,DIRECT,2024-02-26,2025-02-25,IF,Y,3715.92,3715.92,RG1 1LX,VALID,VALID,Johnson & Hughes Insurance Services Ltd
ALB-CLB-0001757,P0000669,290,CLB,BROKER,2020-03-10,2021-03-10,IF,Y,10654.75,10654.75,NR1 3QQ,VALID,VALID,Walker & OBrien Insurance Services Ltd
ALB-CPM-0003562,P0000672,402,CPM,DIRECT,2019-02-19,2020-02-19,IF,Y,8478.04,8478.04,YO1 6GA,VALID,VALID,Murphy & Johnson Insurance Services Ltd
ALB-CLB-0003853,P0000674,,CLB,DIRECT,2020-10-23,2021-10-23,IF,Y,10317.92,10317.92,BS1 4ST,VALID,VALID,Baker & Clarke Insurance Services Ltd
ALB-CLB-0000257,P0000675,262,CLB,AGGREGATOR,2024-08-16,2025-08-16,RN,Y,4865.40,4865.40,BS1 4ST,VALID,VALID,Jones & Baker Insurance Services Ltd
ALB-CPM-0004065,P0000676,234,CPM,BROKER,2023-11-20,2024-11-19,IF,Y,8049.85,8049.85,G1 1XQ,VALID,VALID,Johnson & Hall Insurance Services Ltd
ALB-PET-0004056,P0000678,291,PET,BROKER,2025-12-21,2026-12-21,IF,Y,3043.93,1775.63,G1 1XQ,VALID,VALID,Baker & Wright Insurance Services Ltd
ALB-PET-0004197,P0000680,486,PET,BROKER,2020-01-14,2021-01-13,LP,N,1396.08,1396.08,CF10 1EP,VALID,VALID,Hall & Murphy Insurance Services Ltd
ALB-HOM-0002428,P0000682,268,HOM,BROKER,2019-11-20,2020-11-19,LP,N,433.44,433.44,BS1 4ST,VALID,VALID,Wilson & Johnson Insurance Services Ltd
ALB-MOT-0003041,P0000684,423,MOT,AGGREGATOR,2026-06-12,2027-06-12,EX,N,485.65,40.47,BS1 4ST,VALID,VALID,Hall & Murphy Insurance Services Ltd
ALB-TRV-0005017,P0000685,,TRV,DIRECT,2025-07-11,2026-07-11,EX,N,1552.76,1552.76,RG1 1LX,VALID,VALID,Murphy & Johnson Insurance Services Ltd
ALB-PET-0004622,P0000686,,PET,BROKER,2026-10-18,2027-10-18,RN,Y,3286.29,0.00,CF10 1EP,VALID,VALID,Clarke & Wright Insurance Services Ltd
ALB-TRV-0003122,P0000687,245,TRV,BROKER,2018-05-08,2019-05-08,IF,Y,2470.60,2470.60,CF10 1EP,VALID,VALID,Johnson & Hughes Insurance Services Ltd
ALB-CPM-0002885,P0000689,406,CPM,DIRECT,2023-07-18,2024-07-17,EX,N,11335.37,11335.37,RG1 1LX,VALID,VALID,Jones & Baker Insurance Services Ltd
ALB-MOT-0001114,P0000690,418,MOT,AGGREGATOR,2022-09-02,2023-09-02,EX,N,1194.45,1194.45,EC1A 1BB,VALID,VALID,Hall & Patel Insurance Services Ltd
ALB-HOM-0004838,P0000693,383,HOM,BROKER,2021-06-06,2022-06-06,EX,N,2239.32,2239.32,EC1A 1BB,VALID,VALID,Hall & Khan Insurance Services Ltd
ALB-CPM-0003907,P0000695,,CPM,BROKER,2022-11-10,2023-11-10,RN,Y,10736.16,10736.16,BS1 4ST,VALID,VALID,Patel & Clarke Insurance Services Ltd
ALB-CLB-0005128,P0000696,429,CLB,DIRECT,2023-01-09,2024-01-09,IF,Y,1984.71,1984.71,RG1 1LX,VALID,VALID,Baker & Clarke Insurance Services Ltd
ALB-HOM-0003109,P0000698,349,HOM,BROKER,2020-09-14,2021-09-14,RN,Y,1271.46,1271.46,M1 1AE,VALID,VALID,Smith & Brown Insurance Services Ltd
ALB-MOT-0004993,P0000699,107,MOT,BROKER,2021-03-28,2022-03-28,IF,Y,2392.36,2392.36,NR1 3QQ,VALID,VALID,Patel & Clarke Insurance Services Ltd
ALB-HOM-0003505,P0000700,167,HOM,BROKER,2023-08-28,2024-08-27,CN,N,1669.87,1669.87,M1 1AE,VALID,VALID,Patel & Taylor Insurance Services Ltd
ALB-HOM-0003444,P0000701,,HOM,DIRECT,2022-08-28,2023-08-28,IF,Y,3278.69,3278.69,CF10 1EP,VALID,VALID,Smith & Walker Insurance Services Ltd
ALB-CLB-0004476,P0000702,,CLB,BROKER,2020-06-22,2021-06-22,LP,N,7540.51,7540.51,G1 1XQ,VALID,VALID,Hall & Wright Insurance Services Ltd
ALB-CLB-0004824,P0000704,324,CLB,DIRECT,2020-08-12,2021-08-12,IF,Y,8480.79,8480.79,M1 1AE,VALID,VALID,Smith & Brown Insurance Services Ltd
ALB-CPM-0003379,P0000705,,CPM,BROKER,2019-12-30,2020-12-29,RN,Y,3118.06,3118.06,NR1 3QQ,VALID,VALID,Hall & Khan Insurance Services Ltd
ALB-CLB-0002086,P0000706,,CLB,BROKER,2019-04-19,2020-04-18,RN,Y,8741.86,8741.86,CF10 1EP,VALID,VALID,Hall & Hall Insurance Services Ltd
ALB-CPM-0003189,P0000707,393,CPM,DIRECT,2024-02-28,2025-02-27,LP,N,10990.50,10990.50,EC1A 1BB,VALID,VALID,Khan & Davies Insurance Services Ltd
ALB-MOT-0005013,P0000711,154,MOT,AGGREGATOR,2024-07-01,2025-07-01,RN,Y,1789.99,1789.99,YO1 6GA,VALID,VALID,Khan & Smith Insurance Services Ltd
ALB-HOM-0004643,P0000712,394,HOM,DIRECT,2018-09-02,2019-09-02,EX,N,300.40,300.40,RG1 1LX,VALID,VALID,Smith & Brown Insurance Services Ltd
ALB-CPM-0003909,P0000714,63,CPM,DIRECT,2025-06-30,2026-06-30,IF,Y,3870.98,3870.98,EC1A 1BB,VALID,VALID,Khan & Davies Insurance Services Ltd
ALB-HOM-0003517,P0000716,,HOM,DIRECT,2021-08-21,2022-08-21,LP,N,3177.77,3177.77,EC1A 1BB,VALID,VALID,Murphy & Johnson Insurance Services Ltd
ALB-TRV-0004255,P0000717,86,TRV,BROKER,2021-03-12,2022-03-12,IF,Y,2636.43,2636.43,EC1A1BB,INVALID,VALID,Baker & Clarke Insurance Services Ltd
ALB-CLB-0000846,P0000718,354,CLB,BROKER,2021-11-06,2022-11-06,RN,Y,12734.42,12734.42,BS1 4ST,VALID,VALID,Robinson & Brown Insurance Services Ltd
ALB-CPM-0001523,P0000720,252,CPM,BROKER,2025-05-18,2026-05-18,RN,Y,4921.76,4921.76,RG1 1LX,VALID,VALID,Smith & Davies Insurance Services Ltd
ALB-CLB-0002647,P0000722,363,CLB,DIRECT,2024-01-16,2025-01-15,IF,Y,12267.88,12267.88,LS1 4AP,VALID,VALID,Davies & Davies Insurance Services Ltd
ALB-TRV-0002770,P0000723,231,TRV,DIRECT,2021-07-31,2022-07-31,IF,Y,3221.93,3221.93,M1 1AE,VALID,VALID,Williams & Baker Insurance Services Ltd
ALB-TRV-0001174,P0000724,156,TRV,AGGREGATOR,2019-08-28,2020-08-27,RN,Y,2656.04,2656.04,YO1 6GA,VALID,VALID,Hughes & Wright Insurance Services Ltd
ALB-MOT-0002953,P0000725,491,MOT,BROKER,2019-06-28,2020-06-27,RN,Y,2053.16,2053.16,M1 1AE,VALID,VALID,Smith & Brown Insurance Services Ltd
ALB-MOT-0002824,P0000726,285,MOT,BROKER,2025-06-18,2026-06-18,RN,Y,1876.14,1876.14,RG1 1LX,VALID,VALID,Green & Jones Insurance Services Ltd
ALB-MOT-0004324,P0000727,395,MOT,AGGREGATOR,2024-09-12,2025-09-12,EX,N,2212.15,2212.15,M1 1AE,VALID,VALID,Robinson & Brown Insurance Services Ltd
ALB-PET-0004656,P0000728,420,PET,BROKER,2020-09-17,2021-09-17,EX,N,3731.47,3731.47,YO1 6GA,VALID,VALID,Walker & OBrien Insurance Services Ltd
ALB-CLB-0001519,P0000732,153,CLB,BROKER,2023-10-28,2024-10-27,IF,Y,3503.89,3503.89,RG1 1LX,VALID,VALID,Smith & Walker Insurance Services Ltd
ALB-CPM-0005081,P0000733,,CPM,BROKER,2023-09-28,2024-09-27,IF,Y,12848.79,12848.79,B1 1AA,VALID,VALID,Hall & Wright Insurance Services Ltd
ALB-CPM-0004293,P0000739,185,CPM,AGGREGATOR,2022-02-28,2023-02-28,IF,Y,12152.98,12152.98,B1 1AA,VALID,VALID,Khan & Davies Insurance Services Ltd
ALB-TRV-0004857,P0000740,,TRV,BROKER,2025-04-03,2026-04-03,IF,Y,3078.27,3078.27,LS1 4AP,VALID,VALID,Davies & Wright Insurance Services Ltd
ALB-CLB-0004900,P0000742,78,CLB,AGGREGATOR,2019-09-05,2020-09-04,EX,N,12786.24,12786.24,LS1 4AP,VALID,VALID,Taylor & Wilson Insurance Services Ltd
ALB-PET-0000230,P0000747,5,PET,BROKER,2021-11-04,2022-11-04,RN,Y,4008.86,4008.86,EC1A 1BB,VALID,VALID,Khan & Smith Insurance Services Ltd
ALB-CPM-0004904,P0000748,90,CPM,BROKER,2019-04-24,2020-04-23,IF,Y,8860.73,8860.73,YO1 6GA,VALID,VALID,Khan & Smith Insurance Services Ltd
ALB-CLB-0001453,P0000754,490,CLB,DIRECT,2022-09-27,2023-09-27,IF,Y,8554.96,8554.96,NR1 3QQ,VALID,VALID,Taylor & Wilson Insurance Services Ltd
ALB-PET-0001509,P0000757,,PET,BROKER,2020-03-21,2021-03-21,IF,Y,2858.80,2858.80,CF10 1EP,VALID,VALID,Williams & Hall Insurance Services Ltd
ALB-CLB-0004080,P0000760,478,CLB,BROKER,2018-10-06,2019-10-06,LP,N,10967.76,10967.76,NR1 3QQ,VALID,VALID,Taylor & Walker Insurance Services Ltd
ALB-HOM-0005178,P0000766,214,HOM,BROKER,2025-03-09,2026-03-09,IF,Y,615.45,615.45,EC1A 1BB,VALID,VALID,Hall & Baker Insurance Services Ltd
ALB-TRV-0001163,P0000767,335,TRV,BROKER,2024-09-18,2025-09-18,IF,Y,1808.99,1808.99,NR1 3QQ,VALID,VALID,Johnson & Hughes Insurance Services Ltd
ALB-CPM-0004638,P0000768,188,CPM,BROKER,2021-10-05,2022-10-05,IF,Y,14313.39,14313.39,LS1 4AP,VALID,VALID,Davies & Davies Insurance Services Ltd
ALB-PET-0001393,P0000769,409,PET,BROKER,2025-02-12,2026-02-12,RN,Y,262.79,262.79,LS1 4AP,VALID,VALID,Johnson & Murphy Insurance Services Ltd
ALB-CLB-0003715,P0000772,341,CLB,AGGREGATOR,2019-01-22,2020-01-22,IF,Y,3961.25,3961.25,M1 1AE,VALID,VALID,Baker & Hughes Insurance Services Ltd
ALB-TRV-0000912,P0000776,469,TRV,BROKER,2024-12-21,2025-12-21,IF,Y,2352.10,2352.10,B1 1AA,VALID,VALID,Hall & Murphy Insurance Services Ltd
ALB-CLB-0003167,P0000777,95,CLB,BROKER,2023-08-06,2024-08-05,CN,N,4998.80,4998.80,NR1 3QQ,VALID,VALID,Clarke & Wright Insurance Services Ltd
ALB-PET-0003882,P0000780,375,PET,BROKER,2022-10-17,2023-10-17,LP,N,493.65,493.65,B1 1AA,VALID,VALID,Robinson & Brown Insurance Services Ltd
ALB-TRV-0003011,P0000783,,TRV,DIRECT,2021-05-14,2022-05-14,LP,N,3358.48,3358.48,N/A,INVALID,VALID,Taylor & Murphy Insurance Services Ltd
ALB-TRV-0002750,P0000787,305,TRV,BROKER,2026-05-03,2027-05-03,IF,Y,1842.52,307.09,BS1 4ST,VALID,VALID,Davies & Davies Insurance Services Ltd
ALB-HOM-0003867,P0000789,,HOM,DIRECT,2021-12-16,2022-12-16,IF,Y,3743.20,3743.20,EC1A 1BB,VALID,VALID,Williams & Hall Insurance Services Ltd
ALB-TRV-0001630,P0000791,94,TRV,AGGREGATOR,2022-04-28,2023-04-28,IF,Y,1381.62,1381.62,B1 1AA,VALID,VALID,Hall & Hall Insurance Services Ltd
ALB-PET-0003729,P0000792,5,PET,BROKER,2021-06-17,2022-06-17,CN,N,1694.70,1694.70,YO1 6GA,VALID,VALID,Smith & Brown Insurance Services Ltd
ALB-HOM-0002801,P0000796,161,HOM,DIRECT,2025-02-13,2026-02-13,CN,N,823.17,823.17,LS1 4AP,VALID,VALID,Jones & Baker Insurance Services Ltd
ALB-HOM-0002636,P0000797,38,HOM,DIRECT,2022-01-01,2023-01-01,LP,N,2223.53,2223.53,M1 1AE,VALID,VALID,Patel & Wilson Insurance Services Ltd
ALB-MOT-0003274,P0000798,371,MOT,AGGREGATOR,2022-07-02,2023-07-02,LP,N,1573.81,1573.81,LS1 4AP,VALID,VALID,Davies & Green Insurance Services Ltd
ALB-PET-0003513,P0000800,44,PET,BROKER,2023-11-10,2024-11-09,IF,Y,2375.66,2375.66,YO1 6GA,VALID,VALID,Smith & Brown Insurance Services Ltd
ALB-MOT-0004236,P0000802,359,MOT,BROKER,2020-03-01,2021-03-01,EX,N,3227.24,3227.24,G1 1XQ,VALID,VALID,Murphy & Johnson Insurance Services Ltd
ALB-CPM-0002424,P0000804,132,CPM,BROKER,2022-09-12,2023-09-12,IF,Y,1911.11,1911.11,BS1 4ST,VALID,VALID,Davies & Green Insurance Services Ltd
ALB-TRV-0002040,P0000807,298,TRV,BROKER,2018-06-02,2019-06-02,IF,Y,3335.00,3335.00,B1 1AA,VALID,VALID,Davies & Davies Insurance Services Ltd
ALB-PET-0004949,P0000809,200,PET,BROKER,2026-08-07,2027-08-07,RN,Y,4145.67,0.00,B1 1AA,VALID,VALID,Walker & OBrien Insurance Services Ltd
ALB-CLB-0004856,P0000812,333,CLB,BROKER,2026-12-09,2027-12-09,IF,Y,4791.40,0.00,CF10 1EP,VALID,VALID,Brown & Jones Insurance Services Ltd
ALB-MOT-0003775,P0000817,17,MOT,BROKER,2019-11-27,2020-11-26,RN,Y,1095.76,1095.76,CF10 1EP,VALID,VALID,Walker & Wright Insurance Services Ltd
ALB-TRV-0004995,P0000819,,TRV,DIRECT,2022-05-29,2023-05-29,IF,Y,1533.93,1533.93,NR1 3QQ,VALID,VALID,Khan & Davies Insurance Services Ltd
ALB-MOT-0005041,P0000825,176,MOT,BROKER,2020-02-23,2021-02-22,IF,Y,2647.91,2647.91,RG1 1LX,VALID,VALID,Patel & Clarke Insurance Services Ltd
ALB-HOM-0005138,P0000826,327,HOM,BROKER,2025-07-10,2026-07-10,CN,N,388.30,388.30,BS1 4ST,VALID,VALID,Walker & Wright Insurance Services Ltd
ALB-PET-0003978,P0000830,122,PET,BROKER,2019-08-13,2020-08-12,LP,N,3667.48,3667.48,M1 1AE,VALID,VALID,Smith & Walker Insurance Services Ltd
ALB-PET-0004101,P0000832,140,PET,DIRECT,2020-03-05,2021-03-05,IF,Y,1637.33,1637.33,NR1 3QQ,VALID,VALID,Taylor & Murphy Insurance Services Ltd
ALB-CLB-0004515,P0000834,398,CLB,BROKER,2024-11-26,2025-11-26,IF,Y,10238.42,10238.42,RG1 1LX,VALID,VALID,Wilson & Wright Insurance Services Ltd
ALB-TRV-0000122,P0000836,,TRV,BROKER,2019-10-15,2020-10-14,EX,N,1207.66,1207.66,YO1 6GA,VALID,VALID,Johnson & Murphy Insurance Services Ltd
ALB-CLB-0004886,P0000837,,CLB,BROKER,2026-06-02,2027-06-02,LP,N,10024.28,835.36,NR1 3QQ,VALID,VALID,Johnson & Murphy Insurance Services Ltd
ALB-CLB-0003655,P0000838,367,CLB,DIRECT,2025-03-29,2026-03-29,IF,Y,14306.29,14306.29,EC1A 1BB,VALID,VALID,Taylor & Johnson Insurance Services Ltd
ALB-PET-0003780,P0000839,178,PET,DIRECT,2019-09-05,2020-09-04,IF,Y,2486.32,2486.32,BS1 4ST,VALID,VALID,Davies & Taylor Insurance Services Ltd
ALB-PET-0004585,P0000841,155,PET,BROKER,2021-05-11,2022-05-11,IF,Y,1802.03,1802.03,YO1 6GA,VALID,VALID,Wilson & OBrien Insurance Services Ltd
ALB-CPM-0002959,P0000842,218,CPM,DIRECT,2024-05-31,2025-05-31,EX,N,7327.03,7327.03,RG1 1LX,VALID,VALID,Davies & Wright Insurance Services Ltd
ALB-PET-0005036,P0000846,228,PET,BROKER,2018-06-25,2019-06-25,IF,Y,843.39,843.39,B1 1AA,VALID,VALID,Walker & OBrien Insurance Services Ltd
ALB-PET-0002403,P0000847,69,PET,BROKER,2020-07-23,2021-07-23,LP,N,2966.53,2966.53,NR1 3QQ,VALID,VALID,Wilson & Wright Insurance Services Ltd
ALB-CLB-0004387,P0000849,211,CLB,AGGREGATOR,2021-12-18,2022-12-18,IF,Y,8886.10,8886.10,M1 1AE,VALID,VALID,Williams & Baker Insurance Services Ltd
ALB-CPM-0002992,P0000850,,CPM,BROKER,2025-01-29,2026-01-29,LP,N,11317.03,11317.03,LS1 4AP,VALID,VALID,Wilson & OBrien Insurance Services Ltd
ALB-CLB-0003539,P0000851,309,CLB,AGGREGATOR,2025-09-05,2026-09-05,IF,Y,2735.11,2279.26,LS1 4AP,VALID,VALID,Hall & Patel Insurance Services Ltd
ALB-PET-0000661,P0000852,22,PET,BROKER,2018-09-22,2019-09-22,IF,Y,1555.55,1555.55,CF10 1EP,VALID,VALID,Wilson & Wright Insurance Services Ltd
ALB-HOM-0005160,P0000855,11,HOM,BROKER,2024-04-02,2025-04-02,IF,Y,1094.93,1094.93,NR1 3QQ,VALID,VALID,Patel & Taylor Insurance Services Ltd
ALB-CPM-0002504,P0000859,224,CPM,BROKER,2024-05-07,2025-05-07,CN,N,6702.80,6702.80,YO1 6GA,VALID,VALID,Wilson & Wright Insurance Services Ltd
ALB-HOM-0003277,P0000860,163,HOM,DIRECT,2024-03-25,2025-03-25,LP,N,2078.47,2078.47,G1 1XQ,VALID,VALID,Wilson & Wright Insurance Services Ltd
ALB-MOT-0003316,P0000862,212,MOT,DIRECT,2023-11-04,2024-11-03,IF,Y,2244.41,2244.41,RG1 1LX,VALID,VALID,Walker & Wright Insurance Services Ltd
ALB-PET-0004807,P0000864,,PET,DIRECT,2023-02-17,2024-02-17,IF,Y,1600.74,1600.74,YO1 6GA,VALID,VALID,Davies & Green Insurance Services Ltd
ALB-MOT-0004930,P0000865,364,MOT,AGGREGATOR,2023-03-18,2024-03-17,EX,N,2727.62,2727.62,LS1 4AP,VALID,VALID,Smith & Brown Insurance Services Ltd
ALB-CLB-0004742,P0000866,,CLB,BROKER,2020-12-01,2021-12-01,IF,Y,11155.26,11155.26,NR1 3QQ,VALID,VALID,Davies & Hughes Insurance Services Ltd
ALB-MOT-0003850,P0000867,246,MOT,BROKER,2022-02-13,2023-02-13,RN,Y,2361.33,2361.33,M1 1AE,VALID,VALID,Patel & Taylor Insurance Services Ltd
ALB-CPM-0003542,P0000869,250,CPM,BROKER,2018-03-29,2019-03-29,CN,N,1397.38,1397.38,B1 1AA,VALID,VALID,Johnson & Hall Insurance Services Ltd
ALB-HOM-0004290,P0000870,,HOM,BROKER,2024-10-14,2025-10-14,IF,Y,3882.53,3882.53,B1 1AA,VALID,VALID,Baker & Brown Insurance Services Ltd
ALB-HOM-0002791,P0000872,463,HOM,DIRECT,2018-12-29,2019-12-29,IF,Y,1707.01,1707.01,G1 1XQ,VALID,VALID,Davies & Taylor Insurance Services Ltd
ALB-CLB-0002933,P0000874,390,CLB,DIRECT,2023-09-28,2024-09-27,IF,Y,5296.54,5296.54,EC1A 1BB,VALID,VALID,Baker & Brown Insurance Services Ltd
ALB-MOT-0004679,P0000876,321,MOT,BROKER,2020-10-04,2021-10-04,EX,N,2190.80,2190.80,LS1 4AP,VALID,VALID,Jones & Baker Insurance Services Ltd
ALB-HOM-0003783,P0000877,,HOM,BROKER,2022-06-22,2023-06-22,EX,N,1304.72,1304.72,ZZ99 9ZZ,VALID,VALID,Davies & Hughes Insurance Services Ltd
ALB-PET-0004528,P0000880,211,PET,BROKER,2022-11-05,2023-11-05,IF,Y,1823.75,1823.75,RG1 1LX,VALID,VALID,Walker & OBrien Insurance Services Ltd
ALB-HOM-0004524,P0000881,164,HOM,BROKER,2024-04-03,2025-04-03,IF,Y,2705.66,2705.66,CF10 1EP,VALID,VALID,Wilson & OBrien Insurance Services Ltd
ALB-MOT-0004536,P0000882,357,MOT,DIRECT,2023-01-03,2024-01-03,IF,Y,2359.76,2359.76,ZZ99 9ZZ,VALID,VALID,Hall & Baker Insurance Services Ltd
ALB-CLB-0004514,P0000883,369,CLB,BROKER,2022-10-29,2023-10-29,IF,Y,8544.90,8544.90,LS1 4AP,VALID,VALID,Clarke & Wright Insurance Services Ltd
ALB-MOT-0003726,P0000887,93,MOT,BROKER,2023-10-09,2024-10-08,IF,Y,2898.26,2898.26,B1 1AA,VALID,VALID,Baker & Hughes Insurance Services Ltd
ALB-CLB-0003013,P0000888,,CLB,DIRECT,2025-09-16,2026-09-16,IF,Y,3859.38,3216.15,G1 1XQ,VALID,VALID,Clarke & Wright Insurance Services Ltd
ALB-HOM-0004107,P0000893,210,HOM,BROKER,2019-03-27,2020-03-26,EX,N,3044.11,3044.11,M1 1AE,VALID,VALID,Williams & Hall Insurance Services Ltd
ALB-CPM-0002322,P0000894,316,CPM,BROKER,2020-12-12,2021-12-12,LP,N,12851.54,12851.54,BS1 4ST,VALID,VALID,Jones & Baker Insurance Services Ltd
ALB-TRV-0001984,P0000897,54,TRV,BROKER,2024-01-27,2025-01-26,IF,Y,1112.08,1112.08,B1 1AA,VALID,VALID,Hall & Wright Insurance Services Ltd
ALB-MOT-0001363,P0000900,384,MOT,DIRECT,2018-06-21,2019-06-21,IF,Y,207.72,207.72,NR1 3QQ,VALID,VALID,Williams & Hall Insurance Services Ltd
ALB-PET-0003391,P0000902,,PET,BROKER,2022-02-25,2023-02-25,LP,N,2599.76,2599.76,LS1 4AP,VALID,VALID,Patel & Wilson Insurance Services Ltd
ALB-HOM-0001211,P0000903,324,HOM,BROKER,2020-04-10,2021-04-10,EX,N,3386.06,3386.06,RG1 1LX,VALID,VALID,Davies & Green Insurance Services Ltd
ALB-CLB-0004218,P0000904,,CLB,AGGREGATOR,2020-04-11,2021-04-11,IF,Y,1202.08,1202.08,YO1 6GA,VALID,VALID,Walker & OBrien Insurance Services Ltd
ALB-TRV-0002724,P0000906,,TRV,AGGREGATOR,2018-03-12,2019-03-12,LP,N,2757.86,2757.86,YO1 6GA,VALID,VALID,Davies & Brown Insurance Services Ltd
ALB-HOM-0003564,P0000907,156,HOM,BROKER,2018-05-09,2019-05-09,IF,Y,268.05,268.05,EC1A 1BB,VALID,VALID,Green & Jones Insurance Services Ltd
ALB-CLB-0004170,P0000909,416,CLB,BROKER,2022-08-15,2023-08-15,IF,Y,7541.15,7541.15,LS1 4AP,VALID,VALID,Hall & Hall Insurance Services Ltd
ALB-CPM-0003246,P0000910,383,CPM,DIRECT,2023-05-30,2024-05-29,IF,Y,7358.87,7358.87,B1 1AA,VALID,VALID,Clarke & Wright Insurance Services Ltd
ALB-HOM-0004530,P0000911,,HOM,AGGREGATOR,2022-06-26,2023-06-26,RN,Y,341.20,341.20,NR1 3QQ,VALID,VALID,Baker & Hughes Insurance Services Ltd
ALB-HOM-0000281,P0000912,139,HOM,BROKER,2019-09-07,2020-09-06,IF,Y,4113.43,4113.43,CF10 1EP,VALID,VALID,Walker & OBrien Insurance Services Ltd
ALB-CPM-0002445,P0000913,263,CPM,AGGREGATOR,2024-05-18,2025-05-18,IF,Y,6964.64,6964.64,,INVALID,VALID,Brown & Davies Insurance Services Ltd
ALB-CLB-0004600,P0000914,,CLB,BROKER,2018-12-25,2019-12-25,RN,Y,12834.48,12834.48,NR1 3QQ,VALID,VALID,Johnson & Hall Insurance Services Ltd
ALB-HOM-0002736,P0000916,,HOM,BROKER,2022-03-26,2023-03-26,IF,Y,4105.21,4105.21,B1 1AA,VALID,VALID,Wilson & OBrien Insurance Services Ltd
ALB-CLB-0004586,P0000918,,CLB,BROKER,2020-10-11,2021-10-11,RN,Y,9975.21,9975.21,BS1 4ST,VALID,VALID,Johnson & Hughes Insurance Services Ltd
ALB-HOM-0003781,P0000920,,HOM,DIRECT,2022-02-23,2023-02-23,EX,N,4057.12,4057.12,RG1 1LX,VALID,VALID,Johnson & Hall Insurance Services Ltd
ALB-CLB-0000251,P0000923,,CLB,DIRECT,2026-01-18,2027-01-18,RN,Y,5615.71,2807.86,YO1 6GA,VALID,VALID,Johnson & Murphy Insurance Services Ltd
ALB-PET-0004302,P0000924,91,PET,BROKER,2020-12-28,2021-12-28,RN,Y,2442.71,2442.71,LS1 4AP,VALID,VALID,Green & Jones Insurance Services Ltd
ALB-MOT-0004704,P0000928,90,MOT,DIRECT,2022-11-07,2023-11-07,EX,N,706.09,706.09,BS1 4ST,VALID,VALID,Baker & Hughes Insurance Services Ltd
ALB-MOT-0002202,P0000932,28,MOT,BROKER,2021-11-15,2022-11-15,IF,Y,3199.81,3199.81,LS1 4AP,VALID,VALID,OBrien & Green Insurance Services Ltd
ALB-CPM-0004925,P0000933,56,CPM,BROKER,2019-10-23,2020-10-22,IF,Y,7910.21,7910.21,CF10 1EP,VALID,VALID,Johnson & Hughes Insurance Services Ltd
ALB-CLB-0004654,P0000934,468,CLB,DIRECT,2026-06-07,2027-06-07,IF,Y,14430.68,1202.56,LS1 4AP,VALID,VALID,Davies & Wright Insurance Services Ltd
ALB-CPM-0002828,P0000935,,CPM,BROKER,2018-09-23,2019-09-23,IF,Y,9195.85,9195.85,EC1A 1BB,VALID,VALID,Walker & OBrien Insurance Services Ltd
ALB-PET-0000001,P0000936,,PET,DIRECT,2022-07-30,2023-07-30,IF,Y,3100.09,3100.09,CF10 1EP,VALID,VALID,Johnson & Hall Insurance Services Ltd
ALB-CLB-0004962,P0000937,,CLB,DIRECT,2020-09-24,2021-09-24,IF,Y,4622.89,4622.89,NR1 3QQ,VALID,VALID,Jones & Baker Insurance Services Ltd
ALB-TRV-0002179,P0000938,231,TRV,AGGREGATOR,2022-09-30,2023-09-30,RN,Y,884.40,884.40,M1 1AE,VALID,VALID,Brown & Davies Insurance Services Ltd
ALB-CPM-0005005,P0000939,249,CPM,DIRECT,2026-08-01,2027-08-01,IF,Y,4321.31,0.00,G1 1XQ,VALID,VALID,Wilson & Johnson Insurance Services Ltd
ALB-PET-0001772,P0000942,301,PET,BROKER,2025-07-04,2026-07-04,IF,Y,3651.05,3651.05,G1 1XQ,VALID,VALID,Brown & Davies Insurance Services Ltd
ALB-HOM-0001231,P0000945,91,HOM,DIRECT,2021-06-06,2022-06-06,EX,N,3904.76,3904.76,RG1 1LX,VALID,VALID,Patel & Taylor Insurance Services Ltd
ALB-MOT-0004666,P0000947,,MOT,BROKER,2026-05-29,2027-05-29,EX,N,1520.64,126.72,B1 1AA,VALID,VALID,Patel & Clarke Insurance Services Ltd
ALB-HOM-0004325,P0000950,106,HOM,AGGREGATOR,2026-10-10,2027-10-10,EX,N,1518.78,0.00,M1 1AE,VALID,VALID,Johnson & Hughes Insurance Services Ltd
ALB-HOM-0004258,P0000951,,HOM,BROKER,2019-04-09,2020-04-08,IF,Y,3446.46,3446.46,BS1 4ST,VALID,VALID,Smith & Davies Insurance Services Ltd
ALB-CLB-0003680,P0000953,,CLB,AGGREGATOR,2025-09-09,2026-09-09,IF,Y,13317.24,11097.70,BS1 4ST,VALID,VALID,Baker & Clarke Insurance Services Ltd
ALB-MOT-0003951,P0000954,,MOT,DIRECT,2025-12-29,2026-12-29,IF,Y,2917.65,1458.83,LS1 4AP,VALID,VALID,Davies & Hughes Insurance Services Ltd
ALB-CLB-0004720,P0000955,,CLB,AGGREGATOR,2021-06-23,2022-06-23,LP,N,9066.86,9066.86,YO1 6GA,VALID,VALID,Patel & Clarke Insurance Services Ltd
ALB-MOT-0005107,P0000958,,MOT,AGGREGATOR,2020-07-28,2021-07-28,RN,Y,2273.70,2273.70,CF10 1EP,VALID,VALID,Patel & Wilson Insurance Services Ltd
ALB-CPM-0004314,P0000959,,CPM,DIRECT,2025-11-09,2026-11-09,EX,N,11239.56,7493.04,M1 1AE,VALID,VALID,Hall & Wright Insurance Services Ltd
ALB-CPM-0000453,P0000960,226,CPM,DIRECT,2025-01-05,2026-01-05,CN,N,5732.32,5732.32,RG1 1LX,VALID,VALID,Smith & Walker Insurance Services Ltd
ALB-PET-0003875,P0000961,146,PET,BROKER,2020-12-04,2021-12-04,IF,Y,3547.94,3547.94,CF10 1EP,VALID,VALID,Smith & Davies Insurance Services Ltd
ALB-PET-0003254,P0000962,,PET,DIRECT,2019-12-26,2020-12-25,LP,N,2748.51,2748.51,YO1 6GA,VALID,VALID,Taylor & Johnson Insurance Services Ltd
ALB-CPM-0004244,P0000965,,CPM,AGGREGATOR,2024-11-23,2025-11-23,IF,Y,5178.28,5178.28,BS1 4ST,VALID,VALID,Smith & Davies Insurance Services Ltd
ALB-HOM-0000586,P0000966,114,HOM,BROKER,2026-05-30,2027-05-30,IF,Y,2358.00,196.50,YO1 6GA,VALID,VALID,Johnson & Hall Insurance Services Ltd
ALB-CPM-0004937,P0000967,,CPM,BROKER,2022-06-21,2023-06-21,IF,Y,2680.16,2680.16,M1 1AE,VALID,VALID,OBrien & Patel Insurance Services Ltd
ALB-TRV-0002817,P0000968,179,TRV,DIRECT,2020-07-20,2021-07-20,RN,Y,3147.23,3147.23,RG1 1LX,VALID,VALID,Khan & Davies Insurance Services Ltd
ALB-MOT-0004907,P0000969,125,MOT,AGGREGATOR,2022-03-24,2023-03-24,IF,Y,1806.37,1806.37,LS1 4AP,VALID,VALID,OBrien & Patel Insurance Services Ltd
ALB-CPM-0004721,P0000970,281,CPM,AGGREGATOR,2024-08-06,2025-08-06,IF,Y,6507.62,6507.62,EC1A1BB,INVALID,VALID,Hall & Baker Insurance Services Ltd
ALB-CPM-0002608,P0000972,263,CPM,DIRECT,2025-01-26,2026-01-26,CN,N,4351.42,4351.42,M1 1AE,VALID,VALID,OBrien & Patel Insurance Services Ltd
ALB-TRV-0003771,P0000976,179,TRV,BROKER,2022-01-31,2023-01-31,RN,Y,1313.45,1313.45,RG1 1LX,VALID,VALID,Hall & Patel Insurance Services Ltd
ALB-MOT-0003629,P0000980,,MOT,AGGREGATOR,2024-07-19,2025-07-19,EX,N,2282.45,2282.45,YO1 6GA,VALID,VALID,Brown & Davies Insurance Services Ltd
ALB-PET-0004220,P0000981,,PET,BROKER,2025-06-12,2026-06-12,IF,Y,2664.89,2664.89,YO1 6GA,VALID,VALID,OBrien & Patel Insurance Services Ltd
ALB-PET-0003990,P0000982,,PET,DIRECT,2026-05-16,2027-05-16,LP,N,3474.53,579.09,LS1 4AP,VALID,VALID,Hall & Murphy Insurance Services Ltd
ALB-HOM-0000504,P0000985,232,HOM,BROKER,2024-07-15,2025-07-15,RN,Y,3502.13,3502.13,RG1 1LX,VALID,VALID,Baker & Wright Insurance Services Ltd
ALB-MOT-0000739,P0000986,,MOT,AGGREGATOR,2026-08-05,2027-08-05,IF,Y,2548.68,0.00,B1 1AA,VALID,VALID,Patel & Taylor Insurance Services Ltd
ALB-TRV-0005087,P0000988,223,TRV,BROKER,2018-12-25,2019-12-25,EX,N,3466.92,3466.92,LS1 4AP,VALID,VALID,Patel & Clarke Insurance Services Ltd
ALB-PET-0004471,P0000989,,PET,BROKER,2018-12-07,2019-12-07,RN,Y,3100.25,3100.25,RG1 1LX,VALID,VALID,OBrien & Green Insurance Services Ltd
ALB-PET-0002600,P0000993,,PET,DIRECT,2025-08-09,2026-08-09,CN,N,2239.61,2052.98,CF10 1EP,VALID,VALID,Brown & Jones Insurance Services Ltd
ALB-CLB-0001997,P0000994,367,CLB,BROKER,2026-06-24,2027-06-24,IF,Y,6206.34,517.20,B1 1AA,VALID,VALID,Green & Jones Insurance Services Ltd
ALB-MOT-0004751,P0000998,167,MOT,BROKER,2018-02-06,2019-02-06,IF,Y,1971.44,1971.44,YO1 6GA,VALID,VALID,Wilson & Wright Insurance Services Ltd
ALB-CPM-0003870,P0001001,81,CPM,BROKER,2020-10-28,2021-10-28,RN,Y,2678.37,2678.37,EC1A 1BB,VALID,VALID,Wilson & Wright Insurance Services Ltd
ALB-CPM-0004492,P0001003,,CPM,DIRECT,2018-11-08,2019-11-08,IF,Y,8438.70,8438.70,BS1 4ST,VALID,VALID,Johnson & Murphy Insurance Services Ltd
ALB-TRV-0004511,P0001005,81,TRV,DIRECT,2020-08-23,2021-08-23,EX,N,1089.09,1089.09,M1 1AE,VALID,VALID,Smith & Brown Insurance Services Ltd
ALB-PET-0003118,P0001006,,PET,BROKER,2025-05-26,2026-05-26,IF,Y,2829.26,2829.26,YO1 6GA,VALID,VALID,Davies & Taylor Insurance Services Ltd
ALB-PET-0003687,P0001010,82,PET,BROKER,2019-03-04,2020-03-03,IF,Y,1410.49,1410.49,,INVALID,VALID,Smith & Clarke Insurance Services Ltd
ALB-PET-0000982,P0001011,,PET,DIRECT,2026-07-26,2027-07-26,IF,Y,1809.94,0.00,EC1A 1BB,VALID,VALID,Taylor & Murphy Insurance Services Ltd
ALB-PET-0002508,P0001012,373,PET,BROKER,2019-07-08,2020-07-07,EX,N,1068.55,1068.55,RG1 1LX,VALID,VALID,Davies & Brown Insurance Services Ltd
ALB-HOM-0000399,P0001014,6,HOM,BROKER,2020-03-31,2021-03-31,LP,N,582.79,582.79,M1 1AE,VALID,VALID,Smith & Walker Insurance Services Ltd
ALB-TRV-0004448,P0001018,6,TRV,AGGREGATOR,2020-04-20,2021-04-20,EX,N,3506.62,3506.62,B1 1AA,VALID,VALID,Johnson & Hughes Insurance Services Ltd
ALB-CPM-0005143,P0001021,,CPM,DIRECT,2024-04-06,2025-04-06,IF,Y,10234.26,10234.26,CF10 1EP,VALID,VALID,Williams & Williams Insurance Services Ltd
ALB-CLB-0003396,P0001023,,CLB,DIRECT,2026-10-23,2027-10-23,IF,Y,10841.38,0.00,G1 1XQ,VALID,VALID,Baker & Williams Insurance Services Ltd
ALB-HOM-0002278,P0001024,,HOM,BROKER,2019-06-25,2020-06-24,IF,Y,3948.27,3948.27,YO1 6GA,VALID,VALID,Davies & Wright Insurance Services Ltd
ALB-CLB-0004981,P0001025,474,CLB,DIRECT,2018-04-15,2019-04-15,IF,Y,5278.63,5278.63,M1 1AE,VALID,VALID,Jones & Robinson Insurance Services Ltd
ALB-MOT-0003641,P0001027,,MOT,BROKER,2025-11-19,2026-11-19,IF,Y,3753.13,2502.09,NR1 3QQ,VALID,VALID,Davies & Davies Insurance Services Ltd
ALB-HOM-0005150,P0001032,,HOM,BROKER,2019-04-28,2020-04-27,IF,Y,1267.09,1267.09,BS1 4ST,VALID,VALID,Clarke & Wright Insurance Services Ltd
ALB-MOT-0002406,P0001035,,MOT,AGGREGATOR,2020-10-31,2021-10-31,RN,Y,3858.40,3858.40,EC1A 1BB,VALID,VALID,Khan & Davies Insurance Services Ltd
ALB-CLB-0004051,P0001037,,CLB,BROKER,2021-01-31,2022-01-31,IF,Y,12897.00,12897.00,NR1 3QQ,VALID,VALID,Jones & Baker Insurance Services Ltd
ALB-PET-0005060,P0001040,227,PET,BROKER,2026-03-13,2027-03-13,EX,N,2469.99,823.33,M1 1AE,VALID,VALID,Davies & Hughes Insurance Services Ltd
ALB-CPM-0002125,P0001041,103,CPM,DIRECT,2018-11-30,2019-11-30,IF,Y,10462.86,10462.86,CF10 1EP,VALID,VALID,Smith & Brown Insurance Services Ltd
ALB-MOT-0005153,P0001042,370,MOT,AGGREGATOR,2023-02-22,2024-02-22,RN,Y,4056.73,4056.73,CF10 1EP,VALID,VALID,Johnson & Hughes Insurance Services Ltd
ALB-PET-0005093,P0001048,348,PET,BROKER,2026-01-11,2027-01-11,IF,Y,664.65,332.33,NR1 3QQ,VALID,VALID,Clarke & Davies Insurance Services Ltd
ALB-PET-0003281,P0001050,75,PET,AGGREGATOR,2026-09-05,2027-09-05,IF,Y,445.47,0.00,YO1 6GA,VALID,VALID,Baker & Wright Insurance Services Ltd
ALB-PET-0001528,P0001051,204,PET,DIRECT,2022-09-15,2023-09-15,LP,N,3033.22,3033.22,LS1 4AP,VALID,VALID,Green & Jones Insurance Services Ltd
ALB-HOM-0004024,P0001054,,HOM,BROKER,2026-01-15,2027-01-15,IF,Y,2066.91,1033.46,CF10 1EP,VALID,VALID,Green & Patel Insurance Services Ltd
ALB-PET-0003115,P0001057,22,PET,AGGREGATOR,2023-06-18,2024-06-17,IF,Y,3071.51,3071.51,EC1A 1BB,VALID,VALID,Hall & Murphy Insurance Services Ltd
ALB-MOT-0003933,P0001059,240,MOT,BROKER,2019-05-24,2020-05-23,RN,Y,2932.55,2932.55,CF10 1EP,VALID,VALID,Patel & Clarke Insurance Services Ltd
ALB-TRV-0003805,P0001060,11,TRV,BROKER,2023-06-30,2024-06-29,CN,N,3958.19,3958.19,N/A,INVALID,VALID,Smith & Clarke Insurance Services Ltd
ALB-TRV-0004678,P0001061,,TRV,BROKER,2022-08-05,2023-08-05,EX,N,189.39,189.39,RG1 1LX,VALID,VALID,Williams & Hall Insurance Services Ltd
ALB-TRV-0005079,P0001062,,TRV,BROKER,2024-05-29,2025-05-29,RN,Y,2876.71,2876.71,NR1 3QQ,VALID,VALID,Baker & Clarke Insurance Services Ltd
ALB-CLB-0004477,P0001064,,CLB,BROKER,2019-04-06,2020-04-05,EX,N,7425.13,7425.13,M1 1AE,VALID,VALID,Clarke & Wright Insurance Services Ltd
ALB-CLB-0001560,P0001066,355,CLB,DIRECT,2018-05-04,2019-05-04,CN,N,13962.99,13962.99,LS1 4AP,VALID,VALID,Hughes & Wright Insurance Services Ltd
ALB-TRV-0005062,P0001067,299,TRV,DIRECT,2025-04-29,2026-04-29,CN,N,1147.71,1147.71,M1 1AE,VALID,VALID,Smith & Clarke Insurance Services Ltd
ALB-MOT-0003718,P0001068,185,MOT,BROKER,2018-09-11,2019-09-11,LP,N,3633.46,3633.46,RG1 1LX,VALID,VALID,Smith & Brown Insurance Services Ltd
ALB-CLB-0004222,P0001069,,CLB,DIRECT,2019-09-30,2020-09-29,EX,N,4578.76,4578.76,RG1 1LX,VALID,VALID,Jones & Robinson Insurance Services Ltd
ALB-TRV-0002924,P0001073,,TRV,AGGREGATOR,2018-05-06,2019-05-06,IF,Y,3899.70,3899.70,CF10 1EP,VALID,VALID,Hall & Murphy Insurance Services Ltd
ALB-CPM-0004143,P0001075,,CPM,DIRECT,2026-03-15,2027-03-15,EX,N,7136.41,2378.80,M1 1AE,VALID,VALID,Green & Murphy Insurance Services Ltd
ALB-CLB-0003309,P0001076,180,CLB,DIRECT,2025-10-07,2026-10-07,CN,N,8173.74,6130.31,EC1A1BB,INVALID,VALID,Johnson & Hughes Insurance Services Ltd
ALB-HOM-0000596,P0001078,,HOM,BROKER,2023-01-07,2024-01-07,RN,Y,2146.20,2146.20,M1 1AE,VALID,VALID,Hall & Baker Insurance Services Ltd
ALB-PET-0004381,P0001085,,PET,AGGREGATOR,2024-12-07,2025-12-07,EX,N,429.12,429.12,EC1A 1BB,VALID,VALID,Baker & Hughes Insurance Services Ltd
ALB-HOM-0003470,P0001088,220,HOM,AGGREGATOR,2018-09-07,2019-09-07,RN,Y,555.14,555.14,RG1 1LX,VALID,VALID,Brown & Davies Insurance Services Ltd
ALB-CLB-0002708,P0001089,26,CLB,DIRECT,2026-08-01,2027-08-01,CN,N,12484.85,0.00,LS1 4AP,VALID,VALID,Khan & Davies Insurance Services Ltd
ALB-HOM-0000186,P0001091,,HOM,DIRECT,2022-11-04,2023-11-04,LP,N,1353.19,1353.19,RG1 1LX,VALID,VALID,Smith & Davies Insurance Services Ltd
ALB-PET-0004122,P0001092,75,PET,BROKER,2020-04-09,2021-04-09,RN,Y,2314.62,2314.62,NR1 3QQ,VALID,VALID,Smith & Clarke Insurance Services Ltd
ALB-MOT-0003652,P0001093,,MOT,BROKER,2021-03-05,2022-03-05,IF,Y,884.14,884.14,YO1 6GA,VALID,VALID,Taylor & Wilson Insurance Services Ltd
ALB-HOM-0004200,P0001094,,HOM,DIRECT,2024-03-31,2025-03-31,EX,N,1944.10,1944.10,EC1A 1BB,VALID,VALID,Khan & Smith Insurance Services Ltd
ALB-HOM-0004433,P0001095,139,HOM,BROKER,2024-05-17,2025-05-17,EX,N,1637.82,1637.82,EC1A 1BB,VALID,VALID,Khan & Smith Insurance Services Ltd
ALB-HOM-0005108,P0001097,,HOM,AGGREGATOR,2026-11-03,2027-11-03,RN,Y,1483.60,0.00,,INVALID,VALID,Green & Patel Insurance Services Ltd
ALB-CPM-0004898,P0001098,379,CPM,DIRECT,2020-03-04,2021-03-04,RN,Y,2251.74,2251.74,YO1 6GA,VALID,VALID,Patel & Taylor Insurance Services Ltd
ALB-MOT-0001437,P0001099,,MOT,AGGREGATOR,2018-04-25,2019-04-25,RN,Y,3099.89,3099.89,BS1 4ST,VALID,VALID,Patel & Wilson Insurance Services Ltd
ALB-HOM-0001343,P0001100,88,HOM,BROKER,2019-07-01,2020-06-30,IF,Y,1288.95,1288.95,YO1 6GA,VALID,VALID,Taylor & Wilson Insurance Services Ltd
ALB-PET-0004414,P0001101,,PET,BROKER,2019-06-13,2020-06-12,IF,Y,2637.80,2637.80,LS1 4AP,VALID,VALID,Williams & Williams Insurance Services Ltd
ALB-TRV-0004718,P0001103,354,TRV,DIRECT,2021-09-20,2022-09-20,IF,Y,3269.34,3269.34,B1 1AA,VALID,VALID,Taylor & Walker Insurance Services Ltd
ALB-HOM-0003296,P0001107,357,HOM,BROKER,2018-03-27,2019-03-27,LP,N,2088.30,2088.30,EC1A 1BB,VALID,VALID,Green & Patel Insurance Services Ltd
ALB-MOT-0003224,P0001109,,MOT,BROKER,2023-06-03,2024-06-02,EX,N,3164.36,3164.36,LS1 4AP,VALID,VALID,Smith & Davies Insurance Services Ltd
ALB-PET-0001337,P0001110,,PET,AGGREGATOR,2021-10-29,2022-10-29,IF,Y,2957.89,2957.89,NR1 3QQ,VALID,VALID,Wilson & Johnson Insurance Services Ltd
ALB-HOM-0004613,P0001111,319,HOM,DIRECT,2025-01-22,2026-01-22,LP,N,1222.89,1222.89,NR1 3QQ,VALID,VALID,Hall & Patel Insurance Services Ltd
ALB-CPM-0001954,P0001112,,CPM,DIRECT,2026-07-12,2027-07-12,EX,N,8228.67,0.00,M1 1AE,VALID,VALID,Davies & Brown Insurance Services Ltd
ALB-HOM-0002912,P0001115,444,HOM,BROKER,2025-04-18,2026-04-18,IF,Y,2606.52,2606.52,M1 1AE,VALID,VALID,Taylor & Johnson Insurance Services Ltd
ALB-CLB-0002788,P0001117,,CLB,BROKER,2024-11-30,2025-11-30,LP,N,7821.72,7821.72,B1 1AA,VALID,VALID,Taylor & Wilson Insurance Services Ltd
ALB-MOT-0003252,P0001119,,MOT,BROKER,2024-11-28,2025-11-28,IF,Y,1580.40,1580.40,CF10 1EP,VALID,VALID,Patel & Wilson Insurance Services Ltd
ALB-CPM-0002095,P0001120,,CPM,AGGREGATOR,2022-11-07,2023-11-07,IF,Y,10255.20,10255.20,M1 1AE,VALID,VALID,Green & Jones Insurance Services Ltd
ALB-PET-0001362,P0001122,,PET,AGGREGATOR,2023-09-04,2024-09-03,IF,Y,1483.29,1483.29,M1 1AE,VALID,VALID,Robinson & Brown Insurance Services Ltd
ALB-CPM-0002087,P0001125,385,CPM,DIRECT,2019-08-17,2020-08-16,IF,Y,8815.81,8815.81,,INVALID,VALID,Johnson & Murphy Insurance Services Ltd
ALB-MOT-0000059,P0001129,195,MOT,BROKER,2020-05-15,2021-05-15,LP,N,3461.42,3461.42,M1 1AE,VALID,VALID,Hall & Murphy Insurance Services Ltd
ALB-TRV-0003879,P0001136,,TRV,BROKER,2019-03-19,2020-03-18,IF,Y,1466.02,1466.02,BS1 4ST,VALID,VALID,Baker & Hughes Insurance Services Ltd
ALB-HOM-0001430,P0001137,398,HOM,DIRECT,2020-07-01,2021-07-01,IF,Y,1941.69,1941.69,LS1 4AP,VALID,VALID,Smith & Walker Insurance Services Ltd
ALB-CPM-0003320,P0001138,35,CPM,DIRECT,2022-05-27,2023-05-27,IF,Y,10245.81,10245.81,EC1A 1BB,VALID,VALID,Hall & Baker Insurance Services Ltd
ALB-HOM-0002945,P0001140,,HOM,BROKER,2020-06-22,2021-06-22,LP,N,2343.17,2343.17,BS1 4ST,VALID,VALID,Davies & Davies Insurance Services Ltd
ALB-CLB-0005061,P0001144,,CLB,DIRECT,2021-12-25,2022-12-25,IF,Y,8714.28,8714.28,N/A,INVALID,VALID,Hall & Patel Insurance Services Ltd
ALB-TRV-0004351,P0001145,,TRV,DIRECT,2019-03-10,2020-03-09,EX,N,1281.85,1281.85,EC1A 1BB,VALID,VALID,Taylor & Johnson Insurance Services Ltd
ALB-CPM-0003512,P0001149,,CPM,BROKER,2020-10-26,2021-10-26,IF,Y,5666.30,5666.30,NR1 3QQ,VALID,VALID,Hall & Khan Insurance Services Ltd
ALB-CLB-0003743,P0001153,156,CLB,AGGREGATOR,2024-02-07,2025-02-06,RN,Y,1416.23,1416.23,CF10 1EP,VALID,VALID,Khan & Davies Insurance Services Ltd
ALB-HOM-0001325,P0001154,,HOM,BROKER,2026-01-20,2027-01-20,RN,Y,2016.11,1008.06,M1 1AE,VALID,VALID,Jones & Robinson Insurance Services Ltd
ALB-MOT-0003193,P0001155,,MOT,BROKER,2019-10-13,2020-10-12,RN,Y,1020.13,1020.13,CF10 1EP,VALID,VALID,Hughes & Wright Insurance Services Ltd
ALB-CPM-0004951,P0001156,280,CPM,BROKER,2025-11-28,2026-11-28,CN,N,1932.23,1127.13,B1 1AA,VALID,VALID,Smith & Brown Insurance Services Ltd
ALB-CPM-0003815,P0001157,477,CPM,DIRECT,2023-11-12,2024-11-11,RN,Y,13192.06,13192.06,M1  1AE,INVALID,VALID,Johnson & Murphy Insurance Services Ltd
ALB-CLB-0000639,P0001158,471,CLB,DIRECT,2019-01-18,2020-01-18,EX,N,10744.88,10744.88,CF10 1EP,VALID,VALID,Johnson & Hughes Insurance Services Ltd
ALB-TRV-0003992,P0001160,472,TRV,DIRECT,2020-07-25,2021-07-25,LP,N,1039.10,1039.10,G1 1XQ,VALID,VALID,Wilson & Wright Insurance Services Ltd
ALB-CPM-0001273,P0001164,,CPM,DIRECT,2023-08-08,2024-08-07,IF,Y,11480.95,11480.95,M1 1AE,VALID,VALID,Patel & Taylor Insurance Services Ltd
ALB-HOM-0003126,P0001165,,HOM,AGGREGATOR,2021-10-07,2022-10-07,CN,N,2908.38,2908.38,B1 1AA,VALID,VALID,Robinson & Brown Insurance Services Ltd
ALB-CPM-0001733,P0001167,,CPM,BROKER,2021-04-18,2022-04-18,EX,N,13423.48,13423.48,RG1 1LX,VALID,VALID,Clarke & Wright Insurance Services Ltd
ALB-TRV-0001335,P0001168,,TRV,BROKER,2024-07-06,2025-07-06,LP,N,990.16,990.16,B1 1AA,VALID,VALID,Murphy & Johnson Insurance Services Ltd
ALB-CPM-0004820,P0001170,216,CPM,AGGREGATOR,2018-03-06,2019-03-06,EX,N,2126.60,2126.60,CF10 1EP,VALID,VALID,Davies & Brown Insurance Services Ltd
ALB-CLB-0004181,P0001171,,CLB,DIRECT,2022-11-14,2023-11-14,EX,N,1562.31,1562.31,YO1 6GA,VALID,VALID,Hall & Khan Insurance Services Ltd
ALB-HOM-0004617,P0001173,29,HOM,BROKER,2025-10-15,2026-10-15,IF,Y,2752.61,2064.46,NR1 3QQ,VALID,VALID,Taylor & Walker Insurance Services Ltd
ALB-TRV-0001974,P0001174,248,TRV,DIRECT,2019-09-04,2020-09-03,RN,Y,1174.68,1174.68,B1 1AA,VALID,VALID,Davies & Davies Insurance Services Ltd
ALB-PET-0001956,P0001175,,PET,BROKER,2021-06-23,2022-06-23,IF,Y,3981.09,3981.09,B1 1AA,VALID,VALID,Williams & Hall Insurance Services Ltd
ALB-HOM-0001383,P0001176,,HOM,DIRECT,2018-01-10,2019-01-10,EX,N,2240.91,2240.91,YO1 6GA,VALID,VALID,Patel & Taylor Insurance Services Ltd
ALB-HOM-0003789,P0001177,20,HOM,AGGREGATOR,2018-08-11,2019-08-11,LP,N,3167.74,3167.74,M1 1AE,VALID,VALID,Baker & Hughes Insurance Services Ltd
ALB-CLB-0000386,P0001182,,CLB,DIRECT,2026-09-12,2027-09-12,LP,N,11246.13,0.00,YO1 6GA,VALID,VALID,Wilson & Johnson Insurance Services Ltd
ALB-CPM-0003370,P0001184,232,CPM,BROKER,2019-04-14,2020-04-13,IF,Y,11364.36,11364.36,RG1 1LX,VALID,VALID,OBrien & Patel Insurance Services Ltd
ALB-HOM-0000183,P0001185,,HOM,DIRECT,2023-01-03,2024-01-03,RN,Y,2706.61,2706.61,NR1 3QQ,VALID,VALID,Green & Murphy Insurance Services Ltd
ALB-MOT-0000358,P0001186,447,MOT,DIRECT,2022-02-20,2023-02-20,EX,N,2245.77,2245.77,YO1 6GA,VALID,VALID,Davies & Davies Insurance Services Ltd
ALB-HOM-0002480,P0001188,412,HOM,DIRECT,2025-07-08,2026-07-08,IF,Y,2973.94,2973.94,EC1A 1BB,VALID,VALID,Patel & Clarke Insurance Services Ltd
ALB-CLB-0000410,P0001189,,CLB,DIRECT,2020-04-03,2021-04-03,IF,Y,5412.58,5412.58,EC1A 1BB,VALID,VALID,Wilson & Wright Insurance Services Ltd
ALB-CLB-0002739,P0001191,68,CLB,BROKER,2024-11-14,2025-11-14,RN,Y,7544.57,7544.57,EC1A 1BB,VALID,VALID,Robinson & Brown Insurance Services Ltd
ALB-CLB-0004816,P0001193,,CLB,BROKER,2023-09-13,2024-09-12,IF,Y,12329.12,12329.12,M1 1AE,VALID,VALID,Williams & Baker Insurance Services Ltd
ALB-HOM-0004735,P0001194,320,HOM,BROKER,2020-01-31,2021-01-30,CN,N,2511.73,2511.73,RG1 1LX,VALID,VALID,Green & Jones Insurance Services Ltd
ALB-TRV-0000990,P0001198,189,TRV,AGGREGATOR,2018-01-15,2019-01-15,EX,N,2501.01,2501.01,NR1 3QQ,VALID,VALID,Walker & OBrien Insurance Services Ltd
ALB-CLB-0003838,P0001201,,CLB,AGGREGATOR,2026-11-26,2027-11-26,EX,N,2630.86,0.00,M1 1AE,VALID,VALID,Baker & Williams Insurance Services Ltd
ALB-CPM-0001401,P0001202,151,CPM,BROKER,2026-05-15,2027-05-15,IF,Y,12515.36,2085.89,B1 1AA,VALID,VALID,Khan & Smith Insurance Services Ltd
ALB-CLB-0001567,P0001204,,CLB,DIRECT,2021-02-22,2022-02-22,IF,Y,9357.61,9357.61,RG1 1LX,VALID,VALID,Smith & Clarke Insurance Services Ltd
ALB-TRV-0001506,P0001206,,TRV,BROKER,2024-03-15,2025-03-15,RN,Y,894.50,894.50,M1  1AE,INVALID,VALID,Green & Patel Insurance Services Ltd
ALB-PET-0002030,P0001207,46,PET,BROKER,2023-01-27,2024-01-27,LP,N,4189.38,4189.38,EC1A 1BB,VALID,VALID,Davies & Taylor Insurance Services Ltd
ALB-HOM-0000182,P0001208,356,HOM,BROKER,2018-03-03,2019-03-03,IF,Y,2026.91,2026.91,G1 1XQ,VALID,VALID,Hall & Baker Insurance Services Ltd
ALB-CPM-0004852,P0001209,340,CPM,DIRECT,2019-04-25,2020-04-24,RN,Y,13115.76,13115.76,G1 1XQ,VALID,VALID,Davies & Green Insurance Services Ltd
ALB-MOT-0000655,P0001210,186,MOT,AGGREGATOR,2023-05-31,2024-05-30,EX,N,1212.19,1212.19,G1 1XQ,VALID,VALID,Hall & Brown Insurance Services Ltd
ALB-CPM-0001591,P0001211,95,CPM,BROKER,2021-01-27,2022-01-27,IF,Y,911.45,911.45,EC1A1BB,INVALID,VALID,Baker & Clarke Insurance Services Ltd
ALB-TRV-0000544,P0001213,,TRV,BROKER,2019-12-20,2020-12-19,IF,Y,460.08,460.08,G1 1XQ,VALID,VALID,OBrien & Patel Insurance Services Ltd
ALB-CLB-0003532,P0001214,147,CLB,BROKER,2023-09-21,2024-09-20,LP,N,5274.11,5274.11,LS1 4AP,VALID,VALID,Baker & Clarke Insurance Services Ltd
ALB-CLB-0004450,P0001215,111,CLB,BROKER,2023-12-13,2024-12-12,IF,Y,2574.21,2574.21,CF10 1EP,VALID,VALID,Davies & Wright Insurance Services Ltd
ALB-CPM-0004269,P0001219,,CPM,AGGREGATOR,2020-09-12,2021-09-12,IF,Y,4003.86,4003.86,M1 1AE,VALID,VALID,Hall & Wright Insurance Services Ltd
ALB-MOT-0001220,P0001223,377,MOT,DIRECT,2021-03-08,2022-03-08,IF,Y,262.41,262.41,EC1A 1BB,VALID,VALID,Smith & Brown Insurance Services Ltd
ALB-CPM-0004991,P0001224,154,CPM,BROKER,2021-02-02,2022-02-02,EX,N,13857.93,13857.93,M1  1AE,INVALID,VALID,Baker & Brown Insurance Services Ltd
ALB-CPM-0001859,P0001227,496,CPM,BROKER,2024-11-20,2025-11-20,EX,N,4533.31,4533.31,B1 1AA,VALID,VALID,Murphy & Johnson Insurance Services Ltd
ALB-TRV-0004148,P0001228,300,TRV,DIRECT,2019-06-19,2020-06-18,EX,N,3148.19,3148.19,RG1 1LX,VALID,VALID,OBrien & Green Insurance Services Ltd
ALB-CLB-0000259,P0001229,,CLB,AGGREGATOR,2021-08-07,2022-08-07,IF,Y,1590.21,1590.21,B1 1AA,VALID,VALID,Baker & Hughes Insurance Services Ltd
ALB-TRV-0003610,P0001230,381,TRV,BROKER,2019-04-02,2020-04-01,IF,Y,3721.47,3721.47,G1 1XQ,VALID,VALID,Baker & Wright Insurance Services Ltd
ALB-PET-0002712,P0001233,300,PET,DIRECT,2024-02-16,2025-02-15,RN,Y,2510.90,2510.90,G1 1XQ,VALID,VALID,Wilson & OBrien Insurance Services Ltd
ALB-PET-0002747,P0001234,336,PET,AGGREGATOR,2018-04-29,2019-04-29,RN,Y,4132.84,4132.84,LS1 4AP,VALID,VALID,Jones & Baker Insurance Services Ltd
ALB-PET-0000434,P0001235,,PET,AGGREGATOR,2019-11-23,2020-11-22,IF,Y,3214.56,3214.56,CF10 1EP,VALID,VALID,Taylor & Murphy Insurance Services Ltd
ALB-TRV-0002418,P0001236,,TRV,BROKER,2022-06-27,2023-06-27,IF,Y,956.29,956.29,M1 1AE,VALID,VALID,Smith & Brown Insurance Services Ltd
ALB-HOM-0004399,P0001237,,HOM,BROKER,2021-02-01,2022-02-01,IF,Y,3204.08,3204.08,G1 1XQ,VALID,VALID,Brown & Jones Insurance Services Ltd
ALB-PET-0005126,P0001240,321,PET,AGGREGATOR,2020-07-18,2021-07-18,RN,Y,1929.14,1929.14,B1 1AA,VALID,VALID,Johnson & Hughes Insurance Services Ltd
ALB-PET-0000025,P0001241,,PET,BROKER,2024-03-05,2025-03-05,CN,N,2154.98,2154.98,M1 1AE,VALID,VALID,Smith & Brown Insurance Services Ltd
ALB-MOT-0002980,P0001245,42,MOT,BROKER,2024-02-17,2025-02-16,IF,Y,329.74,329.74,EC1A 1BB,VALID,VALID,Hall & Baker Insurance Services Ltd
ALB-CPM-0005130,P0001246,,CPM,DIRECT,2026-12-02,2027-12-02,IF,Y,4348.81,0.00,CF10 1EP,VALID,VALID,OBrien & Patel Insurance Services Ltd
ALB-TRV-0005173,P0001247,,TRV,DIRECT,2022-07-21,2023-07-21,RN,Y,3339.09,3339.09,EC1A1BB,INVALID,VALID,OBrien & Green Insurance Services Ltd
ALB-HOM-0002369,P0001249,,HOM,AGGREGATOR,2019-07-23,2020-07-22,IF,Y,1652.32,1652.32,,INVALID,VALID,Khan & Davies Insurance Services Ltd
ALB-CLB-0004495,P0001250,,CLB,BROKER,2024-04-10,2025-04-10,RN,Y,6991.79,6991.79,BS1 4ST,VALID,VALID,Clarke & Wright Insurance Services Ltd
ALB-CLB-0005078,P0001255,,CLB,DIRECT,2018-05-10,2019-05-10,IF,Y,8719.40,8719.40,EC1A 1BB,VALID,VALID,Patel & Taylor Insurance Services Ltd
ALB-CLB-0005181,P0001257,204,CLB,BROKER,2023-11-11,2024-11-10,IF,Y,13567.50,13567.50,G1 1XQ,VALID,VALID,Clarke & Wright Insurance Services Ltd
ALB-CLB-0004644,P0001258,206,CLB,BROKER,2021-11-15,2022-11-15,RN,Y,14059.13,14059.13,YO1 6GA,VALID,VALID,Davies & Hughes Insurance Services Ltd
ALB-HOM-0002749,P0001260,,HOM,BROKER,2021-07-31,2022-07-31,EX,N,2190.51,2190.51,M1 1AE,VALID,VALID,Taylor & Walker Insurance Services Ltd
ALB-HOM-0004372,P0001262,,HOM,AGGREGATOR,2025-03-01,2026-03-01,RN,Y,2252.64,2252.64,G1 1XQ,VALID,VALID,Davies & Wright Insurance Services Ltd
ALB-TRV-0004501,P0001263,,TRV,AGGREGATOR,2021-08-06,2022-08-06,RN,Y,530.79,530.79,CF10 1EP,VALID,VALID,Patel & Wilson Insurance Services Ltd
ALB-MOT-0002507,P0001266,,MOT,BROKER,2023-09-13,2024-09-12,IF,Y,3514.20,3514.20,LS1 4AP,VALID,VALID,Williams & Hall Insurance Services Ltd
ALB-TRV-0000490,P0001267,444,TRV,BROKER,2026-06-24,2027-06-24,RN,Y,513.43,42.79,BS1 4ST,VALID,VALID,Wilson & Johnson Insurance Services Ltd
ALB-CLB-0002487,P0001268,358,CLB,BROKER,2025-02-11,2026-02-11,IF,Y,13748.27,13748.27,CF10 1EP,VALID,VALID,Clarke & Davies Insurance Services Ltd
ALB-CLB-0003644,P0001269,220,CLB,BROKER,2023-04-21,2024-04-20,IF,Y,14025.53,14025.53,M1 1AE,VALID,VALID,Clarke & Davies Insurance Services Ltd
ALB-CLB-0004615,P0001270,,CLB,BROKER,2025-09-04,2026-09-04,LP,N,2881.60,2401.33,CF10 1EP,VALID,VALID,Brown & Davies Insurance Services Ltd
ALB-CLB-0004953,P0001272,,CLB,BROKER,2024-03-29,2025-03-29,RN,Y,6624.62,6624.62,RG1 1LX,VALID,VALID,Baker & Williams Insurance Services Ltd
ALB-CPM-0003722,P0001273,83,CPM,BROKER,2026-07-24,2027-07-24,EX,N,8246.34,0.00,G1 1XQ,VALID,VALID,Davies & Davies Insurance Services Ltd
ALB-PET-0001828,P0001278,37,PET,AGGREGATOR,2025-03-28,2026-03-28,IF,Y,2558.59,2558.59,B1 1AA,VALID,VALID,Davies & Davies Insurance Services Ltd
ALB-CLB-0003757,P0001280,382,CLB,DIRECT,2021-01-16,2022-01-16,RN,Y,3350.75,3350.75,G1 1XQ,VALID,VALID,Taylor & Johnson Insurance Services Ltd
ALB-HOM-0002372,P0001282,283,HOM,BROKER,2026-11-06,2027-11-06,CN,N,1101.12,0.00,LS1 4AP,VALID,VALID,Smith & Clarke Insurance Services Ltd
ALB-CPM-0003839,P0001284,,CPM,BROKER,2024-12-30,2025-12-30,IF,Y,5258.75,5258.75,BS1 4ST,VALID,VALID,Hall & Baker Insurance Services Ltd
ALB-TRV-0004158,P0001285,,TRV,AGGREGATOR,2021-04-02,2022-04-02,IF,Y,2150.56,2150.56,LS1 4AP,VALID,VALID,Clarke & Wright Insurance Services Ltd
ALB-MOT-0005092,P0001286,,MOT,DIRECT,2025-07-18,2026-07-18,RN,Y,2813.84,2813.84,YO1 6GA,VALID,VALID,Johnson & Hughes Insurance Services Ltd
ALB-MOT-0005006,P0001289,98,MOT,BROKER,2019-08-20,2020-08-19,RN,Y,4036.15,4036.15,RG1 1LX,VALID,VALID,Davies & Taylor Insurance Services Ltd
ALB-HOM-0004725,P0001291,35,HOM,DIRECT,2018-03-21,2019-03-21,IF,Y,3216.69,3216.69,YO1 6GA,VALID,VALID,Johnson & Hall Insurance Services Ltd
ALB-MOT-0005010,P0001293,430,MOT,BROKER,2026-06-03,2027-06-03,LP,N,3137.89,261.49,EC1A 1BB,VALID,VALID,Baker & Wright Insurance Services Ltd
ALB-CPM-0002951,P0001296,16,CPM,BROKER,2020-11-03,2021-11-03,IF,Y,7648.54,7648.54,RG1 1LX,VALID,VALID,Khan & Smith Insurance Services Ltd
ALB-PET-0002748,P0001297,264,PET,AGGREGATOR,2024-12-28,2025-12-28,IF,Y,2332.09,2332.09,BS1 4ST,VALID,VALID,Khan & Smith Insurance Services Ltd
ALB-HOM-0004939,P0001298,,HOM,DIRECT,2021-04-21,2022-04-21,RN,Y,247.89,247.89,G1 1XQ,VALID,VALID,Taylor & Walker Insurance Services Ltd
ALB-CLB-0005196,P0001300,,CLB,BROKER,2020-04-26,2021-04-26,RN,Y,9969.53,9969.53,B1 1AA,VALID,VALID,Patel & Wilson Insurance Services Ltd
ALB-PET-0004610,P0001302,,PET,DIRECT,2019-09-15,2020-09-14,IF,Y,902.66,902.66,YO1 6GA,VALID,VALID,Hall & Brown Insurance Services Ltd
ALB-MOT-0000545,P0001303,,MOT,DIRECT,2021-11-18,2022-11-18,IF,Y,713.21,713.21,EC1A 1BB,VALID,VALID,Wilson & Wright Insurance Services Ltd
ALB-CLB-0002157,P0001304,235,CLB,BROKER,2019-06-22,2020-06-21,IF,Y,947.95,947.95,B1 1AA,VALID,VALID,Murphy & Johnson Insurance Services Ltd
ALB-PET-0004952,P0001306,,PET,DIRECT,2018-08-11,2019-08-11,IF,Y,793.36,793.36,M1 1AE,VALID,VALID,Hall & Murphy Insurance Services Ltd
ALB-TRV-0002104,P0001308,,TRV,BROKER,2018-10-18,2019-10-18,IF,Y,2573.33,2573.33,YO1 6GA,VALID,VALID,Khan & Smith Insurance Services Ltd
ALB-TRV-0003615,P0001309,430,TRV,DIRECT,2020-08-29,2021-08-29,IF,Y,2071.50,2071.50,BS1 4ST,VALID,VALID,Wilson & Wright Insurance Services Ltd
ALB-HOM-0004125,P0001313,,HOM,BROKER,2024-03-22,2025-03-22,IF,Y,2928.01,2928.01,M1 1AE,VALID,VALID,Davies & Davies Insurance Services Ltd
ALB-PET-0001127,P0001318,326,PET,DIRECT,2021-11-22,2022-11-22,LP,N,3195.48,3195.48,G1 1XQ,VALID,VALID,Taylor & Walker Insurance Services Ltd
ALB-CPM-0004632,P0001319,,CPM,BROKER,2026-11-14,2027-11-14,IF,Y,13039.74,0.00,RG1 1LX,VALID,VALID,Khan & Davies Insurance Services Ltd
ALB-CLB-0004039,P0001321,140,CLB,AGGREGATOR,2021-03-20,2022-03-20,EX,N,918.75,918.75,BS1 4ST,VALID,VALID,Johnson & Hughes Insurance Services Ltd
ALB-PET-0002226,P0001323,395,PET,DIRECT,2020-07-26,2021-07-26,RN,Y,1640.29,1640.29,M1 1AE,VALID,VALID,Hall & Murphy Insurance Services Ltd
ALB-MOT-0004457,P0001326,474,MOT,AGGREGATOR,2023-12-09,2024-12-08,RN,Y,1768.83,1768.83,B1 1AA,VALID,VALID,Khan & Smith Insurance Services Ltd
ALB-PET-0004241,P0001329,,PET,BROKER,2025-12-18,2026-12-18,RN,Y,3347.56,1952.74,BS1 4ST,VALID,VALID,Hall & Khan Insurance Services Ltd
ALB-HOM-0002593,P0001331,,HOM,BROKER,2024-08-11,2025-08-11,RN,Y,1239.31,1239.31,YO1 6GA,VALID,VALID,Taylor & Wilson Insurance Services Ltd
ALB-PET-0004545,P0001337,39,PET,BROKER,2018-08-02,2019-08-02,LP,N,3172.92,3172.92,EC1A 1BB,VALID,VALID,Green & Jones Insurance Services Ltd
ALB-MOT-0004621,P0001340,,MOT,DIRECT,2022-11-25,2023-11-25,RN,Y,2544.76,2544.76,CF10 1EP,VALID,VALID,Jones & Baker Insurance Services Ltd
ALB-PET-0004927,P0001341,,PET,DIRECT,2024-06-07,2025-06-07,IF,Y,197.23,197.23,CF10 1EP,VALID,VALID,Khan & Smith Insurance Services Ltd
ALB-CPM-0005044,P0001342,,CPM,DIRECT,2022-03-11,2023-03-11,IF,Y,7508.49,7508.49,M1 1AE,VALID,VALID,Hall & Khan Insurance Services Ltd
ALB-MOT-0003832,P0001343,157,MOT,BROKER,2024-08-02,2025-08-02,LP,N,1992.12,1992.12,CF10 1EP,VALID,VALID,Baker & Brown Insurance Services Ltd
ALB-PET-0001515,P0001344,,PET,AGGREGATOR,2023-09-23,2024-09-22,LP,N,2215.19,2215.19,LS1 4AP,VALID,VALID,Smith & Clarke Insurance Services Ltd
ALB-CPM-0002506,P0001345,351,CPM,AGGREGATOR,2022-01-30,2023-01-30,EX,N,9312.52,9312.52,NR1 3QQ,VALID,VALID,Brown & Jones Insurance Services Ltd
ALB-MOT-0000357,P0001347,290,MOT,BROKER,2018-12-20,2019-12-20,RN,Y,2581.23,2581.23,YO1 6GA,VALID,VALID,Clarke & Wright Insurance Services Ltd
ALB-PET-0003627,P0001349,,PET,DIRECT,2024-12-23,2025-12-23,EX,N,363.67,363.67,LS1 4AP,VALID,VALID,Taylor & Walker Insurance Services Ltd
ALB-MOT-0004285,P0001350,,MOT,AGGREGATOR,2026-08-22,2027-08-22,IF,Y,3270.94,0.00,NR1 3QQ,VALID,VALID,Jones & Baker Insurance Services Ltd
ALB-PET-0002821,P0001351,,PET,BROKER,2022-09-18,2023-09-18,IF,Y,3169.97,3169.97,CF10 1EP,VALID,VALID,Johnson & Hall Insurance Services Ltd
ALB-TRV-0004767,P0001353,,TRV,DIRECT,2023-04-21,2024-04-20,RN,Y,3175.55,3175.55,BS1 4ST,VALID,VALID,Smith & Walker Insurance Services Ltd
ALB-MOT-0005113,P0001358,303,MOT,AGGREGATOR,2024-07-04,2025-07-04,LP,N,2063.79,2063.79,RG1 1LX,VALID,VALID,Wilson & Wright Insurance Services Ltd
ALB-HOM-0004408,P0001360,,HOM,BROKER,2024-05-10,2025-05-10,RN,Y,2031.43,2031.43,YO1 6GA,VALID,VALID,Taylor & Walker Insurance Services Ltd
ALB-CPM-0003727,P0001364,,CPM,DIRECT,2025-01-20,2026-01-20,RN,Y,9060.90,9060.90,CF10 1EP,VALID,VALID,Wilson & Wright Insurance Services Ltd
ALB-HOM-0000993,P0001365,,HOM,AGGREGATOR,2026-06-15,2027-06-15,RN,Y,2402.29,200.19,EC1A 1BB,VALID,VALID,Davies & Brown Insurance Services Ltd
ALB-CPM-0002106,P0001368,,CPM,BROKER,2025-04-02,2026-04-02,IF,Y,13793.29,13793.29,B1 1AA,VALID,VALID,Wilson & Wright Insurance Services Ltd
ALB-CLB-0003380,P0001369,425,CLB,BROKER,2024-02-25,2025-02-24,EX,N,1479.53,1479.53,LS1 4AP,VALID,VALID,Walker & OBrien Insurance Services Ltd
ALB-CPM-0004603,P0001375,497,CPM,DIRECT,2023-10-06,2024-10-05,RN,Y,1800.74,1800.74,B1 1AA,VALID,VALID,Brown & Jones Insurance Services Ltd
ALB-TRV-0003182,P0001377,,TRV,DIRECT,2019-03-19,2020-03-18,RN,Y,3991.49,3991.49,G1 1XQ,VALID,VALID,Davies & Green Insurance Services Ltd
ALB-PET-0003812,P0001379,123,PET,DIRECT,2022-04-17,2023-04-17,IF,Y,872.61,872.61,EC1A 1BB,VALID,VALID,Wilson & Wright Insurance Services Ltd
ALB-CPM-0003169,P0001380,,CPM,BROKER,2023-11-09,2024-11-08,IF,Y,7451.43,7451.43,B1 1AA,VALID,VALID,Brown & Davies Insurance Services Ltd
ALB-PET-0003794,P0001381,,PET,AGGREGATOR,2018-09-02,2019-09-02,IF,Y,3904.33,3904.33,CF10 1EP,VALID,VALID,Wilson & OBrien Insurance Services Ltd
ALB-CPM-0002936,P0001384,114,CPM,DIRECT,2020-08-24,2021-08-24,EX,N,7093.93,7093.93,YO1 6GA,VALID,VALID,Taylor & Wilson Insurance Services Ltd
ALB-CLB-0002663,P0001385,,CLB,DIRECT,2018-03-14,2019-03-14,IF,Y,5188.77,5188.77,BS1 4ST,VALID,VALID,Baker & Wright Insurance Services Ltd
ALB-TRV-0005121,P0001386,,TRV,BROKER,2019-02-15,2020-02-15,IF,Y,3068.47,3068.47,NR1 3QQ,VALID,VALID,Patel & Clarke Insurance Services Ltd
ALB-MOT-0003738,P0001389,31,MOT,DIRECT,2020-02-07,2021-02-06,IF,Y,837.76,837.76,RG1 1LX,VALID,VALID,Taylor & Johnson Insurance Services Ltd
ALB-PET-0004007,P0001390,,PET,AGGREGATOR,2022-03-03,2023-03-03,RN,Y,2398.53,2398.53,M1 1AE,VALID,VALID,Taylor & Walker Insurance Services Ltd
ALB-TRV-0004587,P0001391,226,TRV,DIRECT,2025-07-24,2026-07-24,LP,N,2565.73,2565.73,RG1 1LX,VALID,VALID,Walker & Wright Insurance Services Ltd
ALB-PET-0004547,P0001393,,PET,AGGREGATOR,2019-01-06,2020-01-06,IF,Y,3212.60,3212.60,M1 1AE,VALID,VALID,Taylor & Murphy Insurance Services Ltd
ALB-HOM-0001313,P0001394,,HOM,BROKER,2023-10-24,2024-10-23,LP,N,1958.21,1958.21,YO1 6GA,VALID,VALID,Walker & OBrien Insurance Services Ltd
ALB-CLB-0004533,P0001395,236,CLB,BROKER,2023-07-22,2024-07-21,RN,Y,8173.00,8173.00,B1 1AA,VALID,VALID,Hall & Murphy Insurance Services Ltd
ALB-HOM-0002819,P0001396,,HOM,BROKER,2018-11-02,2019-11-02,RN,Y,3325.07,3325.07,CF10 1EP,VALID,VALID,Patel & Clarke Insurance Services Ltd
ALB-CLB-0000474,P0001397,306,CLB,BROKER,2019-05-10,2020-05-09,CN,N,8381.35,8381.35,M1 1AE,VALID,VALID,Smith & Clarke Insurance Services Ltd
ALB-TRV-0004002,P0001401,462,TRV,BROKER,2024-12-23,2025-12-23,IF,Y,2184.14,2184.14,N/A,INVALID,VALID,Williams & Hall Insurance Services Ltd
ALB-CLB-0002975,P0001403,468,CLB,DIRECT,2026-06-09,2027-06-09,RN,Y,1665.79,138.82,B1 1AA,VALID,VALID,Davies & Hughes Insurance Services Ltd
ALB-PET-0005021,P0001404,,PET,DIRECT,2024-10-03,2025-10-03,IF,Y,1850.24,1850.24,M1 1AE,VALID,VALID,Smith & Clarke Insurance Services Ltd
ALB-PET-0003376,P0001407,,PET,AGGREGATOR,2026-10-09,2027-10-09,LP,N,1533.29,0.00,NR1 3QQ,VALID,VALID,Smith & Brown Insurance Services Ltd
ALB-PET-0001966,P0001408,456,PET,BROKER,2022-05-16,2023-05-16,IF,Y,2219.54,2219.54,BS1 4ST,VALID,VALID,Baker & Brown Insurance Services Ltd
ALB-TRV-0002100,P0001410,136,TRV,DIRECT,2026-06-11,2027-06-11,CN,N,2262.89,188.57,NR1 3QQ,VALID,VALID,Murphy & Johnson Insurance Services Ltd
ALB-CLB-0004671,P0001411,,CLB,AGGREGATOR,2019-05-23,2020-05-22,IF,Y,3111.00,3111.00,G1 1XQ,VALID,VALID,Baker & Hughes Insurance Services Ltd
ALB-CLB-0004977,P0001414,,CLB,BROKER,2026-09-08,2027-09-08,RN,Y,2667.12,0.00,G1 1XQ,VALID,VALID,Johnson & Hughes Insurance Services Ltd
ALB-TRV-0004567,P0001416,,TRV,BROKER,2026-12-05,2027-12-05,RN,Y,2157.40,0.00,M1 1AE,VALID,VALID,Clarke & Wright Insurance Services Ltd
ALB-HOM-0002299,P0001423,385,HOM,DIRECT,2018-10-15,2019-10-15,RN,Y,1013.58,1013.58,M1  1AE,INVALID,VALID,Wilson & Wright Insurance Services Ltd
ALB-MOT-0000591,P0001427,278,MOT,AGGREGATOR,2019-09-22,2020-09-21,LP,N,3796.83,3796.83,LS1 4AP,VALID,VALID,Patel & Taylor Insurance Services Ltd
ALB-TRV-0003798,P0001429,,TRV,AGGREGATOR,2018-03-07,2019-03-07,RN,Y,1631.34,1631.34,BS1 4ST,VALID,VALID,Williams & Hall Insurance Services Ltd
ALB-HOM-0003717,P0001430,,HOM,BROKER,2023-07-18,2024-07-17,IF,Y,2537.22,2537.22,NR1 3QQ,VALID,VALID,Jones & Baker Insurance Services Ltd
ALB-HOM-0003746,P0001432,458,HOM,BROKER,2025-06-20,2026-06-20,IF,Y,3679.22,3679.22,BS1 4ST,VALID,VALID,Khan & Davies Insurance Services Ltd
ALB-HOM-0004648,P0001433,397,HOM,BROKER,2024-11-19,2025-11-19,IF,Y,1772.14,1772.14,EC1A 1BB,VALID,VALID,OBrien & Patel Insurance Services Ltd
ALB-PET-0004777,P0001434,,PET,BROKER,2025-03-14,2026-03-14,IF,Y,1082.93,1082.93,G1 1XQ,VALID,VALID,Johnson & Murphy Insurance Services Ltd
ALB-MOT-0001613,P0001435,,MOT,BROKER,2022-11-24,2023-11-24,EX,N,3346.63,3346.63,B1 1AA,VALID,VALID,Clarke & Davies Insurance Services Ltd
ALB-PET-0003498,P0001440,434,PET,DIRECT,2024-12-09,2025-12-09,IF,Y,1508.86,1508.86,CF10 1EP,VALID,VALID,Brown & Davies Insurance Services Ltd
ALB-CLB-0002205,P0001442,,CLB,DIRECT,2020-02-26,2021-02-25,IF,Y,7533.87,7533.87,G1 1XQ,VALID,VALID,Patel & Clarke Insurance Services Ltd
ALB-CLB-0004840,P0001443,245,CLB,BROKER,2024-12-07,2025-12-07,IF,Y,7176.67,7176.67,M1 1AE,VALID,VALID,Johnson & Hughes Insurance Services Ltd
ALB-CLB-0004085,P0001446,,CLB,BROKER,2023-03-03,2024-03-02,IF,Y,11249.51,11249.51,M1 1AE,VALID,VALID,Baker & Brown Insurance Services Ltd
ALB-CPM-0002632,P0001448,,CPM,BROKER,2024-09-18,2025-09-18,IF,Y,12961.16,12961.16,BS1 4ST,VALID,VALID,Davies & Taylor Insurance Services Ltd
ALB-PET-0004559,P0001449,360,PET,BROKER,2019-09-10,2020-09-09,LP,N,3703.54,3703.54,RG1 1LX,VALID,VALID,Khan & Smith Insurance Services Ltd
ALB-CPM-0005055,P0001450,4,CPM,BROKER,2019-03-21,2020-03-20,IF,Y,10041.90,10041.90,CF10 1EP,VALID,VALID,Hall & Hall Insurance Services Ltd
ALB-PET-0002512,P0001452,430,PET,BROKER,2026-10-25,2027-10-25,IF,Y,2155.36,0.00,G1 1XQ,VALID,VALID,Johnson & Murphy Insurance Services Ltd
ALB-PET-0003272,P0001453,,PET,AGGREGATOR,2025-03-03,2026-03-03,CN,N,3950.06,3950.06,M1 1AE,VALID,VALID,Williams & Williams Insurance Services Ltd
ALB-HOM-0003060,P0001457,413,HOM,BROKER,2018-08-06,2019-08-06,RN,Y,1357.57,1357.57,CF10 1EP,VALID,VALID,Williams & Hall Insurance Services Ltd
ALB-MOT-0003351,P0001458,,MOT,BROKER,2020-02-19,2021-02-18,IF,Y,3297.86,3297.86,B1 1AA,VALID,VALID,Green & Patel Insurance Services Ltd
ALB-HOM-0004744,P0001462,,HOM,DIRECT,2026-10-05,2027-10-05,RN,Y,993.66,0.00,RG1 1LX,VALID,VALID,Wilson & Wright Insurance Services Ltd
ALB-HOM-0004557,P0001463,121,HOM,DIRECT,2020-12-17,2021-12-17,RN,Y,2975.71,2975.71,EC1A 1BB,VALID,VALID,Khan & Davies Insurance Services Ltd
ALB-CPM-0003892,P0001465,203,CPM,DIRECT,2021-05-04,2022-05-04,RN,Y,13111.95,13111.95,G1 1XQ,VALID,VALID,Williams & Hall Insurance Services Ltd
ALB-CPM-0003937,P0001467,218,CPM,DIRECT,2018-01-04,2019-01-04,IF,Y,3324.78,3324.78,EC1A 1BB,VALID,VALID,Davies & Taylor Insurance Services Ltd
ALB-TRV-0001729,P0001468,,TRV,BROKER,2021-12-31,2022-12-31,LP,N,3453.38,3453.38,EC1A 1BB,VALID,VALID,Baker & Clarke Insurance Services Ltd
ALB-PET-0001328,P0001469,,PET,BROKER,2021-02-25,2022-02-25,EX,N,2877.82,2877.82,YO1 6GA,VALID,VALID,Walker & OBrien Insurance Services Ltd
ALB-CLB-0003121,P0001470,,CLB,DIRECT,2024-02-08,2025-02-07,IF,Y,7722.51,7722.51,EC1A 1BB,VALID,VALID,Patel & Taylor Insurance Services Ltd
ALB-HOM-0004700,P0001473,,HOM,AGGREGATOR,2026-06-24,2027-06-24,IF,Y,4104.19,342.02,,INVALID,VALID,Clarke & Wright Insurance Services Ltd
ALB-TRV-0003179,P0001475,219,TRV,DIRECT,2023-07-05,2024-07-04,IF,Y,674.44,674.44,,INVALID,VALID,Hall & Hall Insurance Services Ltd
ALB-CPM-0004841,P0001479,466,CPM,AGGREGATOR,2022-03-31,2023-03-31,IF,Y,12069.53,12069.53,G1 1XQ,VALID,VALID,Brown & Davies Insurance Services Ltd
ALB-HOM-0002031,P0001483,209,HOM,DIRECT,2026-03-08,2027-03-08,LP,N,2279.38,759.79,RG1 1LX,VALID,VALID,Taylor & Murphy Insurance Services Ltd
ALB-TRV-0005191,P0001485,128,TRV,BROKER,2021-11-26,2022-11-26,RN,Y,586.42,586.42,M1 1AE,VALID,VALID,Hall & Wright Insurance Services Ltd
ALB-CLB-0001786,P0001486,,CLB,DIRECT,2025-03-19,2026-03-19,CN,N,3538.08,3538.08,LS1 4AP,VALID,VALID,Hall & Brown Insurance Services Ltd
ALB-MOT-0002421,P0001493,,MOT,BROKER,2019-09-25,2020-09-24,IF,Y,2665.01,2665.01,M1  1AE,INVALID,VALID,Green & Murphy Insurance Services Ltd
ALB-CPM-0002242,P0001497,322,CPM,DIRECT,2023-09-28,2024-09-27,IF,Y,2680.51,2680.51,YO1 6GA,VALID,VALID,Davies & Davies Insurance Services Ltd
ALB-CLB-0000965,P0001501,442,CLB,DIRECT,2022-11-16,2023-11-16,CN,N,13097.46,13097.46,B1 1AA,VALID,VALID,Wilson & OBrien Insurance Services Ltd
ALB-CLB-0005015,P0001502,,CLB,BROKER,2025-12-27,2026-12-27,IF,Y,7753.62,3876.81,CF10 1EP,VALID,VALID,Wilson & Wright Insurance Services Ltd
ALB-PET-0004972,P0001504,,PET,DIRECT,2021-05-29,2022-05-29,IF,Y,2093.60,2093.60,EC1A 1BB,VALID,VALID,Taylor & Wilson Insurance Services Ltd
ALB-CLB-0003684,P0001505,,CLB,BROKER,2021-09-02,2022-09-02,IF,Y,12209.08,12209.08,RG1 1LX,VALID,VALID,Green & Jones Insurance Services Ltd
ALB-PET-0004355,P0001506,434,PET,BROKER,2020-01-04,2021-01-03,IF,Y,1936.98,1936.98,B1 1AA,VALID,VALID,Murphy & Johnson Insurance Services Ltd
ALB-PET-0004850,P0001507,,PET,BROKER,2019-09-04,2020-09-03,IF,Y,706.74,706.74,M1  1AE,INVALID,VALID,Davies & Brown Insurance Services Ltd
ALB-CPM-0002870,P0001508,,CPM,BROKER,2018-01-05,2019-01-05,IF,Y,8512.99,8512.99,RG1 1LX,VALID,VALID,Baker & Wright Insurance Services Ltd
ALB-CLB-0004338,P0001510,,CLB,BROKER,2024-10-30,2025-10-30,IF,Y,12162.90,12162.90,CF10 1EP,VALID,VALID,Davies & Taylor Insurance Services Ltd
ALB-CPM-0000699,P0001513,96,CPM,BROKER,2019-10-25,2020-10-24,EX,N,1333.29,1333.29,EC1A 1BB,VALID,VALID,Taylor & Wilson Insurance Services Ltd
ALB-MOT-0004444,P0001514,298,MOT,BROKER,2021-10-02,2022-10-02,RN,Y,1054.08,1054.08,YO1 6GA,VALID,VALID,Walker & Wright Insurance Services Ltd
ALB-TRV-0004006,P0001515,,TRV,AGGREGATOR,2025-06-22,2026-06-22,IF,Y,1056.49,1056.49,YO1 6GA,VALID,VALID,Williams & Baker Insurance Services Ltd
ALB-CPM-0001372,P0001519,,CPM,AGGREGATOR,2021-05-02,2022-05-02,IF,Y,5003.32,5003.32,EC1A 1BB,VALID,VALID,Johnson & Murphy Insurance Services Ltd
ALB-CLB-0001015,P0001521,,CLB,AGGREGATOR,2021-01-12,2022-01-12,EX,N,6212.15,6212.15,LS1 4AP,VALID,VALID,Williams & Baker Insurance Services Ltd
ALB-CPM-0003364,P0001530,371,CPM,BROKER,2024-01-06,2025-01-05,LP,N,13476.83,13476.83,RG1 1LX,VALID,VALID,Baker & Hughes Insurance Services Ltd
ALB-CPM-0001556,P0001531,,CPM,BROKER,2026-12-05,2027-12-05,RN,Y,11945.53,0.00,B1 1AA,VALID,VALID,Green & Murphy Insurance Services Ltd
ALB-CLB-0004989,P0001532,,CLB,BROKER,2024-10-11,2025-10-11,LP,N,13226.76,13226.76,G1 1XQ,VALID,VALID,Hall & Khan Insurance Services Ltd
ALB-HOM-0004831,P0001534,,HOM,BROKER,2018-04-15,2019-04-15,EX,N,1033.60,1033.60,M1  1AE,INVALID,VALID,Clarke & Wright Insurance Services Ltd
ALB-CPM-0003899,P0001536,419,CPM,BROKER,2023-02-17,2024-02-17,RN,Y,8239.84,8239.84,EC1A 1BB,VALID,VALID,Hall & Wright Insurance Services Ltd
ALB-MOT-0004152,P0001537,,MOT,DIRECT,2024-10-27,2025-10-27,CN,N,1919.87,1919.87,B1 1AA,VALID,VALID,Patel & Clarke Insurance Services Ltd
ALB-MOT-0003871,P0001538,343,MOT,BROKER,2021-03-07,2022-03-07,EX,N,1344.71,1344.71,LS1 4AP,VALID,VALID,Hall & Wright Insurance Services Ltd
ALB-HOM-0001754,P0001540,,HOM,BROKER,2025-06-01,2026-06-01,IF,Y,1318.08,1318.08,NR1 3QQ,VALID,VALID,OBrien & Green Insurance Services Ltd
ALB-TRV-0004380,P0001541,,TRV,BROKER,2026-09-26,2027-09-26,CN,N,463.20,0.00,EC1A 1BB,VALID,VALID,Johnson & Murphy Insurance Services Ltd
ALB-CLB-0004891,P0001542,206,CLB,BROKER,2021-03-19,2022-03-19,RN,Y,6939.63,6939.63,EC1A 1BB,VALID,VALID,Davies & Davies Insurance Services Ltd
ALB-CLB-0003113,P0001544,90,CLB,BROKER,2025-07-23,2026-07-23,IF,Y,5667.77,5667.77,YO1 6GA,VALID,VALID,Baker & Hughes Insurance Services Ltd
ALB-TRV-0002481,P0001545,,TRV,DIRECT,2025-05-14,2026-05-14,IF,Y,2534.46,2534.46,YO1 6GA,VALID,VALID,Davies & Wright Insurance Services Ltd
ALB-HOM-0004553,P0001547,,HOM,DIRECT,2022-11-07,2023-11-07,IF,Y,3346.56,3346.56,M1 1AE,VALID,VALID,Clarke & Wright Insurance Services Ltd
ALB-HOM-0004794,P0001548,,HOM,BROKER,2024-07-03,2025-07-03,CN,N,3025.16,3025.16,YO1 6GA,VALID,VALID,Brown & Jones Insurance Services Ltd
ALB-TRV-0000751,P0001550,,TRV,BROKER,2020-03-06,2021-03-06,RN,Y,1021.14,1021.14,G1 1XQ,VALID,VALID,Taylor & Murphy Insurance Services Ltd
ALB-MOT-0004548,P0001551,347,MOT,BROKER,2026-04-02,2027-04-02,EX,N,2675.51,668.88,YO1 6GA,VALID,VALID,Clarke & Wright Insurance Services Ltd
ALB-TRV-0004627,P0001552,137,TRV,AGGREGATOR,2019-10-14,2020-10-13,IF,Y,381.19,381.19,YO1 6GA,VALID,VALID,Taylor & Johnson Insurance Services Ltd
ALB-PET-0005172,P0001553,425,PET,AGGREGATOR,2021-04-22,2022-04-22,IF,Y,698.02,698.02,M1 1AE,VALID,VALID,Robinson & Brown Insurance Services Ltd
ALB-MOT-0004538,P0001554,200,MOT,AGGREGATOR,2023-01-14,2024-01-14,RN,Y,3460.80,3460.80,M1 1AE,VALID,VALID,Patel & Taylor Insurance Services Ltd
ALB-CPM-0004834,P0001558,296,CPM,BROKER,2024-04-09,2025-04-09,CN,N,1847.40,1847.40,BS1 4ST,VALID,VALID,Davies & Green Insurance Services Ltd
ALB-CLB-0004048,P0001559,305,CLB,DIRECT,2024-05-28,2025-05-28,IF,Y,3594.94,3594.94,G1 1XQ,VALID,VALID,Smith & Davies Insurance Services Ltd
ALB-PET-0004333,P0001561,,PET,DIRECT,2022-07-20,2023-07-20,EX,N,976.06,976.06,CF10 1EP,VALID,VALID,Davies & Wright Insurance Services Ltd
ALB-CPM-0004346,P0001568,,CPM,BROKER,2023-07-08,2024-07-07,RN,Y,5834.18,5834.18,EC1A 1BB,VALID,VALID,Davies & Green Insurance Services Ltd
ALB-CPM-0004573,P0001569,313,CPM,DIRECT,2026-08-20,2027-08-20,IF,Y,12659.66,0.00,,INVALID,VALID,Davies & Green Insurance Services Ltd
ALB-TRV-0004062,P0001571,479,TRV,AGGREGATOR,2026-11-11,2027-11-11,IF,Y,1944.75,0.00,BS1 4ST,VALID,VALID,Clarke & Wright Insurance Services Ltd
ALB-CLB-0004546,P0001572,59,CLB,BROKER,2019-11-02,2020-11-01,IF,Y,13805.49,13805.49,LS1 4AP,VALID,VALID,Williams & Williams Insurance Services Ltd
ALB-TRV-0002527,P0001573,,TRV,BROKER,2026-09-25,2027-09-25,RN,Y,1615.72,0.00,NR1 3QQ,VALID,VALID,Taylor & Walker Insurance Services Ltd
ALB-CPM-0004778,P0001574,,CPM,AGGREGATOR,2025-08-24,2026-08-24,IF,Y,5858.74,5370.51,LS1 4AP,VALID,VALID,Hall & Patel Insurance Services Ltd
ALB-CLB-0001624,P0001577,,CLB,DIRECT,2018-11-03,2019-11-03,IF,Y,1553.03,1553.03,EC1A 1BB,VALID,VALID,Davies & Wright Insurance Services Ltd
ALB-TRV-0004489,P0001580,76,TRV,AGGREGATOR,2024-10-04,2025-10-04,IF,Y,515.49,515.49,M1 1AE,VALID,VALID,Johnson & Murphy Insurance Services Ltd
ALB-CPM-0002861,P0001581,,CPM,BROKER,2018-12-22,2019-12-22,IF,Y,3847.24,3847.24,G1 1XQ,VALID,VALID,Smith & Walker Insurance Services Ltd
ALB-CLB-0003140,P0001583,,CLB,DIRECT,2021-08-26,2022-08-26,IF,Y,5734.92,5734.92,M1  1AE,INVALID,VALID,Wilson & Wright Insurance Services Ltd
ALB-MOT-0005073,P0001584,,MOT,BROKER,2022-06-05,2023-06-05,RN,Y,1245.37,1245.37,LS1 4AP,VALID,VALID,Johnson & Murphy Insurance Services Ltd
ALB-CPM-0004541,P0001586,413,CPM,AGGREGATOR,2022-05-30,2023-05-30,IF,Y,3391.25,3391.25,CF10 1EP,VALID,VALID,Taylor & Walker Insurance Services Ltd
ALB-MOT-0003036,P0001587,321,MOT,BROKER,2024-02-04,2025-02-03,LP,N,1650.51,1650.51,G1 1XQ,VALID,VALID,Smith & Brown Insurance Services Ltd
ALB-HOM-0004776,P0001588,,HOM,BROKER,2018-10-04,2019-10-04,IF,Y,2036.65,2036.65,B1 1AA,VALID,VALID,Taylor & Wilson Insurance Services Ltd
ALB-CPM-0002302,P0001589,189,CPM,DIRECT,2022-12-31,2023-12-31,CN,N,12433.35,12433.35,NR1 3QQ,VALID,VALID,Hall & Murphy Insurance Services Ltd
ALB-CLB-0001166,P0001591,397,CLB,DIRECT,2021-09-02,2022-09-02,CN,N,8891.81,8891.81,CF10 1EP,VALID,VALID,Johnson & Hall Insurance Services Ltd
ALB-HOM-0000042,P0001597,435,HOM,BROKER,2023-09-09,2024-09-08,LP,N,3471.99,3471.99,RG1 1LX,VALID,VALID,Khan & Smith Insurance Services Ltd
ALB-HOM-0004345,P0001598,,HOM,DIRECT,2025-10-10,2026-10-10,LP,N,334.52,250.89,RG1 1LX,VALID,VALID,Hall & Brown Insurance Services Ltd
ALB-CPM-0001746,P0001599,146,CPM,DIRECT,2020-07-12,2021-07-12,RN,Y,14267.37,14267.37,CF10 1EP,VALID,VALID,Walker & Wright Insurance Services Ltd
ALB-CPM-0004393,P0001600,459,CPM,BROKER,2025-05-23,2026-05-23,EX,N,12505.57,12505.57,BS1 4ST,VALID,VALID,Patel & Clarke Insurance Services Ltd
ALB-CLB-0003261,P0001601,,CLB,DIRECT,2019-07-24,2020-07-23,IF,Y,12425.88,12425.88,EC1A 1BB,VALID,VALID,Brown & Jones Insurance Services Ltd
ALB-TRV-0002873,P0001603,,TRV,BROKER,2021-05-19,2022-05-19,IF,Y,3599.59,3599.59,LS1 4AP,VALID,VALID,Davies & Brown Insurance Services Ltd
ALB-CPM-0001269,P0001605,150,CPM,BROKER,2021-01-25,2022-01-25,IF,Y,4902.47,4902.47,LS1 4AP,VALID,VALID,Wilson & Johnson Insurance Services Ltd
ALB-CPM-0001998,P0001606,,CPM,AGGREGATOR,2018-10-17,2019-10-17,CN,N,9935.41,9935.41,M1 1AE,VALID,VALID,Davies & Davies Insurance Services Ltd
ALB-CLB-0002025,P0001608,,CLB,DIRECT,2026-03-15,2027-03-15,RN,Y,4737.92,1579.31,B1 1AA,VALID,VALID,Clarke & Davies Insurance Services Ltd
ALB-CLB-0003529,P0001610,,CLB,DIRECT,2025-01-14,2026-01-14,IF,Y,6756.99,6756.99,RG1 1LX,VALID,VALID,Johnson & Hall Insurance Services Ltd
ALB-PET-0000120,P0001612,272,PET,BROKER,2026-06-22,2027-06-22,LP,N,1299.85,108.32,CF10 1EP,VALID,VALID,Patel & Wilson Insurance Services Ltd
ALB-TRV-0003912,P0001613,216,TRV,DIRECT,2025-01-22,2026-01-22,RN,Y,3627.74,3627.74,CF10 1EP,VALID,VALID,Davies & Wright Insurance Services Ltd
ALB-PET-0004568,P0001615,499,PET,DIRECT,2018-08-20,2019-08-20,IF,Y,1101.50,1101.50,B1 1AA,VALID,VALID,Brown & Davies Insurance Services Ltd
ALB-TRV-0004047,P0001621,,TRV,BROKER,2022-11-07,2023-11-07,IF,Y,1414.76,1414.76,M1 1AE,VALID,VALID,Murphy & Johnson Insurance Services Ltd
ALB-TRV-0004042,P0001623,,TRV,BROKER,2020-06-02,2021-06-02,EX,N,682.78,682.78,G1 1XQ,VALID,VALID,Taylor & Murphy Insurance Services Ltd
ALB-MOT-0004933,P0001624,56,MOT,BROKER,2022-05-01,2023-05-01,IF,Y,1638.75,1638.75,EC1A 1BB,VALID,VALID,Smith & Davies Insurance Services Ltd
ALB-MOT-0001296,P0001625,,MOT,BROKER,2026-06-29,2027-06-29,LP,N,3208.14,0.00,NR1 3QQ,VALID,VALID,Murphy & Johnson Insurance Services Ltd
ALB-HOM-0004219,P0001627,,HOM,BROKER,2019-12-06,2020-12-05,EX,N,1442.26,1442.26,CF10 1EP,VALID,VALID,Hall & Khan Insurance Services Ltd
ALB-CPM-0003540,P0001629,347,CPM,BROKER,2021-10-17,2022-10-17,IF,Y,8645.70,8645.70,EC1A 1BB,VALID,VALID,Davies & Hughes Insurance Services Ltd
ALB-MOT-0004796,P0001632,,MOT,AGGREGATOR,2023-04-25,2024-04-24,LP,N,2767.88,2767.88,N/A,INVALID,VALID,Smith & Walker Insurance Services Ltd
ALB-CPM-0005104,P0001633,464,CPM,BROKER,2022-08-14,2023-08-14,IF,Y,7479.34,7479.34,CF10 1EP,VALID,VALID,Brown & Davies Insurance Services Ltd
ALB-PET-0002583,P0001634,48,PET,BROKER,2019-01-23,2020-01-23,IF,Y,4100.93,4100.93,BS1 4ST,VALID,VALID,Clarke & Wright Insurance Services Ltd
ALB-TRV-0004938,P0001638,430,TRV,DIRECT,2020-08-29,2021-08-29,IF,Y,3263.10,3263.10,NR1 3QQ,VALID,VALID,Green & Jones Insurance Services Ltd
ALB-HOM-0002722,P0001640,139,HOM,BROKER,2019-07-30,2020-07-29,IF,Y,3552.10,3552.10,LS1 4AP,VALID,VALID,Hall & Khan Insurance Services Ltd
ALB-PET-0002897,P0001644,,PET,BROKER,2021-10-27,2022-10-27,RN,Y,738.13,738.13,BS1 4ST,VALID,VALID,Clarke & Davies Insurance Services Ltd
ALB-PET-0002686,P0001645,,PET,DIRECT,2026-08-23,2027-08-23,CN,N,1953.98,0.00,RG1 1LX,VALID,VALID,Baker & Hughes Insurance Services Ltd
ALB-HOM-0004377,P0001649,412,HOM,DIRECT,2021-03-21,2022-03-21,IF,Y,1663.08,1663.08,CF10 1EP,VALID,VALID,Johnson & Hughes Insurance Services Ltd
ALB-CPM-0004923,P0001650,,CPM,AGGREGATOR,2018-11-16,2019-11-16,IF,Y,6722.88,6722.88,EC1A1BB,INVALID,VALID,Smith & Davies Insurance Services Ltd
ALB-TRV-0003799,P0001651,142,TRV,DIRECT,2020-01-25,2021-01-24,IF,Y,193.66,193.66,RG1 1LX,VALID,VALID,Brown & Davies Insurance Services Ltd
ALB-PET-0002329,P0001653,72,PET,BROKER,2019-07-01,2020-06-30,CN,N,3711.92,3711.92,EC1A 1BB,VALID,VALID,Davies & Green Insurance Services Ltd
ALB-TRV-0004208,P0001654,275,TRV,BROKER,2026-04-12,2027-04-12,IF,Y,477.22,119.31,M1 1AE,VALID,VALID,Jones & Robinson Insurance Services Ltd
ALB-CLB-0002399,P0001656,254,CLB,DIRECT,2024-01-10,2025-01-09,EX,N,11738.72,11738.72,N/A,INVALID,VALID,Smith & Walker Insurance Services Ltd
ALB-PET-0004936,P0001657,480,PET,DIRECT,2021-12-07,2022-12-07,IF,Y,852.03,852.03,M1 1AE,VALID,VALID,Jones & Robinson Insurance Services Ltd
ALB-TRV-0004848,P0001666,,TRV,DIRECT,2025-06-13,2026-06-13,IF,Y,3752.89,3752.89,CF10 1EP,VALID,VALID,Hall & Wright Insurance Services Ltd
ALB-CLB-0004031,P0001668,205,CLB,BROKER,2023-08-11,2024-08-10,CN,N,8050.23,8050.23,BS1 4ST,VALID,VALID,Williams & Williams Insurance Services Ltd
ALB-CPM-0000949,P0001669,170,CPM,BROKER,2023-06-11,2024-06-10,RN,Y,5606.17,5606.17,RG1 1LX,VALID,VALID,Hall & Wright Insurance Services Ltd
ALB-TRV-0002088,P0001670,,TRV,BROKER,2026-09-14,2027-09-14,IF,Y,2332.66,0.00,RG1 1LX,VALID,VALID,Hall & Patel Insurance Services Ltd
ALB-CLB-0001352,P0001672,118,CLB,AGGREGATOR,2018-07-15,2019-07-15,IF,Y,12188.04,12188.04,NR1 3QQ,VALID,VALID,Davies & Taylor Insurance Services Ltd
ALB-CPM-0000976,P0001673,479,CPM,BROKER,2023-03-30,2024-03-29,IF,Y,9410.55,9410.55,EC1A1BB,INVALID,VALID,Smith & Davies Insurance Services Ltd
ALB-MOT-0001126,P0001676,101,MOT,BROKER,2020-08-09,2021-08-09,IF,Y,1227.75,1227.75,YO1 6GA,VALID,VALID,Baker & Hughes Insurance Services Ltd
ALB-HOM-0001161,P0001677,,HOM,BROKER,2022-07-11,2023-07-11,IF,Y,2181.43,2181.43,RG1 1LX,VALID,VALID,Smith & Clarke Insurance Services Ltd
ALB-CLB-0003375,P0001679,255,CLB,BROKER,2019-03-08,2020-03-07,CN,N,14697.64,14697.64,G1 1XQ,VALID,VALID,Baker & Wright Insurance Services Ltd
ALB-CPM-0002029,P0001682,4,CPM,BROKER,2026-06-10,2027-06-10,IF,Y,10693.51,891.13,M1  1AE,INVALID,VALID,Johnson & Hall Insurance Services Ltd
ALB-HOM-0002183,P0001684,,HOM,AGGREGATOR,2024-11-23,2025-11-23,LP,N,2452.86,2452.86,G1 1XQ,VALID,VALID,Khan & Davies Insurance Services Ltd
ALB-TRV-0003819,P0001685,,TRV,AGGREGATOR,2023-04-02,2024-04-01,IF,Y,2606.00,2606.00,M1 1AE,VALID,VALID,Green & Jones Insurance Services Ltd
ALB-CLB-0002756,P0001690,281,CLB,BROKER,2019-12-19,2020-12-18,EX,N,7704.85,7704.85,CF10 1EP,VALID,VALID,Hall & Murphy Insurance Services Ltd
ALB-MOT-0005200,P0001691,392,MOT,BROKER,2022-01-24,2023-01-24,IF,Y,3025.26,3025.26,BS1 4ST,VALID,VALID,Clarke & Wright Insurance Services Ltd
ALB-PET-0003092,P0001694,,PET,BROKER,2025-08-20,2026-08-20,EX,N,1561.46,1431.34,M1  1AE,INVALID,VALID,Khan & Smith Insurance Services Ltd
ALB-PET-0001050,P0001695,,PET,BROKER,2021-05-23,2022-05-23,IF,Y,1456.42,1456.42,BS1 4ST,VALID,VALID,Murphy & Johnson Insurance Services Ltd
ALB-PET-0000921,P0001697,426,PET,DIRECT,2026-06-11,2027-06-11,EX,N,1111.20,92.60,NR1 3QQ,VALID,VALID,Davies & Brown Insurance Services Ltd
ALB-CPM-0002518,P0001702,452,CPM,BROKER,2019-09-14,2020-09-13,EX,N,4553.97,4553.97,LS1 4AP,VALID,VALID,Jones & Baker Insurance Services Ltd
ALB-CLB-0000447,P0001704,377,CLB,AGGREGATOR,2018-06-20,2019-06-20,CN,N,8294.25,8294.25,M1 1AE,VALID,VALID,Clarke & Wright Insurance Services Ltd
ALB-MOT-0003753,P0001705,274,MOT,BROKER,2026-08-17,2027-08-17,IF,Y,938.46,0.00,G1 1XQ,VALID,VALID,OBrien & Patel Insurance Services Ltd
ALB-CPM-0003293,P0001708,128,CPM,BROKER,2019-03-09,2020-03-08,IF,Y,1409.55,1409.55,RG1 1LX,VALID,VALID,Khan & Davies Insurance Services Ltd
ALB-TRV-0000164,P0001710,336,TRV,DIRECT,2023-01-14,2024-01-14,LP,N,1936.71,1936.71,NR1 3QQ,VALID,VALID,Brown & Jones Insurance Services Ltd
ALB-CPM-0002734,P0001711,,CPM,AGGREGATOR,2020-01-31,2021-01-30,CN,N,817.80,817.80,LS1 4AP,VALID,VALID,Patel & Wilson Insurance Services Ltd
ALB-TRV-0000875,P0001712,399,TRV,BROKER,2022-12-04,2023-12-04,LP,N,3374.39,3374.39,RG1 1LX,VALID,VALID,Davies & Brown Insurance Services Ltd
ALB-CLB-0002363,P0001713,,CLB,BROKER,2025-10-14,2026-10-14,CN,N,7877.84,5908.38,BS1 4ST,VALID,VALID,Green & Jones Insurance Services Ltd
ALB-HOM-0004004,P0001718,362,HOM,BROKER,2024-01-02,2025-01-01,IF,Y,881.14,881.14,CF10 1EP,VALID,VALID,Johnson & Hughes Insurance Services Ltd
ALB-HOM-0003305,P0001720,,HOM,AGGREGATOR,2024-10-19,2025-10-19,LP,N,1395.39,1395.39,LS1 4AP,VALID,VALID,Williams & Baker Insurance Services Ltd
ALB-MOT-0001062,P0001723,167,MOT,BROKER,2025-07-05,2026-07-05,LP,N,2334.47,2334.47,LS1 4AP,VALID,VALID,Williams & Williams Insurance Services Ltd
ALB-CLB-0004702,P0001726,252,CLB,DIRECT,2019-03-09,2020-03-08,RN,Y,7060.58,7060.58,RG1 1LX,VALID,VALID,Johnson & Hughes Insurance Services Ltd
ALB-TRV-0004668,P0001727,254,TRV,DIRECT,2021-09-26,2022-09-26,IF,Y,3768.14,3768.14,M1 1AE,VALID,VALID,Patel & Clarke Insurance Services Ltd
ALB-HOM-0002063,P0001729,249,HOM,DIRECT,2023-08-18,2024-08-17,LP,N,298.24,298.24,NR1 3QQ,VALID,VALID,Davies & Taylor Insurance Services Ltd
ALB-TRV-0004911,P0001731,,TRV,DIRECT,2023-08-30,2024-08-29,IF,Y,2329.40,2329.40,RG1 1LX,VALID,VALID,Murphy & Johnson Insurance Services Ltd
ALB-HOM-0004496,P0001732,218,HOM,DIRECT,2023-01-16,2024-01-16,EX,N,2711.96,2711.96,M1 1AE,VALID,VALID,Jones & Robinson Insurance Services Ltd
ALB-PET-0000713,P0001733,267,PET,AGGREGATOR,2024-02-26,2025-02-25,IF,Y,1076.57,1076.57,YO1 6GA,VALID,VALID,Smith & Brown Insurance Services Ltd
ALB-CLB-0003424,P0001735,168,CLB,BROKER,2026-05-26,2027-05-26,EX,N,9018.06,751.51,EC1A 1BB,VALID,VALID,Smith & Clarke Insurance Services Ltd
ALB-HOM-0003094,P0001736,,HOM,DIRECT,2019-04-25,2020-04-24,IF,Y,1488.90,1488.90,CF10 1EP,VALID,VALID,Davies & Davies Insurance Services Ltd
ALB-HOM-0003422,P0001737,292,HOM,DIRECT,2018-10-29,2019-10-29,EX,N,4042.79,4042.79,NR1 3QQ,VALID,VALID,Taylor & Murphy Insurance Services Ltd
ALB-CLB-0003982,P0001740,250,CLB,DIRECT,2026-08-22,2027-08-22,RN,Y,13808.30,0.00,RG1 1LX,VALID,VALID,Brown & Davies Insurance Services Ltd
ALB-TRV-0000842,P0001741,,TRV,DIRECT,2019-05-05,2020-05-04,RN,Y,2459.63,2459.63,M1 1AE,VALID,VALID,Clarke & Wright Insurance Services Ltd
ALB-CPM-0001719,P0001743,32,CPM,DIRECT,2023-09-19,2024-09-18,RN,Y,8383.94,8383.94,EC1A 1BB,VALID,VALID,Clarke & Davies Insurance Services Ltd
ALB-CPM-0004365,P0001744,,CPM,DIRECT,2024-08-23,2025-08-23,LP,N,10222.81,10222.81,LS1 4AP,VALID,VALID,Brown & Jones Insurance Services Ltd
ALB-MOT-0004551,P0001745,,MOT,BROKER,2021-08-21,2022-08-21,LP,N,251.92,251.92,M1 1AE,VALID,VALID,Brown & Jones Insurance Services Ltd
ALB-MOT-0002161,P0001746,199,MOT,AGGREGATOR,2018-07-26,2019-07-26,RN,Y,3027.90,3027.90,G1 1XQ,VALID,VALID,Hughes & Wright Insurance Services Ltd
ALB-CPM-0003918,P0001750,,CPM,AGGREGATOR,2026-11-10,2027-11-10,EX,N,7072.33,0.00,BS1 4ST,VALID,VALID,Walker & OBrien Insurance Services Ltd
ALB-MOT-0003450,P0001751,,MOT,BROKER,2023-11-02,2024-11-01,IF,Y,289.55,289.55,G1 1XQ,VALID,VALID,Robinson & Brown Insurance Services Ltd
ALB-TRV-0000343,P0001752,112,TRV,BROKER,2019-01-15,2020-01-15,EX,N,2824.42,2824.42,YO1 6GA,VALID,VALID,Clarke & Davies Insurance Services Ltd
ALB-CPM-0001391,P0001753,392,CPM,BROKER,2020-09-29,2021-09-29,IF,Y,3794.62,3794.62,RG1 1LX,VALID,VALID,Jones & Robinson Insurance Services Ltd
ALB-PET-0003407,P0001754,459,PET,DIRECT,2026-07-10,2027-07-10,LP,N,3803.37,0.00,YO1 6GA,VALID,VALID,Hall & Murphy Insurance Services Ltd
ALB-CLB-0002905,P0001761,,CLB,BROKER,2021-10-04,2022-10-04,IF,Y,11755.51,11755.51,LS1 4AP,VALID,VALID,Johnson & Hall Insurance Services Ltd
ALB-MOT-0005176,P0001763,75,MOT,AGGREGATOR,2023-05-05,2024-05-04,IF,Y,1726.89,1726.89,CF10 1EP,VALID,VALID,Davies & Davies Insurance Services Ltd
ALB-HOM-0001376,P0001764,,HOM,DIRECT,2024-08-28,2025-08-28,LP,N,1266.67,1266.67,BS1 4ST,VALID,VALID,Wilson & OBrien Insurance Services Ltd
ALB-CLB-0003468,P0001765,2,CLB,AGGREGATOR,2020-10-10,2021-10-10,EX,N,6440.97,6440.97,EC1A 1BB,VALID,VALID,Hall & Murphy Insurance Services Ltd
ALB-CLB-0005008,P0001766,444,CLB,AGGREGATOR,2024-09-28,2025-09-28,IF,Y,6871.25,6871.25,G1 1XQ,VALID,VALID,Patel & Clarke Insurance Services Ltd
ALB-MOT-0003157,P0001767,,MOT,AGGREGATOR,2021-09-20,2022-09-20,RN,Y,289.56,289.56,YO1 6GA,VALID,VALID,Baker & Williams Insurance Services Ltd
ALB-CPM-0002131,P0001768,,CPM,BROKER,2022-12-01,2023-12-01,RN,Y,5987.31,5987.31,YO1 6GA,VALID,VALID,Green & Patel Insurance Services Ltd
ALB-CPM-0004710,P0001769,,CPM,BROKER,2025-05-07,2026-05-07,RN,Y,12263.36,12263.36,NR1 3QQ,VALID,VALID,Taylor & Walker Insurance Services Ltd
ALB-TRV-0004645,P0001773,275,TRV,BROKER,2026-04-25,2027-04-25,LP,N,1435.32,358.83,BS1 4ST,VALID,VALID,Jones & Baker Insurance Services Ltd
ALB-CPM-0005171,P0001774,493,CPM,BROKER,2026-04-27,2027-04-27,IF,Y,6886.73,1147.79,RG1 1LX,VALID,VALID,Davies & Wright Insurance Services Ltd
ALB-CPM-0004366,P0001776,184,CPM,DIRECT,2026-11-12,2027-11-12,IF,Y,13773.78,0.00,LS1 4AP,VALID,VALID,Baker & Wright Insurance Services Ltd
ALB-HOM-0005110,P0001778,,HOM,BROKER,2022-03-25,2023-03-25,RN,Y,422.62,422.62,BS1 4ST,VALID,VALID,Clarke & Wright Insurance Services Ltd
ALB-TRV-0004832,P0001779,79,TRV,BROKER,2023-11-30,2024-11-29,IF,Y,2542.97,2542.97,NR1 3QQ,VALID,VALID,Taylor & Johnson Insurance Services Ltd
ALB-CPM-0005096,P0001781,,CPM,DIRECT,2024-04-14,2025-04-14,EX,N,12896.98,12896.98,M1 1AE,VALID,VALID,Taylor & Walker Insurance Services Ltd
ALB-CPM-0003482,P0001783,141,CPM,BROKER,2025-08-16,2026-08-16,EX,N,3954.23,3624.71,RG1 1LX,VALID,VALID,Davies & Davies Insurance Services Ltd
ALB-CLB-0003842,P0001784,,CLB,BROKER,2026-05-02,2027-05-02,EX,N,12292.88,2048.81,CF10 1EP,VALID,VALID,Murphy & Johnson Insurance Services Ltd
ALB-HOM-0004221,P0001785,,HOM,BROKER,2019-10-14,2020-10-13,EX,N,2277.08,2277.08,YO1 6GA,VALID,VALID,Wilson & Wright Insurance Services Ltd
ALB-MOT-0004334,P0001787,,MOT,BROKER,2018-02-03,2019-02-03,EX,N,842.96,842.96,M1 1AE,VALID,VALID,Hall & Wright Insurance Services Ltd
ALB-PET-0000228,P0001788,312,PET,BROKER,2026-11-25,2027-11-25,LP,N,2139.72,0.00,BS1 4ST,VALID,VALID,Wilson & Wright Insurance Services Ltd
ALB-HOM-0005088,P0001790,,HOM,AGGREGATOR,2022-05-21,2023-05-21,EX,N,1282.18,1282.18,G1 1XQ,VALID,VALID,Baker & Clarke Insurance Services Ltd
ALB-MOT-0005111,P0001797,181,MOT,BROKER,2022-03-19,2023-03-19,RN,Y,2498.92,2498.92,G1 1XQ,VALID,VALID,Williams & Williams Insurance Services Ltd
ALB-CLB-0002259,P0001798,262,CLB,BROKER,2021-07-20,2022-07-20,IF,Y,13807.86,13807.86,NR1 3QQ,VALID,VALID,Walker & Wright Insurance Services Ltd
ALB-CPM-0000136,P0001799,,CPM,BROKER,2025-07-26,2026-07-26,CN,N,13098.54,13098.54,YO1 6GA,VALID,VALID,Davies & Taylor Insurance Services Ltd
ALB-TRV-0002577,P0001800,18,TRV,BROKER,2018-10-07,2019-10-07,IF,Y,835.54,835.54,B1 1AA,VALID,VALID,Davies & Taylor Insurance Services Ltd
ALB-TRV-0004835,P0001801,,TRV,DIRECT,2020-01-08,2021-01-07,IF,Y,1803.15,1803.15,BS1 4ST,VALID,VALID,OBrien & Patel Insurance Services Ltd
ALB-HOM-0004449,P0001810,,HOM,DIRECT,2026-08-20,2027-08-20,IF,Y,2416.75,0.00,EC1A 1BB,VALID,VALID,Hughes & Wright Insurance Services Ltd
ALB-CLB-0002865,P0001812,,CLB,AGGREGATOR,2020-03-26,2021-03-26,IF,Y,7318.73,7318.73,EC1A 1BB,VALID,VALID,Walker & OBrien Insurance Services Ltd
ALB-CPM-0003083,P0001813,,CPM,DIRECT,2023-04-12,2024-04-11,IF,Y,12793.33,12793.33,BS1 4ST,VALID,VALID,Davies & Green Insurance Services Ltd
ALB-HOM-0003676,P0001814,,HOM,BROKER,2019-06-16,2020-06-15,EX,N,999.53,999.53,NR1 3QQ,VALID,VALID,OBrien & Patel Insurance Services Ltd
ALB-TRV-0005161,P0001815,466,TRV,AGGREGATOR,2019-03-30,2020-03-29,EX,N,1425.77,1425.77,YO1 6GA,VALID,VALID,Hall & Wright Insurance Services Ltd
ALB-CLB-0000295,P0001816,57,CLB,AGGREGATOR,2025-12-26,2026-12-26,IF,Y,9096.68,5306.40,G1 1XQ,VALID,VALID,Wilson & Wright Insurance Services Ltd
ALB-MOT-0004475,P0001818,,MOT,DIRECT,2021-06-07,2022-06-07,IF,Y,3420.86,3420.86,EC1A 1BB,VALID,VALID,Brown & Davies Insurance Services Ltd
ALB-HOM-0004135,P0001819,344,HOM,BROKER,2018-03-14,2019-03-14,IF,Y,2394.64,2394.64,B1 1AA,VALID,VALID,Johnson & Hall Insurance Services Ltd
ALB-MOT-0005019,P0001821,,MOT,DIRECT,2020-08-17,2021-08-17,EX,N,1320.35,1320.35,NR1 3QQ,VALID,VALID,Hall & Khan Insurance Services Ltd
ALB-MOT-0004506,P0001822,,MOT,BROKER,2023-11-01,2024-10-31,RN,Y,1355.90,1355.90,EC1A1BB,INVALID,VALID,Robinson & Brown Insurance Services Ltd
ALB-PET-0004879,P0001824,150,PET,AGGREGATOR,2020-12-04,2021-12-04,IF,Y,1362.29,1362.29,G1 1XQ,VALID,VALID,Wilson & Wright Insurance Services Ltd
ALB-CPM-0000193,P0001825,81,CPM,DIRECT,2021-08-10,2022-08-10,CN,N,5860.73,5860.73,B1 1AA,VALID,VALID,Green & Murphy Insurance Services Ltd
ALB-PET-0003196,P0001829,270,PET,AGGREGATOR,2023-09-20,2024-09-19,EX,N,890.07,890.07,EC1A 1BB,VALID,VALID,Johnson & Hughes Insurance Services Ltd
ALB-TRV-0000956,P0001830,,TRV,BROKER,2019-06-16,2020-06-15,RN,Y,1179.61,1179.61,CF10 1EP,VALID,VALID,Smith & Walker Insurance Services Ltd
ALB-CLB-0004919,P0001831,,CLB,BROKER,2024-08-31,2025-08-31,IF,Y,3740.48,3740.48,BS1 4ST,VALID,VALID,Davies & Hughes Insurance Services Ltd
ALB-TRV-0004895,P0001836,,TRV,BROKER,2020-05-04,2021-05-04,IF,Y,2750.54,2750.54,M1  1AE,INVALID,VALID,Smith & Clarke Insurance Services Ltd
ALB-CPM-0001968,P0001843,53,CPM,BROKER,2019-04-17,2020-04-16,IF,Y,2758.87,2758.87,LS1 4AP,VALID,VALID,Green & Patel Insurance Services Ltd
ALB-TRV-0005045,P0001844,,TRV,DIRECT,2024-09-25,2025-09-25,RN,Y,216.65,216.65,RG1 1LX,VALID,VALID,Smith & Walker Insurance Services Ltd
ALB-MOT-0005039,P0001845,258,MOT,DIRECT,2026-10-26,2027-10-26,IF,Y,2590.89,0.00,G1 1XQ,VALID,VALID,Hall & Wright Insurance Services Ltd
ALB-HOM-0004802,P0001850,149,HOM,BROKER,2018-05-06,2019-05-06,IF,Y,1123.11,1123.11,YO1 6GA,VALID,VALID,Smith & Walker Insurance Services Ltd
ALB-PET-0001512,P0001851,,PET,BROKER,2020-06-19,2021-06-19,RN,Y,1891.15,1891.15,RG1 1LX,VALID,VALID,Patel & Clarke Insurance Services Ltd
ALB-CPM-0004658,P0001853,228,CPM,BROKER,2026-09-20,2027-09-20,LP,N,6410.11,0.00,LS1 4AP,VALID,VALID,Baker & Brown Insurance Services Ltd
ALB-CPM-0000919,P0001854,,CPM,AGGREGATOR,2026-07-30,2027-07-30,IF,Y,5104.92,0.00,CF10 1EP,VALID,VALID,Patel & Clarke Insurance Services Ltd
ALB-TRV-0004969,P0001855,19,TRV,AGGREGATOR,2020-05-10,2021-05-10,IF,Y,665.07,665.07,CF10 1EP,VALID,VALID,Baker & Hughes Insurance Services Ltd
ALB-CPM-0004104,P0001856,,CPM,DIRECT,2025-08-28,2026-08-28,EX,N,12426.22,11390.70,B1 1AA,VALID,VALID,Wilson & Wright Insurance Services Ltd
ALB-PET-0000557,P0001857,346,PET,AGGREGATOR,2023-09-22,2024-09-21,IF,Y,1526.31,1526.31,LS1 4AP,VALID,VALID,Davies & Taylor Insurance Services Ltd
ALB-CPM-0004761,P0001858,,CPM,DIRECT,2026-01-04,2027-01-04,LP,N,5325.61,2662.81,YO1 6GA,VALID,VALID,Murphy & Johnson Insurance Services Ltd
ALB-HOM-0004958,P0001861,,HOM,DIRECT,2021-04-07,2022-04-07,IF,Y,1145.01,1145.01,CF10 1EP,VALID,VALID,Hughes & Wright Insurance Services Ltd
ALB-CPM-0005148,P0001864,485,CPM,BROKER,2026-10-27,2027-10-27,IF,Y,8760.81,0.00,B1 1AA,VALID,VALID,Walker & Wright Insurance Services Ltd
ALB-TRV-0003949,P0001865,176,TRV,BROKER,2026-08-24,2027-08-24,IF,Y,3620.63,0.00,EC1A 1BB,VALID,VALID,Davies & Taylor Insurance Services Ltd
ALB-MOT-0004376,P0001867,,MOT,DIRECT,2023-03-21,2024-03-20,RN,Y,2284.85,2284.85,EC1A 1BB,VALID,VALID,Smith & Walker Insurance Services Ltd
ALB-HOM-0005016,P0001868,,HOM,BROKER,2021-07-24,2022-07-24,LP,N,2564.64,2564.64,EC1A 1BB,VALID,VALID,Clarke & Wright Insurance Services Ltd
ALB-CPM-0002129,P0001870,,CPM,BROKER,2024-12-26,2025-12-26,EX,N,1749.58,1749.58,EC1A 1BB,VALID,VALID,Taylor & Johnson Insurance Services Ltd
ALB-MOT-0001165,P0001872,323,MOT,DIRECT,2026-02-07,2027-02-07,CN,N,1474.19,614.25,EC1A 1BB,VALID,VALID,Davies & Green Insurance Services Ltd
ALB-CPM-0003228,P0001873,322,CPM,AGGREGATOR,2019-11-08,2020-11-07,CN,N,9331.19,9331.19,CF10 1EP,VALID,VALID,Hall & Patel Insurance Services Ltd
ALB-PET-0003755,P0001874,,PET,BROKER,2018-07-04,2019-07-04,EX,N,577.90,577.90,BS1 4ST,VALID,VALID,Smith & Walker Insurance Services Ltd
ALB-PET-0003881,P0001876,432,PET,DIRECT,2022-09-08,2023-09-08,RN,Y,3589.35,3589.35,RG1 1LX,VALID,VALID,Davies & Taylor Insurance Services Ltd
ALB-CLB-0005090,P0001877,,CLB,BROKER,2023-01-09,2024-01-09,IF,Y,10160.84,10160.84,B1 1AA,VALID,VALID,OBrien & Green Insurance Services Ltd
ALB-CLB-0004859,P0001885,,CLB,BROKER,2023-11-25,2024-11-24,IF,Y,11138.14,11138.14,B1 1AA,VALID,VALID,Taylor & Johnson Insurance Services Ltd
ALB-HOM-0003723,P0001889,180,HOM,AGGREGATOR,2018-11-13,2019-11-13,EX,N,1029.38,1029.38,YO1 6GA,VALID,VALID,Johnson & Hall Insurance Services Ltd
ALB-CPM-0004461,P0001890,,CPM,DIRECT,2021-06-04,2022-06-04,IF,Y,7527.42,7527.42,BS1 4ST,VALID,VALID,Williams & Hall Insurance Services Ltd
ALB-PET-0001027,P0001894,,PET,AGGREGATOR,2018-03-27,2019-03-27,IF,Y,1272.90,1272.90,LS1 4AP,VALID,VALID,Walker & Wright Insurance Services Ltd
ALB-CLB-0003752,P0001895,371,CLB,DIRECT,2020-08-23,2021-08-23,RN,Y,1239.29,1239.29,CF10 1EP,VALID,VALID,Johnson & Hall Insurance Services Ltd
ALB-HOM-0002714,P0001899,459,HOM,BROKER,2019-03-25,2020-03-24,EX,N,269.34,269.34,BS1 4ST,VALID,VALID,Patel & Wilson Insurance Services Ltd
ALB-MOT-0005070,P0001902,,MOT,DIRECT,2020-09-03,2021-09-03,IF,Y,2749.87,2749.87,NR1 3QQ,VALID,VALID,Brown & Davies Insurance Services Ltd
ALB-PET-0003580,P0001903,7,PET,BROKER,2020-05-07,2021-05-07,EX,N,546.87,546.87,B1 1AA,VALID,VALID,Green & Patel Insurance Services Ltd
ALB-CPM-0001822,P0001904,,CPM,DIRECT,2026-06-04,2027-06-04,IF,Y,11616.93,968.08,YO1 6GA,VALID,VALID,Hall & Patel Insurance Services Ltd
ALB-CLB-0003898,P0001905,299,CLB,BROKER,2021-04-02,2022-04-02,RN,Y,12370.24,12370.24,N/A,INVALID,VALID,Williams & Williams Insurance Services Ltd
ALB-TRV-0004505,P0001906,166,TRV,DIRECT,2020-09-29,2021-09-29,RN,Y,1942.03,1942.03,CF10 1EP,VALID,VALID,Robinson & Brown Insurance Services Ltd
ALB-CLB-0005028,P0001909,31,CLB,BROKER,2019-04-01,2020-03-31,IF,Y,1789.42,1789.42,NR1 3QQ,VALID,VALID,Davies & Hughes Insurance Services Ltd
ALB-CLB-0004614,P0001911,,CLB,BROKER,2026-03-09,2027-03-09,IF,Y,11768.05,3922.68,BS1 4ST,VALID,VALID,Khan & Smith Insurance Services Ltd
ALB-MOT-0003946,P0001913,,MOT,AGGREGATOR,2018-03-06,2019-03-06,LP,N,2943.81,2943.81,M1 1AE,VALID,VALID,Wilson & Johnson Insurance Services Ltd
ALB-CLB-0004460,P0001915,333,CLB,BROKER,2020-05-19,2021-05-19,IF,Y,9861.96,9861.96,M1 1AE,VALID,VALID,Davies & Taylor Insurance Services Ltd
ALB-TRV-0001075,P0001922,,TRV,BROKER,2025-02-08,2026-02-08,RN,Y,3001.71,3001.71,EC1A 1BB,VALID,VALID,Hall & Brown Insurance Services Ltd
ALB-HOM-0001597,P0001924,,HOM,BROKER,2026-06-10,2027-06-10,CN,N,3553.35,296.11,RG1 1LX,VALID,VALID,Smith & Davies Insurance Services Ltd
ALB-CLB-0002761,P0001925,,CLB,BROKER,2018-04-28,2019-04-28,IF,Y,12496.37,12496.37,LS1 4AP,VALID,VALID,Green & Murphy Insurance Services Ltd
ALB-MOT-0001903,P0001929,393,MOT,BROKER,2022-12-18,2023-12-18,CN,N,1630.60,1630.60,M1 1AE,VALID,VALID,Hall & Wright Insurance Services Ltd
ALB-TRV-0004083,P0001930,333,TRV,BROKER,2019-04-18,2020-04-17,RN,Y,411.75,411.75,RG1 1LX,VALID,VALID,Williams & Williams Insurance Services Ltd
ALB-PET-0003131,P0001933,343,PET,DIRECT,2018-12-09,2019-12-09,IF,Y,1206.92,1206.92,M1 1AE,VALID,VALID,Hall & Murphy Insurance Services Ltd
ALB-MOT-0002489,P0001939,324,MOT,BROKER,2021-05-20,2022-05-20,CN,N,597.83,597.83,B1 1AA,VALID,VALID,Green & Murphy Insurance Services Ltd
ALB-MOT-0001925,P0001940,212,MOT,BROKER,2021-08-17,2022-08-17,EX,N,3024.89,3024.89,M1 1AE,VALID,VALID,Patel & Clarke Insurance Services Ltd
ALB-MOT-0002376,P0001942,451,MOT,DIRECT,2025-08-09,2026-08-09,IF,Y,2893.84,2652.69,BS1 4ST,VALID,VALID,Davies & Green Insurance Services Ltd
ALB-CPM-0004660,P0001943,130,CPM,BROKER,2024-09-27,2025-09-27,LP,N,11626.02,11626.02,EC1A 1BB,VALID,VALID,Johnson & Murphy Insurance Services Ltd
ALB-PET-0004462,P0001944,,PET,DIRECT,2020-03-09,2021-03-09,IF,Y,3338.61,3338.61,G1 1XQ,VALID,VALID,Smith & Brown Insurance Services Ltd
ALB-TRV-0003554,P0001945,,TRV,DIRECT,2024-05-05,2025-05-05,LP,N,3617.54,3617.54,CF10 1EP,VALID,VALID,Clarke & Wright Insurance Services Ltd
ALB-MOT-0004466,P0001947,,MOT,BROKER,2020-12-25,2021-12-25,IF,Y,3776.71,3776.71,YO1 6GA,VALID,VALID,Johnson & Murphy Insurance Services Ltd
ALB-CPM-0004437,P0001949,203,CPM,BROKER,2021-07-22,2022-07-22,EX,N,5267.24,5267.24,G1 1XQ,VALID,VALID,Hall & Brown Insurance Services Ltd
ALB-TRV-0004484,P0001952,,TRV,BROKER,2022-09-17,2023-09-17,IF,Y,2949.62,2949.62,CF10 1EP,VALID,VALID,Taylor & Murphy Insurance Services Ltd
ALB-CPM-0004866,P0001954,,CPM,AGGREGATOR,2018-03-03,2019-03-03,RN,Y,1857.43,1857.43,BS1 4ST,VALID,VALID,Davies & Taylor Insurance Services Ltd
ALB-TRV-0001239,P0001957,,TRV,DIRECT,2022-04-05,2023-04-05,CN,N,2605.12,2605.12,RG1 1LX,VALID,VALID,Patel & Clarke Insurance Services Ltd
ALB-CLB-0005063,P0001958,493,CLB,BROKER,2019-01-27,2020-01-27,RN,Y,10064.77,10064.77,EC1A1BB,INVALID,VALID,Taylor & Johnson Insurance Services Ltd
ALB-TRV-0004522,P0001960,353,TRV,BROKER,2024-08-04,2025-08-04,CN,N,3913.34,3913.34,G1 1XQ,VALID,VALID,Green & Patel Insurance Services Ltd
ALB-CPM-0002886,P0001961,,CPM,AGGREGATOR,2026-02-13,2027-02-13,EX,N,3930.76,1637.82,B1 1AA,VALID,VALID,Jones & Robinson Insurance Services Ltd
ALB-TRV-0002778,P0001963,191,TRV,DIRECT,2021-04-05,2022-04-05,IF,Y,3896.45,3896.45,RG1 1LX,VALID,VALID,Johnson & Murphy Insurance Services Ltd
ALB-HOM-0002631,P0001966,,HOM,DIRECT,2023-03-05,2024-03-04,IF,Y,2948.39,2948.39,NR1 3QQ,VALID,VALID,Hall & Khan Insurance Services Ltd
ALB-CLB-0004319,P0001967,12,CLB,DIRECT,2026-12-13,2027-12-13,RN,Y,13039.20,0.00,CF10 1EP,VALID,VALID,Johnson & Hughes Insurance Services Ltd
ALB-CPM-0003341,P0001968,,CPM,AGGREGATOR,2025-09-24,2026-09-24,RN,Y,6164.35,5136.96,BS1 4ST,VALID,VALID,Hall & Hall Insurance Services Ltd
ALB-TRV-0004978,P0001969,312,TRV,DIRECT,2024-02-14,2025-02-13,IF,Y,2178.68,2178.68,LS1 4AP,VALID,VALID,Baker & Clarke Insurance Services Ltd
ALB-HOM-0000884,P0001976,67,HOM,BROKER,2022-12-23,2023-12-23,RN,Y,2167.04,2167.04,B1 1AA,VALID,VALID,Williams & Baker Insurance Services Ltd
ALB-PET-0002565,P0001978,,PET,AGGREGATOR,2018-10-04,2019-10-04,RN,Y,1684.98,1684.98,B1 1AA,VALID,VALID,Williams & Hall Insurance Services Ltd
ALB-TRV-0004336,P0001980,172,TRV,DIRECT,2023-08-05,2024-08-04,EX,N,3120.83,3120.83,EC1A1BB,INVALID,VALID,Smith & Brown Insurance Services Ltd
ALB-HOM-0003862,P0001982,,HOM,AGGREGATOR,2023-09-22,2024-09-21,IF,Y,1742.21,1742.21,CF10 1EP,VALID,VALID,Smith & Walker Insurance Services Ltd
ALB-CPM-0003423,P0001985,326,CPM,BROKER,2022-12-02,2023-12-02,RN,Y,13889.89,13889.89,G1 1XQ,VALID,VALID,Hall & Patel Insurance Services Ltd
ALB-PET-0004732,P0001989,186,PET,AGGREGATOR,2018-06-14,2019-06-14,IF,Y,3567.88,3567.88,YO1 6GA,VALID,VALID,Williams & Williams Insurance Services Ltd
ALB-HOM-0002564,P0001990,,HOM,BROKER,2026-05-20,2027-05-20,CN,N,3953.91,658.99,B1 1AA,VALID,VALID,Smith & Clarke Insurance Services Ltd
ALB-HOM-0002178,P0001992,,HOM,BROKER,2026-08-05,2027-08-05,RN,Y,604.09,0.00,M1  1AE,INVALID,VALID,Wilson & Wright Insurance Services Ltd
ALB-PET-0003592,P0001995,165,PET,BROKER,2023-09-02,2024-09-01,IF,Y,3064.58,3064.58,ZZ99 9ZZ,VALID,VALID,Walker & OBrien Insurance Services Ltd
ALB-CLB-0004928,P0001997,,CLB,DIRECT,2026-04-27,2027-04-27,LP,N,9857.44,1642.91,NR1 3QQ,VALID,VALID,Patel & Clarke Insurance Services Ltd
ALB-TRV-0002599,P0001999,,TRV,BROKER,2022-04-09,2023-04-09,RN,Y,1405.86,1405.86,RG1 1LX,VALID,VALID,Hall & Khan Insurance Services Ltd
ALB-MOT-0001462,P0002000,,MOT,BROKER,2026-08-08,2027-08-08,RN,Y,3700.61,0.00,EC1A 1BB,VALID,VALID,Johnson & Murphy Insurance Services Ltd
ALB-PET-0004749,P0002003,,PET,AGGREGATOR,2020-06-20,2021-06-20,LP,N,4182.76,4182.76,B1 1AA,VALID,VALID,Green & Murphy Insurance Services Ltd
ALB-HOM-0005155,P0002005,413,HOM,AGGREGATOR,2023-07-23,2024-07-22,RN,Y,3490.28,3490.28,EC1A 1BB,VALID,VALID,Williams & Williams Insurance Services Ltd
ALB-CLB-0003541,P0002008,21,CLB,BROKER,2024-03-07,2025-03-07,CN,N,788.32,788.32,CF10 1EP,VALID,VALID,Johnson & Murphy Insurance Services Ltd
ALB-CPM-0003952,P0002009,255,CPM,AGGREGATOR,2020-07-14,2021-07-14,IF,Y,1330.23,1330.23,M1 1AE,VALID,VALID,Brown & Davies Insurance Services Ltd
ALB-MOT-0001552,P0002013,,MOT,DIRECT,2020-08-27,2021-08-27,RN,Y,1034.62,1034.62,EC1A 1BB,VALID,VALID,Wilson & Wright Insurance Services Ltd
ALB-CLB-0001241,P0002014,,CLB,DIRECT,2022-08-16,2023-08-16,CN,N,14250.69,14250.69,EC1A 1BB,VALID,VALID,Hall & Baker Insurance Services Ltd
ALB-MOT-0004562,P0002016,,MOT,DIRECT,2021-02-18,2022-02-18,IF,Y,1450.19,1450.19,LS1 4AP,VALID,VALID,Taylor & Murphy Insurance Services Ltd
ALB-HOM-0003675,P0002017,265,HOM,BROKER,2019-06-08,2020-06-07,LP,N,2727.76,2727.76,B1 1AA,VALID,VALID,Taylor & Wilson Insurance Services Ltd
ALB-TRV-0004352,P0002018,434,TRV,DIRECT,2022-11-07,2023-11-07,IF,Y,3486.82,3486.82,LS1 4AP,VALID,VALID,Smith & Clarke Insurance Services Ltd
ALB-CPM-0004799,P0002019,,CPM,BROKER,2021-05-29,2022-05-29,LP,N,1872.59,1872.59,G1 1XQ,VALID,VALID,Clarke & Davies Insurance Services Ltd
ALB-CPM-0002162,P0002020,15,CPM,BROKER,2024-12-09,2025-12-09,IF,Y,5912.33,5912.33,G1 1XQ,VALID,VALID,Wilson & Wright Insurance Services Ltd
ALB-MOT-0005165,P0002021,490,MOT,AGGREGATOR,2020-04-20,2021-04-20,EX,N,1802.70,1802.70,B1 1AA,VALID,VALID,Walker & OBrien Insurance Services Ltd
ALB-HOM-0003486,P0002022,153,HOM,BROKER,2023-06-06,2024-06-05,IF,Y,3288.31,3288.31,NR1 3QQ,VALID,VALID,Davies & Brown Insurance Services Ltd
ALB-CPM-0001683,P0002024,486,CPM,DIRECT,2023-10-28,2024-10-27,RN,Y,10684.10,10684.10,B1 1AA,VALID,VALID,Hall & Patel Insurance Services Ltd
ALB-TRV-0001827,P0002030,44,TRV,DIRECT,2023-03-31,2024-03-30,LP,N,1922.59,1922.59,M1 1AE,VALID,VALID,Hall & Baker Insurance Services Ltd
ALB-HOM-0005134,P0002033,293,HOM,AGGREGATOR,2019-05-23,2020-05-22,EX,N,1447.30,1447.30,BS1 4ST,VALID,VALID,Taylor & Wilson Insurance Services Ltd
ALB-PET-0000220,P0002034,127,PET,BROKER,2019-03-16,2020-03-15,RN,Y,1223.94,1223.94,EC1A 1BB,VALID,VALID,Brown & Davies Insurance Services Ltd
ALB-HOM-0001412,P0002035,312,HOM,DIRECT,2020-11-20,2021-11-20,IF,Y,1415.71,1415.71,B1 1AA,VALID,VALID,Wilson & Wright Insurance Services Ltd
ALB-CLB-0004397,P0002037,225,CLB,AGGREGATOR,2026-12-07,2027-12-07,EX,N,6717.02,0.00,B1 1AA,VALID,VALID,Clarke & Wright Insurance Services Ltd
ALB-PET-0001067,P0002039,,PET,AGGREGATOR,2026-04-21,2027-04-21,IF,Y,1132.77,283.19,ZZ99 9ZZ,VALID,VALID,Baker & Brown Insurance Services Ltd
ALB-PET-0004304,P0002041,,PET,AGGREGATOR,2025-07-12,2026-07-12,RN,Y,574.57,574.57,LS1 4AP,VALID,VALID,Green & Murphy Insurance Services Ltd
ALB-CLB-0000248,P0002042,,CLB,BROKER,2025-03-16,2026-03-16,RN,Y,8030.16,8030.16,NR1 3QQ,VALID,VALID,Davies & Davies Insurance Services Ltd
ALB-TRV-0004608,P0002043,,TRV,BROKER,2025-01-28,2026-01-28,EX,N,2705.84,2705.84,M1 1AE,VALID,VALID,Khan & Smith Insurance Services Ltd
ALB-MOT-0002716,P0000001,328,MOT,BROKER,2022-09-07,2023-09-07,IF,Y,3377.63,3377.63,CF10 1EP,VALID,VALID,
ALB-CPM-0005040,P0000010,126,CPM,BROKER,2023-10-07,2024-10-06,IF,Y,8180.52,8180.52,YO1 6GA,VALID,VALID,
ALB-PET-0003138,P0000012,,PET,DIRECT,2021-01-06,2022-01-06,IF,Y,4186.38,4186.38,M1 1AE,VALID,VALID,
ALB-MOT-0005018,P0000013,115,MOT,BROKER,2020-01-09,2021-01-08,IF,Y,2077.18,2077.18,EC1A 1BB,VALID,VALID,
ALB-CLB-0001549,P0000015,378,CLB,BROKER,2018-11-01,2019-11-01,IF,Y,9190.42,9190.42,RG1 1LX,VALID,VALID,
ALB-PET-0003523,P0000019,,PET,AGGREGATOR,2018-07-06,2019-07-06,IF,Y,621.04,621.04,NR1 3QQ,VALID,VALID,
ALB-HOM-0001357,P0000021,475,HOM,BROKER,2020-07-02,2021-07-02,IF,Y,3683.29,3683.29,G1 1XQ,VALID,VALID,
ALB-PET-0002021,P0000023,25,PET,BROKER,2022-04-10,2023-04-10,CN,N,3332.07,3332.07,CF10 1EP,VALID,VALID,
ALB-MOT-0004270,P0000027,457,MOT,AGGREGATOR,2025-05-17,2026-05-17,EX,N,2684.29,2684.29,M1 1AE,VALID,VALID,
ALB-CPM-0005083,P0000028,280,CPM,DIRECT,2024-07-04,2025-07-04,RN,Y,9347.27,9347.27,BS1 4ST,VALID,VALID,
ALB-PET-0004819,P0000033,,PET,DIRECT,2025-07-31,2026-07-31,LP,N,1033.50,947.38,B1 1AA,VALID,VALID,
ALB-CLB-0002375,P0000034,303,CLB,DIRECT,2020-07-29,2021-07-29,IF,Y,12093.83,12093.83,NR1 3QQ,VALID,VALID,
ALB-CLB-0003525,P0000036,288,CLB,AGGREGATOR,2026-04-07,2027-04-07,IF,Y,10040.52,2510.13,NR1 3QQ,VALID,VALID,
ALB-CPM-0004167,P0000037,403,CPM,BROKER,2024-10-01,2025-10-01,IF,Y,5757.19,5757.19,BS1 4ST,VALID,VALID,
ALB-HOM-0004288,P0000039,,HOM,AGGREGATOR,2019-02-06,2020-02-06,IF,Y,2532.18,2532.18,G1 1XQ,VALID,VALID,
ALB-HOM-0000063,P0000045,,HOM,BROKER,2025-12-24,2026-12-24,IF,Y,3453.31,2014.43,M1 1AE,VALID,VALID,
ALB-CLB-0003009,P0000054,102,CLB,BROKER,2023-08-06,2024-08-05,RN,Y,6342.55,6342.55,G1 1XQ,VALID,VALID,
ALB-PET-0004398,P0000059,487,PET,BROKER,2025-09-21,2026-09-21,IF,Y,1304.43,1087.02,CF10 1EP,VALID,VALID,
ALB-PET-0003236,P0000062,297,PET,BROKER,2021-12-27,2022-12-27,CN,N,1306.56,1306.56,CF10 1EP,VALID,VALID,
ALB-PET-0001222,P0000065,,PET,DIRECT,2020-09-05,2021-09-05,IF,Y,821.04,821.04,B1 1AA,VALID,VALID,
ALB-MOT-0004612,P0000071,415,MOT,BROKER,2022-03-13,2023-03-13,RN,Y,3924.59,3924.59,RG1 1LX,VALID,VALID,
ALB-TRV-0003321,P0000075,162,TRV,DIRECT,2025-02-23,2026-02-23,LP,N,1640.04,1640.04,BS1 4ST,VALID,VALID,
ALB-CLB-0005057,P0000076,343,CLB,BROKER,2019-04-18,2020-04-17,CN,N,11974.76,11974.76,BS1 4ST,VALID,VALID,
ALB-HOM-0005099,P0000078,181,HOM,AGGREGATOR,2020-11-21,2021-11-21,IF,Y,2891.05,2891.05,EC1A 1BB,VALID,VALID,
ALB-CPM-0004373,P0000079,438,CPM,BROKER,2025-10-18,2026-10-18,RN,Y,14010.15,10507.61,B1 1AA,VALID,VALID,
ALB-MOT-0004337,P0000082,82,MOT,DIRECT,2025-06-17,2026-06-17,EX,N,1404.39,1404.39,G1 1XQ,VALID,VALID,
ALB-PET-0002270,P0000083,358,PET,BROKER,2023-05-13,2024-05-12,RN,Y,3688.49,3688.49,EC1A 1BB,VALID,VALID,
ALB-MOT-0004785,P0000086,175,MOT,AGGREGATOR,2019-08-11,2020-08-10,IF,Y,457.79,457.79,M1 1AE,VALID,VALID,
ALB-TRV-0002720,P0000091,30,TRV,BROKER,2018-10-02,2019-10-02,IF,Y,2931.38,2931.38,EC1A 1BB,VALID,VALID,
ALB-PET-0003002,P0000093,173,PET,BROKER,2021-06-13,2022-06-13,IF,Y,3167.82,3167.82,G1 1XQ,VALID,VALID,
ALB-TRV-0004961,P0000097,195,TRV,BROKER,2023-06-20,2024-06-19,LP,N,1812.48,1812.48,RG1 1LX,VALID,VALID,
ALB-TRV-0004428,P0000100,384,TRV,DIRECT,2019-09-08,2020-09-07,EX,N,826.84,826.84,EC1A 1BB,VALID,VALID,
ALB-PET-0003904,P0000101,184,PET,BROKER,2018-08-06,2019-08-06,EX,N,210.50,210.50,CF10 1EP,VALID,VALID,
ALB-HOM-0001920,P0000110,,HOM,AGGREGATOR,2021-01-03,2022-01-03,CN,N,1829.45,1829.45,CF10 1EP,VALID,VALID,
ALB-CPM-0000014,P0000112,374,CPM,DIRECT,2018-09-06,2019-09-06,IF,Y,12872.45,12872.45,B1 1AA,VALID,VALID,
ALB-CLB-0001290,P0000113,125,CLB,DIRECT,2026-01-17,2027-01-17,EX,N,8481.55,4240.78,G1 1XQ,VALID,VALID,
ALB-PET-0003328,P0000114,236,PET,BROKER,2019-07-04,2020-07-03,EX,N,1326.44,1326.44,YO1 6GA,VALID,VALID,
ALB-CPM-0003029,P0000122,,CPM,DIRECT,2024-07-18,2025-07-18,RN,Y,9947.10,9947.10,B1 1AA,VALID,VALID,
ALB-TRV-0002338,P0000124,322,TRV,DIRECT,2018-03-01,2019-03-01,RN,Y,1420.20,1420.20,RG1 1LX,VALID,VALID,
ALB-TRV-0002016,P0000127,186,TRV,BROKER,2020-03-30,2021-03-30,RN,Y,791.03,791.03,LS1 4AP,VALID,VALID,
ALB-PET-0004910,P0000128,427,PET,AGGREGATOR,2020-08-04,2021-08-04,RN,Y,4137.83,4137.83,NR1 3QQ,VALID,VALID,
ALB-HOM-0001811,P0000131,361,HOM,AGGREGATOR,2026-08-12,2027-08-12,IF,Y,3209.22,0.00,YO1 6GA,VALID,VALID,
ALB-HOM-0004247,P0000134,36,HOM,BROKER,2023-10-29,2024-10-28,IF,Y,1785.44,1785.44,LS1 4AP,VALID,VALID,
ALB-CPM-0004906,P0000135,24,CPM,DIRECT,2018-07-02,2019-07-02,IF,Y,8836.85,8836.85,B1 1AA,VALID,VALID,
ALB-PET-0003289,P0000136,339,PET,BROKER,2024-08-15,2025-08-15,RN,Y,233.26,233.26,RG1 1LX,VALID,VALID,
ALB-PET-0005075,P0000143,479,PET,DIRECT,2023-12-18,2024-12-17,IF,Y,2949.57,2949.57,YO1 6GA,VALID,VALID,
ALB-MOT-0004232,P0000145,448,MOT,DIRECT,2021-12-08,2022-12-08,IF,Y,434.88,434.88,CF10 1EP,VALID,VALID,
ALB-CPM-0003230,P0000148,233,CPM,BROKER,2021-11-10,2022-11-10,IF,Y,3419.77,3419.77,NR1 3QQ,VALID,VALID,
ALB-MOT-0002186,P0000150,430,MOT,BROKER,2025-10-12,2026-10-12,LP,N,2056.41,1542.31,RG1 1LX,VALID,VALID,
ALB-TRV-0004266,P0000154,327,TRV,BROKER,2022-10-10,2023-10-10,IF,Y,3824.74,3824.74,CF10 1EP,VALID,VALID,
ALB-PET-0001191,P0000161,344,PET,BROKER,2022-04-21,2023-04-21,RN,Y,1269.00,1269.00,M1 1AE,VALID,VALID,
ALB-HOM-0001397,P0000167,37,HOM,AGGREGATOR,2024-02-01,2025-01-31,RN,Y,948.48,948.48,B1 1AA,VALID,VALID,
ALB-TRV-0003004,P0000174,495,TRV,AGGREGATOR,2023-01-02,2024-01-02,RN,Y,1673.57,1673.57,N/A,INVALID,VALID,
ALB-TRV-0003667,P0000175,410,TRV,BROKER,2021-06-08,2022-06-08,IF,Y,4174.81,4174.81,NR1 3QQ,VALID,VALID,
ALB-CLB-0004623,P0000177,237,CLB,BROKER,2022-06-05,2023-06-05,RN,Y,4235.68,4235.68,BS1 4ST,VALID,VALID,
ALB-CLB-0003026,P0000180,500,CLB,BROKER,2025-05-31,2026-05-31,IF,Y,14074.06,14074.06,CF10 1EP,VALID,VALID,
ALB-PET-0002854,P0000182,286,PET,AGGREGATOR,2019-02-12,2020-02-12,RN,Y,929.50,929.50,NR1 3QQ,VALID,VALID,
ALB-CLB-0004690,P0000184,468,CLB,BROKER,2025-12-22,2026-12-22,RN,Y,2155.24,1257.22,M1 1AE,VALID,VALID,
ALB-TRV-0004784,P0000187,29,TRV,AGGREGATOR,2023-06-23,2024-06-22,CN,N,204.74,204.74,YO1 6GA,VALID,VALID,
ALB-CLB-0001891,P0000193,138,CLB,BROKER,2021-11-26,2022-11-26,LP,N,1114.46,1114.46,B1 1AA,VALID,VALID,
ALB-HOM-0003917,P0000196,355,HOM,BROKER,2025-09-28,2026-09-28,IF,Y,2599.85,1949.89,CF10 1EP,VALID,VALID,
ALB-TRV-0000936,P0000199,160,TRV,AGGREGATOR,2025-08-26,2026-08-26,IF,Y,1942.88,1780.97,BS1 4ST,VALID,VALID,
ALB-CPM-0003631,P0000202,,CPM,DIRECT,2019-09-02,2020-09-01,RN,Y,10053.80,10053.80,EC1A 1BB,VALID,VALID,
ALB-TRV-0004582,P0000203,,TRV,DIRECT,2025-12-23,2026-12-23,IF,Y,3849.82,2245.73,NR1 3QQ,VALID,VALID,
ALB-CPM-0004983,P0000207,,CPM,BROKER,2020-09-18,2021-09-18,EX,N,6969.48,6969.48,BS1 4ST,VALID,VALID,
ALB-CPM-0004483,P0000211,203,CPM,BROKER,2023-08-02,2024-08-01,CN,N,14227.74,14227.74,RG1 1LX,VALID,VALID,
ALB-HOM-0004851,P0000216,235,HOM,BROKER,2025-07-15,2026-07-15,EX,N,1224.45,1224.45,BS1 4ST,VALID,VALID,
ALB-MOT-0002917,P0000222,,MOT,DIRECT,2021-08-04,2022-08-04,IF,Y,1799.36,1799.36,LS1 4AP,VALID,VALID,
ALB-TRV-0002154,P0000228,300,TRV,DIRECT,2025-09-20,2026-09-20,RN,Y,4004.94,3337.45,M1 1AE,VALID,VALID,
ALB-PET-0004526,P0000236,428,PET,DIRECT,2025-10-18,2026-10-18,IF,Y,2822.96,2117.22,G1 1XQ,VALID,VALID,
ALB-TRV-0004177,P0000237,387,TRV,BROKER,2022-05-10,2023-05-10,IF,Y,1183.56,1183.56,B1 1AA,VALID,VALID,
ALB-CPM-0000840,P0000238,86,CPM,BROKER,2020-05-27,2021-05-27,RN,Y,13773.07,13773.07,RG1 1LX,VALID,VALID,
ALB-MOT-0003811,P0000240,261,MOT,BROKER,2022-06-21,2023-06-21,RN,Y,2602.02,2602.02,RG1 1LX,VALID,VALID,
ALB-MOT-0003440,P0000242,,MOT,AGGREGATOR,2022-12-04,2023-12-04,CN,N,2620.62,2620.62,RG1 1LX,VALID,VALID,
ALB-MOT-0002658,P0000244,,MOT,BROKER,2022-02-04,2023-02-04,IF,Y,1443.19,1443.19,BS1 4ST,VALID,VALID,
ALB-CPM-0004307,P0000245,353,CPM,BROKER,2025-03-02,2026-03-02,IF,Y,10253.04,10253.04,RG1 1LX,VALID,VALID,
ALB-PET-0003502,P0000246,47,PET,AGGREGATOR,2026-03-11,2027-03-11,RN,Y,4104.22,1368.07,YO1 6GA,VALID,VALID,
ALB-HOM-0005101,P0000252,57,HOM,AGGREGATOR,2021-06-12,2022-06-12,IF,Y,2273.97,2273.97,CF10 1EP,VALID,VALID,
ALB-HOM-0004756,P0000255,459,HOM,BROKER,2022-10-28,2023-10-28,IF,Y,2591.83,2591.83,G1 1XQ,VALID,VALID,
ALB-CLB-0004717,P0000256,,CLB,BROKER,2026-02-11,2027-02-11,RN,Y,5556.78,2315.33,M1 1AE,VALID,VALID,
ALB-CPM-0004716,P0000259,,CPM,DIRECT,2022-12-17,2023-12-17,IF,Y,13195.33,13195.33,M1 1AE,VALID,VALID,
ALB-MOT-0004297,P0000263,,MOT,BROKER,2024-01-11,2025-01-10,IF,Y,913.69,913.69,CF10 1EP,VALID,VALID,
ALB-TRV-0003690,P0000264,,TRV,BROKER,2026-06-07,2027-06-07,IF,Y,2696.65,224.72,B1 1AA,VALID,VALID,
ALB-CPM-0004757,P0000265,3,CPM,DIRECT,2023-12-11,2024-12-10,IF,Y,13713.04,13713.04,RG1 1LX,VALID,VALID,
ALB-TRV-0002265,P0000267,198,TRV,BROKER,2026-01-17,2027-01-17,IF,Y,318.20,159.10,NR1 3QQ,VALID,VALID,
ALB-TRV-0003733,P0000269,196,TRV,BROKER,2020-12-08,2021-12-08,IF,Y,2658.90,2658.90,M1 1AE,VALID,VALID,
ALB-PET-0001321,P0000273,,PET,DIRECT,2026-12-26,2027-12-26,CN,N,4156.89,0.00,LS1 4AP,VALID,VALID,
ALB-PET-0002328,P0000278,284,PET,BROKER,2023-10-21,2024-10-20,RN,Y,1480.34,1480.34,YO1 6GA,VALID,VALID,
ALB-TRV-0004117,P0000283,59,TRV,BROKER,2019-02-05,2020-02-05,LP,N,633.06,633.06,,INVALID,VALID,
ALB-MOT-0002839,P0000287,456,MOT,BROKER,2024-07-19,2025-07-19,IF,Y,2057.65,2057.65,B1 1AA,VALID,VALID,
ALB-HOM-0003649,P0000288,499,HOM,AGGREGATOR,2019-05-30,2020-05-29,EX,N,2783.14,2783.14,CF10 1EP,VALID,VALID,
ALB-CPM-0005027,P0000293,338,CPM,DIRECT,2019-11-27,2020-11-26,EX,N,7333.13,7333.13,YO1 6GA,VALID,VALID,
ALB-MOT-0004957,P0000296,134,MOT,DIRECT,2018-08-08,2019-08-08,RN,Y,1770.31,1770.31,CF10 1EP,VALID,VALID,
ALB-MOT-0005051,P0000297,81,MOT,BROKER,2021-03-30,2022-03-30,LP,N,1196.55,1196.55,NR1 3QQ,VALID,VALID,
ALB-TRV-0002015,P0000302,33,TRV,DIRECT,2018-12-01,2019-12-01,IF,Y,2240.08,2240.08,B1 1AA,VALID,VALID,
ALB-TRV-0001562,P0000306,,TRV,BROKER,2025-02-24,2026-02-24,RN,Y,2734.88,2734.88,NR1 3QQ,VALID,VALID,
ALB-TRV-0005064,P0000308,,TRV,AGGREGATOR,2023-09-28,2024-09-27,IF,Y,628.86,628.86,G1 1XQ,VALID,VALID,
ALB-MOT-0001872,P0000309,,MOT,BROKER,2025-05-14,2026-05-14,IF,Y,413.95,413.95,CF10 1EP,VALID,VALID,
ALB-PET-0004563,P0000312,55,PET,DIRECT,2026-01-12,2027-01-12,CN,N,1872.81,936.41,B1 1AA,VALID,VALID,
ALB-TRV-0001147,P0000313,230,TRV,AGGREGATOR,2023-08-11,2024-08-10,RN,Y,1002.30,1002.30,NR1 3QQ,VALID,VALID,
ALB-CLB-0003872,P0000314,437,CLB,AGGREGATOR,2019-01-19,2020-01-19,IF,Y,8947.04,8947.04,RG1 1LX,VALID,VALID,
ALB-CLB-0001602,P0000316,320,CLB,BROKER,2026-04-22,2027-04-22,IF,Y,10954.06,2738.52,LS1 4AP,VALID,VALID,
ALB-TRV-0003808,P0000319,474,TRV,BROKER,2019-07-09,2020-07-08,IF,Y,1374.39,1374.39,BS1 4ST,VALID,VALID,
ALB-CPM-0004606,P0000322,192,CPM,BROKER,2018-08-02,2019-08-02,EX,N,11009.61,11009.61,NR1 3QQ,VALID,VALID,
ALB-CPM-0004706,P0000325,277,CPM,DIRECT,2021-02-27,2022-02-27,IF,Y,11120.70,11120.70,G1 1XQ,VALID,VALID,
ALB-CPM-0004425,P0000329,222,CPM,BROKER,2021-07-04,2022-07-04,IF,Y,5975.86,5975.86,G1 1XQ,VALID,VALID,
ALB-CPM-0003863,P0000336,10,CPM,BROKER,2024-10-11,2025-10-11,CN,N,11872.15,11872.15,B1 1AA,VALID,VALID,
ALB-CLB-0002772,P0000341,346,CLB,AGGREGATOR,2020-01-26,2021-01-25,CN,N,2826.42,2826.42,G1 1XQ,VALID,VALID,
ALB-TRV-0004814,P0000344,23,TRV,AGGREGATOR,2026-11-08,2027-11-08,IF,Y,1603.31,0.00,NR1 3QQ,VALID,VALID,
ALB-TRV-0005180,P0000345,392,TRV,BROKER,2021-09-03,2022-09-03,IF,Y,1293.62,1293.62,B1 1AA,VALID,VALID,
ALB-CLB-0001951,P0000346,,CLB,DIRECT,2018-11-11,2019-11-11,IF,Y,5778.88,5778.88,LS1 4AP,VALID,VALID,
ALB-PET-0004195,P0000356,,PET,BROKER,2022-10-14,2023-10-14,EX,N,2953.59,2953.59,LS1 4AP,VALID,VALID,
ALB-PET-0004300,P0000357,44,PET,BROKER,2021-11-22,2022-11-22,CN,N,3267.94,3267.94,M1 1AE,VALID,VALID,
ALB-CPM-0004040,P0000359,249,CPM,DIRECT,2026-12-26,2027-12-26,IF,Y,10392.35,0.00,YO1 6GA,VALID,VALID,
ALB-MOT-0000820,P0000360,424,MOT,AGGREGATOR,2019-05-18,2020-05-17,EX,N,288.82,288.82,RG1 1LX,VALID,VALID,
ALB-HOM-0001912,P0000365,273,HOM,BROKER,2022-02-22,2023-02-22,RN,Y,2611.21,2611.21,EC1A 1BB,VALID,VALID,
ALB-MOT-0004577,P0000368,73,MOT,AGGREGATOR,2019-05-18,2020-05-17,RN,Y,3742.06,3742.06,,INVALID,VALID,
ALB-HOM-0004419,P0000369,,HOM,DIRECT,2020-11-17,2021-11-17,RN,Y,1647.92,1647.92,M1  1AE,INVALID,VALID,
ALB-MOT-0003099,P0000372,244,MOT,BROKER,2025-02-21,2026-02-21,IF,Y,2695.51,2695.51,M1 1AE,VALID,VALID,
ALB-CLB-0004175,P0000374,,CLB,BROKER,2020-10-28,2021-10-28,EX,N,10344.40,10344.40,CF10 1EP,VALID,VALID,
ALB-MOT-0004766,P0000386,373,MOT,DIRECT,2018-07-05,2019-07-05,CN,N,4044.19,4044.19,G1 1XQ,VALID,VALID,
ALB-CPM-0004733,P0000390,,CPM,BROKER,2021-04-26,2022-04-26,RN,Y,6941.54,6941.54,LS1 4AP,VALID,VALID,
ALB-MOT-0004066,P0000391,,MOT,DIRECT,2026-01-04,2027-01-04,RN,Y,3040.96,1520.48,EC1A 1BB,VALID,VALID,
ALB-HOM-0001200,P0000392,160,HOM,DIRECT,2023-12-11,2024-12-10,CN,N,4168.71,4168.71,EC1A 1BB,VALID,VALID,
ALB-CPM-0001469,P0000397,,CPM,BROKER,2023-07-14,2024-07-13,IF,Y,8391.47,8391.47,G1 1XQ,VALID,VALID,
ALB-CLB-0002334,P0000402,364,CLB,BROKER,2023-07-13,2024-07-12,RN,Y,7213.97,7213.97,B1 1AA,VALID,VALID,
ALB-PET-0004881,P0000403,116,PET,AGGREGATOR,2018-08-09,2019-08-09,LP,N,2129.66,2129.66,NR1 3QQ,VALID,VALID,
ALB-CLB-0003662,P0000405,343,CLB,BROKER,2019-03-19,2020-03-18,LP,N,14222.13,14222.13,RG1 1LX,VALID,VALID,
ALB-MOT-0004780,P0000407,11,MOT,AGGREGATOR,2026-10-21,2027-10-21,EX,N,3166.50,0.00,G1 1XQ,VALID,VALID,
ALB-HOM-0004913,P0000409,383,HOM,AGGREGATOR,2019-05-16,2020-05-15,RN,Y,4184.32,4184.32,RG1 1LX,VALID,VALID,
ALB-HOM-0003416,P0000410,206,HOM,BROKER,2019-01-03,2020-01-03,RN,Y,2635.25,2635.25,BS1 4ST,VALID,VALID,
ALB-TRV-0002024,P0000411,355,TRV,BROKER,2024-10-12,2025-10-12,IF,Y,1746.93,1746.93,M1 1AE,VALID,VALID,
ALB-CPM-0003846,P0000412,462,CPM,AGGREGATOR,2025-07-10,2026-07-10,RN,Y,8764.74,8764.74,BS1 4ST,VALID,VALID,
ALB-PET-0002169,P0000414,35,PET,DIRECT,2020-01-24,2021-01-23,RN,Y,2538.48,2538.48,N/A,INVALID,VALID,
ALB-MOT-0002598,P0000418,35,MOT,DIRECT,2018-05-06,2019-05-06,CN,N,1968.45,1968.45,BS1 4ST,VALID,VALID,
ALB-TRV-0001819,P0000421,170,TRV,AGGREGATOR,2019-07-03,2020-07-02,IF,Y,1750.02,1750.02,LS1 4AP,VALID,VALID,
ALB-CLB-0001809,P0000425,,CLB,AGGREGATOR,2023-08-06,2024-08-05,EX,N,10136.16,10136.16,B1 1AA,VALID,VALID,
ALB-PET-0002206,P0000427,441,PET,AGGREGATOR,2019-06-26,2020-06-25,IF,Y,2972.79,2972.79,YO1 6GA,VALID,VALID,
ALB-CPM-0005164,P0000428,295,CPM,DIRECT,2025-02-05,2026-02-05,RN,Y,8673.28,8673.28,N/A,INVALID,VALID,
ALB-HOM-0004412,P0000429,285,HOM,BROKER,2019-03-22,2020-03-21,IF,Y,1459.42,1459.42,YO1 6GA,VALID,VALID,
ALB-CPM-0003650,P0000430,110,CPM,DIRECT,2021-09-30,2022-09-30,RN,Y,14132.27,14132.27,G1 1XQ,VALID,VALID,
ALB-CPM-0001440,P0000432,492,CPM,BROKER,2023-08-09,2024-08-08,IF,Y,12538.84,12538.84,CF10 1EP,VALID,VALID,
ALB-CLB-0004082,P0000434,,CLB,AGGREGATOR,2024-06-20,2025-06-20,CN,N,1198.86,1198.86,EC1A 1BB,VALID,VALID,
ALB-CPM-0004537,P0000437,226,CPM,BROKER,2019-12-30,2020-12-29,LP,N,9329.84,9329.84,LS1 4AP,VALID,VALID,
ALB-TRV-0004556,P0000439,147,TRV,DIRECT,2022-09-18,2023-09-18,IF,Y,2844.10,2844.10,BS1 4ST,VALID,VALID,
ALB-CLB-0003473,P0000441,148,CLB,DIRECT,2023-09-19,2024-09-18,IF,Y,14632.24,14632.24,RG1 1LX,VALID,VALID,
ALB-MOT-0004446,P0000448,421,MOT,BROKER,2024-09-19,2025-09-19,RN,Y,2865.60,2865.60,EC1A 1BB,VALID,VALID,
ALB-CPM-0001527,P0000450,264,CPM,DIRECT,2019-07-17,2020-07-16,RN,Y,7246.52,7246.52,B1 1AA,VALID,VALID,
ALB-PET-0003357,P0000457,49,PET,AGGREGATOR,2023-06-04,2024-06-03,IF,Y,1135.34,1135.34,RG1 1LX,VALID,VALID,
ALB-CLB-0001405,P0000458,176,CLB,AGGREGATOR,2024-10-27,2025-10-27,IF,Y,9865.48,9865.48,NR1 3QQ,VALID,VALID,
ALB-CPM-0001226,P0000463,207,CPM,BROKER,2023-04-08,2024-04-07,EX,N,1429.80,1429.80,EC1A 1BB,VALID,VALID,
ALB-TRV-0002519,P0000464,241,TRV,AGGREGATOR,2026-06-23,2027-06-23,RN,Y,2909.27,242.44,M1  1AE,INVALID,VALID,
ALB-HOM-0002333,P0000465,,HOM,AGGREGATOR,2018-02-06,2019-02-06,IF,Y,2003.83,2003.83,B1 1AA,VALID,VALID,
ALB-PET-0003549,P0000467,,PET,DIRECT,2024-08-22,2025-08-22,EX,N,2783.56,2783.56,LS1 4AP,VALID,VALID,
ALB-HOM-0004762,P0000471,169,HOM,BROKER,2018-03-22,2019-03-22,RN,Y,2248.70,2248.70,RG1 1LX,VALID,VALID,
ALB-TRV-0002879,P0000472,,TRV,BROKER,2024-07-13,2025-07-13,IF,Y,2927.25,2927.25,LS1 4AP,VALID,VALID,
ALB-MOT-0000711,P0000475,31,MOT,DIRECT,2025-10-25,2026-10-25,RN,Y,2190.90,1643.18,M1 1AE,VALID,VALID,
ALB-CLB-0002165,P0000478,368,CLB,DIRECT,2018-11-12,2019-11-12,CN,N,3758.12,3758.12,B1 1AA,VALID,VALID,
ALB-HOM-0002337,P0000479,233,HOM,DIRECT,2025-10-28,2026-10-28,RN,Y,1894.79,1263.19,YO1 6GA,VALID,VALID,
ALB-PET-0001384,P0000487,476,PET,DIRECT,2021-05-14,2022-05-14,LP,N,1638.42,1638.42,G1 1XQ,VALID,VALID,
ALB-TRV-0003619,P0000488,451,TRV,DIRECT,2023-11-24,2024-11-23,IF,Y,2613.36,2613.36,BS1 4ST,VALID,VALID,
ALB-CLB-0004629,P0000492,308,CLB,DIRECT,2025-01-07,2026-01-07,IF,Y,10047.85,10047.85,EC1A 1BB,VALID,VALID,
ALB-MOT-0002282,P0000493,26,MOT,BROKER,2020-12-15,2021-12-15,EX,N,4124.02,4124.02,YO1 6GA,VALID,VALID,
ALB-TRV-0004534,P0000494,,TRV,DIRECT,2021-02-25,2022-02-25,RN,Y,684.51,684.51,EC1A 1BB,VALID,VALID,
ALB-CPM-0002626,P0000496,482,CPM,DIRECT,2023-03-13,2024-03-12,IF,Y,9262.71,9262.71,EC1A 1BB,VALID,VALID,
ALB-TRV-0005035,P0000498,362,TRV,BROKER,2019-12-21,2020-12-20,IF,Y,4154.66,4154.66,NR1 3QQ,VALID,VALID,
ALB-HOM-0004294,P0000504,28,HOM,AGGREGATOR,2019-02-07,2020-02-07,EX,N,1505.21,1505.21,RG1 1LX,VALID,VALID,
ALB-CLB-0005043,P0000505,,CLB,AGGREGATOR,2021-11-15,2022-11-15,IF,Y,955.27,955.27,YO1 6GA,VALID,VALID,
ALB-MOT-0002229,P0000507,,MOT,BROKER,2020-07-02,2021-07-02,EX,N,3416.22,3416.22,M1 1AE,VALID,VALID,
ALB-MOT-0003484,P0000515,,MOT,BROKER,2021-05-18,2022-05-18,IF,Y,1340.01,1340.01,LS1 4AP,VALID,VALID,
ALB-MOT-0004252,P0000517,494,MOT,BROKER,2020-06-15,2021-06-15,RN,Y,2361.75,2361.75,,INVALID,VALID,
ALB-HOM-0002221,P0000521,84,HOM,BROKER,2025-12-29,2026-12-29,CN,N,1382.55,691.28,CF10 1EP,VALID,VALID,
ALB-TRV-0000689,P0000530,20,TRV,DIRECT,2019-04-25,2020-04-24,IF,Y,3901.11,3901.11,M1 1AE,VALID,VALID,
ALB-MOT-0004657,P0000532,496,MOT,BROKER,2018-10-26,2019-10-26,EX,N,3134.89,3134.89,LS1 4AP,VALID,VALID,
ALB-MOT-0003125,P0000533,227,MOT,BROKER,2022-07-29,2023-07-29,EX,N,1300.56,1300.56,CF10 1EP,VALID,VALID,
ALB-TRV-0002291,P0000535,,TRV,BROKER,2019-05-18,2020-05-17,IF,Y,2875.27,2875.27,YO1 6GA,VALID,VALID,
ALB-MOT-0002535,P0000536,385,MOT,DIRECT,2020-11-14,2021-11-14,LP,N,3583.16,3583.16,B1 1AA,VALID,VALID,
ALB-CPM-0002751,P0000537,51,CPM,BROKER,2019-03-24,2020-03-23,LP,N,2511.73,2511.73,NR1 3QQ,VALID,VALID,
ALB-PET-0001943,P0000540,149,PET,DIRECT,2022-01-29,2023-01-29,IF,Y,3871.06,3871.06,EC1A 1BB,VALID,VALID,
ALB-PET-0003833,P0000544,43,PET,BROKER,2023-11-02,2024-11-01,IF,Y,2355.54,2355.54,B1 1AA,VALID,VALID,
ALB-CPM-0004828,P0000548,319,CPM,BROKER,2023-01-20,2024-01-20,IF,Y,10003.30,10003.30,LS1 4AP,VALID,VALID,
ALB-HOM-0004945,P0000552,156,HOM,AGGREGATOR,2022-02-21,2023-02-21,RN,Y,1882.90,1882.90,BS1 4ST,VALID,VALID,
ALB-TRV-0000767,P0000555,98,TRV,AGGREGATOR,2026-08-31,2027-08-31,LP,N,2307.78,0.00,RG1 1LX,VALID,VALID,
ALB-PET-0000695,P0000558,,PET,AGGREGATOR,2023-03-14,2024-03-13,RN,Y,3354.45,3354.45,B1 1AA,VALID,VALID,
ALB-CPM-0003980,P0000562,457,CPM,BROKER,2023-11-03,2024-11-02,EX,N,1390.16,1390.16,G1 1XQ,VALID,VALID,
ALB-CPM-0004976,P0000565,,CPM,BROKER,2024-03-02,2025-03-02,IF,Y,11816.02,11816.02,M1  1AE,INVALID,VALID,
ALB-PET-0002447,P0000570,,PET,BROKER,2019-09-16,2020-09-15,RN,Y,2563.79,2563.79,BS1 4ST,VALID,VALID,
ALB-MOT-0004552,P0000572,,MOT,DIRECT,2020-01-07,2021-01-06,IF,Y,2895.59,2895.59,G1 1XQ,VALID,VALID,
ALB-HOM-0003091,P0000580,45,HOM,AGGREGATOR,2018-03-04,2019-03-04,IF,Y,4034.41,4034.41,BS1 4ST,VALID,VALID,
ALB-PET-0000405,P0000582,76,PET,BROKER,2019-01-08,2020-01-08,IF,Y,634.58,634.58,LS1 4AP,VALID,VALID,
ALB-PET-0002977,P0000587,,PET,BROKER,2020-03-09,2021-03-09,CN,N,1906.50,1906.50,CF10 1EP,VALID,VALID,
ALB-TRV-0002675,P0000593,191,TRV,AGGREGATOR,2020-07-23,2021-07-23,RN,Y,1166.21,1166.21,NR1 3QQ,VALID,VALID,
ALB-CLB-0002273,P0000601,421,CLB,DIRECT,2021-12-16,2022-12-16,RN,Y,7502.67,7502.67,ZZ99 9ZZ,VALID,VALID,
ALB-CPM-0005166,P0000604,287,CPM,AGGREGATOR,2018-10-03,2019-10-03,LP,N,7428.65,7428.65,G1 1XQ,VALID,VALID,
ALB-CPM-0004781,P0000605,265,CPM,BROKER,2024-12-06,2025-12-06,CN,N,6122.22,6122.22,M1 1AE,VALID,VALID,
ALB-CPM-0004986,P0000608,297,CPM,DIRECT,2025-12-02,2026-12-02,LP,N,4286.40,2500.40,EC1A 1BB,VALID,VALID,
ALB-CLB-0002110,P0000609,239,CLB,DIRECT,2020-10-08,2021-10-08,RN,Y,2264.13,2264.13,ZZ99 9ZZ,VALID,VALID,
ALB-MOT-0003590,P0000613,,MOT,DIRECT,2023-08-05,2024-08-04,IF,Y,255.11,255.11,B1 1AA,VALID,VALID,
ALB-TRV-0003089,P0000614,449,TRV,BROKER,2026-04-02,2027-04-02,RN,Y,1843.03,460.76,EC1A 1BB,VALID,VALID,
ALB-TRV-0001301,P0000615,18,TRV,DIRECT,2025-07-02,2026-07-02,RN,Y,316.25,316.25,EC1A1BB,INVALID,VALID,
ALB-CLB-0003693,P0000617,466,CLB,BROKER,2022-11-19,2023-11-19,IF,Y,7142.15,7142.15,M1  1AE,INVALID,VALID,
ALB-TRV-0004305,P0000619,278,TRV,BROKER,2018-12-13,2019-12-13,RN,Y,693.56,693.56,BS1 4ST,VALID,VALID,
ALB-HOM-0004000,P0000621,433,HOM,BROKER,2020-06-20,2021-06-20,IF,Y,2078.35,2078.35,CF10 1EP,VALID,VALID,
ALB-PET-0004485,P0000626,467,PET,AGGREGATOR,2026-10-20,2027-10-20,CN,N,2346.31,0.00,EC1A 1BB,VALID,VALID,
ALB-TRV-0000832,P0000630,494,TRV,DIRECT,2023-10-21,2024-10-20,IF,Y,2962.76,2962.76,G1 1XQ,VALID,VALID,
ALB-CPM-0004965,P0000632,407,CPM,BROKER,2021-01-03,2022-01-03,IF,Y,2767.86,2767.86,LS1 4AP,VALID,VALID,
ALB-CLB-0004332,P0000633,145,CLB,AGGREGATOR,2026-10-17,2027-10-17,LP,N,2450.49,0.00,CF10 1EP,VALID,VALID,
ALB-CLB-0003104,P0000638,262,CLB,DIRECT,2025-06-08,2026-06-08,RN,Y,12134.82,12134.82,G1 1XQ,VALID,VALID,
ALB-CPM-0004272,P0000640,211,CPM,BROKER,2021-11-14,2022-11-14,RN,Y,1397.98,1397.98,B1 1AA,VALID,VALID,
ALB-CPM-0000782,P0000648,,CPM,BROKER,2025-09-02,2026-09-02,RN,Y,1809.84,1508.20,,INVALID,VALID,
ALB-HOM-0001644,P0000650,,HOM,DIRECT,2025-05-11,2026-05-11,IF,Y,2491.01,2491.01,CF10 1EP,VALID,VALID,
ALB-HOM-0004539,P0000652,,HOM,DIRECT,2019-07-09,2020-07-08,IF,Y,1391.20,1391.20,LS1 4AP,VALID,VALID,
ALB-PET-0002107,P0000655,,PET,BROKER,2020-11-15,2021-11-15,IF,Y,3302.85,3302.85,G1 1XQ,VALID,VALID,
ALB-CLB-0001005,P0000657,264,CLB,BROKER,2018-07-04,2019-07-04,IF,Y,4926.81,4926.81,M1 1AE,VALID,VALID,
ALB-CPM-0004642,P0000659,,CPM,BROKER,2022-01-06,2023-01-06,IF,Y,1151.88,1151.88,RG1 1LX,VALID,VALID,
ALB-MOT-0000424,P0000662,323,MOT,DIRECT,2024-10-26,2025-10-26,LP,N,2061.55,2061.55,CF10 1EP,VALID,VALID,
ALB-CPM-0002621,P0000663,176,CPM,BROKER,2022-02-16,2023-02-16,IF,Y,11618.25,11618.25,EC1A 1BB,VALID,VALID,
ALB-TRV-0002126,P0000665,133,TRV,BROKER,2021-08-10,2022-08-10,LP,N,2052.42,2052.42,NR1 3QQ,VALID,VALID,
ALB-CPM-0001796,P0000671,292,CPM,DIRECT,2020-10-03,2021-10-03,IF,Y,7832.08,7832.08,RG1 1LX,VALID,VALID,
ALB-MOT-0004924,P0000673,,MOT,BROKER,2024-04-08,2025-04-08,EX,N,3232.73,3232.73,CF10 1EP,VALID,VALID,
ALB-CPM-0003971,P0000677,,CPM,AGGREGATOR,2018-04-22,2019-04-22,EX,N,3233.54,3233.54,NR1 3QQ,VALID,VALID,
ALB-TRV-0002767,P0000681,311,TRV,AGGREGATOR,2020-12-15,2021-12-15,IF,Y,1977.73,1977.73,RG1 1LX,VALID,VALID,
ALB-CPM-0004379,P0000688,,CPM,BROKER,2018-12-06,2019-12-06,EX,N,7035.46,7035.46,EC1A 1BB,VALID,VALID,
ALB-PET-0004339,P0000691,32,PET,DIRECT,2024-05-20,2025-05-20,IF,Y,963.85,963.85,EC1A 1BB,VALID,VALID,
ALB-CPM-0001950,P0000692,,CPM,BROKER,2019-10-17,2020-10-16,RN,Y,6722.60,6722.60,B1 1AA,VALID,VALID,
ALB-CLB-0002276,P0000697,490,CLB,AGGREGATOR,2019-01-22,2020-01-22,IF,Y,14605.18,14605.18,LS1 4AP,VALID,VALID,
ALB-HOM-0002152,P0000703,70,HOM,DIRECT,2023-04-29,2024-04-28,IF,Y,1528.02,1528.02,M1 1AE,VALID,VALID,
ALB-CLB-0002974,P0000713,172,CLB,BROKER,2022-09-08,2023-09-08,IF,Y,13693.63,13693.63,CF10 1EP,VALID,VALID,
ALB-CPM-0001547,P0000729,101,CPM,DIRECT,2019-03-30,2020-03-29,IF,Y,7720.84,7720.84,EC1A 1BB,VALID,VALID,
ALB-PET-0003066,P0000730,,PET,AGGREGATOR,2019-03-05,2020-03-04,CN,N,3993.91,3993.91,EC1A 1BB,VALID,VALID,
ALB-CLB-0004097,P0000734,183,CLB,DIRECT,2023-03-05,2024-03-04,IF,Y,4664.49,4664.49,BS1 4ST,VALID,VALID,
ALB-TRV-0000098,P0000735,208,TRV,AGGREGATOR,2020-07-16,2021-07-16,IF,Y,532.19,532.19,M1 1AE,VALID,VALID,
ALB-PET-0004113,P0000738,,PET,AGGREGATOR,2025-11-29,2026-11-29,IF,Y,760.69,443.74,M1 1AE,VALID,VALID,
ALB-PET-0003893,P0000743,,PET,DIRECT,2022-12-12,2023-12-12,IF,Y,2888.21,2888.21,EC1A 1BB,VALID,VALID,
ALB-MOT-0001520,P0000744,27,MOT,DIRECT,2021-03-22,2022-03-22,IF,Y,3036.80,3036.80,LS1 4AP,VALID,VALID,
ALB-PET-0004855,P0000745,427,PET,BROKER,2023-01-06,2024-01-06,IF,Y,3945.43,3945.43,CF10 1EP,VALID,VALID,
ALB-PET-0002336,P0000746,295,PET,BROKER,2022-02-14,2023-02-14,RN,Y,1314.88,1314.88,YO1 6GA,VALID,VALID,
ALB-HOM-0003402,P0000750,,HOM,DIRECT,2018-12-02,2019-12-02,RN,Y,1201.45,1201.45,RG1 1LX,VALID,VALID,
ALB-TRV-0004620,P0000751,426,TRV,BROKER,2023-10-27,2024-10-26,RN,Y,3011.49,3011.49,LS1 4AP,VALID,VALID,
ALB-CLB-0004890,P0000752,10,CLB,DIRECT,2021-11-13,2022-11-13,CN,N,8027.66,8027.66,YO1 6GA,VALID,VALID,
ALB-PET-0002473,P0000759,7,PET,DIRECT,2026-12-01,2027-12-01,RN,Y,1317.97,0.00,YO1 6GA,VALID,VALID,
ALB-MOT-0001053,P0000762,,MOT,DIRECT,2021-05-22,2022-05-22,RN,Y,1972.82,1972.82,EC1A 1BB,VALID,VALID,
ALB-MOT-0002230,P0000764,128,MOT,DIRECT,2026-08-19,2027-08-19,IF,Y,3768.96,0.00,EC1A1BB,INVALID,VALID,
ALB-PET-0004915,P0000765,,PET,BROKER,2026-07-24,2027-07-24,LP,N,478.25,0.00,CF10 1EP,VALID,VALID,
ALB-CPM-0004500,P0000770,408,CPM,DIRECT,2026-01-22,2027-01-22,RN,Y,13526.54,6763.27,N/A,INVALID,VALID,
ALB-PET-0003544,P0000771,,PET,BROKER,2018-01-05,2019-01-05,IF,Y,2036.52,2036.52,LS1 4AP,VALID,VALID,
ALB-HOM-0002354,P0000773,293,HOM,BROKER,2018-07-26,2019-07-26,IF,Y,3530.67,3530.67,NR1 3QQ,VALID,VALID,
ALB-HOM-0002274,P0000774,,HOM,AGGREGATOR,2026-10-07,2027-10-07,CN,N,2932.75,0.00,LS1 4AP,VALID,VALID,
ALB-MOT-0001189,P0000778,,MOT,BROKER,2019-12-29,2020-12-28,IF,Y,781.54,781.54,BS1 4ST,VALID,VALID,
ALB-CLB-0004561,P0000779,454,CLB,DIRECT,2026-11-27,2027-11-27,IF,Y,8504.59,0.00,LS1 4AP,VALID,VALID,
ALB-TRV-0004872,P0000782,189,TRV,DIRECT,2022-04-29,2023-04-29,CN,N,3393.63,3393.63,BS1 4ST,VALID,VALID,
ALB-HOM-0005183,P0000786,,HOM,DIRECT,2026-12-18,2027-12-18,EX,N,1584.74,0.00,G1 1XQ,VALID,VALID,
ALB-PET-0003015,P0000788,398,PET,BROKER,2019-12-30,2020-12-29,RN,Y,2014.12,2014.12,EC1A 1BB,VALID,VALID,
ALB-TRV-0003300,P0000790,,TRV,BROKER,2023-05-08,2024-05-07,IF,Y,1772.46,1772.46,RG1 1LX,VALID,VALID,
ALB-TRV-0002128,P0000795,499,TRV,DIRECT,2019-12-06,2020-12-05,RN,Y,4125.44,4125.44,B1 1AA,VALID,VALID,
ALB-CLB-0004870,P0000801,468,CLB,DIRECT,2021-07-16,2022-07-16,EX,N,6079.32,6079.32,YO1 6GA,VALID,VALID,
ALB-CPM-0004311,P0000805,377,CPM,DIRECT,2023-03-09,2024-03-08,LP,N,5960.07,5960.07,LS1 4AP,VALID,VALID,
ALB-HOM-0001727,P0000808,452,HOM,AGGREGATOR,2019-04-28,2020-04-27,IF,Y,3042.95,3042.95,CF10 1EP,VALID,VALID,
ALB-PET-0003573,P0000810,,PET,DIRECT,2026-07-13,2027-07-13,LP,N,1359.90,0.00,LS1 4AP,VALID,VALID,
ALB-CLB-0003761,P0000814,,CLB,DIRECT,2026-05-21,2027-05-21,LP,N,779.32,129.89,YO1 6GA,VALID,VALID,
ALB-PET-0003051,P0000815,304,PET,BROKER,2018-02-05,2019-02-05,EX,N,3916.25,3916.25,B1 1AA,VALID,VALID,
ALB-MOT-0002595,P0000816,440,MOT,BROKER,2019-08-01,2020-07-31,IF,Y,2823.56,2823.56,BS1 4ST,VALID,VALID,
ALB-PET-0003389,P0000818,97,PET,DIRECT,2018-02-23,2019-02-23,IF,Y,498.05,498.05,CF10 1EP,VALID,VALID,
ALB-HOM-0003787,P0000820,30,HOM,DIRECT,2026-08-28,2027-08-28,RN,Y,708.87,0.00,B1 1AA,VALID,VALID,
ALB-MOT-0001285,P0000821,,MOT,DIRECT,2018-05-10,2019-05-10,IF,Y,1685.46,1685.46,G1 1XQ,VALID,VALID,
ALB-CLB-0004917,P0000827,221,CLB,DIRECT,2023-07-18,2024-07-17,IF,Y,8074.77,8074.77,BS1 4ST,VALID,VALID,
ALB-CLB-0003591,P0000828,142,CLB,BROKER,2023-03-08,2024-03-07,IF,Y,5104.81,5104.81,BS1 4ST,VALID,VALID,
ALB-CPM-0004165,P0000829,,CPM,DIRECT,2026-10-30,2027-10-30,LP,N,10191.99,0.00,NR1 3QQ,VALID,VALID,
ALB-CPM-0004934,P0000833,,CPM,BROKER,2025-12-03,2026-12-03,IF,Y,4701.32,2742.44,ZZ99 9ZZ,VALID,VALID,
ALB-TRV-0004940,P0000835,367,TRV,DIRECT,2019-01-10,2020-01-10,IF,Y,1658.78,1658.78,RG1 1LX,VALID,VALID,
ALB-TRV-0001748,P0000845,152,TRV,BROKER,2024-09-17,2025-09-17,LP,N,1964.80,1964.80,B1 1AA,VALID,VALID,
ALB-CPM-0004320,P0000853,97,CPM,BROKER,2025-03-26,2026-03-26,IF,Y,12919.76,12919.76,G1 1XQ,VALID,VALID,
ALB-CPM-0002211,P0000854,,CPM,BROKER,2026-09-13,2027-09-13,IF,Y,6746.01,0.00,NR1 3QQ,VALID,VALID,
ALB-PET-0003873,P0000856,279,PET,BROKER,2018-09-22,2019-09-22,IF,Y,1399.46,1399.46,YO1 6GA,VALID,VALID,
ALB-TRV-0004019,P0000861,130,TRV,AGGREGATOR,2019-01-09,2020-01-09,EX,N,483.19,483.19,YO1 6GA,VALID,VALID,
ALB-MOT-0004564,P0000868,229,MOT,DIRECT,2025-01-27,2026-01-27,EX,N,2121.62,2121.62,G1 1XQ,VALID,VALID,
ALB-HOM-0004503,P0000871,,HOM,AGGREGATOR,2021-12-31,2022-12-31,RN,Y,3920.73,3920.73,B1 1AA,VALID,VALID,
ALB-TRV-0000896,P0000873,8,TRV,BROKER,2022-08-31,2023-08-31,EX,N,2922.52,2922.52,CF10 1EP,VALID,VALID,
ALB-MOT-0001605,P0000884,60,MOT,DIRECT,2022-10-06,2023-10-06,LP,N,3059.12,3059.12,EC1A1BB,INVALID,VALID,
ALB-PET-0005007,P0000889,416,PET,DIRECT,2020-04-12,2021-04-12,LP,N,3670.90,3670.90,LS1 4AP,VALID,VALID,
ALB-CLB-0000760,P0000890,404,CLB,BROKER,2026-03-10,2027-03-10,IF,Y,11877.95,3959.32,NR1 3QQ,VALID,VALID,
ALB-CPM-0001704,P0000891,334,CPM,BROKER,2024-06-24,2025-06-24,RN,Y,2539.93,2539.93,ZZ99 9ZZ,VALID,VALID,
ALB-PET-0000174,P0000895,73,PET,DIRECT,2022-05-07,2023-05-07,IF,Y,3432.41,3432.41,BS1 4ST,VALID,VALID,
ALB-PET-0004863,P0000896,,PET,DIRECT,2023-12-04,2024-12-03,IF,Y,2522.26,2522.26,B1 1AA,VALID,VALID,
ALB-PET-0001110,P0000898,157,PET,DIRECT,2024-12-28,2025-12-28,IF,Y,628.71,628.71,B1 1AA,VALID,VALID,
ALB-MOT-0004550,P0000901,165,MOT,AGGREGATOR,2021-06-01,2022-06-01,RN,Y,806.76,806.76,BS1 4ST,VALID,VALID,
ALB-CLB-0000340,P0000905,,CLB,BROKER,2024-02-05,2025-02-04,EX,N,11130.94,11130.94,LS1 4AP,VALID,VALID,
ALB-PET-0003340,P0000915,66,PET,BROKER,2024-08-15,2025-08-15,EX,N,951.07,951.07,LS1 4AP,VALID,VALID,
ALB-TRV-0001144,P0000917,,TRV,DIRECT,2026-03-15,2027-03-15,CN,N,2546.95,848.98,EC1A 1BB,VALID,VALID,
ALB-CLB-0002878,P0000919,,CLB,BROKER,2022-11-06,2023-11-06,CN,N,13348.34,13348.34,CF10 1EP,VALID,VALID,
ALB-HOM-0004194,P0000927,,HOM,DIRECT,2019-10-22,2020-10-21,RN,Y,3393.42,3393.42,N/A,INVALID,VALID,
ALB-MOT-0003231,P0000929,347,MOT,DIRECT,2019-08-20,2020-08-19,EX,N,2264.24,2264.24,NR1 3QQ,VALID,VALID,
ALB-PET-0001275,P0000930,,PET,AGGREGATOR,2018-06-09,2019-06-09,RN,Y,613.02,613.02,EC1A 1BB,VALID,VALID,
ALB-PET-0003826,P0000931,,PET,BROKER,2022-10-02,2023-10-02,IF,Y,1098.02,1098.02,EC1A 1BB,VALID,VALID,
ALB-CPM-0000786,P0000943,,CPM,BROKER,2019-05-20,2020-05-19,EX,N,4921.64,4921.64,M1 1AE,VALID,VALID,
ALB-MOT-0002612,P0000944,316,MOT,DIRECT,2018-09-09,2019-09-09,RN,Y,1343.07,1343.07,M1 1AE,VALID,VALID,
ALB-MOT-0004183,P0000946,,MOT,BROKER,2025-11-19,2026-11-19,IF,Y,1288.71,859.14,YO1 6GA,VALID,VALID,
ALB-TRV-0003061,P0000952,182,TRV,DIRECT,2023-09-14,2024-09-13,EX,N,541.10,541.10,YO1 6GA,VALID,VALID,
ALB-PET-0002083,P0000956,55,PET,BROKER,2018-04-05,2019-04-05,IF,Y,783.23,783.23,NR1 3QQ,VALID,VALID,
ALB-CLB-0003399,P0000957,201,CLB,BROKER,2026-07-28,2027-07-28,EX,N,2120.29,0.00,BS1 4ST,VALID,VALID,
ALB-TRV-0003415,P0000963,,TRV,BROKER,2022-01-04,2023-01-04,CN,N,2854.59,2854.59,RG1 1LX,VALID,VALID,
ALB-TRV-0003102,P0000971,458,TRV,BROKER,2018-02-26,2019-02-26,RN,Y,804.39,804.39,EC1A 1BB,VALID,VALID,
ALB-CPM-0004331,P0000973,,CPM,DIRECT,2022-05-20,2023-05-20,IF,Y,8421.21,8421.21,EC1A 1BB,VALID,VALID,
ALB-CLB-0003495,P0000974,,CLB,BROKER,2018-09-02,2019-09-02,RN,Y,2203.94,2203.94,B1 1AA,VALID,VALID,
ALB-PET-0004458,P0000977,,PET,AGGREGATOR,2021-10-11,2022-10-11,RN,Y,233.70,233.70,RG1 1LX,VALID,VALID,
ALB-HOM-0002127,P0000979,,HOM,AGGREGATOR,2018-05-26,2019-05-26,IF,Y,3397.25,3397.25,CF10 1EP,VALID,VALID,
ALB-CLB-0005033,P0000983,,CLB,DIRECT,2021-01-28,2022-01-28,EX,N,1775.94,1775.94,EC1A1BB,INVALID,VALID,
ALB-CPM-0004110,P0000984,,CPM,BROKER,2024-09-01,2025-09-01,IF,Y,2100.22,2100.22,NR1 3QQ,VALID,VALID,
ALB-TRV-0003795,P0000987,,TRV,BROKER,2022-08-09,2023-08-09,CN,N,2432.36,2432.36,LS1 4AP,VALID,VALID,
ALB-PET-0000521,P0000991,171,PET,BROKER,2021-07-28,2022-07-28,CN,N,1425.74,1425.74,LS1 4AP,VALID,VALID,
ALB-MOT-0001198,P0000992,,MOT,BROKER,2022-04-04,2023-04-04,EX,N,339.22,339.22,YO1 6GA,VALID,VALID,
ALB-PET-0004997,P0000995,384,PET,DIRECT,2024-03-10,2025-03-10,LP,N,324.19,324.19,G1 1XQ,VALID,VALID,
ALB-HOM-0005185,P0000999,,HOM,AGGREGATOR,2023-10-16,2024-10-15,IF,Y,1926.61,1926.61,YO1 6GA,VALID,VALID,
ALB-PET-0004493,P0001000,,PET,AGGREGATOR,2024-03-14,2025-03-14,RN,Y,1327.14,1327.14,G1 1XQ,VALID,VALID,
ALB-PET-0002605,P0001004,,PET,BROKER,2025-06-05,2026-06-05,LP,N,3423.94,3423.94,M1 1AE,VALID,VALID,
ALB-HOM-0005112,P0001008,,HOM,BROKER,2026-04-05,2027-04-05,EX,N,909.06,227.27,LS1 4AP,VALID,VALID,
ALB-MOT-0004813,P0001009,,MOT,AGGREGATOR,2026-10-29,2027-10-29,LP,N,896.81,0.00,YO1 6GA,VALID,VALID,
ALB-TRV-0001749,P0001013,287,TRV,AGGREGATOR,2026-04-17,2027-04-17,EX,N,645.40,161.35,G1 1XQ,VALID,VALID,
ALB-CLB-0004918,P0001015,,CLB,BROKER,2020-03-04,2021-03-04,EX,N,13128.46,13128.46,B1 1AA,VALID,VALID,
ALB-TRV-0005159,P0001019,,TRV,BROKER,2022-06-01,2023-06-01,IF,Y,3326.46,3326.46,M1 1AE,VALID,VALID,
ALB-TRV-0004775,P0001022,203,TRV,AGGREGATOR,2018-07-25,2019-07-25,RN,Y,1257.82,1257.82,NR1 3QQ,VALID,VALID,
ALB-CLB-0001677,P0001026,130,CLB,BROKER,2021-10-09,2022-10-09,EX,N,8235.03,8235.03,LS1 4AP,VALID,VALID,
ALB-PET-0004843,P0001029,351,PET,DIRECT,2024-05-02,2025-05-02,LP,N,451.86,451.86,,INVALID,VALID,
ALB-CLB-0002550,P0001030,,CLB,DIRECT,2023-04-29,2024-04-28,IF,Y,10488.04,10488.04,G1 1XQ,VALID,VALID,
ALB-MOT-0002316,P0001033,,MOT,DIRECT,2023-05-29,2024-05-28,CN,N,1298.15,1298.15,M1 1AE,VALID,VALID,
ALB-HOM-0002815,P0001034,,HOM,BROKER,2022-11-29,2023-11-29,EX,N,3829.10,3829.10,RG1 1LX,VALID,VALID,
ALB-TRV-0002262,P0001036,,TRV,DIRECT,2026-12-22,2027-12-22,CN,N,3104.60,0.00,EC1A 1BB,VALID,VALID,
ALB-MOT-0000420,P0001039,,MOT,BROKER,2024-01-09,2025-01-08,EX,N,2003.27,2003.27,YO1 6GA,VALID,VALID,
ALB-MOT-0004708,P0001043,,MOT,DIRECT,2024-06-30,2025-06-30,LP,N,846.68,846.68,EC1A 1BB,VALID,VALID,
ALB-PET-0004801,P0001046,,PET,BROKER,2022-02-24,2023-02-24,CN,N,828.07,828.07,BS1 4ST,VALID,VALID,
ALB-CLB-0003659,P0001047,,CLB,BROKER,2025-03-25,2026-03-25,LP,N,5770.12,5770.12,B1 1AA,VALID,VALID,
ALB-HOM-0004517,P0001049,,HOM,BROKER,2025-12-13,2026-12-13,EX,N,1710.10,997.56,BS1 4ST,VALID,VALID,
ALB-PET-0000931,P0001052,276,PET,BROKER,2025-10-13,2026-10-13,RN,Y,3010.72,2258.04,YO1 6GA,VALID,VALID,
ALB-MOT-0004727,P0001055,295,MOT,BROKER,2019-04-19,2020-04-18,EX,N,2033.01,2033.01,YO1 6GA,VALID,VALID,
ALB-CLB-0002698,P0001058,,CLB,BROKER,2025-08-20,2026-08-20,LP,N,731.53,670.57,LS1 4AP,VALID,VALID,
ALB-HOM-0004389,P0001063,,HOM,AGGREGATOR,2023-01-11,2024-01-11,EX,N,2001.19,2001.19,RG1 1LX,VALID,VALID,
ALB-CLB-0003792,P0001065,,CLB,AGGREGATOR,2023-07-08,2024-07-07,EX,N,7018.66,7018.66,EC1A 1BB,VALID,VALID,
ALB-PET-0000369,P0001072,284,PET,DIRECT,2025-12-31,2026-12-31,LP,N,2889.78,1444.89,B1 1AA,VALID,VALID,
ALB-MOT-0001532,P0001079,426,MOT,BROKER,2026-02-11,2027-02-11,IF,Y,1375.93,573.30,NR1 3QQ,VALID,VALID,
ALB-TRV-0001024,P0001080,,TRV,BROKER,2023-11-18,2024-11-17,EX,N,3531.67,3531.67,CF10 1EP,VALID,VALID,
ALB-TRV-0000686,P0001081,,TRV,DIRECT,2019-07-13,2020-07-12,LP,N,3332.42,3332.42,G1 1XQ,VALID,VALID,
ALB-HOM-0003214,P0001082,439,HOM,DIRECT,2023-01-20,2024-01-20,CN,N,709.50,709.50,B1 1AA,VALID,VALID,
ALB-PET-0004753,P0001083,226,PET,BROKER,2018-10-17,2019-10-17,LP,N,2054.71,2054.71,,INVALID,VALID,
ALB-TRV-0004758,P0001084,186,TRV,DIRECT,2021-07-23,2022-07-23,CN,N,1402.03,1402.03,NR1 3QQ,VALID,VALID,
ALB-HOM-0002141,P0001090,,HOM,DIRECT,2019-04-27,2020-04-26,IF,Y,504.37,504.37,G1 1XQ,VALID,VALID,
ALB-TRV-0004763,P0001096,344,TRV,AGGREGATOR,2018-03-05,2019-03-05,EX,N,3583.32,3583.32,LS1 4AP,VALID,VALID,
ALB-PET-0004392,P0001104,,PET,DIRECT,2024-04-10,2025-04-10,EX,N,3687.21,3687.21,M1 1AE,VALID,VALID,
ALB-MOT-0004421,P0001108,138,MOT,BROKER,2018-10-17,2019-10-17,CN,N,536.41,536.41,B1 1AA,VALID,VALID,
ALB-HOM-0004240,P0001114,,HOM,BROKER,2021-03-20,2022-03-20,IF,Y,1256.26,1256.26,CF10 1EP,VALID,VALID,
ALB-HOM-0003437,P0001116,,HOM,DIRECT,2021-03-30,2022-03-30,LP,N,1807.67,1807.67,NR1 3QQ,VALID,VALID,
ALB-MOT-0002521,P0001118,,MOT,DIRECT,2025-10-11,2026-10-11,IF,Y,3527.19,2645.39,N/A,INVALID,VALID,
ALB-TRV-0003485,P0001124,232,TRV,AGGREGATOR,2020-01-28,2021-01-27,CN,N,2189.98,2189.98,ZZ99 9ZZ,VALID,VALID,
ALB-HOM-0003201,P0001126,383,HOM,BROKER,2025-01-11,2026-01-11,RN,Y,1248.58,1248.58,CF10 1EP,VALID,VALID,
ALB-TRV-0004815,P0001128,,TRV,DIRECT,2021-10-23,2022-10-23,LP,N,2009.73,2009.73,G1 1XQ,VALID,VALID,
ALB-MOT-0003817,P0001133,,MOT,BROKER,2022-10-27,2023-10-27,RN,Y,1546.68,1546.68,N/A,INVALID,VALID,
ALB-CPM-0003141,P0001134,499,CPM,BROKER,2019-07-31,2020-07-30,RN,Y,9993.20,9993.20,G1 1XQ,VALID,VALID,
ALB-CLB-0002321,P0001135,364,CLB,BROKER,2021-09-26,2022-09-26,EX,N,7653.36,7653.36,RG1 1LX,VALID,VALID,
ALB-TRV-0002500,P0001141,284,TRV,BROKER,2020-02-08,2021-02-07,IF,Y,2814.55,2814.55,NR1 3QQ,VALID,VALID,
ALB-CPM-0004134,P0001146,,CPM,BROKER,2025-02-20,2026-02-20,IF,Y,7178.69,7178.69,EC1A 1BB,VALID,VALID,
ALB-CPM-0005001,P0001147,,CPM,BROKER,2023-09-19,2024-09-18,IF,Y,12198.64,12198.64,YO1 6GA,VALID,VALID,
ALB-CLB-0003366,P0001148,,CLB,DIRECT,2022-12-04,2023-12-04,CN,N,1761.82,1761.82,M1 1AE,VALID,VALID,
ALB-MOT-0000701,P0001150,338,MOT,AGGREGATOR,2019-02-26,2020-02-26,CN,N,622.12,622.12,BS1 4ST,VALID,VALID,
ALB-MOT-0004014,P0001151,,MOT,DIRECT,2022-07-29,2023-07-29,LP,N,3134.51,3134.51,NR1 3QQ,VALID,VALID,
ALB-PET-0001477,P0001152,,PET,BROKER,2020-05-28,2021-05-28,IF,Y,1616.34,1616.34,EC1A 1BB,VALID,VALID,
ALB-CLB-0000543,P0001159,347,CLB,DIRECT,2019-12-17,2020-12-16,EX,N,5280.29,5280.29,B1 1AA,VALID,VALID,
ALB-HOM-0001747,P0001161,57,HOM,BROKER,2022-09-29,2023-09-29,RN,Y,872.02,872.02,NR1 3QQ,VALID,VALID,
ALB-HOM-0000006,P0001162,,HOM,DIRECT,2022-04-15,2023-04-15,IF,Y,1027.16,1027.16,CF10 1EP,VALID,VALID,
ALB-PET-0003703,P0001166,442,PET,BROKER,2024-11-27,2025-11-27,RN,Y,1599.94,1599.94,G1 1XQ,VALID,VALID,
ALB-MOT-0004714,P0001169,,MOT,BROKER,2019-05-14,2020-05-13,IF,Y,1935.37,1935.37,RG1 1LX,VALID,VALID,
ALB-TRV-0000588,P0001172,,TRV,AGGREGATOR,2024-01-07,2025-01-06,IF,Y,3431.57,3431.57,YO1 6GA,VALID,VALID,
ALB-PET-0004968,P0001179,,PET,DIRECT,2020-01-17,2021-01-16,EX,N,1009.12,1009.12,BS1 4ST,VALID,VALID,
ALB-CLB-0003897,P0001180,,CLB,DIRECT,2026-11-25,2027-11-25,IF,Y,4387.56,0.00,M1  1AE,INVALID,VALID,
ALB-CPM-0003678,P0001183,188,CPM,DIRECT,2022-05-08,2023-05-08,LP,N,9923.07,9923.07,NR1 3QQ,VALID,VALID,
ALB-CLB-0002782,P0001187,,CLB,BROKER,2023-07-27,2024-07-26,RN,Y,9889.01,9889.01,M1 1AE,VALID,VALID,
ALB-PET-0001723,P0001190,291,PET,DIRECT,2025-03-26,2026-03-26,LP,N,2364.56,2364.56,YO1 6GA,VALID,VALID,
ALB-CLB-0005140,P0001195,,CLB,AGGREGATOR,2020-02-14,2021-02-13,CN,N,821.19,821.19,,INVALID,VALID,
ALB-TRV-0000827,P0001197,,TRV,BROKER,2022-07-20,2023-07-20,IF,Y,2695.93,2695.93,YO1 6GA,VALID,VALID,
ALB-TRV-0000519,P0001200,198,TRV,BROKER,2019-12-26,2020-12-25,IF,Y,2322.45,2322.45,BS1 4ST,VALID,VALID,
ALB-CLB-0004321,P0001203,481,CLB,BROKER,2023-01-30,2024-01-30,IF,Y,13914.95,13914.95,,INVALID,VALID,
ALB-HOM-0003584,P0001205,,HOM,BROKER,2026-10-19,2027-10-19,EX,N,2061.84,0.00,LS1 4AP,VALID,VALID,
ALB-MOT-0003535,P0001212,189,MOT,AGGREGATOR,2026-07-29,2027-07-29,IF,Y,1079.63,0.00,RG1 1LX,VALID,VALID,
ALB-PET-0005118,P0001216,376,PET,AGGREGATOR,2021-05-08,2022-05-08,CN,N,2607.81,2607.81,EC1A1BB,INVALID,VALID,
ALB-TRV-0002925,P0001217,,TRV,DIRECT,2026-05-02,2027-05-02,RN,Y,938.04,156.34,G1 1XQ,VALID,VALID,
ALB-TRV-0004169,P0001222,,TRV,BROKER,2018-02-08,2019-02-08,IF,Y,3095.00,3095.00,B1 1AA,VALID,VALID,
ALB-CPM-0003845,P0001225,429,CPM,DIRECT,2019-08-02,2020-08-01,IF,Y,832.81,832.81,BS1 4ST,VALID,VALID,
ALB-MOT-0004429,P0001226,224,MOT,BROKER,2020-10-28,2021-10-28,RN,Y,1690.69,1690.69,EC1A 1BB,VALID,VALID,
ALB-CPM-0002851,P0001239,,CPM,DIRECT,2019-01-30,2020-01-30,IF,Y,12148.88,12148.88,M1 1AE,VALID,VALID,
ALB-PET-0005084,P0001242,,PET,DIRECT,2025-07-10,2026-07-10,IF,Y,2877.74,2877.74,EC1A 1BB,VALID,VALID,
ALB-HOM-0003345,P0001244,,HOM,AGGREGATOR,2024-06-14,2025-06-14,IF,Y,4180.42,4180.42,M1 1AE,VALID,VALID,
ALB-CPM-0004631,P0001253,,CPM,BROKER,2021-10-09,2022-10-09,RN,Y,4222.32,4222.32,M1 1AE,VALID,VALID,
ALB-PET-0000360,P0001254,190,PET,AGGREGATOR,2020-05-19,2021-05-19,EX,N,2158.86,2158.86,NR1 3QQ,VALID,VALID,
ALB-PET-0003362,P0001259,,PET,DIRECT,2020-10-04,2021-10-04,RN,Y,1673.04,1673.04,M1  1AE,INVALID,VALID,
ALB-TRV-0001488,P0001261,226,TRV,BROKER,2022-06-05,2023-06-05,IF,Y,2113.98,2113.98,B1 1AA,VALID,VALID,
ALB-CPM-0003308,P0001264,,CPM,DIRECT,2021-04-21,2022-04-21,RN,Y,10697.11,10697.11,YO1 6GA,VALID,VALID,
ALB-CLB-0004779,P0001265,,CLB,BROKER,2020-08-28,2021-08-28,IF,Y,7529.35,7529.35,B1 1AA,VALID,VALID,
ALB-HOM-0003768,P0001271,,HOM,AGGREGATOR,2020-06-30,2021-06-30,RN,Y,2060.88,2060.88,RG1 1LX,VALID,VALID,
ALB-TRV-0002814,P0001275,441,TRV,DIRECT,2020-10-04,2021-10-04,IF,Y,2439.42,2439.42,CF10 1EP,VALID,VALID,
ALB-CPM-0003383,P0001276,,CPM,DIRECT,2021-03-14,2022-03-14,RN,Y,13294.74,13294.74,BS1 4ST,VALID,VALID,
ALB-HOM-0005025,P0001279,,HOM,BROKER,2024-08-11,2025-08-11,IF,Y,3973.93,3973.93,NR1 3QQ,VALID,VALID,
ALB-CPM-0003916,P0001281,,CPM,AGGREGATOR,2021-10-26,2022-10-26,RN,Y,8769.23,8769.23,LS1 4AP,VALID,VALID,
ALB-MOT-0000547,P0001290,389,MOT,DIRECT,2025-03-02,2026-03-02,IF,Y,3549.24,3549.24,LS1 4AP,VALID,VALID,
ALB-CLB-0002530,P0001292,,CLB,BROKER,2023-11-05,2024-11-04,LP,N,14608.20,14608.20,B1 1AA,VALID,VALID,
ALB-MOT-0004227,P0001294,,MOT,BROKER,2018-11-25,2019-11-25,RN,Y,3161.35,3161.35,RG1 1LX,VALID,VALID,
ALB-MOT-0004901,P0001295,,MOT,BROKER,2024-05-04,2025-05-04,IF,Y,2766.59,2766.59,CF10 1EP,VALID,VALID,
ALB-CPM-0004593,P0001299,,CPM,AGGREGATOR,2023-12-29,2024-12-28,IF,Y,12131.36,12131.36,LS1 4AP,VALID,VALID,
ALB-CLB-0004752,P0001305,,CLB,DIRECT,2023-12-07,2024-12-06,IF,Y,11006.39,11006.39,G1 1XQ,VALID,VALID,
ALB-PET-0001911,P0001307,322,PET,BROKER,2020-01-09,2021-01-08,RN,Y,3574.02,3574.02,B1 1AA,VALID,VALID,
ALB-TRV-0002120,P0001310,,TRV,BROKER,2026-11-24,2027-11-24,EX,N,1349.08,0.00,EC1A 1BB,VALID,VALID,
ALB-CPM-0003081,P0001311,370,CPM,BROKER,2023-09-23,2024-09-22,EX,N,9103.06,9103.06,M1  1AE,INVALID,VALID,
ALB-HOM-0004994,P0001312,,HOM,BROKER,2024-11-14,2025-11-14,IF,Y,411.10,411.10,YO1 6GA,VALID,VALID,
ALB-PET-0004473,P0001314,,PET,BROKER,2023-10-02,2024-10-01,RN,Y,4060.15,4060.15,RG1 1LX,VALID,VALID,
ALB-CPM-0004286,P0001315,,CPM,BROKER,2023-01-11,2024-01-11,IF,Y,11086.46,11086.46,EC1A 1BB,VALID,VALID,
ALB-MOT-0001500,P0001317,,MOT,DIRECT,2020-02-23,2021-02-22,EX,N,580.51,580.51,EC1A 1BB,VALID,VALID,
ALB-PET-0002719,P0001322,46,PET,BROKER,2024-01-12,2025-01-11,EX,N,2446.82,2446.82,G1 1XQ,VALID,VALID,
ALB-CLB-0002437,P0001324,,CLB,BROKER,2023-05-06,2024-05-05,CN,N,7991.89,7991.89,G1 1XQ,VALID,VALID,
ALB-HOM-0004096,P0001328,473,HOM,DIRECT,2026-07-22,2027-07-22,EX,N,1233.47,0.00,CF10 1EP,VALID,VALID,
ALB-MOT-0004308,P0001330,,MOT,BROKER,2019-02-04,2020-02-04,LP,N,2778.65,2778.65,YO1 6GA,VALID,VALID,
ALB-TRV-0004974,P0001333,368,TRV,AGGREGATOR,2019-12-30,2020-12-29,IF,Y,3397.75,3397.75,YO1 6GA,VALID,VALID,
ALB-CLB-0003621,P0001335,13,CLB,AGGREGATOR,2020-05-14,2021-05-14,EX,N,5767.03,5767.03,LS1 4AP,VALID,VALID,
ALB-PET-0002638,P0001348,,PET,BROKER,2018-10-29,2019-10-29,LP,N,904.78,904.78,NR1 3QQ,VALID,VALID,
ALB-CLB-0004821,P0001352,,CLB,BROKER,2018-09-23,2019-09-23,IF,Y,7032.17,7032.17,EC1A 1BB,VALID,VALID,
ALB-CLB-0003371,P0001354,,CLB,BROKER,2022-12-01,2023-12-01,CN,N,7056.62,7056.62,YO1 6GA,VALID,VALID,
ALB-MOT-0003128,P0001355,,MOT,BROKER,2019-10-30,2020-10-29,IF,Y,3458.25,3458.25,LS1 4AP,VALID,VALID,
ALB-PET-0004384,P0001357,74,PET,BROKER,2018-09-07,2019-09-07,IF,Y,2986.93,2986.93,YO1 6GA,VALID,VALID,
ALB-TRV-0005011,P0001362,,TRV,BROKER,2022-02-17,2023-02-17,RN,Y,1912.02,1912.02,ZZ99 9ZZ,VALID,VALID,
ALB-TRV-0004091,P0001363,,TRV,AGGREGATOR,2023-06-23,2024-06-22,EX,N,533.08,533.08,BS1 4ST,VALID,VALID,
ALB-TRV-0003496,P0001366,152,TRV,BROKER,2024-09-19,2025-09-19,LP,N,1423.26,1423.26,RG1 1LX,VALID,VALID,
ALB-CPM-0000338,P0001367,270,CPM,DIRECT,2018-06-16,2019-06-16,IF,Y,10697.50,10697.50,YO1 6GA,VALID,VALID,
ALB-HOM-0004463,P0001370,,HOM,BROKER,2026-02-02,2027-02-02,IF,Y,265.20,110.50,CF10 1EP,VALID,VALID,
ALB-CLB-0001018,P0001371,,CLB,AGGREGATOR,2023-12-19,2024-12-18,IF,Y,10548.69,10548.69,NR1 3QQ,VALID,VALID,
ALB-PET-0004262,P0001372,,PET,BROKER,2020-07-08,2021-07-08,RN,Y,1198.98,1198.98,RG1 1LX,VALID,VALID,
ALB-CPM-0000916,P0001373,55,CPM,BROKER,2021-08-03,2022-08-03,IF,Y,7281.52,7281.52,M1 1AE,VALID,VALID,
ALB-TRV-0004684,P0001374,,TRV,DIRECT,2019-09-27,2020-09-26,RN,Y,787.73,787.73,LS1 4AP,VALID,VALID,
ALB-HOM-0000138,P0001378,179,HOM,DIRECT,2020-06-05,2021-06-05,IF,Y,604.11,604.11,YO1 6GA,VALID,VALID,
ALB-PET-0003636,P0001382,,PET,BROKER,2026-10-20,2027-10-20,CN,N,1567.03,0.00,CF10 1EP,VALID,VALID,
ALB-PET-0003630,P0001387,184,PET,DIRECT,2022-04-28,2023-04-28,LP,N,601.41,601.41,M1 1AE,VALID,VALID,
ALB-TRV-0004793,P0001388,71,TRV,DIRECT,2024-07-15,2025-07-15,EX,N,3679.32,3679.32,M1 1AE,VALID,VALID,
ALB-CLB-0000077,P0001399,126,CLB,DIRECT,2025-06-27,2026-06-27,RN,Y,3029.87,3029.87,CF10 1EP,VALID,VALID,
ALB-PET-0001087,P0001400,,PET,DIRECT,2020-06-19,2021-06-19,CN,N,1403.75,1403.75,G1 1XQ,VALID,VALID,
ALB-CPM-0000570,P0001405,204,CPM,DIRECT,2019-12-14,2020-12-13,IF,Y,6579.18,6579.18,LS1 4AP,VALID,VALID,
ALB-PET-0003797,P0001406,,PET,DIRECT,2026-09-28,2027-09-28,RN,Y,2251.82,0.00,M1 1AE,VALID,VALID,
ALB-CPM-0004792,P0001412,490,CPM,DIRECT,2023-02-04,2024-02-04,RN,Y,6916.60,6916.60,EC1A 1BB,VALID,VALID,
ALB-MOT-0001473,P0001413,,MOT,BROKER,2018-12-08,2019-12-08,IF,Y,2867.06,2867.06,YO1 6GA,VALID,VALID,
ALB-TRV-0004303,P0001415,,TRV,AGGREGATOR,2022-02-19,2023-02-19,IF,Y,3985.93,3985.93,B1 1AA,VALID,VALID,
ALB-CPM-0000353,P0001419,,CPM,AGGREGATOR,2024-02-16,2025-02-15,IF,Y,13954.30,13954.30,M1 1AE,VALID,VALID,
ALB-MOT-0004692,P0001420,,MOT,AGGREGATOR,2020-08-16,2021-08-16,CN,N,1497.66,1497.66,B1 1AA,VALID,VALID,
ALB-CPM-0004836,P0001422,,CPM,BROKER,2025-08-15,2026-08-15,EX,N,2011.77,1844.12,LS1 4AP,VALID,VALID,
ALB-CPM-0004474,P0001424,,CPM,AGGREGATOR,2023-05-20,2024-05-19,LP,N,11330.61,11330.61,NR1 3QQ,VALID,VALID,
ALB-PET-0001711,P0001425,154,PET,AGGREGATOR,2020-05-06,2021-05-06,LP,N,3451.73,3451.73,B1 1AA,VALID,VALID,
ALB-MOT-0002454,P0001426,498,MOT,BROKER,2026-11-16,2027-11-16,CN,N,1717.85,0.00,B1 1AA,VALID,VALID,
ALB-MOT-0000940,P0001428,,MOT,BROKER,2021-05-06,2022-05-06,IF,Y,1306.39,1306.39,B1 1AA,VALID,VALID,
ALB-HOM-0002831,P0001431,491,HOM,AGGREGATOR,2020-01-06,2021-01-05,IF,Y,2728.31,2728.31,NR1 3QQ,VALID,VALID,
ALB-TRV-0004578,P0001439,,TRV,BROKER,2023-05-13,2024-05-12,EX,N,4047.97,4047.97,RG1 1LX,VALID,VALID,
ALB-CPM-0003288,P0001441,,CPM,DIRECT,2021-06-29,2022-06-29,LP,N,7761.89,7761.89,BS1 4ST,VALID,VALID,
ALB-CLB-0003166,P0001444,,CLB,BROKER,2023-05-05,2024-05-04,IF,Y,11064.17,11064.17,CF10 1EP,VALID,VALID,
ALB-CPM-0004909,P0001445,97,CPM,BROKER,2018-09-09,2019-09-09,IF,Y,8483.81,8483.81,BS1 4ST,VALID,VALID,
ALB-HOM-0004400,P0001447,278,HOM,DIRECT,2026-10-14,2027-10-14,LP,N,591.88,0.00,BS1 4ST,VALID,VALID,
ALB-TRV-0002343,P0001451,,TRV,AGGREGATOR,2022-01-04,2023-01-04,IF,Y,1082.01,1082.01,B1 1AA,VALID,VALID,
ALB-TRV-0005141,P0001454,,TRV,BROKER,2020-12-29,2021-12-29,LP,N,1732.04,1732.04,NR1 3QQ,VALID,VALID,
ALB-CPM-0004902,P0001459,,CPM,BROKER,2021-12-22,2022-12-22,RN,Y,11207.15,11207.15,YO1 6GA,VALID,VALID,
ALB-HOM-0000692,P0001460,358,HOM,BROKER,2025-01-08,2026-01-08,IF,Y,2779.90,2779.90,EC1A 1BB,VALID,VALID,
ALB-CPM-0004701,P0001464,469,CPM,BROKER,2021-08-17,2022-08-17,RN,Y,3065.68,3065.68,LS1 4AP,VALID,VALID,
ALB-CPM-0000790,P0001466,309,CPM,BROKER,2020-09-30,2021-09-30,IF,Y,8705.18,8705.18,BS1 4ST,VALID,VALID,
ALB-PET-0004299,P0001471,307,PET,BROKER,2026-12-23,2027-12-23,CN,N,3274.93,0.00,RG1 1LX,VALID,VALID,
ALB-PET-0002740,P0001472,,PET,BROKER,2019-07-14,2020-07-13,RN,Y,1209.17,1209.17,ZZ99 9ZZ,VALID,VALID,
ALB-TRV-0003070,P0001474,,TRV,AGGREGATOR,2022-10-20,2023-10-20,CN,N,1579.11,1579.11,EC1A 1BB,VALID,VALID,
ALB-PET-0003142,P0001477,,PET,AGGREGATOR,2026-11-24,2027-11-24,RN,Y,1246.47,0.00,B1 1AA,VALID,VALID,
ALB-MOT-0000327,P0001478,464,MOT,DIRECT,2019-02-03,2020-02-03,IF,Y,3756.05,3756.05,BS1 4ST,VALID,VALID,
ALB-MOT-0004996,P0001484,,MOT,BROKER,2020-09-05,2021-09-05,IF,Y,1031.78,1031.78,B1 1AA,VALID,VALID,
ALB-TRV-0000088,P0001488,159,TRV,BROKER,2021-06-21,2022-06-21,RN,Y,3388.82,3388.82,G1 1XQ,VALID,VALID,
ALB-PET-0002314,P0001494,,PET,BROKER,2025-10-04,2026-10-04,RN,Y,3981.55,2986.16,EC1A 1BB,VALID,VALID,
ALB-CLB-0002941,P0001495,,CLB,BROKER,2022-07-24,2023-07-24,CN,N,11772.37,11772.37,G1 1XQ,VALID,VALID,
ALB-CLB-0002911,P0001496,402,CLB,BROKER,2020-04-03,2021-04-03,RN,Y,2809.25,2809.25,CF10 1EP,VALID,VALID,
ALB-MOT-0004625,P0001498,316,MOT,AGGREGATOR,2026-03-28,2027-03-28,IF,Y,1578.38,394.60,M1 1AE,VALID,VALID,
ALB-TRV-0002623,P0001503,,TRV,DIRECT,2025-07-20,2026-07-20,IF,Y,212.57,212.57,CF10 1EP,VALID,VALID,
ALB-CPM-0005046,P0001509,206,CPM,BROKER,2018-07-21,2019-07-21,IF,Y,7620.54,7620.54,BS1 4ST,VALID,VALID,
ALB-MOT-0004095,P0001511,,MOT,BROKER,2024-06-22,2025-06-22,LP,N,3986.53,3986.53,M1 1AE,VALID,VALID,
ALB-TRV-0001849,P0001517,,TRV,BROKER,2025-11-28,2026-11-28,LP,N,4127.01,2407.42,B1 1AA,VALID,VALID,
ALB-HOM-0004604,P0001518,,HOM,BROKER,2020-05-13,2021-05-13,EX,N,860.49,860.49,B1 1AA,VALID,VALID,
ALB-CPM-0003813,P0001520,199,CPM,AGGREGATOR,2023-03-07,2024-03-06,LP,N,14200.32,14200.32,NR1 3QQ,VALID,VALID,
ALB-MOT-0001427,P0001522,186,MOT,BROKER,2018-10-20,2019-10-20,IF,Y,2534.37,2534.37,LS1 4AP,VALID,VALID,
ALB-HOM-0004691,P0001524,415,HOM,DIRECT,2020-08-02,2021-08-02,IF,Y,1149.03,1149.03,EC1A 1BB,VALID,VALID,
ALB-CLB-0000279,P0001525,410,CLB,BROKER,2026-11-21,2027-11-21,RN,Y,5808.31,0.00,CF10 1EP,VALID,VALID,
ALB-CPM-0004795,P0001526,,CPM,BROKER,2020-06-04,2021-06-04,RN,Y,10015.12,10015.12,LS1 4AP,VALID,VALID,
ALB-MOT-0001537,P0001527,215,MOT,AGGREGATOR,2019-10-23,2020-10-22,IF,Y,3505.03,3505.03,RG1 1LX,VALID,VALID,
ALB-HOM-0001267,P0001528,117,HOM,BROKER,2019-03-09,2020-03-08,RN,Y,3696.50,3696.50,B1 1AA,VALID,VALID,
ALB-PET-0001596,P0001529,,PET,BROKER,2024-08-03,2025-08-03,IF,Y,301.02,301.02,YO1 6GA,VALID,VALID,
ALB-CPM-0001402,P0001543,383,CPM,DIRECT,2023-10-18,2024-10-17,RN,Y,4361.40,4361.40,YO1 6GA,VALID,VALID,
ALB-HOM-0000939,P0001546,369,HOM,AGGREGATOR,2019-02-27,2020-02-27,CN,N,1332.61,1332.61,CF10 1EP,VALID,VALID,
ALB-HOM-0003620,P0001549,,HOM,BROKER,2026-09-24,2027-09-24,IF,Y,2531.07,0.00,B1 1AA,VALID,VALID,
ALB-TRV-0003760,P0001556,97,TRV,AGGREGATOR,2023-04-10,2024-04-09,RN,Y,479.16,479.16,G1 1XQ,VALID,VALID,
ALB-MOT-0003436,P0001557,294,MOT,BROKER,2025-07-16,2026-07-16,IF,Y,428.96,428.96,LS1 4AP,VALID,VALID,
ALB-CPM-0004830,P0001562,,CPM,BROKER,2021-08-06,2022-08-06,IF,Y,13086.64,13086.64,RG1 1LX,VALID,VALID,
ALB-MOT-0002184,P0001566,250,MOT,BROKER,2021-08-21,2022-08-21,CN,N,213.91,213.91,M1 1AE,VALID,VALID,
ALB-CPM-0004180,P0001567,59,CPM,AGGREGATOR,2019-09-05,2020-09-04,LP,N,1424.10,1424.10,NR1 3QQ,VALID,VALID,
ALB-HOM-0004235,P0001570,,HOM,BROKER,2023-03-24,2024-03-23,RN,Y,3575.58,3575.58,LS1 4AP,VALID,VALID,
ALB-CPM-0002696,P0001575,,CPM,BROKER,2021-12-25,2022-12-25,LP,N,11244.89,11244.89,LS1 4AP,VALID,VALID,
ALB-CLB-0005038,P0001578,,CLB,DIRECT,2020-04-10,2021-04-10,IF,Y,6846.21,6846.21,CF10 1EP,VALID,VALID,
ALB-CPM-0001111,P0001594,,CPM,AGGREGATOR,2023-04-11,2024-04-10,IF,Y,3732.30,3732.30,B1 1AA,VALID,VALID,
ALB-TRV-0003708,P0001602,,TRV,DIRECT,2018-12-21,2019-12-21,IF,Y,1463.02,1463.02,M1 1AE,VALID,VALID,
ALB-TRV-0003449,P0001607,208,TRV,DIRECT,2019-02-10,2020-02-10,EX,N,1201.77,1201.77,CF10 1EP,VALID,VALID,
ALB-CPM-0001245,P0001609,,CPM,BROKER,2020-12-26,2021-12-26,RN,Y,1054.91,1054.91,CF10 1EP,VALID,VALID,
ALB-MOT-0000942,P0001611,292,MOT,AGGREGATOR,2019-10-15,2020-10-14,CN,N,1345.28,1345.28,G1 1XQ,VALID,VALID,
ALB-TRV-0003068,P0001620,28,TRV,BROKER,2025-10-01,2026-10-01,IF,Y,1371.84,1028.88,B1 1AA,VALID,VALID,
ALB-CLB-0003803,P0001626,12,CLB,BROKER,2025-11-09,2026-11-09,CN,N,13178.21,8785.47,B1 1AA,VALID,VALID,
ALB-HOM-0002642,P0001628,,HOM,BROKER,2023-01-17,2024-01-17,RN,Y,3491.30,3491.30,NR1 3QQ,VALID,VALID,
ALB-CPM-0005074,P0001631,228,CPM,DIRECT,2022-03-14,2023-03-14,IF,Y,7171.10,7171.10,G1 1XQ,VALID,VALID,
ALB-CLB-0000766,P0001641,,CLB,BROKER,2021-11-19,2022-11-19,IF,Y,3447.32,3447.32,LS1 4AP,VALID,VALID,
ALB-TRV-0005012,P0001642,,TRV,DIRECT,2025-10-19,2026-10-19,CN,N,3897.88,2923.41,M1 1AE,VALID,VALID,
ALB-HOM-0004637,P0001647,403,HOM,BROKER,2019-03-08,2020-03-07,IF,Y,1231.51,1231.51,LS1 4AP,VALID,VALID,
ALB-TRV-0004246,P0001659,321,TRV,BROKER,2026-12-12,2027-12-12,EX,N,2670.53,0.00,RG1 1LX,VALID,VALID,
ALB-PET-0003576,P0001661,,PET,AGGREGATOR,2025-05-04,2026-05-04,CN,N,1540.01,1540.01,RG1 1LX,VALID,VALID,
ALB-CLB-0001681,P0001663,361,CLB,DIRECT,2022-09-08,2023-09-08,EX,N,14303.74,14303.74,NR1 3QQ,VALID,VALID,
ALB-CLB-0004155,P0001664,,CLB,BROKER,2019-04-25,2020-04-24,RN,Y,1755.07,1755.07,EC1A 1BB,VALID,VALID,
ALB-PET-0000436,P0001665,8,PET,BROKER,2022-11-30,2023-11-30,RN,Y,2390.12,2390.12,EC1A 1BB,VALID,VALID,
ALB-HOM-0002168,P0001671,446,HOM,BROKER,2025-12-30,2026-12-30,LP,N,3234.54,1617.27,M1 1AE,VALID,VALID,
ALB-CPM-0003181,P0001675,423,CPM,AGGREGATOR,2019-11-11,2020-11-10,IF,Y,8860.16,8860.16,LS1 4AP,VALID,VALID,
ALB-CLB-0004948,P0001680,,CLB,DIRECT,2019-02-03,2020-02-03,RN,Y,7711.89,7711.89,RG1 1LX,VALID,VALID,
ALB-PET-0002910,P0001689,80,PET,DIRECT,2020-03-30,2021-03-30,LP,N,1552.43,1552.43,B1 1AA,VALID,VALID,
ALB-HOM-0004347,P0001692,,HOM,DIRECT,2022-08-02,2023-08-02,IF,Y,1983.69,1983.69,G1 1XQ,VALID,VALID,
ALB-CPM-0004984,P0001693,278,CPM,AGGREGATOR,2025-06-07,2026-06-07,EX,N,5453.66,5453.66,BS1 4ST,VALID,VALID,
ALB-TRV-0002902,P0001699,264,TRV,BROKER,2018-07-13,2019-07-13,IF,Y,3774.37,3774.37,LS1 4AP,VALID,VALID,
ALB-HOM-0005114,P0001701,,HOM,BROKER,2021-07-08,2022-07-08,IF,Y,3343.01,3343.01,G1 1XQ,VALID,VALID,
ALB-PET-0003967,P0001703,,PET,BROKER,2024-06-17,2025-06-17,EX,N,1678.89,1678.89,B1 1AA,VALID,VALID,
ALB-CPM-0003647,P0001706,34,CPM,BROKER,2021-10-14,2022-10-14,IF,Y,5850.23,5850.23,M1 1AE,VALID,VALID,
ALB-TRV-0000328,P0001709,337,TRV,AGGREGATOR,2025-01-17,2026-01-17,IF,Y,1692.12,1692.12,RG1 1LX,VALID,VALID,
ALB-TRV-0004260,P0001715,144,TRV,DIRECT,2020-10-25,2021-10-25,IF,Y,491.95,491.95,NR1 3QQ,VALID,VALID,
ALB-HOM-0003398,P0001716,265,HOM,DIRECT,2018-08-06,2019-08-06,RN,Y,1410.40,1410.40,YO1 6GA,VALID,VALID,
ALB-CLB-0002633,P0001717,47,CLB,BROKER,2023-08-12,2024-08-11,IF,Y,4719.73,4719.73,B1 1AA,VALID,VALID,
ALB-CPM-0000309,P0001719,,CPM,BROKER,2023-04-11,2024-04-10,LP,N,10378.71,10378.71,NR1 3QQ,VALID,VALID,
ALB-CPM-0002193,P0001721,,CPM,BROKER,2025-04-27,2026-04-27,RN,Y,12686.48,12686.48,BS1 4ST,VALID,VALID,
ALB-PET-0000505,P0001722,460,PET,DIRECT,2024-03-19,2025-03-19,IF,Y,3136.17,3136.17,NR1 3QQ,VALID,VALID,
ALB-CPM-0000219,P0001724,101,CPM,BROKER,2024-11-29,2025-11-29,IF,Y,5500.21,5500.21,BS1 4ST,VALID,VALID,
ALB-PET-0002985,P0001725,76,PET,BROKER,2026-01-29,2027-01-29,EX,N,2112.22,880.09,M1 1AE,VALID,VALID,
ALB-CPM-0004205,P0001734,423,CPM,BROKER,2025-07-13,2026-07-13,IF,Y,5244.26,5244.26,NR1 3QQ,VALID,VALID,
ALB-MOT-0003120,P0001738,286,MOT,BROKER,2026-01-18,2027-01-18,LP,N,3782.67,1891.34,CF10 1EP,VALID,VALID,
ALB-CLB-0004077,P0001742,493,CLB,DIRECT,2025-02-21,2026-02-21,IF,Y,1284.83,1284.83,B1 1AA,VALID,VALID,
ALB-PET-0001834,P0001748,492,PET,BROKER,2019-09-16,2020-09-15,EX,N,444.06,444.06,CF10 1EP,VALID,VALID,
ALB-CLB-0003958,P0001755,320,CLB,DIRECT,2025-12-09,2026-12-09,CN,N,4316.95,2518.22,CF10 1EP,VALID,VALID,
ALB-CPM-0005192,P0001756,318,CPM,BROKER,2018-07-25,2019-07-25,RN,Y,5926.77,5926.77,NR1 3QQ,VALID,VALID,
ALB-CLB-0002896,P0001757,,CLB,BROKER,2026-07-24,2027-07-24,EX,N,12565.80,0.00,BS1 4ST,VALID,VALID,
ALB-TRV-0004685,P0001759,,TRV,BROKER,2020-11-22,2021-11-22,LP,N,3392.64,3392.64,YO1 6GA,VALID,VALID,
ALB-MOT-0000948,P0001760,,MOT,BROKER,2021-03-25,2022-03-25,EX,N,448.09,448.09,CF10 1EP,VALID,VALID,
ALB-MOT-0004243,P0001770,,MOT,BROKER,2022-01-30,2023-01-30,IF,Y,488.63,488.63,YO1 6GA,VALID,VALID,
ALB-CPM-0000422,P0001772,,CPM,BROKER,2019-12-26,2020-12-25,IF,Y,2007.41,2007.41,G1 1XQ,VALID,VALID,
ALB-MOT-0002725,P0001775,,MOT,BROKER,2026-02-27,2027-02-27,IF,Y,2659.13,886.38,RG1 1LX,VALID,VALID,
ALB-PET-0004782,P0001777,,PET,BROKER,2020-04-30,2021-04-30,IF,Y,1277.16,1277.16,LS1 4AP,VALID,VALID,
ALB-PET-0000972,P0001780,,PET,BROKER,2024-01-06,2025-01-05,IF,Y,754.27,754.27,LS1 4AP,VALID,VALID,
ALB-CLB-0004234,P0001782,166,CLB,BROKER,2022-09-18,2023-09-18,IF,Y,12943.74,12943.74,BS1 4ST,VALID,VALID,
ALB-TRV-0004882,P0001786,,TRV,DIRECT,2019-06-16,2020-06-15,IF,Y,874.80,874.80,BS1 4ST,VALID,VALID,
ALB-CLB-0001483,P0001789,123,CLB,BROKER,2022-04-08,2023-04-08,CN,N,9037.29,9037.29,CF10 1EP,VALID,VALID,
ALB-CPM-0002822,P0001791,102,CPM,DIRECT,2021-12-06,2022-12-06,LP,N,4425.73,4425.73,B1 1AA,VALID,VALID,
ALB-PET-0000296,P0001794,,PET,BROKER,2022-10-29,2023-10-29,RN,Y,3345.04,3345.04,BS1 4ST,VALID,VALID,
ALB-MOT-0000264,P0001802,151,MOT,BROKER,2023-10-01,2024-09-30,RN,Y,2119.04,2119.04,G1 1XQ,VALID,VALID,
ALB-CLB-0004251,P0001803,356,CLB,DIRECT,2019-01-18,2020-01-18,IF,Y,14299.41,14299.41,YO1 6GA,VALID,VALID,
ALB-PET-0000877,P0001804,,PET,BROKER,2026-07-09,2027-07-09,LP,N,2647.29,0.00,M1 1AE,VALID,VALID,
ALB-TRV-0003734,P0001805,,TRV,BROKER,2023-01-22,2024-01-22,LP,N,2403.27,2403.27,BS1 4ST,VALID,VALID,
ALB-PET-0001766,P0001806,,PET,BROKER,2023-12-03,2024-12-02,IF,Y,2412.32,2412.32,LS1 4AP,VALID,VALID,
ALB-MOT-0003725,P0001807,4,MOT,BROKER,2022-09-07,2023-09-07,RN,Y,496.02,496.02,B1 1AA,VALID,VALID,
ALB-PET-0001491,P0001808,122,PET,BROKER,2024-06-13,2025-06-13,LP,N,1063.36,1063.36,EC1A 1BB,VALID,VALID,
ALB-PET-0002123,P0001811,404,PET,AGGREGATOR,2018-05-18,2019-05-18,RN,Y,1336.88,1336.88,B1 1AA,VALID,VALID,
ALB-TRV-0003343,P0001823,,TRV,BROKER,2020-11-20,2021-11-20,IF,Y,3607.64,3607.64,RG1 1LX,VALID,VALID,
ALB-CLB-0004153,P0001827,,CLB,AGGREGATOR,2023-07-26,2024-07-25,EX,N,4358.05,4358.05,LS1 4AP,VALID,VALID,
ALB-CLB-0001398,P0001828,51,CLB,DIRECT,2023-08-08,2024-08-07,CN,N,8495.55,8495.55,BS1 4ST,VALID,VALID,
ALB-HOM-0000743,P0001833,211,HOM,BROKER,2022-09-03,2023-09-03,IF,Y,2209.84,2209.84,CF10 1EP,VALID,VALID,
ALB-HOM-0003472,P0001835,,HOM,DIRECT,2026-08-12,2027-08-12,IF,Y,1153.76,0.00,G1 1XQ,VALID,VALID,
ALB-CPM-0001151,P0001837,,CPM,DIRECT,2025-08-02,2026-08-02,IF,Y,11289.74,10348.93,B1 1AA,VALID,VALID,
ALB-HOM-0001929,P0001838,,HOM,BROKER,2022-02-13,2023-02-13,IF,Y,289.03,289.03,RG1 1LX,VALID,VALID,
ALB-CLB-0002046,P0001839,,CLB,BROKER,2024-10-19,2025-10-19,IF,Y,13243.99,13243.99,M1 1AE,VALID,VALID,
ALB-CLB-0002571,P0001840,,CLB,DIRECT,2022-06-07,2023-06-07,IF,Y,14678.56,14678.56,B1 1AA,VALID,VALID,
ALB-PET-0003302,P0001846,265,PET,BROKER,2024-09-02,2025-09-02,EX,N,2198.00,2198.00,EC1A 1BB,VALID,VALID,
ALB-CPM-0004166,P0001849,208,CPM,BROKER,2019-02-14,2020-02-14,CN,N,868.69,868.69,RG1 1LX,VALID,VALID,
ALB-HOM-0003848,P0001862,,HOM,BROKER,2025-06-20,2026-06-20,IF,Y,3848.85,3848.85,M1 1AE,VALID,VALID,
ALB-PET-0002344,P0001863,,PET,DIRECT,2025-06-12,2026-06-12,CN,N,3579.27,3579.27,M1 1AE,VALID,VALID,
ALB-CPM-0004023,P0001866,119,CPM,BROKER,2019-02-06,2020-02-06,IF,Y,14334.80,14334.80,CF10 1EP,VALID,VALID,
ALB-CLB-0004403,P0001871,412,CLB,BROKER,2025-07-17,2026-07-17,LP,N,5328.22,5328.22,YO1 6GA,VALID,VALID,
ALB-MOT-0004356,P0001875,290,MOT,AGGREGATOR,2026-10-27,2027-10-27,LP,N,2676.94,0.00,BS1 4ST,VALID,VALID,
ALB-HOM-0004105,P0001878,368,HOM,BROKER,2024-02-23,2025-02-22,EX,N,3576.65,3576.65,BS1 4ST,VALID,VALID,
ALB-PET-0000185,P0001880,170,PET,AGGREGATOR,2020-07-25,2021-07-25,EX,N,2201.81,2201.81,YO1 6GA,VALID,VALID,
ALB-TRV-0002277,P0001881,,TRV,BROKER,2018-10-23,2019-10-23,RN,Y,2145.06,2145.06,M1 1AE,VALID,VALID,
ALB-HOM-0003349,P0001884,,HOM,BROKER,2026-09-08,2027-09-08,CN,N,2308.66,0.00,G1 1XQ,VALID,VALID,
ALB-TRV-0003790,P0001886,237,TRV,BROKER,2023-07-04,2024-07-03,RN,Y,1411.51,1411.51,LS1 4AP,VALID,VALID,
ALB-TRV-0001531,P0001887,96,TRV,AGGREGATOR,2019-05-27,2020-05-26,RN,Y,3102.47,3102.47,EC1A1BB,INVALID,VALID,
ALB-HOM-0005004,P0001888,207,HOM,AGGREGATOR,2023-02-06,2024-02-06,LP,N,3368.82,3368.82,EC1A 1BB,VALID,VALID,
ALB-MOT-0004078,P0001891,482,MOT,AGGREGATOR,2021-10-03,2022-10-03,RN,Y,622.97,622.97,YO1 6GA,VALID,VALID,
ALB-CPM-0003063,P0001892,,CPM,BROKER,2023-05-03,2024-05-02,IF,Y,13732.37,13732.37,EC1A1BB,INVALID,VALID,
ALB-CPM-0004845,P0001893,,CPM,DIRECT,2022-04-29,2023-04-29,IF,Y,8038.47,8038.47,M1 1AE,VALID,VALID,
ALB-CLB-0005097,P0001896,,CLB,BROKER,2026-12-06,2027-12-06,EX,N,2489.35,0.00,YO1 6GA,VALID,VALID,
ALB-MOT-0001843,P0001897,,MOT,AGGREGATOR,2024-06-13,2025-06-13,IF,Y,497.72,497.72,BS1 4ST,VALID,VALID,
ALB-CPM-0003923,P0001900,454,CPM,DIRECT,2019-02-25,2020-02-25,LP,N,8007.03,8007.03,EC1A 1BB,VALID,VALID,
ALB-TRV-0005123,P0001901,,TRV,BROKER,2019-09-09,2020-09-08,RN,Y,1034.41,1034.41,EC1A1BB,INVALID,VALID,
ALB-PET-0004826,P0001907,,PET,AGGREGATOR,2022-04-27,2023-04-27,EX,N,3015.76,3015.76,B1 1AA,VALID,VALID,
ALB-CPM-0001146,P0001908,447,CPM,DIRECT,2023-12-14,2024-12-13,EX,N,3062.77,3062.77,EC1A 1BB,VALID,VALID,
ALB-PET-0004112,P0001910,,PET,BROKER,2026-01-07,2027-01-07,CN,N,2842.24,1421.12,BS1 4ST,VALID,VALID,
ALB-PET-0000376,P0001914,165,PET,BROKER,2018-02-15,2019-02-15,LP,N,540.65,540.65,EC1A 1BB,VALID,VALID,
ALB-MOT-0005076,P0001918,,MOT,BROKER,2026-04-16,2027-04-16,CN,N,2743.87,685.97,EC1A 1BB,VALID,VALID,
ALB-TRV-0004889,P0001920,233,TRV,BROKER,2026-08-21,2027-08-21,LP,N,1921.93,0.00,CF10 1EP,VALID,VALID,
ALB-CLB-0004427,P0001921,55,CLB,DIRECT,2020-07-28,2021-07-28,CN,N,10115.00,10115.00,BS1 4ST,VALID,VALID,
ALB-CPM-0004385,P0001926,,CPM,AGGREGATOR,2024-05-25,2025-05-25,EX,N,3619.49,3619.49,NR1 3QQ,VALID,VALID,
ALB-PET-0003078,P0001928,371,PET,AGGREGATOR,2025-06-18,2026-06-18,LP,N,1643.41,1643.41,M1 1AE,VALID,VALID,
ALB-TRV-0003262,P0001934,134,TRV,AGGREGATOR,2018-06-05,2019-06-05,RN,Y,4076.83,4076.83,B1 1AA,VALID,VALID,
ALB-HOM-0004149,P0001935,,HOM,BROKER,2019-11-13,2020-11-12,RN,Y,3262.09,3262.09,G1 1XQ,VALID,VALID,
ALB-CPM-0000836,P0001936,,CPM,BROKER,2018-02-05,2019-02-05,IF,Y,7407.83,7407.83,CF10 1EP,VALID,VALID,
ALB-CPM-0004189,P0001937,,CPM,BROKER,2025-09-23,2026-09-23,CN,N,14054.40,11712.00,RG1 1LX,VALID,VALID,
ALB-CPM-0001899,P0001938,97,CPM,DIRECT,2024-12-04,2025-12-04,LP,N,5610.26,5610.26,YO1 6GA,VALID,VALID,
ALB-CPM-0003085,P0001941,,CPM,BROKER,2022-12-12,2023-12-12,EX,N,4475.89,4475.89,G1 1XQ,VALID,VALID,
ALB-MOT-0002059,P0001950,,MOT,BROKER,2022-08-06,2023-08-06,RN,Y,2627.03,2627.03,B1 1AA,VALID,VALID,
ALB-MOT-0004970,P0001955,398,MOT,DIRECT,2026-07-06,2027-07-06,EX,N,3645.63,0.00,CF10 1EP,VALID,VALID,
ALB-CPM-0004876,P0001959,,CPM,BROKER,2020-11-25,2021-11-25,IF,Y,8078.35,8078.35,YO1 6GA,VALID,VALID,
ALB-CPM-0002676,P0001962,256,CPM,BROKER,2024-09-26,2025-09-26,RN,Y,1260.42,1260.42,B1 1AA,VALID,VALID,
ALB-PET-0004641,P0001965,,PET,AGGREGATOR,2018-09-13,2019-09-13,LP,N,2699.28,2699.28,YO1 6GA,VALID,VALID,
ALB-CLB-0002245,P0001970,,CLB,AGGREGATOR,2020-02-17,2021-02-16,IF,Y,12124.31,12124.31,M1 1AE,VALID,VALID,
ALB-MOT-0003430,P0001971,435,MOT,BROKER,2018-10-12,2019-10-12,RN,Y,229.35,229.35,B1 1AA,VALID,VALID,
ALB-CPM-0005163,P0001972,,CPM,DIRECT,2020-10-12,2021-10-12,EX,N,13052.74,13052.74,M1 1AE,VALID,VALID,
ALB-HOM-0003762,P0001973,,HOM,BROKER,2018-12-21,2019-12-21,IF,Y,1670.32,1670.32,RG1 1LX,VALID,VALID,
ALB-HOM-0003160,P0001974,,HOM,BROKER,2021-10-28,2022-10-28,LP,N,2851.85,2851.85,G1 1XQ,VALID,VALID,
ALB-HOM-0003920,P0001977,,HOM,BROKER,2022-03-26,2023-03-26,RN,Y,2838.20,2838.20,G1 1XQ,VALID,VALID,
ALB-PET-0004529,P0001981,348,PET,AGGREGATOR,2019-11-25,2020-11-24,IF,Y,580.86,580.86,B1 1AA,VALID,VALID,
ALB-TRV-0004330,P0001983,48,TRV,DIRECT,2019-09-24,2020-09-23,RN,Y,570.77,570.77,LS1 4AP,VALID,VALID,
ALB-HOM-0005094,P0001984,71,HOM,DIRECT,2019-02-02,2020-02-02,CN,N,581.78,581.78,CF10 1EP,VALID,VALID,
ALB-CLB-0003936,P0001986,,CLB,BROKER,2025-08-17,2026-08-17,RN,Y,1748.51,1602.80,NR1 3QQ,VALID,VALID,
ALB-PET-0004436,P0001988,236,PET,BROKER,2026-08-19,2027-08-19,CN,N,2854.05,0.00,B1 1AA,VALID,VALID,
ALB-CLB-0003388,P0001991,109,CLB,DIRECT,2025-07-09,2026-07-09,IF,Y,10486.55,10486.55,M1 1AE,VALID,VALID,
ALB-HOM-0001188,P0001993,348,HOM,BROKER,2019-11-24,2020-11-23,LP,N,520.04,520.04,NR1 3QQ,VALID,VALID,
ALB-MOT-0003572,P0001994,,MOT,BROKER,2026-11-05,2027-11-05,IF,Y,602.67,0.00,ZZ99 9ZZ,VALID,VALID,
ALB-HOM-0003315,P0001998,,HOM,BROKER,2021-08-30,2022-08-30,EX,N,3304.48,3304.48,NR1 3QQ,VALID,VALID,
ALB-HOM-0004867,P0002001,,HOM,DIRECT,2021-11-29,2022-11-29,CN,N,1887.06,1887.06,M1 1AE,VALID,VALID,
ALB-CLB-0004469,P0002002,37,CLB,DIRECT,2022-10-20,2023-10-20,EX,N,11967.20,11967.20,B1 1AA,VALID,VALID,
ALB-CLB-0003127,P0002004,22,CLB,BROKER,2020-12-23,2021-12-23,EX,N,4087.41,4087.41,M1 1AE,VALID,VALID,
ALB-HOM-0005179,P0002007,479,HOM,AGGREGATOR,2021-08-15,2022-08-15,IF,Y,333.65,333.65,NR1 3QQ,VALID,VALID,
ALB-HOM-0004878,P0002010,342,HOM,BROKER,2026-07-17,2027-07-17,EX,N,1195.01,0.00,CF10 1EP,VALID,VALID,
ALB-CLB-0000263,P0002011,,CLB,BROKER,2020-10-13,2021-10-13,IF,Y,3508.12,3508.12,B1 1AA,VALID,VALID,
ALB-TRV-0001107,P0002012,,TRV,BROKER,2025-04-16,2026-04-16,RN,Y,931.38,931.38,G1 1XQ,VALID,VALID,
ALB-TRV-0003983,P0002015,98,TRV,AGGREGATOR,2023-07-13,2024-07-12,IF,Y,787.49,787.49,CF10 1EP,VALID,VALID,
ALB-CLB-0003901,P0002023,198,CLB,DIRECT,2018-04-25,2019-04-25,EX,N,10479.92,10479.92,G1 1XQ,VALID,VALID,
ALB-PET-0003601,P0002025,359,PET,BROKER,2024-02-18,2025-02-17,IF,Y,2217.44,2217.44,RG1 1LX,VALID,VALID,
ALB-CLB-0004988,P0002026,,CLB,BROKER,2023-11-05,2024-11-04,CN,N,4839.99,4839.99,LS1 4AP,VALID,VALID,
ALB-CLB-0004680,P0002027,466,CLB,DIRECT,2025-03-28,2026-03-28,RN,Y,10865.63,10865.63,EC1A1BB,INVALID,VALID,
ALB-PET-0002495,P0002029,,PET,AGGREGATOR,2025-11-03,2026-11-03,RN,Y,2679.81,1786.54,RG1 1LX,VALID,VALID,
ALB-MOT-0003948,P0002038,,MOT,BROKER,2024-06-16,2025-06-16,IF,Y,1099.67,1099.67,YO1 6GA,VALID,VALID,
ALB-HOM-0004090,P0002047,289,HOM,BROKER,2022-10-15,2023-10-15,RN,Y,4016.77,4016.77,YO1 6GA,VALID,VALID,
ALB-CPM-0001330,P0000006,13,CPM,DIRECT,2025-06-14,2026-06-14,RN,Y,8163.51,8163.51,YO1 6GA,VALID,VALID,Smith & Walker Insurance Services Ltd
ALB-TRV-0003135,P0000011,,TRV,BROKER,2023-12-29,2024-12-28,IF,Y,210.14,210.14,CF10 1EP,VALID,VALID,Murphy & Johnson Insurance Services Ltd
ALB-MOT-0000959,P0000012,,MOT,AGGREGATOR,2020-12-01,2021-12-01,EX,N,1831.58,1831.58,M1 1AE,VALID,VALID,Khan & Smith Insurance Services Ltd
ALB-CLB-0003608,P0000017,208,CLB,BROKER,2022-12-13,2023-12-13,EX,N,12902.88,12902.88,G1 1XQ,VALID,VALID,Hall & Brown Insurance Services Ltd
ALB-CPM-0003348,P0000018,347,CPM,AGGREGATOR,2020-08-24,2021-08-24,EX,N,13157.18,13157.18,LS1 4AP,VALID,VALID,Johnson & Hall Insurance Services Ltd
ALB-CLB-0001157,P0000019,,CLB,AGGREGATOR,2023-04-06,2024-04-05,RN,Y,14493.14,14493.14,NR1 3QQ,VALID,VALID,Williams & Williams Insurance Services Ltd
ALB-CPM-0001661,P0000027,457,CPM,BROKER,2025-12-05,2026-12-05,LP,N,1385.36,808.13,M1 1AE,VALID,VALID,Khan & Davies Insurance Services Ltd
ALB-CLB-0002543,P0000029,45,CLB,BROKER,2022-01-12,2023-01-12,IF,Y,640.67,640.67,NR1 3QQ,VALID,VALID,Clarke & Wright Insurance Services Ltd
ALB-HOM-0001003,P0000031,45,HOM,BROKER,2020-07-31,2021-07-31,RN,Y,2158.45,2158.45,EC1A 1BB,VALID,VALID,Hall & Khan Insurance Services Ltd
ALB-CLB-0000458,P0000032,,CLB,AGGREGATOR,2024-03-08,2025-03-08,LP,N,3195.57,3195.57,B1 1AA,VALID,VALID,Williams & Hall Insurance Services Ltd
ALB-PET-0004151,P0000033,,PET,BROKER,2023-12-06,2024-12-05,IF,Y,1575.49,1575.49,B1 1AA,VALID,VALID,Wilson & Johnson Insurance Services Ltd
ALB-PET-0001790,P0000037,403,PET,BROKER,2019-07-14,2020-07-13,IF,Y,3975.39,3975.39,BS1 4ST,VALID,VALID,Smith & Clarke Insurance Services Ltd
ALB-TRV-0004291,P0000038,17,TRV,BROKER,2021-04-15,2022-04-15,IF,Y,1119.81,1119.81,M1 1AE,VALID,VALID,Khan & Smith Insurance Services Ltd
ALB-MOT-0000462,P0000042,48,MOT,AGGREGATOR,2023-10-22,2024-10-21,IF,Y,3886.81,3886.81,BS1 4ST,VALID,VALID,Clarke & Davies Insurance Services Ltd
ALB-HOM-0000904,P0000049,120,HOM,BROKER,2025-08-21,2026-08-21,IF,Y,2497.81,2289.66,B1 1AA,VALID,VALID,Smith & Walker Insurance Services Ltd
ALB-PET-0003469,P0000050,259,PET,BROKER,2020-09-27,2021-09-27,RN,Y,1465.67,1465.67,B1 1AA,VALID,VALID,Taylor & Murphy Insurance Services Ltd
ALB-MOT-0001685,P0000054,102,MOT,DIRECT,2026-06-29,2027-06-29,IF,Y,3714.87,0.00,G1 1XQ,VALID,VALID,Clarke & Wright Insurance Services Ltd
ALB-MOT-0003774,P0000057,159,MOT,DIRECT,2020-01-06,2021-01-05,IF,Y,3389.91,3389.91,BS1 4ST,VALID,VALID,Walker & OBrien Insurance Services Ltd
ALB-PET-0002469,P0000068,184,PET,BROKER,2025-01-11,2026-01-11,IF,Y,2723.67,2723.67,,INVALID,VALID,Baker & Hughes Insurance Services Ltd
ALB-CPM-0001386,P0000069,289,CPM,BROKER,2024-02-14,2025-02-13,IF,Y,6652.35,6652.35,M1 1AE,VALID,VALID,Jones & Baker Insurance Services Ltd
ALB-MOT-0001988,P0000071,415,MOT,BROKER,2020-04-23,2021-04-23,IF,Y,2395.19,2395.19,RG1 1LX,VALID,VALID,OBrien & Patel Insurance Services Ltd
ALB-PET-0000368,P0000072,446,PET,BROKER,2026-02-11,2027-02-11,EX,N,1287.40,536.42,NR1 3QQ,VALID,VALID,Hall & Hall Insurance Services Ltd
ALB-HOM-0004738,P0000074,4,HOM,AGGREGATOR,2023-09-20,2024-09-19,EX,N,878.61,878.61,LS1 4AP,VALID,VALID,Clarke & Davies Insurance Services Ltd
ALB-TRV-0001445,P0000075,162,TRV,DIRECT,2023-10-08,2024-10-07,CN,N,2421.39,2421.39,BS1 4ST,VALID,VALID,Hall & Murphy Insurance Services Ltd
ALB-CLB-0002416,P0000086,175,CLB,DIRECT,2023-05-15,2024-05-14,IF,Y,6432.17,6432.17,M1 1AE,VALID,VALID,Murphy & Johnson Insurance Services Ltd
ALB-HOM-0000530,P0000090,111,HOM,DIRECT,2019-04-11,2020-04-10,RN,Y,2353.52,2353.52,YO1 6GA,VALID,VALID,Smith & Clarke Insurance Services Ltd
ALB-HOM-0003555,P0000097,195,HOM,DIRECT,2023-07-14,2024-07-13,RN,Y,2129.82,2129.82,RG1 1LX,VALID,VALID,Baker & Clarke Insurance Services Ltd
ALB-PET-0001566,P0000115,275,PET,BROKER,2019-01-27,2020-01-27,IF,Y,1101.03,1101.03,NR1 3QQ,VALID,VALID,Brown & Davies Insurance Services Ltd
ALB-TRV-0002093,P0000117,194,TRV,BROKER,2020-02-23,2021-02-22,IF,Y,2970.07,2970.07,CF10 1EP,VALID,VALID,OBrien & Patel Insurance Services Ltd
ALB-MOT-0001168,P0000118,,MOT,BROKER,2023-01-09,2024-01-09,RN,Y,2068.88,2068.88,YO1 6GA,VALID,VALID,Davies & Wright Insurance Services Ltd
ALB-HOM-0004673,P0000121,151,HOM,AGGREGATOR,2023-01-23,2024-01-23,RN,Y,3997.99,3997.99,RG1 1LX,VALID,VALID,Baker & Hughes Insurance Services Ltd
ALB-PET-0001810,P0000123,425,PET,AGGREGATOR,2022-07-02,2023-07-02,IF,Y,3716.42,3716.42,BS1 4ST,VALID,VALID,Williams & Baker Insurance Services Ltd
ALB-CPM-0003163,P0000128,427,CPM,BROKER,2024-09-10,2025-09-10,LP,N,3367.39,3367.39,NR1 3QQ,VALID,VALID,Wilson & Johnson Insurance Services Ltd
ALB-CLB-0003721,P0000135,24,CLB,DIRECT,2023-08-09,2024-08-08,CN,N,2915.80,2915.80,B1 1AA,VALID,VALID,Johnson & Hughes Insurance Services Ltd
ALB-PET-0000665,P0000142,,PET,AGGREGATOR,2024-12-07,2025-12-07,LP,N,596.91,596.91,CF10 1EP,VALID,VALID,OBrien & Patel Insurance Services Ltd
ALB-PET-0003479,P0000146,,PET,BROKER,2018-03-13,2019-03-13,EX,N,2964.06,2964.06,EC1A 1BB,VALID,VALID,Taylor & Murphy Insurance Services Ltd
ALB-MOT-0000765,P0000147,455,MOT,AGGREGATOR,2021-09-20,2022-09-20,IF,Y,3892.53,3892.53,EC1A 1BB,VALID,VALID,Smith & Walker Insurance Services Ltd
ALB-CLB-0000947,P0000154,327,CLB,BROKER,2026-07-15,2027-07-15,IF,Y,8302.07,0.00,CF10 1EP,VALID,VALID,Davies & Hughes Insurance Services Ltd
ALB-PET-0002330,P0000157,182,PET,DIRECT,2023-11-17,2024-11-16,RN,Y,1360.79,1360.79,M1 1AE,VALID,VALID,Smith & Clarke Insurance Services Ltd
ALB-CPM-0001294,P0000158,,CPM,AGGREGATOR,2022-03-21,2023-03-21,EX,N,10265.94,10265.94,B1 1AA,VALID,VALID,Hall & Hall Insurance Services Ltd
ALB-HOM-0001208,P0000159,,HOM,BROKER,2026-11-04,2027-11-04,IF,Y,3218.88,0.00,G1 1XQ,VALID,VALID,Davies & Hughes Insurance Services Ltd
ALB-CPM-0004590,P0000164,471,CPM,BROKER,2025-02-08,2026-02-08,IF,Y,4315.71,4315.71,LS1 4AP,VALID,VALID,Baker & Wright Insurance Services Ltd
ALB-TRV-0004271,P0000171,88,TRV,AGGREGATOR,2024-09-11,2025-09-11,EX,N,3711.59,3711.59,CF10 1EP,VALID,VALID,Clarke & Davies Insurance Services Ltd
ALB-CPM-0001377,P0000173,439,CPM,BROKER,2021-05-16,2022-05-16,IF,Y,3079.00,3079.00,G1 1XQ,VALID,VALID,Hall & Khan Insurance Services Ltd
ALB-CPM-0001254,P0000182,286,CPM,AGGREGATOR,2021-07-17,2022-07-17,RN,Y,9653.38,9653.38,NR1 3QQ,VALID,VALID,Davies & Hughes Insurance Services Ltd
ALB-MOT-0001097,P0000183,,MOT,AGGREGATOR,2026-03-10,2027-03-10,IF,Y,3110.39,1036.80,CF10 1EP,VALID,VALID,Clarke & Wright Insurance Services Ltd
ALB-MOT-0001971,P0000186,167,MOT,DIRECT,2026-10-12,2027-10-12,RN,Y,1078.29,0.00,RG1 1LX,VALID,VALID,Baker & Williams Insurance Services Ltd
ALB-TRV-0001078,P0000194,,TRV,AGGREGATOR,2021-11-12,2022-11-12,IF,Y,2104.58,2104.58,RG1 1LX,VALID,VALID,Wilson & Wright Insurance Services Ltd
ALB-PET-0001695,P0000196,355,PET,DIRECT,2022-04-23,2023-04-23,IF,Y,3856.37,3856.37,CF10 1EP,VALID,VALID,Green & Patel Insurance Services Ltd
ALB-CLB-0001442,P0000202,,CLB,DIRECT,2024-06-14,2025-06-14,RN,Y,6682.41,6682.41,EC1A 1BB,VALID,VALID,Green & Murphy Insurance Services Ltd
ALB-CPM-0003024,P0000205,,CPM,DIRECT,2021-04-09,2022-04-09,CN,N,4550.65,4550.65,CF10 1EP,VALID,VALID,Johnson & Murphy Insurance Services Ltd
ALB-CPM-0004960,P0000207,,CPM,AGGREGATOR,2019-02-16,2020-02-16,EX,N,13618.14,13618.14,BS1 4ST,VALID,VALID,Patel & Taylor Insurance Services Ltd
ALB-TRV-0002037,P0000209,,TRV,DIRECT,2020-03-29,2021-03-29,IF,Y,2328.66,2328.66,LS1 4AP,VALID,VALID,Hall & Patel Insurance Services Ltd
ALB-TRV-0000848,P0000214,436,TRV,DIRECT,2025-05-22,2026-05-22,IF,Y,2785.42,2785.42,LS1 4AP,VALID,VALID,Baker & Wright Insurance Services Ltd
ALB-MOT-0002877,P0000215,,MOT,DIRECT,2018-09-23,2019-09-23,IF,Y,4168.24,4168.24,RG1 1LX,VALID,VALID,Hall & Wright Insurance Services Ltd
ALB-CPM-0003280,P0000242,,CPM,AGGREGATOR,2018-05-06,2019-05-06,IF,Y,11950.21,11950.21,RG1 1LX,VALID,VALID,Green & Jones Insurance Services Ltd
ALB-HOM-0001084,P0000245,353,HOM,BROKER,2023-05-22,2024-05-21,LP,N,240.60,240.60,RG1 1LX,VALID,VALID,Baker & Clarke Insurance Services Ltd
ALB-PET-0002351,P0000248,130,PET,BROKER,2023-02-18,2024-02-18,RN,Y,2140.32,2140.32,RG1 1LX,VALID,VALID,Baker & Hughes Insurance Services Ltd
ALB-HOM-0002899,P0000253,79,HOM,DIRECT,2019-08-11,2020-08-10,EX,N,1072.15,1072.15,M1 1AE,VALID,VALID,Walker & Wright Insurance Services Ltd
ALB-PET-0003568,P0000255,459,PET,AGGREGATOR,2021-01-03,2022-01-03,EX,N,188.37,188.37,G1 1XQ,VALID,VALID,Wilson & Johnson Insurance Services Ltd
ALB-PET-0004635,P0000256,,PET,BROKER,2019-02-02,2020-02-02,CN,N,1729.52,1729.52,M1 1AE,VALID,VALID,OBrien & Patel Insurance Services Ltd
ALB-CPM-0002979,P0000258,294,CPM,BROKER,2021-10-20,2022-10-20,LP,N,6400.33,6400.33,G1 1XQ,VALID,VALID,Johnson & Murphy Insurance Services Ltd
ALB-TRV-0000868,P0000261,,TRV,BROKER,2024-06-28,2025-06-28,IF,Y,2477.13,2477.13,B1 1AA,VALID,VALID,Patel & Taylor Insurance Services Ltd
ALB-HOM-0003964,P0000263,,HOM,BROKER,2025-05-16,2026-05-16,IF,Y,755.97,755.97,CF10 1EP,VALID,VALID,Clarke & Davies Insurance Services Ltd
ALB-CPM-0002260,P0000267,198,CPM,DIRECT,2023-09-25,2024-09-24,RN,Y,10120.49,10120.49,NR1 3QQ,VALID,VALID,Baker & Brown Insurance Services Ltd
ALB-MOT-0000914,P0000269,196,MOT,DIRECT,2024-01-26,2025-01-25,LP,N,1236.30,1236.30,M1 1AE,VALID,VALID,Hall & Khan Insurance Services Ltd
ALB-CLB-0002253,P0000272,,CLB,BROKER,2020-01-18,2021-01-17,LP,N,13891.81,13891.81,RG1 1LX,VALID,VALID,Smith & Clarke Insurance Services Ltd
ALB-MOT-0000029,P0000277,,MOT,BROKER,2019-09-08,2020-09-07,EX,N,3722.98,3722.98,YO1 6GA,VALID,VALID,Johnson & Murphy Insurance Services Ltd
ALB-CPM-0000095,P0000282,,CPM,BROKER,2023-06-02,2024-06-01,IF,Y,12211.01,12211.01,NR1 3QQ,VALID,VALID,Hughes & Wright Insurance Services Ltd
ALB-CPM-0004118,P0000285,405,CPM,AGGREGATOR,2020-07-26,2021-07-26,LP,N,11543.51,11543.51,CF10 1EP,VALID,VALID,Wilson & Wright Insurance Services Ltd
ALB-CPM-0002458,P0000290,432,CPM,BROKER,2021-06-16,2022-06-16,LP,N,8133.19,8133.19,BS1 4ST,VALID,VALID,Williams & Hall Insurance Services Ltd
ALB-CLB-0000922,P0000291,270,CLB,BROKER,2021-08-10,2022-08-10,IF,Y,2745.22,2745.22,M1 1AE,VALID,VALID,Smith & Clarke Insurance Services Ltd
ALB-MOT-0001904,P0000293,338,MOT,DIRECT,2025-12-16,2026-12-16,IF,Y,3980.95,2322.22,YO1 6GA,VALID,VALID,OBrien & Patel Insurance Services Ltd
ALB-HOM-0001250,P0000296,134,HOM,AGGREGATOR,2023-04-19,2024-04-18,RN,Y,1510.83,1510.83,CF10 1EP,VALID,VALID,Taylor & Murphy Insurance Services Ltd
ALB-MOT-0002835,P0000297,81,MOT,DIRECT,2020-09-08,2021-09-08,IF,Y,3295.22,3295.22,NR1 3QQ,VALID,VALID,Smith & Brown Insurance Services Ltd
ALB-MOT-0002263,P0000314,437,MOT,BROKER,2026-05-12,2027-05-12,RN,Y,2953.84,492.31,RG1 1LX,VALID,VALID,Smith & Brown Insurance Services Ltd
ALB-CLB-0003443,P0000317,400,CLB,BROKER,2018-08-16,2019-08-16,EX,N,6031.86,6031.86,RG1 1LX,VALID,VALID,Williams & Williams Insurance Services Ltd
ALB-PET-0001587,P0000321,348,PET,BROKER,2024-04-27,2025-04-27,IF,Y,1335.11,1335.11,YO1 6GA,VALID,VALID,Baker & Hughes Insurance Services Ltd
ALB-CLB-0004132,P0000322,192,CLB,BROKER,2023-11-24,2024-11-23,EX,N,2406.65,2406.65,NR1 3QQ,VALID,VALID,Hall & Khan Insurance Services Ltd
ALB-MOT-0003368,P0000323,,MOT,AGGREGATOR,2025-07-20,2026-07-20,IF,Y,302.01,302.01,RG1 1LX,VALID,VALID,Taylor & Wilson Insurance Services Ltd
ALB-PET-0004115,P0000326,272,PET,DIRECT,2018-11-17,2019-11-17,RN,Y,1016.71,1016.71,YO1 6GA,VALID,VALID,Wilson & Wright Insurance Services Ltd
ALB-CLB-0000716,P0000329,222,CLB,BROKER,2023-10-06,2024-10-05,RN,Y,9864.62,9864.62,G1 1XQ,VALID,VALID,Walker & Wright Insurance Services Ltd
ALB-CLB-0000105,P0000332,181,CLB,BROKER,2026-04-21,2027-04-21,EX,N,7095.82,1773.96,BS1 4ST,VALID,VALID,Green & Jones Insurance Services Ltd
ALB-CLB-0003047,P0000338,356,CLB,BROKER,2022-09-09,2023-09-09,IF,Y,8481.40,8481.40,EC1A1BB,INVALID,VALID,Hall & Wright Insurance Services Ltd
ALB-MOT-0003018,P0000340,,MOT,BROKER,2020-07-28,2021-07-28,RN,Y,991.52,991.52,M1 1AE,VALID,VALID,Davies & Green Insurance Services Ltd
ALB-TRV-0002014,P0000341,346,TRV,AGGREGATOR,2026-09-29,2027-09-29,CN,N,2857.08,0.00,G1 1XQ,VALID,VALID,Walker & Wright Insurance Services Ltd
ALB-TRV-0003763,P0000344,23,TRV,DIRECT,2024-11-16,2025-11-16,IF,Y,2365.59,2365.59,NR1 3QQ,VALID,VALID,Smith & Davies Insurance Services Ltd
ALB-TRV-0001706,P0000348,123,TRV,DIRECT,2019-01-17,2020-01-17,IF,Y,3236.04,3236.04,EC1A 1BB,VALID,VALID,Wilson & Wright Insurance Services Ltd
ALB-MOT-0001025,P0000355,368,MOT,AGGREGATOR,2022-07-13,2023-07-13,RN,Y,1189.09,1189.09,BS1 4ST,VALID,VALID,Johnson & Hughes Insurance Services Ltd
ALB-TRV-0001710,P0000356,,TRV,DIRECT,2022-07-24,2023-07-24,IF,Y,2851.56,2851.56,LS1 4AP,VALID,VALID,Williams & Williams Insurance Services Ltd
ALB-TRV-0004229,P0000357,44,TRV,BROKER,2018-08-18,2019-08-18,EX,N,2171.04,2171.04,M1 1AE,VALID,VALID,Williams & Hall Insurance Services Ltd
ALB-TRV-0003885,P0000358,322,TRV,BROKER,2025-08-10,2026-08-10,CN,N,2398.45,2198.58,BS1 4ST,VALID,VALID,Taylor & Johnson Insurance Services Ltd
ALB-PET-0003284,P0000359,249,PET,DIRECT,2024-08-23,2025-08-23,IF,Y,2949.82,2949.82,YO1 6GA,VALID,VALID,Hall & Brown Insurance Services Ltd
ALB-CLB-0000537,P0000360,424,CLB,BROKER,2024-07-10,2025-07-10,IF,Y,2565.27,2565.27,RG1 1LX,VALID,VALID,Walker & OBrien Insurance Services Ltd
ALB-TRV-0000672,P0000366,65,TRV,BROKER,2023-01-18,2024-01-18,IF,Y,2921.58,2921.58,NR1 3QQ,VALID,VALID,Baker & Wright Insurance Services Ltd
ALB-MOT-0000021,P0000368,73,MOT,DIRECT,2022-04-18,2023-04-18,EX,N,2112.94,2112.94,,INVALID,VALID,Smith & Clarke Insurance Services Ltd
ALB-HOM-0002166,P0000370,,HOM,BROKER,2019-12-13,2020-12-12,LP,N,2083.14,2083.14,LS1 4AP,VALID,VALID,Hughes & Wright Insurance Services Ltd
ALB-PET-0003447,P0000374,,PET,AGGREGATOR,2023-08-23,2024-08-22,IF,Y,1325.87,1325.87,CF10 1EP,VALID,VALID,Davies & Davies Insurance Services Ltd
ALB-MOT-0003953,P0000378,366,MOT,BROKER,2020-07-08,2021-07-08,RN,Y,2783.96,2783.96,NR1 3QQ,VALID,VALID,Taylor & Johnson Insurance Services Ltd
ALB-MOT-0001071,P0000384,345,MOT,DIRECT,2021-04-11,2022-04-11,RN,Y,3150.57,3150.57,B1 1AA,VALID,VALID,Wilson & Johnson Insurance Services Ltd
ALB-MOT-0001494,P0000390,,MOT,BROKER,2018-03-08,2019-03-08,IF,Y,2245.04,2245.04,LS1 4AP,VALID,VALID,Baker & Brown Insurance Services Ltd
ALB-PET-0000232,P0000392,160,PET,AGGREGATOR,2020-10-28,2021-10-28,RN,Y,961.06,961.06,EC1A 1BB,VALID,VALID,Taylor & Johnson Insurance Services Ltd
ALB-HOM-0003035,P0000396,354,HOM,BROKER,2025-03-28,2026-03-28,EX,N,3988.74,3988.74,G1 1XQ,VALID,VALID,Patel & Wilson Insurance Services Ltd
ALB-CLB-0003418,P0000404,24,CLB,AGGREGATOR,2024-02-04,2025-02-03,LP,N,13048.03,13048.03,NR1 3QQ,VALID,VALID,Hall & Brown Insurance Services Ltd
ALB-CLB-0003031,P0000410,206,CLB,AGGREGATOR,2018-06-29,2019-06-29,RN,Y,7847.93,7847.93,BS1 4ST,VALID,VALID,Patel & Wilson Insurance Services Ltd
ALB-CLB-0003796,P0000413,401,CLB,AGGREGATOR,2021-03-25,2022-03-25,CN,N,5089.29,5089.29,M1 1AE,VALID,VALID,Wilson & Wright Insurance Services Ltd
ALB-PET-0004829,P0000415,,PET,AGGREGATOR,2025-01-28,2026-01-28,CN,N,3100.61,3100.61,M1 1AE,VALID,VALID,Davies & Taylor Insurance Services Ltd
ALB-CLB-0002539,P0000416,31,CLB,BROKER,2025-11-15,2026-11-15,LP,N,8311.15,5540.77,G1 1XQ,VALID,VALID,Hall & Brown Insurance Services Ltd
ALB-CPM-0002324,P0000418,35,CPM,BROKER,2021-09-08,2022-09-08,IF,Y,6459.19,6459.19,BS1 4ST,VALID,VALID,Green & Murphy Insurance Services Ltd
ALB-HOM-0000740,P0000420,382,HOM,BROKER,2021-02-10,2022-02-10,IF,Y,414.73,414.73,M1 1AE,VALID,VALID,Johnson & Hughes Insurance Services Ltd
ALB-HOM-0001670,P0000423,21,HOM,DIRECT,2026-05-31,2027-05-31,IF,Y,1267.89,105.66,NR1 3QQ,VALID,VALID,Hall & Murphy Insurance Services Ltd
ALB-CLB-0003938,P0000431,452,CLB,DIRECT,2021-08-28,2022-08-28,LP,N,10171.21,10171.21,EC1A 1BB,VALID,VALID,Hall & Wright Insurance Services Ltd
ALB-PET-0003455,P0000437,226,PET,BROKER,2020-09-02,2021-09-02,IF,Y,3962.21,3962.21,LS1 4AP,VALID,VALID,Baker & Hughes Insurance Services Ltd
ALB-HOM-0003851,P0000439,147,HOM,AGGREGATOR,2022-05-10,2023-05-10,CN,N,3434.53,3434.53,BS1 4ST,VALID,VALID,Davies & Davies Insurance Services Ltd
ALB-CPM-0001896,P0000441,148,CPM,BROKER,2019-01-17,2020-01-17,IF,Y,5834.13,5834.13,RG1 1LX,VALID,VALID,Walker & OBrien Insurance Services Ltd
ALB-HOM-0001171,P0000445,,HOM,DIRECT,2026-04-23,2027-04-23,EX,N,273.22,68.30,G1 1XQ,VALID,VALID,Baker & Clarke Insurance Services Ltd
ALB-CLB-0002177,P0000448,421,CLB,BROKER,2026-04-24,2027-04-24,RN,Y,5822.09,1455.52,EC1A 1BB,VALID,VALID,Hall & Patel Insurance Services Ltd
ALB-MOT-0003518,P0000454,354,MOT,BROKER,2025-05-29,2026-05-29,EX,N,699.23,699.23,CF10 1EP,VALID,VALID,Williams & Williams Insurance Services Ltd
ALB-CPM-0003732,P0000460,420,CPM,AGGREGATOR,2026-09-20,2027-09-20,CN,N,5598.87,0.00,CF10 1EP,VALID,VALID,Johnson & Hughes Insurance Services Ltd
ALB-HOM-0001894,P0000466,207,HOM,BROKER,2023-08-26,2024-08-25,RN,Y,3255.68,3255.68,RG1 1LX,VALID,VALID,Jones & Baker Insurance Services Ltd
ALB-MOT-0003355,P0000474,91,MOT,AGGREGATOR,2026-06-26,2027-06-26,RN,Y,2654.08,0.00,B1 1AA,VALID,VALID,OBrien & Green Insurance Services Ltd
ALB-PET-0000784,P0000488,451,PET,BROKER,2019-01-20,2020-01-20,LP,N,1245.79,1245.79,BS1 4ST,VALID,VALID,Clarke & Wright Insurance Services Ltd
ALB-PET-0001382,P0000492,308,PET,BROKER,2021-01-11,2022-01-11,IF,Y,1351.88,1351.88,EC1A 1BB,VALID,VALID,Davies & Green Insurance Services Ltd
ALB-TRV-0002830,P0000494,,TRV,BROKER,2019-09-14,2020-09-13,CN,N,778.04,778.04,EC1A 1BB,VALID,VALID,Patel & Wilson Insurance Services Ltd
ALB-TRV-0001897,P0000496,482,TRV,BROKER,2021-07-26,2022-07-26,LP,N,438.14,438.14,EC1A 1BB,VALID,VALID,Johnson & Hughes Insurance Services Ltd
ALB-HOM-0000233,P0000498,362,HOM,DIRECT,2026-10-18,2027-10-18,IF,Y,935.07,0.00,NR1 3QQ,VALID,VALID,Baker & Wright Insurance Services Ltd
ALB-PET-0001118,P0000500,470,PET,BROKER,2022-04-09,2023-04-09,IF,Y,1559.77,1559.77,LS1 4AP,VALID,VALID,Davies & Davies Insurance Services Ltd
ALB-PET-0003613,P0000502,221,PET,DIRECT,2026-03-20,2027-03-20,IF,Y,2550.90,850.30,EC1A 1BB,VALID,VALID,Khan & Davies Insurance Services Ltd
ALB-TRV-0002284,P0000510,242,TRV,DIRECT,2019-02-01,2020-02-01,EX,N,1415.19,1415.19,CF10 1EP,VALID,VALID,Hall & Hall Insurance Services Ltd
ALB-MOT-0002435,P0000512,379,MOT,AGGREGATOR,2021-09-12,2022-09-12,EX,N,2792.30,2792.30,RG1 1LX,VALID,VALID,Patel & Wilson Insurance Services Ltd
ALB-PET-0002312,P0000513,134,PET,AGGREGATOR,2021-02-14,2022-02-14,RN,Y,227.23,227.23,G1 1XQ,VALID,VALID,Hall & Baker Insurance Services Ltd
ALB-CPM-0002257,P0000515,,CPM,BROKER,2021-11-13,2022-11-13,RN,Y,12804.62,12804.62,LS1 4AP,VALID,VALID,Brown & Davies Insurance Services Ltd
ALB-CPM-0000879,P0000516,182,CPM,BROKER,2019-01-18,2020-01-18,LP,N,7387.65,7387.65,RG1 1LX,VALID,VALID,OBrien & Patel Insurance Services Ltd
ALB-CLB-0003522,P0000524,386,CLB,BROKER,2022-03-24,2023-03-24,EX,N,2448.70,2448.70,BS1 4ST,VALID,VALID,OBrien & Patel Insurance Services Ltd
ALB-TRV-0002606,P0000526,,TRV,DIRECT,2024-12-02,2025-12-02,RN,Y,3970.89,3970.89,B1 1AA,VALID,VALID,Davies & Hughes Insurance Services Ltd
ALB-CPM-0001056,P0000532,496,CPM,DIRECT,2019-09-26,2020-09-25,EX,N,1585.75,1585.75,LS1 4AP,VALID,VALID,Baker & Wright Insurance Services Ltd
ALB-CPM-0001203,P0000535,,CPM,BROKER,2019-08-27,2020-08-26,RN,Y,10263.32,10263.32,YO1 6GA,VALID,VALID,Baker & Wright Insurance Services Ltd
ALB-HOM-0001525,P0000536,385,HOM,DIRECT,2021-08-24,2022-08-24,CN,N,1811.87,1811.87,B1 1AA,VALID,VALID,Robinson & Brown Insurance Services Ltd
ALB-MOT-0002688,P0000537,51,MOT,BROKER,2018-06-11,2019-06-11,IF,Y,1889.12,1889.12,NR1 3QQ,VALID,VALID,Smith & Walker Insurance Services Ltd
ALB-TRV-0000394,P0000546,125,TRV,BROKER,2026-05-05,2027-05-05,EX,N,693.01,115.50,,INVALID,VALID,Clarke & Wright Insurance Services Ltd
ALB-MOT-0001667,P0000551,197,MOT,DIRECT,2026-05-29,2027-05-29,LP,N,542.98,45.25,RG1 1LX,VALID,VALID,Johnson & Murphy Insurance Services Ltd
ALB-MOT-0000445,P0000553,,MOT,BROKER,2023-01-27,2024-01-27,IF,Y,2756.75,2756.75,CF10 1EP,VALID,VALID,Johnson & Murphy Insurance Services Ltd
ALB-TRV-0002213,P0000566,473,TRV,BROKER,2026-01-05,2027-01-05,IF,Y,1557.30,778.65,M1 1AE,VALID,VALID,Williams & Baker Insurance Services Ltd
ALB-TRV-0003400,P0000569,428,TRV,DIRECT,2020-09-18,2021-09-18,IF,Y,2344.42,2344.42,LS1 4AP,VALID,VALID,Davies & Davies Insurance Services Ltd
ALB-TRV-0002346,P0000570,,TRV,AGGREGATOR,2020-08-19,2021-08-19,RN,Y,3632.80,3632.80,BS1 4ST,VALID,VALID,Taylor & Murphy Insurance Services Ltd
ALB-CPM-0000454,P0000571,213,CPM,BROKER,2025-01-08,2026-01-08,IF,Y,14030.81,14030.81,,INVALID,VALID,Wilson & OBrien Insurance Services Ltd
ALB-MOT-0004971,P0000573,179,MOT,DIRECT,2021-09-06,2022-09-06,RN,Y,2111.12,2111.12,RG1 1LX,VALID,VALID,Hughes & Wright Insurance Services Ltd
ALB-CPM-0000670,P0000574,258,CPM,BROKER,2026-08-18,2027-08-18,LP,N,11505.02,0.00,LS1 4AP,VALID,VALID,Smith & Davies Insurance Services Ltd
ALB-MOT-0001170,P0000578,,MOT,DIRECT,2024-10-03,2025-10-03,IF,Y,844.08,844.08,M1 1AE,VALID,VALID,Smith & Walker Insurance Services Ltd
ALB-CLB-0000258,P0000588,,CLB,AGGREGATOR,2026-06-04,2027-06-04,RN,Y,6415.25,534.60,LS1 4AP,VALID,VALID,Clarke & Davies Insurance Services Ltd
ALB-PET-0001595,P0000591,419,PET,AGGREGATOR,2020-07-03,2021-07-03,LP,N,3833.92,3833.92,G1 1XQ,VALID,VALID,Johnson & Hall Insurance Services Ltd
ALB-MOT-0001461,P0000599,301,MOT,BROKER,2019-11-14,2020-11-13,LP,N,2313.20,2313.20,G1 1XQ,VALID,VALID,Johnson & Hall Insurance Services Ltd
ALB-TRV-0004896,P0000600,4,TRV,DIRECT,2019-07-05,2020-07-04,RN,Y,3153.86,3153.86,M1 1AE,VALID,VALID,Taylor & Wilson Insurance Services Ltd
ALB-HOM-0000839,P0000613,,HOM,BROKER,2019-11-13,2020-11-12,RN,Y,1086.52,1086.52,B1 1AA,VALID,VALID,Brown & Davies Insurance Services Ltd
ALB-CPM-0001033,P0000618,342,CPM,DIRECT,2025-01-10,2026-01-10,IF,Y,10022.01,10022.01,BS1 4ST,VALID,VALID,Baker & Hughes Insurance Services Ltd
ALB-HOM-0003984,P0000619,278,HOM,DIRECT,2019-05-01,2020-04-30,LP,N,1125.92,1125.92,BS1 4ST,VALID,VALID,Hall & Murphy Insurance Services Ltd
ALB-MOT-0000192,P0000621,433,MOT,BROKER,2018-03-29,2019-03-29,IF,Y,1386.83,1386.83,CF10 1EP,VALID,VALID,Patel & Taylor Insurance Services Ltd
ALB-CLB-0002306,P0000623,185,CLB,DIRECT,2019-06-30,2020-06-29,EX,N,9469.04,9469.04,B1 1AA,VALID,VALID,Smith & Clarke Insurance Services Ltd
ALB-MOT-0003432,P0000624,305,MOT,DIRECT,2019-05-04,2020-05-03,EX,N,4119.62,4119.62,M1 1AE,VALID,VALID,Baker & Clarke Insurance Services Ltd
ALB-HOM-0003995,P0000626,467,HOM,BROKER,2023-07-08,2024-07-07,EX,N,1683.68,1683.68,EC1A 1BB,VALID,VALID,Clarke & Davies Insurance Services Ltd
ALB-HOM-0003598,P0000631,36,HOM,BROKER,2025-07-23,2026-07-23,IF,Y,1104.88,1104.88,YO1 6GA,VALID,VALID,Williams & Baker Insurance Services Ltd
ALB-MOT-0000641,P0000637,67,MOT,BROKER,2023-02-27,2024-02-27,EX,N,3954.19,3954.19,RG1 1LX,VALID,VALID,Hall & Hall Insurance Services Ltd
ALB-CPM-0002701,P0000639,450,CPM,BROKER,2022-07-09,2023-07-09,LP,N,5326.66,5326.66,EC1A 1BB,VALID,VALID,Johnson & Hall Insurance Services Ltd
ALB-TRV-0002894,P0000641,144,TRV,BROKER,2020-12-10,2021-12-10,IF,Y,3922.76,3922.76,BS1 4ST,VALID,VALID,Clarke & Davies Insurance Services Ltd
ALB-PET-0004507,P0000643,472,PET,BROKER,2026-03-26,2027-03-26,LP,N,762.70,254.23,YO1 6GA,VALID,VALID,Smith & Walker Insurance Services Ltd
ALB-CLB-0000450,P0000648,,CLB,DIRECT,2021-10-13,2022-10-13,EX,N,6986.76,6986.76,,INVALID,VALID,Smith & Clarke Insurance Services Ltd
ALB-MOT-0003072,P0000649,315,MOT,AGGREGATOR,2024-01-28,2025-01-27,RN,Y,3563.80,3563.80,G1 1XQ,VALID,VALID,Williams & Williams Insurance Services Ltd
ALB-PET-0004447,P0000652,,PET,BROKER,2024-04-11,2025-04-11,IF,Y,3439.79,3439.79,LS1 4AP,VALID,VALID,Taylor & Walker Insurance Services Ltd
ALB-HOM-0001676,P0000655,,HOM,DIRECT,2022-12-03,2023-12-03,IF,Y,2927.32,2927.32,G1 1XQ,VALID,VALID,Davies & Wright Insurance Services Ltd
ALB-TRV-0002280,P0000656,77,TRV,BROKER,2022-08-28,2023-08-28,IF,Y,1915.80,1915.80,B1 1AA,VALID,VALID,Smith & Davies Insurance Services Ltd
ALB-CPM-0002005,P0000661,3,CPM,BROKER,2019-08-17,2020-08-16,IF,Y,6552.42,6552.42,NR1 3QQ,VALID,VALID,Hall & Baker Insurance Services Ltd
ALB-MOT-0000724,P0000665,133,MOT,BROKER,2024-01-23,2025-01-22,IF,Y,1044.86,1044.86,NR1 3QQ,VALID,VALID,Walker & Wright Insurance Services Ltd
ALB-HOM-0004628,P0000673,,HOM,BROKER,2022-05-09,2023-05-09,CN,N,817.36,817.36,CF10 1EP,VALID,VALID,Jones & Baker Insurance Services Ltd
ALB-HOM-0001817,P0000674,,HOM,AGGREGATOR,2020-07-14,2021-07-14,LP,N,2228.56,2228.56,BS1 4ST,VALID,VALID,Johnson & Hall Insurance Services Ltd
ALB-HOM-0001122,P0000678,291,HOM,BROKER,2026-02-01,2027-02-01,LP,N,665.16,277.15,G1 1XQ,VALID,VALID,Clarke & Wright Insurance Services Ltd
ALB-TRV-0003497,P0000680,486,TRV,AGGREGATOR,2021-08-05,2022-08-05,LP,N,2516.82,2516.82,CF10 1EP,VALID,VALID,Smith & Brown Insurance Services Ltd
ALB-HOM-0000124,P0000681,311,HOM,DIRECT,2021-04-20,2022-04-20,LP,N,866.21,866.21,RG1 1LX,VALID,VALID,Johnson & Murphy Insurance Services Ltd
ALB-PET-0004558,P0000685,,PET,AGGREGATOR,2024-02-06,2025-02-05,LP,N,2093.95,2093.95,RG1 1LX,VALID,VALID,Williams & Williams Insurance Services Ltd
ALB-PET-0001020,P0000688,,PET,BROKER,2024-05-01,2025-05-01,EX,N,2927.27,2927.27,EC1A 1BB,VALID,VALID,Smith & Clarke Insurance Services Ltd
ALB-HOM-0002444,P0000693,383,HOM,DIRECT,2019-04-11,2020-04-10,IF,Y,4017.14,4017.14,EC1A 1BB,VALID,VALID,Davies & Wright Insurance Services Ltd
ALB-TRV-0003927,P0000696,429,TRV,DIRECT,2023-10-07,2024-10-06,IF,Y,3034.36,3034.36,RG1 1LX,VALID,VALID,Baker & Hughes Insurance Services Ltd
ALB-PET-0001967,P0000699,107,PET,BROKER,2018-09-08,2019-09-08,LP,N,211.60,211.60,NR1 3QQ,VALID,VALID,Khan & Smith Insurance Services Ltd
ALB-TRV-0000465,P0000700,167,TRV,DIRECT,2019-02-01,2020-02-01,CN,N,2554.20,2554.20,M1 1AE,VALID,VALID,Jones & Robinson Insurance Services Ltd
ALB-CPM-0003219,P0000701,,CPM,AGGREGATOR,2019-03-31,2020-03-30,EX,N,6180.86,6180.86,CF10 1EP,VALID,VALID,Clarke & Wright Insurance Services Ltd
ALB-CPM-0002053,P0000707,393,CPM,BROKER,2018-05-08,2019-05-08,IF,Y,3719.34,3719.34,EC1A 1BB,VALID,VALID,Hall & Baker Insurance Services Ltd
ALB-CPM-0003243,P0000711,154,CPM,AGGREGATOR,2019-11-21,2020-11-20,IF,Y,14119.80,14119.80,YO1 6GA,VALID,VALID,Wilson & Wright Insurance Services Ltd
ALB-MOT-0000044,P0000716,,MOT,DIRECT,2020-01-26,2021-01-25,LP,N,3450.10,3450.10,EC1A 1BB,VALID,VALID,Williams & Baker Insurance Services Ltd
ALB-PET-0002318,P0000722,363,PET,BROKER,2019-11-16,2020-11-15,IF,Y,1384.68,1384.68,LS1 4AP,VALID,VALID,Taylor & Murphy Insurance Services Ltd
ALB-CPM-0000004,P0000723,231,CPM,BROKER,2024-06-01,2025-06-01,IF,Y,5518.41,5518.41,M1 1AE,VALID,VALID,Taylor & Murphy Insurance Services Ltd
ALB-HOM-0003756,P0000728,420,HOM,BROKER,2024-06-19,2025-06-19,IF,Y,710.58,710.58,YO1 6GA,VALID,VALID,Khan & Davies Insurance Services Ltd
ALB-PET-0000687,P0000729,101,PET,BROKER,2026-11-17,2027-11-17,LP,N,596.20,0.00,EC1A 1BB,VALID,VALID,Williams & Baker Insurance Services Ltd
ALB-MOT-0000867,P0000732,153,MOT,BROKER,2021-02-06,2022-02-06,EX,N,3518.55,3518.55,RG1 1LX,VALID,VALID,Smith & Clarke Insurance Services Ltd
ALB-CPM-0000804,P0000738,,CPM,BROKER,2021-11-12,2022-11-12,IF,Y,5014.76,5014.76,M1 1AE,VALID,VALID,Clarke & Wright Insurance Services Ltd
ALB-CPM-0003064,P0000739,185,CPM,BROKER,2022-09-04,2023-09-04,IF,Y,9093.98,9093.98,B1 1AA,VALID,VALID,Wilson & OBrien Insurance Services Ltd
ALB-TRV-0003578,P0000740,,TRV,AGGREGATOR,2019-06-15,2020-06-14,EX,N,3600.50,3600.50,LS1 4AP,VALID,VALID,Clarke & Wright Insurance Services Ltd
ALB-HOM-0002774,P0000743,,HOM,AGGREGATOR,2020-09-04,2021-09-04,IF,Y,1499.99,1499.99,EC1A 1BB,VALID,VALID,Taylor & Johnson Insurance Services Ltd
ALB-MOT-0002405,P0000745,427,MOT,BROKER,2020-12-04,2021-12-04,EX,N,4139.21,4139.21,CF10 1EP,VALID,VALID,OBrien & Patel Insurance Services Ltd
ALB-PET-0000300,P0000748,90,PET,DIRECT,2023-03-29,2024-03-28,IF,Y,999.65,999.65,YO1 6GA,VALID,VALID,Patel & Clarke Insurance Services Ltd
ALB-CLB-0003202,P0000750,,CLB,BROKER,2018-09-10,2019-09-10,EX,N,14542.25,14542.25,RG1 1LX,VALID,VALID,Brown & Jones Insurance Services Ltd
ALB-PET-0001806,P0000764,128,PET,BROKER,2024-07-05,2025-07-05,IF,Y,2376.43,2376.43,EC1A1BB,INVALID,VALID,Walker & OBrien Insurance Services Ltd
ALB-PET-0004455,P0000766,214,PET,BROKER,2026-01-05,2027-01-05,EX,N,2808.57,1404.29,EC1A 1BB,VALID,VALID,Smith & Walker Insurance Services Ltd
ALB-CLB-0004043,P0000768,188,CLB,BROKER,2018-05-07,2019-05-07,IF,Y,820.14,820.14,LS1 4AP,VALID,VALID,Davies & Brown Insurance Services Ltd
ALB-CPM-0000380,P0000769,409,CPM,AGGREGATOR,2025-04-01,2026-04-01,RN,Y,13627.79,13627.79,LS1 4AP,VALID,VALID,Jones & Robinson Insurance Services Ltd
ALB-PET-0002349,P0000770,408,PET,BROKER,2023-02-02,2024-02-02,EX,N,2331.46,2331.46,N/A,INVALID,VALID,Williams & Baker Insurance Services Ltd
ALB-CPM-0000365,P0000776,469,CPM,BROKER,2023-06-16,2024-06-15,EX,N,6028.10,6028.10,B1 1AA,VALID,VALID,Johnson & Murphy Insurance Services Ltd
ALB-TRV-0001837,P0000777,95,TRV,AGGREGATOR,2018-07-16,2019-07-16,IF,Y,449.79,449.79,NR1 3QQ,VALID,VALID,Hall & Wright Insurance Services Ltd
ALB-CPM-0003323,P0000779,454,CPM,BROKER,2026-11-14,2027-11-14,LP,N,5735.79,0.00,LS1 4AP,VALID,VALID,Hall & Murphy Insurance Services Ltd
ALB-CPM-0002415,P0000782,189,CPM,BROKER,2021-05-27,2022-05-27,IF,Y,7937.47,7937.47,BS1 4ST,VALID,VALID,Davies & Green Insurance Services Ltd
ALB-PET-0001568,P0000786,,PET,BROKER,2020-07-11,2021-07-11,IF,Y,944.40,944.40,G1 1XQ,VALID,VALID,Taylor & Walker Insurance Services Ltd
ALB-PET-0002361,P0000787,305,PET,BROKER,2024-03-28,2025-03-28,IF,Y,2472.52,2472.52,BS1 4ST,VALID,VALID,Green & Patel Insurance Services Ltd
ALB-MOT-0000895,P0000790,,MOT,BROKER,2023-07-01,2024-06-30,IF,Y,3177.87,3177.87,RG1 1LX,VALID,VALID,Baker & Brown Insurance Services Ltd
ALB-TRV-0000531,P0000795,499,TRV,DIRECT,2018-04-30,2019-04-30,IF,Y,1091.85,1091.85,B1 1AA,VALID,VALID,Patel & Taylor Insurance Services Ltd
ALB-PET-0002209,P0000797,38,PET,BROKER,2024-09-03,2025-09-03,IF,Y,745.64,745.64,M1 1AE,VALID,VALID,Khan & Davies Insurance Services Ltd
ALB-MOT-0001922,P0000798,371,MOT,DIRECT,2019-04-20,2020-04-19,LP,N,823.99,823.99,LS1 4AP,VALID,VALID,Wilson & Wright Insurance Services Ltd
ALB-TRV-0002771,P0000800,44,TRV,BROKER,2018-05-14,2019-05-14,EX,N,4034.49,4034.49,YO1 6GA,VALID,VALID,Taylor & Wilson Insurance Services Ltd
ALB-PET-0000350,P0000807,298,PET,BROKER,2022-11-01,2023-11-01,IF,Y,619.29,619.29,B1 1AA,VALID,VALID,Baker & Wright Insurance Services Ltd
ALB-TRV-0003330,P0000812,333,TRV,DIRECT,2025-06-03,2026-06-03,EX,N,4052.93,4052.93,CF10 1EP,VALID,VALID,Taylor & Murphy Insurance Services Ltd
ALB-CPM-0001777,P0000814,,CPM,DIRECT,2021-12-13,2022-12-13,IF,Y,9483.92,9483.92,YO1 6GA,VALID,VALID,Hall & Baker Insurance Services Ltd
ALB-CPM-0001108,P0000815,304,CPM,BROKER,2025-07-14,2026-07-14,EX,N,2750.55,2750.55,B1 1AA,VALID,VALID,Green & Murphy Insurance Services Ltd
ALB-MOT-0001534,P0000816,440,MOT,BROKER,2025-09-02,2026-09-02,RN,Y,1695.57,1412.98,BS1 4ST,VALID,VALID,Wilson & OBrien Insurance Services Ltd
ALB-HOM-0001662,P0000818,97,HOM,AGGREGATOR,2020-03-08,2021-03-08,CN,N,3976.29,3976.29,CF10 1EP,VALID,VALID,Jones & Robinson Insurance Services Ltd
ALB-CLB-0001829,P0000819,,CLB,DIRECT,2020-04-10,2021-04-10,RN,Y,3276.55,3276.55,NR1 3QQ,VALID,VALID,Patel & Taylor Insurance Services Ltd
ALB-CPM-0000173,P0000825,176,CPM,BROKER,2024-03-15,2025-03-15,IF,Y,14397.56,14397.56,RG1 1LX,VALID,VALID,Hall & Hall Insurance Services Ltd
ALB-MOT-0004256,P0000827,221,MOT,DIRECT,2024-10-23,2025-10-23,IF,Y,2554.59,2554.59,BS1 4ST,VALID,VALID,Baker & Brown Insurance Services Ltd
ALB-CLB-0003093,P0000829,,CLB,BROKER,2023-04-09,2024-04-08,IF,Y,11660.00,11660.00,NR1 3QQ,VALID,VALID,Patel & Wilson Insurance Services Ltd
ALB-MOT-0001821,P0000830,122,MOT,DIRECT,2025-09-18,2026-09-18,IF,Y,4084.36,3403.63,M1 1AE,VALID,VALID,Johnson & Murphy Insurance Services Ltd
ALB-MOT-0004067,P0000835,367,MOT,DIRECT,2022-05-08,2023-05-08,RN,Y,3856.16,3856.16,RG1 1LX,VALID,VALID,Smith & Walker Insurance Services Ltd
ALB-TRV-0001039,P0000837,,TRV,BROKER,2018-06-23,2019-06-23,LP,N,767.78,767.78,NR1 3QQ,VALID,VALID,Smith & Walker Insurance Services Ltd
ALB-CPM-0002668,P0000839,178,CPM,BROKER,2026-05-12,2027-05-12,LP,N,12427.48,2071.25,BS1 4ST,VALID,VALID,Walker & Wright Insurance Services Ltd
ALB-HOM-0001224,P0000845,152,HOM,AGGREGATOR,2018-05-23,2019-05-23,RN,Y,2282.14,2282.14,B1 1AA,VALID,VALID,Clarke & Wright Insurance Services Ltd
ALB-TRV-0000630,P0000846,228,TRV,AGGREGATOR,2021-09-06,2022-09-06,RN,Y,1961.38,1961.38,B1 1AA,VALID,VALID,Brown & Jones Insurance Services Ltd
ALB-MOT-0004280,P0000849,211,MOT,BROKER,2021-03-27,2022-03-27,EX,N,3320.44,3320.44,M1 1AE,VALID,VALID,Wilson & Wright Insurance Services Ltd
ALB-CPM-0003777,P0000853,97,CPM,DIRECT,2025-07-23,2026-07-23,EX,N,11406.14,11406.14,G1 1XQ,VALID,VALID,Hall & Patel Insurance Services Ltd
ALB-CPM-0003352,P0000861,130,CPM,BROKER,2026-10-07,2027-10-07,RN,Y,6993.27,0.00,YO1 6GA,VALID,VALID,Baker & Hughes Insurance Services Ltd
ALB-PET-0001603,P0000862,212,PET,DIRECT,2025-10-01,2026-10-01,RN,Y,1572.19,1179.14,RG1 1LX,VALID,VALID,Taylor & Wilson Insurance Services Ltd
ALB-MOT-0001052,P0000864,,MOT,DIRECT,2021-03-09,2022-03-09,EX,N,915.98,915.98,YO1 6GA,VALID,VALID,Green & Patel Insurance Services Ltd
ALB-CPM-0004100,P0000865,364,CPM,BROKER,2018-05-13,2019-05-13,IF,Y,5299.22,5299.22,LS1 4AP,VALID,VALID,Hall & Patel Insurance Services Ltd
ALB-TRV-0004554,P0000866,,TRV,AGGREGATOR,2019-09-23,2020-09-22,IF,Y,2923.82,2923.82,NR1 3QQ,VALID,VALID,Jones & Baker Insurance Services Ltd
ALB-MOT-0002145,P0000868,229,MOT,BROKER,2018-12-23,2019-12-23,IF,Y,714.51,714.51,G1 1XQ,VALID,VALID,Davies & Wright Insurance Services Ltd
ALB-MOT-0002342,P0000869,250,MOT,DIRECT,2025-09-15,2026-09-15,RN,Y,3271.02,2725.85,B1 1AA,VALID,VALID,Baker & Brown Insurance Services Ltd
ALB-PET-0001115,P0000874,390,PET,AGGREGATOR,2020-12-04,2021-12-04,EX,N,2729.48,2729.48,EC1A 1BB,VALID,VALID,Smith & Walker Insurance Services Ltd
ALB-TRV-0004340,P0000876,321,TRV,BROKER,2019-03-18,2020-03-17,IF,Y,1074.26,1074.26,LS1 4AP,VALID,VALID,Baker & Wright Insurance Services Ltd
ALB-MOT-0003894,P0000883,369,MOT,DIRECT,2023-10-27,2024-10-26,IF,Y,2686.43,2686.43,LS1 4AP,VALID,VALID,Baker & Clarke Insurance Services Ltd
ALB-MOT-0002335,P0000887,93,MOT,AGGREGATOR,2018-03-25,2019-03-25,RN,Y,3121.39,3121.39,B1 1AA,VALID,VALID,Wilson & Wright Insurance Services Ltd
ALB-HOM-0001855,P0000888,,HOM,DIRECT,2024-05-15,2025-05-15,IF,Y,2156.14,2156.14,G1 1XQ,VALID,VALID,Taylor & Murphy Insurance Services Ltd
ALB-TRV-0000908,P0000891,334,TRV,BROKER,2018-10-10,2019-10-10,IF,Y,2864.71,2864.71,ZZ99 9ZZ,VALID,VALID,Walker & OBrien Insurance Services Ltd
ALB-PET-0001671,P0000897,54,PET,DIRECT,2020-05-09,2021-05-09,CN,N,1237.84,1237.84,B1 1AA,VALID,VALID,Smith & Brown Insurance Services Ltd
ALB-HOM-0000335,P0000898,157,HOM,BROKER,2018-01-31,2019-01-31,RN,Y,4130.97,4130.97,B1 1AA,VALID,VALID,Walker & OBrien Insurance Services Ltd
ALB-MOT-0001700,P0000901,165,MOT,DIRECT,2025-01-16,2026-01-16,IF,Y,586.08,586.08,BS1 4ST,VALID,VALID,Clarke & Wright Insurance Services Ltd
ALB-TRV-0002455,P0000902,,TRV,BROKER,2025-11-23,2026-11-23,LP,N,244.74,163.16,LS1 4AP,VALID,VALID,Hall & Hall Insurance Services Ltd
ALB-PET-0000937,P0000906,,PET,BROKER,2024-04-09,2025-04-09,EX,N,1246.63,1246.63,YO1 6GA,VALID,VALID,Hall & Patel Insurance Services Ltd
ALB-CLB-0000137,P0000912,139,CLB,DIRECT,2019-10-13,2020-10-12,CN,N,6437.09,6437.09,CF10 1EP,VALID,VALID,Johnson & Hall Insurance Services Ltd
ALB-PET-0000708,P0000913,263,PET,BROKER,2024-12-31,2025-12-31,IF,Y,2694.57,2694.57,,INVALID,VALID,Green & Jones Insurance Services Ltd
ALB-CPM-0002448,P0000914,,CPM,BROKER,2018-03-12,2019-03-12,EX,N,6939.36,6939.36,NR1 3QQ,VALID,VALID,Williams & Hall Insurance Services Ltd
ALB-TRV-0002381,P0000916,,TRV,BROKER,2024-10-01,2025-10-01,IF,Y,4062.84,4062.84,B1 1AA,VALID,VALID,Green & Murphy Insurance Services Ltd
ALB-MOT-0002541,P0000920,,MOT,BROKER,2026-08-29,2027-08-29,RN,Y,396.93,0.00,RG1 1LX,VALID,VALID,Wilson & OBrien Insurance Services Ltd
ALB-MOT-0001554,P0000928,90,MOT,BROKER,2023-12-17,2024-12-16,RN,Y,1814.37,1814.37,BS1 4ST,VALID,VALID,Williams & Baker Insurance Services Ltd
ALB-HOM-0001272,P0000929,347,HOM,BROKER,2026-10-13,2027-10-13,RN,Y,4055.36,0.00,NR1 3QQ,VALID,VALID,Hall & Wright Insurance Services Ltd
ALB-MOT-0001265,P0000932,28,MOT,DIRECT,2023-01-28,2024-01-28,IF,Y,2355.71,2355.71,LS1 4AP,VALID,VALID,Davies & Brown Insurance Services Ltd
ALB-TRV-0003809,P0000934,468,TRV,AGGREGATOR,2019-06-08,2020-06-07,EX,N,1399.04,1399.04,LS1 4AP,VALID,VALID,Wilson & OBrien Insurance Services Ltd
ALB-PET-0001932,P0000935,,PET,DIRECT,2023-02-22,2024-02-22,IF,Y,2667.51,2667.51,EC1A 1BB,VALID,VALID,Green & Jones Insurance Services Ltd
ALB-CPM-0001406,P0000939,249,CPM,BROKER,2021-12-24,2022-12-24,IF,Y,5754.28,5754.28,G1 1XQ,VALID,VALID,Taylor & Wilson Insurance Services Ltd
ALB-CPM-0000862,P0000942,301,CPM,AGGREGATOR,2018-02-10,2019-02-10,IF,Y,5824.32,5824.32,G1 1XQ,VALID,VALID,Baker & Clarke Insurance Services Ltd
ALB-MOT-0002874,P0000950,106,MOT,BROKER,2018-02-21,2019-02-21,EX,N,2293.48,2293.48,M1 1AE,VALID,VALID,Khan & Davies Insurance Services Ltd
ALB-HOM-0003439,P0000951,,HOM,BROKER,2022-09-26,2023-09-26,RN,Y,2074.22,2074.22,BS1 4ST,VALID,VALID,Davies & Green Insurance Services Ltd
ALB-PET-0001812,P0000954,,PET,BROKER,2023-05-23,2024-05-22,RN,Y,1864.73,1864.73,LS1 4AP,VALID,VALID,Robinson & Brown Insurance Services Ltd
ALB-CPM-0000347,P0000955,,CPM,DIRECT,2019-02-23,2020-02-23,CN,N,3176.75,3176.75,YO1 6GA,VALID,VALID,Brown & Davies Insurance Services Ltd
ALB-HOM-0002326,P0000961,146,HOM,DIRECT,2020-03-16,2021-03-16,IF,Y,2911.70,2911.70,CF10 1EP,VALID,VALID,Davies & Wright Insurance Services Ltd
ALB-HOM-0003137,P0000962,,HOM,BROKER,2018-12-27,2019-12-27,IF,Y,2674.67,2674.67,YO1 6GA,VALID,VALID,Clarke & Davies Insurance Services Ltd
ALB-CPM-0002802,P0000965,,CPM,BROKER,2020-05-28,2021-05-28,EX,N,9848.08,9848.08,BS1 4ST,VALID,VALID,Davies & Green Insurance Services Ltd
ALB-PET-0003551,P0000967,,PET,AGGREGATOR,2019-05-23,2020-05-22,LP,N,1920.89,1920.89,M1 1AE,VALID,VALID,Clarke & Davies Insurance Services Ltd
ALB-MOT-0002617,P0000968,179,MOT,BROKER,2018-05-24,2019-05-24,LP,N,4153.02,4153.02,RG1 1LX,VALID,VALID,Hall & Baker Insurance Services Ltd
ALB-PET-0004884,P0000969,125,PET,BROKER,2023-06-08,2024-06-07,RN,Y,1722.47,1722.47,LS1 4AP,VALID,VALID,Hall & Wright Insurance Services Ltd
ALB-MOT-0002353,P0000970,281,MOT,DIRECT,2020-01-06,2021-01-05,LP,N,3662.85,3662.85,EC1A1BB,INVALID,VALID,Hall & Murphy Insurance Services Ltd
ALB-MOT-0001848,P0000971,458,MOT,AGGREGATOR,2026-02-12,2027-02-12,EX,N,1285.75,535.73,EC1A 1BB,VALID,VALID,Taylor & Johnson Insurance Services Ltd
ALB-HOM-0004001,P0000973,,HOM,DIRECT,2021-07-20,2022-07-20,LP,N,1224.77,1224.77,EC1A 1BB,VALID,VALID,Patel & Clarke Insurance Services Ltd
ALB-MOT-0000529,P0000976,179,MOT,BROKER,2022-03-14,2023-03-14,LP,N,3781.83,3781.83,RG1 1LX,VALID,VALID,OBrien & Green Insurance Services Ltd
ALB-HOM-0002994,P0000983,,HOM,BROKER,2019-01-07,2020-01-07,IF,Y,3734.60,3734.60,EC1A1BB,INVALID,VALID,Walker & Wright Insurance Services Ltd
ALB-HOM-0002557,P0000989,,HOM,BROKER,2022-11-26,2023-11-26,IF,Y,3622.65,3622.65,RG1 1LX,VALID,VALID,Hall & Hall Insurance Services Ltd
ALB-CPM-0000324,P0000991,171,CPM,BROKER,2022-10-19,2023-10-19,IF,Y,4961.47,4961.47,LS1 4AP,VALID,VALID,OBrien & Patel Insurance Services Ltd
ALB-HOM-0000308,P0000992,,HOM,BROKER,2018-05-20,2019-05-20,IF,Y,2177.05,2177.05,YO1 6GA,VALID,VALID,OBrien & Patel Insurance Services Ltd
ALB-PET-0001678,P0000998,167,PET,BROKER,2024-04-27,2025-04-27,LP,N,3880.34,3880.34,YO1 6GA,VALID,VALID,Hall & Hall Insurance Services Ltd
ALB-TRV-0002387,P0000999,,TRV,BROKER,2025-12-26,2026-12-26,IF,Y,483.04,281.77,YO1 6GA,VALID,VALID,Johnson & Murphy Insurance Services Ltd
ALB-CPM-0004343,P0001008,,CPM,DIRECT,2019-12-15,2020-12-14,LP,N,3131.33,3131.33,LS1 4AP,VALID,VALID,Hall & Brown Insurance Services Ltd
ALB-PET-0001137,P0001013,287,PET,BROKER,2018-07-09,2019-07-09,IF,Y,3529.14,3529.14,G1 1XQ,VALID,VALID,Patel & Wilson Insurance Services Ltd
ALB-TRV-0003876,P0001018,6,TRV,DIRECT,2020-10-14,2021-10-14,IF,Y,1218.39,1218.39,B1 1AA,VALID,VALID,Hall & Murphy Insurance Services Ltd
ALB-HOM-0003975,P0001022,203,HOM,DIRECT,2023-10-27,2024-10-26,RN,Y,2360.61,2360.61,NR1 3QQ,VALID,VALID,Hughes & Wright Insurance Services Ltd
ALB-CPM-0003965,P0001025,474,CPM,BROKER,2026-05-12,2027-05-12,IF,Y,8160.10,1360.02,M1 1AE,VALID,VALID,Baker & Hughes Insurance Services Ltd
ALB-CPM-0003970,P0001029,351,CPM,AGGREGATOR,2019-07-23,2020-07-22,RN,Y,4590.95,4590.95,,INVALID,VALID,Johnson & Hughes Insurance Services Ltd
ALB-MOT-0000681,P0001030,,MOT,AGGREGATOR,2021-04-17,2022-04-17,IF,Y,728.21,728.21,G1 1XQ,VALID,VALID,Green & Patel Insurance Services Ltd
ALB-TRV-0003434,P0001032,,TRV,DIRECT,2019-10-19,2020-10-18,RN,Y,2399.26,2399.26,BS1 4ST,VALID,VALID,Clarke & Davies Insurance Services Ltd
ALB-MOT-0001877,P0001033,,MOT,DIRECT,2024-03-11,2025-03-11,RN,Y,2396.79,2396.79,M1 1AE,VALID,VALID,Johnson & Hughes Insurance Services Ltd
ALB-CPM-0004728,P0001042,370,CPM,BROKER,2025-10-06,2026-10-06,IF,Y,13399.63,10049.72,CF10 1EP,VALID,VALID,Davies & Green Insurance Services Ltd
ALB-CLB-0001631,P0001043,,CLB,BROKER,2021-08-01,2022-08-01,IF,Y,10677.32,10677.32,EC1A 1BB,VALID,VALID,Khan & Smith Insurance Services Ltd
ALB-CLB-0003317,P0001046,,CLB,DIRECT,2022-04-21,2023-04-21,RN,Y,12803.60,12803.60,BS1 4ST,VALID,VALID,Baker & Hughes Insurance Services Ltd
ALB-CLB-0004071,P0001048,348,CLB,AGGREGATOR,2024-08-12,2025-08-12,IF,Y,10553.49,10553.49,NR1 3QQ,VALID,VALID,Davies & Hughes Insurance Services Ltd
ALB-CPM-0000087,P0001054,,CPM,BROKER,2018-01-08,2019-01-08,EX,N,12073.26,12073.26,CF10 1EP,VALID,VALID,Johnson & Murphy Insurance Services Ltd
ALB-CPM-0003108,P0001057,22,CPM,BROKER,2024-12-10,2025-12-10,RN,Y,801.29,801.29,EC1A 1BB,VALID,VALID,Clarke & Wright Insurance Services Ltd
ALB-CPM-0001923,P0001059,240,CPM,BROKER,2022-03-07,2023-03-07,LP,N,5097.29,5097.29,CF10 1EP,VALID,VALID,Taylor & Johnson Insurance Services Ltd
ALB-CPM-0001410,P0001060,11,CPM,BROKER,2024-08-24,2025-08-24,IF,Y,6322.52,6322.52,N/A,INVALID,VALID,Wilson & OBrien Insurance Services Ltd
ALB-PET-0002389,P0001063,,PET,BROKER,2023-10-15,2024-10-14,RN,Y,271.84,271.84,RG1 1LX,VALID,VALID,Johnson & Hughes Insurance Services Ltd
ALB-CPM-0004054,P0001064,,CPM,BROKER,2022-11-22,2023-11-22,EX,N,10558.93,10558.93,M1 1AE,VALID,VALID,Hall & Khan Insurance Services Ltd
ALB-PET-0001017,P0001068,185,PET,DIRECT,2022-08-20,2023-08-20,IF,Y,2452.38,2452.38,RG1 1LX,VALID,VALID,Davies & Wright Insurance Services Ltd
ALB-CPM-0003003,P0001069,,CPM,DIRECT,2025-01-22,2026-01-22,RN,Y,8810.33,8810.33,RG1 1LX,VALID,VALID,Wilson & OBrien Insurance Services Ltd
ALB-PET-0002769,P0001075,,PET,BROKER,2022-11-04,2023-11-04,IF,Y,1304.88,1304.88,M1 1AE,VALID,VALID,Davies & Hughes Insurance Services Ltd
ALB-CPM-0000927,P0001079,426,CPM,AGGREGATOR,2020-10-16,2021-10-16,LP,N,5662.21,5662.21,NR1 3QQ,VALID,VALID,Clarke & Wright Insurance Services Ltd
ALB-CPM-0000046,P0001080,,CPM,DIRECT,2023-04-15,2024-04-14,RN,Y,5063.66,5063.66,CF10 1EP,VALID,VALID,Hughes & Wright Insurance Services Ltd
ALB-CLB-0001136,P0001083,226,CLB,AGGREGATOR,2021-04-07,2022-04-07,RN,Y,6199.04,6199.04,,INVALID,VALID,Clarke & Wright Insurance Services Ltd
ALB-CLB-0000167,P0001085,,CLB,BROKER,2021-06-01,2022-06-01,EX,N,5472.51,5472.51,EC1A 1BB,VALID,VALID,Clarke & Davies Insurance Services Ltd
ALB-CPM-0003040,P0001092,75,CPM,AGGREGATOR,2020-08-23,2021-08-23,IF,Y,9493.52,9493.52,NR1 3QQ,VALID,VALID,Clarke & Wright Insurance Services Ltd
ALB-CPM-0002777,P0001093,,CPM,DIRECT,2026-03-09,2027-03-09,IF,Y,7166.89,2388.96,YO1 6GA,VALID,VALID,Baker & Hughes Insurance Services Ltd
ALB-PET-0002728,P0001101,,PET,BROKER,2018-10-16,2019-10-16,IF,Y,3968.63,3968.63,LS1 4AP,VALID,VALID,Green & Patel Insurance Services Ltd
ALB-TRV-0003884,P0001104,,TRV,BROKER,2020-06-30,2021-06-30,IF,Y,2314.07,2314.07,M1 1AE,VALID,VALID,Walker & Wright Insurance Services Ltd
ALB-CPM-0001732,P0001108,138,CPM,AGGREGATOR,2018-12-22,2019-12-22,IF,Y,8035.08,8035.08,B1 1AA,VALID,VALID,Davies & Taylor Insurance Services Ltd
ALB-HOM-0004415,P0001111,319,HOM,DIRECT,2023-03-23,2024-03-22,IF,Y,684.27,684.27,NR1 3QQ,VALID,VALID,OBrien & Patel Insurance Services Ltd
ALB-CLB-0002115,P0001118,,CLB,BROKER,2022-05-14,2023-05-14,IF,Y,3570.27,3570.27,N/A,INVALID,VALID,Hall & Wright Insurance Services Ltd
ALB-MOT-0000355,P0001122,,MOT,BROKER,2023-01-24,2024-01-24,IF,Y,2096.23,2096.23,M1 1AE,VALID,VALID,Hall & Brown Insurance Services Ltd
ALB-CPM-0000968,P0001125,385,CPM,DIRECT,2024-02-21,2025-02-20,RN,Y,10324.92,10324.92,,INVALID,VALID,Smith & Davies Insurance Services Ltd
ALB-MOT-0002820,P0001126,383,MOT,BROKER,2021-04-23,2022-04-23,CN,N,1847.25,1847.25,CF10 1EP,VALID,VALID,Davies & Wright Insurance Services Ltd
ALB-HOM-0001234,P0001133,,HOM,BROKER,2025-01-18,2026-01-18,LP,N,2894.35,2894.35,N/A,INVALID,VALID,Hall & Baker Insurance Services Ltd
ALB-CLB-0002358,P0001134,499,CLB,DIRECT,2022-03-17,2023-03-17,IF,Y,2023.20,2023.20,G1 1XQ,VALID,VALID,Clarke & Davies Insurance Services Ltd
ALB-TRV-0003153,P0001138,35,TRV,AGGREGATOR,2018-02-27,2019-02-27,IF,Y,3212.91,3212.91,EC1A 1BB,VALID,VALID,OBrien & Green Insurance Services Ltd
ALB-CLB-0000517,P0001141,284,CLB,AGGREGATOR,2018-11-27,2019-11-27,IF,Y,2997.13,2997.13,NR1 3QQ,VALID,VALID,Brown & Davies Insurance Services Ltd
ALB-CLB-0004912,P0001144,,CLB,AGGREGATOR,2022-11-05,2023-11-05,IF,Y,8628.35,8628.35,N/A,INVALID,VALID,Baker & Williams Insurance Services Ltd
ALB-HOM-0004759,P0001147,,HOM,DIRECT,2018-08-26,2019-08-26,IF,Y,1727.66,1727.66,YO1 6GA,VALID,VALID,Taylor & Wilson Insurance Services Ltd
ALB-HOM-0001228,P0001148,,HOM,BROKER,2021-09-29,2022-09-29,CN,N,2222.84,2222.84,M1 1AE,VALID,VALID,Williams & Baker Insurance Services Ltd
ALB-PET-0002616,P0001153,156,PET,DIRECT,2020-08-04,2021-08-04,RN,Y,1167.27,1167.27,CF10 1EP,VALID,VALID,Taylor & Wilson Insurance Services Ltd
ALB-CLB-0000777,P0001154,,CLB,BROKER,2022-06-13,2023-06-13,IF,Y,11409.16,11409.16,M1 1AE,VALID,VALID,Johnson & Murphy Insurance Services Ltd
ALB-CLB-0001825,P0001156,280,CLB,AGGREGATOR,2025-03-06,2026-03-06,IF,Y,9713.13,9713.13,B1 1AA,VALID,VALID,Hall & Khan Insurance Services Ltd
ALB-MOT-0002451,P0001171,,MOT,BROKER,2023-02-21,2024-02-21,LP,N,2955.27,2955.27,YO1 6GA,VALID,VALID,Clarke & Davies Insurance Services Ltd
ALB-PET-0001428,P0001173,29,PET,BROKER,2023-01-16,2024-01-16,IF,Y,501.47,501.47,NR1 3QQ,VALID,VALID,Davies & Wright Insurance Services Ltd
ALB-PET-0000578,P0001175,,PET,BROKER,2023-10-05,2024-10-04,IF,Y,580.17,580.17,B1 1AA,VALID,VALID,Wilson & Johnson Insurance Services Ltd
ALB-CLB-0004342,P0001179,,CLB,AGGREGATOR,2022-08-04,2023-08-04,EX,N,5578.38,5578.38,BS1 4ST,VALID,VALID,OBrien & Green Insurance Services Ltd
ALB-CLB-0001481,P0001180,,CLB,DIRECT,2021-12-20,2022-12-20,RN,Y,8745.08,8745.08,M1  1AE,INVALID,VALID,OBrien & Green Insurance Services Ltd
ALB-CLB-0000852,P0001193,,CLB,BROKER,2018-08-18,2019-08-18,IF,Y,8989.59,8989.59,M1 1AE,VALID,VALID,Green & Murphy Insurance Services Ltd
ALB-TRV-0003249,P0001194,320,TRV,BROKER,2022-07-17,2023-07-17,IF,Y,2131.08,2131.08,RG1 1LX,VALID,VALID,Clarke & Wright Insurance Services Ltd
ALB-TRV-0001160,P0001205,,TRV,DIRECT,2022-11-10,2023-11-10,IF,Y,2980.13,2980.13,LS1 4AP,VALID,VALID,Patel & Clarke Insurance Services Ltd
ALB-HOM-0000159,P0001206,,HOM,BROKER,2020-10-28,2021-10-28,LP,N,736.04,736.04,M1  1AE,INVALID,VALID,Khan & Smith Insurance Services Ltd
ALB-CLB-0000609,P0001207,46,CLB,DIRECT,2024-05-03,2025-05-03,RN,Y,3216.67,3216.67,EC1A 1BB,VALID,VALID,Taylor & Johnson Insurance Services Ltd
ALB-CPM-0000119,P0001208,356,CPM,DIRECT,2026-02-08,2027-02-08,EX,N,10148.20,4228.42,G1 1XQ,VALID,VALID,Wilson & OBrien Insurance Services Ltd
ALB-CLB-0004329,P0001209,340,CLB,DIRECT,2021-12-20,2022-12-20,IF,Y,11344.37,11344.37,G1 1XQ,VALID,VALID,Clarke & Wright Insurance Services Ltd
ALB-PET-0000483,P0001211,95,PET,DIRECT,2022-04-13,2023-04-13,RN,Y,2320.75,2320.75,EC1A1BB,INVALID,VALID,Wilson & OBrien Insurance Services Ltd
ALB-HOM-0000375,P0001213,,HOM,DIRECT,2022-09-20,2023-09-20,IF,Y,1706.98,1706.98,G1 1XQ,VALID,VALID,Smith & Davies Insurance Services Ltd
ALB-PET-0002524,P0001214,147,PET,BROKER,2022-03-21,2023-03-21,CN,N,2236.31,2236.31,LS1 4AP,VALID,VALID,Wilson & OBrien Insurance Services Ltd
ALB-CPM-0000446,P0001215,111,CPM,DIRECT,2021-03-05,2022-03-05,RN,Y,12689.50,12689.50,CF10 1EP,VALID,VALID,Davies & Davies Insurance Services Ltd
ALB-CPM-0001908,P0001219,,CPM,BROKER,2019-02-12,2020-02-12,IF,Y,13665.10,13665.10,M1 1AE,VALID,VALID,Walker & Wright Insurance Services Ltd
ALB-HOM-0002287,P0001222,,HOM,AGGREGATOR,2021-12-21,2022-12-21,LP,N,446.75,446.75,B1 1AA,VALID,VALID,Green & Jones Insurance Services Ltd
ALB-HOM-0001196,P0001224,154,HOM,BROKER,2018-05-23,2019-05-23,IF,Y,2205.47,2205.47,M1  1AE,INVALID,VALID,Brown & Davies Insurance Services Ltd
ALB-CLB-0001463,P0001230,381,CLB,AGGREGATOR,2019-12-10,2020-12-09,EX,N,4620.87,4620.87,G1 1XQ,VALID,VALID,Hall & Khan Insurance Services Ltd
ALB-PET-0002210,P0001236,,PET,BROKER,2020-10-17,2021-10-17,RN,Y,3081.20,3081.20,M1 1AE,VALID,VALID,Patel & Taylor Insurance Services Ltd
ALB-HOM-0003896,P0001237,,HOM,BROKER,2025-10-08,2026-10-08,EX,N,3896.79,2922.59,G1 1XQ,VALID,VALID,Baker & Wright Insurance Services Ltd
ALB-CLB-0002693,P0001239,,CLB,BROKER,2024-01-29,2025-01-28,IF,Y,13178.80,13178.80,M1 1AE,VALID,VALID,Williams & Baker Insurance Services Ltd
ALB-PET-0003642,P0001240,321,PET,DIRECT,2024-01-15,2025-01-14,LP,N,1327.06,1327.06,B1 1AA,VALID,VALID,Davies & Wright Insurance Services Ltd
ALB-CPM-0002294,P0001245,42,CPM,BROKER,2020-08-22,2021-08-22,IF,Y,6844.67,6844.67,EC1A 1BB,VALID,VALID,Hall & Murphy Insurance Services Ltd
ALB-PET-0004747,P0001247,,PET,BROKER,2021-07-19,2022-07-19,IF,Y,1327.09,1327.09,EC1A1BB,INVALID,VALID,Patel & Clarke Insurance Services Ltd
ALB-MOT-0000595,P0001250,,MOT,BROKER,2018-03-13,2019-03-13,IF,Y,3814.07,3814.07,BS1 4ST,VALID,VALID,Murphy & Johnson Insurance Services Ltd
ALB-TRV-0001423,P0001253,,TRV,DIRECT,2020-05-08,2021-05-08,CN,N,1364.08,1364.08,M1 1AE,VALID,VALID,Walker & OBrien Insurance Services Ltd
ALB-MOT-0001348,P0001255,,MOT,BROKER,2022-09-08,2023-09-08,IF,Y,4020.40,4020.40,EC1A 1BB,VALID,VALID,Davies & Davies Insurance Services Ltd
ALB-CPM-0003265,P0001257,204,CPM,BROKER,2025-05-10,2026-05-10,IF,Y,2904.34,2904.34,G1 1XQ,VALID,VALID,Baker & Hughes Insurance Services Ltd
ALB-HOM-0004116,P0001258,206,HOM,BROKER,2022-04-07,2023-04-07,IF,Y,2035.49,2035.49,YO1 6GA,VALID,VALID,Khan & Davies Insurance Services Ltd
ALB-PET-0002700,P0001260,,PET,BROKER,2023-07-26,2024-07-25,LP,N,3503.71,3503.71,M1 1AE,VALID,VALID,Williams & Baker Insurance Services Ltd
ALB-CPM-0004396,P0001263,,CPM,BROKER,2021-03-13,2022-03-13,IF,Y,11209.62,11209.62,CF10 1EP,VALID,VALID,Walker & OBrien Insurance Services Ltd
ALB-MOT-0001420,P0001264,,MOT,BROKER,2021-06-09,2022-06-09,IF,Y,3859.57,3859.57,YO1 6GA,VALID,VALID,Walker & Wright Insurance Services Ltd
ALB-MOT-0003628,P0001269,220,MOT,BROKER,2018-08-23,2019-08-23,EX,N,2322.87,2322.87,M1 1AE,VALID,VALID,Baker & Hughes Insurance Services Ltd
ALB-HOM-0004411,P0001272,,HOM,BROKER,2021-11-08,2022-11-08,RN,Y,915.07,915.07,RG1 1LX,VALID,VALID,Smith & Brown Insurance Services Ltd
ALB-PET-0001717,P0001273,83,PET,BROKER,2025-11-28,2026-11-28,IF,Y,1097.69,640.32,G1 1XQ,VALID,VALID,Wilson & Johnson Insurance Services Ltd
ALB-PET-0000675,P0001275,441,PET,AGGREGATOR,2025-10-30,2026-10-30,CN,N,268.35,178.90,CF10 1EP,VALID,VALID,Hall & Khan Insurance Services Ltd
ALB-MOT-0001389,P0001282,283,MOT,BROKER,2021-12-26,2022-12-26,IF,Y,2293.90,2293.90,LS1 4AP,VALID,VALID,Smith & Davies Insurance Services Ltd
ALB-CLB-0003435,P0001284,,CLB,BROKER,2026-11-28,2027-11-28,LP,N,3896.63,0.00,BS1 4ST,VALID,VALID,Taylor & Johnson Insurance Services Ltd
ALB-CLB-0003730,P0001285,,CLB,BROKER,2022-09-12,2023-09-12,IF,Y,12207.30,12207.30,LS1 4AP,VALID,VALID,Green & Murphy Insurance Services Ltd
ALB-TRV-0001938,P0001286,,TRV,AGGREGATOR,2022-03-28,2023-03-28,LP,N,1172.94,1172.94,YO1 6GA,VALID,VALID,Baker & Wright Insurance Services Ltd
ALB-MOT-0001864,P0001289,98,MOT,BROKER,2021-04-03,2022-04-03,RN,Y,2741.28,2741.28,RG1 1LX,VALID,VALID,Johnson & Murphy Insurance Services Ltd
ALB-CPM-0001011,P0001292,,CPM,DIRECT,2021-06-30,2022-06-30,EX,N,2827.24,2827.24,B1 1AA,VALID,VALID,Clarke & Wright Insurance Services Ltd
ALB-MOT-0004527,P0001295,,MOT,DIRECT,2019-09-16,2020-09-15,IF,Y,3068.55,3068.55,CF10 1EP,VALID,VALID,Davies & Green Insurance Services Ltd
ALB-HOM-0002732,P0001296,16,HOM,AGGREGATOR,2026-04-09,2027-04-09,LP,N,2645.75,661.44,RG1 1LX,VALID,VALID,Davies & Hughes Insurance Services Ltd
ALB-HOM-0002746,P0001299,,HOM,AGGREGATOR,2019-04-17,2020-04-16,EX,N,1831.77,1831.77,LS1 4AP,VALID,VALID,Patel & Wilson Insurance Services Ltd
ALB-TRV-0002709,P0001305,,TRV,BROKER,2024-10-02,2025-10-02,CN,N,2048.96,2048.96,G1 1XQ,VALID,VALID,Baker & Wright Insurance Services Ltd
ALB-HOM-0001927,P0001306,,HOM,DIRECT,2022-07-15,2023-07-15,EX,N,877.60,877.60,M1 1AE,VALID,VALID,Hall & Khan Insurance Services Ltd
ALB-MOT-0000310,P0001308,,MOT,DIRECT,2020-10-29,2021-10-29,IF,Y,3680.77,3680.77,YO1 6GA,VALID,VALID,Johnson & Murphy Insurance Services Ltd
ALB-PET-0001546,P0001310,,PET,AGGREGATOR,2021-03-12,2022-03-12,IF,Y,3562.87,3562.87,EC1A 1BB,VALID,VALID,Baker & Hughes Insurance Services Ltd
ALB-HOM-0001960,P0001311,370,HOM,BROKER,2019-06-05,2020-06-04,EX,N,2462.83,2462.83,M1  1AE,INVALID,VALID,Wilson & Johnson Insurance Services Ltd
ALB-HOM-0001614,P0001312,,HOM,DIRECT,2022-07-21,2023-07-21,IF,Y,672.81,672.81,YO1 6GA,VALID,VALID,Davies & Green Insurance Services Ltd
ALB-TRV-0003110,P0001314,,TRV,DIRECT,2021-06-04,2022-06-04,EX,N,4150.83,4150.83,RG1 1LX,VALID,VALID,Green & Patel Insurance Services Ltd
ALB-MOT-0000902,P0001315,,MOT,AGGREGATOR,2019-06-12,2020-06-11,EX,N,1532.03,1532.03,EC1A 1BB,VALID,VALID,Johnson & Hall Insurance Services Ltd
ALB-CLB-0003103,P0001328,473,CLB,DIRECT,2025-05-25,2026-05-25,IF,Y,4496.33,4496.33,CF10 1EP,VALID,VALID,Baker & Wright Insurance Services Ltd
ALB-TRV-0002706,P0001335,13,TRV,DIRECT,2020-05-05,2021-05-05,RN,Y,1064.92,1064.92,LS1 4AP,VALID,VALID,Baker & Williams Insurance Services Ltd
ALB-MOT-0002602,P0001337,39,MOT,AGGREGATOR,2022-09-23,2023-09-23,IF,Y,421.83,421.83,EC1A 1BB,VALID,VALID,Baker & Hughes Insurance Services Ltd
ALB-CPM-0003889,P0001340,,CPM,DIRECT,2019-09-22,2020-09-21,IF,Y,9807.03,9807.03,CF10 1EP,VALID,VALID,Hall & Wright Insurance Services Ltd
ALB-PET-0004667,P0001342,,PET,AGGREGATOR,2021-12-15,2022-12-15,IF,Y,1655.05,1655.05,M1 1AE,VALID,VALID,Khan & Davies Insurance Services Ltd
ALB-TRV-0002156,P0001345,351,TRV,BROKER,2021-06-06,2022-06-06,IF,Y,270.01,270.01,NR1 3QQ,VALID,VALID,Davies & Davies Insurance Services Ltd
ALB-MOT-0000459,P0001348,,MOT,BROKER,2021-06-01,2022-06-01,IF,Y,1226.08,1226.08,NR1 3QQ,VALID,VALID,Smith & Walker Insurance Services Ltd
ALB-TRV-0003877,P0001352,,TRV,DIRECT,2018-12-21,2019-12-21,IF,Y,1886.41,1886.41,EC1A 1BB,VALID,VALID,Wilson & Johnson Insurance Services Ltd
ALB-CLB-0002538,P0001357,74,CLB,BROKER,2023-08-27,2024-08-26,IF,Y,3121.40,3121.40,YO1 6GA,VALID,VALID,Robinson & Brown Insurance Services Ltd
ALB-CPM-0003452,P0001360,,CPM,BROKER,2024-02-22,2025-02-21,CN,N,6003.39,6003.39,YO1 6GA,VALID,VALID,Patel & Wilson Insurance Services Ltd
ALB-PET-0004854,P0001362,,PET,BROKER,2019-05-27,2020-05-26,IF,Y,3774.64,3774.64,ZZ99 9ZZ,VALID,VALID,Khan & Davies Insurance Services Ltd
ALB-TRV-0000497,P0001373,55,TRV,BROKER,2026-09-02,2027-09-02,CN,N,630.75,0.00,M1 1AE,VALID,VALID,Clarke & Davies Insurance Services Ltd
ALB-TRV-0003966,P0001374,,TRV,DIRECT,2026-09-16,2027-09-16,EX,N,2402.33,0.00,LS1 4AP,VALID,VALID,Hall & Hall Insurance Services Ltd
ALB-PET-0003346,P0001375,497,PET,BROKER,2024-09-30,2025-09-30,RN,Y,407.72,407.72,B1 1AA,VALID,VALID,Taylor & Murphy Insurance Services Ltd
ALB-CPM-0003767,P0001379,123,CPM,DIRECT,2022-07-15,2023-07-15,RN,Y,8238.76,8238.76,EC1A 1BB,VALID,VALID,Baker & Hughes Insurance Services Ltd
ALB-CLB-0002646,P0001380,,CLB,BROKER,2026-03-18,2027-03-18,RN,Y,6243.06,2081.02,B1 1AA,VALID,VALID,Murphy & Johnson Insurance Services Ltd
ALB-TRV-0003888,P0001386,,TRV,BROKER,2023-04-15,2024-04-14,RN,Y,1799.30,1799.30,NR1 3QQ,VALID,VALID,OBrien & Patel Insurance Services Ltd
ALB-CPM-0002348,P0001390,,CPM,BROKER,2019-03-01,2020-02-29,CN,N,7762.10,7762.10,M1 1AE,VALID,VALID,Taylor & Wilson Insurance Services Ltd
ALB-TRV-0004575,P0001391,226,TRV,BROKER,2020-08-26,2021-08-26,IF,Y,1031.66,1031.66,RG1 1LX,VALID,VALID,Davies & Wright Insurance Services Ltd
ALB-HOM-0000768,P0001395,236,HOM,BROKER,2020-01-13,2021-01-12,IF,Y,2305.79,2305.79,B1 1AA,VALID,VALID,Hall & Khan Insurance Services Ltd
ALB-CLB-0001839,P0001404,,CLB,BROKER,2023-01-30,2024-01-30,RN,Y,10307.03,10307.03,M1 1AE,VALID,VALID,Davies & Taylor Insurance Services Ltd
ALB-CPM-0003387,P0001406,,CPM,DIRECT,2024-01-06,2025-01-05,RN,Y,2936.94,2936.94,M1 1AE,VALID,VALID,Smith & Davies Insurance Services Ltd
ALB-CPM-0002549,P0001411,,CPM,AGGREGATOR,2022-03-20,2023-03-20,IF,Y,14147.86,14147.86,G1 1XQ,VALID,VALID,Hall & Wright Insurance Services Ltd
ALB-MOT-0004008,P0001415,,MOT,DIRECT,2021-02-17,2022-02-17,LP,N,2015.47,2015.47,B1 1AA,VALID,VALID,Davies & Green Insurance Services Ltd
ALB-TRV-0002181,P0001420,,TRV,BROKER,2018-06-05,2019-06-05,CN,N,1572.33,1572.33,B1 1AA,VALID,VALID,Murphy & Johnson Insurance Services Ltd
ALB-CLB-0001551,P0001426,498,CLB,DIRECT,2022-09-30,2023-09-30,RN,Y,12417.77,12417.77,B1 1AA,VALID,VALID,Johnson & Hughes Insurance Services Ltd
ALB-CPM-0001143,P0001429,,CPM,BROKER,2021-02-08,2022-02-08,CN,N,4829.54,4829.54,BS1 4ST,VALID,VALID,Hall & Patel Insurance Services Ltd
ALB-TRV-0002841,P0001432,458,TRV,BROKER,2020-02-02,2021-02-01,IF,Y,1682.04,1682.04,BS1 4ST,VALID,VALID,Wilson & Johnson Insurance Services Ltd
ALB-MOT-0002909,P0001434,,MOT,BROKER,2021-12-17,2022-12-17,RN,Y,3160.55,3160.55,G1 1XQ,VALID,VALID,Johnson & Murphy Insurance Services Ltd
ALB-HOM-0001341,P0001445,97,HOM,BROKER,2021-10-25,2022-10-25,RN,Y,2447.67,2447.67,BS1 4ST,VALID,VALID,Baker & Hughes Insurance Services Ltd
ALB-PET-0001433,P0001447,278,PET,DIRECT,2025-02-18,2026-02-18,LP,N,553.70,553.70,BS1 4ST,VALID,VALID,Khan & Davies Insurance Services Ltd
ALB-HOM-0001212,P0001448,,HOM,DIRECT,2024-01-24,2025-01-23,IF,Y,3015.23,3015.23,BS1 4ST,VALID,VALID,Green & Murphy Insurance Services Ltd
ALB-TRV-0002741,P0001462,,TRV,DIRECT,2021-12-26,2022-12-26,CN,N,3336.70,3336.70,RG1 1LX,VALID,VALID,Davies & Wright Insurance Services Ltd
ALB-HOM-0001454,P0001463,121,HOM,DIRECT,2022-12-17,2023-12-17,IF,Y,657.49,657.49,EC1A 1BB,VALID,VALID,Wilson & Johnson Insurance Services Ltd
ALB-TRV-0001232,P0001465,203,TRV,BROKER,2024-08-07,2025-08-07,CN,N,781.09,781.09,G1 1XQ,VALID,VALID,Hall & Khan Insurance Services Ltd
ALB-CPM-0003373,P0001467,218,CPM,BROKER,2025-05-15,2026-05-15,IF,Y,3371.13,3371.13,EC1A 1BB,VALID,VALID,Wilson & OBrien Insurance Services Ltd
ALB-CPM-0000556,P0001468,,CPM,AGGREGATOR,2023-10-03,2024-10-02,RN,Y,8007.92,8007.92,EC1A 1BB,VALID,VALID,Jones & Baker Insurance Services Ltd
ALB-PET-0000943,P0001474,,PET,DIRECT,2021-12-28,2022-12-28,LP,N,4132.91,4132.91,EC1A 1BB,VALID,VALID,Wilson & Wright Insurance Services Ltd
ALB-CLB-0002164,P0001477,,CLB,BROKER,2025-04-15,2026-04-15,EX,N,6004.26,6004.26,B1 1AA,VALID,VALID,Baker & Brown Insurance Services Ltd
ALB-TRV-0002881,P0001479,466,TRV,BROKER,2019-05-28,2020-05-27,IF,Y,3761.75,3761.75,G1 1XQ,VALID,VALID,Taylor & Johnson Insurance Services Ltd
ALB-CPM-0001472,P0001483,209,CPM,BROKER,2024-02-10,2025-02-09,EX,N,4828.99,4828.99,RG1 1LX,VALID,VALID,Hall & Brown Insurance Services Ltd
ALB-CLB-0001875,P0001485,128,CLB,BROKER,2021-04-04,2022-04-04,IF,Y,14517.37,14517.37,M1 1AE,VALID,VALID,Davies & Davies Insurance Services Ltd
ALB-CLB-0001251,P0001497,322,CLB,DIRECT,2018-10-05,2019-10-05,IF,Y,14444.25,14444.25,YO1 6GA,VALID,VALID,Hall & Murphy Insurance Services Ltd
ALB-HOM-0000140,P0001501,442,HOM,DIRECT,2020-01-12,2021-01-11,IF,Y,3067.68,3067.68,B1 1AA,VALID,VALID,Baker & Hughes Insurance Services Ltd
ALB-MOT-0003116,P0001504,,MOT,BROKER,2025-10-08,2026-10-08,RN,Y,1438.52,1078.89,EC1A 1BB,VALID,VALID,Williams & Baker Insurance Services Ltd
ALB-HOM-0001714,P0001508,,HOM,BROKER,2025-04-08,2026-04-08,LP,N,2443.72,2443.72,RG1 1LX,VALID,VALID,Davies & Brown Insurance Services Ltd
ALB-MOT-0003203,P0001509,206,MOT,DIRECT,2022-01-26,2023-01-26,IF,Y,1236.17,1236.17,BS1 4ST,VALID,VALID,Hall & Baker Insurance Services Ltd
ALB-CPM-0003199,P0001510,,CPM,AGGREGATOR,2025-09-12,2026-09-12,IF,Y,992.67,827.23,CF10 1EP,VALID,VALID,Khan & Davies Insurance Services Ltd
ALB-CPM-0002573,P0001511,,CPM,BROKER,2021-05-27,2022-05-27,EX,N,6986.25,6986.25,M1 1AE,VALID,VALID,Baker & Williams Insurance Services Ltd
ALB-HOM-0002394,P0001514,298,HOM,DIRECT,2024-09-29,2025-09-29,IF,Y,1747.51,1747.51,YO1 6GA,VALID,VALID,Hughes & Wright Insurance Services Ltd
ALB-HOM-0001979,P0001518,,HOM,DIRECT,2019-07-17,2020-07-16,RN,Y,2223.29,2223.29,B1 1AA,VALID,VALID,Hall & Baker Insurance Services Ltd
ALB-MOT-0001132,P0001522,186,MOT,DIRECT,2023-06-22,2024-06-21,IF,Y,945.05,945.05,LS1 4AP,VALID,VALID,Green & Murphy Insurance Services Ltd
ALB-CLB-0000315,P0001531,,CLB,AGGREGATOR,2018-12-16,2019-12-16,EX,N,6286.51,6286.51,B1 1AA,VALID,VALID,Robinson & Brown Insurance Services Ltd
ALB-PET-0003701,P0001532,,PET,BROKER,2025-08-08,2026-08-08,RN,Y,3177.22,2912.45,G1 1XQ,VALID,VALID,Williams & Hall Insurance Services Ltd
ALB-TRV-0002475,P0001534,,TRV,BROKER,2020-05-15,2021-05-15,EX,N,622.70,622.70,M1  1AE,INVALID,VALID,Khan & Davies Insurance Services Ltd
ALB-HOM-0000678,P0001538,343,HOM,BROKER,2024-09-14,2025-09-14,RN,Y,1031.97,1031.97,LS1 4AP,VALID,VALID,Williams & Williams Insurance Services Ltd
ALB-TRV-0000534,P0001540,,TRV,BROKER,2024-02-12,2025-02-11,IF,Y,3519.65,3519.65,NR1 3QQ,VALID,VALID,Hall & Baker Insurance Services Ltd
ALB-CPM-0003500,P0001541,,CPM,AGGREGATOR,2018-12-16,2019-12-16,IF,Y,10515.40,10515.40,EC1A 1BB,VALID,VALID,Green & Murphy Insurance Services Ltd
ALB-MOT-0001753,P0001542,206,MOT,BROKER,2023-11-13,2024-11-12,LP,N,1671.21,1671.21,EC1A 1BB,VALID,VALID,Patel & Taylor Insurance Services Ltd
ALB-CLB-0003187,P0001547,,CLB,AGGREGATOR,2020-01-27,2021-01-26,IF,Y,7230.67,7230.67,M1 1AE,VALID,VALID,Baker & Hughes Insurance Services Ltd
ALB-MOT-0001934,P0001548,,MOT,BROKER,2022-09-21,2023-09-21,IF,Y,3003.99,3003.99,YO1 6GA,VALID,VALID,Taylor & Wilson Insurance Services Ltd
ALB-PET-0002417,P0001562,,PET,BROKER,2021-12-18,2022-12-18,IF,Y,2257.91,2257.91,RG1 1LX,VALID,VALID,Robinson & Brown Insurance Services Ltd
ALB-MOT-0004259,P0001568,,MOT,BROKER,2024-12-01,2025-12-01,LP,N,3249.00,3249.00,EC1A 1BB,VALID,VALID,Murphy & Johnson Insurance Services Ltd
ALB-HOM-0002976,P0001569,313,HOM,AGGREGATOR,2021-04-20,2022-04-20,RN,Y,2016.99,2016.99,,INVALID,VALID,Davies & Wright Insurance Services Ltd
ALB-PET-0002148,P0001573,,PET,AGGREGATOR,2019-04-28,2020-04-27,IF,Y,3027.39,3027.39,NR1 3QQ,VALID,VALID,Patel & Taylor Insurance Services Ltd
ALB-CLB-0001553,P0001581,,CLB,DIRECT,2023-09-26,2024-09-25,RN,Y,2270.06,2270.06,G1 1XQ,VALID,VALID,Hall & Khan Insurance Services Ltd
ALB-CLB-0000988,P0001583,,CLB,DIRECT,2023-02-07,2024-02-07,EX,N,9802.93,9802.93,M1  1AE,INVALID,VALID,Green & Patel Insurance Services Ltd
ALB-MOT-0003748,P0001584,,MOT,BROKER,2024-07-29,2025-07-29,RN,Y,2020.10,2020.10,LS1 4AP,VALID,VALID,Williams & Williams Insurance Services Ltd
ALB-PET-0001036,P0001587,321,PET,DIRECT,2019-09-06,2020-09-05,LP,N,2303.53,2303.53,G1 1XQ,VALID,VALID,Khan & Smith Insurance Services Ltd
ALB-MOT-0002130,P0001588,,MOT,BROKER,2026-12-13,2027-12-13,LP,N,2590.39,0.00,B1 1AA,VALID,VALID,Hall & Wright Insurance Services Ltd
ALB-PET-0000496,P0001591,397,PET,BROKER,2022-04-23,2023-04-23,EX,N,2965.67,2965.67,CF10 1EP,VALID,VALID,OBrien & Green Insurance Services Ltd
ALB-TRV-0000493,P0001599,146,TRV,DIRECT,2023-11-29,2024-11-28,EX,N,1155.99,1155.99,CF10 1EP,VALID,VALID,Davies & Taylor Insurance Services Ltd
ALB-CPM-0002682,P0001602,,CPM,BROKER,2018-02-15,2019-02-15,RN,Y,6560.47,6560.47,M1 1AE,VALID,VALID,Baker & Brown Insurance Services Ltd
ALB-HOM-0001235,P0001606,,HOM,DIRECT,2018-12-08,2019-12-08,RN,Y,1266.05,1266.05,M1 1AE,VALID,VALID,Davies & Davies Insurance Services Ltd
ALB-HOM-0001135,P0001608,,HOM,BROKER,2019-09-04,2020-09-03,IF,Y,379.78,379.78,B1 1AA,VALID,VALID,Murphy & Johnson Insurance Services Ltd
ALB-TRV-0002560,P0001610,,TRV,BROKER,2018-08-26,2019-08-26,CN,N,2568.87,2568.87,RG1 1LX,VALID,VALID,Johnson & Hughes Insurance Services Ltd
ALB-TRV-0001763,P0001613,216,TRV,DIRECT,2023-06-03,2024-06-02,IF,Y,956.95,956.95,CF10 1EP,VALID,VALID,Green & Murphy Insurance Services Ltd
ALB-CPM-0001991,P0001626,12,CPM,DIRECT,2022-06-02,2023-06-02,RN,Y,12888.33,12888.33,B1 1AA,VALID,VALID,Hall & Patel Insurance Services Ltd
ALB-MOT-0003461,P0001627,,MOT,AGGREGATOR,2020-09-17,2021-09-17,IF,Y,706.59,706.59,CF10 1EP,VALID,VALID,Murphy & Johnson Insurance Services Ltd
ALB-TRV-0001012,P0001629,347,TRV,AGGREGATOR,2022-06-27,2023-06-27,IF,Y,3450.39,3450.39,EC1A 1BB,VALID,VALID,Clarke & Wright Insurance Services Ltd
ALB-CLB-0005052,P0001633,464,CLB,AGGREGATOR,2020-10-26,2021-10-26,RN,Y,9132.53,9132.53,CF10 1EP,VALID,VALID,Patel & Clarke Insurance Services Ltd
ALB-HOM-0001145,P0001634,48,HOM,BROKER,2026-11-19,2027-11-19,CN,N,1163.64,0.00,BS1 4ST,VALID,VALID,Hall & Wright Insurance Services Ltd
ALB-HOM-0001034,P0001640,139,HOM,BROKER,2019-02-15,2020-02-15,LP,N,391.40,391.40,LS1 4AP,VALID,VALID,Johnson & Hughes Insurance Services Ltd
ALB-MOT-0000161,P0001641,,MOT,BROKER,2025-09-28,2026-09-28,IF,Y,3403.97,2552.98,LS1 4AP,VALID,VALID,Hall & Hall Insurance Services Ltd
ALB-TRV-0002267,P0001645,,TRV,AGGREGATOR,2020-01-06,2021-01-05,RN,Y,319.90,319.90,RG1 1LX,VALID,VALID,Smith & Clarke Insurance Services Ltd
ALB-CLB-0004009,P0001647,403,CLB,BROKER,2019-03-17,2020-03-16,RN,Y,1201.22,1201.22,LS1 4AP,VALID,VALID,Brown & Davies Insurance Services Ltd
ALB-CPM-0003067,P0001649,412,CPM,DIRECT,2018-06-27,2019-06-27,IF,Y,8042.20,8042.20,CF10 1EP,VALID,VALID,Hughes & Wright Insurance Services Ltd
ALB-TRV-0004069,P0001650,,TRV,DIRECT,2022-08-20,2023-08-20,IF,Y,3210.22,3210.22,EC1A1BB,INVALID,VALID,Khan & Smith Insurance Services Ltd
ALB-MOT-0002678,P0001651,142,MOT,BROKER,2020-11-11,2021-11-11,IF,Y,1236.64,1236.64,RG1 1LX,VALID,VALID,Davies & Brown Insurance Services Ltd
ALB-CLB-0002891,P0001661,,CLB,BROKER,2025-11-20,2026-11-20,RN,Y,6798.82,4532.55,RG1 1LX,VALID,VALID,Green & Jones Insurance Services Ltd
ALB-CPM-0004452,P0001666,,CPM,BROKER,2021-12-29,2022-12-29,RN,Y,10482.14,10482.14,CF10 1EP,VALID,VALID,Hall & Brown Insurance Services Ltd
ALB-HOM-0000906,P0001668,205,HOM,DIRECT,2024-02-05,2025-02-04,IF,Y,1893.38,1893.38,BS1 4ST,VALID,VALID,Patel & Clarke Insurance Services Ltd
ALB-PET-0000141,P0001669,170,PET,DIRECT,2026-11-12,2027-11-12,EX,N,2679.55,0.00,RG1 1LX,VALID,VALID,Johnson & Hall Insurance Services Ltd
ALB-TRV-0000407,P0001673,479,TRV,DIRECT,2023-08-17,2024-08-16,IF,Y,3748.03,3748.03,EC1A1BB,INVALID,VALID,Baker & Clarke Insurance Services Ltd
ALB-TRV-0002528,P0001680,,TRV,AGGREGATOR,2025-02-08,2026-02-08,EX,N,559.29,559.29,RG1 1LX,VALID,VALID,Patel & Wilson Insurance Services Ltd
ALB-CPM-0000114,P0001684,,CPM,AGGREGATOR,2021-11-29,2022-11-29,RN,Y,5023.43,5023.43,G1 1XQ,VALID,VALID,Hall & Khan Insurance Services Ltd
ALB-CPM-0003516,P0001685,,CPM,BROKER,2026-02-06,2027-02-06,IF,Y,5743.88,2393.28,M1 1AE,VALID,VALID,Wilson & Wright Insurance Services Ltd
ALB-MOT-0002172,P0001690,281,MOT,DIRECT,2026-06-10,2027-06-10,RN,Y,3026.30,252.19,CF10 1EP,VALID,VALID,Smith & Walker Insurance Services Ltd
ALB-TRV-0003955,P0001691,392,TRV,BROKER,2025-09-07,2026-09-07,IF,Y,3927.40,3272.83,BS1 4ST,VALID,VALID,Williams & Baker Insurance Services Ltd
ALB-TRV-0000779,P0001693,278,TRV,AGGREGATOR,2022-12-13,2023-12-13,RN,Y,2862.17,2862.17,BS1 4ST,VALID,VALID,Baker & Brown Insurance Services Ltd
ALB-CPM-0000980,P0001699,264,CPM,AGGREGATOR,2020-05-25,2021-05-25,RN,Y,5640.65,5640.65,LS1 4AP,VALID,VALID,Williams & Williams Insurance Services Ltd
ALB-PET-0001890,P0001702,452,PET,AGGREGATOR,2019-06-07,2020-06-06,EX,N,562.45,562.45,LS1 4AP,VALID,VALID,Smith & Brown Insurance Services Ltd
ALB-PET-0000429,P0001703,,PET,AGGREGATOR,2022-12-28,2023-12-28,LP,N,3863.13,3863.13,B1 1AA,VALID,VALID,Hall & Khan Insurance Services Ltd
ALB-CLB-0002542,P0001705,274,CLB,DIRECT,2021-10-17,2022-10-17,RN,Y,12603.71,12603.71,G1 1XQ,VALID,VALID,Williams & Baker Insurance Services Ltd
ALB-CPM-0001918,P0001706,34,CPM,DIRECT,2024-05-11,2025-05-11,IF,Y,11942.42,11942.42,M1 1AE,VALID,VALID,Khan & Smith Insurance Services Ltd
ALB-MOT-0002546,P0001708,128,MOT,DIRECT,2025-05-17,2026-05-17,IF,Y,744.10,744.10,RG1 1LX,VALID,VALID,Smith & Davies Insurance Services Ltd
ALB-HOM-0002471,P0001715,144,HOM,AGGREGATOR,2023-01-16,2024-01-16,IF,Y,3810.01,3810.01,NR1 3QQ,VALID,VALID,Taylor & Murphy Insurance Services Ltd
ALB-CPM-0001080,P0001716,265,CPM,DIRECT,2018-04-09,2019-04-09,IF,Y,1236.13,1236.13,YO1 6GA,VALID,VALID,Williams & Williams Insurance Services Ltd
ALB-PET-0001936,P0001717,47,PET,BROKER,2018-08-27,2019-08-27,CN,N,4025.51,4025.51,B1 1AA,VALID,VALID,Davies & Wright Insurance Services Ltd
ALB-CLB-0000215,P0001721,,CLB,BROKER,2026-11-16,2027-11-16,IF,Y,2040.90,0.00,BS1 4ST,VALID,VALID,Patel & Taylor Insurance Services Ltd
ALB-PET-0002061,P0001727,254,PET,BROKER,2026-12-06,2027-12-06,RN,Y,208.15,0.00,M1 1AE,VALID,VALID,Johnson & Hughes Insurance Services Ltd
ALB-HOM-0002534,P0001732,218,HOM,AGGREGATOR,2022-05-05,2023-05-05,LP,N,748.68,748.68,M1 1AE,VALID,VALID,Jones & Robinson Insurance Services Ltd
ALB-TRV-0003032,P0001738,286,TRV,BROKER,2026-10-26,2027-10-26,RN,Y,467.02,0.00,CF10 1EP,VALID,VALID,Davies & Wright Insurance Services Ltd
ALB-CPM-0003359,P0001740,250,CPM,BROKER,2018-08-13,2019-08-13,IF,Y,12920.17,12920.17,RG1 1LX,VALID,VALID,Clarke & Wright Insurance Services Ltd
ALB-CPM-0000387,P0001741,,CPM,BROKER,2020-03-31,2021-03-31,RN,Y,2419.63,2419.63,M1 1AE,VALID,VALID,Johnson & Murphy Insurance Services Ltd
ALB-TRV-0003764,P0001755,320,TRV,BROKER,2023-03-31,2024-03-30,CN,N,3995.85,3995.85,CF10 1EP,VALID,VALID,Hall & Murphy Insurance Services Ltd
ALB-CPM-0001907,P0001757,,CPM,BROKER,2018-01-03,2019-01-03,IF,Y,7956.54,7956.54,BS1 4ST,VALID,VALID,Johnson & Hall Insurance Services Ltd
ALB-CLB-0003921,P0001759,,CLB,BROKER,2026-07-03,2027-07-03,RN,Y,11036.57,0.00,YO1 6GA,VALID,VALID,Khan & Davies Insurance Services Ltd
ALB-CPM-0000288,P0001760,,CPM,DIRECT,2023-09-30,2024-09-29,IF,Y,10756.48,10756.48,CF10 1EP,VALID,VALID,Walker & Wright Insurance Services Ltd
ALB-TRV-0004086,P0001766,444,TRV,DIRECT,2020-09-01,2021-09-01,IF,Y,2713.25,2713.25,G1 1XQ,VALID,VALID,Williams & Baker Insurance Services Ltd
ALB-TRV-0002442,P0001767,,TRV,DIRECT,2025-10-10,2026-10-10,EX,N,1787.11,1340.33,YO1 6GA,VALID,VALID,Walker & OBrien Insurance Services Ltd
ALB-CLB-0001722,P0001769,,CLB,BROKER,2025-04-26,2026-04-26,IF,Y,5448.31,5448.31,NR1 3QQ,VALID,VALID,Jones & Baker Insurance Services Ltd
ALB-PET-0003791,P0001773,275,PET,DIRECT,2025-04-19,2026-04-19,RN,Y,2122.06,2122.06,BS1 4ST,VALID,VALID,Wilson & Wright Insurance Services Ltd
ALB-HOM-0002501,P0001775,,HOM,BROKER,2024-11-28,2025-11-28,IF,Y,3023.56,3023.56,RG1 1LX,VALID,VALID,Brown & Davies Insurance Services Ltd
ALB-PET-0000816,P0001776,184,PET,DIRECT,2020-09-18,2021-09-18,CN,N,1305.30,1305.30,LS1 4AP,VALID,VALID,Williams & Hall Insurance Services Ltd
ALB-TRV-0001291,P0001777,,TRV,DIRECT,2019-03-22,2020-03-21,IF,Y,343.70,343.70,LS1 4AP,VALID,VALID,Smith & Walker Insurance Services Ltd
ALB-CPM-0002462,P0001779,79,CPM,AGGREGATOR,2024-02-17,2025-02-16,EX,N,6817.87,6817.87,NR1 3QQ,VALID,VALID,OBrien & Patel Insurance Services Ltd
ALB-TRV-0000890,P0001780,,TRV,DIRECT,2018-11-04,2019-11-04,IF,Y,4039.46,4039.46,LS1 4AP,VALID,VALID,Baker & Williams Insurance Services Ltd
ALB-TRV-0001044,P0001781,,TRV,BROKER,2023-08-23,2024-08-22,IF,Y,3870.34,3870.34,M1 1AE,VALID,VALID,Khan & Davies Insurance Services Ltd
ALB-CPM-0001333,P0001782,166,CPM,AGGREGATOR,2020-07-09,2021-07-09,IF,Y,2450.37,2450.37,BS1 4ST,VALID,VALID,Taylor & Johnson Insurance Services Ltd
ALB-MOT-0002482,P0001784,,MOT,BROKER,2022-04-19,2023-04-19,IF,Y,653.53,653.53,CF10 1EP,VALID,VALID,Clarke & Davies Insurance Services Ltd
ALB-CPM-0003174,P0001787,,CPM,DIRECT,2024-07-31,2025-07-31,IF,Y,10407.39,10407.39,M1 1AE,VALID,VALID,Clarke & Davies Insurance Services Ltd
ALB-CLB-0000756,P0001790,,CLB,BROKER,2022-05-10,2023-05-10,EX,N,11255.78,11255.78,G1 1XQ,VALID,VALID,Taylor & Wilson Insurance Services Ltd
ALB-CLB-0003913,P0001797,181,CLB,BROKER,2022-02-04,2023-02-04,RN,Y,5435.63,5435.63,G1 1XQ,VALID,VALID,Baker & Brown Insurance Services Ltd
ALB-CLB-0000642,P0001798,262,CLB,BROKER,2024-04-14,2025-04-14,RN,Y,11870.76,11870.76,NR1 3QQ,VALID,VALID,Jones & Robinson Insurance Services Ltd
ALB-CLB-0001658,P0001801,,CLB,BROKER,2021-07-19,2022-07-19,IF,Y,7992.29,7992.29,BS1 4ST,VALID,VALID,Williams & Williams Insurance Services Ltd
ALB-TRV-0004204,P0001803,356,TRV,BROKER,2026-08-25,2027-08-25,IF,Y,3696.09,0.00,YO1 6GA,VALID,VALID,Taylor & Walker Insurance Services Ltd
ALB-CLB-0002567,P0001813,,CLB,AGGREGATOR,2021-07-31,2022-07-31,CN,N,5452.97,5452.97,BS1 4ST,VALID,VALID,Johnson & Hughes Insurance Services Ltd
ALB-CPM-0002960,P0001819,344,CPM,BROKER,2020-12-01,2021-12-01,EX,N,4092.84,4092.84,B1 1AA,VALID,VALID,Taylor & Johnson Insurance Services Ltd
ALB-TRV-0004237,P0001821,,TRV,DIRECT,2025-06-15,2026-06-15,IF,Y,1148.16,1148.16,NR1 3QQ,VALID,VALID,Hughes & Wright Insurance Services Ltd
ALB-MOT-0002864,P0001822,,MOT,AGGREGATOR,2024-08-30,2025-08-30,LP,N,1118.43,1118.43,EC1A1BB,INVALID,VALID,Clarke & Wright Insurance Services Ltd
ALB-CLB-0003211,P0001823,,CLB,DIRECT,2025-06-24,2026-06-24,LP,N,9710.60,9710.60,RG1 1LX,VALID,VALID,Clarke & Davies Insurance Services Ltd
ALB-MOT-0004703,P0001824,150,MOT,BROKER,2019-10-29,2020-10-28,EX,N,711.61,711.61,G1 1XQ,VALID,VALID,Taylor & Wilson Insurance Services Ltd
ALB-HOM-0000640,P0001830,,HOM,BROKER,2025-03-25,2026-03-25,CN,N,3816.92,3816.92,CF10 1EP,VALID,VALID,Green & Murphy Insurance Services Ltd
ALB-MOT-0000723,P0001833,211,MOT,BROKER,2018-08-24,2019-08-24,RN,Y,1955.28,1955.28,CF10 1EP,VALID,VALID,Davies & Taylor Insurance Services Ltd
ALB-PET-0001131,P0001835,,PET,AGGREGATOR,2021-07-22,2022-07-22,LP,N,1286.12,1286.12,G1 1XQ,VALID,VALID,Wilson & Wright Insurance Services Ltd
ALB-MOT-0003981,P0001836,,MOT,BROKER,2019-01-21,2020-01-21,LP,N,2979.87,2979.87,M1  1AE,INVALID,VALID,Baker & Hughes Insurance Services Ltd
ALB-TRV-0000688,P0001838,,TRV,BROKER,2019-05-27,2020-05-26,IF,Y,3660.87,3660.87,RG1 1LX,VALID,VALID,Patel & Clarke Insurance Services Ltd
ALB-HOM-0000608,P0001839,,HOM,BROKER,2020-07-25,2021-07-25,CN,N,2138.36,2138.36,M1 1AE,VALID,VALID,Davies & Green Insurance Services Ltd
ALB-CLB-0005032,P0001844,,CLB,DIRECT,2026-01-09,2027-01-09,CN,N,10887.97,5443.99,RG1 1LX,VALID,VALID,Smith & Clarke Insurance Services Ltd
ALB-MOT-0000080,P0001851,,MOT,AGGREGATOR,2025-02-09,2026-02-09,IF,Y,839.80,839.80,RG1 1LX,VALID,VALID,Davies & Taylor Insurance Services Ltd
ALB-TRV-0000621,P0001855,19,TRV,DIRECT,2023-09-04,2024-09-03,CN,N,1340.00,1340.00,CF10 1EP,VALID,VALID,Green & Murphy Insurance Services Ltd
ALB-HOM-0000406,P0001856,,HOM,DIRECT,2021-09-26,2022-09-26,IF,Y,846.60,846.60,B1 1AA,VALID,VALID,Taylor & Murphy Insurance Services Ltd
ALB-CLB-0003786,P0001864,485,CLB,BROKER,2018-02-07,2019-02-07,IF,Y,3629.92,3629.92,B1 1AA,VALID,VALID,Hall & Baker Insurance Services Ltd
ALB-MOT-0003098,P0001865,176,MOT,DIRECT,2018-02-19,2019-02-19,IF,Y,245.69,245.69,EC1A 1BB,VALID,VALID,Green & Jones Insurance Services Ltd
ALB-TRV-0003806,P0001866,119,TRV,BROKER,2022-09-08,2023-09-08,IF,Y,2016.50,2016.50,CF10 1EP,VALID,VALID,Davies & Hughes Insurance Services Ltd
ALB-HOM-0004099,P0001867,,HOM,BROKER,2023-07-29,2024-07-28,RN,Y,862.85,862.85,EC1A 1BB,VALID,VALID,Patel & Taylor Insurance Services Ltd
ALB-TRV-0000969,P0001870,,TRV,DIRECT,2023-01-15,2024-01-15,RN,Y,663.23,663.23,EC1A 1BB,VALID,VALID,Taylor & Walker Insurance Services Ltd
ALB-TRV-0002084,P0001874,,TRV,BROKER,2021-07-24,2022-07-24,IF,Y,2634.93,2634.93,BS1 4ST,VALID,VALID,Smith & Walker Insurance Services Ltd
ALB-CPM-0003856,P0001875,290,CPM,BROKER,2019-06-28,2020-06-27,CN,N,724.71,724.71,BS1 4ST,VALID,VALID,Taylor & Walker Insurance Services Ltd
ALB-TRV-0001586,P0001876,432,TRV,DIRECT,2019-11-10,2020-11-09,IF,Y,2218.43,2218.43,RG1 1LX,VALID,VALID,OBrien & Green Insurance Services Ltd
ALB-MOT-0004141,P0001877,,MOT,DIRECT,2023-11-03,2024-11-02,RN,Y,1549.59,1549.59,B1 1AA,VALID,VALID,Johnson & Hall Insurance Services Ltd
ALB-CLB-0001941,P0001881,,CLB,AGGREGATOR,2019-07-13,2020-07-12,IF,Y,8679.36,8679.36,M1 1AE,VALID,VALID,Taylor & Johnson Insurance Services Ltd
ALB-CLB-0004199,P0001888,207,CLB,DIRECT,2024-03-14,2025-03-14,IF,Y,7424.32,7424.32,EC1A 1BB,VALID,VALID,Jones & Robinson Insurance Services Ltd
ALB-HOM-0001508,P0001890,,HOM,AGGREGATOR,2018-12-27,2019-12-27,IF,Y,611.18,611.18,BS1 4ST,VALID,VALID,Patel & Wilson Insurance Services Ltd
ALB-HOM-0002990,P0001892,,HOM,BROKER,2024-09-02,2025-09-02,RN,Y,941.79,941.79,EC1A1BB,INVALID,VALID,Hughes & Wright Insurance Services Ltd
ALB-CLB-0002723,P0001905,299,CLB,AGGREGATOR,2021-02-28,2022-02-28,CN,N,9704.86,9704.86,N/A,INVALID,VALID,Johnson & Murphy Insurance Services Ltd
ALB-CLB-0002096,P0001906,166,CLB,DIRECT,2018-12-17,2019-12-17,IF,Y,8930.62,8930.62,CF10 1EP,VALID,VALID,Hall & Khan Insurance Services Ltd
ALB-CLB-0003772,P0001907,,CLB,DIRECT,2019-11-18,2020-11-17,IF,Y,4590.07,4590.07,B1 1AA,VALID,VALID,Taylor & Johnson Insurance Services Ltd
ALB-CLB-0001407,P0001911,,CLB,BROKER,2022-03-24,2023-03-24,EX,N,1920.01,1920.01,BS1 4ST,VALID,VALID,Khan & Davies Insurance Services Ltd
ALB-TRV-0003419,P0001920,233,TRV,DIRECT,2024-08-08,2025-08-08,IF,Y,4122.18,4122.18,CF10 1EP,VALID,VALID,Johnson & Hall Insurance Services Ltd
ALB-MOT-0003857,P0001921,55,MOT,DIRECT,2021-06-22,2022-06-22,IF,Y,1333.55,1333.55,BS1 4ST,VALID,VALID,Johnson & Murphy Insurance Services Ltd
ALB-CPM-0000755,P0001922,,CPM,DIRECT,2025-12-31,2026-12-31,IF,Y,13314.64,6657.32,EC1A 1BB,VALID,VALID,Murphy & Johnson Insurance Services Ltd
ALB-HOM-0002045,P0001925,,HOM,AGGREGATOR,2022-06-09,2023-06-09,IF,Y,2339.06,2339.06,LS1 4AP,VALID,VALID,OBrien & Green Insurance Services Ltd
ALB-HOM-0003905,P0001926,,HOM,AGGREGATOR,2023-08-04,2024-08-03,IF,Y,3371.21,3371.21,NR1 3QQ,VALID,VALID,OBrien & Patel Insurance Services Ltd
ALB-CPM-0003694,P0001930,333,CPM,DIRECT,2023-07-04,2024-07-03,IF,Y,12903.48,12903.48,RG1 1LX,VALID,VALID,Smith & Clarke Insurance Services Ltd
ALB-MOT-0003069,P0001937,,MOT,BROKER,2023-05-01,2024-04-30,IF,Y,1805.27,1805.27,RG1 1LX,VALID,VALID,Green & Murphy Insurance Services Ltd
ALB-CLB-0001190,P0001941,,CLB,BROKER,2025-11-08,2026-11-08,IF,Y,2236.05,1490.70,G1 1XQ,VALID,VALID,Baker & Hughes Insurance Services Ltd
ALB-CLB-0000691,P0001942,451,CLB,BROKER,2023-08-20,2024-08-19,EX,N,8987.15,8987.15,BS1 4ST,VALID,VALID,Williams & Baker Insurance Services Ltd
ALB-MOT-0001577,P0001943,130,MOT,BROKER,2026-10-18,2027-10-18,IF,Y,1732.41,0.00,EC1A 1BB,VALID,VALID,Hughes & Wright Insurance Services Ltd
ALB-PET-0002383,P0001944,,PET,DIRECT,2021-07-31,2022-07-31,IF,Y,706.35,706.35,G1 1XQ,VALID,VALID,Clarke & Wright Insurance Services Ltd
ALB-CLB-0001081,P0001945,,CLB,BROKER,2018-02-28,2019-02-28,EX,N,2399.49,2399.49,CF10 1EP,VALID,VALID,Taylor & Walker Insurance Services Ltd
ALB-HOM-0002033,P0001947,,HOM,BROKER,2022-03-29,2023-03-29,CN,N,2007.30,2007.30,YO1 6GA,VALID,VALID,Jones & Robinson Insurance Services Ltd
ALB-PET-0002484,P0001952,,PET,AGGREGATOR,2026-06-25,2027-06-25,EX,N,824.04,0.00,CF10 1EP,VALID,VALID,Smith & Clarke Insurance Services Ltd
ALB-PET-0002895,P0001958,493,PET,DIRECT,2020-09-17,2021-09-17,IF,Y,2343.50,2343.50,EC1A1BB,INVALID,VALID,Hall & Baker Insurance Services Ltd
ALB-CLB-0000540,P0001960,353,CLB,DIRECT,2023-06-11,2024-06-10,IF,Y,6890.39,6890.39,G1 1XQ,VALID,VALID,Green & Jones Insurance Services Ltd
ALB-PET-0000427,P0001961,,PET,BROKER,2024-03-04,2025-03-04,RN,Y,3269.95,3269.95,B1 1AA,VALID,VALID,Taylor & Johnson Insurance Services Ltd
ALB-CLB-0003864,P0001967,12,CLB,BROKER,2023-05-20,2024-05-19,CN,N,13300.74,13300.74,CF10 1EP,VALID,VALID,Green & Patel Insurance Services Ltd
ALB-MOT-0001992,P0001969,312,MOT,BROKER,2025-01-02,2026-01-02,RN,Y,1840.88,1840.88,LS1 4AP,VALID,VALID,Hall & Murphy Insurance Services Ltd
ALB-PET-0000613,P0001970,,PET,BROKER,2023-08-21,2024-08-20,IF,Y,1061.88,1061.88,M1 1AE,VALID,VALID,Hall & Hall Insurance Services Ltd
ALB-HOM-0002679,P0001972,,HOM,BROKER,2020-07-12,2021-07-12,RN,Y,3395.82,3395.82,M1 1AE,VALID,VALID,Williams & Baker Insurance Services Ltd
ALB-HOM-0003401,P0001977,,HOM,AGGREGATOR,2021-02-03,2022-02-03,LP,N,682.24,682.24,G1 1XQ,VALID,VALID,Hall & Hall Insurance Services Ltd
ALB-TRV-0001933,P0001983,48,TRV,AGGREGATOR,2022-01-16,2023-01-16,RN,Y,2219.16,2219.16,LS1 4AP,VALID,VALID,Clarke & Wright Insurance Services Ltd
ALB-MOT-0002793,P0001986,,MOT,DIRECT,2018-01-06,2019-01-06,IF,Y,2804.09,2804.09,NR1 3QQ,VALID,VALID,Green & Murphy Insurance Services Ltd
ALB-PET-0000297,P0001991,109,PET,BROKER,2018-06-25,2019-06-25,LP,N,814.48,814.48,M1 1AE,VALID,VALID,Williams & Hall Insurance Services Ltd
ALB-PET-0001416,P0001992,,PET,DIRECT,2026-08-18,2027-08-18,EX,N,2717.84,0.00,M1  1AE,INVALID,VALID,Johnson & Hall Insurance Services Ltd
ALB-HOM-0003222,P0001995,165,HOM,DIRECT,2022-09-11,2023-09-11,IF,Y,777.03,777.03,ZZ99 9ZZ,VALID,VALID,Baker & Hughes Insurance Services Ltd
ALB-CPM-0003331,P0001997,,CPM,BROKER,2025-02-28,2026-02-28,IF,Y,3255.32,3255.32,NR1 3QQ,VALID,VALID,Smith & Davies Insurance Services Ltd
ALB-PET-0005127,P0002005,413,PET,AGGREGATOR,2020-01-27,2021-01-26,IF,Y,2332.15,2332.15,EC1A 1BB,VALID,VALID,Hall & Brown Insurance Services Ltd
ALB-HOM-0001953,P0002009,255,HOM,DIRECT,2019-11-25,2020-11-24,EX,N,1513.63,1513.63,M1 1AE,VALID,VALID,Hall & Khan Insurance Services Ltd
ALB-CPM-0004401,P0002010,342,CPM,DIRECT,2020-01-29,2021-01-28,CN,N,6607.71,6607.71,CF10 1EP,VALID,VALID,Khan & Davies Insurance Services Ltd
ALB-CPM-0000249,P0002014,,CPM,BROKER,2026-03-20,2027-03-20,EX,N,7175.97,2391.99,EC1A 1BB,VALID,VALID,Taylor & Johnson Insurance Services Ltd
ALB-CLB-0002656,P0002019,,CLB,BROKER,2018-07-10,2019-07-10,IF,Y,12880.43,12880.43,G1 1XQ,VALID,VALID,Williams & Baker Insurance Services Ltd
ALB-HOM-0003367,P0002022,153,HOM,AGGREGATOR,2026-09-20,2027-09-20,IF,Y,2061.86,0.00,NR1 3QQ,VALID,VALID,Green & Murphy Insurance Services Ltd
ALB-CLB-0001004,P0002024,486,CLB,BROKER,2025-12-27,2026-12-27,RN,Y,5343.01,2671.51,B1 1AA,VALID,VALID,Khan & Davies Insurance Services Ltd
ALB-PET-0003508,P0002025,359,PET,BROKER,2024-12-31,2025-12-31,RN,Y,3256.06,3256.06,RG1 1LX,VALID,VALID,Hall & Patel Insurance Services Ltd
ALB-TRV-0003361,P0002026,,TRV,BROKER,2019-12-25,2020-12-24,IF,Y,2637.77,2637.77,LS1 4AP,VALID,VALID,Baker & Brown Insurance Services Ltd
ALB-TRV-0003679,P0002027,466,TRV,BROKER,2019-12-03,2020-12-02,EX,N,3133.91,3133.91,EC1A1BB,INVALID,VALID,Clarke & Wright Insurance Services Ltd
ALB-PET-0003489,P0002033,293,PET,DIRECT,2024-06-22,2025-06-22,IF,Y,1660.97,1660.97,BS1 4ST,VALID,VALID,OBrien & Green Insurance Services Ltd
ALB-PET-0003086,P0002038,,PET,AGGREGATOR,2019-11-23,2020-11-22,IF,Y,312.72,312.72,YO1 6GA,VALID,VALID,Brown & Jones Insurance Services Ltd
ALB-CLB-0000481,P0000007,,CLB,BROKER,2024-03-22,2025-03-22,IF,Y,14669.90,14669.90,B1 1AA,VALID,VALID,Davies & Taylor Insurance Services Ltd
ALB-HOM-0002374,P0000011,,HOM,BROKER,2026-06-15,2027-06-15,EX,N,3941.96,328.50,CF10 1EP,VALID,VALID,Wilson & OBrien Insurance Services Ltd
ALB-MOT-0000945,P0000031,45,MOT,BROKER,2026-09-05,2027-09-05,RN,Y,1646.48,0.00,EC1A 1BB,VALID,VALID,Green & Patel Insurance Services Ltd
ALB-MOT-0002947,P0000038,17,MOT,DIRECT,2025-07-12,2026-07-12,IF,Y,279.94,279.94,M1 1AE,VALID,VALID,Davies & Davies Insurance Services Ltd
ALB-PET-0001689,P0000048,266,PET,BROKER,2024-06-25,2025-06-25,IF,Y,2106.18,2106.18,B1 1AA,VALID,VALID,Smith & Davies Insurance Services Ltd
ALB-HOM-0002836,P0000050,259,HOM,BROKER,2020-02-03,2021-02-02,IF,Y,836.13,836.13,B1 1AA,VALID,VALID,Green & Patel Insurance Services Ltd
ALB-CLB-0002057,P0000068,184,CLB,BROKER,2026-03-25,2027-03-25,EX,N,14381.96,4793.99,,INVALID,VALID,Taylor & Wilson Insurance Services Ltd
ALB-PET-0000667,P0000071,415,PET,BROKER,2018-07-19,2019-07-19,EX,N,562.16,562.16,RG1 1LX,VALID,VALID,Robinson & Brown Insurance Services Ltd
ALB-PET-0002384,P0000099,,PET,BROKER,2019-03-31,2020-03-30,EX,N,876.60,876.60,YO1 6GA,VALID,VALID,Wilson & Wright Insurance Services Ltd
ALB-PET-0000090,P0000102,139,PET,BROKER,2020-09-02,2021-09-02,EX,N,2092.15,2092.15,G1 1XQ,VALID,VALID,Wilson & OBrien Insurance Services Ltd
ALB-PET-0000005,P0000115,275,PET,BROKER,2024-11-16,2025-11-16,EX,N,2168.03,2168.03,NR1 3QQ,VALID,VALID,OBrien & Patel Insurance Services Ltd
ALB-CPM-0000226,P0000132,246,CPM,BROKER,2022-11-01,2023-11-01,LP,N,10249.30,10249.30,CF10 1EP,VALID,VALID,Taylor & Murphy Insurance Services Ltd
ALB-TRV-0000953,P0000135,24,TRV,BROKER,2018-02-07,2019-02-07,CN,N,1189.77,1189.77,B1 1AA,VALID,VALID,Green & Patel Insurance Services Ltd
ALB-CLB-0004931,P0000143,479,CLB,BROKER,2024-12-20,2025-12-20,LP,N,11899.35,11899.35,YO1 6GA,VALID,VALID,Taylor & Walker Insurance Services Ltd
ALB-PET-0004509,P0000164,471,PET,BROKER,2026-02-08,2027-02-08,EX,N,1707.80,711.58,LS1 4AP,VALID,VALID,Brown & Davies Insurance Services Ltd
ALB-HOM-0000882,P0000196,355,HOM,BROKER,2020-01-22,2021-01-21,IF,Y,407.33,407.33,CF10 1EP,VALID,VALID,Baker & Brown Insurance Services Ltd
ALB-CPM-0002713,P0000206,336,CPM,AGGREGATOR,2018-04-03,2019-04-03,IF,Y,14177.77,14177.77,NR1 3QQ,VALID,VALID,Clarke & Wright Insurance Services Ltd
ALB-CLB-0000325,P0000211,203,CLB,BROKER,2022-03-07,2023-03-07,IF,Y,7065.04,7065.04,RG1 1LX,VALID,VALID,Brown & Jones Insurance Services Ltd
ALB-PET-0002175,P0000213,330,PET,DIRECT,2022-01-05,2023-01-05,IF,Y,2276.20,2276.20,,INVALID,VALID,Taylor & Walker Insurance Services Ltd
ALB-CPM-0001309,P0000216,235,CPM,BROKER,2023-07-03,2024-07-02,CN,N,10492.68,10492.68,BS1 4ST,VALID,VALID,Hall & Murphy Insurance Services Ltd
ALB-CLB-0001409,P0000219,442,CLB,BROKER,2020-01-02,2021-01-01,RN,Y,6159.91,6159.91,BS1 4ST,VALID,VALID,Davies & Taylor Insurance Services Ltd
ALB-CPM-0000960,P0000231,220,CPM,DIRECT,2021-08-31,2022-08-31,LP,N,13281.44,13281.44,CF10 1EP,VALID,VALID,Clarke & Wright Insurance Services Ltd
ALB-TRV-0002639,P0000243,58,TRV,DIRECT,2026-08-04,2027-08-04,RN,Y,1183.64,0.00,BS1 4ST,VALID,VALID,Khan & Davies Insurance Services Ltd
ALB-TRV-0000559,P0000252,57,TRV,BROKER,2022-06-24,2023-06-24,EX,N,292.95,292.95,CF10 1EP,VALID,VALID,Jones & Baker Insurance Services Ltd
ALB-HOM-0001946,P0000255,459,HOM,BROKER,2022-12-18,2023-12-18,IF,Y,3964.28,3964.28,G1 1XQ,VALID,VALID,Davies & Davies Insurance Services Ltd
ALB-TRV-0004371,P0000256,,TRV,DIRECT,2019-04-24,2020-04-23,EX,N,2431.56,2431.56,M1 1AE,VALID,VALID,Clarke & Wright Insurance Services Ltd
ALB-TRV-0002243,P0000260,488,TRV,AGGREGATOR,2023-10-07,2024-10-06,EX,N,2210.35,2210.35,B1 1AA,VALID,VALID,Davies & Wright Insurance Services Ltd
ALB-CLB-0000381,P0000262,306,CLB,DIRECT,2023-05-31,2024-05-30,IF,Y,7469.98,7469.98,LS1 4AP,VALID,VALID,Brown & Davies Insurance Services Ltd
ALB-MOT-0001262,P0000265,3,MOT,AGGREGATOR,2026-08-10,2027-08-10,IF,Y,1587.51,0.00,RG1 1LX,VALID,VALID,Wilson & Wright Insurance Services Ltd
ALB-CPM-0001074,P0000272,,CPM,AGGREGATOR,2023-04-04,2024-04-03,CN,N,7215.09,7215.09,RG1 1LX,VALID,VALID,Hughes & Wright Insurance Services Ltd
ALB-HOM-0001781,P0000283,59,HOM,DIRECT,2025-03-06,2026-03-06,RN,Y,190.47,190.47,,INVALID,VALID,Jones & Baker Insurance Services Ltd
ALB-HOM-0000311,P0000289,241,HOM,BROKER,2026-07-17,2027-07-17,EX,N,330.67,0.00,BS1 4ST,VALID,VALID,Baker & Wright Insurance Services Ltd
ALB-TRV-0001318,P0000293,338,TRV,BROKER,2023-06-27,2024-06-26,IF,Y,3843.20,3843.20,YO1 6GA,VALID,VALID,Baker & Clarke Insurance Services Ltd
ALB-CPM-0000566,P0000317,400,CPM,BROKER,2018-08-09,2019-08-09,LP,N,3523.38,3523.38,RG1 1LX,VALID,VALID,Baker & Hughes Insurance Services Ltd
ALB-CPM-0000366,P0000320,,CPM,BROKER,2018-07-23,2019-07-23,RN,Y,4024.30,4024.30,RG1 1LX,VALID,VALID,Jones & Robinson Insurance Services Ltd
ALB-MOT-0001058,P0000321,348,MOT,DIRECT,2020-07-14,2021-07-14,RN,Y,2344.99,2344.99,YO1 6GA,VALID,VALID,Hall & Brown Insurance Services Ltd
ALB-CPM-0000653,P0000322,192,CPM,BROKER,2024-10-27,2025-10-27,RN,Y,10033.43,10033.43,NR1 3QQ,VALID,VALID,Williams & Baker Insurance Services Ltd
ALB-MOT-0002385,P0000323,,MOT,BROKER,2022-05-26,2023-05-26,EX,N,686.12,686.12,RG1 1LX,VALID,VALID,Davies & Green Insurance Services Ltd
ALB-MOT-0000870,P0000336,10,MOT,BROKER,2019-03-10,2020-03-09,IF,Y,2868.98,2868.98,B1 1AA,VALID,VALID,Williams & Baker Insurance Services Ltd
ALB-CPM-0001288,P0000340,,CPM,BROKER,2025-05-20,2026-05-20,EX,N,3597.14,3597.14,M1 1AE,VALID,VALID,Wilson & OBrien Insurance Services Ltd
ALB-TRV-0001990,P0000341,346,TRV,DIRECT,2020-07-24,2021-07-24,EX,N,2351.08,2351.08,G1 1XQ,VALID,VALID,Taylor & Murphy Insurance Services Ltd
ALB-TRV-0002239,P0000359,249,TRV,AGGREGATOR,2020-01-27,2021-01-26,LP,N,2669.82,2669.82,YO1 6GA,VALID,VALID,Patel & Clarke Insurance Services Ltd
ALB-CLB-0001244,P0000370,,CLB,AGGREGATOR,2018-02-13,2019-02-13,IF,Y,1148.02,1148.02,LS1 4AP,VALID,VALID,Green & Murphy Insurance Services Ltd
ALB-MOT-0002955,P0000378,366,MOT,AGGREGATOR,2022-06-28,2023-06-28,IF,Y,1620.15,1620.15,NR1 3QQ,VALID,VALID,Taylor & Murphy Insurance Services Ltd
ALB-CPM-0003319,P0000388,335,CPM,AGGREGATOR,2024-08-18,2025-08-18,EX,N,9428.73,9428.73,EC1A 1BB,VALID,VALID,Williams & Williams Insurance Services Ltd
ALB-HOM-0000255,P0000390,,HOM,BROKER,2020-06-03,2021-06-03,IF,Y,3553.40,3553.40,LS1 4AP,VALID,VALID,Khan & Smith Insurance Services Ltd
ALB-CLB-0002757,P0000396,354,CLB,DIRECT,2022-03-23,2023-03-23,EX,N,7719.45,7719.45,G1 1XQ,VALID,VALID,Khan & Davies Insurance Services Ltd
ALB-HOM-0002958,P0000405,343,HOM,BROKER,2018-11-15,2019-11-15,CN,N,3320.10,3320.10,RG1 1LX,VALID,VALID,Williams & Hall Insurance Services Ltd
ALB-CLB-0000099,P0000410,206,CLB,DIRECT,2018-09-07,2019-09-07,RN,Y,5507.58,5507.58,BS1 4ST,VALID,VALID,Johnson & Hall Insurance Services Ltd
ALB-CLB-0000425,P0000416,31,CLB,BROKER,2021-07-27,2022-07-27,RN,Y,1682.45,1682.45,G1 1XQ,VALID,VALID,Robinson & Brown Insurance Services Ltd
ALB-MOT-0002018,P0000418,35,MOT,BROKER,2019-08-12,2020-08-11,RN,Y,3491.09,3491.09,BS1 4ST,VALID,VALID,Taylor & Murphy Insurance Services Ltd
ALB-TRV-0003420,P0000431,452,TRV,BROKER,2023-05-26,2024-05-25,IF,Y,3326.59,3326.59,EC1A 1BB,VALID,VALID,Williams & Williams Insurance Services Ltd
ALB-CLB-0002022,P0000443,63,CLB,BROKER,2025-02-25,2026-02-25,IF,Y,14467.90,14467.90,N/A,INVALID,VALID,Hall & Hall Insurance Services Ltd
ALB-CLB-0001503,P0000448,421,CLB,BROKER,2023-04-11,2024-04-10,LP,N,3509.07,3509.07,EC1A 1BB,VALID,VALID,Davies & Wright Insurance Services Ltd
ALB-PET-0000750,P0000454,354,PET,BROKER,2019-09-07,2020-09-06,CN,N,3679.34,3679.34,CF10 1EP,VALID,VALID,Walker & OBrien Insurance Services Ltd
ALB-HOM-0002133,P0000455,,HOM,BROKER,2023-01-26,2024-01-26,IF,Y,3100.57,3100.57,EC1A 1BB,VALID,VALID,Patel & Wilson Insurance Services Ltd
ALB-PET-0000179,P0000464,241,PET,DIRECT,2024-02-12,2025-02-11,RN,Y,3084.13,3084.13,M1  1AE,INVALID,VALID,Brown & Jones Insurance Services Ltd
ALB-CPM-0001197,P0000479,233,CPM,BROKER,2022-12-14,2023-12-14,LP,N,14641.57,14641.57,YO1 6GA,VALID,VALID,Smith & Walker Insurance Services Ltd
ALB-PET-0000057,P0000490,117,PET,BROKER,2019-05-10,2020-05-09,RN,Y,2486.54,2486.54,RG1 1LX,VALID,VALID,Green & Murphy Insurance Services Ltd
ALB-PET-0001705,P0000494,,PET,DIRECT,2020-02-04,2021-02-03,RN,Y,1454.12,1454.12,EC1A 1BB,VALID,VALID,Davies & Taylor Insurance Services Ltd
ALB-CPM-0001702,P0000508,447,CPM,AGGREGATOR,2019-07-14,2020-07-13,IF,Y,4674.78,4674.78,LS1 4AP,VALID,VALID,Johnson & Hall Insurance Services Ltd
ALB-TRV-0001394,P0000510,242,TRV,AGGREGATOR,2022-03-20,2023-03-20,EX,N,1682.63,1682.63,CF10 1EP,VALID,VALID,Smith & Brown Insurance Services Ltd
ALB-PET-0003176,P0000518,294,PET,BROKER,2018-05-07,2019-05-07,RN,Y,692.33,692.33,LS1 4AP,VALID,VALID,Green & Murphy Insurance Services Ltd
ALB-PET-0000148,P0000542,193,PET,BROKER,2025-01-23,2026-01-23,LP,N,3325.63,3325.63,CF10 1EP,VALID,VALID,Johnson & Murphy Insurance Services Ltd
ALB-CLB-0002423,P0000544,43,CLB,BROKER,2023-10-27,2024-10-26,IF,Y,8534.48,8534.48,B1 1AA,VALID,VALID,Brown & Davies Insurance Services Ltd
ALB-HOM-0002109,P0000559,477,HOM,AGGREGATOR,2026-05-13,2027-05-13,RN,Y,962.14,160.36,CF10 1EP,VALID,VALID,Hall & Patel Insurance Services Ltd
ALB-CLB-0002292,P0000561,68,CLB,AGGREGATOR,2024-05-29,2025-05-29,CN,N,6115.62,6115.62,YO1 6GA,VALID,VALID,Hall & Brown Insurance Services Ltd
ALB-TRV-0002618,P0000562,457,TRV,BROKER,2025-05-14,2026-05-14,IF,Y,1948.39,1948.39,G1 1XQ,VALID,VALID,OBrien & Patel Insurance Services Ltd
ALB-PET-0002356,P0000565,,PET,AGGREGATOR,2021-10-09,2022-10-09,IF,Y,2653.87,2653.87,M1  1AE,INVALID,VALID,Davies & Green Insurance Services Ltd
ALB-HOM-0003221,P0000572,,HOM,DIRECT,2023-12-01,2024-11-30,EX,N,2638.18,2638.18,G1 1XQ,VALID,VALID,Baker & Wright Insurance Services Ltd
ALB-CLB-0000562,P0000573,179,CLB,DIRECT,2018-06-25,2019-06-25,RN,Y,3060.69,3060.69,RG1 1LX,VALID,VALID,Hall & Hall Insurance Services Ltd
ALB-MOT-0001464,P0000585,102,MOT,BROKER,2018-03-30,2019-03-30,EX,N,4186.12,4186.12,LS1 4AP,VALID,VALID,Wilson & Wright Insurance Services Ltd
ALB-PET-0000703,P0000598,150,PET,BROKER,2024-10-02,2025-10-02,RN,Y,2214.68,2214.68,CF10 1EP,VALID,VALID,Robinson & Brown Insurance Services Ltd
ALB-HOM-0001230,P0000609,239,HOM,BROKER,2023-07-09,2024-07-08,IF,Y,3657.04,3657.04,ZZ99 9ZZ,VALID,VALID,Johnson & Hall Insurance Services Ltd
ALB-PET-0002108,P0000611,131,PET,DIRECT,2018-04-30,2019-04-30,CN,N,735.84,735.84,RG1 1LX,VALID,VALID,Jones & Baker Insurance Services Ltd
ALB-CLB-0002392,P0000619,278,CLB,AGGREGATOR,2018-07-25,2019-07-25,LP,N,7131.38,7131.38,BS1 4ST,VALID,VALID,Hall & Brown Insurance Services Ltd
ALB-CPM-0002064,P0000624,305,CPM,BROKER,2025-06-08,2026-06-08,IF,Y,4668.18,4668.18,M1 1AE,VALID,VALID,Jones & Baker Insurance Services Ltd
ALB-MOT-0000491,P0000626,467,MOT,AGGREGATOR,2025-12-06,2026-12-06,EX,N,479.01,279.42,EC1A 1BB,VALID,VALID,Davies & Wright Insurance Services Ltd
ALB-HOM-0001970,P0000632,407,HOM,AGGREGATOR,2023-08-20,2024-08-19,LP,N,3129.70,3129.70,LS1 4AP,VALID,VALID,Johnson & Hughes Insurance Services Ltd
ALB-MOT-0002044,P0000634,134,MOT,BROKER,2020-04-26,2021-04-26,RN,Y,1839.80,1839.80,NR1 3QQ,VALID,VALID,Patel & Wilson Insurance Services Ltd
ALB-PET-0000156,P0000639,450,PET,BROKER,2020-11-03,2021-11-03,EX,N,3342.51,3342.51,EC1A 1BB,VALID,VALID,Clarke & Wright Insurance Services Ltd
ALB-HOM-0001569,P0000641,144,HOM,BROKER,2021-04-04,2022-04-04,LP,N,502.60,502.60,BS1 4ST,VALID,VALID,Walker & OBrien Insurance Services Ltd
ALB-PET-0003991,P0000643,472,PET,BROKER,2025-01-23,2026-01-23,EX,N,3162.64,3162.64,YO1 6GA,VALID,VALID,Jones & Baker Insurance Services Ltd
ALB-TRV-0002919,P0000649,315,TRV,DIRECT,2022-06-08,2023-06-08,CN,N,3120.64,3120.64,G1 1XQ,VALID,VALID,Patel & Clarke Insurance Services Ltd
ALB-PET-0001242,P0000654,254,PET,DIRECT,2026-01-03,2027-01-03,RN,Y,3663.87,1831.94,NR1 3QQ,VALID,VALID,Smith & Brown Insurance Services Ltd
ALB-HOM-0001885,P0000661,3,HOM,DIRECT,2026-05-03,2027-05-03,IF,Y,2762.23,460.37,NR1 3QQ,VALID,VALID,Murphy & Johnson Insurance Services Ltd
ALB-CLB-0000930,P0000688,,CLB,DIRECT,2022-09-09,2023-09-09,IF,Y,12576.57,12576.57,EC1A 1BB,VALID,VALID,Baker & Wright Insurance Services Ltd
ALB-PET-0002570,P0000696,429,PET,AGGREGATOR,2026-02-05,2027-02-05,RN,Y,438.76,182.82,RG1 1LX,VALID,VALID,Davies & Davies Insurance Services Ltd
ALB-HOM-0002195,P0000701,,HOM,AGGREGATOR,2021-03-08,2022-03-08,LP,N,2299.29,2299.29,CF10 1EP,VALID,VALID,Smith & Walker Insurance Services Ltd
ALB-MOT-0001350,P0000717,86,MOT,AGGREGATOR,2025-04-19,2026-04-19,IF,Y,2365.02,2365.02,EC1A1BB,INVALID,VALID,Smith & Davies Insurance Services Ltd
ALB-CPM-0001176,P0000727,395,CPM,BROKER,2023-08-12,2024-08-11,EX,N,13872.05,13872.05,M1 1AE,VALID,VALID,Taylor & Walker Insurance Services Ltd
ALB-CLB-0003171,P0000733,,CLB,AGGREGATOR,2020-03-13,2021-03-13,IF,Y,4330.73,4330.73,B1 1AA,VALID,VALID,Williams & Williams Insurance Services Ltd
ALB-HOM-0000985,P0000742,78,HOM,DIRECT,2018-05-27,2019-05-27,CN,N,995.34,995.34,LS1 4AP,VALID,VALID,Baker & Brown Insurance Services Ltd
ALB-MOT-0001684,P0000750,,MOT,AGGREGATOR,2023-08-10,2024-08-09,LP,N,3110.28,3110.28,RG1 1LX,VALID,VALID,Hall & Hall Insurance Services Ltd
ALB-HOM-0003597,P0000752,10,HOM,DIRECT,2021-01-31,2022-01-31,IF,Y,2379.67,2379.67,YO1 6GA,VALID,VALID,Smith & Brown Insurance Services Ltd
ALB-MOT-0000144,P0000777,95,MOT,BROKER,2026-06-01,2027-06-01,IF,Y,3021.75,251.81,NR1 3QQ,VALID,VALID,Davies & Brown Insurance Services Ltd
ALB-CLB-0000322,P0000778,,CLB,DIRECT,2019-03-14,2020-03-13,RN,Y,2737.26,2737.26,BS1 4ST,VALID,VALID,Walker & OBrien Insurance Services Ltd
ALB-TRV-0001921,P0000782,189,TRV,BROKER,2024-05-24,2025-05-24,RN,Y,3240.15,3240.15,BS1 4ST,VALID,VALID,Wilson & Wright Insurance Services Ltd
ALB-TRV-0000605,P0000789,,TRV,DIRECT,2018-08-11,2019-08-11,LP,N,2340.76,2340.76,EC1A 1BB,VALID,VALID,Williams & Hall Insurance Services Ltd
ALB-CPM-0000065,P0000798,371,CPM,BROKER,2021-11-18,2022-11-18,EX,N,9922.48,9922.48,LS1 4AP,VALID,VALID,Patel & Clarke Insurance Services Ltd
ALB-HOM-0000397,P0000802,359,HOM,BROKER,2025-12-02,2026-12-02,LP,N,944.50,550.96,G1 1XQ,VALID,VALID,Brown & Davies Insurance Services Ltd
ALB-MOT-0001400,P0000804,132,MOT,DIRECT,2022-11-11,2023-11-11,IF,Y,2581.58,2581.58,BS1 4ST,VALID,VALID,Hall & Wright Insurance Services Ltd
ALB-CLB-0000614,P0000812,333,CLB,DIRECT,2022-03-26,2023-03-26,IF,Y,14105.80,14105.80,CF10 1EP,VALID,VALID,Taylor & Murphy Insurance Services Ltd
ALB-CLB-0001516,P0000814,,CLB,BROKER,2021-10-26,2022-10-26,LP,N,7474.83,7474.83,YO1 6GA,VALID,VALID,Smith & Walker Insurance Services Ltd
ALB-CPM-0003237,P0000827,221,CPM,DIRECT,2025-04-09,2026-04-09,CN,N,9228.49,9228.49,BS1 4ST,VALID,VALID,Smith & Brown Insurance Services Ltd
ALB-CLB-0003957,P0000835,367,CLB,BROKER,2023-06-23,2024-06-22,RN,Y,8427.73,8427.73,RG1 1LX,VALID,VALID,Green & Murphy Insurance Services Ltd
ALB-MOT-0000888,P0000837,,MOT,DIRECT,2024-02-09,2025-02-08,RN,Y,3635.40,3635.40,NR1 3QQ,VALID,VALID,Smith & Davies Insurance Services Ltd
ALB-CLB-0000432,P0000846,228,CLB,BROKER,2025-04-29,2026-04-29,EX,N,10358.29,10358.29,B1 1AA,VALID,VALID,Wilson & Wright Insurance Services Ltd
ALB-CPM-0003100,P0000861,130,CPM,BROKER,2021-10-21,2022-10-21,IF,Y,1134.28,1134.28,YO1 6GA,VALID,VALID,Davies & Taylor Insurance Services Ltd
ALB-MOT-0000370,P0000865,364,MOT,AGGREGATOR,2018-04-27,2019-04-27,IF,Y,2745.36,2745.36,LS1 4AP,VALID,VALID,Johnson & Hall Insurance Services Ltd
ALB-TRV-0000851,P0000868,229,TRV,DIRECT,2026-08-03,2027-08-03,EX,N,4065.31,0.00,G1 1XQ,VALID,VALID,Hall & Murphy Insurance Services Ltd
ALB-TRV-0001403,P0000880,211,TRV,AGGREGATOR,2019-12-30,2020-12-29,EX,N,3081.07,3081.07,RG1 1LX,VALID,VALID,Baker & Clarke Insurance Services Ltd
ALB-TRV-0001434,P0000888,,TRV,AGGREGATOR,2018-08-06,2019-08-06,EX,N,2110.28,2110.28,G1 1XQ,VALID,VALID,Patel & Clarke Insurance Services Ltd
ALB-CLB-0000176,P0000906,,CLB,BROKER,2024-11-23,2025-11-23,RN,Y,2220.50,2220.50,YO1 6GA,VALID,VALID,Davies & Hughes Insurance Services Ltd
ALB-PET-0000796,P0000909,416,PET,DIRECT,2025-09-05,2026-09-05,EX,N,1915.24,1596.03,LS1 4AP,VALID,VALID,OBrien & Green Insurance Services Ltd
ALB-PET-0000049,P0000913,263,PET,DIRECT,2026-07-18,2027-07-18,RN,Y,2592.19,0.00,,INVALID,VALID,Taylor & Murphy Insurance Services Ltd
ALB-HOM-0002457,P0000920,,HOM,DIRECT,2025-10-06,2026-10-06,IF,Y,2850.01,2137.51,RG1 1LX,VALID,VALID,Baker & Clarke Insurance Services Ltd
ALB-PET-0001103,P0000934,468,PET,BROKER,2018-06-06,2019-06-06,RN,Y,923.87,923.87,LS1 4AP,VALID,VALID,Hall & Patel Insurance Services Ltd
ALB-PET-0001187,P0000939,249,PET,BROKER,2019-11-16,2020-11-15,EX,N,435.69,435.69,G1 1XQ,VALID,VALID,Williams & Williams Insurance Services Ltd
ALB-PET-0002826,P0000950,106,PET,BROKER,2025-05-23,2026-05-23,IF,Y,3570.38,3570.38,M1 1AE,VALID,VALID,Hall & Hall Insurance Services Ltd
ALB-CLB-0002019,P0000951,,CLB,BROKER,2021-10-11,2022-10-11,RN,Y,2547.47,2547.47,BS1 4ST,VALID,VALID,Johnson & Murphy Insurance Services Ltd
ALB-MOT-0002261,P0000953,,MOT,BROKER,2024-07-25,2025-07-25,IF,Y,3271.74,3271.74,BS1 4ST,VALID,VALID,Hall & Brown Insurance Services Ltd
ALB-TRV-0000068,P0000958,,TRV,BROKER,2024-11-03,2025-11-03,IF,Y,2867.38,2867.38,CF10 1EP,VALID,VALID,Green & Jones Insurance Services Ltd
ALB-CLB-0003258,P0000959,,CLB,DIRECT,2021-04-10,2022-04-10,LP,N,8723.66,8723.66,M1 1AE,VALID,VALID,Davies & Wright Insurance Services Ltd
ALB-CPM-0003534,P0000973,,CPM,BROKER,2018-05-13,2019-05-13,EX,N,2842.39,2842.39,EC1A 1BB,VALID,VALID,Clarke & Wright Insurance Services Ltd
ALB-TRV-0002017,P0000988,223,TRV,BROKER,2020-05-04,2021-05-04,RN,Y,1964.55,1964.55,LS1 4AP,VALID,VALID,Baker & Clarke Insurance Services Ltd
ALB-MOT-0000874,P0000989,,MOT,BROKER,2019-05-09,2020-05-08,LP,N,1070.86,1070.86,RG1 1LX,VALID,VALID,Williams & Hall Insurance Services Ltd
ALB-PET-0003465,P0001008,,PET,DIRECT,2021-05-23,2022-05-23,IF,Y,735.99,735.99,LS1 4AP,VALID,VALID,Patel & Taylor Insurance Services Ltd
ALB-MOT-0001424,P0001022,203,MOT,BROKER,2018-12-07,2019-12-07,IF,Y,3994.83,3994.83,NR1 3QQ,VALID,VALID,Green & Murphy Insurance Services Ltd
ALB-HOM-0002651,P0001029,351,HOM,DIRECT,2021-06-07,2022-06-07,IF,Y,3932.87,3932.87,,INVALID,VALID,Davies & Green Insurance Services Ltd
ALB-HOM-0000680,P0001034,,HOM,BROKER,2022-11-08,2023-11-08,IF,Y,4139.47,4139.47,RG1 1LX,VALID,VALID,Robinson & Brown Insurance Services Ltd
ALB-CPM-0001983,P0001040,227,CPM,BROKER,2020-05-23,2021-05-23,IF,Y,10104.98,10104.98,M1 1AE,VALID,VALID,Murphy & Johnson Insurance Services Ltd
ALB-TRV-0003860,P0001042,370,TRV,AGGREGATOR,2018-06-26,2019-06-26,IF,Y,3626.77,3626.77,CF10 1EP,VALID,VALID,Williams & Baker Insurance Services Ltd
ALB-HOM-0003172,P0001046,,HOM,BROKER,2023-06-25,2024-06-24,IF,Y,3798.43,3798.43,BS1 4ST,VALID,VALID,Wilson & Johnson Insurance Services Ltd
ALB-CLB-0002559,P0001048,348,CLB,DIRECT,2019-04-14,2020-04-13,LP,N,12664.86,12664.86,NR1 3QQ,VALID,VALID,Patel & Wilson Insurance Services Ltd
ALB-CLB-0003209,P0001064,,CLB,AGGREGATOR,2025-02-11,2026-02-11,IF,Y,7454.08,7454.08,M1 1AE,VALID,VALID,Williams & Williams Insurance Services Ltd
ALB-CPM-0003052,P0001065,,CPM,DIRECT,2025-04-18,2026-04-18,LP,N,6025.66,6025.66,EC1A 1BB,VALID,VALID,Khan & Davies Insurance Services Ltd
ALB-CPM-0001432,P0001075,,CPM,BROKER,2023-02-09,2024-02-09,IF,Y,6943.41,6943.41,M1 1AE,VALID,VALID,Green & Murphy Insurance Services Ltd
ALB-HOM-0001185,P0001082,439,HOM,AGGREGATOR,2020-04-20,2021-04-20,CN,N,3925.72,3925.72,B1 1AA,VALID,VALID,Murphy & Johnson Insurance Services Ltd
ALB-CLB-0001760,P0001093,,CLB,DIRECT,2020-12-11,2021-12-11,RN,Y,1858.92,1858.92,YO1 6GA,VALID,VALID,Hall & Murphy Insurance Services Ltd
ALB-CLB-0001057,P0001095,139,CLB,AGGREGATOR,2018-01-29,2019-01-29,LP,N,13137.00,13137.00,EC1A 1BB,VALID,VALID,Baker & Hughes Insurance Services Ltd
ALB-MOT-0000719,P0001118,,MOT,BROKER,2023-11-19,2024-11-18,IF,Y,3711.30,3711.30,N/A,INVALID,VALID,Baker & Wright Insurance Services Ltd
ALB-CPM-0004249,P0001144,,CPM,DIRECT,2019-12-06,2020-12-05,IF,Y,14691.71,14691.71,N/A,INVALID,VALID,Taylor & Wilson Insurance Services Ltd
ALB-CPM-0000298,P0001146,,CPM,DIRECT,2025-10-09,2026-10-09,RN,Y,3272.42,2454.32,EC1A 1BB,VALID,VALID,Jones & Baker Insurance Services Ltd
ALB-HOM-0000646,P0001156,280,HOM,BROKER,2026-09-01,2027-09-01,IF,Y,2691.11,0.00,B1 1AA,VALID,VALID,Green & Patel Insurance Services Ltd
ALB-CLB-0001022,P0001173,29,CLB,DIRECT,2024-09-04,2025-09-04,IF,Y,7291.29,7291.29,NR1 3QQ,VALID,VALID,Smith & Walker Insurance Services Ltd
ALB-PET-0002485,P0001177,20,PET,AGGREGATOR,2021-06-30,2022-06-30,IF,Y,546.49,546.49,M1 1AE,VALID,VALID,Hall & Baker Insurance Services Ltd
ALB-HOM-0002996,P0001179,,HOM,DIRECT,2022-08-09,2023-08-09,IF,Y,2152.40,2152.40,BS1 4ST,VALID,VALID,Taylor & Murphy Insurance Services Ltd
ALB-TRV-0000086,P0001184,232,TRV,BROKER,2020-10-23,2021-10-23,CN,N,1412.67,1412.67,RG1 1LX,VALID,VALID,Davies & Taylor Insurance Services Ltd
ALB-PET-0000946,P0001188,412,PET,BROKER,2022-01-17,2023-01-17,LP,N,2541.37,2541.37,EC1A 1BB,VALID,VALID,Clarke & Wright Insurance Services Ltd
ALB-TRV-0001511,P0001194,320,TRV,BROKER,2026-03-01,2027-03-01,IF,Y,707.10,235.70,RG1 1LX,VALID,VALID,Johnson & Hughes Insurance Services Ltd
ALB-HOM-0000205,P0001202,151,HOM,BROKER,2025-06-23,2026-06-23,LP,N,2115.28,2115.28,B1 1AA,VALID,VALID,Baker & Hughes Insurance Services Ltd
ALB-CPM-0003900,P0001209,340,CPM,DIRECT,2020-10-19,2021-10-19,IF,Y,2161.70,2161.70,G1 1XQ,VALID,VALID,Walker & Wright Insurance Services Ltd
ALB-PET-0001415,P0001212,189,PET,BROKER,2019-04-01,2020-03-31,IF,Y,3122.18,3122.18,RG1 1LX,VALID,VALID,Taylor & Walker Insurance Services Ltd
ALB-HOM-0001237,P0001217,,HOM,AGGREGATOR,2018-04-20,2019-04-20,EX,N,288.82,288.82,G1 1XQ,VALID,VALID,Davies & Brown Insurance Services Ltd
ALB-TRV-0002961,P0001228,300,TRV,DIRECT,2025-10-09,2026-10-09,IF,Y,3466.48,2599.86,RG1 1LX,VALID,VALID,Williams & Hall Insurance Services Ltd
ALB-CLB-0002607,P0001239,,CLB,AGGREGATOR,2018-02-27,2019-02-27,IF,Y,10702.30,10702.30,M1 1AE,VALID,VALID,Wilson & Wright Insurance Services Ltd
ALB-CLB-0003344,P0001240,321,CLB,DIRECT,2021-05-03,2022-05-03,EX,N,2360.24,2360.24,B1 1AA,VALID,VALID,Williams & Baker Insurance Services Ltd
ALB-TRV-0001736,P0001246,,TRV,BROKER,2023-12-17,2024-12-16,LP,N,1706.94,1706.94,CF10 1EP,VALID,VALID,Jones & Robinson Insurance Services Ltd
ALB-TRV-0000443,P0001253,,TRV,BROKER,2023-05-18,2024-05-17,RN,Y,3906.53,3906.53,M1 1AE,VALID,VALID,Clarke & Wright Insurance Services Ltd
ALB-PET-0004092,P0001258,206,PET,AGGREGATOR,2019-04-12,2020-04-11,IF,Y,3897.96,3897.96,YO1 6GA,VALID,VALID,Davies & Davies Insurance Services Ltd
ALB-CLB-0000007,P0001260,,CLB,BROKER,2022-08-25,2023-08-25,IF,Y,8660.20,8660.20,M1 1AE,VALID,VALID,Johnson & Hall Insurance Services Ltd
ALB-CLB-0002998,P0001262,,CLB,BROKER,2026-11-10,2027-11-10,IF,Y,1225.35,0.00,G1 1XQ,VALID,VALID,Green & Jones Insurance Services Ltd
ALB-PET-0003183,P0001265,,PET,BROKER,2018-11-30,2019-11-30,IF,Y,2569.84,2569.84,B1 1AA,VALID,VALID,Hughes & Wright Insurance Services Ltd
ALB-MOT-0000382,P0001289,98,MOT,DIRECT,2019-10-28,2020-10-27,RN,Y,3303.33,3303.33,RG1 1LX,VALID,VALID,Jones & Robinson Insurance Services Ltd
ALB-MOT-0001253,P0001295,,MOT,DIRECT,2026-05-17,2027-05-17,CN,N,268.13,44.69,CF10 1EP,VALID,VALID,Williams & Hall Insurance Services Ltd
ALB-CLB-0000659,P0001299,,CLB,BROKER,2018-01-06,2019-01-06,IF,Y,8602.88,8602.88,LS1 4AP,VALID,VALID,Baker & Hughes Insurance Services Ltd
ALB-HOM-0003594,P0001300,,HOM,AGGREGATOR,2025-03-27,2026-03-27,IF,Y,3388.39,3388.39,B1 1AA,VALID,VALID,Murphy & Johnson Insurance Services Ltd
ALB-TRV-0001173,P0001309,430,TRV,AGGREGATOR,2026-01-13,2027-01-13,RN,Y,1065.57,532.79,BS1 4ST,VALID,VALID,Johnson & Murphy Insurance Services Ltd
ALB-CLB-0000603,P0001311,370,CLB,DIRECT,2021-11-24,2022-11-24,RN,Y,10142.37,10142.37,M1  1AE,INVALID,VALID,Smith & Davies Insurance Services Ltd
ALB-TRV-0000231,P0001313,,TRV,BROKER,2026-06-14,2027-06-14,EX,N,2696.69,224.72,M1 1AE,VALID,VALID,Williams & Hall Insurance Services Ltd
ALB-TRV-0002441,P0001335,13,TRV,DIRECT,2025-11-19,2026-11-19,IF,Y,1692.64,1128.43,LS1 4AP,VALID,VALID,Hall & Hall Insurance Services Ltd
ALB-CPM-0002327,P0001337,39,CPM,DIRECT,2019-10-24,2020-10-23,RN,Y,12325.83,12325.83,EC1A 1BB,VALID,VALID,Jones & Baker Insurance Services Ltd
ALB-CPM-0000964,P0001341,,CPM,BROKER,2025-07-10,2026-07-10,IF,Y,2920.02,2920.02,CF10 1EP,VALID,VALID,Davies & Brown Insurance Services Ltd
ALB-MOT-0003273,P0001352,,MOT,DIRECT,2023-12-13,2024-12-12,IF,Y,626.38,626.38,EC1A 1BB,VALID,VALID,Davies & Hughes Insurance Services Ltd
ALB-TRV-0003295,P0001358,303,TRV,BROKER,2023-01-15,2024-01-15,IF,Y,502.65,502.65,RG1 1LX,VALID,VALID,Johnson & Hughes Insurance Services Ltd
ALB-CLB-0003205,P0001375,497,CLB,DIRECT,2018-02-01,2019-02-01,IF,Y,5669.33,5669.33,B1 1AA,VALID,VALID,Clarke & Wright Insurance Services Ltd
ALB-CLB-0000214,P0001381,,CLB,BROKER,2026-07-24,2027-07-24,EX,N,6971.76,0.00,CF10 1EP,VALID,VALID,Smith & Clarke Insurance Services Ltd
ALB-CPM-0002250,P0001388,71,CPM,DIRECT,2026-03-19,2027-03-19,RN,Y,2338.33,779.44,M1 1AE,VALID,VALID,Williams & Hall Insurance Services Ltd
ALB-TRV-0000683,P0001410,136,TRV,BROKER,2024-07-29,2025-07-29,IF,Y,3123.15,3123.15,NR1 3QQ,VALID,VALID,Clarke & Wright Insurance Services Ltd
ALB-HOM-0002429,P0001411,,HOM,BROKER,2023-12-07,2024-12-06,RN,Y,942.32,942.32,G1 1XQ,VALID,VALID,Murphy & Johnson Insurance Services Ltd
ALB-HOM-0002105,P0001414,,HOM,BROKER,2026-10-08,2027-10-08,RN,Y,2172.25,0.00,G1 1XQ,VALID,VALID,Smith & Brown Insurance Services Ltd
ALB-PET-0000799,P0001422,,PET,DIRECT,2021-08-04,2022-08-04,EX,N,834.15,834.15,LS1 4AP,VALID,VALID,Hall & Khan Insurance Services Ltd
ALB-CPM-0000795,P0001434,,CPM,AGGREGATOR,2018-03-16,2019-03-16,LP,N,2615.56,2615.56,G1 1XQ,VALID,VALID,Smith & Walker Insurance Services Ltd
ALB-HOM-0000426,P0001435,,HOM,BROKER,2020-09-06,2021-09-06,RN,Y,2085.31,2085.31,B1 1AA,VALID,VALID,Davies & Green Insurance Services Ltd
ALB-TRV-0001305,P0001439,,TRV,BROKER,2023-07-06,2024-07-05,EX,N,926.78,926.78,RG1 1LX,VALID,VALID,Clarke & Wright Insurance Services Ltd
ALB-TRV-0002201,P0001459,,TRV,BROKER,2021-01-06,2022-01-06,CN,N,2792.42,2792.42,YO1 6GA,VALID,VALID,Davies & Green Insurance Services Ltd
ALB-TRV-0001314,P0001467,218,TRV,DIRECT,2018-08-31,2019-08-31,LP,N,1911.84,1911.84,EC1A 1BB,VALID,VALID,Khan & Smith Insurance Services Ltd
ALB-MOT-0000485,P0001474,,MOT,BROKER,2018-09-08,2019-09-08,IF,Y,2666.19,2666.19,EC1A 1BB,VALID,VALID,Taylor & Johnson Insurance Services Ltd
ALB-PET-0001698,P0001484,,PET,AGGREGATOR,2022-02-09,2023-02-09,IF,Y,2701.76,2701.76,B1 1AA,VALID,VALID,OBrien & Patel Insurance Services Ltd
ALB-CLB-0000955,P0001493,,CLB,DIRECT,2019-07-23,2020-07-22,IF,Y,7167.56,7167.56,M1  1AE,INVALID,VALID,Davies & Davies Insurance Services Ltd
ALB-MOT-0002592,P0001495,,MOT,DIRECT,2025-04-27,2026-04-27,EX,N,3193.51,3193.51,G1 1XQ,VALID,VALID,Jones & Baker Insurance Services Ltd
ALB-CPM-0000064,P0001497,322,CPM,BROKER,2025-12-11,2026-12-11,CN,N,8840.37,5156.88,YO1 6GA,VALID,VALID,OBrien & Patel Insurance Services Ltd
ALB-PET-0000125,P0001501,442,PET,BROKER,2024-10-11,2025-10-11,IF,Y,391.45,391.45,B1 1AA,VALID,VALID,Patel & Clarke Insurance Services Ltd
ALB-CPM-0001404,P0001511,,CPM,BROKER,2021-02-26,2022-02-26,RN,Y,2779.77,2779.77,M1 1AE,VALID,VALID,Robinson & Brown Insurance Services Ltd
ALB-HOM-0001543,P0001534,,HOM,BROKER,2020-12-19,2021-12-19,IF,Y,1635.96,1635.96,M1  1AE,INVALID,VALID,Williams & Baker Insurance Services Ltd
ALB-PET-0001739,P0001541,,PET,BROKER,2022-02-19,2023-02-19,IF,Y,3761.68,3761.68,EC1A 1BB,VALID,VALID,Baker & Hughes Insurance Services Ltd
ALB-CPM-0000551,P0001554,200,CPM,AGGREGATOR,2020-09-03,2021-09-03,IF,Y,13865.47,13865.47,M1 1AE,VALID,VALID,Patel & Wilson Insurance Services Ltd
ALB-CPM-0000361,P0001562,,CPM,AGGREGATOR,2019-01-27,2020-01-27,IF,Y,13866.82,13866.82,RG1 1LX,VALID,VALID,Hughes & Wright Insurance Services Ltd
ALB-CPM-0001449,P0001568,,CPM,DIRECT,2024-12-08,2025-12-08,IF,Y,1967.91,1967.91,EC1A 1BB,VALID,VALID,Hall & Wright Insurance Services Ltd
ALB-PET-0001745,P0001569,313,PET,BROKER,2021-10-25,2022-10-25,RN,Y,640.54,640.54,,INVALID,VALID,Davies & Green Insurance Services Ltd
ALB-MOT-0002051,P0001573,,MOT,DIRECT,2020-08-08,2021-08-08,IF,Y,1247.89,1247.89,NR1 3QQ,VALID,VALID,Taylor & Johnson Insurance Services Ltd
ALB-TRV-0000612,P0001574,,TRV,DIRECT,2019-02-15,2020-02-15,IF,Y,3142.83,3142.83,LS1 4AP,VALID,VALID,Johnson & Hughes Insurance Services Ltd
ALB-HOM-0000116,P0001591,397,HOM,DIRECT,2018-07-14,2019-07-14,EX,N,610.76,610.76,CF10 1EP,VALID,VALID,Wilson & Wright Insurance Services Ltd
ALB-MOT-0001029,P0001600,459,MOT,BROKER,2021-06-29,2022-06-29,IF,Y,3773.89,3773.89,BS1 4ST,VALID,VALID,Taylor & Walker Insurance Services Ltd
ALB-HOM-0000508,P0001602,,HOM,AGGREGATOR,2022-06-06,2023-06-06,RN,Y,453.36,453.36,M1 1AE,VALID,VALID,Wilson & Johnson Insurance Services Ltd
ALB-MOT-0001219,P0001613,216,MOT,BROKER,2023-01-05,2024-01-05,IF,Y,2163.53,2163.53,CF10 1EP,VALID,VALID,Brown & Jones Insurance Services Ltd
ALB-CPM-0001349,P0001626,12,CPM,BROKER,2020-08-09,2021-08-09,IF,Y,9435.39,9435.39,B1 1AA,VALID,VALID,Wilson & Wright Insurance Services Ltd
ALB-HOM-0001768,P0001628,,HOM,BROKER,2021-09-04,2022-09-04,IF,Y,1584.78,1584.78,NR1 3QQ,VALID,VALID,Hall & Brown Insurance Services Ltd
ALB-CLB-0004076,P0001632,,CLB,BROKER,2026-02-24,2027-02-24,CN,N,14085.09,5868.79,N/A,INVALID,VALID,OBrien & Patel Insurance Services Ltd
ALB-CLB-0001152,P0001633,464,CLB,DIRECT,2019-02-11,2020-02-11,IF,Y,6420.93,6420.93,CF10 1EP,VALID,VALID,Baker & Hughes Insurance Services Ltd
ALB-CPM-0001693,P0001651,142,CPM,BROKER,2026-08-20,2027-08-20,IF,Y,7548.16,0.00,RG1 1LX,VALID,VALID,Jones & Robinson Insurance Services Ltd
ALB-CLB-0003849,P0001666,,CLB,BROKER,2026-10-28,2027-10-28,IF,Y,12987.46,0.00,CF10 1EP,VALID,VALID,Wilson & Johnson Insurance Services Ltd
ALB-PET-0000056,P0001668,205,PET,BROKER,2021-01-16,2022-01-16,RN,Y,3529.30,3529.30,BS1 4ST,VALID,VALID,Williams & Baker Insurance Services Ltd
ALB-TRV-0002246,P0001675,423,TRV,DIRECT,2019-05-17,2020-05-16,LP,N,2491.64,2491.64,LS1 4AP,VALID,VALID,Walker & OBrien Insurance Services Ltd
ALB-CPM-0002055,P0001680,,CPM,BROKER,2019-04-10,2020-04-09,IF,Y,13766.25,13766.25,RG1 1LX,VALID,VALID,Hall & Brown Insurance Services Ltd
ALB-CPM-0003458,P0001691,392,CPM,BROKER,2025-10-15,2026-10-15,IF,Y,2739.13,2054.35,BS1 4ST,VALID,VALID,Baker & Clarke Insurance Services Ltd
ALB-PET-0000418,P0001699,264,PET,BROKER,2018-10-23,2019-10-23,EX,N,870.47,870.47,LS1 4AP,VALID,VALID,Smith & Brown Insurance Services Ltd
ALB-MOT-0000523,P0001715,144,MOT,AGGREGATOR,2023-06-19,2024-06-18,RN,Y,3066.17,3066.17,NR1 3QQ,VALID,VALID,Khan & Davies Insurance Services Ltd
ALB-CPM-0000448,P0001716,265,CPM,DIRECT,2020-01-24,2021-01-23,CN,N,14287.63,14287.63,YO1 6GA,VALID,VALID,Clarke & Wright Insurance Services Ltd
ALB-HOM-0000817,P0001717,47,HOM,DIRECT,2025-09-02,2026-09-02,IF,Y,1699.21,1416.01,B1 1AA,VALID,VALID,Wilson & Wright Insurance Services Ltd
ALB-CLB-0002026,P0001738,286,CLB,DIRECT,2026-01-01,2027-01-01,LP,N,2241.46,1120.73,CF10 1EP,VALID,VALID,Patel & Wilson Insurance Services Ltd
ALB-CLB-0003148,P0001740,250,CLB,DIRECT,2025-03-24,2026-03-24,EX,N,9770.78,9770.78,RG1 1LX,VALID,VALID,Murphy & Johnson Insurance Services Ltd
ALB-HOM-0000154,P0001744,,HOM,BROKER,2020-01-06,2021-01-05,RN,Y,3169.61,3169.61,LS1 4AP,VALID,VALID,Wilson & Johnson Insurance Services Ltd
ALB-CPM-0000593,P0001751,,CPM,BROKER,2020-11-19,2021-11-19,CN,N,9574.44,9574.44,G1 1XQ,VALID,VALID,Hall & Wright Insurance Services Ltd
ALB-HOM-0001868,P0001755,320,HOM,BROKER,2023-07-02,2024-07-01,IF,Y,687.96,687.96,CF10 1EP,VALID,VALID,Baker & Wright Insurance Services Ltd
ALB-TRV-0001298,P0001759,,TRV,BROKER,2019-01-01,2020-01-01,CN,N,2593.62,2593.62,YO1 6GA,VALID,VALID,Baker & Hughes Insurance Services Ltd
ALB-PET-0001049,P0001775,,PET,DIRECT,2024-01-14,2025-01-13,EX,N,265.80,265.80,RG1 1LX,VALID,VALID,Patel & Taylor Insurance Services Ltd
ALB-PET-0001945,P0001787,,PET,DIRECT,2022-09-06,2023-09-06,IF,Y,1185.74,1185.74,M1 1AE,VALID,VALID,Davies & Hughes Insurance Services Ltd
ALB-CLB-0000334,P0001790,,CLB,AGGREGATOR,2022-09-03,2023-09-03,LP,N,2510.57,2510.57,G1 1XQ,VALID,VALID,Green & Jones Insurance Services Ltd
ALB-CPM-0002041,P0001797,181,CPM,BROKER,2023-07-12,2024-07-11,CN,N,11424.40,11424.40,G1 1XQ,VALID,VALID,Jones & Baker Insurance Services Ltd
ALB-HOM-0000581,P0001798,262,HOM,AGGREGATOR,2023-10-16,2024-10-15,EX,N,2380.35,2380.35,NR1 3QQ,VALID,VALID,OBrien & Green Insurance Services Ltd
ALB-CPM-0003530,P0001803,356,CPM,BROKER,2025-03-12,2026-03-12,EX,N,7096.64,7096.64,YO1 6GA,VALID,VALID,Baker & Clarke Insurance Services Ltd
ALB-TRV-0000808,P0001814,,TRV,DIRECT,2026-03-27,2027-03-27,RN,Y,3576.10,894.03,NR1 3QQ,VALID,VALID,Walker & OBrien Insurance Services Ltd
ALB-PET-0003033,P0001821,,PET,BROKER,2022-02-13,2023-02-13,IF,Y,965.45,965.45,NR1 3QQ,VALID,VALID,Hall & Baker Insurance Services Ltd
ALB-HOM-0000289,P0001833,211,HOM,AGGREGATOR,2024-04-01,2025-04-01,EX,N,1923.41,1923.41,CF10 1EP,VALID,VALID,Smith & Clarke Insurance Services Ltd
ALB-MOT-0001359,P0001858,,MOT,BROKER,2024-11-05,2025-11-05,IF,Y,3799.53,3799.53,YO1 6GA,VALID,VALID,Walker & OBrien Insurance Services Ltd
ALB-PET-0000855,P0001862,,PET,BROKER,2022-10-14,2023-10-14,IF,Y,1988.49,1988.49,M1 1AE,VALID,VALID,Smith & Brown Insurance Services Ltd
ALB-PET-0000934,P0001870,,PET,BROKER,2024-07-26,2025-07-26,EX,N,808.21,808.21,EC1A 1BB,VALID,VALID,Walker & Wright Insurance Services Ltd
ALB-TRV-0003310,P0001877,,TRV,DIRECT,2024-07-18,2025-07-18,IF,Y,2451.29,2451.29,B1 1AA,VALID,VALID,Johnson & Murphy Insurance Services Ltd
ALB-PET-0002684,P0001878,368,PET,BROKER,2021-08-27,2022-08-27,LP,N,4126.34,4126.34,BS1 4ST,VALID,VALID,Brown & Jones Insurance Services Ltd
ALB-PET-0003038,P0001888,207,PET,AGGREGATOR,2021-11-27,2022-11-27,IF,Y,3219.62,3219.62,EC1A 1BB,VALID,VALID,Hall & Hall Insurance Services Ltd
ALB-MOT-0001323,P0001890,,MOT,AGGREGATOR,2020-05-11,2021-05-11,EX,N,4092.00,4092.00,BS1 4ST,VALID,VALID,Wilson & OBrien Insurance Services Ltd
ALB-TRV-0001210,P0001905,299,TRV,BROKER,2020-03-05,2021-03-05,IF,Y,4021.52,4021.52,N/A,INVALID,VALID,Taylor & Johnson Insurance Services Ltd
ALB-PET-0003586,P0001907,,PET,BROKER,2018-12-06,2019-12-06,EX,N,3100.33,3100.33,B1 1AA,VALID,VALID,Johnson & Hall Insurance Services Ltd
ALB-HOM-0000971,P0001913,,HOM,BROKER,2025-01-31,2026-01-31,IF,Y,2122.15,2122.15,M1 1AE,VALID,VALID,OBrien & Green Insurance Services Ltd
ALB-CPM-0000265,P0001922,,CPM,AGGREGATOR,2025-05-24,2026-05-24,CN,N,10861.46,10861.46,EC1A 1BB,VALID,VALID,Wilson & OBrien Insurance Services Ltd
ALB-CLB-0001663,P0001925,,CLB,DIRECT,2019-07-04,2020-07-03,EX,N,7479.62,7479.62,LS1 4AP,VALID,VALID,OBrien & Green Insurance Services Ltd
ALB-MOT-0002927,P0001930,333,MOT,AGGREGATOR,2025-04-01,2026-04-01,EX,N,1573.67,1573.67,RG1 1LX,VALID,VALID,Johnson & Hughes Insurance Services Ltd
ALB-CPM-0001281,P0001937,,CPM,AGGREGATOR,2025-09-20,2026-09-20,RN,Y,2852.38,2376.98,RG1 1LX,VALID,VALID,Khan & Smith Insurance Services Ltd
ALB-MOT-0002090,P0001939,324,MOT,BROKER,2024-10-28,2025-10-28,IF,Y,4009.20,4009.20,B1 1AA,VALID,VALID,Wilson & Johnson Insurance Services Ltd
ALB-HOM-0000362,P0001942,451,HOM,DIRECT,2020-02-09,2021-02-08,RN,Y,3780.19,3780.19,BS1 4ST,VALID,VALID,Baker & Wright Insurance Services Ltd
ALB-HOM-0000117,P0001944,,HOM,AGGREGATOR,2021-09-14,2022-09-14,CN,N,555.35,555.35,G1 1XQ,VALID,VALID,Jones & Baker Insurance Services Ltd
ALB-HOM-0002401,P0001952,,HOM,DIRECT,2019-07-01,2020-06-30,IF,Y,1230.97,1230.97,CF10 1EP,VALID,VALID,Taylor & Walker Insurance Services Ltd
ALB-MOT-0003668,P0001965,,MOT,BROKER,2021-04-05,2022-04-05,RN,Y,4048.07,4048.07,YO1 6GA,VALID,VALID,Green & Murphy Insurance Services Ltd
ALB-PET-0000267,P0001967,12,PET,BROKER,2018-03-23,2019-03-23,LP,N,2151.15,2151.15,CF10 1EP,VALID,VALID,Hall & Hall Insurance Services Ltd
ALB-TRV-0000341,P0001970,,TRV,DIRECT,2024-12-18,2025-12-18,EX,N,3043.94,3043.94,M1 1AE,VALID,VALID,Hall & Khan Insurance Services Ltd
ALB-TRV-0002223,P0001972,,TRV,AGGREGATOR,2025-05-01,2026-05-01,IF,Y,2680.09,2680.09,M1 1AE,VALID,VALID,Johnson & Hall Insurance Services Ltd
ALB-CLB-0002012,P0001973,,CLB,AGGREGATOR,2020-01-02,2021-01-01,RN,Y,5499.40,5499.40,RG1 1LX,VALID,VALID,Williams & Hall Insurance Services Ltd
ALB-PET-0000926,P0001986,,PET,DIRECT,2021-09-09,2022-09-09,LP,N,2345.68,2345.68,NR1 3QQ,VALID,VALID,Green & Jones Insurance Services Ltd
ALB-TRV-0001019,P0001995,165,TRV,AGGREGATOR,2018-05-29,2019-05-29,IF,Y,1896.16,1896.16,ZZ99 9ZZ,VALID,VALID,Hall & Patel Insurance Services Ltd
ALB-PET-0002269,P0002001,,PET,BROKER,2021-09-02,2022-09-02,IF,Y,3951.26,3951.26,M1 1AE,VALID,VALID,Baker & Wright Insurance Services Ltd
ALB-HOM-0003702,P0002005,413,HOM,BROKER,2023-10-09,2024-10-08,IF,Y,1766.98,1766.98,EC1A 1BB,VALID,VALID,Taylor & Walker Insurance Services Ltd
ALB-HOM-0000291,P0002010,342,HOM,BROKER,2026-03-21,2027-03-21,RN,Y,714.94,238.31,CF10 1EP,VALID,VALID,Jones & Baker Insurance Services Ltd
ALB-TRV-0002555,P0002023,198,TRV,BROKER,2021-05-31,2022-05-31,EX,N,462.42,462.42,G1 1XQ,VALID,VALID,Green & Jones Insurance Services Ltd
ALB-CLB-0001055,P0002025,359,CLB,DIRECT,2023-04-14,2024-04-13,LP,N,5512.72,5512.72,RG1 1LX,VALID,VALID,Williams & Baker Insurance Services Ltd
ALB-CLB-0001458,P0000017,208,CLB,AGGREGATOR,2022-06-30,2023-06-30,RN,Y,2582.17,2582.17,G1 1XQ,VALID,VALID,Clarke & Davies Insurance Services Ltd
ALB-PET-0000304,P0000068,184,PET,BROKER,2018-09-23,2019-09-23,EX,N,2657.70,2657.70,,INVALID,VALID,Hall & Baker Insurance Services Ltd
ALB-CPM-0004395,P0000143,479,CPM,BROKER,2024-04-17,2025-04-17,RN,Y,14521.47,14521.47,YO1 6GA,VALID,VALID,Williams & Williams Insurance Services Ltd
ALB-HOM-0000759,P0000194,,HOM,BROKER,2020-01-28,2021-01-27,IF,Y,896.62,896.62,RG1 1LX,VALID,VALID,Smith & Brown Insurance Services Ltd
ALB-MOT-0000262,P0000196,355,MOT,BROKER,2019-12-20,2020-12-19,IF,Y,4107.78,4107.78,CF10 1EP,VALID,VALID,Robinson & Brown Insurance Services Ltd
ALB-PET-0000189,P0000210,256,PET,DIRECT,2023-12-21,2024-12-20,IF,Y,2087.79,2087.79,RG1 1LX,VALID,VALID,Khan & Davies Insurance Services Ltd
ALB-CPM-0002204,P0000256,,CPM,BROKER,2025-02-10,2026-02-10,IF,Y,10223.74,10223.74,M1 1AE,VALID,VALID,OBrien & Patel Insurance Services Ltd
ALB-TRV-0000979,P0000263,,TRV,AGGREGATOR,2018-10-22,2019-10-22,LP,N,1942.29,1942.29,CF10 1EP,VALID,VALID,Davies & Brown Insurance Services Ltd
ALB-CPM-0000555,P0000272,,CPM,DIRECT,2026-11-19,2027-11-19,CN,N,4021.50,0.00,RG1 1LX,VALID,VALID,Patel & Wilson Insurance Services Ltd
ALB-PET-0000177,P0000320,,PET,AGGREGATOR,2025-07-15,2026-07-15,RN,Y,4082.68,4082.68,RG1 1LX,VALID,VALID,Davies & Davies Insurance Services Ltd
ALB-PET-0000834,P0000336,10,PET,DIRECT,2020-08-18,2021-08-18,EX,N,2724.58,2724.58,B1 1AA,VALID,VALID,Hall & Wright Insurance Services Ltd
ALB-MOT-0001989,P0000341,346,MOT,DIRECT,2020-08-12,2021-08-12,IF,Y,3483.57,3483.57,G1 1XQ,VALID,VALID,Hall & Khan Insurance Services Ltd
ALB-PET-0000709,P0000355,368,PET,BROKER,2021-08-05,2022-08-05,RN,Y,3080.86,3080.86,BS1 4ST,VALID,VALID,OBrien & Green Insurance Services Ltd
ALB-MOT-0000377,P0000374,,MOT,BROKER,2024-10-26,2025-10-26,RN,Y,537.85,537.85,CF10 1EP,VALID,VALID,Khan & Smith Insurance Services Ltd
ALB-CPM-0000053,P0000418,35,CPM,AGGREGATOR,2025-05-04,2026-05-04,RN,Y,9759.17,9759.17,BS1 4ST,VALID,VALID,Smith & Davies Insurance Services Ltd
ALB-CPM-0001669,P0000443,63,CPM,DIRECT,2018-11-02,2019-11-02,CN,N,10319.54,10319.54,N/A,INVALID,VALID,Taylor & Johnson Insurance Services Ltd
ALB-MOT-0001715,P0000518,294,MOT,DIRECT,2026-05-03,2027-05-03,EX,N,1447.93,241.32,LS1 4AP,VALID,VALID,Murphy & Johnson Insurance Services Ltd
ALB-CLB-0001607,P0000544,43,CLB,AGGREGATOR,2018-06-10,2019-06-10,IF,Y,12921.99,12921.99,B1 1AA,VALID,VALID,Khan & Smith Insurance Services Ltd
ALB-HOM-0000393,P0000559,477,HOM,AGGREGATOR,2019-09-20,2020-09-19,RN,Y,3843.11,3843.11,CF10 1EP,VALID,VALID,Taylor & Murphy Insurance Services Ltd
ALB-PET-0001045,P0000562,457,PET,BROKER,2024-12-06,2025-12-06,RN,Y,1531.08,1531.08,G1 1XQ,VALID,VALID,Robinson & Brown Insurance Services Ltd
ALB-HOM-0000905,P0000609,239,HOM,BROKER,2024-12-09,2025-12-09,IF,Y,2861.21,2861.21,ZZ99 9ZZ,VALID,VALID,Wilson & Johnson Insurance Services Ltd
ALB-TRV-0001926,P0000611,131,TRV,DIRECT,2024-01-13,2025-01-12,IF,Y,402.00,402.00,RG1 1LX,VALID,VALID,Wilson & OBrien Insurance Services Ltd
ALB-TRV-0002049,P0000624,305,TRV,BROKER,2025-05-10,2026-05-10,IF,Y,3976.54,3976.54,M1 1AE,VALID,VALID,Smith & Walker Insurance Services Ltd
ALB-CPM-0000079,P0000639,450,CPM,BROKER,2025-09-22,2026-09-22,RN,Y,6517.68,5431.40,EC1A 1BB,VALID,VALID,Taylor & Walker Insurance Services Ltd
ALB-PET-0000093,P0000673,,PET,DIRECT,2026-07-21,2027-07-21,EX,N,186.03,0.00,CF10 1EP,VALID,VALID,Jones & Baker Insurance Services Ltd
ALB-CPM-0001159,P0000701,,CPM,BROKER,2025-03-09,2026-03-09,IF,Y,13156.01,13156.01,CF10 1EP,VALID,VALID,Wilson & OBrien Insurance Services Ltd
ALB-CPM-0001182,P0000740,,CPM,BROKER,2023-01-24,2024-01-24,RN,Y,1387.41,1387.41,LS1 4AP,VALID,VALID,Hall & Wright Insurance Services Ltd
ALB-PET-0003575,P0000752,10,PET,BROKER,2024-05-13,2025-05-13,IF,Y,3320.29,3320.29,YO1 6GA,VALID,VALID,Baker & Brown Insurance Services Ltd
ALB-TRV-0000580,P0000768,188,TRV,DIRECT,2025-02-09,2026-02-09,IF,Y,801.55,801.55,LS1 4AP,VALID,VALID,Clarke & Davies Insurance Services Ltd
ALB-CLB-0000071,P0000787,305,CLB,BROKER,2019-12-07,2020-12-06,IF,Y,1340.70,1340.70,BS1 4ST,VALID,VALID,Wilson & OBrien Insurance Services Ltd
ALB-TRV-0002943,P0000835,367,TRV,AGGREGATOR,2018-08-18,2019-08-18,IF,Y,4000.45,4000.45,RG1 1LX,VALID,VALID,Johnson & Murphy Insurance Services Ltd
ALB-HOM-0000252,P0000837,,HOM,AGGREGATOR,2026-07-18,2027-07-18,RN,Y,2257.32,0.00,NR1 3QQ,VALID,VALID,Jones & Baker Insurance Services Ltd
ALB-TRV-0000197,P0000845,152,TRV,BROKER,2023-06-20,2024-06-19,LP,N,1057.15,1057.15,B1 1AA,VALID,VALID,Taylor & Wilson Insurance Services Ltd
ALB-CLB-0001789,P0000849,211,CLB,DIRECT,2026-05-17,2027-05-17,IF,Y,2430.04,405.01,M1 1AE,VALID,VALID,Clarke & Wright Insurance Services Ltd
ALB-CLB-0000385,P0000862,212,CLB,DIRECT,2026-09-18,2027-09-18,LP,N,4312.41,0.00,RG1 1LX,VALID,VALID,Taylor & Walker Insurance Services Ltd
ALB-HOM-0000216,P0000909,416,HOM,BROKER,2025-11-30,2026-11-30,IF,Y,339.83,198.23,LS1 4AP,VALID,VALID,Taylor & Wilson Insurance Services Ltd
ALB-CPM-0001116,P0000939,249,CPM,BROKER,2019-08-19,2020-08-18,RN,Y,8133.42,8133.42,G1 1XQ,VALID,VALID,Patel & Taylor Insurance Services Ltd
ALB-CPM-0001183,P0000951,,CPM,AGGREGATOR,2018-01-14,2019-01-14,EX,N,4186.71,4186.71,BS1 4ST,VALID,VALID,Davies & Wright Insurance Services Ltd
ALB-MOT-0002208,P0000953,,MOT,DIRECT,2018-04-07,2019-04-07,CN,N,2713.06,2713.06,BS1 4ST,VALID,VALID,OBrien & Green Insurance Services Ltd
ALB-TRV-0002587,P0000959,,TRV,DIRECT,2023-12-10,2024-12-09,IF,Y,3984.50,3984.50,M1 1AE,VALID,VALID,Walker & Wright Insurance Services Ltd
ALB-PET-0001898,P0000981,,PET,AGGREGATOR,2024-09-07,2025-09-07,IF,Y,819.96,819.96,YO1 6GA,VALID,VALID,Baker & Hughes Insurance Services Ltd
ALB-MOT-0002010,P0000988,223,MOT,DIRECT,2018-05-16,2019-05-16,IF,Y,4019.07,4019.07,LS1 4AP,VALID,VALID,Wilson & Wright Insurance Services Ltd
ALB-CPM-0002898,P0001008,,CPM,BROKER,2022-08-01,2023-08-01,IF,Y,9834.05,9834.05,LS1 4AP,VALID,VALID,Taylor & Wilson Insurance Services Ltd
ALB-TRV-0001373,P0001025,474,TRV,AGGREGATOR,2024-04-25,2025-04-25,IF,Y,2874.72,2874.72,M1 1AE,VALID,VALID,Clarke & Wright Insurance Services Ltd
ALB-PET-0001581,P0001046,,PET,BROKER,2020-08-01,2021-08-01,CN,N,3569.12,3569.12,BS1 4ST,VALID,VALID,Patel & Taylor Insurance Services Ltd
ALB-CLB-0002818,P0001064,,CLB,DIRECT,2020-06-06,2021-06-06,IF,Y,6676.49,6676.49,M1 1AE,VALID,VALID,Johnson & Hall Insurance Services Ltd
ALB-MOT-0001867,P0001065,,MOT,BROKER,2018-11-10,2019-11-10,IF,Y,3644.39,3644.39,EC1A 1BB,VALID,VALID,Wilson & Johnson Insurance Services Ltd
ALB-PET-0000239,P0001092,75,PET,BROKER,2023-05-18,2024-05-17,EX,N,494.41,494.41,NR1 3QQ,VALID,VALID,Baker & Williams Insurance Services Ltd
ALB-MOT-0000573,P0001095,139,MOT,BROKER,2019-06-07,2020-06-06,EX,N,3268.81,3268.81,EC1A 1BB,VALID,VALID,Davies & Wright Insurance Services Ltd
ALB-TRV-0001958,P0001111,319,TRV,BROKER,2019-04-18,2020-04-17,IF,Y,326.41,326.41,NR1 3QQ,VALID,VALID,Taylor & Johnson Insurance Services Ltd
ALB-HOM-0004032,P0001147,,HOM,AGGREGATOR,2023-05-21,2024-05-20,EX,N,3175.39,3175.39,YO1 6GA,VALID,VALID,Clarke & Davies Insurance Services Ltd
ALB-TRV-0002032,P0001179,,TRV,DIRECT,2026-05-21,2027-05-21,IF,Y,4018.26,669.71,BS1 4ST,VALID,VALID,Wilson & Wright Insurance Services Ltd
ALB-PET-0001775,P0001209,340,PET,BROKER,2026-03-23,2027-03-23,RN,Y,1886.89,628.96,G1 1XQ,VALID,VALID,Davies & Green Insurance Services Ltd
ALB-PET-0000351,P0001217,,PET,DIRECT,2023-02-12,2024-02-12,EX,N,2502.11,2502.11,G1 1XQ,VALID,VALID,Baker & Williams Insurance Services Ltd
ALB-HOM-0000441,P0001219,,HOM,BROKER,2023-03-18,2024-03-17,EX,N,3116.03,3116.03,M1 1AE,VALID,VALID,Johnson & Murphy Insurance Services Ltd
ALB-PET-0000364,P0001226,224,PET,DIRECT,2019-02-21,2020-02-21,IF,Y,1620.90,1620.90,EC1A 1BB,VALID,VALID,Wilson & Wright Insurance Services Ltd
ALB-MOT-0002517,P0001228,300,MOT,AGGREGATOR,2022-12-08,2023-12-08,RN,Y,3132.87,3132.87,RG1 1LX,VALID,VALID,Wilson & Wright Insurance Services Ltd
ALB-CPM-0001042,P0001239,,CPM,BROKER,2023-07-12,2024-07-11,EX,N,11020.09,11020.09,M1 1AE,VALID,VALID,OBrien & Green Insurance Services Ltd
ALB-MOT-0000506,P0001246,,MOT,BROKER,2021-10-21,2022-10-21,IF,Y,3137.84,3137.84,CF10 1EP,VALID,VALID,Taylor & Wilson Insurance Services Ltd
ALB-HOM-0002918,P0001258,206,HOM,AGGREGATOR,2026-04-28,2027-04-28,RN,Y,3558.19,593.03,YO1 6GA,VALID,VALID,Clarke & Wright Insurance Services Ltd
ALB-CPM-0002198,P0001262,,CPM,BROKER,2021-02-24,2022-02-24,IF,Y,7492.87,7492.87,G1 1XQ,VALID,VALID,Davies & Green Insurance Services Ltd
ALB-HOM-0000518,P0001269,220,HOM,AGGREGATOR,2024-03-11,2025-03-11,EX,N,3183.53,3183.53,M1 1AE,VALID,VALID,Hall & Baker Insurance Services Ltd
ALB-TRV-0003403,P0001298,,TRV,DIRECT,2024-05-28,2025-05-28,IF,Y,3230.67,3230.67,G1 1XQ,VALID,VALID,Hall & Wright Insurance Services Ltd
ALB-MOT-0000416,P0001299,,MOT,DIRECT,2026-12-14,2027-12-14,EX,N,3175.52,0.00,LS1 4AP,VALID,VALID,Taylor & Wilson Insurance Services Ltd
ALB-PET-0003476,P0001300,,PET,BROKER,2022-10-15,2023-10-15,RN,Y,4069.28,4069.28,B1 1AA,VALID,VALID,Green & Jones Insurance Services Ltd
ALB-HOM-0001985,P0001352,,HOM,DIRECT,2019-04-12,2020-04-11,IF,Y,3867.99,3867.99,EC1A 1BB,VALID,VALID,Williams & Hall Insurance Services Ltd
ALB-TRV-0000040,P0001358,303,TRV,BROKER,2023-08-23,2024-08-22,RN,Y,1427.83,1427.83,RG1 1LX,VALID,VALID,Walker & OBrien Insurance Services Ltd
ALB-MOT-0000225,P0001362,,MOT,BROKER,2019-02-03,2020-02-03,CN,N,4019.49,4019.49,ZZ99 9ZZ,VALID,VALID,Khan & Smith Insurance Services Ltd
ALB-PET-0001332,P0001388,71,PET,DIRECT,2023-08-08,2024-08-07,EX,N,4092.64,4092.64,M1 1AE,VALID,VALID,Clarke & Wright Insurance Services Ltd
ALB-CLB-0001287,P0001420,,CLB,BROKER,2025-08-12,2026-08-12,RN,Y,7359.95,6746.62,B1 1AA,VALID,VALID,Williams & Williams Insurance Services Ltd
ALB-MOT-0000722,P0001422,,MOT,BROKER,2021-10-11,2022-10-11,RN,Y,2490.06,2490.06,LS1 4AP,VALID,VALID,OBrien & Green Insurance Services Ltd
ALB-CLB-0000663,P0001439,,CLB,BROKER,2026-06-28,2027-06-28,IF,Y,7956.76,0.00,RG1 1LX,VALID,VALID,Jones & Robinson Insurance Services Ltd
ALB-MOT-0001656,P0001484,,MOT,DIRECT,2024-09-05,2025-09-05,LP,N,1340.59,1340.59,B1 1AA,VALID,VALID,Patel & Wilson Insurance Services Ltd
ALB-HOM-0000261,P0001486,,HOM,DIRECT,2018-09-29,2019-09-29,IF,Y,4138.82,4138.82,LS1 4AP,VALID,VALID,Jones & Baker Insurance Services Ltd
ALB-TRV-0000337,P0001493,,TRV,DIRECT,2021-08-03,2022-08-03,IF,Y,3793.50,3793.50,M1  1AE,INVALID,VALID,Hall & Brown Insurance Services Ltd
ALB-CLB-0001340,P0001568,,CLB,DIRECT,2025-04-19,2026-04-19,CN,N,12238.04,12238.04,EC1A 1BB,VALID,VALID,Green & Jones Insurance Services Ltd
ALB-PET-0001263,P0001569,313,PET,BROKER,2025-07-14,2026-07-14,IF,Y,1943.72,1943.72,,INVALID,VALID,OBrien & Green Insurance Services Ltd
ALB-HOM-0001618,P0001573,,HOM,BROKER,2022-03-04,2023-03-04,RN,Y,1751.65,1751.65,NR1 3QQ,VALID,VALID,Smith & Walker Insurance Services Ltd
ALB-TRV-0000247,P0001628,,TRV,AGGREGATOR,2021-02-26,2022-02-26,EX,N,3003.34,3003.34,NR1 3QQ,VALID,VALID,Clarke & Wright Insurance Services Ltd
ALB-MOT-0002062,P0001632,,MOT,BROKER,2019-08-04,2020-08-03,IF,Y,1835.14,1835.14,N/A,INVALID,VALID,Walker & Wright Insurance Services Ltd
ALB-HOM-0002928,P0001666,,HOM,BROKER,2026-02-10,2027-02-10,IF,Y,2676.03,1115.01,CF10 1EP,VALID,VALID,Johnson & Murphy Insurance Services Ltd
ALB-CLB-0000963,P0001675,423,CLB,DIRECT,2018-03-22,2019-03-22,IF,Y,8073.34,8073.34,LS1 4AP,VALID,VALID,Patel & Taylor Insurance Services Ltd
ALB-CLB-0001687,P0001685,,CLB,AGGREGATOR,2020-03-02,2021-03-02,LP,N,12444.03,12444.03,M1 1AE,VALID,VALID,Williams & Williams Insurance Services Ltd
ALB-CLB-0001485,P0001705,274,CLB,BROKER,2021-05-02,2022-05-02,LP,N,8634.30,8634.30,G1 1XQ,VALID,VALID,Taylor & Murphy Insurance Services Ltd
ALB-PET-0000636,P0001738,286,PET,AGGREGATOR,2024-09-11,2025-09-11,IF,Y,2847.70,2847.70,CF10 1EP,VALID,VALID,Smith & Clarke Insurance Services Ltd
ALB-HOM-0001779,P0001755,320,HOM,AGGREGATOR,2024-11-01,2025-11-01,IF,Y,3102.28,3102.28,CF10 1EP,VALID,VALID,Clarke & Davies Insurance Services Ltd
ALB-CPM-0000316,P0001778,,CPM,DIRECT,2021-09-01,2022-09-01,RN,Y,1215.20,1215.20,BS1 4ST,VALID,VALID,Hall & Patel Insurance Services Ltd
ALB-TRV-0000356,P0001800,18,TRV,AGGREGATOR,2024-08-12,2025-08-12,RN,Y,3591.35,3591.35,B1 1AA,VALID,VALID,Clarke & Wright Insurance Services Ltd
ALB-CPM-0001082,P0001803,356,CPM,BROKER,2024-02-03,2025-02-02,CN,N,5293.69,5293.69,YO1 6GA,VALID,VALID,Baker & Hughes Insurance Services Ltd
ALB-MOT-0001098,P0001822,,MOT,BROKER,2026-12-28,2027-12-28,LP,N,1873.06,0.00,EC1A1BB,INVALID,VALID,Hall & Patel Insurance Services Ltd
ALB-HOM-0001611,P0001823,,HOM,BROKER,2021-02-16,2022-02-16,RN,Y,3757.41,3757.41,RG1 1LX,VALID,VALID,Khan & Davies Insurance Services Ltd
ALB-MOT-0002591,P0001844,,MOT,DIRECT,2023-06-09,2024-06-08,EX,N,3796.98,3796.98,RG1 1LX,VALID,VALID,Davies & Wright Insurance Services Ltd
ALB-CLB-0002971,P0001877,,CLB,DIRECT,2020-02-15,2021-02-14,IF,Y,5690.18,5690.18,B1 1AA,VALID,VALID,Hall & Baker Insurance Services Ltd
ALB-PET-0000604,P0001888,207,PET,BROKER,2019-02-08,2020-02-08,EX,N,1032.20,1032.20,EC1A 1BB,VALID,VALID,Hall & Baker Insurance Services Ltd
ALB-CPM-0000567,P0001902,,CPM,AGGREGATOR,2026-05-18,2027-05-18,IF,Y,2891.96,481.99,NR1 3QQ,VALID,VALID,Walker & OBrien Insurance Services Ltd
ALB-CPM-0003427,P0001915,333,CPM,BROKER,2019-12-17,2020-12-16,RN,Y,13680.79,13680.79,M1 1AE,VALID,VALID,Baker & Wright Insurance Services Ltd
ALB-CLB-0001271,P0001921,55,CLB,DIRECT,2019-06-21,2020-06-20,RN,Y,5466.85,5466.85,BS1 4ST,VALID,VALID,Green & Jones Insurance Services Ltd
ALB-HOM-0001303,P0001926,,HOM,BROKER,2024-09-27,2025-09-27,EX,N,2594.99,2594.99,NR1 3QQ,VALID,VALID,Brown & Davies Insurance Services Ltd
ALB-TRV-0002264,P0001930,333,TRV,DIRECT,2021-08-25,2022-08-25,EX,N,1466.09,1466.09,RG1 1LX,VALID,VALID,Baker & Brown Insurance Services Ltd
ALB-MOT-0000495,P0001972,,MOT,AGGREGATOR,2026-09-26,2027-09-26,EX,N,1652.07,0.00,M1 1AE,VALID,VALID,Baker & Clarke Insurance Services Ltd
ALB-TRV-0001793,P0001977,,TRV,DIRECT,2026-04-02,2027-04-02,IF,Y,697.40,174.35,G1 1XQ,VALID,VALID,Smith & Davies Insurance Services Ltd
ALB-CPM-0001411,P0002001,,CPM,BROKER,2018-10-15,2019-10-15,IF,Y,11549.61,11549.61,M1 1AE,VALID,VALID,Taylor & Wilson Insurance Services Ltd
ALB-MOT-0003603,P0002005,413,MOT,AGGREGATOR,2021-11-22,2022-11-22,LP,N,3468.93,3468.93,EC1A 1BB,VALID,VALID,Wilson & Johnson Insurance Services Ltd
ALB-HOM-0002477,P0002023,198,HOM,DIRECT,2022-10-30,2023-10-30,LP,N,2960.85,2960.85,G1 1XQ,VALID,VALID,Jones & Baker Insurance Services Ltd
ALB-MOT-0000437,P0002033,293,MOT,BROKER,2025-08-31,2026-08-31,IF,Y,206.19,171.83,BS1 4ST,VALID,VALID,Taylor & Johnson Insurance Services Ltd
ALB-HOM-0002926,P0000312,55,HOM,BROKER,2019-06-15,2020-06-14,IF,Y,1389.72,1389.72,B1 1AA,VALID,VALID,Davies & Wright Insurance Services Ltd
ALB-TRV-0000208,P0000323,,TRV,BROKER,2021-03-15,2022-03-15,CN,N,1131.02,1131.02,RG1 1LX,VALID,VALID,Hall & Wright Insurance Services Ltd
ALB-MOT-0001319,P0000325,277,MOT,BROKER,2026-10-24,2027-10-24,IF,Y,831.34,0.00,G1 1XQ,VALID,VALID,Robinson & Brown Insurance Services Ltd
ALB-PET-0000227,P0000355,368,PET,AGGREGATOR,2019-06-12,2020-06-11,LP,N,2650.99,2650.99,BS1 4ST,VALID,VALID,Davies & Taylor Insurance Services Ltd
ALB-CPM-0000269,P0000378,366,CPM,BROKER,2022-06-12,2023-06-12,IF,Y,7403.63,7403.63,NR1 3QQ,VALID,VALID,Patel & Clarke Insurance Services Ltd
ALB-CPM-0000747,P0000385,,CPM,DIRECT,2026-08-25,2027-08-25,EX,N,11834.75,0.00,LS1 4AP,VALID,VALID,Clarke & Davies Insurance Services Ltd
ALB-MOT-0001738,P0000429,285,MOT,AGGREGATOR,2023-08-27,2024-08-26,RN,Y,3699.49,3699.49,YO1 6GA,VALID,VALID,Hall & Hall Insurance Services Ltd
ALB-HOM-0000113,P0000518,294,HOM,BROKER,2019-02-03,2020-02-03,IF,Y,1544.81,1544.81,LS1 4AP,VALID,VALID,Taylor & Johnson Insurance Services Ltd
ALB-CPM-0000084,P0000544,43,CPM,AGGREGATOR,2018-12-05,2019-12-05,CN,N,8039.84,8039.84,B1 1AA,VALID,VALID,Walker & Wright Insurance Services Ltd
ALB-MOT-0000204,P0000632,407,MOT,DIRECT,2025-03-23,2026-03-23,RN,Y,747.62,747.62,LS1 4AP,VALID,VALID,Davies & Wright Insurance Services Ltd
ALB-HOM-0001651,P0000779,454,HOM,BROKER,2020-12-03,2021-12-03,IF,Y,1968.66,1968.66,LS1 4AP,VALID,VALID,Wilson & Wright Insurance Services Ltd
ALB-PET-0001007,P0000861,130,PET,BROKER,2018-05-15,2019-05-15,CN,N,683.60,683.60,YO1 6GA,VALID,VALID,Baker & Hughes Insurance Services Ltd
ALB-TRV-0001379,P0000981,,TRV,BROKER,2019-09-03,2020-09-02,IF,Y,3064.39,3064.39,YO1 6GA,VALID,VALID,Clarke & Wright Insurance Services Ltd
ALB-CLB-0002715,P0001008,,CLB,BROKER,2021-11-18,2022-11-18,IF,Y,12693.61,12693.61,LS1 4AP,VALID,VALID,Baker & Hughes Insurance Services Ltd
ALB-PET-0001083,P0001042,370,PET,BROKER,2019-04-19,2020-04-18,IF,Y,2908.48,2908.48,CF10 1EP,VALID,VALID,Williams & Williams Insurance Services Ltd
ALB-PET-0000997,P0001111,319,PET,BROKER,2019-05-19,2020-05-18,LP,N,2546.77,2546.77,NR1 3QQ,VALID,VALID,Green & Patel Insurance Services Ltd
ALB-TRV-0001096,P0001147,,TRV,BROKER,2021-08-25,2022-08-25,IF,Y,939.26,939.26,YO1 6GA,VALID,VALID,Johnson & Murphy Insurance Services Ltd
ALB-HOM-0000950,P0001228,300,HOM,DIRECT,2021-11-22,2022-11-22,LP,N,1511.22,1511.22,RG1 1LX,VALID,VALID,Johnson & Hall Insurance Services Ltd
ALB-HOM-0000957,P0001258,206,HOM,BROKER,2024-04-06,2025-04-06,IF,Y,2980.96,2980.96,YO1 6GA,VALID,VALID,Patel & Wilson Insurance Services Ltd
ALB-MOT-0000539,P0001337,39,MOT,AGGREGATOR,2018-12-21,2019-12-21,RN,Y,2111.78,2111.78,EC1A 1BB,VALID,VALID,Walker & OBrien Insurance Services Ltd
ALB-MOT-0000698,P0001422,,MOT,DIRECT,2022-04-05,2023-04-05,RN,Y,776.65,776.65,LS1 4AP,VALID,VALID,Clarke & Wright Insurance Services Ltd
ALB-HOM-0001664,P0001459,,HOM,AGGREGATOR,2026-05-10,2027-05-10,IF,Y,3248.03,541.34,YO1 6GA,VALID,VALID,Clarke & Davies Insurance Services Ltd
ALB-TRV-0000952,P0001568,,TRV,AGGREGATOR,2020-05-29,2021-05-29,RN,Y,757.13,757.13,EC1A 1BB,VALID,VALID,Johnson & Murphy Insurance Services Ltd
ALB-HOM-0000923,P0001569,313,HOM,DIRECT,2022-05-16,2023-05-16,IF,Y,3220.78,3220.78,,INVALID,VALID,Taylor & Johnson Insurance Services Ltd
ALB-MOT-0000475,P0001573,,MOT,DIRECT,2019-06-24,2020-06-23,IF,Y,3177.09,3177.09,NR1 3QQ,VALID,VALID,Smith & Walker Insurance Services Ltd
ALB-CPM-0001233,P0001666,,CPM,AGGREGATOR,2022-01-08,2023-01-08,LP,N,2992.56,2992.56,CF10 1EP,VALID,VALID,Wilson & Wright Insurance Services Ltd
ALB-CLB-0000171,P0001755,320,CLB,DIRECT,2021-06-04,2022-06-04,IF,Y,4501.18,4501.18,CF10 1EP,VALID,VALID,Hall & Wright Insurance Services Ltd
ALB-HOM-0001455,P0001823,,HOM,BROKER,2022-12-05,2023-12-05,CN,N,3385.31,3385.31,RG1 1LX,VALID,VALID,Patel & Taylor Insurance Services Ltd
ALB-PET-0000229,P0001888,207,PET,DIRECT,2024-05-21,2025-05-21,IF,Y,1141.94,1141.94,EC1A 1BB,VALID,VALID,Khan & Davies Insurance Services Ltd
ALB-MOT-0000285,P0001972,,MOT,DIRECT,2018-09-07,2019-09-07,IF,Y,1205.37,1205.37,M1 1AE,VALID,VALID,Wilson & Wright Insurance Services Ltd
ALB-TRV-0002413,P0002023,198,TRV,BROKER,2020-07-31,2021-07-31,EX,N,2368.96,2368.96,G1 1XQ,VALID,VALID,Hall & Hall Insurance Services Ltd
ALB-TRV-0001264,P0000312,55,TRV,AGGREGATOR,2024-02-10,2025-02-09,IF,Y,3999.72,3999.72,B1 1AA,VALID,VALID,Davies & Taylor Insurance Services Ltd
ALB-CLB-0000417,P0000325,277,CLB,AGGREGATOR,2020-09-18,2021-09-18,LP,N,7372.33,7372.33,G1 1XQ,VALID,VALID,Baker & Williams Insurance Services Ltd
ALB-PET-0000200,P0000355,368,PET,DIRECT,2022-10-23,2023-10-23,RN,Y,1432.09,1432.09,BS1 4ST,VALID,VALID,Jones & Robinson Insurance Services Ltd
ALB-HOM-0001818,P0000752,10,HOM,AGGREGATOR,2021-01-21,2022-01-21,IF,Y,3837.43,3837.43,YO1 6GA,VALID,VALID,Clarke & Wright Insurance Services Ltd
ALB-TRV-0002575,P0001008,,TRV,BROKER,2019-05-07,2020-05-06,EX,N,3985.13,3985.13,LS1 4AP,VALID,VALID,Green & Jones Insurance Services Ltd
ALB-CPM-0000841,P0001111,319,CPM,BROKER,2025-07-04,2026-07-04,IF,Y,10063.33,10063.33,NR1 3QQ,VALID,VALID,Green & Jones Insurance Services Ltd
ALB-CPM-0000121,P0001450,4,CPM,AGGREGATOR,2018-08-08,2019-08-08,IF,Y,5390.26,5390.26,CF10 1EP,VALID,VALID,Hall & Patel Insurance Services Ltd
ALB-PET-0000344,P0001666,,PET,DIRECT,2022-08-27,2023-08-27,CN,N,3841.01,3841.01,CF10 1EP,VALID,VALID,Hall & Murphy Insurance Services Ltd
ALB-HOM-0000135,P0001972,,HOM,DIRECT,2026-07-23,2027-07-23,IF,Y,408.04,0.00,M1 1AE,VALID,VALID,Smith & Walker Insurance Services Ltd
ALB-CLB-0000273,P0002005,413,CLB,BROKER,2018-02-16,2019-02-16,IF,Y,3039.67,3039.67,EC1A 1BB,VALID,VALID,Johnson & Murphy Insurance Services Ltd
ALB-HOM-0000050,P0000325,277,HOM,DIRECT,2018-01-29,2019-01-29,RN,Y,357.53,357.53,G1 1XQ,VALID,VALID,Green & Patel Insurance Services Ltd
ALB-CPM-0001326,P0001008,,CPM,BROKER,2024-12-05,2025-12-05,EX,N,3278.33,3278.33,LS1 4AP,VALID,VALID,Wilson & Wright Insurance Services Ltd
ALB-CPM-0000097,P0000003,470,CPM,BROKER,2021-10-30,2022-10-30,EX,N,3291.90,3291.90,BS1 4ST,VALID,VALID,
ALB-HOM-0002670,P0000007,,HOM,BROKER,2024-11-28,2025-11-28,RN,Y,1945.13,1945.13,B1 1AA,VALID,VALID,
ALB-CPM-0003623,P0000028,280,CPM,BROKER,2024-11-25,2025-11-25,LP,N,13645.17,13645.17,BS1 4ST,VALID,VALID,
ALB-TRV-0003637,P0000035,217,TRV,BROKER,2026-08-07,2027-08-07,LP,N,1186.75,0.00,ZZ99 9ZZ,VALID,VALID,
ALB-CLB-0002838,P0000039,,CLB,BROKER,2018-01-18,2019-01-18,EX,N,4690.68,4690.68,G1 1XQ,VALID,VALID,
ALB-MOT-0001844,P0000040,,MOT,DIRECT,2018-03-18,2019-03-18,IF,Y,2138.46,2138.46,EC1A 1BB,VALID,VALID,
ALB-CPM-0002753,P0000048,266,CPM,DIRECT,2018-04-15,2019-04-15,IF,Y,5278.29,5278.29,B1 1AA,VALID,VALID,
ALB-CPM-0001866,P0000070,143,CPM,DIRECT,2024-06-16,2025-06-16,IF,Y,7771.76,7771.76,NR1 3QQ,VALID,VALID,
ALB-MOT-0003039,P0000082,82,MOT,DIRECT,2020-01-01,2020-12-31,IF,Y,2467.76,2467.76,G1 1XQ,VALID,VALID,
ALB-PET-0000991,P0000088,80,PET,BROKER,2021-02-13,2022-02-13,LP,N,1987.30,1987.30,NR1 3QQ,VALID,VALID,
ALB-CLB-0003466,P0000099,,CLB,AGGREGATOR,2021-10-31,2022-10-31,IF,Y,13321.35,13321.35,YO1 6GA,VALID,VALID,
ALB-TRV-0002799,P0000101,184,TRV,BROKER,2019-01-25,2020-01-25,IF,Y,2773.36,2773.36,CF10 1EP,VALID,VALID,
ALB-PET-0003053,P0000102,139,PET,DIRECT,2022-10-18,2023-10-18,LP,N,207.73,207.73,G1 1XQ,VALID,VALID,
ALB-CPM-0000829,P0000105,310,CPM,BROKER,2022-08-08,2023-08-08,EX,N,4018.48,4018.48,RG1 1LX,VALID,VALID,
ALB-CPM-0001917,P0000107,,CPM,BROKER,2026-08-22,2027-08-22,IF,Y,10546.38,0.00,EC1A 1BB,VALID,VALID,
ALB-CLB-0002685,P0000116,64,CLB,DIRECT,2018-09-22,2019-09-22,EX,N,12637.44,12637.44,M1 1AE,VALID,VALID,
ALB-PET-0001536,P0000120,283,PET,AGGREGATOR,2022-01-19,2023-01-19,IF,Y,3939.31,3939.31,BS1 4ST,VALID,VALID,
ALB-TRV-0004565,P0000130,99,TRV,BROKER,2020-05-11,2021-05-11,IF,Y,1480.39,1480.39,YO1 6GA,VALID,VALID,
ALB-CLB-0000984,P0000132,246,CLB,BROKER,2023-04-25,2024-04-24,CN,N,2402.92,2402.92,CF10 1EP,VALID,VALID,
ALB-CPM-0002009,P0000138,117,CPM,BROKER,2022-11-28,2023-11-28,LP,N,14013.74,14013.74,M1 1AE,VALID,VALID,
ALB-HOM-0005049,P0000143,479,HOM,DIRECT,2018-06-22,2019-06-22,CN,N,3132.77,3132.77,YO1 6GA,VALID,VALID,
ALB-CPM-0003057,P0000162,,CPM,DIRECT,2023-08-08,2024-08-07,LP,N,1087.91,1087.91,ZZ99 9ZZ,VALID,VALID,
ALB-MOT-0001957,P0000165,350,MOT,AGGREGATOR,2021-06-24,2022-06-24,IF,Y,2920.17,2920.17,M1 1AE,VALID,VALID,
ALB-HOM-0002103,P0000180,500,HOM,BROKER,2022-08-08,2023-08-08,EX,N,4018.55,4018.55,CF10 1EP,VALID,VALID,
ALB-CLB-0001824,P0000187,29,CLB,AGGREGATOR,2023-10-02,2024-10-01,EX,N,3791.52,3791.52,YO1 6GA,VALID,VALID,
ALB-CPM-0001421,P0000189,483,CPM,BROKER,2023-11-06,2024-11-05,RN,Y,3750.63,3750.63,YO1 6GA,VALID,VALID,
ALB-CLB-0000041,P0000190,162,CLB,BROKER,2024-02-13,2025-02-12,IF,Y,11557.53,11557.53,RG1 1LX,VALID,VALID,
ALB-PET-0000254,P0000204,377,PET,BROKER,2019-07-27,2020-07-26,IF,Y,568.49,568.49,RG1 1LX,VALID,VALID,
ALB-TRV-0003314,P0000206,336,TRV,BROKER,2018-01-07,2019-01-07,EX,N,2689.75,2689.75,NR1 3QQ,VALID,VALID,
ALB-PET-0003519,P0000210,256,PET,DIRECT,2018-12-28,2019-12-28,IF,Y,1634.31,1634.31,RG1 1LX,VALID,VALID,
ALB-CLB-0002804,P0000211,203,CLB,AGGREGATOR,2021-06-27,2022-06-27,RN,Y,5179.38,5179.38,RG1 1LX,VALID,VALID,
ALB-TRV-0002785,P0000213,330,TRV,BROKER,2023-05-15,2024-05-14,IF,Y,1770.21,1770.21,,INVALID,VALID,
ALB-HOM-0004363,P0000216,235,HOM,BROKER,2024-10-13,2025-10-13,EX,N,3593.59,3593.59,BS1 4ST,VALID,VALID,
ALB-CPM-0002194,P0000219,442,CPM,AGGREGATOR,2025-05-31,2026-05-31,EX,N,738.01,738.01,BS1 4ST,VALID,VALID,
ALB-MOT-0004555,P0000223,,MOT,BROKER,2026-10-30,2027-10-30,RN,Y,2104.98,0.00,YO1 6GA,VALID,VALID,
ALB-TRV-0002117,P0000228,300,TRV,BROKER,2026-04-22,2027-04-22,RN,Y,1196.81,299.20,M1 1AE,VALID,VALID,
ALB-CPM-0001370,P0000231,220,CPM,BROKER,2023-06-18,2024-06-17,IF,Y,13389.55,13389.55,CF10 1EP,VALID,VALID,
ALB-PET-0000202,P0000232,,PET,AGGREGATOR,2026-10-15,2027-10-15,CN,N,2344.84,0.00,LS1 4AP,VALID,VALID,
ALB-MOT-0001913,P0000240,261,MOT,AGGREGATOR,2020-04-19,2021-04-19,IF,Y,1154.85,1154.85,RG1 1LX,VALID,VALID,
ALB-MOT-0003895,P0000243,58,MOT,BROKER,2024-09-19,2025-09-19,CN,N,3929.30,3929.30,BS1 4ST,VALID,VALID,
ALB-PET-0001178,P0000246,47,PET,BROKER,2021-05-27,2022-05-27,RN,Y,2169.68,2169.68,YO1 6GA,VALID,VALID,
ALB-CPM-0002733,P0000249,,CPM,DIRECT,2020-02-18,2021-02-17,IF,Y,14628.55,14628.55,BS1 4ST,VALID,VALID,
ALB-CPM-0002966,P0000252,57,CPM,AGGREGATOR,2021-07-04,2022-07-04,IF,Y,1778.42,1778.42,CF10 1EP,VALID,VALID,
ALB-CLB-0002694,P0000260,488,CLB,AGGREGATOR,2022-12-14,2023-12-14,EX,N,4873.75,4873.75,B1 1AA,VALID,VALID,
ALB-MOT-0001561,P0000262,306,MOT,AGGREGATOR,2020-07-27,2021-07-27,EX,N,3773.06,3773.06,LS1 4AP,VALID,VALID,
ALB-CPM-0001820,P0000265,3,CPM,BROKER,2022-02-17,2023-02-17,IF,Y,4406.48,4406.48,RG1 1LX,VALID,VALID,
ALB-CLB-0002070,P0000283,59,CLB,BROKER,2023-09-24,2024-09-23,IF,Y,5380.09,5380.09,,INVALID,VALID,
ALB-MOT-0000127,P0000284,437,MOT,BROKER,2022-10-20,2023-10-20,IF,Y,1578.87,1578.87,RG1 1LX,VALID,VALID,
ALB-TRV-0001460,P0000288,499,TRV,BROKER,2020-05-19,2021-05-19,RN,Y,2655.46,2655.46,CF10 1EP,VALID,VALID,
ALB-CLB-0003766,P0000289,241,CLB,BROKER,2021-11-20,2022-11-20,EX,N,12888.91,12888.91,BS1 4ST,VALID,VALID,
ALB-CPM-0001623,P0000294,223,CPM,AGGREGATOR,2023-05-19,2024-05-18,RN,Y,12938.96,12938.96,CF10 1EP,VALID,VALID,
ALB-CPM-0004358,P0000312,55,CPM,DIRECT,2025-10-11,2026-10-11,IF,Y,10581.93,7936.45,B1 1AA,VALID,VALID,
ALB-TRV-0004046,P0000320,,TRV,DIRECT,2023-07-21,2024-07-20,IF,Y,3748.68,3748.68,RG1 1LX,VALID,VALID,
ALB-HOM-0004215,P0000325,277,HOM,DIRECT,2023-04-21,2024-04-20,EX,N,4104.82,4104.82,G1 1XQ,VALID,VALID,
ALB-PET-0002212,P0000333,307,PET,BROKER,2020-12-20,2021-12-20,IF,Y,951.18,951.18,RG1 1LX,VALID,VALID,
ALB-TRV-0000917,P0000334,166,TRV,BROKER,2025-12-23,2026-12-23,IF,Y,2732.47,1593.94,B1 1AA,VALID,VALID,
ALB-CLB-0001375,P0000336,10,CLB,BROKER,2021-09-04,2022-09-04,IF,Y,9246.04,9246.04,B1 1AA,VALID,VALID,
ALB-CLB-0002279,P0000350,124,CLB,BROKER,2023-05-10,2024-05-09,LP,N,7902.58,7902.58,EC1A 1BB,VALID,VALID,
ALB-CPM-0001496,P0000351,376,CPM,DIRECT,2020-07-18,2021-07-18,RN,Y,5602.69,5602.69,RG1 1LX,VALID,VALID,
ALB-CPM-0000707,P0000362,352,CPM,BROKER,2018-12-08,2019-12-08,LP,N,10546.03,10546.03,YO1 6GA,VALID,VALID,
ALB-CLB-0000444,P0000365,273,CLB,DIRECT,2020-08-10,2021-08-10,IF,Y,2495.56,2495.56,EC1A 1BB,VALID,VALID,
ALB-CLB-0002940,P0000367,223,CLB,BROKER,2019-12-23,2020-12-22,RN,Y,8279.66,8279.66,LS1 4AP,VALID,VALID,
ALB-CLB-0003547,P0000369,,CLB,BROKER,2025-04-12,2026-04-12,EX,N,7847.55,7847.55,M1  1AE,INVALID,VALID,
ALB-PET-0002662,P0000371,66,PET,BROKER,2022-07-28,2023-07-28,IF,Y,2412.61,2412.61,NR1 3QQ,VALID,VALID,
ALB-CPM-0000430,P0000375,282,CPM,DIRECT,2022-08-26,2023-08-26,RN,Y,9215.35,9215.35,EC1A 1BB,VALID,VALID,
ALB-CPM-0000720,P0000383,381,CPM,AGGREGATOR,2024-01-04,2025-01-03,LP,N,3278.07,3278.07,NR1 3QQ,VALID,VALID,
ALB-CLB-0003043,P0000385,,CLB,BROKER,2021-01-12,2022-01-12,EX,N,973.11,973.11,LS1 4AP,VALID,VALID,
ALB-CPM-0004439,P0000388,335,CPM,DIRECT,2021-02-19,2022-02-19,EX,N,5829.30,5829.30,EC1A 1BB,VALID,VALID,
ALB-CLB-0000513,P0000395,313,CLB,DIRECT,2019-07-21,2020-07-20,IF,Y,12342.14,12342.14,NR1 3QQ,VALID,VALID,
ALB-MOT-0002119,P0000398,225,MOT,BROKER,2018-12-16,2019-12-16,EX,N,1650.54,1650.54,B1 1AA,VALID,VALID,
ALB-HOM-0001215,P0000399,265,HOM,AGGREGATOR,2025-07-14,2026-07-14,CN,N,535.02,535.02,LS1 4AP,VALID,VALID,
ALB-TRV-0002999,P0000405,343,TRV,BROKER,2024-03-15,2025-03-15,RN,Y,414.92,414.92,RG1 1LX,VALID,VALID,
ALB-CLB-0002903,P0000409,383,CLB,BROKER,2026-06-24,2027-06-24,IF,Y,3902.74,325.23,RG1 1LX,VALID,VALID,
ALB-CPM-0001495,P0000411,355,CPM,BROKER,2024-04-15,2025-04-15,IF,Y,5775.74,5775.74,M1 1AE,VALID,VALID,
ALB-HOM-0000754,P0000412,462,HOM,BROKER,2019-03-02,2020-03-01,RN,Y,945.55,945.55,BS1 4ST,VALID,VALID,
ALB-PET-0000651,P0000414,35,PET,DIRECT,2022-06-19,2023-06-19,IF,Y,428.70,428.70,N/A,INVALID,VALID,
ALB-TRV-0002948,P0000417,269,TRV,BROKER,2021-06-03,2022-06-03,EX,N,2206.22,2206.22,M1 1AE,VALID,VALID,
ALB-PET-0000676,P0000425,,PET,BROKER,2026-11-24,2027-11-24,IF,Y,2175.64,0.00,B1 1AA,VALID,VALID,
ALB-HOM-0001570,P0000426,25,HOM,BROKER,2022-08-27,2023-08-27,LP,N,2456.62,2456.62,B1 1AA,VALID,VALID,
ALB-CLB-0002529,P0000429,285,CLB,DIRECT,2026-02-28,2027-02-28,IF,Y,6362.34,2120.78,YO1 6GA,VALID,VALID,
ALB-HOM-0000236,P0000434,,HOM,AGGREGATOR,2021-09-13,2022-09-13,EX,N,2230.62,2230.62,EC1A 1BB,VALID,VALID,
ALB-CPM-0003492,P0000443,63,CPM,AGGREGATOR,2020-01-23,2021-01-22,LP,N,4343.13,4343.13,N/A,INVALID,VALID,
ALB-HOM-0001694,P0000447,201,HOM,BROKER,2019-09-11,2020-09-10,IF,Y,731.31,731.31,G1 1XQ,VALID,VALID,
ALB-CPM-0004145,P0000451,449,CPM,DIRECT,2026-11-03,2027-11-03,IF,Y,1847.93,0.00,NR1 3QQ,VALID,VALID,
ALB-CLB-0002812,P0000455,,CLB,DIRECT,2023-10-20,2024-10-19,IF,Y,3005.81,3005.81,EC1A 1BB,VALID,VALID,
ALB-PET-0000168,P0000456,105,PET,BROKER,2020-03-20,2021-03-20,IF,Y,2051.67,2051.67,B1 1AA,VALID,VALID,
ALB-MOT-0002397,P0000457,49,MOT,AGGREGATOR,2022-02-26,2023-02-26,EX,N,1535.90,1535.90,RG1 1LX,VALID,VALID,
ALB-CLB-0001047,P0000458,176,CLB,BROKER,2022-03-01,2023-03-01,LP,N,12997.06,12997.06,NR1 3QQ,VALID,VALID,
ALB-PET-0004946,P0000462,332,PET,BROKER,2025-08-27,2026-08-27,IF,Y,2126.49,1949.28,YO1 6GA,VALID,VALID,
ALB-CPM-0000067,P0000463,207,CPM,DIRECT,2023-10-14,2024-10-13,IF,Y,11653.25,11653.25,EC1A 1BB,VALID,VALID,
ALB-CLB-0000286,P0000464,241,CLB,BROKER,2023-02-27,2024-02-27,LP,N,3996.79,3996.79,M1  1AE,INVALID,VALID,
ALB-MOT-0000730,P0000467,,MOT,BROKER,2025-04-03,2026-04-03,LP,N,3535.60,3535.60,LS1 4AP,VALID,VALID,
ALB-CLB-0000873,P0000470,,CLB,DIRECT,2021-11-09,2022-11-09,CN,N,2994.21,2994.21,RG1 1LX,VALID,VALID,
ALB-TRV-0000935,P0000477,106,TRV,BROKER,2019-11-16,2020-11-15,IF,Y,2616.27,2616.27,G1 1XQ,VALID,VALID,
ALB-MOT-0001032,P0000478,368,MOT,BROKER,2018-05-02,2019-05-02,IF,Y,3670.56,3670.56,B1 1AA,VALID,VALID,
ALB-PET-0001892,P0000479,233,PET,BROKER,2023-08-29,2024-08-28,IF,Y,3410.07,3410.07,YO1 6GA,VALID,VALID,
ALB-TRV-0000599,P0000486,411,TRV,AGGREGATOR,2023-07-16,2024-07-15,IF,Y,2036.52,2036.52,YO1 6GA,VALID,VALID,
ALB-TRV-0000010,P0000487,476,TRV,BROKER,2025-08-28,2026-08-28,RN,Y,3734.10,3422.93,G1 1XQ,VALID,VALID,
ALB-HOM-0002171,P0000489,168,HOM,BROKER,2022-10-03,2023-10-03,IF,Y,2981.36,2981.36,G1 1XQ,VALID,VALID,
ALB-CPM-0001842,P0000490,117,CPM,BROKER,2025-01-26,2026-01-26,EX,N,2585.81,2585.81,RG1 1LX,VALID,VALID,
ALB-CPM-0000223,P0000499,87,CPM,BROKER,2020-06-01,2021-06-01,LP,N,8814.88,8814.88,M1 1AE,VALID,VALID,
ALB-TRV-0000166,P0000504,28,TRV,AGGREGATOR,2021-05-04,2022-05-04,CN,N,2573.33,2573.33,RG1 1LX,VALID,VALID,
ALB-CPM-0002932,P0000505,,CPM,DIRECT,2019-02-28,2020-02-28,EX,N,13657.25,13657.25,YO1 6GA,VALID,VALID,
ALB-HOM-0001725,P0000508,447,HOM,BROKER,2022-06-28,2023-06-28,RN,Y,562.81,562.81,LS1 4AP,VALID,VALID,
ALB-CPM-0001091,P0000514,256,CPM,DIRECT,2019-09-15,2020-09-14,IF,Y,12424.09,12424.09,NR1 3QQ,VALID,VALID,
ALB-HOM-0004698,P0000518,294,HOM,BROKER,2020-03-18,2021-03-18,IF,Y,2342.16,2342.16,LS1 4AP,VALID,VALID,
ALB-CPM-0002921,P0000529,237,CPM,BROKER,2022-07-06,2023-07-06,IF,Y,6404.71,6404.71,CF10 1EP,VALID,VALID,
ALB-HOM-0000995,P0000542,193,HOM,BROKER,2022-12-22,2023-12-22,LP,N,4117.33,4117.33,CF10 1EP,VALID,VALID,
ALB-CLB-0000092,P0000543,61,CLB,BROKER,2026-09-19,2027-09-19,EX,N,11011.02,0.00,RG1 1LX,VALID,VALID,
ALB-TRV-0003017,P0000544,43,TRV,AGGREGATOR,2018-11-06,2019-11-06,IF,Y,327.65,327.65,B1 1AA,VALID,VALID,
ALB-HOM-0001129,P0000554,,HOM,DIRECT,2026-06-06,2027-06-06,LP,N,3916.06,326.34,G1 1XQ,VALID,VALID,
ALB-TRV-0002214,P0000559,477,TRV,BROKER,2018-10-31,2019-10-31,EX,N,916.79,916.79,CF10 1EP,VALID,VALID,
ALB-PET-0003382,P0000561,68,PET,BROKER,2024-01-19,2025-01-18,EX,N,3328.71,3328.71,YO1 6GA,VALID,VALID,
ALB-PET-0002805,P0000562,457,PET,DIRECT,2024-03-29,2025-03-29,IF,Y,1684.61,1684.61,G1 1XQ,VALID,VALID,
ALB-TRV-0003477,P0000565,,TRV,BROKER,2023-04-01,2024-03-31,LP,N,2419.43,2419.43,M1  1AE,INVALID,VALID,
ALB-CPM-0001973,P0000568,116,CPM,BROKER,2021-02-17,2022-02-17,IF,Y,2677.46,2677.46,M1 1AE,VALID,VALID,
ALB-CLB-0004028,P0000572,,CLB,BROKER,2022-08-15,2023-08-15,EX,N,4601.47,4601.47,G1 1XQ,VALID,VALID,
ALB-CPM-0000673,P0000577,40,CPM,DIRECT,2019-09-04,2020-09-03,IF,Y,13939.25,13939.25,NR1 3QQ,VALID,VALID,
ALB-CLB-0002667,P0000580,45,CLB,BROKER,2023-06-27,2024-06-26,LP,N,6775.64,6775.64,BS1 4ST,VALID,VALID,
ALB-TRV-0001261,P0000581,285,TRV,AGGREGATOR,2023-03-23,2024-03-22,RN,Y,3301.01,3301.01,NR1 3QQ,VALID,VALID,
ALB-CLB-0001180,P0000583,56,CLB,BROKER,2023-03-02,2024-03-01,CN,N,7439.11,7439.11,M1 1AE,VALID,VALID,
ALB-HOM-0004198,P0000585,102,HOM,AGGREGATOR,2018-10-18,2019-10-18,EX,N,4111.58,4111.58,LS1 4AP,VALID,VALID,
ALB-TRV-0002868,P0000598,150,TRV,BROKER,2026-05-04,2027-05-04,RN,Y,3022.81,503.80,CF10 1EP,VALID,VALID,
ALB-MOT-0000843,P0000601,421,MOT,BROKER,2020-09-09,2021-09-09,RN,Y,1973.29,1973.29,ZZ99 9ZZ,VALID,VALID,
ALB-PET-0003392,P0000603,,PET,BROKER,2018-10-08,2019-10-08,IF,Y,2268.40,2268.40,RG1 1LX,VALID,VALID,
ALB-HOM-0004335,P0000604,287,HOM,BROKER,2020-07-03,2021-07-03,CN,N,1061.19,1061.19,G1 1XQ,VALID,VALID,
ALB-PET-0000104,P0000608,297,PET,AGGREGATOR,2026-09-11,2027-09-11,IF,Y,2699.12,0.00,EC1A 1BB,VALID,VALID,
ALB-PET-0001743,P0000609,239,PET,DIRECT,2026-06-19,2027-06-19,RN,Y,2018.01,168.17,ZZ99 9ZZ,VALID,VALID,
ALB-CPM-0002545,P0000611,131,CPM,BROKER,2020-01-31,2021-01-30,IF,Y,10153.71,10153.71,RG1 1LX,VALID,VALID,
ALB-PET-0003488,P0000617,466,PET,BROKER,2025-08-11,2026-08-11,IF,Y,2608.49,2391.12,M1  1AE,INVALID,VALID,
ALB-TRV-0002779,P0000627,270,TRV,DIRECT,2018-09-27,2019-09-27,RN,Y,3913.85,3913.85,B1 1AA,VALID,VALID,
ALB-CLB-0004525,P0000632,407,CLB,DIRECT,2018-12-27,2019-12-27,RN,Y,13228.00,13228.00,LS1 4AP,VALID,VALID,
ALB-MOT-0002763,P0000634,134,MOT,AGGREGATOR,2025-12-23,2026-12-23,RN,Y,3051.97,1780.32,NR1 3QQ,VALID,VALID,
ALB-TRV-0002271,P0000636,180,TRV,BROKER,2020-09-18,2021-09-18,CN,N,188.77,188.77,NR1 3QQ,VALID,VALID,
ALB-HOM-0001470,P0000640,211,HOM,BROKER,2020-02-18,2021-02-17,IF,Y,2339.71,2339.71,B1 1AA,VALID,VALID,
ALB-MOT-0003161,P0000642,,MOT,BROKER,2022-10-23,2023-10-23,IF,Y,1341.55,1341.55,RG1 1LX,VALID,VALID,
ALB-HOM-0002904,P0000654,254,HOM,DIRECT,2021-12-24,2022-12-24,LP,N,1079.61,1079.61,NR1 3QQ,VALID,VALID,
ALB-PET-0001487,P0000668,,PET,AGGREGATOR,2019-04-26,2020-04-25,IF,Y,2741.42,2741.42,RG1 1LX,VALID,VALID,
ALB-CLB-0003543,P0000676,234,CLB,DIRECT,2018-12-05,2019-12-05,IF,Y,3246.80,3246.80,G1 1XQ,VALID,VALID,
ALB-HOM-0000371,P0000682,268,HOM,BROKER,2026-10-09,2027-10-09,RN,Y,3527.56,0.00,BS1 4ST,VALID,VALID,
ALB-MOT-0004313,P0000686,,MOT,AGGREGATOR,2023-08-12,2024-08-11,LP,N,3557.61,3557.61,CF10 1EP,VALID,VALID,
ALB-TRV-0001164,P0000687,245,TRV,AGGREGATOR,2020-05-08,2021-05-08,CN,N,2462.86,2462.86,CF10 1EP,VALID,VALID,
ALB-TRV-0004073,P0000691,32,TRV,BROKER,2023-04-08,2024-04-07,CN,N,1582.21,1582.21,EC1A 1BB,VALID,VALID,
ALB-TRV-0000853,P0000692,,TRV,AGGREGATOR,2026-04-13,2027-04-13,EX,N,661.59,165.40,B1 1AA,VALID,VALID,
ALB-HOM-0000742,P0000702,,HOM,BROKER,2024-10-23,2025-10-23,RN,Y,1619.66,1619.66,G1 1XQ,VALID,VALID,
ALB-CLB-0002611,P0000712,394,CLB,BROKER,2019-11-14,2020-11-13,IF,Y,8295.63,8295.63,RG1 1LX,VALID,VALID,
ALB-CPM-0002112,P0000717,86,CPM,BROKER,2020-04-09,2021-04-09,IF,Y,8597.22,8597.22,EC1A1BB,INVALID,VALID,
ALB-CPM-0002408,P0000727,395,CPM,BROKER,2019-07-31,2020-07-30,RN,Y,8440.82,8440.82,M1 1AE,VALID,VALID,
ALB-CLB-0001692,P0000730,,CLB,AGGREGATOR,2021-01-21,2022-01-21,RN,Y,8163.64,8163.64,EC1A 1BB,VALID,VALID,
ALB-HOM-0004209,P0000733,,HOM,BROKER,2025-10-14,2026-10-14,IF,Y,3939.65,2954.74,B1 1AA,VALID,VALID,
ALB-MOT-0002900,P0000742,78,MOT,AGGREGATOR,2026-08-18,2027-08-18,EX,N,3019.68,0.00,LS1 4AP,VALID,VALID,
ALB-CLB-0000807,P0000751,426,CLB,BROKER,2024-12-16,2025-12-16,IF,Y,11695.52,11695.52,LS1 4AP,VALID,VALID,
ALB-TRV-0004699,P0000752,10,TRV,AGGREGATOR,2023-05-18,2024-05-17,EX,N,1614.33,1614.33,YO1 6GA,VALID,VALID,
ALB-TRV-0000903,P0000757,,TRV,DIRECT,2019-11-23,2020-11-22,IF,Y,3718.61,3718.61,CF10 1EP,VALID,VALID,
ALB-HOM-0001888,P0000759,7,HOM,AGGREGATOR,2018-03-09,2019-03-09,RN,Y,2290.19,2290.19,YO1 6GA,VALID,VALID,
ALB-CPM-0000815,P0000762,,CPM,BROKER,2021-05-21,2022-05-21,IF,Y,13003.35,13003.35,EC1A 1BB,VALID,VALID,
ALB-PET-0004298,P0000765,,PET,DIRECT,2025-08-20,2026-08-20,RN,Y,2232.53,2046.49,CF10 1EP,VALID,VALID,
ALB-HOM-0000967,P0000767,335,HOM,BROKER,2019-01-05,2020-01-05,IF,Y,413.23,413.23,NR1 3QQ,VALID,VALID,
ALB-PET-0000744,P0000778,,PET,AGGREGATOR,2025-05-09,2026-05-09,CN,N,3949.78,3949.78,BS1 4ST,VALID,VALID,
ALB-MOT-0002254,P0000789,,MOT,AGGREGATOR,2024-02-07,2025-02-06,RN,Y,3376.93,3376.93,EC1A 1BB,VALID,VALID,
ALB-PET-0002043,P0000796,161,PET,DIRECT,2021-05-01,2022-05-01,EX,N,3987.81,3987.81,LS1 4AP,VALID,VALID,
ALB-CPM-0000725,P0000802,359,CPM,BROKER,2020-02-10,2021-02-09,IF,Y,5755.98,5755.98,G1 1XQ,VALID,VALID,
ALB-MOT-0002298,P0000804,132,MOT,DIRECT,2024-09-19,2025-09-19,IF,Y,813.05,813.05,BS1 4ST,VALID,VALID,
ALB-CLB-0002350,P0000820,30,CLB,BROKER,2026-09-28,2027-09-28,RN,Y,7291.31,0.00,B1 1AA,VALID,VALID,
ALB-PET-0002526,P0000832,140,PET,DIRECT,2024-05-18,2025-05-18,LP,N,2019.03,2019.03,NR1 3QQ,VALID,VALID,
ALB-MOT-0002692,P0000838,367,MOT,DIRECT,2021-12-17,2022-12-17,EX,N,205.43,205.43,EC1A 1BB,VALID,VALID,
ALB-CLB-0002340,P0000855,11,CLB,DIRECT,2022-05-17,2023-05-17,RN,Y,7785.56,7785.56,NR1 3QQ,VALID,VALID,
ALB-PET-0001617,P0000856,279,PET,BROKER,2024-03-20,2025-03-20,EX,N,1097.04,1097.04,YO1 6GA,VALID,VALID,
ALB-TRV-0001040,P0000860,163,TRV,DIRECT,2019-01-01,2020-01-01,IF,Y,3581.36,3581.36,G1 1XQ,VALID,VALID,
ALB-TRV-0001862,P0000880,211,TRV,DIRECT,2020-04-30,2021-04-30,IF,Y,1773.90,1773.90,RG1 1LX,VALID,VALID,
ALB-PET-0002853,P0000882,357,PET,DIRECT,2025-10-18,2026-10-18,LP,N,3263.93,2447.95,ZZ99 9ZZ,VALID,VALID,
ALB-TRV-0004281,P0000889,416,TRV,BROKER,2024-03-04,2025-03-04,EX,N,2594.19,2594.19,LS1 4AP,VALID,VALID,
ALB-MOT-0000644,P0000893,210,MOT,BROKER,2023-09-29,2024-09-28,RN,Y,1045.46,1045.46,M1 1AE,VALID,VALID,
ALB-PET-0003253,P0000904,,PET,DIRECT,2023-08-10,2024-08-09,IF,Y,1611.25,1611.25,YO1 6GA,VALID,VALID,
ALB-CPM-0001484,P0000909,416,CPM,DIRECT,2021-04-10,2022-04-10,IF,Y,2241.42,2241.42,LS1 4AP,VALID,VALID,
ALB-HOM-0001213,P0000919,,HOM,DIRECT,2022-03-11,2023-03-11,IF,Y,1179.31,1179.31,CF10 1EP,VALID,VALID,
ALB-PET-0001599,P0000938,231,PET,BROKER,2019-11-24,2020-11-23,RN,Y,3674.06,3674.06,M1 1AE,VALID,VALID,
ALB-HOM-0000428,P0000944,316,HOM,BROKER,2020-07-19,2021-07-19,IF,Y,982.79,982.79,M1 1AE,VALID,VALID,
ALB-MOT-0001089,P0000945,91,MOT,DIRECT,2021-01-20,2022-01-20,CN,N,1052.30,1052.30,RG1 1LX,VALID,VALID,
ALB-PET-0000201,P0000947,,PET,DIRECT,2025-09-03,2026-09-03,EX,N,1047.32,872.77,B1 1AA,VALID,VALID,
ALB-MOT-0002754,P0000953,,MOT,AGGREGATOR,2020-10-09,2021-10-09,RN,Y,3742.02,3742.02,BS1 4ST,VALID,VALID,
ALB-TRV-0001850,P0000958,,TRV,BROKER,2019-07-03,2020-07-02,IF,Y,557.55,557.55,CF10 1EP,VALID,VALID,
ALB-CLB-0003506,P0000959,,CLB,DIRECT,2023-06-28,2024-06-27,IF,Y,9089.86,9089.86,M1 1AE,VALID,VALID,
ALB-CLB-0002300,P0000977,,CLB,BROKER,2020-04-22,2021-04-22,LP,N,3201.49,3201.49,RG1 1LX,VALID,VALID,
ALB-HOM-0001279,P0000979,,HOM,AGGREGATOR,2019-12-19,2020-12-18,CN,N,894.50,894.50,CF10 1EP,VALID,VALID,
ALB-HOM-0003460,P0000981,,HOM,DIRECT,2020-05-14,2021-05-14,IF,Y,1643.28,1643.28,YO1 6GA,VALID,VALID,
ALB-CLB-0003186,P0000982,,CLB,DIRECT,2019-09-25,2020-09-24,EX,N,719.56,719.56,LS1 4AP,VALID,VALID,
ALB-CLB-0004074,P0000988,223,CLB,BROKER,2023-06-10,2024-06-09,EX,N,2768.24,2768.24,LS1 4AP,VALID,VALID,
ALB-CPM-0000788,P0001000,,CPM,BROKER,2020-12-07,2021-12-07,IF,Y,4624.73,4624.73,G1 1XQ,VALID,VALID,
ALB-HOM-0002844,P0001009,,HOM,BROKER,2021-11-10,2022-11-10,CN,N,3826.93,3826.93,YO1 6GA,VALID,VALID,
ALB-CLB-0000684,P0001011,,CLB,DIRECT,2019-06-10,2020-06-09,IF,Y,12390.11,12390.11,EC1A 1BB,VALID,VALID,
ALB-CLB-0002459,P0001012,373,CLB,AGGREGATOR,2018-08-02,2019-08-02,LP,N,6081.44,6081.44,RG1 1LX,VALID,VALID,
ALB-PET-0000857,P0001015,,PET,AGGREGATOR,2019-04-04,2020-04-03,IF,Y,1862.91,1862.91,B1 1AA,VALID,VALID,
ALB-CPM-0001060,P0001023,,CPM,DIRECT,2020-03-20,2021-03-20,CN,N,13543.85,13543.85,G1 1XQ,VALID,VALID,
ALB-PET-0002098,P0001024,,PET,DIRECT,2026-02-20,2027-02-20,IF,Y,1751.64,729.85,YO1 6GA,VALID,VALID,
ALB-PET-0001835,P0001034,,PET,AGGREGATOR,2020-06-15,2021-06-15,RN,Y,3395.97,3395.97,RG1 1LX,VALID,VALID,
ALB-MOT-0000440,P0001036,,MOT,DIRECT,2018-03-09,2019-03-09,LP,N,683.98,683.98,EC1A 1BB,VALID,VALID,
ALB-CLB-0004920,P0001040,227,CLB,DIRECT,2021-03-16,2022-03-16,CN,N,10993.64,10993.64,M1 1AE,VALID,VALID,
ALB-CLB-0000619,P0001041,103,CLB,DIRECT,2021-04-02,2022-04-02,RN,Y,10746.80,10746.80,CF10 1EP,VALID,VALID,
ALB-HOM-0002225,P0001047,,HOM,DIRECT,2026-07-10,2027-07-10,IF,Y,1332.42,0.00,B1 1AA,VALID,VALID,
ALB-HOM-0004275,P0001049,,HOM,AGGREGATOR,2024-12-18,2025-12-18,IF,Y,2632.37,2632.37,BS1 4ST,VALID,VALID,
ALB-HOM-0000763,P0001052,276,HOM,DIRECT,2018-07-14,2019-07-14,RN,Y,3050.38,3050.38,YO1 6GA,VALID,VALID,
ALB-HOM-0002196,P0001058,,HOM,BROKER,2021-03-05,2022-03-05,CN,N,552.92,552.92,LS1 4AP,VALID,VALID,
ALB-MOT-0002220,P0001061,,MOT,DIRECT,2018-09-12,2019-09-12,IF,Y,1199.29,1199.29,RG1 1LX,VALID,VALID,
ALB-CLB-0001014,P0001062,,CLB,BROKER,2024-06-08,2025-06-08,IF,Y,13635.26,13635.26,NR1 3QQ,VALID,VALID,
ALB-CPM-0003152,P0001065,,CPM,DIRECT,2025-06-12,2026-06-12,IF,Y,1923.52,1923.52,EC1A 1BB,VALID,VALID,
ALB-CPM-0004947,P0001067,299,CPM,BROKER,2026-07-23,2027-07-23,EX,N,10096.48,0.00,M1 1AE,VALID,VALID,
ALB-CLB-0001798,P0001082,439,CLB,DIRECT,2023-09-24,2024-09-23,RN,Y,3899.74,3899.74,B1 1AA,VALID,VALID,
ALB-HOM-0001641,P0001090,,HOM,AGGREGATOR,2020-04-15,2021-04-15,LP,N,3889.85,3889.85,G1 1XQ,VALID,VALID,
ALB-MOT-0002856,P0001095,139,MOT,DIRECT,2020-07-22,2021-07-22,EX,N,2989.96,2989.96,EC1A 1BB,VALID,VALID,
ALB-CPM-0002003,P0001096,344,CPM,AGGREGATOR,2023-02-26,2024-02-26,IF,Y,13026.02,13026.02,LS1 4AP,VALID,VALID,
ALB-TRV-0002390,P0001097,,TRV,DIRECT,2021-04-06,2022-04-06,RN,Y,3834.31,3834.31,,INVALID,VALID,
ALB-MOT-0004772,P0001098,379,MOT,BROKER,2023-07-31,2024-07-30,EX,N,1684.35,1684.35,YO1 6GA,VALID,VALID,
ALB-TRV-0000601,P0001099,,TRV,BROKER,2024-10-27,2025-10-27,LP,N,2685.06,2685.06,BS1 4ST,VALID,VALID,
ALB-MOT-0003410,P0001103,354,MOT,AGGREGATOR,2022-11-02,2023-11-02,IF,Y,2235.54,2235.54,B1 1AA,VALID,VALID,
ALB-TRV-0000115,P0001107,357,TRV,BROKER,2025-03-01,2026-03-01,CN,N,546.13,546.13,EC1A 1BB,VALID,VALID,
ALB-PET-0002811,P0001109,,PET,DIRECT,2019-10-23,2020-10-22,EX,N,1749.96,1749.96,LS1 4AP,VALID,VALID,
ALB-PET-0000083,P0001110,,PET,AGGREGATOR,2024-10-17,2025-10-17,IF,Y,3874.66,3874.66,NR1 3QQ,VALID,VALID,
ALB-CPM-0000910,P0001112,,CPM,DIRECT,2020-01-06,2021-01-05,CN,N,8196.04,8196.04,M1 1AE,VALID,VALID,
ALB-MOT-0000245,P0001128,,MOT,BROKER,2024-12-23,2025-12-23,LP,N,1528.03,1528.03,G1 1XQ,VALID,VALID,
ALB-PET-0001650,P0001136,,PET,BROKER,2020-09-16,2021-09-16,IF,Y,2458.08,2458.08,BS1 4ST,VALID,VALID,
ALB-MOT-0002136,P0001146,,MOT,BROKER,2021-08-20,2022-08-20,IF,Y,1581.31,1581.31,EC1A 1BB,VALID,VALID,
ALB-MOT-0003843,P0001151,,MOT,DIRECT,2024-08-29,2025-08-29,LP,N,2817.83,2817.83,NR1 3QQ,VALID,VALID,
ALB-CLB-0001364,P0001166,442,CLB,AGGREGATOR,2019-12-25,2020-12-24,IF,Y,11110.39,11110.39,G1 1XQ,VALID,VALID,
ALB-HOM-0000442,P0001167,,HOM,BROKER,2022-05-07,2023-05-07,RN,Y,2228.87,2228.87,RG1 1LX,VALID,VALID,
ALB-TRV-0000389,P0001174,248,TRV,AGGREGATOR,2022-09-17,2023-09-17,EX,N,265.43,265.43,B1 1AA,VALID,VALID,
ALB-MOT-0002859,P0001177,20,MOT,BROKER,2023-12-04,2024-12-03,IF,Y,263.93,263.93,M1 1AE,VALID,VALID,
ALB-CPM-0003307,P0001183,188,CPM,BROKER,2018-03-23,2019-03-23,LP,N,11517.18,11517.18,NR1 3QQ,VALID,VALID,
ALB-MOT-0002366,P0001184,232,MOT,BROKER,2024-04-07,2025-04-07,RN,Y,2192.62,2192.62,RG1 1LX,VALID,VALID,
ALB-HOM-0001940,P0001188,412,HOM,AGGREGATOR,2022-12-28,2023-12-28,IF,Y,672.55,672.55,EC1A 1BB,VALID,VALID,
ALB-HOM-0002456,P0001195,,HOM,BROKER,2024-10-08,2025-10-08,IF,Y,515.96,515.96,,INVALID,VALID,
ALB-HOM-0001339,P0001202,151,HOM,AGGREGATOR,2021-08-04,2022-08-04,IF,Y,3630.52,3630.52,B1 1AA,VALID,VALID,
ALB-CLB-0002215,P0001203,481,CLB,BROKER,2023-10-23,2024-10-22,IF,Y,9187.47,9187.47,,INVALID,VALID,
ALB-CLB-0000072,P0001204,,CLB,DIRECT,2026-01-12,2027-01-12,IF,Y,5105.06,2552.53,RG1 1LX,VALID,VALID,
ALB-CLB-0002922,P0001212,189,CLB,BROKER,2018-02-10,2019-02-10,LP,N,3568.81,3568.81,RG1 1LX,VALID,VALID,
ALB-MOT-0002809,P0001217,,MOT,AGGREGATOR,2018-04-10,2019-04-10,EX,N,2928.22,2928.22,G1 1XQ,VALID,VALID,
ALB-TRV-0003527,P0001225,429,TRV,BROKER,2023-09-03,2024-09-02,LP,N,3872.73,3872.73,BS1 4ST,VALID,VALID,
ALB-HOM-0004282,P0001226,224,HOM,DIRECT,2022-01-13,2023-01-13,IF,Y,2242.02,2242.02,EC1A 1BB,VALID,VALID,
ALB-PET-0003173,P0001228,300,PET,BROKER,2025-08-14,2026-08-14,RN,Y,3412.80,3128.40,RG1 1LX,VALID,VALID,
ALB-PET-0002118,P0001234,336,PET,BROKER,2025-06-01,2026-06-01,IF,Y,1735.89,1735.89,LS1 4AP,VALID,VALID,
ALB-CLB-0000314,P0001244,,CLB,BROKER,2024-01-05,2025-01-04,EX,N,4979.61,4979.61,M1 1AE,VALID,VALID,
ALB-CLB-0004774,P0001246,,CLB,BROKER,2018-03-17,2019-03-17,EX,N,1387.51,1387.51,CF10 1EP,VALID,VALID,
ALB-CLB-0000409,P0001249,,CLB,AGGREGATOR,2024-11-27,2025-11-27,IF,Y,7125.52,7125.52,,INVALID,VALID,
ALB-CLB-0003282,P0001262,,CLB,DIRECT,2021-12-08,2022-12-08,CN,N,3028.91,3028.91,G1 1XQ,VALID,VALID,
ALB-MOT-0003408,P0001265,,MOT,DIRECT,2018-09-26,2019-09-26,EX,N,3107.17,3107.17,B1 1AA,VALID,VALID,
ALB-CLB-0001216,P0001270,,CLB,DIRECT,2023-10-08,2024-10-07,LP,N,846.41,846.41,CF10 1EP,VALID,VALID,
ALB-MOT-0001072,P0001271,,MOT,BROKER,2018-04-26,2019-04-26,LP,N,3657.60,3657.60,RG1 1LX,VALID,VALID,
ALB-PET-0001616,P0001291,35,PET,DIRECT,2023-03-10,2024-03-09,IF,Y,1059.44,1059.44,YO1 6GA,VALID,VALID,
ALB-HOM-0003446,P0001298,,HOM,DIRECT,2022-04-06,2023-04-06,CN,N,2056.40,2056.40,G1 1XQ,VALID,VALID,
ALB-MOT-0004497,P0001300,,MOT,AGGREGATOR,2025-02-15,2026-02-15,RN,Y,2645.48,2645.48,B1 1AA,VALID,VALID,
ALB-PET-0001857,P0001307,322,PET,BROKER,2021-02-26,2022-02-26,IF,Y,3904.26,3904.26,B1 1AA,VALID,VALID,
ALB-MOT-0002718,P0001309,430,MOT,DIRECT,2018-03-28,2019-03-28,IF,Y,3731.16,3731.16,BS1 4ST,VALID,VALID,
ALB-TRV-0001041,P0001313,,TRV,DIRECT,2019-02-25,2020-02-25,EX,N,1918.46,1918.46,M1 1AE,VALID,VALID,
ALB-MOT-0000038,P0001318,326,MOT,BROKER,2024-04-15,2025-04-15,IF,Y,1648.73,1648.73,G1 1XQ,VALID,VALID,
ALB-MOT-0001893,P0001323,395,MOT,DIRECT,2025-06-13,2026-06-13,LP,N,611.26,611.26,M1 1AE,VALID,VALID,
ALB-HOM-0000280,P0001329,,HOM,BROKER,2018-01-18,2019-01-18,RN,Y,1227.86,1227.86,BS1 4ST,VALID,VALID,
ALB-PET-0001140,P0001330,,PET,BROKER,2019-09-05,2020-09-04,LP,N,1855.34,1855.34,YO1 6GA,VALID,VALID,
ALB-HOM-0001101,P0001341,,HOM,BROKER,2024-02-16,2025-02-15,IF,Y,3379.32,3379.32,CF10 1EP,VALID,VALID,
ALB-PET-0003292,P0001354,,PET,DIRECT,2018-01-08,2019-01-08,RN,Y,1304.18,1304.18,YO1 6GA,VALID,VALID,
ALB-CPM-0005109,P0001358,303,CPM,DIRECT,2023-10-20,2024-10-19,LP,N,6400.09,6400.09,RG1 1LX,VALID,VALID,
ALB-TRV-0001673,P0001364,,TRV,BROKER,2019-03-31,2020-03-30,IF,Y,2963.30,2963.30,CF10 1EP,VALID,VALID,
ALB-MOT-0000439,P0001369,425,MOT,AGGREGATOR,2019-03-15,2020-03-14,IF,Y,749.79,749.79,LS1 4AP,VALID,VALID,
ALB-PET-0000753,P0001370,,PET,AGGREGATOR,2023-06-28,2024-06-27,IF,Y,3446.12,3446.12,CF10 1EP,VALID,VALID,
ALB-HOM-0002199,P0001381,,HOM,DIRECT,2024-04-28,2025-04-28,RN,Y,3806.70,3806.70,CF10 1EP,VALID,VALID,
ALB-TRV-0001524,P0001382,,TRV,DIRECT,2023-11-11,2024-11-10,EX,N,817.04,817.04,CF10 1EP,VALID,VALID,
ALB-TRV-0002806,P0001388,71,TRV,BROKER,2019-01-14,2020-01-14,IF,Y,1919.65,1919.65,M1 1AE,VALID,VALID,
ALB-CLB-0003358,P0001389,31,CLB,AGGREGATOR,2021-03-07,2022-03-07,IF,Y,10280.93,10280.93,RG1 1LX,VALID,VALID,
ALB-CPM-0000074,P0001396,,CPM,BROKER,2024-08-18,2025-08-18,IF,Y,10525.47,10525.47,CF10 1EP,VALID,VALID,
ALB-CLB-0000388,P0001400,,CLB,BROKER,2020-10-16,2021-10-16,EX,N,5408.50,5408.50,G1 1XQ,VALID,VALID,
ALB-CLB-0003947,P0001401,462,CLB,DIRECT,2022-09-05,2023-09-05,EX,N,11628.86,11628.86,N/A,INVALID,VALID,
ALB-CLB-0002969,P0001407,,CLB,BROKER,2026-07-15,2027-07-15,IF,Y,1294.66,0.00,NR1 3QQ,VALID,VALID,
ALB-MOT-0001276,P0001410,136,MOT,AGGREGATOR,2018-12-23,2019-12-23,CN,N,1450.59,1450.59,NR1 3QQ,VALID,VALID,
ALB-CPM-0000579,P0001413,,CPM,DIRECT,2025-12-26,2026-12-26,RN,Y,5948.65,3470.05,YO1 6GA,VALID,VALID,
ALB-CLB-0004595,P0001414,,CLB,BROKER,2025-03-31,2026-03-31,IF,Y,13284.79,13284.79,G1 1XQ,VALID,VALID,
ALB-CLB-0003256,P0001416,,CLB,BROKER,2021-10-03,2022-10-03,CN,N,2733.48,2733.48,M1 1AE,VALID,VALID,
ALB-PET-0000977,P0001422,,PET,AGGREGATOR,2022-01-30,2023-01-30,CN,N,354.34,354.34,LS1 4AP,VALID,VALID,
ALB-MOT-0004442,P0001424,,MOT,BROKER,2024-08-07,2025-08-07,IF,Y,3076.00,3076.00,NR1 3QQ,VALID,VALID,
ALB-CPM-0000329,P0001430,,CPM,DIRECT,2018-03-27,2019-03-27,CN,N,12625.68,12625.68,NR1 3QQ,VALID,VALID,
ALB-HOM-0002479,P0001431,491,HOM,DIRECT,2018-06-12,2019-06-12,IF,Y,689.52,689.52,NR1 3QQ,VALID,VALID,
ALB-CPM-0000618,P0001433,397,CPM,BROKER,2018-08-30,2019-08-30,LP,N,10591.10,10591.10,EC1A 1BB,VALID,VALID,
ALB-MOT-0001514,P0001435,,MOT,BROKER,2023-08-16,2024-08-15,IF,Y,192.92,192.92,B1 1AA,VALID,VALID,
ALB-HOM-0002244,P0001439,,HOM,BROKER,2024-01-22,2025-01-21,IF,Y,2107.07,2107.07,RG1 1LX,VALID,VALID,
ALB-CPM-0002650,P0001440,434,CPM,BROKER,2019-08-30,2020-08-29,IF,Y,12657.00,12657.00,CF10 1EP,VALID,VALID,
ALB-TRV-0001948,P0001441,,TRV,AGGREGATOR,2026-04-29,2027-04-29,CN,N,727.43,121.24,BS1 4ST,VALID,VALID,
ALB-TRV-0001986,P0001442,,TRV,BROKER,2018-05-24,2019-05-24,IF,Y,610.44,610.44,G1 1XQ,VALID,VALID,
ALB-MOT-0000734,P0001446,,MOT,DIRECT,2024-09-03,2025-09-03,IF,Y,1202.15,1202.15,M1 1AE,VALID,VALID,
ALB-TRV-0002689,P0001450,4,TRV,AGGREGATOR,2021-06-24,2022-06-24,RN,Y,3286.75,3286.75,CF10 1EP,VALID,VALID,
ALB-MOT-0000933,P0001452,430,MOT,BROKER,2026-07-02,2027-07-02,IF,Y,715.11,0.00,G1 1XQ,VALID,VALID,
ALB-MOT-0002707,P0001454,,MOT,BROKER,2019-07-10,2020-07-09,EX,N,1760.99,1760.99,NR1 3QQ,VALID,VALID,
ALB-HOM-0003267,P0001459,,HOM,AGGREGATOR,2018-10-01,2019-10-01,IF,Y,2215.42,2215.42,YO1 6GA,VALID,VALID,
ALB-PET-0002997,P0001464,469,PET,DIRECT,2020-05-07,2021-05-07,EX,N,3901.18,3901.18,LS1 4AP,VALID,VALID,
ALB-CLB-0004036,P0001473,,CLB,BROKER,2025-02-28,2026-02-28,CN,N,3275.08,3275.08,,INVALID,VALID,
ALB-HOM-0004512,P0001484,,HOM,DIRECT,2020-09-15,2021-09-15,IF,Y,1673.59,1673.59,B1 1AA,VALID,VALID,
ALB-MOT-0001540,P0001486,,MOT,BROKER,2022-03-24,2023-03-24,CN,N,924.54,924.54,LS1 4AP,VALID,VALID,
ALB-HOM-0002240,P0001493,,HOM,BROKER,2020-05-10,2021-05-10,EX,N,339.96,339.96,M1  1AE,INVALID,VALID,
ALB-CLB-0002630,P0001495,,CLB,BROKER,2023-07-05,2024-07-04,LP,N,2435.29,2435.29,G1 1XQ,VALID,VALID,
ALB-CPM-0000572,P0001498,316,CPM,DIRECT,2023-08-18,2024-08-17,RN,Y,3379.97,3379.97,M1 1AE,VALID,VALID,
ALB-CLB-0002219,P0001506,434,CLB,AGGREGATOR,2018-12-22,2019-12-22,RN,Y,4347.82,4347.82,B1 1AA,VALID,VALID,
ALB-PET-0002625,P0001507,,PET,AGGREGATOR,2024-05-13,2025-05-13,EX,N,1231.94,1231.94,M1  1AE,INVALID,VALID,
ALB-TRV-0001780,P0001515,,TRV,BROKER,2018-12-29,2019-12-29,CN,N,875.56,875.56,YO1 6GA,VALID,VALID,
ALB-MOT-0000181,P0001519,,MOT,BROKER,2018-06-07,2019-06-07,LP,N,2606.47,2606.47,EC1A 1BB,VALID,VALID,
ALB-CPM-0003248,P0001536,419,CPM,BROKER,2023-05-29,2024-05-28,IF,Y,4210.56,4210.56,EC1A 1BB,VALID,VALID,
ALB-TRV-0003194,P0001549,,TRV,BROKER,2020-05-24,2021-05-24,LP,N,1542.36,1542.36,B1 1AA,VALID,VALID,
ALB-MOT-0003785,P0001554,200,MOT,BROKER,2021-02-11,2022-02-11,EX,N,874.05,874.05,M1 1AE,VALID,VALID,
ALB-MOT-0002553,P0001556,97,MOT,DIRECT,2024-08-20,2025-08-20,IF,Y,323.92,323.92,G1 1XQ,VALID,VALID,
ALB-TRV-0001202,P0001567,59,TRV,DIRECT,2023-04-18,2024-04-17,LP,N,2933.23,2933.23,NR1 3QQ,VALID,VALID,
ALB-TRV-0003365,P0001574,,TRV,BROKER,2018-06-10,2019-06-10,IF,Y,3502.73,3502.73,LS1 4AP,VALID,VALID,
ALB-CLB-0000634,P0001578,,CLB,AGGREGATOR,2024-06-09,2025-06-09,CN,N,12903.35,12903.35,CF10 1EP,VALID,VALID,
ALB-CPM-0003830,P0001580,76,CPM,BROKER,2019-07-26,2020-07-25,LP,N,11258.85,11258.85,M1 1AE,VALID,VALID,
ALB-CLB-0003509,P0001600,459,CLB,BROKER,2023-10-29,2024-10-28,EX,N,7788.14,7788.14,BS1 4ST,VALID,VALID,
ALB-HOM-0002792,P0001601,,HOM,BROKER,2021-05-06,2022-05-06,IF,Y,4041.92,4041.92,EC1A 1BB,VALID,VALID,
ALB-HOM-0002906,P0001620,28,HOM,AGGREGATOR,2023-09-13,2024-09-12,IF,Y,1443.31,1443.31,B1 1AA,VALID,VALID,
ALB-CLB-0000594,P0001625,,CLB,AGGREGATOR,2025-05-27,2026-05-27,LP,N,4208.58,4208.58,NR1 3QQ,VALID,VALID,
ALB-CPM-0002465,P0001628,,CPM,DIRECT,2023-08-31,2024-08-30,IF,Y,12975.27,12975.27,NR1 3QQ,VALID,VALID,
ALB-CPM-0003823,P0001631,228,CPM,BROKER,2026-11-16,2027-11-16,CN,N,8543.43,0.00,G1 1XQ,VALID,VALID,
ALB-CPM-0004731,P0001632,,CPM,BROKER,2018-09-07,2019-09-07,IF,Y,6341.01,6341.01,N/A,INVALID,VALID,
ALB-PET-0003216,P0001638,430,PET,BROKER,2024-03-31,2025-03-31,EX,N,3496.31,3496.31,NR1 3QQ,VALID,VALID,
ALB-PET-0003834,P0001642,,PET,AGGREGATOR,2021-07-15,2022-07-15,IF,Y,1384.09,1384.09,M1 1AE,VALID,VALID,
ALB-CPM-0000818,P0001659,321,CPM,BROKER,2022-02-20,2023-02-20,RN,Y,5857.38,5857.38,RG1 1LX,VALID,VALID,
ALB-PET-0001471,P0001670,,PET,DIRECT,2023-03-07,2024-03-06,IF,Y,2980.12,2980.12,RG1 1LX,VALID,VALID,
ALB-CPM-0003055,P0001675,423,CPM,BROKER,2018-07-08,2019-07-08,IF,Y,8029.21,8029.21,LS1 4AP,VALID,VALID,
ALB-CLB-0000986,P0001679,255,CLB,BROKER,2020-10-26,2021-10-26,EX,N,3505.17,3505.17,G1 1XQ,VALID,VALID,
ALB-CLB-0002840,P0001689,80,CLB,AGGREGATOR,2020-08-08,2021-08-08,IF,Y,5851.63,5851.63,B1 1AA,VALID,VALID,
ALB-PET-0000039,P0001694,,PET,BROKER,2021-10-12,2022-10-12,IF,Y,1683.71,1683.71,M1  1AE,INVALID,VALID,
ALB-TRV-0003197,P0001718,362,TRV,AGGREGATOR,2019-08-26,2020-08-25,IF,Y,2910.82,2910.82,CF10 1EP,VALID,VALID,
ALB-TRV-0000242,P0001725,76,TRV,BROKER,2025-01-31,2026-01-31,IF,Y,1129.97,1129.97,M1 1AE,VALID,VALID,
ALB-CLB-0003770,P0001726,252,CLB,BROKER,2026-10-02,2027-10-02,EX,N,14291.48,0.00,RG1 1LX,VALID,VALID,
ALB-PET-0001744,P0001735,168,PET,BROKER,2022-09-01,2023-09-01,LP,N,3200.04,3200.04,EC1A 1BB,VALID,VALID,
ALB-TRV-0001836,P0001737,292,TRV,AGGREGATOR,2021-12-05,2022-12-05,IF,Y,3867.57,3867.57,NR1 3QQ,VALID,VALID,
ALB-PET-0001346,P0001743,32,PET,DIRECT,2022-09-01,2023-09-01,IF,Y,1608.07,1608.07,EC1A 1BB,VALID,VALID,
ALB-PET-0000560,P0001744,,PET,AGGREGATOR,2022-07-19,2023-07-19,LP,N,1513.03,1513.03,LS1 4AP,VALID,VALID,
ALB-TRV-0003910,P0001745,,TRV,DIRECT,2021-10-29,2022-10-29,IF,Y,1090.63,1090.63,M1 1AE,VALID,VALID,
ALB-MOT-0003381,P0001751,,MOT,BROKER,2019-11-06,2020-11-05,RN,Y,3645.84,3645.84,G1 1XQ,VALID,VALID,
ALB-PET-0001832,P0001754,459,PET,DIRECT,2025-11-26,2026-11-26,IF,Y,2313.73,1542.49,YO1 6GA,VALID,VALID,
ALB-CPM-0004982,P0001756,318,CPM,BROKER,2024-07-10,2025-07-10,LP,N,3145.49,3145.49,NR1 3QQ,VALID,VALID,
ALB-CLB-0001316,P0001764,,CLB,AGGREGATOR,2024-06-17,2025-06-17,EX,N,9287.63,9287.63,BS1 4ST,VALID,VALID,
ALB-HOM-0000471,P0001768,,HOM,BROKER,2021-07-13,2022-07-13,RN,Y,474.55,474.55,YO1 6GA,VALID,VALID,
ALB-CLB-0003670,P0001778,,CLB,DIRECT,2020-05-29,2021-05-29,IF,Y,4603.61,4603.61,BS1 4ST,VALID,VALID,
ALB-CLB-0000878,P0001789,123,CLB,DIRECT,2024-09-05,2025-09-05,RN,Y,1950.45,1950.45,CF10 1EP,VALID,VALID,
ALB-MOT-0001502,P0001800,18,MOT,BROKER,2022-11-11,2023-11-11,IF,Y,1477.07,1477.07,B1 1AA,VALID,VALID,
ALB-CPM-0000994,P0001805,,CPM,BROKER,2020-10-21,2021-10-21,LP,N,5508.48,5508.48,BS1 4ST,VALID,VALID,
ALB-TRV-0004182,P0001810,,TRV,BROKER,2023-03-04,2024-03-03,RN,Y,4026.52,4026.52,EC1A 1BB,VALID,VALID,
ALB-CPM-0002954,P0001814,,CPM,BROKER,2021-05-02,2022-05-02,LP,N,2088.97,2088.97,NR1 3QQ,VALID,VALID,
ALB-HOM-0001742,P0001815,466,HOM,BROKER,2021-10-25,2022-10-25,RN,Y,4116.41,4116.41,YO1 6GA,VALID,VALID,
ALB-HOM-0003959,P0001818,,HOM,DIRECT,2025-02-01,2026-02-01,RN,Y,1219.14,1219.14,EC1A 1BB,VALID,VALID,
ALB-TRV-0002402,P0001827,,TRV,DIRECT,2022-01-07,2023-01-07,EX,N,2485.91,2485.91,LS1 4AP,VALID,VALID,
ALB-CLB-0002914,P0001831,,CLB,DIRECT,2023-02-14,2024-02-14,CN,N,8817.64,8817.64,BS1 4ST,VALID,VALID,
ALB-HOM-0001589,P0001849,208,HOM,BROKER,2018-12-29,2019-12-29,IF,Y,3368.00,3368.00,RG1 1LX,VALID,VALID,
ALB-HOM-0003736,P0001850,149,HOM,DIRECT,2018-08-11,2019-08-11,IF,Y,1444.73,1444.73,YO1 6GA,VALID,VALID,
ALB-MOT-0002313,P0001858,,MOT,BROKER,2022-11-04,2023-11-04,IF,Y,2555.22,2555.22,YO1 6GA,VALID,VALID,
ALB-PET-0003207,P0001862,,PET,AGGREGATOR,2025-10-14,2026-10-14,RN,Y,1822.13,1366.60,M1 1AE,VALID,VALID,
ALB-CLB-0001368,P0001868,,CLB,AGGREGATOR,2022-02-13,2023-02-13,IF,Y,3950.62,3950.62,EC1A 1BB,VALID,VALID,
ALB-CPM-0003059,P0001871,412,CPM,BROKER,2024-03-27,2025-03-27,IF,Y,7999.51,7999.51,YO1 6GA,VALID,VALID,
ALB-HOM-0003475,P0001878,368,HOM,DIRECT,2024-10-26,2025-10-26,IF,Y,3888.26,3888.26,BS1 4ST,VALID,VALID,
ALB-CLB-0001847,P0001884,,CLB,BROKER,2021-04-16,2022-04-16,IF,Y,7255.00,7255.00,G1 1XQ,VALID,VALID,
ALB-HOM-0001000,P0001885,,HOM,BROKER,2021-10-14,2022-10-14,IF,Y,1217.53,1217.53,B1 1AA,VALID,VALID,
ALB-MOT-0002704,P0001891,482,MOT,DIRECT,2025-03-31,2026-03-31,LP,N,1333.89,1333.89,YO1 6GA,VALID,VALID,
ALB-PET-0003553,P0001895,371,PET,BROKER,2019-02-02,2020-02-02,LP,N,2652.47,2652.47,CF10 1EP,VALID,VALID,
ALB-MOT-0000592,P0001897,,MOT,BROKER,2025-09-30,2026-09-30,LP,N,1584.88,1188.66,BS1 4ST,VALID,VALID,
ALB-CPM-0002163,P0001899,459,CPM,BROKER,2025-05-16,2026-05-16,IF,Y,4879.40,4879.40,BS1 4ST,VALID,VALID,
ALB-HOM-0003683,P0001902,,HOM,AGGREGATOR,2024-02-16,2025-02-15,LP,N,2384.71,2384.71,NR1 3QQ,VALID,VALID,
ALB-TRV-0001374,P0001913,,TRV,BROKER,2022-01-16,2023-01-16,IF,Y,3854.42,3854.42,M1 1AE,VALID,VALID,
ALB-HOM-0004410,P0001915,333,HOM,BROKER,2023-07-25,2024-07-24,CN,N,2864.99,2864.99,M1 1AE,VALID,VALID,
ALB-MOT-0002827,P0001928,371,MOT,AGGREGATOR,2020-09-14,2021-09-14,RN,Y,931.49,931.49,M1 1AE,VALID,VALID,
ALB-MOT-0002659,P0001933,343,MOT,BROKER,2023-05-26,2024-05-25,IF,Y,332.81,332.81,M1 1AE,VALID,VALID,
ALB-TRV-0002532,P0001934,134,TRV,AGGREGATOR,2023-02-11,2024-02-11,RN,Y,313.37,313.37,B1 1AA,VALID,VALID,
ALB-PET-0002371,P0001939,324,PET,BROKER,2020-05-08,2021-05-08,LP,N,3353.31,3353.31,B1 1AA,VALID,VALID,
ALB-TRV-0001550,P0001954,,TRV,BROKER,2020-02-13,2021-02-12,IF,Y,3733.20,3733.20,BS1 4ST,VALID,VALID,
ALB-TRV-0004619,P0001965,,TRV,BROKER,2019-07-06,2020-07-05,IF,Y,1186.97,1186.97,YO1 6GA,VALID,VALID,
ALB-MOT-0002525,P0001966,,MOT,DIRECT,2018-05-25,2019-05-25,RN,Y,754.96,754.96,NR1 3QQ,VALID,VALID,
ALB-MOT-0001564,P0001968,,MOT,BROKER,2026-04-27,2027-04-27,EX,N,2142.72,357.12,BS1 4ST,VALID,VALID,
ALB-HOM-0002590,P0001973,,HOM,BROKER,2019-02-21,2020-02-21,IF,Y,1508.46,1508.46,RG1 1LX,VALID,VALID,
ALB-CPM-0002581,P0001980,172,CPM,DIRECT,2026-12-04,2027-12-04,IF,Y,10159.07,0.00,EC1A1BB,INVALID,VALID,
ALB-MOT-0003692,P0001982,,MOT,BROKER,2019-12-25,2020-12-24,IF,Y,3271.98,3271.98,CF10 1EP,VALID,VALID,
ALB-TRV-0005072,P0001984,71,TRV,DIRECT,2024-06-23,2025-06-23,IF,Y,1436.01,1436.01,CF10 1EP,VALID,VALID,
ALB-PET-0001646,P0001985,326,PET,AGGREGATOR,2020-11-13,2021-11-13,EX,N,3380.19,3380.19,G1 1XQ,VALID,VALID,
ALB-TRV-0002147,P0001988,236,TRV,BROKER,2022-11-21,2023-11-21,IF,Y,2304.64,2304.64,B1 1AA,VALID,VALID,
ALB-MOT-0000757,P0001989,186,MOT,DIRECT,2026-05-30,2027-05-30,IF,Y,1097.18,91.43,YO1 6GA,VALID,VALID,
ALB-CPM-0002116,P0001990,,CPM,BROKER,2019-12-21,2020-12-20,IF,Y,8873.96,8873.96,B1 1AA,VALID,VALID,
ALB-CLB-0002056,P0001994,,CLB,AGGREGATOR,2024-08-03,2025-08-03,IF,Y,1973.62,1973.62,ZZ99 9ZZ,VALID,VALID,
ALB-PET-0000305,P0001998,,PET,BROKER,2021-01-24,2022-01-24,IF,Y,1334.13,1334.13,NR1 3QQ,VALID,VALID,
ALB-PET-0004361,P0002001,,PET,DIRECT,2024-05-21,2025-05-21,IF,Y,935.57,935.57,M1 1AE,VALID,VALID,
ALB-CLB-0003776,P0002007,479,CLB,BROKER,2021-06-02,2022-06-02,IF,Y,3458.47,3458.47,NR1 3QQ,VALID,VALID,
ALB-PET-0001104,P0002012,,PET,AGGREGATOR,2025-03-27,2026-03-27,RN,Y,3007.23,3007.23,G1 1XQ,VALID,VALID,
ALB-HOM-0002006,P0002016,,HOM,BROKER,2026-05-15,2027-05-15,EX,N,2425.94,404.32,LS1 4AP,VALID,VALID,
ALB-CLB-0003096,P0002023,198,CLB,DIRECT,2021-08-11,2022-08-11,IF,Y,14508.67,14508.67,G1 1XQ,VALID,VALID,
ALB-CPM-0001792,P0002030,44,CPM,DIRECT,2021-11-18,2022-11-18,RN,Y,3918.31,3918.31,M1 1AE,VALID,VALID,
ALB-CLB-0002422,P0002043,,CLB,BROKER,2018-08-19,2019-08-19,IF,Y,7308.12,7308.12,M1 1AE,VALID,VALID,
ALB-PET-0001181,P0002047,289,PET,BROKER,2018-11-07,2019-11-07,LP,N,2218.40,2218.40,YO1 6GA,VALID,VALID,
ALB-HOM-0001963,P0000017,208,HOM,BROKER,2026-02-19,2027-02-19,IF,Y,1996.35,831.81,G1 1XQ,VALID,VALID,
ALB-CPM-0001640,P0000074,4,CPM,DIRECT,2019-09-20,2020-09-19,RN,Y,6356.68,6356.68,LS1 4AP,VALID,VALID,
ALB-HOM-0000541,P0000075,162,HOM,AGGREGATOR,2018-10-03,2019-10-03,RN,Y,1944.15,1944.15,BS1 4ST,VALID,VALID,
ALB-CLB-0000401,P0000090,111,CLB,DIRECT,2024-07-17,2025-07-17,IF,Y,9389.05,9389.05,YO1 6GA,VALID,VALID,
ALB-TRV-0001085,P0000097,195,TRV,AGGREGATOR,2019-12-14,2020-12-13,RN,Y,2870.31,2870.31,RG1 1LX,VALID,VALID,
ALB-CLB-0001645,P0000116,64,CLB,BROKER,2026-02-19,2027-02-19,EX,N,8843.63,3684.85,M1 1AE,VALID,VALID,
ALB-CLB-0000974,P0000117,194,CLB,AGGREGATOR,2020-09-29,2021-09-29,LP,N,11227.55,11227.55,CF10 1EP,VALID,VALID,
ALB-PET-0001724,P0000146,,PET,DIRECT,2025-06-11,2026-06-11,LP,N,1390.48,1390.48,EC1A 1BB,VALID,VALID,
ALB-CPM-0001312,P0000157,182,CPM,BROKER,2022-08-23,2023-08-23,IF,Y,14071.66,14071.66,M1 1AE,VALID,VALID,
ALB-CLB-0000415,P0000183,,CLB,DIRECT,2021-01-21,2022-01-21,IF,Y,8709.65,8709.65,CF10 1EP,VALID,VALID,
ALB-HOM-0001006,P0000194,,HOM,DIRECT,2020-07-15,2021-07-15,LP,N,2370.88,2370.88,RG1 1LX,VALID,VALID,
ALB-MOT-0002624,P0000210,256,MOT,AGGREGATOR,2021-03-20,2022-03-20,RN,Y,1804.60,1804.60,RG1 1LX,VALID,VALID,
ALB-CLB-0002268,P0000242,,CLB,AGGREGATOR,2025-06-04,2026-06-04,RN,Y,4205.92,4205.92,RG1 1LX,VALID,VALID,
ALB-CLB-0000349,P0000245,353,CLB,BROKER,2022-03-13,2023-03-13,LP,N,3454.75,3454.75,RG1 1LX,VALID,VALID,
ALB-MOT-0002540,P0000253,79,MOT,BROKER,2024-02-29,2025-02-28,LP,N,3778.27,3778.27,M1 1AE,VALID,VALID,
ALB-PET-0003737,P0000263,,PET,BROKER,2018-10-11,2019-10-11,RN,Y,2909.37,2909.37,CF10 1EP,VALID,VALID,
ALB-CLB-0001317,P0000285,405,CLB,BROKER,2022-11-28,2023-11-28,IF,Y,1838.90,1838.90,CF10 1EP,VALID,VALID,
ALB-CLB-0001505,P0000290,432,CLB,DIRECT,2022-09-10,2023-09-10,IF,Y,5013.51,5013.51,BS1 4ST,VALID,VALID,
ALB-TRV-0003996,P0000312,55,TRV,AGGREGATOR,2023-08-02,2024-08-01,EX,N,3937.46,3937.46,B1 1AA,VALID,VALID,
ALB-CLB-0001889,P0000314,437,CLB,DIRECT,2019-08-04,2020-08-03,IF,Y,2546.42,2546.42,RG1 1LX,VALID,VALID,
ALB-CPM-0003567,P0000325,277,CPM,DIRECT,2026-07-22,2027-07-22,IF,Y,8806.49,0.00,G1 1XQ,VALID,VALID,
ALB-HOM-0002768,P0000344,23,HOM,BROKER,2019-03-17,2020-03-16,IF,Y,1914.14,1914.14,NR1 3QQ,VALID,VALID,
ALB-PET-0000602,P0000350,124,PET,BROKER,2018-08-18,2019-08-18,IF,Y,4081.49,4081.49,EC1A 1BB,VALID,VALID,
ALB-CPM-0000966,P0000355,368,CPM,AGGREGATOR,2020-05-10,2021-05-10,IF,Y,5688.99,5688.99,BS1 4ST,VALID,VALID,
ALB-TRV-0003831,P0000358,322,TRV,BROKER,2018-08-02,2019-08-02,IF,Y,444.46,444.46,BS1 4ST,VALID,VALID,
ALB-TRV-0000408,P0000365,273,TRV,BROKER,2019-10-24,2020-10-23,EX,N,418.68,418.68,EC1A 1BB,VALID,VALID,
ALB-CLB-0002288,P0000374,,CLB,BROKER,2019-10-06,2020-10-05,IF,Y,5894.22,5894.22,CF10 1EP,VALID,VALID,
ALB-PET-0000129,P0000383,381,PET,BROKER,2018-04-04,2019-04-04,LP,N,1229.68,1229.68,NR1 3QQ,VALID,VALID,
ALB-CLB-0000850,P0000384,345,CLB,BROKER,2026-03-24,2027-03-24,EX,N,5092.72,1697.57,B1 1AA,VALID,VALID,
ALB-PET-0002862,P0000385,,PET,DIRECT,2024-07-23,2025-07-23,IF,Y,719.43,719.43,LS1 4AP,VALID,VALID,
ALB-PET-0000413,P0000409,383,PET,BROKER,2024-05-12,2025-05-12,IF,Y,1520.36,1520.36,RG1 1LX,VALID,VALID,
ALB-PET-0000172,P0000411,355,PET,AGGREGATOR,2020-08-15,2021-08-15,IF,Y,1491.96,1491.96,M1 1AE,VALID,VALID,
ALB-MOT-0000473,P0000412,462,MOT,DIRECT,2019-12-30,2020-12-29,CN,N,2788.51,2788.51,BS1 4ST,VALID,VALID,
ALB-CLB-0000897,P0000417,269,CLB,AGGREGATOR,2024-09-05,2025-09-05,LP,N,7589.96,7589.96,M1 1AE,VALID,VALID,
ALB-PET-0000805,P0000423,21,PET,BROKER,2026-08-01,2027-08-01,IF,Y,3512.44,0.00,NR1 3QQ,VALID,VALID,
ALB-CPM-0002503,P0000429,285,CPM,DIRECT,2021-03-14,2022-03-14,RN,Y,12718.32,12718.32,YO1 6GA,VALID,VALID,
ALB-PET-0001284,P0000441,148,PET,BROKER,2018-06-22,2019-06-22,IF,Y,2752.43,2752.43,RG1 1LX,VALID,VALID,
ALB-CPM-0001148,P0000445,,CPM,BROKER,2023-02-02,2024-02-02,RN,Y,11236.54,11236.54,G1 1XQ,VALID,VALID,
ALB-MOT-0002643,P0000451,449,MOT,BROKER,2026-08-21,2027-08-21,RN,Y,3820.74,0.00,NR1 3QQ,VALID,VALID,
ALB-CLB-0002461,P0000460,420,CLB,BROKER,2023-07-13,2024-07-12,CN,N,7270.22,7270.22,CF10 1EP,VALID,VALID,
ALB-HOM-0004844,P0000462,332,HOM,DIRECT,2020-05-24,2021-05-24,LP,N,2232.75,2232.75,YO1 6GA,VALID,VALID,
ALB-CLB-0001783,P0000489,168,CLB,BROKER,2018-07-25,2019-07-25,RN,Y,9623.92,9623.92,G1 1XQ,VALID,VALID,
ALB-CPM-0001355,P0000496,482,CPM,BROKER,2026-10-21,2027-10-21,RN,Y,8891.76,0.00,EC1A 1BB,VALID,VALID,
ALB-CPM-0000211,P0000502,221,CPM,BROKER,2021-08-25,2022-08-25,EX,N,2664.72,2664.72,EC1A 1BB,VALID,VALID,
ALB-TRV-0002490,P0000524,386,TRV,BROKER,2018-09-11,2019-09-11,RN,Y,1710.55,1710.55,BS1 4ST,VALID,VALID,
ALB-CPM-0001070,P0000535,,CPM,BROKER,2025-07-08,2026-07-08,RN,Y,1778.02,1778.02,YO1 6GA,VALID,VALID,
ALB-CLB-0000865,P0000566,473,CLB,DIRECT,2019-12-28,2020-12-27,RN,Y,2503.75,2503.75,M1 1AE,VALID,VALID,
ALB-TRV-0000367,P0000574,258,TRV,AGGREGATOR,2026-01-01,2027-01-01,IF,Y,965.42,482.71,LS1 4AP,VALID,VALID,
ALB-HOM-0004874,P0000600,4,HOM,DIRECT,2021-10-23,2022-10-23,EX,N,211.08,211.08,M1 1AE,VALID,VALID,
ALB-HOM-0000307,P0000613,,HOM,DIRECT,2019-08-03,2020-08-02,LP,N,1416.05,1416.05,B1 1AA,VALID,VALID,
ALB-CPM-0001079,P0000623,185,CPM,BROKER,2023-10-06,2024-10-05,IF,Y,1221.73,1221.73,B1 1AA,VALID,VALID,
ALB-MOT-0000460,P0000636,180,MOT,AGGREGATOR,2022-04-15,2023-04-15,RN,Y,1423.89,1423.89,NR1 3QQ,VALID,VALID,
ALB-CPM-0000476,P0000668,,CPM,DIRECT,2024-08-22,2025-08-22,IF,Y,11669.20,11669.20,RG1 1LX,VALID,VALID,
ALB-CPM-0000770,P0000673,,CPM,BROKER,2024-05-10,2025-05-10,IF,Y,6591.52,6591.52,CF10 1EP,VALID,VALID,
ALB-CLB-0000610,P0000676,234,CLB,AGGREGATOR,2025-04-08,2026-04-08,RN,Y,5041.65,5041.65,G1 1XQ,VALID,VALID,
ALB-HOM-0001972,P0000685,,HOM,AGGREGATOR,2025-05-29,2026-05-29,RN,Y,346.73,346.73,RG1 1LX,VALID,VALID,
ALB-HOM-0000384,P0000687,245,HOM,DIRECT,2025-01-13,2026-01-13,IF,Y,1082.49,1082.49,CF10 1EP,VALID,VALID,
ALB-CPM-0001093,P0000722,363,CPM,BROKER,2020-04-18,2021-04-18,LP,N,5991.06,5991.06,LS1 4AP,VALID,VALID,
ALB-MOT-0000522,P0000732,153,MOT,BROKER,2026-05-20,2027-05-20,EX,N,348.82,58.14,RG1 1LX,VALID,VALID,
ALB-CPM-0001299,P0000740,,CPM,DIRECT,2022-03-10,2023-03-10,IF,Y,13531.95,13531.95,LS1 4AP,VALID,VALID,
ALB-PET-0000715,P0000743,,PET,AGGREGATOR,2021-01-16,2022-01-16,IF,Y,1725.44,1725.44,EC1A 1BB,VALID,VALID,
ALB-MOT-0000128,P0000759,7,MOT,BROKER,2019-01-28,2020-01-28,CN,N,2749.51,2749.51,YO1 6GA,VALID,VALID,
ALB-TRV-0003395,P0000766,214,TRV,AGGREGATOR,2020-04-28,2021-04-28,IF,Y,3169.41,3169.41,EC1A 1BB,VALID,VALID,
ALB-TRV-0001682,P0000768,188,TRV,BROKER,2024-01-11,2025-01-10,LP,N,962.63,962.63,LS1 4AP,VALID,VALID,
ALB-PET-0001995,P0000779,454,PET,BROKER,2018-02-28,2019-02-28,CN,N,1164.18,1164.18,LS1 4AP,VALID,VALID,
ALB-CPM-0001726,P0000787,305,CPM,BROKER,2021-05-04,2022-05-04,CN,N,924.31,924.31,BS1 4ST,VALID,VALID,
ALB-CLB-0001493,P0000818,97,CLB,DIRECT,2019-07-11,2020-07-10,EX,N,4621.58,4621.58,CF10 1EP,VALID,VALID,
ALB-TRV-0001504,P0000819,,TRV,DIRECT,2018-10-18,2019-10-18,EX,N,1255.41,1255.41,NR1 3QQ,VALID,VALID,
ALB-MOT-0000938,P0000829,,MOT,AGGREGATOR,2019-06-25,2020-06-24,EX,N,1074.97,1074.97,NR1 3QQ,VALID,VALID,
ALB-PET-0002460,P0000832,140,PET,BROKER,2022-07-31,2023-07-31,RN,Y,338.60,338.60,NR1 3QQ,VALID,VALID,
ALB-MOT-0000674,P0000845,152,MOT,DIRECT,2022-03-10,2023-03-10,IF,Y,1915.72,1915.72,B1 1AA,VALID,VALID,
ALB-PET-0004265,P0000849,211,PET,BROKER,2026-11-25,2027-11-25,IF,Y,3526.89,0.00,M1 1AE,VALID,VALID,
ALB-PET-0000958,P0000853,97,PET,DIRECT,2023-12-09,2024-12-08,IF,Y,1127.25,1127.25,G1 1XQ,VALID,VALID,
ALB-CPM-0001507,P0000856,279,CPM,BROKER,2026-07-27,2027-07-27,EX,N,5555.84,0.00,YO1 6GA,VALID,VALID,
ALB-CLB-0001065,P0000862,212,CLB,AGGREGATOR,2025-04-14,2026-04-14,IF,Y,1534.02,1534.02,RG1 1LX,VALID,VALID,
ALB-CPM-0000781,P0000869,250,CPM,DIRECT,2019-04-20,2020-04-19,CN,N,1857.07,1857.07,B1 1AA,VALID,VALID,
ALB-TRV-0000970,P0000874,390,TRV,BROKER,2019-08-24,2020-08-23,LP,N,4178.60,4178.60,EC1A 1BB,VALID,VALID,
ALB-CLB-0000354,P0000883,369,CLB,BROKER,2025-11-28,2026-11-28,LP,N,10425.78,6081.71,LS1 4AP,VALID,VALID,
ALB-CLB-0000403,P0000891,334,CLB,BROKER,2023-11-19,2024-11-18,EX,N,14680.02,14680.02,ZZ99 9ZZ,VALID,VALID,
ALB-HOM-0001120,P0000914,,HOM,BROKER,2026-06-08,2027-06-08,IF,Y,423.40,35.28,NR1 3QQ,VALID,VALID,
ALB-CPM-0002023,P0000961,146,CPM,DIRECT,2024-01-07,2025-01-06,CN,N,13742.32,13742.32,CF10 1EP,VALID,VALID,
ALB-CLB-0002047,P0000969,125,CLB,AGGREGATOR,2018-09-23,2019-09-23,RN,Y,4549.37,4549.37,LS1 4AP,VALID,VALID,
ALB-PET-0002146,P0000981,,PET,AGGREGATOR,2018-06-03,2019-06-03,EX,N,2020.01,2020.01,YO1 6GA,VALID,VALID,
ALB-HOM-0001969,P0000982,,HOM,BROKER,2023-11-04,2024-11-03,RN,Y,3904.23,3904.23,LS1 4AP,VALID,VALID,
ALB-PET-0000016,P0000983,,PET,DIRECT,2022-09-29,2023-09-29,IF,Y,2830.61,2830.61,EC1A1BB,INVALID,VALID,
ALB-TRV-0001518,P0001018,6,TRV,BROKER,2022-10-12,2023-10-12,IF,Y,958.98,958.98,B1 1AA,VALID,VALID,
ALB-TRV-0003595,P0001025,474,TRV,DIRECT,2026-03-13,2027-03-13,IF,Y,1692.52,564.17,M1 1AE,VALID,VALID,
ALB-MOT-0001604,P0001058,,MOT,BROKER,2026-09-12,2027-09-12,IF,Y,3258.83,0.00,LS1 4AP,VALID,VALID,
ALB-TRV-0003012,P0001067,299,TRV,DIRECT,2022-11-19,2023-11-19,IF,Y,2445.30,2445.30,M1 1AE,VALID,VALID,
ALB-CLB-0001441,P0001069,,CLB,BROKER,2024-07-22,2025-07-22,EX,N,2323.85,2323.85,RG1 1LX,VALID,VALID,
ALB-MOT-0000650,P0001090,,MOT,BROKER,2023-09-02,2024-09-01,RN,Y,839.09,839.09,G1 1XQ,VALID,VALID,
ALB-HOM-0001797,P0001092,75,HOM,BROKER,2024-02-06,2025-02-05,IF,Y,3300.11,3300.11,NR1 3QQ,VALID,VALID,
ALB-PET-0000561,P0001097,,PET,BROKER,2026-07-07,2027-07-07,IF,Y,3829.84,0.00,,INVALID,VALID,
ALB-CPM-0000066,P0001101,,CPM,AGGREGATOR,2025-10-08,2026-10-08,IF,Y,10934.66,8201.00,LS1 4AP,VALID,VALID,
ALB-TRV-0003095,P0001103,354,TRV,DIRECT,2025-03-30,2026-03-30,IF,Y,2754.98,2754.98,B1 1AA,VALID,VALID,
ALB-CPM-0002807,P0001111,319,CPM,BROKER,2024-11-27,2025-11-27,CN,N,939.25,939.25,NR1 3QQ,VALID,VALID,
ALB-CPM-0004611,P0001147,,CPM,BROKER,2025-10-06,2026-10-06,EX,N,9012.73,6759.55,YO1 6GA,VALID,VALID,
ALB-TRV-0003607,P0001151,,TRV,DIRECT,2021-02-26,2022-02-26,IF,Y,3827.44,3827.44,NR1 3QQ,VALID,VALID,
ALB-MOT-0000623,P0001166,442,MOT,BROKER,2019-12-16,2020-12-15,IF,Y,3863.95,3863.95,G1 1XQ,VALID,VALID,
ALB-TRV-0000536,P0001171,,TRV,DIRECT,2026-11-23,2027-11-23,IF,Y,1541.82,0.00,YO1 6GA,VALID,VALID,
ALB-TRV-0000094,P0001180,,TRV,AGGREGATOR,2019-07-17,2020-07-16,IF,Y,4098.12,4098.12,M1  1AE,INVALID,VALID,
ALB-CLB-0000983,P0001219,,CLB,DIRECT,2023-01-07,2024-01-07,IF,Y,10961.06,10961.06,M1 1AE,VALID,VALID,
ALB-CLB-0003728,P0001226,224,CLB,BROKER,2026-02-02,2027-02-02,EX,N,4161.89,1734.12,EC1A 1BB,VALID,VALID,
ALB-CPM-0000774,P0001245,42,CPM,AGGREGATOR,2021-12-25,2022-12-25,CN,N,6188.78,6188.78,EC1A 1BB,VALID,VALID,
ALB-MOT-0002436,P0001247,,MOT,BROKER,2026-04-23,2027-04-23,IF,Y,768.61,192.15,EC1A1BB,INVALID,VALID,
ALB-CLB-0002222,P0001263,,CLB,BROKER,2025-02-06,2026-02-06,LP,N,12919.18,12919.18,CF10 1EP,VALID,VALID,
ALB-CLB-0000826,P0001269,220,CLB,BROKER,2023-03-07,2024-03-06,IF,Y,3053.37,3053.37,M1 1AE,VALID,VALID,
ALB-HOM-0000837,P0001285,,HOM,BROKER,2018-01-20,2019-01-20,RN,Y,779.92,779.92,LS1 4AP,VALID,VALID,
ALB-HOM-0003425,P0001298,,HOM,DIRECT,2026-08-10,2027-08-10,IF,Y,1886.38,0.00,G1 1XQ,VALID,VALID,
ALB-MOT-0000151,P0001306,,MOT,DIRECT,2026-05-11,2027-05-11,IF,Y,3889.27,648.21,M1 1AE,VALID,VALID,
ALB-CLB-0001387,P0001314,,CLB,BROKER,2025-05-28,2026-05-28,RN,Y,14263.63,14263.63,RG1 1LX,VALID,VALID,
ALB-TRV-0000706,P0001328,473,TRV,DIRECT,2018-12-01,2019-12-01,CN,N,1394.12,1394.12,CF10 1EP,VALID,VALID,
ALB-CLB-0003073,P0001340,,CLB,BROKER,2023-09-26,2024-09-25,LP,N,5984.82,5984.82,CF10 1EP,VALID,VALID,
ALB-MOT-0001870,P0001342,,MOT,BROKER,2026-12-10,2027-12-10,LP,N,2950.40,0.00,M1 1AE,VALID,VALID,
ALB-TRV-0002187,P0001354,,TRV,BROKER,2019-07-21,2020-07-20,EX,N,937.43,937.43,YO1 6GA,VALID,VALID,
ALB-MOT-0004129,P0001362,,MOT,AGGREGATOR,2022-05-30,2023-05-30,LP,N,3894.02,3894.02,ZZ99 9ZZ,VALID,VALID,
ALB-CPM-0003441,P0001379,123,CPM,DIRECT,2019-12-29,2020-12-28,RN,Y,14222.59,14222.59,EC1A 1BB,VALID,VALID,
ALB-HOM-0000274,P0001380,,HOM,BROKER,2022-12-18,2023-12-18,RN,Y,3587.78,3587.78,B1 1AA,VALID,VALID,
ALB-HOM-0003741,P0001386,,HOM,AGGREGATOR,2025-07-03,2026-07-03,IF,Y,195.16,195.16,NR1 3QQ,VALID,VALID,
ALB-TRV-0003065,P0001389,31,TRV,DIRECT,2022-11-12,2023-11-12,RN,Y,3267.09,3267.09,RG1 1LX,VALID,VALID,
ALB-TRV-0001223,P0001415,,TRV,DIRECT,2021-04-17,2022-04-17,IF,Y,2633.21,2633.21,B1 1AA,VALID,VALID,
ALB-MOT-0001931,P0001420,,MOT,BROKER,2019-03-27,2020-03-26,IF,Y,3895.21,3895.21,B1 1AA,VALID,VALID,
ALB-TRV-0001246,P0001424,,TRV,DIRECT,2024-11-26,2025-11-26,IF,Y,3618.55,3618.55,NR1 3QQ,VALID,VALID,
ALB-CPM-0001853,P0001431,491,CPM,DIRECT,2020-02-04,2021-02-03,LP,N,4142.25,4142.25,NR1 3QQ,VALID,VALID,
ALB-CLB-0002604,P0001450,4,CLB,BROKER,2023-01-22,2024-01-22,RN,Y,3936.04,3936.04,CF10 1EP,VALID,VALID,
ALB-MOT-0001584,P0001462,,MOT,BROKER,2021-05-13,2022-05-13,CN,N,873.95,873.95,RG1 1LX,VALID,VALID,
ALB-MOT-0000030,P0001464,469,MOT,BROKER,2019-09-30,2020-09-29,IF,Y,2042.50,2042.50,LS1 4AP,VALID,VALID,
ALB-PET-0000512,P0001465,203,PET,DIRECT,2025-12-07,2026-12-07,RN,Y,2648.73,1545.09,G1 1XQ,VALID,VALID,
ALB-HOM-0001100,P0001473,,HOM,AGGREGATOR,2025-04-18,2026-04-18,LP,N,3596.14,3596.14,,INVALID,VALID,
ALB-MOT-0000731,P0001486,,MOT,BROKER,2024-02-13,2025-02-12,IF,Y,4189.90,4189.90,LS1 4AP,VALID,VALID,
ALB-MOT-0001981,P0001507,,MOT,DIRECT,2021-02-02,2022-02-02,EX,N,1561.38,1561.38,M1  1AE,INVALID,VALID,
ALB-CPM-0001541,P0001508,,CPM,DIRECT,2019-05-06,2020-05-05,CN,N,14324.67,14324.67,RG1 1LX,VALID,VALID,
ALB-PET-0002174,P0001514,298,PET,DIRECT,2026-01-29,2027-01-29,IF,Y,4132.06,1721.69,YO1 6GA,VALID,VALID,
ALB-CLB-0002825,P0001532,,CLB,DIRECT,2024-11-29,2025-11-29,IF,Y,6524.19,6524.19,G1 1XQ,VALID,VALID,
ALB-PET-0002764,P0001547,,PET,AGGREGATOR,2023-01-17,2024-01-17,IF,Y,3988.98,3988.98,M1 1AE,VALID,VALID,
ALB-CPM-0000218,P0001584,,CPM,DIRECT,2025-03-09,2026-03-09,LP,N,901.28,901.28,LS1 4AP,VALID,VALID,
ALB-MOT-0000126,P0001631,228,MOT,DIRECT,2025-10-16,2026-10-16,RN,Y,1346.00,1009.50,G1 1XQ,VALID,VALID,
ALB-TRV-0001909,P0001638,430,TRV,BROKER,2019-12-16,2020-12-15,IF,Y,1051.03,1051.03,NR1 3QQ,VALID,VALID,
ALB-CPM-0000792,P0001670,,CPM,BROKER,2022-12-02,2023-12-02,IF,Y,11868.03,11868.03,RG1 1LX,VALID,VALID,
ALB-HOM-0001776,P0001685,,HOM,AGGREGATOR,2022-11-29,2023-11-29,RN,Y,1930.48,1930.48,M1 1AE,VALID,VALID,
ALB-CLB-0000431,P0001689,80,CLB,BROKER,2022-11-06,2023-11-06,IF,Y,5807.12,5807.12,B1 1AA,VALID,VALID,
ALB-MOT-0001277,P0001690,281,MOT,AGGREGATOR,2019-09-17,2020-09-16,IF,Y,2545.07,2545.07,CF10 1EP,VALID,VALID,
ALB-CPM-0001278,P0001702,452,CPM,DIRECT,2022-09-16,2023-09-16,EX,N,2917.20,2917.20,LS1 4AP,VALID,VALID,
ALB-CPM-0002052,P0001705,274,CPM,BROKER,2020-06-12,2021-06-12,IF,Y,13700.18,13700.18,G1 1XQ,VALID,VALID,
ALB-CPM-0000451,P0001735,168,CPM,BROKER,2018-03-03,2019-03-03,IF,Y,12082.36,12082.36,EC1A 1BB,VALID,VALID,
ALB-TRV-0000472,P0001777,,TRV,BROKER,2023-08-12,2024-08-11,IF,Y,2105.03,2105.03,LS1 4AP,VALID,VALID,
ALB-TRV-0002217,P0001778,,TRV,AGGREGATOR,2018-08-23,2019-08-23,EX,N,2979.73,2979.73,BS1 4ST,VALID,VALID,
ALB-CLB-0000165,P0001779,79,CLB,DIRECT,2021-07-01,2022-07-01,CN,N,9046.93,9046.93,NR1 3QQ,VALID,VALID,
ALB-CLB-0000849,P0001781,,CLB,BROKER,2025-06-13,2026-06-13,IF,Y,11329.58,11329.58,M1 1AE,VALID,VALID,
ALB-HOM-0001142,P0001800,18,HOM,BROKER,2020-02-03,2021-02-02,CN,N,663.77,663.77,B1 1AA,VALID,VALID,
ALB-HOM-0000783,P0001813,,HOM,BROKER,2024-12-24,2025-12-24,RN,Y,2319.53,2319.53,BS1 4ST,VALID,VALID,
ALB-CPM-0003462,P0001818,,CPM,BROKER,2022-11-14,2023-11-14,IF,Y,7523.15,7523.15,EC1A 1BB,VALID,VALID,
ALB-MOT-0002744,P0001819,344,MOT,DIRECT,2018-02-24,2019-02-24,IF,Y,2643.76,2643.76,B1 1AA,VALID,VALID,
ALB-HOM-0002790,P0001822,,HOM,BROKER,2019-03-21,2020-03-20,IF,Y,871.24,871.24,EC1A1BB,INVALID,VALID,
ALB-MOT-0001914,P0001823,,MOT,BROKER,2026-12-25,2027-12-25,EX,N,2075.61,0.00,RG1 1LX,VALID,VALID,
ALB-PET-0003605,P0001824,150,PET,BROKER,2025-11-17,2026-11-17,IF,Y,2198.89,1465.93,G1 1XQ,VALID,VALID,
ALB-HOM-0003931,P0001844,,HOM,AGGREGATOR,2026-06-06,2027-06-06,CN,N,972.25,81.02,RG1 1LX,VALID,VALID,
ALB-CPM-0000036,P0001851,,CPM,AGGREGATOR,2025-12-18,2026-12-18,EX,N,3097.51,1806.88,RG1 1LX,VALID,VALID,
ALB-CPM-0001674,P0001865,176,CPM,DIRECT,2020-04-07,2021-04-07,IF,Y,10310.76,10310.76,EC1A 1BB,VALID,VALID,
ALB-CPM-0003765,P0001866,119,CPM,DIRECT,2024-11-05,2025-11-05,CN,N,6966.03,6966.03,CF10 1EP,VALID,VALID,
ALB-CPM-0002762,P0001871,412,CPM,DIRECT,2021-10-08,2022-10-08,IF,Y,7928.84,7928.84,YO1 6GA,VALID,VALID,
ALB-TRV-0000738,P0001874,,TRV,AGGREGATOR,2022-05-18,2023-05-18,LP,N,2133.99,2133.99,BS1 4ST,VALID,VALID,
ALB-CPM-0001860,P0001881,,CPM,DIRECT,2024-05-03,2025-05-03,IF,Y,11194.57,11194.57,M1 1AE,VALID,VALID,
ALB-MOT-0000479,P0001884,,MOT,DIRECT,2024-02-12,2025-02-11,IF,Y,2655.05,2655.05,G1 1XQ,VALID,VALID,
ALB-TRV-0001588,P0001899,459,TRV,DIRECT,2025-12-24,2026-12-24,EX,N,2555.28,1490.58,BS1 4ST,VALID,VALID,
ALB-TRV-0002414,P0001902,,TRV,DIRECT,2019-05-15,2020-05-14,IF,Y,1555.90,1555.90,NR1 3QQ,VALID,VALID,
ALB-CPM-0003793,P0001915,333,CPM,DIRECT,2023-05-22,2024-05-21,IF,Y,11107.41,11107.41,M1 1AE,VALID,VALID,
ALB-CPM-0002808,P0001921,55,CPM,BROKER,2023-01-29,2024-01-29,IF,Y,971.69,971.69,BS1 4ST,VALID,VALID,
ALB-CPM-0002360,P0001926,,CPM,BROKER,2026-07-23,2027-07-23,IF,Y,810.90,0.00,NR1 3QQ,VALID,VALID,
ALB-PET-0000883,P0001945,,PET,BROKER,2025-04-10,2026-04-10,IF,Y,1663.99,1663.99,CF10 1EP,VALID,VALID,
ALB-PET-0002775,P0001977,,PET,DIRECT,2023-07-04,2024-07-03,IF,Y,1351.21,1351.21,G1 1XQ,VALID,VALID,
ALB-HOM-0000203,P0001983,48,HOM,BROKER,2024-11-07,2025-11-07,IF,Y,1308.10,1308.10,LS1 4AP,VALID,VALID,
ALB-HOM-0000246,P0001990,,HOM,BROKER,2025-09-16,2026-09-16,LP,N,723.54,602.95,B1 1AA,VALID,VALID,
ALB-CLB-0001390,P0002009,255,CLB,DIRECT,2018-08-05,2019-08-05,IF,Y,4512.35,4512.35,M1 1AE,VALID,VALID,
ALB-HOM-0000628,P0002016,,HOM,AGGREGATOR,2020-12-27,2021-12-27,IF,Y,2773.30,2773.30,LS1 4AP,VALID,VALID,
ALB-TRV-0001408,P0002026,,TRV,DIRECT,2026-07-19,2027-07-19,LP,N,3505.49,0.00,LS1 4AP,VALID,VALID,
ALB-HOM-0001266,P0002033,293,HOM,DIRECT,2018-02-21,2019-02-21,IF,Y,2541.41,2541.41,BS1 4ST,VALID,VALID,
ALB-CLB-0000024,P0000007,,CLB,AGGREGATOR,2019-04-04,2020-04-03,EX,N,10470.15,10470.15,B1 1AA,VALID,VALID,
ALB-CPM-0000391,P0000071,415,CPM,AGGREGATOR,2018-07-10,2019-07-10,LP,N,1711.08,1711.08,RG1 1LX,VALID,VALID,
ALB-TRV-0001414,P0000116,64,TRV,BROKER,2022-06-18,2023-06-18,EX,N,714.06,714.06,M1 1AE,VALID,VALID,
ALB-CLB-0002669,P0000164,471,CLB,BROKER,2020-05-09,2021-05-09,IF,Y,7308.73,7308.73,LS1 4AP,VALID,VALID,
ALB-PET-0002160,P0000253,79,PET,BROKER,2026-08-05,2027-08-05,IF,Y,1650.69,0.00,M1 1AE,VALID,VALID,
ALB-HOM-0001451,P0000255,459,HOM,DIRECT,2020-06-24,2021-06-24,RN,Y,1969.40,1969.40,G1 1XQ,VALID,VALID,
ALB-TRV-0000188,P0000260,488,TRV,DIRECT,2023-07-30,2024-07-29,IF,Y,3091.34,3091.34,B1 1AA,VALID,VALID,
ALB-HOM-0001247,P0000285,405,HOM,DIRECT,2018-04-15,2019-04-15,IF,Y,625.60,625.60,CF10 1EP,VALID,VALID,
ALB-PET-0003335,P0000312,55,PET,AGGREGATOR,2022-06-03,2023-06-03,RN,Y,728.00,728.00,B1 1AA,VALID,VALID,
ALB-PET-0000500,P0000321,348,PET,BROKER,2018-04-26,2019-04-26,LP,N,3860.96,3860.96,YO1 6GA,VALID,VALID,
ALB-CLB-0001947,P0000323,,CLB,BROKER,2019-10-25,2020-10-24,IF,Y,8400.55,8400.55,RG1 1LX,VALID,VALID,
ALB-PET-0002072,P0000325,277,PET,DIRECT,2021-06-27,2022-06-27,RN,Y,3764.42,3764.42,G1 1XQ,VALID,VALID,
ALB-CLB-0000563,P0000378,366,CLB,BROKER,2018-11-24,2019-11-24,IF,Y,1165.51,1165.51,NR1 3QQ,VALID,VALID,
ALB-CPM-0000100,P0000383,381,CPM,BROKER,2019-05-17,2020-05-16,EX,N,11872.04,11872.04,NR1 3QQ,VALID,VALID,
ALB-HOM-0001448,P0000385,,HOM,DIRECT,2026-07-14,2027-07-14,LP,N,4056.02,0.00,LS1 4AP,VALID,VALID,
ALB-CPM-0002081,P0000429,285,CPM,BROKER,2023-03-15,2024-03-14,EX,N,9436.44,9436.44,YO1 6GA,VALID,VALID,
ALB-MOT-0002855,P0000431,452,MOT,BROKER,2020-10-20,2021-10-20,RN,Y,3947.22,3947.22,EC1A 1BB,VALID,VALID,
ALB-TRV-0002603,P0000462,332,TRV,DIRECT,2020-08-25,2021-08-25,CN,N,3102.99,3102.99,YO1 6GA,VALID,VALID,
ALB-CPM-0000881,P0000479,233,CPM,BROKER,2019-10-03,2020-10-02,LP,N,3491.28,3491.28,YO1 6GA,VALID,VALID,
ALB-PET-0000861,P0000494,,PET,BROKER,2025-12-05,2026-12-05,IF,Y,2932.21,1710.46,EC1A 1BB,VALID,VALID,
ALB-PET-0000008,P0000565,,PET,BROKER,2019-01-01,2020-01-01,IF,Y,652.39,652.39,M1  1AE,INVALID,VALID,
ALB-CPM-0001106,P0000572,,CPM,AGGREGATOR,2025-12-14,2026-12-14,RN,Y,1652.15,963.75,G1 1XQ,VALID,VALID,
ALB-CLB-0000863,P0000619,278,CLB,BROKER,2024-05-28,2025-05-28,IF,Y,10399.54,10399.54,BS1 4ST,VALID,VALID,
ALB-CPM-0000331,P0000623,185,CPM,BROKER,2024-08-28,2025-08-28,IF,Y,3313.07,3313.07,B1 1AA,VALID,VALID,
ALB-PET-0000824,P0000632,407,PET,DIRECT,2026-09-29,2027-09-29,RN,Y,215.17,0.00,LS1 4AP,VALID,VALID,
ALB-PET-0000854,P0000634,134,PET,BROKER,2024-01-25,2025-01-24,IF,Y,2489.21,2489.21,NR1 3QQ,VALID,VALID,
ALB-TRV-0002144,P0000643,472,TRV,BROKER,2026-06-17,2027-06-17,CN,N,1414.62,117.89,YO1 6GA,VALID,VALID,
ALB-MOT-0000034,P0000654,254,MOT,AGGREGATOR,2024-07-03,2025-07-03,EX,N,2583.67,2583.67,NR1 3QQ,VALID,VALID,
ALB-CLB-0000872,P0000661,3,CLB,BROKER,2026-03-17,2027-03-17,RN,Y,14364.19,4788.06,NR1 3QQ,VALID,VALID,
ALB-TRV-0000184,P0000676,234,TRV,BROKER,2022-12-29,2023-12-29,IF,Y,1089.83,1089.83,G1 1XQ,VALID,VALID,
ALB-MOT-0000889,P0000722,363,MOT,AGGREGATOR,2019-10-23,2020-10-22,EX,N,1053.38,1053.38,LS1 4AP,VALID,VALID,
ALB-TRV-0001675,P0000779,454,TRV,BROKER,2022-12-21,2023-12-21,RN,Y,2928.47,2928.47,LS1 4AP,VALID,VALID,
ALB-CPM-0003019,P0000861,130,CPM,BROKER,2020-02-13,2021-02-12,IF,Y,7324.21,7324.21,YO1 6GA,VALID,VALID,
ALB-PET-0001690,P0000920,,PET,BROKER,2026-12-13,2027-12-13,EX,N,2840.54,0.00,RG1 1LX,VALID,VALID,
ALB-TRV-0002404,P0000950,106,TRV,BROKER,2025-12-02,2026-12-02,LP,N,1726.88,1007.35,M1 1AE,VALID,VALID,
ALB-TRV-0001367,P0000969,125,TRV,BROKER,2018-07-01,2019-07-01,RN,Y,2719.34,2719.34,LS1 4AP,VALID,VALID,
ALB-PET-0003504,P0000973,,PET,BROKER,2019-06-22,2020-06-21,CN,N,2189.11,2189.11,EC1A 1BB,VALID,VALID,
ALB-CPM-0001306,P0001018,6,CPM,BROKER,2021-07-02,2022-07-02,IF,Y,1979.82,1979.82,B1 1AA,VALID,VALID,
ALB-PET-0000290,P0001022,203,PET,DIRECT,2018-06-02,2019-06-02,RN,Y,3508.32,3508.32,NR1 3QQ,VALID,VALID,
ALB-TRV-0001388,P0001042,370,TRV,BROKER,2022-08-11,2023-08-11,LP,N,3744.08,3744.08,CF10 1EP,VALID,VALID,
ALB-PET-0001863,P0001048,348,PET,BROKER,2021-01-27,2022-01-27,RN,Y,2094.75,2094.75,NR1 3QQ,VALID,VALID,
ALB-PET-0001395,P0001069,,PET,AGGREGATOR,2021-10-10,2022-10-10,RN,Y,952.08,952.08,RG1 1LX,VALID,VALID,
ALB-CPM-0000845,P0001082,439,CPM,AGGREGATOR,2024-11-05,2025-11-05,EX,N,9592.77,9592.77,B1 1AA,VALID,VALID,
ALB-MOT-0000470,P0001097,,MOT,DIRECT,2026-01-22,2027-01-22,IF,Y,1627.70,813.85,,INVALID,VALID,
ALB-CPM-0004138,P0001144,,CPM,BROKER,2024-10-18,2025-10-18,CN,N,8370.78,8370.78,N/A,INVALID,VALID,
ALB-CLB-0000466,P0001151,,CLB,BROKER,2020-12-16,2021-12-16,LP,N,2198.46,2198.46,NR1 3QQ,VALID,VALID,
ALB-TRV-0001417,P0001177,20,TRV,BROKER,2024-03-31,2025-03-31,LP,N,3594.04,3594.04,M1 1AE,VALID,VALID,
ALB-CPM-0000631,P0001194,320,CPM,DIRECT,2023-03-05,2024-03-04,LP,N,10304.93,10304.93,RG1 1LX,VALID,VALID,
ALB-TRV-0001538,P0001263,,TRV,BROKER,2022-03-13,2023-03-13,EX,N,3196.92,3196.92,CF10 1EP,VALID,VALID,
ALB-MOT-0001697,P0001265,,MOT,DIRECT,2024-11-28,2025-11-28,LP,N,1296.59,1296.59,B1 1AA,VALID,VALID,
ALB-HOM-0000022,P0001311,370,HOM,DIRECT,2026-07-15,2027-07-15,IF,Y,2872.78,0.00,M1  1AE,INVALID,VALID,
ALB-PET-0000160,P0001313,,PET,AGGREGATOR,2023-08-24,2024-08-23,IF,Y,3970.96,3970.96,M1 1AE,VALID,VALID,
ALB-MOT-0000717,P0001335,13,MOT,BROKER,2023-01-18,2024-01-18,RN,Y,1572.35,1572.35,LS1 4AP,VALID,VALID,
ALB-MOT-0000898,P0001337,39,MOT,AGGREGATOR,2024-12-29,2025-12-29,IF,Y,2225.18,2225.18,EC1A 1BB,VALID,VALID,
ALB-CPM-0001286,P0001375,497,CPM,AGGREGATOR,2020-01-17,2021-01-16,IF,Y,12762.62,12762.62,B1 1AA,VALID,VALID,
ALB-TRV-0000477,P0001379,123,TRV,BROKER,2020-07-22,2021-07-22,CN,N,1784.42,1784.42,EC1A 1BB,VALID,VALID,
ALB-MOT-0001999,P0001389,31,MOT,AGGREGATOR,2026-05-25,2027-05-25,IF,Y,3512.17,585.36,RG1 1LX,VALID,VALID,
ALB-CPM-0000078,P0001424,,CPM,BROKER,2019-04-17,2020-04-16,IF,Y,7676.73,7676.73,NR1 3QQ,VALID,VALID,
ALB-CPM-0001976,P0001450,4,CPM,AGGREGATOR,2020-05-27,2021-05-27,IF,Y,4458.45,4458.45,CF10 1EP,VALID,VALID,
ALB-CLB-0001901,P0001459,,CLB,BROKER,2022-09-24,2023-09-24,IF,Y,9728.84,9728.84,YO1 6GA,VALID,VALID,
ALB-CLB-0001928,P0001495,,CLB,DIRECT,2023-07-10,2024-07-09,IF,Y,7136.67,7136.67,G1 1XQ,VALID,VALID,
ALB-MOT-0000516,P0001508,,MOT,BROKER,2019-02-20,2020-02-20,IF,Y,2487.40,2487.40,RG1 1LX,VALID,VALID,
ALB-CLB-0000981,P0001534,,CLB,BROKER,2018-10-11,2019-10-11,CN,N,6311.19,6311.19,M1  1AE,INVALID,VALID,
ALB-CPM-0001475,P0001638,430,CPM,BROKER,2025-04-13,2026-04-13,EX,N,2923.25,2923.25,NR1 3QQ,VALID,VALID,
ALB-CLB-0001598,P0001651,142,CLB,DIRECT,2022-11-21,2023-11-21,IF,Y,6039.08,6039.08,RG1 1LX,VALID,VALID,
ALB-CPM-0001008,P0001702,452,CPM,DIRECT,2021-02-20,2022-02-20,RN,Y,3285.35,3285.35,LS1 4AP,VALID,VALID,
ALB-CLB-0000303,P0001777,,CLB,DIRECT,2025-11-07,2026-11-07,RN,Y,11662.69,7775.13,LS1 4AP,VALID,VALID,
ALB-CPM-0000058,P0001814,,CPM,BROKER,2022-04-02,2023-04-02,LP,N,1046.90,1046.90,NR1 3QQ,VALID,VALID,
ALB-CLB-0000480,P0001818,,CLB,DIRECT,2018-07-07,2019-07-07,IF,Y,1878.29,1878.29,EC1A 1BB,VALID,VALID,
ALB-HOM-0000532,P0001870,,HOM,BROKER,2018-01-20,2019-01-20,LP,N,1050.50,1050.50,EC1A 1BB,VALID,VALID,
ALB-HOM-0000828,P0001881,,HOM,DIRECT,2019-06-23,2020-06-22,CN,N,3290.67,3290.67,M1 1AE,VALID,VALID,
ALB-TRV-0000243,P0001995,165,TRV,AGGREGATOR,2020-11-14,2021-11-14,IF,Y,561.73,561.73,ZZ99 9ZZ,VALID,VALID,
ALB-MOT-0001703,P0000253,79,MOT,BROKER,2018-04-15,2019-04-15,IF,Y,899.15,899.15,M1 1AE,VALID,VALID,
ALB-MOT-0000961,P0000431,452,MOT,BROKER,2019-05-11,2020-05-10,LP,N,258.84,258.84,EC1A 1BB,VALID,VALID,
ALB-HOM-0001858,P0000462,332,HOM,BROKER,2022-09-21,2023-09-21,EX,N,2670.71,2670.71,YO1 6GA,VALID,VALID,
ALB-MOT-0000012,P0000623,185,MOT,DIRECT,2025-01-06,2026-01-06,EX,N,821.60,821.60,B1 1AA,VALID,VALID,
ALB-MOT-0002089,P0000643,472,MOT,BROKER,2026-12-11,2027-12-11,RN,Y,1961.30,0.00,YO1 6GA,VALID,VALID,
ALB-HOM-0000597,P0000740,,HOM,DIRECT,2021-08-24,2022-08-24,CN,N,3964.98,3964.98,LS1 4AP,VALID,VALID,
ALB-HOM-0003028,P0000752,10,HOM,BROKER,2018-09-02,2019-09-02,EX,N,2248.05,2248.05,YO1 6GA,VALID,VALID,
ALB-CLB-0002395,P0000835,367,CLB,BROKER,2021-04-11,2022-04-11,RN,Y,8932.17,8932.17,RG1 1LX,VALID,VALID,
ALB-CLB-0000456,P0000988,223,CLB,BROKER,2026-07-29,2027-07-29,EX,N,8826.67,0.00,LS1 4AP,VALID,VALID,
ALB-HOM-0001632,P0001048,348,HOM,BROKER,2019-11-24,2020-11-23,RN,Y,4192.31,4192.31,NR1 3QQ,VALID,VALID,
ALB-CLB-0001013,P0001064,,CLB,BROKER,2019-04-06,2020-04-05,IF,Y,3053.35,3053.35,M1 1AE,VALID,VALID,
ALB-MOT-0001347,P0001069,,MOT,BROKER,2020-04-12,2021-04-12,EX,N,2137.51,2137.51,RG1 1LX,VALID,VALID,
ALB-CPM-0001657,P0001179,,CPM,BROKER,2025-05-18,2026-05-18,LP,N,10182.12,10182.12,BS1 4ST,VALID,VALID,
ALB-CPM-0000277,P0001246,,CPM,BROKER,2025-04-21,2026-04-21,RN,Y,10436.15,10436.15,CF10 1EP,VALID,VALID,
ALB-TRV-0001900,P0001262,,TRV,AGGREGATOR,2021-10-14,2022-10-14,IF,Y,3289.65,3289.65,G1 1XQ,VALID,VALID,
ALB-MOT-0001077,P0001265,,MOT,BROKER,2018-07-12,2019-07-12,LP,N,2298.97,2298.97,B1 1AA,VALID,VALID,
ALB-TRV-0001351,P0001450,4,TRV,DIRECT,2025-01-12,2026-01-12,RN,Y,1978.66,1978.66,CF10 1EP,VALID,VALID,
ALB-CPM-0000033,P0001493,,CPM,BROKER,2026-01-15,2027-01-15,IF,Y,3121.57,1560.79,M1  1AE,INVALID,VALID,
ALB-CPM-0001292,P0001495,,CPM,DIRECT,2024-10-31,2025-10-31,RN,Y,11150.82,11150.82,G1 1XQ,VALID,VALID,
ALB-CPM-0000139,P0001508,,CPM,DIRECT,2025-03-09,2026-03-09,IF,Y,5106.62,5106.62,RG1 1LX,VALID,VALID,
ALB-PET-0000073,P0001702,452,PET,AGGREGATOR,2024-07-28,2025-07-28,IF,Y,627.87,627.87,LS1 4AP,VALID,VALID,
ALB-HOM-0000070,P0001705,274,HOM,DIRECT,2020-10-03,2021-10-03,LP,N,2130.96,2130.96,G1 1XQ,VALID,VALID,
ALB-HOM-0000103,P0001822,,HOM,DIRECT,2025-01-05,2026-01-05,IF,Y,382.95,382.95,EC1A1BB,INVALID,VALID,
ALB-HOM-0000169,P0001902,,HOM,DIRECT,2019-08-22,2020-08-21,EX,N,3302.94,3302.94,NR1 3QQ,VALID,VALID,
ALB-CPM-0003037,P0001915,333,CPM,DIRECT,2026-01-06,2027-01-06,RN,Y,1150.41,575.21,M1 1AE,VALID,VALID,
ALB-TRV-0002359,P0002005,413,TRV,BROKER,2025-04-28,2026-04-28,IF,Y,2268.93,2268.93,EC1A 1BB,VALID,VALID,
ALB-CPM-0000671,P0000462,332,CPM,BROKER,2020-05-17,2021-05-17,EX,N,14598.82,14598.82,YO1 6GA,VALID,VALID,
ALB-HOM-0000055,P0001228,300,HOM,AGGREGATOR,2018-03-10,2019-03-10,LP,N,3817.46,3817.46,RG1 1LX,VALID,VALID,
ALB-HOM-0000607,P0001265,,HOM,AGGREGATOR,2024-11-28,2025-11-28,IF,Y,4003.42,4003.42,B1 1AA,VALID,VALID,
ALB-CPM-0000412,P0001569,313,CPM,BROKER,2023-01-23,2024-01-23,RN,Y,14540.41,14540.41,,INVALID,VALID,
ALB-PET-0000037,P0001755,320,PET,BROKER,2023-08-01,2024-07-31,IF,Y,2525.90,2525.90,CF10 1EP,VALID,VALID,
ALB-CPM-0001153,P0001823,,CPM,BROKER,2019-06-28,2020-06-27,RN,Y,8223.34,8223.34,RG1 1LX,VALID,VALID,
ALB-MOT-0000198,P0002005,413,MOT,BROKER,2019-05-19,2020-05-18,IF,Y,561.78,561.78,EC1A 1BB,VALID,VALID,
ALB-CLB-0003902,P0002049,315,CLB,BROKER,2021-09-20,2022-09-20,RN,Y,8550.43,8550.43,NR1 3QQ,VALID,VALID,Patel & Taylor Insurance Services Ltd
ALB-HOM-0004430,P0002052,,HOM,BROKER,2024-12-16,2025-12-16,IF,Y,574.16,574.16,M1 1AE,VALID,VALID,Hall & Brown Insurance Services Ltd
ALB-MOT-0003020,P0002053,,MOT,DIRECT,2018-12-14,2019-12-14,IF,Y,3152.63,3152.63,LS1 4AP,VALID,VALID,Hall & Baker Insurance Services Ltd
ALB-MOT-0000622,P0002056,142,MOT,BROKER,2024-03-31,2025-03-31,IF,Y,2841.84,2841.84,RG1 1LX,VALID,VALID,Green & Patel Insurance Services Ltd
ALB-CLB-0002068,P0002057,437,CLB,DIRECT,2023-08-24,2024-08-23,IF,Y,8839.66,8839.66,N/A,INVALID,VALID,Patel & Taylor Insurance Services Ltd
ALB-MOT-0004822,P0002058,,MOT,DIRECT,2024-01-28,2025-01-27,IF,Y,923.97,923.97,LS1 4AP,VALID,VALID,Green & Murphy Insurance Services Ltd
ALB-TRV-0001037,P0002060,,TRV,BROKER,2022-06-20,2023-06-20,EX,N,2844.58,2844.58,B1 1AA,VALID,VALID,Patel & Wilson Insurance Services Ltd
ALB-CPM-0003074,P0002062,13,CPM,BROKER,2018-07-02,2019-07-02,IF,Y,2161.76,2161.76,YO1 6GA,VALID,VALID,Taylor & Walker Insurance Services Ltd
ALB-CLB-0003378,P0002063,,CLB,BROKER,2024-09-14,2025-09-14,RN,Y,1239.42,1239.42,M1 1AE,VALID,VALID,Taylor & Johnson Insurance Services Ltd
ALB-CLB-0002991,P0002064,,CLB,DIRECT,2019-11-25,2020-11-24,LP,N,3042.12,3042.12,BS1 4ST,VALID,VALID,Patel & Taylor Insurance Services Ltd
ALB-HOM-0003431,P0002065,,HOM,DIRECT,2026-05-31,2027-05-31,IF,Y,1572.50,131.04,NR1 3QQ,VALID,VALID,Green & Murphy Insurance Services Ltd
ALB-TRV-0003159,P0002066,410,TRV,DIRECT,2021-08-20,2022-08-20,IF,Y,2447.59,2447.59,M1 1AE,VALID,VALID,Baker & Wright Insurance Services Ltd
ALB-CPM-0004467,P0002067,,CPM,AGGREGATOR,2026-05-14,2027-05-14,LP,N,3711.26,618.54,M1 1AE,VALID,VALID,Davies & Taylor Insurance Services Ltd
ALB-CLB-0003616,P0002072,362,CLB,AGGREGATOR,2026-03-08,2027-03-08,RN,Y,13034.87,4344.96,N/A,INVALID,VALID,OBrien & Green Insurance Services Ltd
ALB-CLB-0001977,P0002078,,CLB,DIRECT,2018-12-09,2019-12-09,LP,N,7883.70,7883.70,G1 1XQ,VALID,VALID,Hall & Patel Insurance Services Ltd
ALB-CLB-0003546,P0002081,,CLB,DIRECT,2019-08-29,2020-08-28,CN,N,1905.47,1905.47,ZZ99 9ZZ,VALID,VALID,Green & Jones Insurance Services Ltd
ALB-TRV-0000585,P0002084,,TRV,BROKER,2018-01-22,2019-01-22,LP,N,4041.34,4041.34,G1 1XQ,VALID,VALID,Johnson & Murphy Insurance Services Ltd
ALB-TRV-0001851,P0002087,340,TRV,AGGREGATOR,2022-11-26,2023-11-26,IF,Y,771.87,771.87,CF10 1EP,VALID,VALID,Patel & Taylor Insurance Services Ltd
ALB-CPM-0003326,P0002089,267,CPM,BROKER,2019-07-22,2020-07-21,IF,Y,4382.19,4382.19,B1 1AA,VALID,VALID,Davies & Wright Insurance Services Ltd
ALB-TRV-0000700,P0002090,,TRV,DIRECT,2022-04-19,2023-04-19,EX,N,266.57,266.57,BS1 4ST,VALID,VALID,Baker & Brown Insurance Services Ltd
ALB-PET-0004238,P0002091,33,PET,DIRECT,2021-10-07,2022-10-07,IF,Y,1899.32,1899.32,EC1A 1BB,VALID,VALID,Davies & Wright Insurance Services Ltd
ALB-MOT-0005151,P0002092,,MOT,DIRECT,2021-04-18,2022-04-18,EX,N,3437.31,3437.31,LS1 4AP,VALID,VALID,Davies & Taylor Insurance Services Ltd
ALB-TRV-0004276,P0002093,160,TRV,BROKER,2024-06-27,2025-06-27,IF,Y,1522.42,1522.42,M1 1AE,VALID,VALID,Davies & Davies Insurance Services Ltd
ALB-TRV-0004315,P0002094,,TRV,BROKER,2025-11-02,2026-11-02,RN,Y,197.68,131.79,B1 1AA,VALID,VALID,Davies & Hughes Insurance Services Ltd
ALB-MOT-0003244,P0002096,,MOT,AGGREGATOR,2021-10-01,2022-10-01,IF,Y,1346.94,1346.94,BS1 4ST,VALID,VALID,Walker & Wright Insurance Services Ltd
ALB-CPM-0003944,P0002097,351,CPM,BROKER,2024-10-18,2025-10-18,RN,Y,3120.75,3120.75,EC1A 1BB,VALID,VALID,Baker & Clarke Insurance Services Ltd
ALB-CPM-0003225,P0002098,194,CPM,DIRECT,2026-04-13,2027-04-13,IF,Y,7007.06,1751.77,BS1 4ST,VALID,VALID,Smith & Davies Insurance Services Ltd
ALB-CPM-0001585,P0002099,,CPM,BROKER,2026-05-25,2027-05-25,RN,Y,14332.36,2388.73,ZZ99 9ZZ,VALID,VALID,Hall & Brown Insurance Services Ltd
ALB-PET-0003215,P0002100,486,PET,BROKER,2020-01-01,2020-12-31,RN,Y,656.39,656.39,RG1 1LX,VALID,VALID,Davies & Wright Insurance Services Ltd
ALB-HOM-0004954,P0002101,362,HOM,DIRECT,2024-07-29,2025-07-29,RN,Y,404.01,404.01,LS1 4AP,VALID,VALID,Brown & Davies Insurance Services Ltd
ALB-CLB-0003558,P0002102,,CLB,BROKER,2020-08-02,2021-08-02,IF,Y,2833.02,2833.02,CF10 1EP,VALID,VALID,Williams & Hall Insurance Services Ltd
ALB-MOT-0004160,P0002104,,MOT,DIRECT,2021-06-09,2022-06-09,IF,Y,4022.15,4022.15,B1 1AA,VALID,VALID,Baker & Williams Insurance Services Ltd
ALB-TRV-0004201,P0002106,,TRV,DIRECT,2022-08-25,2023-08-25,RN,Y,423.99,423.99,M1 1AE,VALID,VALID,Hall & Khan Insurance Services Ltd
ALB-TRV-0004877,P0002107,325,TRV,DIRECT,2026-02-11,2027-02-11,IF,Y,3085.10,1285.46,YO1 6GA,VALID,VALID,Robinson & Brown Insurance Services Ltd
ALB-PET-0004445,P0002108,,PET,DIRECT,2024-05-18,2025-05-18,IF,Y,712.23,712.23,EC1A1BB,INVALID,VALID,Davies & Taylor Insurance Services Ltd
ALB-TRV-0001930,P0002109,396,TRV,AGGREGATOR,2026-01-17,2027-01-17,RN,Y,2522.86,1261.43,EC1A 1BB,VALID,VALID,Wilson & OBrien Insurance Services Ltd
ALB-TRV-0004626,P0002110,,TRV,DIRECT,2018-12-07,2019-12-07,RN,Y,1135.10,1135.10,M1 1AE,VALID,VALID,Hall & Wright Insurance Services Ltd
ALB-HOM-0001344,P0002116,274,HOM,BROKER,2025-05-14,2026-05-14,EX,N,3445.52,3445.52,BS1 4ST,VALID,VALID,Khan & Davies Insurance Services Ltd
ALB-TRV-0004921,P0002117,337,TRV,BROKER,2023-10-26,2024-10-25,LP,N,290.15,290.15,CF10 1EP,VALID,VALID,Patel & Clarke Insurance Services Ltd
ALB-CLB-0004805,P0002118,,CLB,BROKER,2026-02-17,2027-02-17,IF,Y,10668.62,4445.26,G1 1XQ,VALID,VALID,Smith & Clarke Insurance Services Ltd
ALB-CPM-0001937,P0002120,142,CPM,BROKER,2021-10-03,2022-10-03,LP,N,12601.27,12601.27,CF10 1EP,VALID,VALID,Taylor & Johnson Insurance Services Ltd
ALB-PET-0004013,P0002124,189,PET,DIRECT,2018-05-11,2019-05-11,EX,N,600.93,600.93,LS1 4AP,VALID,VALID,Walker & Wright Insurance Services Ltd
ALB-PET-0002965,P0002125,,PET,DIRECT,2022-11-13,2023-11-13,IF,Y,2686.94,2686.94,EC1A1BB,INVALID,VALID,Hall & Baker Insurance Services Ltd
ALB-HOM-0004755,P0002126,,HOM,BROKER,2021-11-17,2022-11-17,RN,Y,3272.04,3272.04,YO1 6GA,VALID,VALID,Davies & Hughes Insurance Services Ltd
ALB-HOM-0001023,P0002127,197,HOM,DIRECT,2018-12-11,2019-12-11,LP,N,502.67,502.67,YO1 6GA,VALID,VALID,Davies & Wright Insurance Services Ltd
ALB-CPM-0000320,P0002128,237,CPM,DIRECT,2024-10-03,2025-10-03,LP,N,13135.38,13135.38,YO1 6GA,VALID,VALID,Clarke & Wright Insurance Services Ltd
ALB-CPM-0003998,P0002133,,CPM,BROKER,2021-03-24,2022-03-24,RN,Y,13675.04,13675.04,M1 1AE,VALID,VALID,Williams & Hall Insurance Services Ltd
ALB-CPM-0001919,P0002134,453,CPM,DIRECT,2023-02-08,2024-02-08,IF,Y,9609.58,9609.58,NR1 3QQ,VALID,VALID,Smith & Brown Insurance Services Ltd
ALB-HOM-0004999,P0002137,,HOM,BROKER,2020-11-26,2021-11-26,RN,Y,1149.98,1149.98,BS1 4ST,VALID,VALID,Hughes & Wright Insurance Services Ltd
ALB-PET-0005089,P0002138,,PET,BROKER,2022-01-02,2023-01-02,RN,Y,2896.91,2896.91,RG1 1LX,VALID,VALID,Baker & Clarke Insurance Services Ltd
ALB-PET-0004162,P0002140,383,PET,DIRECT,2023-10-01,2024-09-30,LP,N,1369.08,1369.08,NR1 3QQ,VALID,VALID,Smith & Walker Insurance Services Ltd
ALB-CPM-0004602,P0002142,,CPM,BROKER,2024-08-29,2025-08-29,LP,N,7480.03,7480.03,B1 1AA,VALID,VALID,Taylor & Johnson Insurance Services Ltd
ALB-HOM-0003614,P0002143,,HOM,AGGREGATOR,2020-08-08,2021-08-08,RN,Y,2533.48,2533.48,BS1 4ST,VALID,VALID,Green & Murphy Insurance Services Ltd
ALB-PET-0002412,P0002146,,PET,BROKER,2018-11-30,2019-11-30,IF,Y,465.07,465.07,YO1 6GA,VALID,VALID,Hall & Wright Insurance Services Ltd
ALB-MOT-0002691,P0002147,,MOT,DIRECT,2026-01-28,2027-01-28,EX,N,2785.40,1160.58,N/A,INVALID,VALID,Jones & Robinson Insurance Services Ltd
ALB-CPM-0003175,P0002151,298,CPM,DIRECT,2018-08-30,2019-08-30,IF,Y,909.50,909.50,RG1 1LX,VALID,VALID,Wilson & Wright Insurance Services Ltd
ALB-TRV-0003007,P0002152,,TRV,BROKER,2019-09-03,2020-09-02,IF,Y,1876.48,1876.48,EC1A 1BB,VALID,VALID,Patel & Taylor Insurance Services Ltd
ALB-CPM-0001625,P0002153,347,CPM,BROKER,2025-08-03,2026-08-03,IF,Y,5013.42,4595.64,NR1 3QQ,VALID,VALID,Johnson & Hall Insurance Services Ltd
ALB-CPM-0002251,P0002154,224,CPM,BROKER,2025-11-22,2026-11-22,LP,N,8876.87,5917.91,G1 1XQ,VALID,VALID,Smith & Davies Insurance Services Ltd
ALB-PET-0002391,P0002155,,PET,BROKER,2020-04-10,2021-04-10,IF,Y,2123.69,2123.69,NR1 3QQ,VALID,VALID,Green & Jones Insurance Services Ltd
ALB-TRV-0002967,P0002156,359,TRV,BROKER,2023-06-22,2024-06-21,IF,Y,1296.60,1296.60,NR1 3QQ,VALID,VALID,Patel & Taylor Insurance Services Ltd
ALB-PET-0001356,P0002157,,PET,BROKER,2021-12-23,2022-12-23,IF,Y,3891.37,3891.37,M1 1AE,VALID,VALID,Baker & Hughes Insurance Services Ltd
ALB-MOT-0002252,P0002158,,MOT,AGGREGATOR,2023-05-03,2024-05-02,CN,N,4002.57,4002.57,NR1 3QQ,VALID,VALID,Taylor & Murphy Insurance Services Ltd
ALB-TRV-0002846,P0002159,,TRV,DIRECT,2024-05-14,2025-05-14,IF,Y,2165.12,2165.12,EC1A 1BB,VALID,VALID,Taylor & Wilson Insurance Services Ltd
ALB-TRV-0005024,P0002160,497,TRV,BROKER,2018-03-30,2019-03-30,EX,N,453.88,453.88,LS1 4AP,VALID,VALID,Smith & Davies Insurance Services Ltd
ALB-MOT-0002065,P0002161,144,MOT,BROKER,2024-10-22,2025-10-22,IF,Y,3297.56,3297.56,M1  1AE,INVALID,VALID,Brown & Davies Insurance Services Ltd
ALB-TRV-0002347,P0002163,,TRV,BROKER,2019-04-03,2020-04-02,EX,N,2060.62,2060.62,B1 1AA,VALID,VALID,Wilson & Wright Insurance Services Ltd
ALB-MOT-0004797,P0002165,301,MOT,DIRECT,2026-09-20,2027-09-20,IF,Y,4164.01,0.00,LS1 4AP,VALID,VALID,Davies & Green Insurance Services Ltd
ALB-CLB-0004375,P0002172,69,CLB,BROKER,2018-07-14,2019-07-14,RN,Y,10720.66,10720.66,M1 1AE,VALID,VALID,Robinson & Brown Insurance Services Ltd
ALB-TRV-0003934,P0002173,,TRV,BROKER,2023-10-13,2024-10-12,IF,Y,2135.98,2135.98,BS1 4ST,VALID,VALID,Hall & Baker Insurance Services Ltd
ALB-MOT-0004423,P0002174,214,MOT,BROKER,2020-08-04,2021-08-04,IF,Y,1018.85,1018.85,G1 1XQ,VALID,VALID,Johnson & Hall Insurance Services Ltd
ALB-TRV-0003908,P0002178,104,TRV,BROKER,2020-03-26,2021-03-26,EX,N,2566.62,2566.62,EC1A 1BB,VALID,VALID,Patel & Wilson Insurance Services Ltd
ALB-HOM-0000887,P0002179,462,HOM,AGGREGATOR,2020-02-22,2021-02-21,RN,Y,523.31,523.31,G1 1XQ,VALID,VALID,Clarke & Wright Insurance Services Ltd
ALB-CLB-0005086,P0002181,87,CLB,BROKER,2018-10-02,2019-10-02,CN,N,11134.84,11134.84,N/A,INVALID,VALID,Davies & Green Insurance Services Ltd
ALB-CLB-0003673,P0002182,238,CLB,BROKER,2021-08-30,2022-08-30,IF,Y,8033.70,8033.70,BS1 4ST,VALID,VALID,Wilson & Wright Insurance Services Ltd
ALB-CLB-0002393,P0002184,320,CLB,DIRECT,2022-02-06,2023-02-06,CN,N,11518.68,11518.68,NR1 3QQ,VALID,VALID,Johnson & Hall Insurance Services Ltd
ALB-TRV-0000514,P0002185,84,TRV,BROKER,2021-10-15,2022-10-15,EX,N,344.58,344.58,RG1 1LX,VALID,VALID,Walker & OBrien Insurance Services Ltd
ALB-MOT-0004858,P0002189,453,MOT,BROKER,2020-08-20,2021-08-20,RN,Y,3934.39,3934.39,G1 1XQ,VALID,VALID,Baker & Brown Insurance Services Ltd
ALB-CLB-0002483,P0002191,,CLB,BROKER,2023-11-02,2024-11-01,LP,N,9449.14,9449.14,YO1 6GA,VALID,VALID,Williams & Baker Insurance Services Ltd
ALB-PET-0001608,P0002193,,PET,DIRECT,2022-09-12,2023-09-12,RN,Y,205.87,205.87,M1 1AE,VALID,VALID,Johnson & Hughes Insurance Services Ltd
ALB-HOM-0003533,P0002194,418,HOM,DIRECT,2026-08-31,2027-08-31,IF,Y,3703.05,0.00,LS1 4AP,VALID,VALID,Davies & Wright Insurance Services Ltd
ALB-TRV-0004504,P0002198,340,TRV,AGGREGATOR,2024-12-29,2025-12-29,RN,Y,831.29,831.29,BS1 4ST,VALID,VALID,Baker & Brown Insurance Services Ltd
ALB-CLB-0001158,P0002200,184,CLB,BROKER,2022-07-05,2023-07-05,IF,Y,7897.01,7897.01,CF10 1EP,VALID,VALID,Johnson & Hall Insurance Services Ltd
ALB-HOM-0003397,P0002207,,HOM,DIRECT,2024-01-29,2025-01-28,IF,Y,498.88,498.88,M1 1AE,VALID,VALID,Jones & Robinson Insurance Services Ltd
ALB-PET-0003079,P0002210,,PET,BROKER,2025-02-02,2026-02-02,IF,Y,3151.41,3151.41,G1 1XQ,VALID,VALID,Green & Jones Insurance Services Ltd
ALB-CPM-0000108,P0002211,298,CPM,AGGREGATOR,2022-11-04,2023-11-04,EX,N,14484.29,14484.29,B1 1AA,VALID,VALID,Davies & Davies Insurance Services Ltd
ALB-HOM-0004871,P0002213,,HOM,BROKER,2022-12-12,2023-12-12,RN,Y,703.58,703.58,G1 1XQ,VALID,VALID,Patel & Clarke Insurance Services Ltd
ALB-PET-0004087,P0002216,279,PET,AGGREGATOR,2026-06-17,2027-06-17,IF,Y,4097.49,341.46,LS1 4AP,VALID,VALID,Smith & Davies Insurance Services Ltd
ALB-HOM-0005145,P0002218,375,HOM,DIRECT,2023-04-19,2024-04-18,LP,N,3166.08,3166.08,G1 1XQ,VALID,VALID,Johnson & Murphy Insurance Services Ltd
ALB-PET-0004869,P0002220,,PET,BROKER,2018-04-18,2019-04-18,IF,Y,2168.88,2168.88,YO1 6GA,VALID,VALID,Hughes & Wright Insurance Services Ltd
ALB-CPM-0004464,P0002222,408,CPM,BROKER,2026-04-11,2027-04-11,RN,Y,8144.18,2036.05,NR1 3QQ,VALID,VALID,Baker & Wright Insurance Services Ltd
ALB-CPM-0004963,P0002225,51,CPM,BROKER,2020-07-29,2021-07-29,IF,Y,13235.70,13235.70,CF10 1EP,VALID,VALID,Johnson & Murphy Insurance Services Ltd
ALB-CLB-0004979,P0002227,290,CLB,BROKER,2026-09-24,2027-09-24,RN,Y,5811.96,0.00,ZZ99 9ZZ,VALID,VALID,Davies & Hughes Insurance Services Ltd
ALB-TRV-0003854,P0002228,,TRV,BROKER,2024-08-17,2025-08-17,EX,N,1683.77,1683.77,RG1 1LX,VALID,VALID,Walker & Wright Insurance Services Ltd
ALB-PET-0002071,P0002229,,PET,BROKER,2019-11-02,2020-11-01,IF,Y,3895.11,3895.11,LS1 4AP,VALID,VALID,Wilson & Wright Insurance Services Ltd
ALB-PET-0002427,P0002231,,PET,DIRECT,2019-03-10,2020-03-09,CN,N,1231.49,1231.49,LS1 4AP,VALID,VALID,Williams & Hall Insurance Services Ltd
ALB-HOM-0002309,P0002232,166,HOM,BROKER,2018-05-11,2019-05-11,IF,Y,2065.16,2065.16,RG1 1LX,VALID,VALID,Murphy & Johnson Insurance Services Ltd
ALB-HOM-0004278,P0002233,,HOM,DIRECT,2025-10-23,2026-10-23,RN,Y,1083.20,812.40,EC1A 1BB,VALID,VALID,Walker & Wright Insurance Services Ltd
ALB-PET-0003939,P0002236,,PET,DIRECT,2025-10-25,2026-10-25,RN,Y,4186.97,3140.23,YO1 6GA,VALID,VALID,Baker & Wright Insurance Services Ltd
ALB-CPM-0005067,P0002237,402,CPM,DIRECT,2021-03-08,2022-03-08,IF,Y,13856.76,13856.76,B1 1AA,VALID,VALID,Clarke & Wright Insurance Services Ltd
ALB-TRV-0002091,P0002239,,TRV,AGGREGATOR,2021-07-08,2022-07-08,IF,Y,1726.70,1726.70,LS1 4AP,VALID,VALID,Hughes & Wright Insurance Services Ltd
ALB-CPM-0004670,P0002240,117,CPM,BROKER,2021-01-29,2022-01-29,RN,Y,4263.17,4263.17,ZZ99 9ZZ,VALID,VALID,Wilson & Wright Insurance Services Ltd
ALB-MOT-0005195,P0002245,441,MOT,BROKER,2020-03-05,2021-03-05,RN,Y,3839.36,3839.36,BS1 4ST,VALID,VALID,Clarke & Wright Insurance Services Ltd
ALB-PET-0002304,P0002249,261,PET,AGGREGATOR,2025-01-15,2026-01-15,IF,Y,1032.97,1032.97,RG1 1LX,VALID,VALID,Hall & Baker Insurance Services Ltd
ALB-TRV-0004975,P0002250,,TRV,DIRECT,2022-07-07,2023-07-07,EX,N,1551.30,1551.30,RG1 1LX,VALID,VALID,Taylor & Murphy Insurance Services Ltd
ALB-HOM-0001468,P0002251,492,HOM,DIRECT,2023-07-17,2024-07-16,RN,Y,2935.90,2935.90,G1 1XQ,VALID,VALID,Patel & Wilson Insurance Services Ltd
ALB-CPM-0001629,P0002254,267,CPM,BROKER,2021-06-15,2022-06-15,IF,Y,1072.85,1072.85,YO1 6GA,VALID,VALID,OBrien & Patel Insurance Services Ltd
ALB-MOT-0002843,P0002255,,MOT,BROKER,2025-05-23,2026-05-23,RN,Y,1519.72,1519.72,NR1 3QQ,VALID,VALID,Taylor & Johnson Insurance Services Ltd
ALB-PET-0005069,P0002261,177,PET,BROKER,2018-09-23,2019-09-23,LP,N,970.65,970.65,G1 1XQ,VALID,VALID,Baker & Brown Insurance Services Ltd
ALB-CPM-0002986,P0002268,,CPM,AGGREGATOR,2021-09-06,2022-09-06,IF,Y,8264.48,8264.48,M1 1AE,VALID,VALID,Wilson & Johnson Insurance Services Ltd
ALB-CPM-0005058,P0002272,,CPM,BROKER,2020-02-25,2021-02-24,IF,Y,7203.15,7203.15,M1 1AE,VALID,VALID,Smith & Clarke Insurance Services Ltd
ALB-TRV-0004693,P0002273,46,TRV,BROKER,2025-04-29,2026-04-29,IF,Y,371.69,371.69,N/A,INVALID,VALID,Robinson & Brown Insurance Services Ltd
ALB-TRV-0002523,P0002275,105,TRV,DIRECT,2021-10-17,2022-10-17,IF,Y,1267.03,1267.03,RG1 1LX,VALID,VALID,Davies & Hughes Insurance Services Ltd
ALB-CPM-0001480,P0002276,,CPM,BROKER,2023-07-04,2024-07-03,IF,Y,13496.25,13496.25,B1 1AA,VALID,VALID,Williams & Hall Insurance Services Ltd
ALB-MOT-0002235,P0002278,,MOT,AGGREGATOR,2018-08-23,2019-08-23,RN,Y,1709.74,1709.74,NR1 3QQ,VALID,VALID,Jones & Baker Insurance Services Ltd
ALB-TRV-0001578,P0002279,,TRV,BROKER,2018-02-23,2019-02-23,CN,N,4194.12,4194.12,YO1 6GA,VALID,VALID,Smith & Brown Insurance Services Ltd
ALB-CPM-0004630,P0002283,163,CPM,DIRECT,2024-10-21,2025-10-21,IF,Y,1344.20,1344.20,EC1A 1BB,VALID,VALID,Davies & Wright Insurance Services Ltd
ALB-PET-0003563,P0002289,428,PET,DIRECT,2018-07-18,2019-07-18,IF,Y,378.04,378.04,LS1 4AP,VALID,VALID,Green & Murphy Insurance Services Ltd
ALB-CPM-0004521,P0002290,402,CPM,BROKER,2020-07-26,2021-07-26,LP,N,1244.66,1244.66,YO1 6GA,VALID,VALID,Baker & Wright Insurance Services Ltd
ALB-CLB-0004734,P0002292,377,CLB,BROKER,2026-11-09,2027-11-09,RN,Y,1785.92,0.00,CF10 1EP,VALID,VALID,Patel & Clarke Insurance Services Ltd
ALB-CPM-0004217,P0002293,,CPM,BROKER,2021-11-07,2022-11-07,IF,Y,1383.66,1383.66,EC1A 1BB,VALID,VALID,Taylor & Murphy Insurance Services Ltd
ALB-CPM-0004730,P0002297,,CPM,DIRECT,2026-01-26,2027-01-26,IF,Y,9877.03,4115.43,G1 1XQ,VALID,VALID,Clarke & Wright Insurance Services Ltd
ALB-CLB-0003600,P0002299,228,CLB,AGGREGATOR,2024-08-07,2025-08-07,EX,N,1357.45,1357.45,YO1 6GA,VALID,VALID,Johnson & Hall Insurance Services Ltd
ALB-CLB-0001610,P0002300,259,CLB,BROKER,2022-12-27,2023-12-27,EX,N,2682.60,2682.60,NR1 3QQ,VALID,VALID,Johnson & Murphy Insurance Services Ltd
ALB-HOM-0003612,P0002305,,HOM,BROKER,2021-07-25,2022-07-25,IF,Y,2230.22,2230.22,BS1 4ST,VALID,VALID,Williams & Williams Insurance Services Ltd
ALB-CLB-0003192,P0002306,,CLB,DIRECT,2026-03-20,2027-03-20,EX,N,11301.96,3767.32,BS1 4ST,VALID,VALID,Williams & Baker Insurance Services Ltd
ALB-CLB-0002180,P0002309,321,CLB,AGGREGATOR,2026-05-03,2027-05-03,EX,N,9534.62,1589.10,EC1A 1BB,VALID,VALID,Smith & Walker Insurance Services Ltd
ALB-PET-0003162,P0002310,337,PET,BROKER,2020-03-13,2021-03-13,EX,N,1625.31,1625.31,M1 1AE,VALID,VALID,Hall & Baker Insurance Services Ltd
ALB-HOM-0003259,P0002314,,HOM,DIRECT,2019-09-15,2020-09-14,RN,Y,3705.95,3705.95,M1 1AE,VALID,VALID,Hall & Khan Insurance Services Ltd
ALB-CPM-0005020,P0002319,,CPM,BROKER,2023-06-22,2024-06-21,LP,N,8221.26,8221.26,M1  1AE,INVALID,VALID,Davies & Davies Insurance Services Ltd
ALB-HOM-0003666,P0002320,301,HOM,BROKER,2019-05-28,2020-05-27,EX,N,834.96,834.96,YO1 6GA,VALID,VALID,Taylor & Johnson Insurance Services Ltd
ALB-CLB-0004312,P0002321,251,CLB,BROKER,2026-10-29,2027-10-29,EX,N,7498.19,0.00,RG1 1LX,VALID,VALID,OBrien & Patel Insurance Services Ltd
ALB-CLB-0003255,P0002324,291,CLB,DIRECT,2024-06-14,2025-06-14,IF,Y,3776.47,3776.47,BS1 4ST,VALID,VALID,Williams & Williams Insurance Services Ltd
ALB-CPM-0002135,P0002325,487,CPM,BROKER,2019-09-06,2020-09-05,RN,Y,4272.88,4272.88,RG1 1LX,VALID,VALID,Jones & Baker Insurance Services Ltd
ALB-TRV-0003821,P0002327,,TRV,BROKER,2018-04-13,2019-04-13,RN,Y,2522.32,2522.32,CF10 1EP,VALID,VALID,Smith & Clarke Insurance Services Ltd
ALB-CLB-0004788,P0002328,39,CLB,BROKER,2021-09-28,2022-09-28,IF,Y,10451.46,10451.46,G1 1XQ,VALID,VALID,Patel & Clarke Insurance Services Ltd
ALB-CPM-0002420,P0002330,21,CPM,DIRECT,2024-03-11,2025-03-11,IF,Y,7068.08,7068.08,CF10 1EP,VALID,VALID,Baker & Brown Insurance Services Ltd
ALB-TRV-0004825,P0002333,159,TRV,BROKER,2023-09-05,2024-09-04,IF,Y,653.35,653.35,M1 1AE,VALID,VALID,Johnson & Hall Insurance Services Ltd
ALB-PET-0003643,P0002337,,PET,BROKER,2020-10-08,2021-10-08,RN,Y,1930.94,1930.94,YO1 6GA,VALID,VALID,Johnson & Hall Insurance Services Ltd
ALB-CPM-0004588,P0002341,,CPM,DIRECT,2022-12-23,2023-12-23,CN,N,4615.39,4615.39,BS1 4ST,VALID,VALID,Wilson & Johnson Insurance Services Ltd
ALB-CLB-0003745,P0002342,,CLB,AGGREGATOR,2024-05-22,2025-05-22,RN,Y,2905.87,2905.87,LS1 4AP,VALID,VALID,Green & Murphy Insurance Services Ltd
ALB-CLB-0002185,P0002343,,CLB,AGGREGATOR,2019-08-31,2020-08-30,IF,Y,2742.58,2742.58,EC1A1BB,INVALID,VALID,Hall & Brown Insurance Services Ltd
ALB-PET-0001621,P0002346,410,PET,DIRECT,2026-05-03,2027-05-03,RN,Y,453.60,75.60,RG1 1LX,VALID,VALID,Jones & Baker Insurance Services Ltd
ALB-HOM-0001807,P0002348,115,HOM,BROKER,2019-02-05,2020-02-05,CN,N,339.73,339.73,CF10 1EP,VALID,VALID,Patel & Clarke Insurance Services Ltd
ALB-PET-0004818,P0002349,,PET,AGGREGATOR,2026-06-06,2027-06-06,IF,Y,777.97,64.83,EC1A 1BB,VALID,VALID,Hughes & Wright Insurance Services Ltd
ALB-MOT-0002742,P0002353,,MOT,AGGREGATOR,2022-11-16,2023-11-16,IF,Y,3069.73,3069.73,,INVALID,VALID,Hall & Patel Insurance Services Ltd
ALB-MOT-0004967,P0002358,,MOT,AGGREGATOR,2018-02-10,2019-02-10,LP,N,1688.28,1688.28,RG1 1LX,VALID,VALID,Clarke & Wright Insurance Services Ltd
ALB-HOM-0002823,P0002362,,HOM,BROKER,2020-10-08,2021-10-08,IF,Y,3755.65,3755.65,YO1 6GA,VALID,VALID,Clarke & Wright Insurance Services Ltd
ALB-CPM-0000685,P0002363,497,CPM,DIRECT,2022-02-20,2023-02-20,IF,Y,702.61,702.61,EC1A1BB,INVALID,VALID,Murphy & Johnson Insurance Services Ltd
ALB-CPM-0004388,P0002365,75,CPM,BROKER,2020-10-09,2021-10-09,IF,Y,5181.45,5181.45,CF10 1EP,VALID,VALID,Baker & Williams Insurance Services Ltd
ALB-HOM-0004592,P0002366,,HOM,BROKER,2026-04-23,2027-04-23,IF,Y,2459.19,614.80,M1 1AE,VALID,VALID,Clarke & Davies Insurance Services Ltd
ALB-CPM-0003133,P0002370,,CPM,DIRECT,2026-10-18,2027-10-18,IF,Y,2810.48,0.00,LS1 4AP,VALID,VALID,Hughes & Wright Insurance Services Ltd
ALB-CLB-0004861,P0002371,,CLB,DIRECT,2023-04-05,2024-04-04,EX,N,1210.61,1210.61,CF10 1EP,VALID,VALID,Davies & Davies Insurance Services Ltd
ALB-CPM-0004121,P0002373,,CPM,BROKER,2022-10-17,2023-10-17,RN,Y,10807.04,10807.04,YO1 6GA,VALID,VALID,Hall & Patel Insurance Services Ltd
ALB-CPM-0002218,P0002374,,CPM,BROKER,2024-07-21,2025-07-21,EX,N,10967.74,10967.74,B1 1AA,VALID,VALID,Smith & Brown Insurance Services Ltd
ALB-MOT-0000484,P0002375,,MOT,DIRECT,2026-07-13,2027-07-13,IF,Y,547.58,0.00,EC1A 1BB,VALID,VALID,Jones & Baker Insurance Services Ltd
ALB-PET-0004128,P0002376,73,PET,BROKER,2021-04-25,2022-04-25,CN,N,2278.12,2278.12,CF10 1EP,VALID,VALID,Hall & Murphy Insurance Services Ltd
ALB-CPM-0003111,P0002378,124,CPM,DIRECT,2023-01-27,2024-01-27,IF,Y,12991.96,12991.96,YO1 6GA,VALID,VALID,Johnson & Hughes Insurance Services Ltd
ALB-PET-0001117,P0002381,42,PET,DIRECT,2025-09-03,2026-09-03,RN,Y,3623.31,3019.43,LS1 4AP,VALID,VALID,Baker & Hughes Insurance Services Ltd
ALB-HOM-0000278,P0002382,,HOM,BROKER,2019-11-15,2020-11-14,IF,Y,3633.09,3633.09,CF10 1EP,VALID,VALID,Patel & Clarke Insurance Services Ltd
ALB-HOM-0004659,P0002385,227,HOM,DIRECT,2026-10-31,2027-10-31,IF,Y,3984.43,0.00,B1 1AA,VALID,VALID,Smith & Walker Insurance Services Ltd
ALB-MOT-0002988,P0002387,,MOT,DIRECT,2023-01-10,2024-01-10,LP,N,2461.12,2461.12,G1 1XQ,VALID,VALID,Hall & Baker Insurance Services Ltd
ALB-MOT-0004052,P0002393,137,MOT,BROKER,2026-03-01,2027-03-01,LP,N,3891.97,1297.32,EC1A 1BB,VALID,VALID,Davies & Wright Insurance Services Ltd
ALB-CPM-0004130,P0002394,181,CPM,DIRECT,2021-06-28,2022-06-28,CN,N,12790.90,12790.90,M1 1AE,VALID,VALID,Wilson & Wright Insurance Services Ltd
ALB-CPM-0003861,P0002395,164,CPM,BROKER,2024-05-04,2025-05-04,IF,Y,11705.92,11705.92,,INVALID,VALID,Davies & Green Insurance Services Ltd
ALB-HOM-0002078,P0002396,,HOM,BROKER,2018-08-02,2019-08-02,CN,N,587.51,587.51,YO1 6GA,VALID,VALID,Green & Patel Insurance Services Ltd
ALB-HOM-0003682,P0002397,,HOM,DIRECT,2024-10-04,2025-10-04,EX,N,802.45,802.45,LS1 4AP,VALID,VALID,Smith & Davies Insurance Services Ltd
ALB-TRV-0003426,P0002400,53,TRV,DIRECT,2024-05-24,2025-05-24,EX,N,1973.14,1973.14,B1 1AA,VALID,VALID,Baker & Brown Insurance Services Ltd
ALB-CLB-0004142,P0002407,,CLB,BROKER,2020-04-23,2021-04-23,IF,Y,2643.95,2643.95,RG1 1LX,VALID,VALID,Walker & Wright Insurance Services Ltd
ALB-CLB-0003312,P0002408,,CLB,BROKER,2024-08-22,2025-08-22,IF,Y,1423.07,1423.07,RG1 1LX,VALID,VALID,Walker & OBrien Insurance Services Ltd
ALB-PET-0000823,P0002409,,PET,BROKER,2019-06-15,2020-06-14,IF,Y,2192.61,2192.61,LS1 4AP,VALID,VALID,Wilson & Wright Insurance Services Ltd
ALB-CPM-0003333,P0002411,,CPM,BROKER,2026-07-09,2027-07-09,IF,Y,10460.85,0.00,YO1 6GA,VALID,VALID,Johnson & Hall Insurance Services Ltd
ALB-MOT-0004741,P0002415,268,MOT,BROKER,2018-09-01,2019-09-01,RN,Y,2916.87,2916.87,LS1 4AP,VALID,VALID,Wilson & Wright Insurance Services Ltd
ALB-PET-0000155,P0002417,,PET,BROKER,2023-09-08,2024-09-07,RN,Y,668.60,668.60,EC1A 1BB,VALID,VALID,Davies & Taylor Insurance Services Ltd
ALB-HOM-0004015,P0002420,346,HOM,BROKER,2025-04-29,2026-04-29,IF,Y,2646.05,2646.05,YO1 6GA,VALID,VALID,Patel & Wilson Insurance Services Ltd
ALB-TRV-0004549,P0002423,436,TRV,BROKER,2023-02-20,2024-02-20,RN,Y,3391.53,3391.53,G1 1XQ,VALID,VALID,Green & Patel Insurance Services Ltd
ALB-PET-0004109,P0002427,,PET,BROKER,2024-05-21,2025-05-21,IF,Y,3442.30,3442.30,EC1A 1BB,VALID,VALID,Jones & Robinson Insurance Services Ltd
ALB-TRV-0001652,P0002430,,TRV,BROKER,2022-07-30,2023-07-30,CN,N,4008.34,4008.34,YO1 6GA,VALID,VALID,Davies & Wright Insurance Services Ltd
ALB-PET-0004594,P0002433,58,PET,BROKER,2022-11-30,2023-11-30,LP,N,3986.58,3986.58,ZZ99 9ZZ,VALID,VALID,Johnson & Hall Insurance Services Ltd
ALB-PET-0003691,P0002435,,PET,AGGREGATOR,2024-07-11,2025-07-11,IF,Y,190.23,190.23,RG1 1LX,VALID,VALID,Khan & Smith Insurance Services Ltd
ALB-CPM-0002850,P0002437,180,CPM,BROKER,2025-06-10,2026-06-10,IF,Y,7548.68,7548.68,CF10 1EP,VALID,VALID,Davies & Green Insurance Services Ltd
ALB-CLB-0004021,P0002439,138,CLB,BROKER,2023-05-23,2024-05-22,IF,Y,6804.48,6804.48,G1 1XQ,VALID,VALID,Wilson & Wright Insurance Services Ltd
ALB-MOT-0003501,P0002440,,MOT,BROKER,2023-11-18,2024-11-17,IF,Y,2612.84,2612.84,RG1 1LX,VALID,VALID,Khan & Smith Insurance Services Ltd
ALB-CPM-0000096,P0002441,,CPM,BROKER,2024-03-31,2025-03-31,LP,N,8446.35,8446.35,B1 1AA,VALID,VALID,Davies & Brown Insurance Services Ltd
ALB-MOT-0003291,P0002444,,MOT,AGGREGATOR,2023-01-24,2024-01-24,IF,Y,1183.26,1183.26,M1 1AE,VALID,VALID,Jones & Robinson Insurance Services Ltd
ALB-HOM-0004647,P0002445,,HOM,BROKER,2026-10-03,2027-10-03,RN,Y,823.21,0.00,G1 1XQ,VALID,VALID,Baker & Clarke Insurance Services Ltd
ALB-MOT-0003457,P0002447,,MOT,DIRECT,2023-03-23,2024-03-22,IF,Y,1063.95,1063.95,CF10 1EP,VALID,VALID,Wilson & Wright Insurance Services Ltd
ALB-TRV-0000511,P0002449,433,TRV,DIRECT,2026-01-11,2027-01-11,EX,N,2473.58,1236.79,BS1 4ST,VALID,VALID,Hughes & Wright Insurance Services Ltd
ALB-TRV-0003674,P0002451,323,TRV,AGGREGATOR,2026-09-13,2027-09-13,IF,Y,2327.48,0.00,B1 1AA,VALID,VALID,Davies & Green Insurance Services Ltd
ALB-CLB-0002079,P0002452,122,CLB,BROKER,2025-01-10,2026-01-10,RN,Y,2709.14,2709.14,NR1 3QQ,VALID,VALID,Baker & Clarke Insurance Services Ltd
ALB-HOM-0004770,P0002453,,HOM,DIRECT,2020-06-21,2021-06-21,CN,N,959.35,959.35,LS1 4AP,VALID,VALID,Wilson & Johnson Insurance Services Ltd
ALB-TRV-0004140,P0002454,,TRV,BROKER,2025-02-03,2026-02-03,RN,Y,2620.56,2620.56,ZZ99 9ZZ,VALID,VALID,Baker & Wright Insurance Services Ltd
ALB-CPM-0000488,P0002455,212,CPM,AGGREGATOR,2023-06-25,2024-06-24,IF,Y,4984.97,4984.97,YO1 6GA,VALID,VALID,Green & Murphy Insurance Services Ltd
ALB-CPM-0001764,P0002456,,CPM,DIRECT,2020-03-27,2021-03-27,RN,Y,6053.61,6053.61,CF10 1EP,VALID,VALID,Patel & Taylor Insurance Services Ltd
ALB-CLB-0000402,P0002457,,CLB,AGGREGATOR,2022-03-09,2023-03-09,IF,Y,10420.79,10420.79,CF10 1EP,VALID,VALID,Wilson & Johnson Insurance Services Ltd
ALB-CPM-0002765,P0002458,278,CPM,DIRECT,2020-01-23,2021-01-22,IF,Y,8128.28,8128.28,EC1A 1BB,VALID,VALID,Hall & Khan Insurance Services Ltd
ALB-MOT-0005014,P0002459,,MOT,BROKER,2022-07-31,2023-07-31,IF,Y,2040.10,2040.10,M1 1AE,VALID,VALID,Smith & Clarke Insurance Services Ltd
ALB-MOT-0004743,P0002460,99,MOT,AGGREGATOR,2018-10-18,2019-10-18,RN,Y,1120.00,1120.00,G1 1XQ,VALID,VALID,Hall & Khan Insurance Services Ltd
ALB-CLB-0004192,P0002461,,CLB,BROKER,2022-04-11,2023-04-11,LP,N,1860.18,1860.18,M1 1AE,VALID,VALID,Baker & Wright Insurance Services Ltd
ALB-PET-0000060,P0002462,71,PET,BROKER,2026-09-16,2027-09-16,CN,N,2543.63,0.00,BS1 4ST,VALID,VALID,Baker & Williams Insurance Services Ltd
ALB-CLB-0004037,P0002464,,CLB,AGGREGATOR,2024-11-08,2025-11-08,IF,Y,7231.14,7231.14,CF10 1EP,VALID,VALID,Hall & Murphy Insurance Services Ltd
ALB-CPM-0003453,P0002465,44,CPM,BROKER,2021-07-22,2022-07-22,IF,Y,5150.62,5150.62,CF10 1EP,VALID,VALID,Davies & Taylor Insurance Services Ltd
ALB-PET-0004126,P0002468,,PET,BROKER,2025-02-08,2026-02-08,IF,Y,1169.67,1169.67,B1 1AA,VALID,VALID,Davies & Wright Insurance Services Ltd
ALB-CLB-0002680,P0002470,,CLB,AGGREGATOR,2023-11-23,2024-11-22,RN,Y,2276.27,2276.27,CF10 1EP,VALID,VALID,Taylor & Wilson Insurance Services Ltd
ALB-CPM-0004771,P0002473,,CPM,DIRECT,2020-04-10,2021-04-10,IF,Y,13358.01,13358.01,M1 1AE,VALID,VALID,Brown & Davies Insurance Services Ltd
ALB-CPM-0004159,P0002474,107,CPM,BROKER,2022-06-24,2023-06-24,IF,Y,11952.37,11952.37,CF10 1EP,VALID,VALID,Baker & Clarke Insurance Services Ltd
ALB-PET-0003874,P0002475,62,PET,DIRECT,2018-06-05,2019-06-05,IF,Y,1297.07,1297.07,LS1 4AP,VALID,VALID,Khan & Smith Insurance Services Ltd
ALB-HOM-0004739,P0002476,,HOM,AGGREGATOR,2019-10-15,2020-10-14,RN,Y,1211.91,1211.91,M1 1AE,VALID,VALID,Davies & Green Insurance Services Ltd
ALB-PET-0005125,P0002478,,PET,DIRECT,2026-08-27,2027-08-27,LP,N,3633.15,0.00,CF10 1EP,VALID,VALID,Hall & Hall Insurance Services Ltd
ALB-CPM-0004011,P0002480,66,CPM,DIRECT,2022-01-04,2023-01-04,CN,N,8359.27,8359.27,B1 1AA,VALID,VALID,Brown & Jones Insurance Services Ltd
ALB-CPM-0004899,P0002481,,CPM,DIRECT,2024-07-20,2025-07-20,LP,N,13775.45,13775.45,NR1 3QQ,VALID,VALID,Davies & Brown Insurance Services Ltd
ALB-HOM-0003548,P0002482,,HOM,BROKER,2020-08-02,2021-08-02,CN,N,2049.75,2049.75,B1 1AA,VALID,VALID,Wilson & Wright Insurance Services Ltd
ALB-CPM-0001207,P0002483,93,CPM,BROKER,2024-06-25,2025-06-25,IF,Y,9641.70,9641.70,NR1 3QQ,VALID,VALID,Jones & Robinson Insurance Services Ltd
ALB-CPM-0000253,P0002484,457,CPM,AGGREGATOR,2023-11-22,2024-11-21,IF,Y,879.61,879.61,RG1 1LX,VALID,VALID,Williams & Hall Insurance Services Ltd
ALB-HOM-0005144,P0002485,450,HOM,BROKER,2020-03-07,2021-03-07,IF,Y,601.00,601.00,YO1 6GA,VALID,VALID,Patel & Taylor Insurance Services Ltd
ALB-TRV-0003954,P0002486,180,TRV,AGGREGATOR,2025-03-29,2026-03-29,IF,Y,1205.18,1205.18,LS1 4AP,VALID,VALID,Baker & Clarke Insurance Services Ltd
ALB-CPM-0004292,P0002488,183,CPM,AGGREGATOR,2025-03-06,2026-03-06,LP,N,2133.84,2133.84,,INVALID,VALID,Smith & Walker Insurance Services Ltd
ALB-HOM-0004494,P0002491,300,HOM,DIRECT,2021-09-02,2022-09-02,IF,Y,3007.64,3007.64,EC1A 1BB,VALID,VALID,Walker & Wright Insurance Services Ltd
ALB-CLB-0002364,P0002495,,CLB,DIRECT,2022-09-06,2023-09-06,RN,Y,2258.50,2258.50,CF10 1EP,VALID,VALID,Robinson & Brown Insurance Services Ltd
ALB-TRV-0003354,P0002497,263,TRV,BROKER,2025-08-12,2026-08-12,CN,N,641.77,588.29,LS1 4AP,VALID,VALID,Clarke & Wright Insurance Services Ltd
ALB-PET-0003869,P0002499,430,PET,BROKER,2019-01-08,2020-01-08,LP,N,3754.76,3754.76,LS1 4AP,VALID,VALID,Hall & Khan Insurance Services Ltd
ALB-CLB-0002833,P0002500,,CLB,BROKER,2022-06-06,2023-06-06,IF,Y,10555.01,10555.01,EC1A 1BB,VALID,VALID,Hall & Patel Insurance Services Ltd
ALB-CLB-0004038,P0002501,,CLB,BROKER,2025-09-03,2026-09-03,IF,Y,12446.79,10372.32,CF10 1EP,VALID,VALID,Khan & Davies Insurance Services Ltd
ALB-MOT-0000682,P0002503,,MOT,BROKER,2021-02-10,2022-02-10,IF,Y,1317.79,1317.79,B1 1AA,VALID,VALID,OBrien & Green Insurance Services Ltd
ALB-CPM-0001814,P0002504,330,CPM,BROKER,2023-09-09,2024-09-08,EX,N,4828.65,4828.65,BS1 4ST,VALID,VALID,Johnson & Hall Insurance Services Ltd
ALB-HOM-0005098,P0002505,,HOM,BROKER,2024-02-26,2025-02-25,EX,N,2406.93,2406.93,LS1 4AP,VALID,VALID,OBrien & Green Insurance Services Ltd
ALB-CLB-0002248,P0002506,,CLB,BROKER,2023-03-04,2024-03-03,EX,N,13640.78,13640.78,M1 1AE,VALID,VALID,Davies & Green Insurance Services Ltd
ALB-CPM-0000869,P0002509,,CPM,BROKER,2026-05-30,2027-05-30,IF,Y,12917.45,1076.45,B1 1AA,VALID,VALID,Baker & Clarke Insurance Services Ltd
ALB-CLB-0004787,P0002510,413,CLB,BROKER,2021-03-18,2022-03-18,IF,Y,3142.25,3142.25,LS1 4AP,VALID,VALID,Hall & Brown Insurance Services Ltd
ALB-TRV-0003788,P0002513,85,TRV,BROKER,2024-03-03,2025-03-03,IF,Y,1835.47,1835.47,NR1 3QQ,VALID,VALID,Hall & Khan Insurance Services Ltd
ALB-MOT-0004120,P0002515,282,MOT,AGGREGATOR,2020-01-14,2021-01-13,IF,Y,3566.62,3566.62,EC1A 1BB,VALID,VALID,Walker & Wright Insurance Services Ltd
ALB-MOT-0004438,P0002519,,MOT,BROKER,2023-01-30,2024-01-30,IF,Y,3663.74,3663.74,LS1 4AP,VALID,VALID,Johnson & Murphy Insurance Services Ltd
ALB-CLB-0000789,P0002528,,CLB,BROKER,2026-12-20,2027-12-20,RN,Y,14139.26,0.00,G1 1XQ,VALID,VALID,Davies & Taylor Insurance Services Ltd
ALB-CPM-0003671,P0002529,397,CPM,DIRECT,2026-11-07,2027-11-07,IF,Y,3127.58,0.00,EC1A1BB,INVALID,VALID,Davies & Davies Insurance Services Ltd
ALB-PET-0004027,P0002531,,PET,BROKER,2019-02-13,2020-02-13,LP,N,1640.69,1640.69,G1 1XQ,VALID,VALID,Robinson & Brown Insurance Services Ltd
ALB-CLB-0002916,P0002532,179,CLB,BROKER,2024-04-23,2025-04-23,RN,Y,7790.91,7790.91,LS1 4AP,VALID,VALID,Johnson & Hall Insurance Services Ltd
ALB-CPM-0002710,P0002533,175,CPM,BROKER,2026-10-19,2027-10-19,RN,Y,11632.67,0.00,EC1A 1BB,VALID,VALID,Williams & Hall Insurance Services Ltd
ALB-HOM-0002289,P0002536,28,HOM,DIRECT,2018-01-06,2019-01-06,EX,N,2210.56,2210.56,LS1 4AP,VALID,VALID,Baker & Wright Insurance Services Ltd
ALB-PET-0004591,P0002537,3,PET,BROKER,2021-08-18,2022-08-18,IF,Y,3747.22,3747.22,NR1 3QQ,VALID,VALID,Green & Murphy Insurance Services Ltd
ALB-TRV-0005056,P0002540,,TRV,BROKER,2025-10-16,2026-10-16,IF,Y,3168.03,2376.02,B1 1AA,VALID,VALID,Smith & Clarke Insurance Services Ltd
ALB-PET-0003651,P0002544,391,PET,BROKER,2018-05-06,2019-05-06,IF,Y,1201.71,1201.71,M1  1AE,INVALID,VALID,Khan & Smith Insurance Services Ltd
ALB-CLB-0003656,P0002545,148,CLB,DIRECT,2023-05-16,2024-05-15,IF,Y,14594.29,14594.29,B1 1AA,VALID,VALID,Clarke & Wright Insurance Services Ltd
ALB-MOT-0005124,P0002548,197,MOT,BROKER,2019-03-29,2020-03-28,EX,N,1157.87,1157.87,CF10 1EP,VALID,VALID,Hall & Murphy Insurance Services Ltd
ALB-CLB-0003208,P0002549,,CLB,BROKER,2022-08-25,2023-08-25,EX,N,13112.34,13112.34,M1 1AE,VALID,VALID,Baker & Clarke Insurance Services Ltd
ALB-MOT-0000838,P0002554,149,MOT,DIRECT,2020-04-18,2021-04-18,CN,N,1467.40,1467.40,LS1 4AP,VALID,VALID,Robinson & Brown Insurance Services Ltd
ALB-CLB-0002566,P0002557,106,CLB,BROKER,2019-12-10,2020-12-09,RN,Y,9365.02,9365.02,RG1 1LX,VALID,VALID,Davies & Davies Insurance Services Ltd
ALB-PET-0003653,P0002559,372,PET,DIRECT,2023-09-19,2024-09-18,CN,N,3013.41,3013.41,EC1A 1BB,VALID,VALID,OBrien & Patel Insurance Services Ltd
ALB-CPM-0003891,P0002560,,CPM,BROKER,2023-08-24,2024-08-23,LP,N,10650.44,10650.44,RG1 1LX,VALID,VALID,Hall & Murphy Insurance Services Ltd
ALB-CPM-0001626,P0002561,,CPM,BROKER,2020-09-10,2021-09-10,CN,N,3617.49,3617.49,B1 1AA,VALID,VALID,Smith & Davies Insurance Services Ltd
ALB-PET-0000464,P0002563,66,PET,BROKER,2018-01-06,2019-01-06,EX,N,3207.23,3207.23,G1 1XQ,VALID,VALID,Smith & Walker Insurance Services Ltd
ALB-CLB-0004791,P0002565,23,CLB,BROKER,2022-06-16,2023-06-16,RN,Y,1218.24,1218.24,EC1A 1BB,VALID,VALID,Wilson & OBrien Insurance Services Ltd
ALB-MOT-0004213,P0002567,8,MOT,BROKER,2026-06-26,2027-06-26,LP,N,307.66,0.00,B1 1AA,VALID,VALID,Hall & Hall Insurance Services Ltd
ALB-MOT-0001482,P0002568,,MOT,DIRECT,2020-11-07,2021-11-07,IF,Y,547.87,547.87,EC1A 1BB,VALID,VALID,Davies & Brown Insurance Services Ltd
ALB-CPM-0004359,P0002569,329,CPM,BROKER,2021-05-04,2022-05-04,CN,N,10635.71,10635.71,RG1 1LX,VALID,VALID,Williams & Williams Insurance Services Ltd
ALB-CPM-0003005,P0002573,,CPM,BROKER,2018-12-17,2019-12-17,LP,N,3081.99,3081.99,LS1 4AP,VALID,VALID,Hughes & Wright Insurance Services Ltd
ALB-CLB-0001307,P0002574,272,CLB,BROKER,2020-02-04,2021-02-03,IF,Y,4352.79,4352.79,NR1 3QQ,VALID,VALID,Jones & Robinson Insurance Services Ltd
ALB-CPM-0000546,P0002575,,CPM,AGGREGATOR,2023-08-18,2024-08-17,RN,Y,7443.87,7443.87,B1 1AA,VALID,VALID,Hall & Patel Insurance Services Ltd
ALB-TRV-0003868,P0002577,266,TRV,BROKER,2023-07-05,2024-07-04,IF,Y,2604.31,2604.31,B1 1AA,VALID,VALID,Davies & Taylor Insurance Services Ltd
ALB-TRV-0000363,P0002578,177,TRV,BROKER,2023-09-07,2024-09-06,IF,Y,2666.96,2666.96,LS1 4AP,VALID,VALID,Wilson & Johnson Insurance Services Ltd
ALB-MOT-0004161,P0002583,497,MOT,DIRECT,2022-06-12,2023-06-12,RN,Y,3447.34,3447.34,LS1 4AP,VALID,VALID,Williams & Hall Insurance Services Ltd
ALB-PET-0003049,P0002584,31,PET,AGGREGATOR,2020-06-30,2021-06-30,IF,Y,1403.57,1403.57,LS1 4AP,VALID,VALID,OBrien & Patel Insurance Services Ltd
ALB-HOM-0003973,P0002586,,HOM,BROKER,2020-01-27,2021-01-26,LP,N,3394.21,3394.21,EC1A 1BB,VALID,VALID,Johnson & Hall Insurance Services Ltd
ALB-CLB-0004523,P0002588,165,CLB,BROKER,2020-09-03,2021-09-03,IF,Y,11020.79,11020.79,EC1A 1BB,VALID,VALID,Davies & Green Insurance Services Ltd
ALB-HOM-0004663,P0002589,,HOM,BROKER,2022-08-19,2023-08-19,IF,Y,759.34,759.34,RG1 1LX,VALID,VALID,Green & Murphy Insurance Services Ltd
ALB-PET-0002011,P0002590,22,PET,BROKER,2019-07-26,2020-07-25,IF,Y,1043.14,1043.14,M1 1AE,VALID,VALID,Patel & Wilson Insurance Services Ltd
ALB-CLB-0003238,P0002591,488,CLB,DIRECT,2024-02-24,2025-02-23,CN,N,10500.36,10500.36,CF10 1EP,VALID,VALID,Khan & Davies Insurance Services Ltd
ALB-PET-0004364,P0002603,,PET,BROKER,2026-10-18,2027-10-18,IF,Y,3075.58,0.00,B1 1AA,VALID,VALID,Wilson & Wright Insurance Services Ltd
ALB-TRV-0002869,P0002606,216,TRV,DIRECT,2021-08-22,2022-08-22,LP,N,1930.34,1930.34,G1 1XQ,VALID,VALID,Walker & OBrien Insurance Services Ltd
ALB-TRV-0004322,P0002610,,TRV,DIRECT,2023-02-18,2024-02-18,RN,Y,2902.82,2902.82,NR1 3QQ,VALID,VALID,Davies & Brown Insurance Services Ltd
ALB-PET-0002522,P0002615,,PET,DIRECT,2020-05-28,2021-05-28,IF,Y,3736.81,3736.81,EC1A 1BB,VALID,VALID,Khan & Smith Insurance Services Ltd
ALB-HOM-0003433,P0002618,,HOM,BROKER,2025-04-14,2026-04-14,IF,Y,386.79,386.79,G1 1XQ,VALID,VALID,Taylor & Johnson Insurance Services Ltd
ALB-TRV-0002379,P0002621,,TRV,BROKER,2023-04-12,2024-04-11,IF,Y,1800.49,1800.49,,INVALID,VALID,Clarke & Davies Insurance Services Ltd
ALB-HOM-0001221,P0002622,227,HOM,BROKER,2025-05-10,2026-05-10,LP,N,983.94,983.94,M1 1AE,VALID,VALID,Smith & Walker Insurance Services Ltd
ALB-HOM-0005066,P0002625,354,HOM,BROKER,2025-09-08,2026-09-08,IF,Y,516.89,430.74,B1 1AA,VALID,VALID,Baker & Clarke Insurance Services Ltd
ALB-PET-0004579,P0002626,114,PET,BROKER,2022-09-16,2023-09-16,IF,Y,964.56,964.56,RG1 1LX,VALID,VALID,Davies & Davies Insurance Services Ltd
ALB-CLB-0003478,P0002629,63,CLB,BROKER,2024-10-19,2025-10-19,EX,N,3937.03,3937.03,YO1 6GA,VALID,VALID,Smith & Davies Insurance Services Ltd
ALB-HOM-0004146,P0002631,426,HOM,BROKER,2018-03-05,2019-03-05,IF,Y,1546.75,1546.75,BS1 4ST,VALID,VALID,Hall & Khan Insurance Services Ltd
ALB-CPM-0003313,P0002633,,CPM,DIRECT,2023-04-02,2024-04-01,IF,Y,1421.15,1421.15,BS1 4ST,VALID,VALID,Jones & Robinson Insurance Services Ltd
ALB-PET-0001010,P0002635,,PET,DIRECT,2021-04-18,2022-04-18,CN,N,3097.52,3097.52,B1 1AA,VALID,VALID,Baker & Williams Insurance Services Ltd
ALB-CLB-0003298,P0002638,,CLB,AGGREGATOR,2018-12-31,2019-12-31,IF,Y,8059.44,8059.44,EC1A 1BB,VALID,VALID,Smith & Clarke Insurance Services Ltd
ALB-CPM-0002893,P0002642,470,CPM,BROKER,2026-02-22,2027-02-22,LP,N,9392.36,3913.48,LS1 4AP,VALID,VALID,Hall & Patel Insurance Services Ltd
ALB-TRV-0003986,P0002645,,TRV,BROKER,2022-06-11,2023-06-11,IF,Y,3247.88,3247.88,M1 1AE,VALID,VALID,Khan & Davies Insurance Services Ltd
ALB-CLB-0004261,P0002646,116,CLB,BROKER,2020-03-27,2021-03-27,LP,N,2434.75,2434.75,M1  1AE,INVALID,VALID,Baker & Wright Insurance Services Ltd
ALB-TRV-0003950,P0002648,,TRV,DIRECT,2023-10-03,2024-10-02,IF,Y,1106.87,1106.87,EC1A 1BB,VALID,VALID,Johnson & Hall Insurance Services Ltd
ALB-HOM-0004806,P0002652,,HOM,AGGREGATOR,2019-02-11,2020-02-11,IF,Y,1436.43,1436.43,B1 1AA,VALID,VALID,Johnson & Hughes Insurance Services Ltd
ALB-PET-0004417,P0002653,323,PET,DIRECT,2019-09-05,2020-09-04,EX,N,1058.33,1058.33,RG1 1LX,VALID,VALID,Hughes & Wright Insurance Services Ltd
ALB-CLB-0003731,P0002655,,CLB,BROKER,2025-12-31,2026-12-31,RN,Y,4797.57,2398.79,G1 1XQ,VALID,VALID,Wilson & OBrien Insurance Services Ltd
ALB-CLB-0001718,P0002657,,CLB,BROKER,2019-11-08,2020-11-07,IF,Y,9495.88,9495.88,CF10 1EP,VALID,VALID,Brown & Jones Insurance Services Ltd
ALB-PET-0002813,P0002659,,PET,BROKER,2019-07-02,2020-07-01,IF,Y,3965.26,3965.26,M1 1AE,VALID,VALID,Taylor & Murphy Insurance Services Ltd
ALB-CPM-0004544,P0002662,114,CPM,DIRECT,2020-10-20,2021-10-20,CN,N,10878.58,10878.58,EC1A 1BB,VALID,VALID,Clarke & Wright Insurance Services Ltd
ALB-MOT-0002872,P0002663,148,MOT,BROKER,2022-04-01,2023-04-01,IF,Y,1437.63,1437.63,NR1 3QQ,VALID,VALID,Hall & Patel Insurance Services Ltd
ALB-MOT-0004574,P0002665,,MOT,DIRECT,2019-07-28,2020-07-27,EX,N,1345.16,1345.16,BS1 4ST,VALID,VALID,OBrien & Green Insurance Services Ltd
ALB-MOT-0002134,P0002666,480,MOT,DIRECT,2024-10-21,2025-10-21,CN,N,3213.47,3213.47,BS1 4ST,VALID,VALID,Davies & Taylor Insurance Services Ltd
ALB-CLB-0004079,P0002667,24,CLB,BROKER,2019-11-15,2020-11-14,EX,N,5113.10,5113.10,EC1A 1BB,VALID,VALID,Hall & Brown Insurance Services Ltd
ALB-MOT-0004431,P0002669,99,MOT,DIRECT,2022-07-14,2023-07-14,IF,Y,1731.71,1731.71,EC1A 1BB,VALID,VALID,Baker & Hughes Insurance Services Ltd
ALB-PET-0002310,P0002671,,PET,AGGREGATOR,2026-03-08,2027-03-08,IF,Y,458.80,152.93,LS1 4AP,VALID,VALID,Baker & Wright Insurance Services Ltd
ALB-PET-0003825,P0002673,,PET,BROKER,2020-10-02,2021-10-02,IF,Y,2311.65,2311.65,CF10 1EP,VALID,VALID,Green & Patel Insurance Services Ltd
ALB-HOM-0003972,P0002675,,HOM,BROKER,2022-03-23,2023-03-23,IF,Y,184.72,184.72,M1 1AE,VALID,VALID,Smith & Walker Insurance Services Ltd
ALB-CLB-0002981,P0002678,,CLB,BROKER,2021-11-13,2022-11-13,IF,Y,6766.39,6766.39,CF10 1EP,VALID,VALID,Davies & Brown Insurance Services Ltd
ALB-HOM-0003087,P0002679,,HOM,BROKER,2022-09-10,2023-09-10,EX,N,2950.01,2950.01,M1 1AE,VALID,VALID,Clarke & Davies Insurance Services Ltd
ALB-TRV-0002657,P0002680,,TRV,DIRECT,2024-08-02,2025-08-02,EX,N,4121.72,4121.72,M1 1AE,VALID,VALID,Murphy & Johnson Insurance Services Ltd
ALB-CLB-0000031,P0002684,,CLB,BROKER,2020-05-16,2021-05-16,IF,Y,954.96,954.96,EC1A 1BB,VALID,VALID,Taylor & Wilson Insurance Services Ltd
ALB-CPM-0002743,P0002685,,CPM,AGGREGATOR,2023-08-18,2024-08-17,RN,Y,11875.67,11875.67,G1 1XQ,VALID,VALID,Hall & Khan Insurance Services Ltd
ALB-PET-0001845,P0002686,,PET,BROKER,2022-11-10,2023-11-10,RN,Y,3410.08,3410.08,RG1 1LX,VALID,VALID,Davies & Green Insurance Services Ltd
ALB-MOT-0004368,P0002687,216,MOT,BROKER,2023-12-08,2024-12-07,IF,Y,2754.41,2754.41,M1 1AE,VALID,VALID,Patel & Taylor Insurance Services Ltd
ALB-CLB-0002158,P0002688,379,CLB,BROKER,2022-02-23,2023-02-23,EX,N,868.63,868.63,RG1 1LX,VALID,VALID,Hall & Brown Insurance Services Ltd
ALB-TRV-0004705,P0002692,,TRV,BROKER,2018-12-27,2019-12-27,LP,N,2273.37,2273.37,BS1 4ST,VALID,VALID,Williams & Baker Insurance Services Ltd
ALB-HOM-0001498,P0002695,,HOM,BROKER,2021-08-17,2022-08-17,IF,Y,4048.61,4048.61,YO1 6GA,VALID,VALID,Smith & Clarke Insurance Services Ltd
ALB-TRV-0003270,P0002696,,TRV,AGGREGATOR,2026-04-09,2027-04-09,IF,Y,3474.39,868.60,EC1A 1BB,VALID,VALID,Hall & Khan Insurance Services Ltd
ALB-PET-0003510,P0002697,,PET,DIRECT,2023-04-10,2024-04-09,IF,Y,3243.52,3243.52,G1 1XQ,VALID,VALID,Khan & Smith Insurance Services Ltd
ALB-CLB-0004454,P0002698,,CLB,BROKER,2025-06-07,2026-06-07,RN,Y,7797.77,7797.77,RG1 1LX,VALID,VALID,Patel & Clarke Insurance Services Ltd
ALB-PET-0002935,P0002699,428,PET,AGGREGATOR,2022-03-19,2023-03-19,IF,Y,1450.37,1450.37,B1 1AA,VALID,VALID,Baker & Hughes Insurance Services Ltd
ALB-CLB-0003646,P0002700,,CLB,DIRECT,2023-09-14,2024-09-13,RN,Y,5134.20,5134.20,B1 1AA,VALID,VALID,Taylor & Murphy Insurance Services Ltd
ALB-HOM-0003617,P0002702,,HOM,AGGREGATOR,2022-07-21,2023-07-21,IF,Y,1939.16,1939.16,CF10 1EP,VALID,VALID,Green & Patel Insurance Services Ltd
ALB-CLB-0002892,P0002709,472,CLB,BROKER,2024-08-21,2025-08-21,CN,N,8475.29,8475.29,BS1 4ST,VALID,VALID,Smith & Brown Insurance Services Ltd
ALB-TRV-0000457,P0002710,313,TRV,AGGREGATOR,2024-09-30,2025-09-30,IF,Y,2396.20,2396.20,NR1 3QQ,VALID,VALID,Smith & Brown Insurance Services Ltd
ALB-CPM-0001535,P0002714,21,CPM,AGGREGATOR,2020-11-24,2021-11-24,LP,N,13506.00,13506.00,BS1 4ST,VALID,VALID,Smith & Brown Insurance Services Ltd
ALB-TRV-0000794,P0002717,483,TRV,BROKER,2023-06-21,2024-06-20,IF,Y,2957.03,2957.03,RG1 1LX,VALID,VALID,Davies & Wright Insurance Services Ltd
ALB-CLB-0004812,P0002719,,CLB,AGGREGATOR,2026-07-28,2027-07-28,RN,Y,14599.12,0.00,G1 1XQ,VALID,VALID,Davies & Taylor Insurance Services Ltd
ALB-CPM-0003474,P0002721,,CPM,DIRECT,2020-06-28,2021-06-28,EX,N,8265.85,8265.85,CF10 1EP,VALID,VALID,Robinson & Brown Insurance Services Ltd
ALB-CLB-0004740,P0002724,413,CLB,AGGREGATOR,2024-10-20,2025-10-20,IF,Y,1680.34,1680.34,M1  1AE,INVALID,VALID,Khan & Davies Insurance Services Ltd
ALB-MOT-0004987,P0002725,,MOT,DIRECT,2020-03-04,2021-03-04,IF,Y,1565.81,1565.81,RG1 1LX,VALID,VALID,Wilson & Wright Insurance Services Ltd
ALB-PET-0003695,P0002727,56,PET,DIRECT,2018-12-28,2019-12-28,IF,Y,3999.66,3999.66,ZZ99 9ZZ,VALID,VALID,OBrien & Green Insurance Services Ltd
ALB-CLB-0004317,P0002731,,CLB,BROKER,2023-03-08,2024-03-07,IF,Y,9603.84,9603.84,BS1 4ST,VALID,VALID,Wilson & Wright Insurance Services Ltd
ALB-PET-0003327,P0002733,,PET,BROKER,2026-04-10,2027-04-10,EX,N,1300.33,325.08,NR1 3QQ,VALID,VALID,Davies & Wright Insurance Services Ltd
ALB-CPM-0005170,P0002736,,CPM,AGGREGATOR,2026-03-13,2027-03-13,RN,Y,9461.14,3153.71,BS1 4ST,VALID,VALID,Davies & Hughes Insurance Services Ltd
ALB-MOT-0002964,P0002737,14,MOT,DIRECT,2019-06-28,2020-06-27,IF,Y,3113.55,3113.55,LS1 4AP,VALID,VALID,Patel & Clarke Insurance Services Ltd
ALB-PET-0005050,P0002739,289,PET,DIRECT,2019-11-04,2020-11-03,IF,Y,2145.39,2145.39,M1 1AE,VALID,VALID,Hall & Hall Insurance Services Ltd
ALB-HOM-0003146,P0002742,469,HOM,DIRECT,2020-04-28,2021-04-28,LP,N,835.42,835.42,EC1A 1BB,VALID,VALID,Johnson & Hughes Insurance Services Ltd
ALB-MOT-0002589,P0002744,,MOT,BROKER,2025-09-19,2026-09-19,LP,N,2646.58,2205.48,,INVALID,VALID,Smith & Walker Insurance Services Ltd
ALB-TRV-0004072,P0002746,,TRV,BROKER,2023-03-11,2024-03-10,EX,N,2793.78,2793.78,G1 1XQ,VALID,VALID,Baker & Wright Insurance Services Ltd
ALB-TRV-0003191,P0002748,,TRV,DIRECT,2022-09-20,2023-09-20,RN,Y,366.45,366.45,YO1 6GA,VALID,VALID,Williams & Williams Insurance Services Ltd
ALB-PET-0003278,P0002750,339,PET,AGGREGATOR,2022-10-22,2023-10-22,EX,N,3152.65,3152.65,NR1 3QQ,VALID,VALID,Davies & Hughes Insurance Services Ltd
ALB-CLB-0005146,P0002753,344,CLB,AGGREGATOR,2020-08-28,2021-08-28,IF,Y,11990.29,11990.29,M1 1AE,VALID,VALID,Baker & Brown Insurance Services Ltd
ALB-MOT-0001787,P0002756,118,MOT,BROKER,2020-09-20,2021-09-20,LP,N,1036.47,1036.47,EC1A 1BB,VALID,VALID,Smith & Davies Insurance Services Ltd
ALB-CPM-0002923,P0002757,226,CPM,DIRECT,2023-06-23,2024-06-22,IF,Y,13536.13,13536.13,G1 1XQ,VALID,VALID,Green & Murphy Insurance Services Ltd
ALB-CPM-0002871,P0002758,,CPM,BROKER,2020-07-06,2021-07-06,CN,N,3463.15,3463.15,G1 1XQ,VALID,VALID,Davies & Davies Insurance Services Ltd
ALB-CLB-0002060,P0002761,483,CLB,DIRECT,2018-03-19,2019-03-19,IF,Y,2222.15,2222.15,YO1 6GA,VALID,VALID,Smith & Brown Insurance Services Ltd
ALB-MOT-0004443,P0002763,240,MOT,DIRECT,2021-09-29,2022-09-29,EX,N,2207.68,2207.68,G1 1XQ,VALID,VALID,Davies & Brown Insurance Services Ltd
ALB-TRV-0003021,P0002764,,TRV,AGGREGATOR,2025-06-20,2026-06-20,EX,N,2807.75,2807.75,M1 1AE,VALID,VALID,Baker & Clarke Insurance Services Ltd
ALB-TRV-0004212,P0002765,295,TRV,DIRECT,2026-11-24,2027-11-24,IF,Y,1164.63,0.00,LS1 4AP,VALID,VALID,Johnson & Hughes Insurance Services Ltd
ALB-HOM-0004323,P0002767,3,HOM,DIRECT,2018-01-09,2019-01-09,IF,Y,3467.88,3467.88,BS1 4ST,VALID,VALID,Hall & Wright Insurance Services Ltd
ALB-HOM-0002249,P0002769,160,HOM,DIRECT,2022-06-12,2023-06-12,IF,Y,474.43,474.43,CF10 1EP,VALID,VALID,Patel & Clarke Insurance Services Ltd
ALB-MOT-0004490,P0002772,364,MOT,AGGREGATOR,2022-04-15,2023-04-15,IF,Y,2012.29,2012.29,LS1 4AP,VALID,VALID,Baker & Brown Insurance Services Ltd
ALB-CPM-0002884,P0002780,,CPM,BROKER,2025-10-26,2026-10-26,RN,Y,7819.95,5864.96,ZZ99 9ZZ,VALID,VALID,Davies & Green Insurance Services Ltd
ALB-CPM-0004053,P0002781,,CPM,BROKER,2019-04-14,2020-04-13,RN,Y,14132.04,14132.04,RG1 1LX,VALID,VALID,OBrien & Green Insurance Services Ltd
ALB-CLB-0002478,P0002782,241,CLB,AGGREGATOR,2023-12-09,2024-12-08,IF,Y,3651.09,3651.09,YO1 6GA,VALID,VALID,Davies & Wright Insurance Services Ltd
ALB-CPM-0003336,P0002783,,CPM,BROKER,2024-05-19,2025-05-19,RN,Y,8635.30,8635.30,B1 1AA,VALID,VALID,Baker & Brown Insurance Services Ltd
ALB-CPM-0001770,P0002786,,CPM,DIRECT,2023-11-12,2024-11-11,LP,N,7451.09,7451.09,B1 1AA,VALID,VALID,Walker & OBrien Insurance Services Ltd
ALB-PET-0004026,P0002793,356,PET,BROKER,2022-11-15,2023-11-15,RN,Y,2067.64,2067.64,B1 1AA,VALID,VALID,Walker & OBrien Insurance Services Ltd
ALB-CPM-0000915,P0002795,,CPM,DIRECT,2022-06-15,2023-06-15,IF,Y,3156.24,3156.24,BS1 4ST,VALID,VALID,Jones & Baker Insurance Services Ltd
ALB-CLB-0005000,P0002796,,CLB,AGGREGATOR,2026-12-20,2027-12-20,EX,N,4398.12,0.00,B1 1AA,VALID,VALID,Jones & Robinson Insurance Services Ltd
ALB-CPM-0002913,P0002797,195,CPM,AGGREGATOR,2018-03-01,2019-03-01,IF,Y,12058.83,12058.83,G1 1XQ,VALID,VALID,Jones & Baker Insurance Services Ltd
ALB-PET-0005071,P0002798,,PET,DIRECT,2020-09-06,2021-09-06,IF,Y,3879.85,3879.85,ZZ99 9ZZ,VALID,VALID,Green & Patel Insurance Services Ltd
ALB-CLB-0002731,P0002801,,CLB,BROKER,2022-04-06,2023-04-06,IF,Y,5062.26,5062.26,M1 1AE,VALID,VALID,Hall & Murphy Insurance Services Ltd
ALB-TRV-0003604,P0002802,126,TRV,BROKER,2019-06-02,2020-06-01,EX,N,1913.37,1913.37,NR1 3QQ,VALID,VALID,Baker & Clarke Insurance Services Ltd
ALB-HOM-0003263,P0002804,,HOM,AGGREGATOR,2023-11-03,2024-11-02,IF,Y,3957.84,3957.84,NR1 3QQ,VALID,VALID,Green & Jones Insurance Services Ltd
ALB-CPM-0003930,P0002805,,CPM,BROKER,2018-03-31,2019-03-31,RN,Y,8346.41,8346.41,BS1 4ST,VALID,VALID,Taylor & Murphy Insurance Services Ltd
ALB-TRV-0004789,P0002808,104,TRV,DIRECT,2023-10-01,2024-09-30,LP,N,3115.74,3115.74,BS1 4ST,VALID,VALID,Khan & Davies Insurance Services Ltd
ALB-PET-0002551,P0002811,,PET,AGGREGATOR,2026-07-17,2027-07-17,RN,Y,2320.80,0.00,CF10 1EP,VALID,VALID,Davies & Hughes Insurance Services Ltd
ALB-PET-0003143,P0002813,255,PET,BROKER,2022-09-29,2023-09-29,EX,N,3622.35,3622.35,M1 1AE,VALID,VALID,Green & Murphy Insurance Services Ltd
ALB-TRV-0005174,P0002817,,TRV,DIRECT,2021-07-11,2022-07-11,IF,Y,2003.79,2003.79,YO1 6GA,VALID,VALID,Davies & Davies Insurance Services Ltd
ALB-CPM-0001840,P0002821,,CPM,DIRECT,2021-12-06,2022-12-06,EX,N,10430.29,10430.29,CF10 1EP,VALID,VALID,Davies & Taylor Insurance Services Ltd
ALB-CPM-0002357,P0002824,204,CPM,DIRECT,2025-08-16,2026-08-16,CN,N,6858.94,6287.36,BS1 4ST,VALID,VALID,Jones & Robinson Insurance Services Ltd
ALB-MOT-0001696,P0002826,,MOT,AGGREGATOR,2020-08-27,2021-08-27,CN,N,3110.87,3110.87,RG1 1LX,VALID,VALID,Hall & Murphy Insurance Services Ltd
ALB-HOM-0004089,P0002827,,HOM,DIRECT,2020-02-07,2021-02-06,IF,Y,1435.20,1435.20,EC1A 1BB,VALID,VALID,Jones & Robinson Insurance Services Ltd
ALB-PET-0004164,P0002828,,PET,AGGREGATOR,2022-12-06,2023-12-06,EX,N,344.07,344.07,RG1 1LX,VALID,VALID,Patel & Clarke Insurance Services Ltd
ALB-HOM-0001887,P0002829,45,HOM,DIRECT,2019-09-01,2020-08-31,CN,N,736.33,736.33,EC1A 1BB,VALID,VALID,Wilson & Wright Insurance Services Ltd
ALB-CPM-0005026,P0002830,68,CPM,BROKER,2019-03-13,2020-03-12,IF,Y,10954.09,10954.09,RG1 1LX,VALID,VALID,Patel & Taylor Insurance Services Ltd
ALB-MOT-0001217,P0002832,,MOT,BROKER,2022-05-12,2023-05-12,CN,N,556.31,556.31,YO1 6GA,VALID,VALID,Davies & Taylor Insurance Services Ltd
ALB-CPM-0000814,P0002833,,CPM,AGGREGATOR,2021-06-23,2022-06-23,RN,Y,9650.64,9650.64,ZZ99 9ZZ,VALID,VALID,Davies & Taylor Insurance Services Ltd
ALB-CPM-0004049,P0002834,148,CPM,BROKER,2020-03-14,2021-03-14,LP,N,9196.13,9196.13,YO1 6GA,VALID,VALID,Baker & Hughes Insurance Services Ltd
ALB-MOT-0004636,P0002839,,MOT,AGGREGATOR,2018-02-08,2019-02-08,IF,Y,3051.75,3051.75,M1 1AE,VALID,VALID,Hall & Hall Insurance Services Ltd
ALB-CPM-0004225,P0002840,,CPM,AGGREGATOR,2018-09-05,2019-09-05,IF,Y,7446.33,7446.33,EC1A 1BB,VALID,VALID,Patel & Clarke Insurance Services Ltd
ALB-TRV-0002439,P0002845,,TRV,BROKER,2018-05-28,2019-05-28,IF,Y,1651.97,1651.97,G1 1XQ,VALID,VALID,Baker & Brown Insurance Services Ltd
ALB-PET-0003566,P0002846,365,PET,DIRECT,2021-04-11,2022-04-11,CN,N,1907.29,1907.29,LS1 4AP,VALID,VALID,Baker & Wright Insurance Services Ltd
ALB-CLB-0004695,P0002847,,CLB,DIRECT,2018-06-12,2019-06-12,RN,Y,3306.48,3306.48,RG1 1LX,VALID,VALID,Hall & Brown Insurance Services Ltd
ALB-TRV-0004020,P0002848,,TRV,AGGREGATOR,2022-10-18,2023-10-18,IF,Y,1450.54,1450.54,EC1A 1BB,VALID,VALID,Smith & Walker Insurance Services Ltd
ALB-CPM-0002058,P0002852,,CPM,DIRECT,2023-12-15,2024-12-14,LP,N,14007.71,14007.71,YO1 6GA,VALID,VALID,Johnson & Hughes Insurance Services Ltd
ALB-MOT-0003841,P0002857,261,MOT,DIRECT,2024-06-04,2025-06-04,RN,Y,4009.67,4009.67,B1 1AA,VALID,VALID,Baker & Clarke Insurance Services Ltd
ALB-CLB-0001615,P0002862,,CLB,DIRECT,2026-05-17,2027-05-17,CN,N,2604.27,434.05,N/A,INVALID,VALID,Wilson & Wright Insurance Services Ltd
ALB-HOM-0002794,P0002863,137,HOM,BROKER,2021-05-24,2022-05-24,IF,Y,1401.69,1401.69,YO1 6GA,VALID,VALID,Baker & Brown Insurance Services Ltd
ALB-TRV-0004226,P0002865,,TRV,AGGREGATOR,2025-06-11,2026-06-11,RN,Y,923.62,923.62,G1 1XQ,VALID,VALID,Patel & Clarke Insurance Services Ltd
ALB-PET-0003129,P0002869,486,PET,BROKER,2021-11-25,2022-11-25,IF,Y,3619.44,3619.44,BS1 4ST,VALID,VALID,Baker & Hughes Insurance Services Ltd
ALB-HOM-0000510,P0002870,96,HOM,BROKER,2022-05-12,2023-05-12,EX,N,2880.51,2880.51,B1 1AA,VALID,VALID,Wilson & Wright Insurance Services Ltd
ALB-CLB-0001883,P0002874,,CLB,DIRECT,2025-10-30,2026-10-30,EX,N,9025.78,6017.19,LS1 4AP,VALID,VALID,Hall & Baker Insurance Services Ltd
ALB-HOM-0003507,P0002875,305,HOM,BROKER,2018-05-22,2019-05-22,IF,Y,317.22,317.22,N/A,INVALID,VALID,Taylor & Walker Insurance Services Ltd
ALB-PET-0003027,P0002877,6,PET,BROKER,2025-05-03,2026-05-03,CN,N,1359.51,1359.51,CF10 1EP,VALID,VALID,Murphy & Johnson Insurance Services Ltd
ALB-HOM-0003928,P0002880,301,HOM,DIRECT,2025-07-10,2026-07-10,RN,Y,2332.62,2332.62,YO1 6GA,VALID,VALID,Baker & Brown Insurance Services Ltd
ALB-CPM-0004131,P0002882,226,CPM,BROKER,2025-12-09,2026-12-09,CN,N,767.20,447.53,B1 1AA,VALID,VALID,Baker & Clarke Insurance Services Ltd
ALB-CPM-0002863,P0002885,74,CPM,DIRECT,2022-07-03,2023-07-03,IF,Y,13168.54,13168.54,RG1 1LX,VALID,VALID,Baker & Williams Insurance Services Ltd
ALB-MOT-0004729,P0002887,101,MOT,BROKER,2020-02-19,2021-02-18,IF,Y,624.64,624.64,NR1 3QQ,VALID,VALID,Davies & Wright Insurance Services Ltd
ALB-PET-0004202,P0002892,,PET,BROKER,2023-04-02,2024-04-01,EX,N,3567.09,3567.09,M1  1AE,INVALID,VALID,Taylor & Johnson Insurance Services Ltd
ALB-CLB-0001666,P0002893,,CLB,BROKER,2021-10-10,2022-10-10,RN,Y,7866.79,7866.79,NR1 3QQ,VALID,VALID,Hall & Brown Insurance Services Ltd
ALB-TRV-0002305,P0002898,,TRV,AGGREGATOR,2021-10-23,2022-10-23,LP,N,3459.78,3459.78,M1 1AE,VALID,VALID,Taylor & Johnson Insurance Services Ltd
ALB-PET-0002474,P0002900,,PET,BROKER,2024-11-22,2025-11-22,EX,N,2156.72,2156.72,N/A,INVALID,VALID,Clarke & Wright Insurance Services Ltd
ALB-TRV-0001311,P0002902,,TRV,BROKER,2019-11-30,2020-11-29,IF,Y,1697.32,1697.32,B1 1AA,VALID,VALID,Taylor & Wilson Insurance Services Ltd
ALB-PET-0002901,P0002903,188,PET,DIRECT,2019-07-28,2020-07-27,IF,Y,877.34,877.34,LS1 4AP,VALID,VALID,Khan & Smith Insurance Services Ltd
ALB-TRV-0005158,P0002906,84,TRV,DIRECT,2025-12-08,2026-12-08,RN,Y,3155.27,1840.57,B1 1AA,VALID,VALID,Davies & Taylor Insurance Services Ltd
ALB-TRV-0000433,P0002907,,TRV,AGGREGATOR,2022-11-05,2023-11-05,RN,Y,1012.76,1012.76,EC1A 1BB,VALID,VALID,Jones & Robinson Insurance Services Ltd
ALB-HOM-0004885,P0002908,183,HOM,DIRECT,2026-11-06,2027-11-06,IF,Y,3747.70,0.00,M1 1AE,VALID,VALID,Davies & Wright Insurance Services Ltd
ALB-CPM-0002648,P0002909,,CPM,AGGREGATOR,2022-08-01,2023-08-01,IF,Y,12511.13,12511.13,B1 1AA,VALID,VALID,Hall & Hall Insurance Services Ltd
ALB-TRV-0002717,P0002910,,TRV,DIRECT,2018-05-09,2019-05-09,RN,Y,3076.05,3076.05,NR1 3QQ,VALID,VALID,Wilson & Wright Insurance Services Ltd
ALB-CPM-0003599,P0002912,,CPM,BROKER,2022-09-13,2023-09-13,EX,N,7572.10,7572.10,LS1 4AP,VALID,VALID,Hall & Wright Insurance Services Ltd
ALB-CPM-0003080,P0002913,,CPM,DIRECT,2023-10-29,2024-10-28,IF,Y,11268.68,11268.68,LS1 4AP,VALID,VALID,Brown & Davies Insurance Services Ltd
ALB-PET-0004618,P0002914,,PET,AGGREGATOR,2020-08-12,2021-08-12,IF,Y,2591.07,2591.07,,INVALID,VALID,Baker & Hughes Insurance Services Ltd
ALB-MOT-0004114,P0002916,129,MOT,BROKER,2023-08-10,2024-08-09,RN,Y,3149.94,3149.94,YO1 6GA,VALID,VALID,Taylor & Murphy Insurance Services Ltd
ALB-CLB-0000469,P0002917,,CLB,BROKER,2021-04-20,2022-04-20,IF,Y,4047.59,4047.59,CF10 1EP,VALID,VALID,Baker & Williams Insurance Services Ltd
ALB-PET-0005190,P0002919,364,PET,BROKER,2019-11-23,2020-11-22,EX,N,911.33,911.33,CF10 1EP,VALID,VALID,Smith & Davies Insurance Services Ltd
ALB-CPM-0000752,P0002921,51,CPM,AGGREGATOR,2018-07-09,2019-07-09,RN,Y,1975.83,1975.83,G1 1XQ,VALID,VALID,Taylor & Johnson Insurance Services Ltd
ALB-CPM-0004486,P0002922,,CPM,BROKER,2019-10-05,2020-10-04,RN,Y,9825.66,9825.66,G1 1XQ,VALID,VALID,Wilson & OBrien Insurance Services Ltd
ALB-HOM-0003503,P0002924,32,HOM,DIRECT,2022-03-24,2023-03-24,CN,N,3108.32,3108.32,CF10 1EP,VALID,VALID,Walker & OBrien Insurance Services Ltd
ALB-CLB-0003101,P0002925,,CLB,BROKER,2022-02-24,2023-02-24,CN,N,4810.86,4810.86,LS1 4AP,VALID,VALID,Murphy & Johnson Insurance Services Ltd
ALB-PET-0002548,P0002926,212,PET,DIRECT,2023-03-17,2024-03-16,CN,N,3687.59,3687.59,M1 1AE,VALID,VALID,Williams & Hall Insurance Services Ltd
ALB-CLB-0004722,P0002928,,CLB,BROKER,2026-07-31,2027-07-31,IF,Y,4740.90,0.00,NR1 3QQ,VALID,VALID,Walker & OBrien Insurance Services Ltd
ALB-MOT-0002173,P0002930,,MOT,BROKER,2025-02-19,2026-02-19,IF,Y,541.26,541.26,CF10 1EP,VALID,VALID,Khan & Davies Insurance Services Ltd
ALB-CLB-0003942,P0002932,,CLB,BROKER,2022-08-05,2023-08-05,RN,Y,4805.20,4805.20,YO1 6GA,VALID,VALID,Green & Patel Insurance Services Ltd
ALB-HOM-0003804,P0002938,31,HOM,DIRECT,2021-10-10,2022-10-10,LP,N,3757.38,3757.38,BS1 4ST,VALID,VALID,Smith & Clarke Insurance Services Ltd
ALB-MOT-0005119,P0002939,,MOT,BROKER,2018-09-24,2019-09-24,CN,N,1015.17,1015.17,LS1 4AP,VALID,VALID,Baker & Williams Insurance Services Ltd
ALB-HOM-0005133,P0002940,125,HOM,BROKER,2024-02-13,2025-02-12,CN,N,4059.39,4059.39,EC1A 1BB,VALID,VALID,Davies & Brown Insurance Services Ltd
ALB-CLB-0003968,P0002942,214,CLB,DIRECT,2023-03-06,2024-03-05,IF,Y,7801.06,7801.06,EC1A 1BB,VALID,VALID,Patel & Wilson Insurance Services Ltd
ALB-PET-0003034,P0002943,244,PET,BROKER,2019-01-03,2020-01-03,IF,Y,3679.60,3679.60,M1 1AE,VALID,VALID,Green & Jones Insurance Services Ltd
ALB-MOT-0002908,P0002946,181,MOT,DIRECT,2024-09-12,2025-09-12,EX,N,1707.22,1707.22,M1  1AE,INVALID,VALID,Davies & Brown Insurance Services Ltd
ALB-CLB-0004908,P0002947,,CLB,BROKER,2024-06-14,2025-06-14,IF,Y,13402.15,13402.15,B1 1AA,VALID,VALID,Baker & Williams Insurance Services Ltd
ALB-TRV-0002153,P0002950,42,TRV,AGGREGATOR,2018-02-11,2019-02-11,EX,N,2116.58,2116.58,YO1 6GA,VALID,VALID,Williams & Hall Insurance Services Ltd
ALB-CPM-0003583,P0002952,226,CPM,BROKER,2020-07-11,2021-07-11,IF,Y,3008.96,3008.96,M1  1AE,INVALID,VALID,Johnson & Murphy Insurance Services Ltd
ALB-HOM-0004823,P0002955,240,HOM,BROKER,2026-04-24,2027-04-24,CN,N,2537.70,634.43,LS1 4AP,VALID,VALID,Khan & Smith Insurance Services Ltd
ALB-MOT-0005030,P0002956,274,MOT,AGGREGATOR,2023-02-27,2024-02-27,IF,Y,1271.37,1271.37,RG1 1LX,VALID,VALID,Baker & Williams Insurance Services Ltd
ALB-HOM-0003585,P0002959,319,HOM,AGGREGATOR,2025-12-24,2026-12-24,IF,Y,673.35,392.79,EC1A 1BB,VALID,VALID,Hall & Brown Insurance Services Ltd
ALB-TRV-0002558,P0002960,,TRV,DIRECT,2022-01-30,2023-01-30,RN,Y,2050.79,2050.79,YO1 6GA,VALID,VALID,Green & Murphy Insurance Services Ltd
ALB-TRV-0004675,P0002963,,TRV,BROKER,2022-10-08,2023-10-08,EX,N,3218.65,3218.65,ZZ99 9ZZ,VALID,VALID,Smith & Walker Insurance Services Ltd
ALB-PET-0003001,P0002966,323,PET,AGGREGATOR,2026-10-03,2027-10-03,IF,Y,3246.40,0.00,CF10 1EP,VALID,VALID,Clarke & Davies Insurance Services Ltd
ALB-CLB-0003404,P0002968,418,CLB,DIRECT,2022-04-09,2023-04-09,LP,N,4292.71,4292.71,YO1 6GA,VALID,VALID,Wilson & Wright Insurance Services Ltd
ALB-CLB-0002982,P0002971,1,CLB,DIRECT,2024-03-20,2025-03-20,CN,N,5171.65,5171.65,NR1 3QQ,VALID,VALID,Johnson & Hall Insurance Services Ltd
ALB-HOM-0004289,P0002974,,HOM,BROKER,2024-06-06,2025-06-06,IF,Y,2316.50,2316.50,B1 1AA,VALID,VALID,Khan & Smith Insurance Services Ltd
ALB-TRV-0002438,P0002976,69,TRV,BROKER,2020-09-27,2021-09-27,EX,N,2850.41,2850.41,M1 1AE,VALID,VALID,Smith & Brown Insurance Services Ltd
ALB-CPM-0001800,P0002977,350,CPM,AGGREGATOR,2024-03-12,2025-03-12,EX,N,11414.13,11414.13,G1 1XQ,VALID,VALID,Hall & Baker Insurance Services Ltd
ALB-HOM-0002683,P0002978,,HOM,DIRECT,2026-09-04,2027-09-04,LP,N,2927.55,0.00,BS1 4ST,VALID,VALID,Davies & Hughes Insurance Services Ltd
ALB-PET-0005103,P0002984,280,PET,DIRECT,2025-12-04,2026-12-04,IF,Y,2196.37,1281.22,LS1 4AP,VALID,VALID,Green & Murphy Insurance Services Ltd
ALB-CPM-0004894,P0002986,,CPM,DIRECT,2019-11-16,2020-11-15,IF,Y,6237.83,6237.83,B1 1AA,VALID,VALID,Patel & Wilson Insurance Services Ltd
ALB-TRV-0000400,P0002989,,TRV,BROKER,2022-11-26,2023-11-26,RN,Y,829.80,829.80,B1 1AA,VALID,VALID,Jones & Robinson Insurance Services Ltd
ALB-HOM-0005187,P0002990,87,HOM,AGGREGATOR,2018-10-04,2019-10-04,LP,N,1061.55,1061.55,BS1 4ST,VALID,VALID,Brown & Jones Insurance Services Ltd
ALB-MOT-0002410,P0002991,,MOT,AGGREGATOR,2019-09-11,2020-09-10,RN,Y,2044.45,2044.45,YO1 6GA,VALID,VALID,Davies & Wright Insurance Services Ltd
ALB-MOT-0004157,P0002992,,MOT,BROKER,2021-04-22,2022-04-22,IF,Y,934.82,934.82,B1 1AA,VALID,VALID,Davies & Taylor Insurance Services Ltd
ALB-MOT-0003016,P0002993,,MOT,AGGREGATOR,2026-08-03,2027-08-03,IF,Y,2049.70,0.00,G1 1XQ,VALID,VALID,Hall & Khan Insurance Services Ltd
ALB-PET-0004941,P0002994,178,PET,BROKER,2025-04-29,2026-04-29,EX,N,2608.46,2608.46,LS1 4AP,VALID,VALID,Davies & Hughes Insurance Services Ltd
ALB-HOM-0001955,P0002995,,HOM,AGGREGATOR,2024-02-04,2025-02-03,IF,Y,2189.64,2189.64,YO1 6GA,VALID,VALID,Williams & Hall Insurance Services Ltd
ALB-MOT-0002755,P0002996,325,MOT,DIRECT,2025-08-15,2026-08-15,RN,Y,536.73,492.00,YO1 6GA,VALID,VALID,Hughes & Wright Insurance Services Ltd
ALB-CLB-0001978,P0002997,,CLB,AGGREGATOR,2019-08-06,2020-08-05,IF,Y,12061.80,12061.80,LS1 4AP,VALID,VALID,OBrien & Green Insurance Services Ltd
ALB-MOT-0002848,P0003001,123,MOT,DIRECT,2024-04-07,2025-04-07,RN,Y,2729.06,2729.06,BS1 4ST,VALID,VALID,Davies & Brown Insurance Services Ltd
ALB-MOT-0003339,P0003004,167,MOT,DIRECT,2018-05-08,2019-05-08,CN,N,3668.50,3668.50,BS1 4ST,VALID,VALID,Smith & Walker Insurance Services Ltd
ALB-PET-0004809,P0003007,,PET,BROKER,2022-06-07,2023-06-07,LP,N,1487.20,1487.20,YO1 6GA,VALID,VALID,Davies & Davies Insurance Services Ltd
ALB-CLB-0002227,P0003008,362,CLB,BROKER,2023-12-09,2024-12-08,RN,Y,13481.13,13481.13,EC1A 1BB,VALID,VALID,Brown & Davies Insurance Services Ltd
ALB-HOM-0003226,P0003011,,HOM,DIRECT,2023-03-14,2024-03-13,IF,Y,3023.40,3023.40,BS1 4ST,VALID,VALID,Baker & Clarke Insurance Services Ltd
ALB-PET-0003306,P0003014,,PET,BROKER,2023-06-16,2024-06-15,EX,N,590.57,590.57,BS1 4ST,VALID,VALID,Green & Patel Insurance Services Ltd
ALB-TRV-0003000,P0003020,,TRV,BROKER,2024-08-30,2025-08-30,IF,Y,1226.51,1226.51,RG1 1LX,VALID,VALID,Hall & Khan Insurance Services Ltd
ALB-CPM-0001517,P0003022,,CPM,DIRECT,2018-09-11,2019-09-11,RN,Y,2421.21,2421.21,BS1 4ST,VALID,VALID,Hughes & Wright Insurance Services Ltd
ALB-CLB-0000438,P0003024,497,CLB,DIRECT,2018-11-09,2019-11-09,IF,Y,1205.59,1205.59,M1 1AE,VALID,VALID,Davies & Brown Insurance Services Ltd
ALB-MOT-0004875,P0003026,38,MOT,AGGREGATOR,2019-04-14,2020-04-13,IF,Y,1644.98,1644.98,LS1 4AP,VALID,VALID,Green & Patel Insurance Services Ltd
ALB-CLB-0003979,P0003030,,CLB,DIRECT,2020-05-20,2021-05-20,LP,N,5082.99,5082.99,B1 1AA,VALID,VALID,Clarke & Davies Insurance Services Ltd
ALB-HOM-0001637,P0003032,,HOM,AGGREGATOR,2018-11-09,2019-11-09,CN,N,487.92,487.92,CF10 1EP,VALID,VALID,Smith & Davies Insurance Services Ltd
ALB-HOM-0005186,P0003035,482,HOM,DIRECT,2023-04-24,2024-04-23,CN,N,4128.27,4128.27,NR1 3QQ,VALID,VALID,Smith & Clarke Insurance Services Ltd
ALB-HOM-0001735,P0003037,,HOM,BROKER,2018-01-15,2019-01-15,EX,N,2652.81,2652.81,BS1 4ST,VALID,VALID,Williams & Williams Insurance Services Ltd
ALB-CPM-0004279,P0003043,,CPM,BROKER,2026-08-01,2027-08-01,LP,N,8761.78,0.00,EC1A1BB,INVALID,VALID,Davies & Brown Insurance Services Ltd
ALB-HOM-0003688,P0003047,,HOM,BROKER,2022-03-20,2023-03-20,IF,Y,2653.24,2653.24,M1 1AE,VALID,VALID,Johnson & Hall Insurance Services Ltd
ALB-TRV-0003735,P0003048,440,TRV,BROKER,2023-01-29,2024-01-29,EX,N,1004.41,1004.41,LS1 4AP,VALID,VALID,Williams & Hall Insurance Services Ltd
ALB-MOT-0003974,P0003052,,MOT,BROKER,2026-07-31,2027-07-31,IF,Y,2538.57,0.00,G1 1XQ,VALID,VALID,Khan & Davies Insurance Services Ltd
ALB-CLB-0004119,P0003053,289,CLB,AGGREGATOR,2020-08-15,2021-08-15,LP,N,6252.90,6252.90,BS1 4ST,VALID,VALID,Khan & Davies Insurance Services Ltd
ALB-CPM-0000657,P0003056,238,CPM,BROKER,2018-12-23,2019-12-23,IF,Y,6408.03,6408.03,B1 1AA,VALID,VALID,Murphy & Johnson Insurance Services Ltd
ALB-PET-0003145,P0003057,,PET,DIRECT,2026-09-09,2027-09-09,RN,Y,3453.19,0.00,M1 1AE,VALID,VALID,OBrien & Green Insurance Services Ltd
ALB-PET-0004616,P0003059,,PET,AGGREGATOR,2024-07-06,2025-07-06,CN,N,759.78,759.78,CF10 1EP,VALID,VALID,Hall & Khan Insurance Services Ltd
ALB-MOT-0002034,P0003060,,MOT,BROKER,2020-02-27,2021-02-26,IF,Y,947.30,947.30,EC1A 1BB,VALID,VALID,Khan & Davies Insurance Services Ltd
ALB-CLB-0003719,P0003061,349,CLB,BROKER,2021-11-20,2022-11-20,IF,Y,3751.64,3751.64,B1 1AA,VALID,VALID,Hall & Patel Insurance Services Ltd
ALB-HOM-0005193,P0003063,165,HOM,BROKER,2020-03-05,2021-03-05,IF,Y,1490.04,1490.04,B1 1AA,VALID,VALID,Wilson & Wright Insurance Services Ltd
ALB-TRV-0004154,P0003064,,TRV,BROKER,2022-06-12,2023-06-12,IF,Y,1959.40,1959.40,M1 1AE,VALID,VALID,Green & Murphy Insurance Services Ltd
ALB-CPM-0000178,P0003067,,CPM,BROKER,2019-03-19,2020-03-18,RN,Y,12416.84,12416.84,RG1 1LX,VALID,VALID,Taylor & Wilson Insurance Services Ltd
ALB-MOT-0000611,P0003071,,MOT,AGGREGATOR,2022-11-14,2023-11-14,LP,N,1388.72,1388.72,NR1 3QQ,VALID,VALID,Baker & Brown Insurance Services Ltd
ALB-PET-0004018,P0003078,262,PET,BROKER,2020-07-08,2021-07-08,IF,Y,2175.98,2175.98,LS1 4AP,VALID,VALID,Brown & Jones Insurance Services Ltd
ALB-CPM-0004665,P0003080,,CPM,BROKER,2020-10-01,2021-10-01,IF,Y,7080.38,7080.38,EC1A 1BB,VALID,VALID,Davies & Taylor Insurance Services Ltd
ALB-MOT-0005167,P0003081,393,MOT,BROKER,2021-09-10,2022-09-10,IF,Y,2182.76,2182.76,N/A,INVALID,VALID,Robinson & Brown Insurance Services Ltd
ALB-MOT-0004607,P0003083,,MOT,BROKER,2026-09-27,2027-09-27,IF,Y,3089.13,0.00,M1 1AE,VALID,VALID,Baker & Hughes Insurance Services Ltd
ALB-HOM-0002622,P0003084,,HOM,DIRECT,2024-01-04,2025-01-03,EX,N,227.81,227.81,B1 1AA,VALID,VALID,Davies & Hughes Insurance Services Ltd
ALB-TRV-0005106,P0003085,250,TRV,AGGREGATOR,2025-03-12,2026-03-12,EX,N,2646.66,2646.66,G1 1XQ,VALID,VALID,Brown & Davies Insurance Services Ltd
ALB-PET-0004318,P0003090,461,PET,BROKER,2019-04-29,2020-04-28,RN,Y,3948.01,3948.01,LS1 4AP,VALID,VALID,Jones & Robinson Insurance Services Ltd
ALB-CLB-0003023,P0003092,284,CLB,BROKER,2020-02-02,2021-02-01,RN,Y,2091.41,2091.41,CF10 1EP,VALID,VALID,Hughes & Wright Insurance Services Ltd
ALB-CPM-0004390,P0003093,301,CPM,DIRECT,2024-08-08,2025-08-08,RN,Y,7617.47,7617.47,G1 1XQ,VALID,VALID,Wilson & Wright Insurance Services Ltd
ALB-HOM-0002705,P0003095,,HOM,DIRECT,2026-12-02,2027-12-02,EX,N,916.73,0.00,G1 1XQ,VALID,VALID,Clarke & Wright Insurance Services Ltd
ALB-PET-0005077,P0003097,105,PET,DIRECT,2024-07-16,2025-07-16,LP,N,2170.70,2170.70,RG1 1LX,VALID,VALID,Taylor & Wilson Insurance Services Ltd
ALB-CLB-0001801,P0003102,57,CLB,AGGREGATOR,2020-10-29,2021-10-29,IF,Y,1190.32,1190.32,LS1 4AP,VALID,VALID,Johnson & Murphy Insurance Services Ltd
ALB-HOM-0004502,P0003104,87,HOM,AGGREGATOR,2026-08-27,2027-08-27,IF,Y,2791.72,0.00,B1 1AA,VALID,VALID,Baker & Clarke Insurance Services Ltd
ALB-PET-0001069,P0003106,309,PET,DIRECT,2019-01-13,2020-01-13,CN,N,2194.70,2194.70,YO1 6GA,VALID,VALID,Patel & Clarke Insurance Services Ltd
ALB-PET-0003769,P0003107,,PET,AGGREGATOR,2019-08-26,2020-08-25,RN,Y,4120.99,4120.99,,INVALID,VALID,Davies & Wright Insurance Services Ltd
ALB-CPM-0004059,P0003108,58,CPM,AGGREGATOR,2021-03-26,2022-03-26,CN,N,13945.65,13945.65,RG1 1LX,VALID,VALID,Wilson & Johnson Insurance Services Ltd
ALB-TRV-0002139,P0003111,,TRV,DIRECT,2024-03-22,2025-03-22,CN,N,4089.77,4089.77,NR1 3QQ,VALID,VALID,Taylor & Wilson Insurance Services Ltd
ALB-MOT-0002671,P0003112,59,MOT,DIRECT,2025-11-15,2026-11-15,LP,N,2114.36,1409.57,NR1 3QQ,VALID,VALID,Johnson & Hall Insurance Services Ltd
ALB-MOT-0004712,P0003113,,MOT,BROKER,2021-09-11,2022-09-11,LP,N,2696.26,2696.26,M1 1AE,VALID,VALID,Hall & Brown Insurance Services Ltd
ALB-CPM-0005102,P0003115,186,CPM,AGGREGATOR,2025-11-14,2026-11-14,IF,Y,4711.55,3141.03,G1 1XQ,VALID,VALID,Clarke & Wright Insurance Services Ltd
ALB-CPM-0004309,P0003116,,CPM,DIRECT,2020-10-11,2021-10-11,IF,Y,8360.88,8360.88,M1 1AE,VALID,VALID,Hall & Baker Insurance Services Ltd
ALB-MOT-0002377,P0003117,,MOT,AGGREGATOR,2018-05-05,2019-05-05,LP,N,2287.47,2287.47,B1 1AA,VALID,VALID,Smith & Davies Insurance Services Ltd
ALB-CPM-0004531,P0003119,,CPM,AGGREGATOR,2025-08-23,2026-08-23,RN,Y,11809.19,10825.09,B1 1AA,VALID,VALID,Taylor & Murphy Insurance Services Ltd
ALB-MOT-0003136,P0003121,364,MOT,BROKER,2023-02-03,2024-02-03,IF,Y,2146.45,2146.45,BS1 4ST,VALID,VALID,Williams & Williams Insurance Services Ltd
ALB-TRV-0003588,P0003122,154,TRV,BROKER,2024-08-06,2025-08-06,IF,Y,3644.61,3644.61,CF10 1EP,VALID,VALID,Hall & Brown Insurance Services Ltd
ALB-PET-0002494,P0003124,,PET,DIRECT,2024-09-12,2025-09-12,RN,Y,2876.35,2876.35,B1 1AA,VALID,VALID,Hall & Hall Insurance Services Ltd
ALB-CPM-0001771,P0003127,,CPM,DIRECT,2020-09-25,2021-09-25,RN,Y,1567.72,1567.72,G1 1XQ,VALID,VALID,Johnson & Murphy Insurance Services Ltd
ALB-PET-0002737,P0003131,,PET,BROKER,2026-11-28,2027-11-28,LP,N,2881.31,0.00,M1  1AE,INVALID,VALID,Wilson & Wright Insurance Services Ltd
ALB-TRV-0000175,P0003135,63,TRV,DIRECT,2022-02-03,2023-02-03,CN,N,2876.80,2876.80,CF10 1EP,VALID,VALID,Hall & Wright Insurance Services Ltd
ALB-CLB-0004724,P0003138,,CLB,BROKER,2025-02-28,2026-02-28,IF,Y,7920.89,7920.89,NR1 3QQ,VALID,VALID,Walker & OBrien Insurance Services Ltd
ALB-CLB-0000548,P0003139,214,CLB,AGGREGATOR,2021-12-04,2022-12-04,RN,Y,9270.14,9270.14,CF10 1EP,VALID,VALID,Davies & Taylor Insurance Services Ltd
ALB-TRV-0005002,P0003140,,TRV,BROKER,2024-05-19,2025-05-19,CN,N,2957.82,2957.82,BS1 4ST,VALID,VALID,Clarke & Wright Insurance Services Ltd
ALB-TRV-0005080,P0003141,,TRV,BROKER,2026-05-30,2027-05-30,LP,N,3506.05,292.17,M1 1AE,VALID,VALID,Smith & Brown Insurance Services Ltd
ALB-TRV-0003574,P0003143,,TRV,DIRECT,2021-11-25,2022-11-25,IF,Y,1244.67,1244.67,M1 1AE,VALID,VALID,Davies & Hughes Insurance Services Ltd
ALB-MOT-0004171,P0003145,,MOT,DIRECT,2019-08-31,2020-08-30,EX,N,3369.14,3369.14,BS1 4ST,VALID,VALID,Williams & Hall Insurance Services Ltd
ALB-CLB-0002798,P0003146,,CLB,BROKER,2022-03-19,2023-03-19,EX,N,7273.93,7273.93,G1 1XQ,VALID,VALID,Green & Jones Insurance Services Ltd
ALB-MOT-0000336,P0003147,,MOT,BROKER,2020-04-29,2021-04-29,IF,Y,1051.81,1051.81,YO1 6GA,VALID,VALID,Jones & Robinson Insurance Services Ltd
ALB-MOT-0002834,P0003148,322,MOT,AGGREGATOR,2022-07-02,2023-07-02,IF,Y,2138.21,2138.21,G1 1XQ,VALID,VALID,Robinson & Brown Insurance Services Ltd
ALB-MOT-0003571,P0003150,453,MOT,BROKER,2019-03-13,2020-03-12,IF,Y,3813.67,3813.67,M1 1AE,VALID,VALID,Davies & Taylor Insurance Services Ltd
ALB-TRV-0000423,P0003151,90,TRV,DIRECT,2022-05-16,2023-05-16,IF,Y,1223.83,1223.83,CF10 1EP,VALID,VALID,OBrien & Patel Insurance Services Ltd
ALB-TRV-0002368,P0003155,,TRV,DIRECT,2018-03-12,2019-03-12,LP,N,1325.70,1325.70,B1 1AA,VALID,VALID,Patel & Wilson Insurance Services Ltd
ALB-TRV-0003180,P0003156,,TRV,DIRECT,2025-05-08,2026-05-08,RN,Y,1066.85,1066.85,G1 1XQ,VALID,VALID,Wilson & Wright Insurance Services Ltd
ALB-HOM-0005149,P0003158,,HOM,DIRECT,2024-03-27,2025-03-27,IF,Y,3463.58,3463.58,CF10 1EP,VALID,VALID,Wilson & OBrien Insurance Services Ltd
ALB-MOT-0003827,P0003161,,MOT,DIRECT,2024-11-29,2025-11-29,CN,N,1155.40,1155.40,NR1 3QQ,VALID,VALID,Hughes & Wright Insurance Services Ltd
ALB-CLB-0001240,P0003162,,CLB,DIRECT,2019-12-23,2020-12-22,EX,N,3006.06,3006.06,BS1 4ST,VALID,VALID,Khan & Davies Insurance Services Ltd
ALB-CPM-0000809,P0003164,,CPM,BROKER,2018-04-12,2019-04-12,LP,N,12790.44,12790.44,B1 1AA,VALID,VALID,Baker & Clarke Insurance Services Ltd
ALB-MOT-0003220,P0003166,,MOT,BROKER,2018-01-05,2019-01-05,IF,Y,314.06,314.06,EC1A 1BB,VALID,VALID,Taylor & Murphy Insurance Services Ltd
ALB-CLB-0004827,P0003168,486,CLB,DIRECT,2022-05-27,2023-05-27,RN,Y,12941.58,12941.58,B1 1AA,VALID,VALID,Wilson & OBrien Insurance Services Ltd
ALB-CPM-0002637,P0003169,,CPM,DIRECT,2024-01-03,2025-01-02,EX,N,14261.31,14261.31,RG1 1LX,VALID,VALID,Davies & Davies Insurance Services Ltd
ALB-TRV-0004188,P0003170,415,TRV,BROKER,2022-03-26,2023-03-26,RN,Y,1380.23,1380.23,N/A,INVALID,VALID,Johnson & Hughes Insurance Services Ltd
ALB-MOT-0003471,P0003171,,MOT,BROKER,2021-01-01,2022-01-01,EX,N,933.21,933.21,CF10 1EP,VALID,VALID,Baker & Hughes Insurance Services Ltd
ALB-CLB-0003303,P0003172,,CLB,DIRECT,2022-07-20,2023-07-20,RN,Y,14614.28,14614.28,EC1A 1BB,VALID,VALID,Clarke & Wright Insurance Services Ltd
ALB-CPM-0002554,P0003174,203,CPM,BROKER,2023-02-03,2024-02-03,IF,Y,12870.25,12870.25,LS1 4AP,VALID,VALID,Baker & Clarke Insurance Services Ltd
ALB-CLB-0002039,P0003176,,CLB,BROKER,2022-09-24,2023-09-24,IF,Y,6244.30,6244.30,CF10 1EP,VALID,VALID,Patel & Taylor Insurance Services Ltd
ALB-PET-0004404,P0003177,,PET,BROKER,2021-02-27,2022-02-27,IF,Y,4189.08,4189.08,LS1 4AP,VALID,VALID,Hall & Baker Insurance Services Ltd
ALB-CPM-0003749,P0003178,82,CPM,AGGREGATOR,2021-05-24,2022-05-24,RN,Y,12455.45,12455.45,YO1 6GA,VALID,VALID,Williams & Baker Insurance Services Ltd
ALB-CPM-0002159,P0003179,,CPM,BROKER,2020-01-19,2021-01-18,IF,Y,8437.87,8437.87,B1 1AA,VALID,VALID,Patel & Taylor Insurance Services Ltd
ALB-CPM-0000054,P0003181,468,CPM,DIRECT,2020-05-01,2021-05-01,IF,Y,10090.50,10090.50,CF10 1EP,VALID,VALID,Johnson & Murphy Insurance Services Ltd
ALB-TRV-0001539,P0003182,,TRV,BROKER,2018-04-07,2019-04-07,IF,Y,349.74,349.74,N/A,INVALID,VALID,Johnson & Murphy Insurance Services Ltd
ALB-TRV-0003076,P0003183,216,TRV,DIRECT,2025-05-10,2026-05-10,IF,Y,3125.42,3125.42,M1 1AE,VALID,VALID,Baker & Clarke Insurance Services Ltd
ALB-CPM-0004394,P0003185,,CPM,BROKER,2018-05-06,2019-05-06,RN,Y,5577.07,5577.07,NR1 3QQ,VALID,VALID,Williams & Williams Insurance Services Ltd
ALB-TRV-0002516,P0003186,160,TRV,BROKER,2020-09-29,2021-09-29,IF,Y,3122.73,3122.73,LS1 4AP,VALID,VALID,Hall & Murphy Insurance Services Ltd
ALB-MOT-0004520,P0003188,80,MOT,BROKER,2018-11-12,2019-11-12,IF,Y,2336.81,2336.81,EC1A 1BB,VALID,VALID,Wilson & Wright Insurance Services Ltd
ALB-CLB-0005048,P0003191,,CLB,AGGREGATOR,2023-10-26,2024-10-25,RN,Y,13087.20,13087.20,CF10 1EP,VALID,VALID,Wilson & Wright Insurance Services Ltd
ALB-CLB-0003260,P0003192,423,CLB,BROKER,2022-04-30,2023-04-30,IF,Y,2601.67,2601.67,LS1 4AP,VALID,VALID,Smith & Brown Insurance Services Ltd
ALB-HOM-0004599,P0003193,,HOM,BROKER,2019-12-28,2020-12-27,IF,Y,3328.57,3328.57,NR1 3QQ,VALID,VALID,Brown & Jones Insurance Services Ltd
ALB-MOT-0004516,P0003196,,MOT,AGGREGATOR,2021-02-03,2022-02-03,LP,N,1542.45,1542.45,LS1 4AP,VALID,VALID,Davies & Taylor Insurance Services Ltd
ALB-TRV-0000017,P0003197,,TRV,DIRECT,2025-10-13,2026-10-13,IF,Y,1750.58,1312.94,G1 1XQ,VALID,VALID,Wilson & Johnson Insurance Services Ltd
ALB-CLB-0005122,P0003199,,CLB,BROKER,2021-11-28,2022-11-28,CN,N,2980.18,2980.18,RG1 1LX,VALID,VALID,Smith & Clarke Insurance Services Ltd
ALB-HOM-0001002,P0003200,432,HOM,BROKER,2021-10-10,2022-10-10,IF,Y,4027.61,4027.61,CF10 1EP,VALID,VALID,Hall & Khan Insurance Services Ltd
ALB-CPM-0001609,P0002052,,CPM,BROKER,2023-08-19,2024-08-18,IF,Y,12028.72,12028.72,M1 1AE,VALID,VALID,Davies & Green Insurance Services Ltd
ALB-CPM-0001167,P0002053,,CPM,AGGREGATOR,2018-11-15,2019-11-15,LP,N,6395.73,6395.73,LS1 4AP,VALID,VALID,Baker & Hughes Insurance Services Ltd
ALB-HOM-0001882,P0002054,221,HOM,DIRECT,2022-09-03,2023-09-03,CN,N,2560.67,2560.67,LS1 4AP,VALID,VALID,Taylor & Johnson Insurance Services Ltd
ALB-TRV-0002138,P0002058,,TRV,AGGREGATOR,2023-06-06,2024-06-05,IF,Y,2998.58,2998.58,LS1 4AP,VALID,VALID,Williams & Williams Insurance Services Ltd
ALB-PET-0000590,P0002059,,PET,BROKER,2023-03-08,2024-03-07,LP,N,3310.94,3310.94,NR1 3QQ,VALID,VALID,Smith & Clarke Insurance Services Ltd
ALB-CLB-0002258,P0002064,,CLB,DIRECT,2024-12-11,2025-12-11,RN,Y,3932.12,3932.12,BS1 4ST,VALID,VALID,Hall & Patel Insurance Services Ltd
ALB-HOM-0001593,P0002068,101,HOM,AGGREGATOR,2019-01-30,2020-01-30,LP,N,3188.79,3188.79,G1 1XQ,VALID,VALID,Williams & Hall Insurance Services Ltd
ALB-TRV-0004242,P0002069,,TRV,DIRECT,2024-09-12,2025-09-12,RN,Y,3832.06,3832.06,NR1 3QQ,VALID,VALID,Johnson & Hughes Insurance Services Ltd
ALB-HOM-0003084,P0002075,,HOM,DIRECT,2022-05-07,2023-05-07,RN,Y,1914.34,1914.34,NR1 3QQ,VALID,VALID,Williams & Hall Insurance Services Ltd
ALB-CPM-0001068,P0002085,,CPM,BROKER,2020-04-13,2021-04-13,IF,Y,13859.53,13859.53,NR1 3QQ,VALID,VALID,Smith & Walker Insurance Services Ltd
ALB-MOT-0002080,P0002089,267,MOT,BROKER,2018-12-26,2019-12-26,CN,N,2353.54,2353.54,B1 1AA,VALID,VALID,Jones & Robinson Insurance Services Ltd
ALB-HOM-0001156,P0002091,33,HOM,AGGREGATOR,2026-10-04,2027-10-04,RN,Y,384.56,0.00,EC1A 1BB,VALID,VALID,Clarke & Wright Insurance Services Ltd
ALB-TRV-0004196,P0002094,,TRV,BROKER,2026-08-10,2027-08-10,RN,Y,520.41,0.00,B1 1AA,VALID,VALID,Wilson & OBrien Insurance Services Ltd
ALB-CPM-0002681,P0002096,,CPM,BROKER,2021-02-18,2022-02-18,RN,Y,3344.51,3344.51,BS1 4ST,VALID,VALID,Williams & Williams Insurance Services Ltd
ALB-HOM-0002858,P0002100,486,HOM,BROKER,2018-10-14,2019-10-14,RN,Y,2497.40,2497.40,RG1 1LX,VALID,VALID,Baker & Wright Insurance Services Ltd
ALB-PET-0003301,P0002102,,PET,BROKER,2025-05-27,2026-05-27,RN,Y,612.35,612.35,CF10 1EP,VALID,VALID,Brown & Davies Insurance Services Ltd
ALB-TRV-0005091,P0002105,208,TRV,DIRECT,2022-03-03,2023-03-03,IF,Y,489.29,489.29,NR1 3QQ,VALID,VALID,Wilson & Johnson Insurance Services Ltd
ALB-MOT-0001466,P0002106,,MOT,BROKER,2024-02-11,2025-02-10,IF,Y,3301.05,3301.05,M1 1AE,VALID,VALID,Smith & Clarke Insurance Services Ltd
ALB-CPM-0003903,P0002115,,CPM,AGGREGATOR,2022-01-16,2023-01-16,EX,N,1080.60,1080.60,BS1 4ST,VALID,VALID,Johnson & Hughes Insurance Services Ltd
ALB-CLB-0000825,P0002120,142,CLB,BROKER,2026-10-27,2027-10-27,IF,Y,4418.00,0.00,CF10 1EP,VALID,VALID,Murphy & Johnson Insurance Services Ltd
ALB-TRV-0000153,P0002123,251,TRV,BROKER,2018-09-23,2019-09-23,IF,Y,4122.55,4122.55,G1 1XQ,VALID,VALID,Davies & Davies Insurance Services Ltd
ALB-TRV-0003150,P0002132,,TRV,BROKER,2024-03-31,2025-03-31,RN,Y,2736.55,2736.55,G1 1XQ,VALID,VALID,Khan & Davies Insurance Services Ltd
ALB-PET-0002929,P0002133,,PET,DIRECT,2025-02-12,2026-02-12,IF,Y,2787.27,2787.27,M1 1AE,VALID,VALID,Green & Jones Insurance Services Ltd
ALB-MOT-0004990,P0002138,,MOT,DIRECT,2020-12-13,2021-12-13,LP,N,1697.48,1697.48,RG1 1LX,VALID,VALID,OBrien & Green Insurance Services Ltd
ALB-HOM-0003739,P0002140,383,HOM,DIRECT,2020-06-19,2021-06-19,LP,N,1959.23,1959.23,NR1 3QQ,VALID,VALID,Taylor & Murphy Insurance Services Ltd
ALB-MOT-0002290,P0002142,,MOT,AGGREGATOR,2021-06-18,2022-06-18,CN,N,3211.82,3211.82,B1 1AA,VALID,VALID,Murphy & Johnson Insurance Services Ltd
ALB-CLB-0001030,P0002146,,CLB,DIRECT,2021-09-09,2022-09-09,EX,N,12542.30,12542.30,YO1 6GA,VALID,VALID,Williams & Williams Insurance Services Ltd
ALB-CPM-0001302,P0002147,,CPM,DIRECT,2020-05-26,2021-05-26,EX,N,1499.74,1499.74,N/A,INVALID,VALID,Smith & Walker Insurance Services Ltd
ALB-PET-0004689,P0002148,,PET,DIRECT,2024-07-19,2025-07-19,RN,Y,1615.31,1615.31,EC1A1BB,INVALID,VALID,Patel & Wilson Insurance Services Ltd
ALB-CLB-0002308,P0002150,274,CLB,BROKER,2026-09-21,2027-09-21,RN,Y,8425.14,0.00,EC1A 1BB,VALID,VALID,Baker & Hughes Insurance Services Ltd
ALB-TRV-0001149,P0002155,,TRV,BROKER,2022-11-29,2023-11-29,IF,Y,3154.12,3154.12,NR1 3QQ,VALID,VALID,Davies & Green Insurance Services Ltd
ALB-CLB-0001255,P0002157,,CLB,BROKER,2023-09-26,2024-09-25,IF,Y,2814.63,2814.63,M1 1AE,VALID,VALID,Green & Patel Insurance Services Ltd
ALB-PET-0000149,P0002158,,PET,AGGREGATOR,2026-10-27,2027-10-27,IF,Y,2004.14,0.00,NR1 3QQ,VALID,VALID,Davies & Green Insurance Services Ltd
ALB-MOT-0001580,P0002163,,MOT,DIRECT,2019-04-06,2020-04-05,IF,Y,1325.24,1325.24,B1 1AA,VALID,VALID,Williams & Williams Insurance Services Ltd
ALB-CPM-0000323,P0002164,76,CPM,AGGREGATOR,2022-09-21,2023-09-21,IF,Y,9258.57,9258.57,M1  1AE,INVALID,VALID,Johnson & Hughes Insurance Services Ltd
ALB-TRV-0002513,P0002168,,TRV,BROKER,2020-08-27,2021-08-27,CN,N,198.20,198.20,NR1 3QQ,VALID,VALID,Wilson & Johnson Insurance Services Ltd
ALB-CPM-0004367,P0002172,69,CPM,DIRECT,2021-01-27,2022-01-27,RN,Y,11453.48,11453.48,M1 1AE,VALID,VALID,Smith & Clarke Insurance Services Ltd
ALB-MOT-0004903,P0002181,87,MOT,DIRECT,2021-04-12,2022-04-12,IF,Y,3260.83,3260.83,N/A,INVALID,VALID,Clarke & Davies Insurance Services Ltd
ALB-CPM-0000032,P0002182,238,CPM,BROKER,2024-11-08,2025-11-08,IF,Y,13378.84,13378.84,BS1 4ST,VALID,VALID,Hall & Brown Insurance Services Ltd
ALB-CPM-0001816,P0002184,320,CPM,BROKER,2025-01-29,2026-01-29,IF,Y,2653.25,2653.25,NR1 3QQ,VALID,VALID,Clarke & Davies Insurance Services Ltd
ALB-PET-0002303,P0002188,430,PET,DIRECT,2018-06-02,2019-06-02,RN,Y,3367.60,3367.60,NR1 3QQ,VALID,VALID,Taylor & Johnson Insurance Services Ltd
ALB-MOT-0003421,P0002189,453,MOT,BROKER,2018-09-05,2019-09-05,CN,N,3136.38,3136.38,G1 1XQ,VALID,VALID,Taylor & Walker Insurance Services Ltd
ALB-CLB-0000633,P0002191,,CLB,BROKER,2026-09-25,2027-09-25,RN,Y,8276.37,0.00,YO1 6GA,VALID,VALID,Williams & Hall Insurance Services Ltd
ALB-TRV-0001942,P0002192,283,TRV,BROKER,2023-04-27,2024-04-26,RN,Y,1713.92,1713.92,N/A,INVALID,VALID,Davies & Taylor Insurance Services Ltd
ALB-MOT-0002776,P0002194,418,MOT,BROKER,2021-01-01,2022-01-01,CN,N,1665.17,1665.17,LS1 4AP,VALID,VALID,Patel & Taylor Insurance Services Ltd
ALB-TRV-0000299,P0002198,340,TRV,BROKER,2026-06-17,2027-06-17,IF,Y,1030.13,85.84,BS1 4ST,VALID,VALID,Smith & Davies Insurance Services Ltd
ALB-HOM-0000677,P0002205,313,HOM,BROKER,2018-11-14,2019-11-14,RN,Y,696.91,696.91,BS1 4ST,VALID,VALID,Johnson & Hughes Insurance Services Ltd
ALB-TRV-0002446,P0002208,312,TRV,BROKER,2020-09-28,2021-09-28,IF,Y,1934.91,1934.91,LS1 4AP,VALID,VALID,Khan & Davies Insurance Services Ltd
ALB-MOT-0003022,P0002216,279,MOT,BROKER,2022-05-18,2023-05-18,EX,N,2664.73,2664.73,LS1 4AP,VALID,VALID,Hall & Murphy Insurance Services Ltd
ALB-CLB-0004295,P0002218,375,CLB,BROKER,2024-10-22,2025-10-22,RN,Y,8010.04,8010.04,G1 1XQ,VALID,VALID,Green & Murphy Insurance Services Ltd
ALB-HOM-0001642,P0002222,408,HOM,DIRECT,2022-02-21,2023-02-21,RN,Y,2435.45,2435.45,NR1 3QQ,VALID,VALID,Hall & Murphy Insurance Services Ltd
ALB-TRV-0001529,P0002223,,TRV,DIRECT,2023-08-28,2024-08-27,EX,N,1729.86,1729.86,YO1 6GA,VALID,VALID,Patel & Clarke Insurance Services Ltd
ALB-TRV-0003828,P0002233,,TRV,DIRECT,2021-08-01,2022-08-01,LP,N,2274.76,2274.76,EC1A 1BB,VALID,VALID,Hall & Murphy Insurance Services Ltd
ALB-HOM-0002132,P0002236,,HOM,BROKER,2022-07-26,2023-07-26,LP,N,1641.60,1641.60,YO1 6GA,VALID,VALID,Davies & Green Insurance Services Ltd
ALB-HOM-0001059,P0002237,402,HOM,DIRECT,2026-09-02,2027-09-02,IF,Y,1081.54,0.00,B1 1AA,VALID,VALID,Baker & Wright Insurance Services Ltd
ALB-TRV-0003589,P0002243,,TRV,DIRECT,2025-01-06,2026-01-06,LP,N,2204.35,2204.35,YO1 6GA,VALID,VALID,Wilson & Wright Insurance Services Ltd
ALB-CPM-0003886,P0002250,,CPM,AGGREGATOR,2024-09-15,2025-09-15,RN,Y,13855.75,13855.75,RG1 1LX,VALID,VALID,Baker & Williams Insurance Services Ltd
ALB-TRV-0001289,P0002251,492,TRV,BROKER,2019-12-10,2020-12-09,IF,Y,2188.28,2188.28,G1 1XQ,VALID,VALID,Baker & Hughes Insurance Services Ltd
ALB-MOT-0002745,P0002255,,MOT,BROKER,2019-09-19,2020-09-18,EX,N,3852.21,3852.21,NR1 3QQ,VALID,VALID,Khan & Smith Insurance Services Ltd
ALB-MOT-0001852,P0002257,218,MOT,BROKER,2020-04-07,2021-04-07,IF,Y,1750.31,1750.31,EC1A 1BB,VALID,VALID,Smith & Walker Insurance Services Ltd
ALB-PET-0002027,P0002260,227,PET,BROKER,2026-10-23,2027-10-23,LP,N,2013.70,0.00,LS1 4AP,VALID,VALID,Khan & Davies Insurance Services Ltd
ALB-TRV-0001399,P0002261,177,TRV,DIRECT,2018-02-14,2019-02-14,LP,N,1853.58,1853.58,G1 1XQ,VALID,VALID,OBrien & Green Insurance Services Ltd
ALB-HOM-0002890,P0002263,302,HOM,BROKER,2025-05-03,2026-05-03,RN,Y,3225.86,3225.86,NR1 3QQ,VALID,VALID,Hall & Brown Insurance Services Ltd
ALB-MOT-0002735,P0002277,,MOT,BROKER,2020-04-26,2021-04-26,IF,Y,2062.97,2062.97,LS1 4AP,VALID,VALID,Baker & Clarke Insurance Services Ltd
ALB-TRV-0002956,P0002289,428,TRV,DIRECT,2019-11-15,2020-11-14,EX,N,2489.14,2489.14,LS1 4AP,VALID,VALID,Patel & Clarke Insurance Services Ltd
ALB-CPM-0000047,P0002296,124,CPM,AGGREGATOR,2020-09-11,2021-09-11,LP,N,8314.85,8314.85,CF10 1EP,VALID,VALID,Davies & Hughes Insurance Services Ltd
ALB-CLB-0004677,P0002297,,CLB,BROKER,2021-03-12,2022-03-12,IF,Y,9113.95,9113.95,G1 1XQ,VALID,VALID,Wilson & Wright Insurance Services Ltd
ALB-HOM-0001310,P0002298,,HOM,BROKER,2021-11-28,2022-11-28,CN,N,1536.59,1536.59,G1 1XQ,VALID,VALID,Taylor & Walker Insurance Services Ltd
ALB-PET-0001304,P0002300,259,PET,BROKER,2024-07-27,2025-07-27,IF,Y,1586.21,1586.21,NR1 3QQ,VALID,VALID,Clarke & Davies Insurance Services Ltd
ALB-HOM-0003664,P0002301,200,HOM,BROKER,2024-12-09,2025-12-09,IF,Y,4190.07,4190.07,BS1 4ST,VALID,VALID,Wilson & OBrien Insurance Services Ltd
ALB-HOM-0001762,P0002302,226,HOM,BROKER,2020-04-14,2021-04-14,RN,Y,3239.50,3239.50,YO1 6GA,VALID,VALID,Baker & Wright Insurance Services Ltd
ALB-TRV-0001345,P0002305,,TRV,AGGREGATOR,2019-05-10,2020-05-09,RN,Y,2386.05,2386.05,BS1 4ST,VALID,VALID,Davies & Brown Insurance Services Ltd
ALB-CPM-0003960,P0002308,,CPM,DIRECT,2023-05-04,2024-05-03,CN,N,1990.88,1990.88,LS1 4AP,VALID,VALID,Hall & Baker Insurance Services Ltd
ALB-HOM-0000002,P0002309,321,HOM,DIRECT,2019-07-24,2020-07-23,IF,Y,757.02,757.02,EC1A 1BB,VALID,VALID,Hall & Baker Insurance Services Ltd
ALB-CLB-0000704,P0002312,,CLB,BROKER,2025-09-17,2026-09-17,IF,Y,13589.80,11324.83,B1 1AA,VALID,VALID,Green & Patel Insurance Services Ltd
ALB-HOM-0000726,P0002314,,HOM,DIRECT,2020-11-13,2021-11-13,EX,N,4020.94,4020.94,M1 1AE,VALID,VALID,Wilson & OBrien Insurance Services Ltd
ALB-TRV-0000111,P0002317,449,TRV,AGGREGATOR,2023-07-13,2024-07-12,RN,Y,1614.49,1614.49,NR1 3QQ,VALID,VALID,Taylor & Wilson Insurance Services Ltd
ALB-MOT-0001895,P0002319,,MOT,BROKER,2024-08-09,2025-08-09,RN,Y,2422.02,2422.02,M1  1AE,INVALID,VALID,Walker & Wright Insurance Services Ltd
ALB-CLB-0001297,P0002321,251,CLB,DIRECT,2021-05-24,2022-05-24,EX,N,5002.27,5002.27,RG1 1LX,VALID,VALID,Clarke & Davies Insurance Services Ltd
ALB-PET-0000035,P0002322,,PET,DIRECT,2021-05-01,2022-05-01,IF,Y,1380.18,1380.18,ZZ99 9ZZ,VALID,VALID,Robinson & Brown Insurance Services Ltd
ALB-HOM-0002983,P0002324,291,HOM,AGGREGATOR,2025-12-05,2026-12-05,RN,Y,1320.75,770.44,BS1 4ST,VALID,VALID,Williams & Hall Insurance Services Ltd
ALB-HOM-0003577,P0002327,,HOM,AGGREGATOR,2025-04-11,2026-04-11,IF,Y,4061.42,4061.42,CF10 1EP,VALID,VALID,Williams & Baker Insurance Services Ltd
ALB-CLB-0001544,P0002328,39,CLB,BROKER,2025-01-02,2026-01-02,RN,Y,7910.21,7910.21,G1 1XQ,VALID,VALID,Hall & Khan Insurance Services Ltd
ALB-PET-0004328,P0002329,224,PET,BROKER,2023-09-05,2024-09-04,IF,Y,3098.82,3098.82,RG1 1LX,VALID,VALID,Taylor & Johnson Insurance Services Ltd
ALB-TRV-0000221,P0002330,21,TRV,DIRECT,2023-11-02,2024-11-01,IF,Y,3572.03,3572.03,CF10 1EP,VALID,VALID,Khan & Davies Insurance Services Ltd
ALB-HOM-0000013,P0002331,,HOM,DIRECT,2020-06-19,2021-06-19,IF,Y,3913.03,3913.03,CF10 1EP,VALID,VALID,Davies & Hughes Insurance Services Ltd
ALB-HOM-0004711,P0002333,159,HOM,DIRECT,2023-07-16,2024-07-15,LP,N,1912.27,1912.27,M1 1AE,VALID,VALID,Smith & Clarke Insurance Services Ltd
ALB-TRV-0001295,P0002339,,TRV,BROKER,2020-08-25,2021-08-25,RN,Y,1226.15,1226.15,CF10 1EP,VALID,VALID,Hall & Wright Insurance Services Ltd
ALB-CLB-0000421,P0002340,,CLB,BROKER,2025-11-14,2026-11-14,CN,N,11958.40,7972.27,G1 1XQ,VALID,VALID,Williams & Williams Insurance Services Ltd
ALB-TRV-0000736,P0002341,,TRV,BROKER,2019-11-28,2020-11-27,RN,Y,3892.96,3892.96,BS1 4ST,VALID,VALID,Clarke & Davies Insurance Services Ltd
ALB-MOT-0002077,P0002343,,MOT,BROKER,2020-12-12,2021-12-12,EX,N,2300.55,2300.55,EC1A1BB,INVALID,VALID,Brown & Davies Insurance Services Ltd
ALB-CLB-0000107,P0002347,,CLB,AGGREGATOR,2018-04-27,2019-04-27,EX,N,2301.96,2301.96,CF10 1EP,VALID,VALID,Smith & Clarke Insurance Services Ltd
ALB-TRV-0000489,P0002352,,TRV,BROKER,2024-10-11,2025-10-11,IF,Y,3318.58,3318.58,YO1 6GA,VALID,VALID,Walker & OBrien Insurance Services Ltd
ALB-HOM-0000330,P0002354,,HOM,DIRECT,2023-05-05,2024-05-04,RN,Y,4068.81,4068.81,BS1 4ST,VALID,VALID,Hall & Khan Insurance Services Ltd
ALB-MOT-0002373,P0002355,63,MOT,DIRECT,2023-04-16,2024-04-15,RN,Y,1282.06,1282.06,NR1 3QQ,VALID,VALID,Taylor & Murphy Insurance Services Ltd
ALB-PET-0004649,P0002358,,PET,AGGREGATOR,2018-01-22,2019-01-22,RN,Y,2428.73,2428.73,RG1 1LX,VALID,VALID,Hall & Wright Insurance Services Ltd
ALB-HOM-0003338,P0002360,257,HOM,BROKER,2026-06-22,2027-06-22,LP,N,4104.77,342.06,M1 1AE,VALID,VALID,Walker & OBrien Insurance Services Ltd
ALB-CPM-0003977,P0002365,75,CPM,BROKER,2023-11-13,2024-11-12,LP,N,6219.01,6219.01,CF10 1EP,VALID,VALID,Baker & Wright Insurance Services Ltd
ALB-PET-0004386,P0002369,,PET,DIRECT,2018-03-02,2019-03-02,IF,Y,577.93,577.93,EC1A 1BB,VALID,VALID,Williams & Williams Insurance Services Ltd
ALB-MOT-0002562,P0002371,,MOT,DIRECT,2019-09-12,2020-09-11,RN,Y,3832.83,3832.83,CF10 1EP,VALID,VALID,Green & Jones Insurance Services Ltd
ALB-HOM-0001915,P0002372,,HOM,BROKER,2024-05-30,2025-05-30,EX,N,414.90,414.90,NR1 3QQ,VALID,VALID,OBrien & Patel Insurance Services Ltd
ALB-TRV-0001021,P0002376,73,TRV,BROKER,2024-07-09,2025-07-09,LP,N,3298.03,3298.03,CF10 1EP,VALID,VALID,Wilson & OBrien Insurance Services Ltd
ALB-HOM-0000900,P0002384,,HOM,BROKER,2025-10-13,2026-10-13,IF,Y,3941.79,2956.34,YO1 6GA,VALID,VALID,Green & Murphy Insurance Services Ltd
ALB-TRV-0000830,P0002385,227,TRV,DIRECT,2022-01-14,2023-01-14,EX,N,368.13,368.13,B1 1AA,VALID,VALID,Hall & Wright Insurance Services Ltd
ALB-TRV-0001274,P0002390,365,TRV,BROKER,2021-04-25,2022-04-25,EX,N,2188.05,2188.05,NR1 3QQ,VALID,VALID,Green & Murphy Insurance Services Ltd
ALB-TRV-0003866,P0002393,137,TRV,BROKER,2024-05-12,2025-05-12,RN,Y,3370.38,3370.38,EC1A 1BB,VALID,VALID,Davies & Green Insurance Services Ltd
ALB-CLB-0000003,P0002397,,CLB,BROKER,2021-12-28,2022-12-28,IF,Y,11647.48,11647.48,LS1 4AP,VALID,VALID,Smith & Brown Insurance Services Ltd
ALB-CPM-0002301,P0002398,,CPM,BROKER,2024-10-23,2025-10-23,LP,N,6237.44,6237.44,M1 1AE,VALID,VALID,Baker & Clarke Insurance Services Ltd
ALB-CLB-0002672,P0002400,53,CLB,BROKER,2019-09-21,2020-09-20,IF,Y,1243.50,1243.50,B1 1AA,VALID,VALID,Johnson & Hughes Insurance Services Ltd
ALB-MOT-0003107,P0002402,363,MOT,BROKER,2018-05-19,2019-05-19,IF,Y,1742.19,1742.19,YO1 6GA,VALID,VALID,Hall & Patel Insurance Services Ltd
ALB-CLB-0001283,P0002405,339,CLB,BROKER,2026-08-16,2027-08-16,IF,Y,5649.74,0.00,B1 1AA,VALID,VALID,Khan & Davies Insurance Services Ltd
ALB-CPM-0003716,P0002406,,CPM,AGGREGATOR,2021-08-18,2022-08-18,RN,Y,9433.11,9433.11,EC1A 1BB,VALID,VALID,Taylor & Murphy Insurance Services Ltd
ALB-HOM-0004058,P0002407,,HOM,DIRECT,2025-09-18,2026-09-18,IF,Y,2420.23,2016.86,RG1 1LX,VALID,VALID,Davies & Taylor Insurance Services Ltd
ALB-CLB-0002142,P0002408,,CLB,BROKER,2018-09-29,2019-09-29,LP,N,8051.34,8051.34,RG1 1LX,VALID,VALID,Green & Patel Insurance Services Ltd
ALB-HOM-0000812,P0002412,,HOM,DIRECT,2019-07-03,2020-07-02,RN,Y,3938.76,3938.76,EC1A 1BB,VALID,VALID,Davies & Hughes Insurance Services Ltd
ALB-TRV-0001655,P0002414,52,TRV,BROKER,2018-02-17,2019-02-17,IF,Y,1590.05,1590.05,B1 1AA,VALID,VALID,Taylor & Wilson Insurance Services Ltd
ALB-CPM-0000191,P0002416,,CPM,BROKER,2020-01-02,2021-01-01,IF,Y,11852.38,11852.38,CF10 1EP,VALID,VALID,Murphy & Johnson Insurance Services Ltd
ALB-TRV-0003784,P0002423,436,TRV,BROKER,2022-02-26,2023-02-26,IF,Y,2736.04,2736.04,G1 1XQ,VALID,VALID,Robinson & Brown Insurance Services Ltd
ALB-CPM-0001422,P0002427,,CPM,DIRECT,2022-01-15,2023-01-15,LP,N,7611.77,7611.77,EC1A 1BB,VALID,VALID,Smith & Brown Insurance Services Ltd
ALB-PET-0004341,P0002428,13,PET,DIRECT,2026-08-19,2027-08-19,LP,N,910.56,0.00,RG1 1LX,VALID,VALID,Khan & Davies Insurance Services Ltd
ALB-TRV-0003438,P0002429,,TRV,AGGREGATOR,2021-10-28,2022-10-28,IF,Y,1500.77,1500.77,CF10 1EP,VALID,VALID,Jones & Baker Insurance Services Ltd
ALB-CPM-0002345,P0002431,28,CPM,AGGREGATOR,2018-11-17,2019-11-17,IF,Y,8371.66,8371.66,RG1 1LX,VALID,VALID,Johnson & Hall Insurance Services Ltd
ALB-HOM-0003919,P0002433,58,HOM,BROKER,2025-06-22,2026-06-22,CN,N,3486.29,3486.29,ZZ99 9ZZ,VALID,VALID,Taylor & Wilson Insurance Services Ltd
ALB-HOM-0002398,P0002440,,HOM,AGGREGATOR,2025-02-21,2026-02-21,RN,Y,3334.66,3334.66,RG1 1LX,VALID,VALID,Williams & Hall Insurance Services Ltd
ALB-CLB-0003520,P0002448,445,CLB,BROKER,2022-05-28,2023-05-28,IF,Y,9671.33,9671.33,CF10 1EP,VALID,VALID,Baker & Brown Insurance Services Ltd
ALB-PET-0004174,P0002460,99,PET,BROKER,2025-05-11,2026-05-11,IF,Y,1915.40,1915.40,G1 1XQ,VALID,VALID,Williams & Hall Insurance Services Ltd
ALB-MOT-0002989,P0002461,,MOT,AGGREGATOR,2022-10-01,2023-10-01,LP,N,1999.55,1999.55,M1 1AE,VALID,VALID,Johnson & Murphy Insurance Services Ltd
ALB-PET-0000250,P0002465,44,PET,DIRECT,2022-09-03,2023-09-03,IF,Y,3667.46,3667.46,CF10 1EP,VALID,VALID,Williams & Hall Insurance Services Ltd
ALB-PET-0003390,P0002471,,PET,AGGREGATOR,2025-08-07,2026-08-07,LP,N,2838.85,2602.28,EC1A 1BB,VALID,VALID,Clarke & Wright Insurance Services Ltd
ALB-CPM-0002652,P0002475,62,CPM,DIRECT,2019-06-04,2020-06-03,EX,N,5535.48,5535.48,LS1 4AP,VALID,VALID,Walker & OBrien Insurance Services Ltd
ALB-TRV-0003190,P0002477,,TRV,DIRECT,2023-04-20,2024-04-19,IF,Y,1851.07,1851.07,RG1 1LX,VALID,VALID,OBrien & Green Insurance Services Ltd
ALB-CLB-0004868,P0002478,,CLB,DIRECT,2021-10-22,2022-10-22,EX,N,6356.31,6356.31,CF10 1EP,VALID,VALID,Baker & Hughes Insurance Services Ltd
ALB-MOT-0004768,P0002481,,MOT,BROKER,2023-08-03,2024-08-02,RN,Y,655.67,655.67,NR1 3QQ,VALID,VALID,Baker & Hughes Insurance Services Ltd
ALB-CPM-0002143,P0002486,180,CPM,DIRECT,2026-12-10,2027-12-10,RN,Y,3624.63,0.00,LS1 4AP,VALID,VALID,Johnson & Hall Insurance Services Ltd
ALB-MOT-0003622,P0002491,300,MOT,DIRECT,2021-02-02,2022-02-02,RN,Y,1532.35,1532.35,EC1A 1BB,VALID,VALID,Wilson & Wright Insurance Services Ltd
ALB-HOM-0002114,P0002495,,HOM,BROKER,2026-11-30,2027-11-30,IF,Y,2018.10,0.00,CF10 1EP,VALID,VALID,Smith & Brown Insurance Services Ltd
ALB-PET-0003467,P0002501,,PET,BROKER,2018-02-11,2019-02-11,CN,N,457.92,457.92,CF10 1EP,VALID,VALID,Williams & Baker Insurance Services Ltd
ALB-CLB-0002837,P0002510,413,CLB,BROKER,2025-01-17,2026-01-17,EX,N,11294.01,11294.01,LS1 4AP,VALID,VALID,Wilson & Wright Insurance Services Ltd
ALB-MOT-0001179,P0002517,,MOT,DIRECT,2022-04-26,2023-04-26,LP,N,3795.52,3795.52,RG1 1LX,VALID,VALID,Clarke & Wright Insurance Services Ltd
ALB-CLB-0003925,P0002523,,CLB,BROKER,2024-08-30,2025-08-30,IF,Y,13148.59,13148.59,EC1A 1BB,VALID,VALID,Davies & Brown Insurance Services Ltd
ALB-CLB-0000538,P0002527,272,CLB,DIRECT,2024-04-10,2025-04-10,EX,N,1913.20,1913.20,BS1 4ST,VALID,VALID,Williams & Baker Insurance Services Ltd
ALB-CLB-0002849,P0002529,397,CLB,BROKER,2026-10-11,2027-10-11,IF,Y,11407.48,0.00,EC1A1BB,INVALID,VALID,Johnson & Murphy Insurance Services Ltd
ALB-HOM-0004184,P0002530,154,HOM,AGGREGATOR,2025-08-18,2026-08-18,RN,Y,859.74,788.09,ZZ99 9ZZ,VALID,VALID,Davies & Davies Insurance Services Ltd
ALB-CLB-0002876,P0002532,179,CLB,AGGREGATOR,2023-10-11,2024-10-10,IF,Y,8295.92,8295.92,LS1 4AP,VALID,VALID,Green & Patel Insurance Services Ltd
ALB-HOM-0001856,P0002535,,HOM,BROKER,2025-11-21,2026-11-21,LP,N,2018.87,1345.91,M1 1AE,VALID,VALID,OBrien & Patel Insurance Services Ltd
ALB-MOT-0004296,P0002540,,MOT,DIRECT,2025-08-05,2026-08-05,IF,Y,4170.00,3822.50,B1 1AA,VALID,VALID,Green & Murphy Insurance Services Ltd
ALB-TRV-0000761,P0002541,,TRV,BROKER,2025-01-11,2026-01-11,LP,N,3869.72,3869.72,B1 1AA,VALID,VALID,Clarke & Wright Insurance Services Ltd
ALB-CLB-0003350,P0002544,391,CLB,AGGREGATOR,2018-11-24,2019-11-24,LP,N,14647.64,14647.64,M1  1AE,INVALID,VALID,Smith & Walker Insurance Services Ltd
ALB-CLB-0002468,P0002545,148,CLB,BROKER,2025-11-20,2026-11-20,RN,Y,735.60,490.40,B1 1AA,VALID,VALID,Hall & Khan Insurance Services Ltd
ALB-CLB-0002816,P0002547,366,CLB,BROKER,2018-08-01,2019-08-01,LP,N,5268.62,5268.62,BS1 4ST,VALID,VALID,Green & Jones Insurance Services Ltd
ALB-PET-0002493,P0002548,197,PET,AGGREGATOR,2026-11-24,2027-11-24,IF,Y,2331.96,0.00,CF10 1EP,VALID,VALID,Clarke & Davies Insurance Services Ltd
ALB-HOM-0002236,P0002549,,HOM,AGGREGATOR,2022-03-29,2023-03-29,IF,Y,3701.74,3701.74,M1 1AE,VALID,VALID,Hall & Hall Insurance Services Ltd
ALB-CPM-0003988,P0002555,,CPM,BROKER,2020-03-17,2021-03-17,LP,N,5357.64,5357.64,EC1A 1BB,VALID,VALID,Walker & OBrien Insurance Services Ltd
ALB-TRV-0000741,P0002556,49,TRV,BROKER,2026-03-30,2027-03-30,RN,Y,3695.07,923.77,BS1 4ST,VALID,VALID,Wilson & OBrien Insurance Services Ltd
ALB-MOT-0002449,P0002557,106,MOT,AGGREGATOR,2019-12-16,2020-12-15,IF,Y,3707.15,3707.15,RG1 1LX,VALID,VALID,Williams & Baker Insurance Services Ltd
ALB-TRV-0001150,P0002559,372,TRV,AGGREGATOR,2020-05-19,2021-05-19,IF,Y,3318.69,3318.69,EC1A 1BB,VALID,VALID,Smith & Walker Insurance Services Ltd
ALB-CPM-0000527,P0002564,129,CPM,AGGREGATOR,2018-05-18,2019-05-18,IF,Y,993.59,993.59,CF10 1EP,VALID,VALID,Smith & Clarke Insurance Services Ltd
ALB-CLB-0004669,P0002565,23,CLB,DIRECT,2021-12-24,2022-12-24,IF,Y,13617.78,13617.78,EC1A 1BB,VALID,VALID,Baker & Hughes Insurance Services Ltd
ALB-CPM-0004674,P0002566,,CPM,DIRECT,2021-09-22,2022-09-22,IF,Y,952.74,952.74,LS1 4AP,VALID,VALID,Brown & Davies Insurance Services Ltd
ALB-MOT-0003406,P0002567,8,MOT,BROKER,2021-10-18,2022-10-18,IF,Y,4028.32,4028.32,B1 1AA,VALID,VALID,Brown & Jones Insurance Services Ltd
ALB-TRV-0002970,P0002570,239,TRV,BROKER,2018-04-11,2019-04-11,IF,Y,3067.53,3067.53,EC1A 1BB,VALID,VALID,Khan & Smith Insurance Services Ltd
ALB-CLB-0001752,P0002571,,CLB,BROKER,2018-08-15,2019-08-15,RN,Y,6156.17,6156.17,YO1 6GA,VALID,VALID,Davies & Davies Insurance Services Ltd
ALB-CPM-0000501,P0002573,,CPM,DIRECT,2025-03-29,2026-03-29,IF,Y,1293.69,1293.69,LS1 4AP,VALID,VALID,Wilson & Wright Insurance Services Ltd
ALB-TRV-0004034,P0002576,,TRV,DIRECT,2025-01-14,2026-01-14,IF,Y,1085.67,1085.67,BS1 4ST,VALID,VALID,Walker & OBrien Insurance Services Ltd
ALB-MOT-0001365,P0002577,266,MOT,DIRECT,2024-08-25,2025-08-25,IF,Y,3203.12,3203.12,B1 1AA,VALID,VALID,Taylor & Murphy Insurance Services Ltd
ALB-PET-0001741,P0002579,,PET,BROKER,2026-06-27,2027-06-27,IF,Y,1801.37,0.00,LS1 4AP,VALID,VALID,Taylor & Johnson Insurance Services Ltd
ALB-HOM-0004274,P0002580,,HOM,BROKER,2022-08-03,2023-08-03,RN,Y,2128.07,2128.07,CF10 1EP,VALID,VALID,Baker & Hughes Insurance Services Ltd
ALB-CPM-0002702,P0002581,212,CPM,DIRECT,2019-10-20,2020-10-19,IF,Y,1322.50,1322.50,M1 1AE,VALID,VALID,Williams & Hall Insurance Services Ltd
ALB-HOM-0000928,P0002582,,HOM,BROKER,2026-05-11,2027-05-11,IF,Y,3947.55,657.93,B1 1AA,VALID,VALID,OBrien & Green Insurance Services Ltd
ALB-PET-0002434,P0002584,31,PET,AGGREGATOR,2023-11-24,2024-11-23,RN,Y,4161.99,4161.99,LS1 4AP,VALID,VALID,Brown & Davies Insurance Services Ltd
ALB-CLB-0001902,P0002586,,CLB,DIRECT,2022-02-20,2023-02-20,RN,Y,5281.34,5281.34,EC1A 1BB,VALID,VALID,Davies & Taylor Insurance Services Ltd
ALB-CLB-0002949,P0002593,402,CLB,BROKER,2022-06-14,2023-06-14,LP,N,13421.77,13421.77,NR1 3QQ,VALID,VALID,Walker & Wright Insurance Services Ltd
ALB-CPM-0000158,P0002608,74,CPM,AGGREGATOR,2018-07-26,2019-07-26,IF,Y,7195.13,7195.13,B1 1AA,VALID,VALID,Green & Murphy Insurance Services Ltd
ALB-CPM-0000147,P0002611,,CPM,DIRECT,2025-04-23,2026-04-23,CN,N,7252.03,7252.03,RG1 1LX,VALID,VALID,Johnson & Murphy Insurance Services Ltd
ALB-HOM-0004316,P0002617,,HOM,DIRECT,2020-12-31,2021-12-31,IF,Y,1609.43,1609.43,YO1 6GA,VALID,VALID,Taylor & Walker Insurance Services Ltd
ALB-TRV-0003660,P0002625,354,TRV,AGGREGATOR,2020-06-01,2021-06-01,IF,Y,1826.29,1826.29,B1 1AA,VALID,VALID,Green & Patel Insurance Services Ltd
ALB-CLB-0001102,P0002626,114,CLB,DIRECT,2018-07-12,2019-07-12,IF,Y,5030.90,5030.90,RG1 1LX,VALID,VALID,Green & Murphy Insurance Services Ltd
ALB-PET-0002520,P0002627,,PET,BROKER,2020-02-15,2021-02-14,RN,Y,2916.98,2916.98,YO1 6GA,VALID,VALID,Brown & Davies Insurance Services Ltd
ALB-HOM-0000718,P0002628,472,HOM,BROKER,2021-01-09,2022-01-09,IF,Y,3049.10,3049.10,YO1 6GA,VALID,VALID,Johnson & Murphy Insurance Services Ltd
ALB-CPM-0002488,P0002629,63,CPM,AGGREGATOR,2026-06-08,2027-06-08,IF,Y,13496.18,1124.68,YO1 6GA,VALID,VALID,Davies & Taylor Insurance Services Ltd
ALB-CLB-0003105,P0002638,,CLB,DIRECT,2026-02-19,2027-02-19,IF,Y,14559.67,6066.53,EC1A 1BB,VALID,VALID,Johnson & Murphy Insurance Services Ltd
ALB-HOM-0004156,P0002646,116,HOM,AGGREGATOR,2026-07-13,2027-07-13,IF,Y,3427.62,0.00,M1  1AE,INVALID,VALID,OBrien & Patel Insurance Services Ltd
ALB-HOM-0002594,P0002648,,HOM,DIRECT,2020-11-21,2021-11-21,RN,Y,2938.89,2938.89,EC1A 1BB,VALID,VALID,Williams & Williams Insurance Services Ltd
ALB-PET-0003773,P0002650,,PET,BROKER,2025-07-18,2026-07-18,IF,Y,4004.93,4004.93,LS1 4AP,VALID,VALID,Hall & Patel Insurance Services Ltd
ALB-CLB-0002655,P0002651,65,CLB,BROKER,2025-04-12,2026-04-12,IF,Y,9077.85,9077.85,EC1A 1BB,VALID,VALID,Taylor & Walker Insurance Services Ltd
ALB-CPM-0003046,P0002652,,CPM,BROKER,2024-07-01,2025-07-01,IF,Y,13156.90,13156.90,B1 1AA,VALID,VALID,Williams & Hall Insurance Services Ltd
ALB-HOM-0001169,P0002656,,HOM,BROKER,2025-09-22,2026-09-22,LP,N,1417.98,1181.65,LS1 4AP,VALID,VALID,Clarke & Wright Insurance Services Ltd
ALB-CPM-0003677,P0002664,,CPM,BROKER,2023-10-15,2024-10-14,IF,Y,5364.23,5364.23,G1 1XQ,VALID,VALID,Robinson & Brown Insurance Services Ltd
ALB-PET-0001548,P0002671,,PET,BROKER,2025-08-01,2026-08-01,EX,N,1127.52,1033.56,LS1 4AP,VALID,VALID,Davies & Hughes Insurance Services Ltd
ALB-CLB-0004597,P0002672,65,CLB,BROKER,2018-07-16,2019-07-16,IF,Y,9332.03,9332.03,G1 1XQ,VALID,VALID,Wilson & Wright Insurance Services Ltd
ALB-PET-0000196,P0002681,,PET,BROKER,2026-04-12,2027-04-12,IF,Y,965.23,241.31,LS1 4AP,VALID,VALID,Davies & Wright Insurance Services Ltd
ALB-CLB-0000468,P0002682,,CLB,BROKER,2022-10-19,2023-10-19,IF,Y,4014.21,4014.21,NR1 3QQ,VALID,VALID,Green & Patel Insurance Services Ltd
ALB-PET-0000102,P0002687,216,PET,DIRECT,2021-10-22,2022-10-22,IF,Y,1420.97,1420.97,M1 1AE,VALID,VALID,Wilson & Johnson Insurance Services Ltd
ALB-PET-0003106,P0002692,,PET,AGGREGATOR,2019-04-10,2020-04-09,EX,N,3841.61,3841.61,BS1 4ST,VALID,VALID,Johnson & Hughes Insurance Services Ltd
ALB-MOT-0002509,P0002693,129,MOT,BROKER,2021-08-26,2022-08-26,CN,N,905.87,905.87,G1 1XQ,VALID,VALID,Brown & Davies Insurance Services Ltd
ALB-MOT-0001094,P0002694,,MOT,BROKER,2019-10-03,2020-10-02,EX,N,219.21,219.21,M1 1AE,VALID,VALID,Khan & Smith Insurance Services Ltd
ALB-CLB-0000550,P0002696,,CLB,AGGREGATOR,2024-09-28,2025-09-28,IF,Y,7472.49,7472.49,EC1A 1BB,VALID,VALID,Khan & Davies Insurance Services Ltd
ALB-CLB-0002378,P0002697,,CLB,BROKER,2023-07-24,2024-07-23,RN,Y,9673.68,9673.68,G1 1XQ,VALID,VALID,Hall & Wright Insurance Services Ltd
ALB-TRV-0002332,P0002698,,TRV,AGGREGATOR,2023-06-25,2024-06-24,CN,N,2480.56,2480.56,RG1 1LX,VALID,VALID,Smith & Davies Insurance Services Ltd
ALB-TRV-0003075,P0002700,,TRV,AGGREGATOR,2024-12-30,2025-12-30,RN,Y,1499.13,1499.13,B1 1AA,VALID,VALID,Davies & Wright Insurance Services Ltd
ALB-PET-0001590,P0002701,327,PET,DIRECT,2024-07-05,2025-07-05,IF,Y,1507.40,1507.40,YO1 6GA,VALID,VALID,Clarke & Davies Insurance Services Ltd
ALB-CPM-0003385,P0002702,,CPM,AGGREGATOR,2026-09-29,2027-09-29,IF,Y,7242.01,0.00,CF10 1EP,VALID,VALID,Patel & Wilson Insurance Services Ltd
ALB-CLB-0002234,P0002708,347,CLB,BROKER,2024-01-15,2025-01-14,RN,Y,13288.94,13288.94,M1 1AE,VALID,VALID,Jones & Baker Insurance Services Ltd
ALB-HOM-0000411,P0002709,472,HOM,DIRECT,2023-03-04,2024-03-03,IF,Y,1845.69,1845.69,BS1 4ST,VALID,VALID,Davies & Hughes Insurance Services Ltd
ALB-HOM-0003480,P0002711,,HOM,BROKER,2022-06-12,2023-06-12,LP,N,3658.45,3658.45,EC1A 1BB,VALID,VALID,Wilson & Wright Insurance Services Ltd
ALB-HOM-0004624,P0002725,,HOM,AGGREGATOR,2026-01-25,2027-01-25,IF,Y,3077.63,1538.81,RG1 1LX,VALID,VALID,OBrien & Patel Insurance Services Ltd
ALB-CPM-0001734,P0002733,,CPM,AGGREGATOR,2023-02-24,2024-02-24,EX,N,4793.42,4793.42,NR1 3QQ,VALID,VALID,Smith & Clarke Insurance Services Ltd
ALB-PET-0002729,P0002741,314,PET,BROKER,2024-10-16,2025-10-16,RN,Y,1479.33,1479.33,CF10 1EP,VALID,VALID,Johnson & Hall Insurance Services Ltd
ALB-PET-0001204,P0002746,,PET,AGGREGATOR,2025-01-10,2026-01-10,IF,Y,1992.88,1992.88,G1 1XQ,VALID,VALID,Murphy & Johnson Insurance Services Ltd
ALB-CPM-0003227,P0002755,,CPM,BROKER,2020-02-03,2021-02-02,IF,Y,9580.55,9580.55,CF10 1EP,VALID,VALID,OBrien & Patel Insurance Services Ltd
ALB-CLB-0003880,P0002762,492,CLB,BROKER,2022-11-17,2023-11-17,RN,Y,3369.62,3369.62,RG1 1LX,VALID,VALID,Patel & Wilson Insurance Services Ltd
ALB-HOM-0003123,P0002763,240,HOM,BROKER,2025-09-08,2026-09-08,RN,Y,1799.16,1499.30,G1 1XQ,VALID,VALID,Williams & Hall Insurance Services Ltd
ALB-CPM-0000635,P0002766,195,CPM,AGGREGATOR,2025-02-10,2026-02-10,IF,Y,11671.38,11671.38,EC1A 1BB,VALID,VALID,Smith & Clarke Insurance Services Ltd
ALB-HOM-0001619,P0002769,160,HOM,BROKER,2018-02-01,2019-02-01,IF,Y,3348.07,3348.07,CF10 1EP,VALID,VALID,Hall & Murphy Insurance Services Ltd
ALB-HOM-0001740,P0002782,241,HOM,BROKER,2020-04-09,2021-04-09,IF,Y,3608.72,3608.72,YO1 6GA,VALID,VALID,Taylor & Wilson Insurance Services Ltd
ALB-TRV-0003491,P0002788,,TRV,DIRECT,2019-01-18,2020-01-18,IF,Y,770.13,770.13,CF10 1EP,VALID,VALID,Johnson & Murphy Insurance Services Ltd
ALB-PET-0000989,P0002796,,PET,BROKER,2021-05-17,2022-05-17,EX,N,1633.73,1633.73,B1 1AA,VALID,VALID,Johnson & Hughes Insurance Services Ltd
ALB-PET-0001381,P0002797,195,PET,BROKER,2019-10-30,2020-10-29,IF,Y,1461.52,1461.52,G1 1XQ,VALID,VALID,Clarke & Wright Insurance Services Ltd
ALB-TRV-0002585,P0002802,126,TRV,BROKER,2023-05-21,2024-05-20,LP,N,926.87,926.87,NR1 3QQ,VALID,VALID,OBrien & Green Insurance Services Ltd
ALB-TRV-0001965,P0002805,,TRV,BROKER,2019-11-20,2020-11-19,IF,Y,1675.85,1675.85,BS1 4ST,VALID,VALID,Taylor & Murphy Insurance Services Ltd
ALB-TRV-0000319,P0002814,,TRV,BROKER,2024-06-25,2025-06-25,CN,N,1101.39,1101.39,M1 1AE,VALID,VALID,Wilson & Wright Insurance Services Ltd
ALB-PET-0004214,P0002822,,PET,AGGREGATOR,2024-06-15,2025-06-15,IF,Y,1182.58,1182.58,EC1A 1BB,VALID,VALID,Hall & Patel Insurance Services Ltd
ALB-CLB-0000696,P0002832,,CLB,BROKER,2025-06-26,2026-06-26,IF,Y,3608.28,3608.28,YO1 6GA,VALID,VALID,Brown & Jones Insurance Services Ltd
ALB-CLB-0000637,P0002834,148,CLB,BROKER,2026-11-20,2027-11-20,CN,N,7762.95,0.00,YO1 6GA,VALID,VALID,Davies & Brown Insurance Services Ltd
ALB-HOM-0000549,P0002835,221,HOM,AGGREGATOR,2020-01-24,2021-01-23,IF,Y,492.94,492.94,B1 1AA,VALID,VALID,Williams & Hall Insurance Services Ltd
ALB-HOM-0003945,P0002836,125,HOM,DIRECT,2022-11-14,2023-11-14,LP,N,3859.64,3859.64,YO1 6GA,VALID,VALID,Baker & Hughes Insurance Services Ltd
ALB-CLB-0004273,P0002837,483,CLB,AGGREGATOR,2025-06-28,2026-06-28,IF,Y,6075.78,6075.78,G1 1XQ,VALID,VALID,Hall & Baker Insurance Services Ltd
ALB-MOT-0000856,P0002840,,MOT,BROKER,2018-09-18,2019-09-18,IF,Y,1471.14,1471.14,EC1A 1BB,VALID,VALID,Murphy & Johnson Insurance Services Ltd
ALB-PET-0001038,P0002843,,PET,BROKER,2018-11-07,2019-11-07,EX,N,503.53,503.53,CF10 1EP,VALID,VALID,Wilson & Johnson Insurance Services Ltd
ALB-TRV-0001338,P0002846,365,TRV,DIRECT,2018-09-25,2019-09-25,EX,N,3977.31,3977.31,LS1 4AP,VALID,VALID,Patel & Clarke Insurance Services Ltd
ALB-CLB-0000240,P0002852,,CLB,DIRECT,2020-10-16,2021-10-16,IF,Y,12325.38,12325.38,YO1 6GA,VALID,VALID,Khan & Smith Insurance Services Ltd
ALB-TRV-0000271,P0002853,,TRV,BROKER,2023-03-10,2024-03-09,IF,Y,3734.72,3734.72,YO1 6GA,VALID,VALID,Williams & Baker Insurance Services Ltd
ALB-HOM-0000893,P0002856,379,HOM,DIRECT,2018-08-28,2019-08-28,IF,Y,1167.19,1167.19,G1 1XQ,VALID,VALID,Wilson & Wright Insurance Services Ltd
ALB-TRV-0000123,P0002859,134,TRV,BROKER,2022-05-16,2023-05-16,IF,Y,1402.61,1402.61,CF10 1EP,VALID,VALID,Baker & Wright Insurance Services Ltd
ALB-TRV-0003494,P0002860,17,TRV,BROKER,2018-02-16,2019-02-16,IF,Y,292.84,292.84,YO1 6GA,VALID,VALID,Wilson & OBrien Insurance Services Ltd
ALB-HOM-0001259,P0002862,,HOM,DIRECT,2022-04-22,2023-04-22,CN,N,3156.30,3156.30,N/A,INVALID,VALID,Hall & Hall Insurance Services Ltd
ALB-CPM-0000419,P0002865,,CPM,DIRECT,2026-04-19,2027-04-19,EX,N,4645.30,1161.33,G1 1XQ,VALID,VALID,Hall & Khan Insurance Services Ltd
ALB-MOT-0000732,P0002867,,MOT,DIRECT,2018-09-08,2019-09-08,IF,Y,2826.98,2826.98,CF10 1EP,VALID,VALID,Taylor & Wilson Insurance Services Ltd
ALB-CLB-0002578,P0002875,305,CLB,AGGREGATOR,2024-02-06,2025-02-05,IF,Y,5459.88,5459.88,N/A,INVALID,VALID,Davies & Hughes Insurance Services Ltd
ALB-CPM-0002760,P0002877,6,CPM,AGGREGATOR,2018-10-02,2019-10-02,IF,Y,12954.57,12954.57,CF10 1EP,VALID,VALID,Wilson & Wright Insurance Services Ltd
ALB-TRV-0001061,P0002880,301,TRV,BROKER,2018-10-15,2019-10-15,IF,Y,3967.30,3967.30,YO1 6GA,VALID,VALID,Hughes & Wright Insurance Services Ltd
ALB-CPM-0004147,P0002884,487,CPM,BROKER,2024-04-23,2025-04-23,IF,Y,13201.54,13201.54,EC1A 1BB,VALID,VALID,Khan & Davies Insurance Services Ltd
ALB-CPM-0000209,P0002898,,CPM,BROKER,2021-07-25,2022-07-25,IF,Y,1030.79,1030.79,M1 1AE,VALID,VALID,Green & Murphy Insurance Services Ltd
ALB-PET-0001691,P0002900,,PET,BROKER,2020-02-28,2021-02-27,LP,N,2830.91,2830.91,N/A,INVALID,VALID,Clarke & Davies Insurance Services Ltd
ALB-MOT-0000317,P0002902,,MOT,BROKER,2018-02-23,2019-02-23,CN,N,3485.33,3485.33,B1 1AA,VALID,VALID,Hall & Wright Insurance Services Ltd
ALB-TRV-0002645,P0002903,188,TRV,DIRECT,2026-08-10,2027-08-10,CN,N,3079.84,0.00,LS1 4AP,VALID,VALID,Williams & Hall Insurance Services Ltd
ALB-PET-0002950,P0002904,,PET,BROKER,2022-01-03,2023-01-03,IF,Y,1675.24,1675.24,M1 1AE,VALID,VALID,Taylor & Walker Insurance Services Ltd
ALB-TRV-0003198,P0002905,,TRV,AGGREGATOR,2020-07-03,2021-07-03,LP,N,3161.36,3161.36,B1 1AA,VALID,VALID,Williams & Baker Insurance Services Ltd
ALB-CPM-0002352,P0002912,,CPM,BROKER,2018-12-12,2019-12-12,IF,Y,10178.19,10178.19,LS1 4AP,VALID,VALID,Taylor & Wilson Insurance Services Ltd
ALB-TRV-0002629,P0002916,129,TRV,AGGREGATOR,2019-08-23,2020-08-22,IF,Y,2933.83,2933.83,YO1 6GA,VALID,VALID,Williams & Baker Insurance Services Ltd
ALB-CLB-0000302,P0002917,,CLB,DIRECT,2021-12-24,2022-12-24,RN,Y,12914.19,12914.19,CF10 1EP,VALID,VALID,Walker & Wright Insurance Services Ltd
ALB-PET-0000575,P0002920,5,PET,AGGREGATOR,2021-05-15,2022-05-15,LP,N,3997.13,3997.13,LS1 4AP,VALID,VALID,Johnson & Murphy Insurance Services Ltd
ALB-PET-0002296,P0002922,,PET,AGGREGATOR,2026-09-27,2027-09-27,IF,Y,1733.30,0.00,G1 1XQ,VALID,VALID,Hall & Murphy Insurance Services Ltd
ALB-CPM-0004016,P0002923,,CPM,DIRECT,2024-12-05,2025-12-05,IF,Y,13870.35,13870.35,LS1 4AP,VALID,VALID,Williams & Baker Insurance Services Ltd
ALB-PET-0002492,P0002925,,PET,BROKER,2021-04-20,2022-04-20,IF,Y,3087.15,3087.15,LS1 4AP,VALID,VALID,Jones & Robinson Insurance Services Ltd
ALB-PET-0002102,P0002926,212,PET,BROKER,2022-06-13,2023-06-13,IF,Y,3295.75,3295.75,M1 1AE,VALID,VALID,Khan & Smith Insurance Services Ltd
ALB-HOM-0001910,P0002927,,HOM,AGGREGATOR,2023-12-29,2024-12-28,EX,N,1117.53,1117.53,B1 1AA,VALID,VALID,Murphy & Johnson Insurance Services Ltd
ALB-TRV-0003056,P0002928,,TRV,AGGREGATOR,2026-11-22,2027-11-22,RN,Y,1069.38,0.00,NR1 3QQ,VALID,VALID,Johnson & Murphy Insurance Services Ltd
ALB-PET-0003195,P0002932,,PET,DIRECT,2023-07-16,2024-07-15,LP,N,2944.68,2944.68,YO1 6GA,VALID,VALID,Davies & Taylor Insurance Services Ltd
ALB-MOT-0003626,P0002938,31,MOT,DIRECT,2020-02-21,2021-02-20,RN,Y,2170.54,2170.54,BS1 4ST,VALID,VALID,Davies & Taylor Insurance Services Ltd
ALB-CPM-0004754,P0002940,125,CPM,BROKER,2024-09-08,2025-09-08,IF,Y,6336.81,6336.81,EC1A 1BB,VALID,VALID,Clarke & Wright Insurance Services Ltd
ALB-MOT-0000776,P0002941,361,MOT,BROKER,2023-05-19,2024-05-18,IF,Y,995.98,995.98,BS1 4ST,VALID,VALID,Brown & Davies Insurance Services Ltd
ALB-CPM-0004853,P0002944,,CPM,BROKER,2023-10-23,2024-10-22,IF,Y,13887.04,13887.04,BS1 4ST,VALID,VALID,Baker & Wright Insurance Services Ltd
ALB-PET-0003686,P0002955,240,PET,BROKER,2021-11-21,2022-11-21,RN,Y,2038.79,2038.79,LS1 4AP,VALID,VALID,Johnson & Hall Insurance Services Ltd
ALB-CPM-0000085,P0002956,274,CPM,AGGREGATOR,2021-02-12,2022-02-12,LP,N,6809.23,6809.23,RG1 1LX,VALID,VALID,Davies & Brown Insurance Services Ltd
ALB-CLB-0002099,P0002960,,CLB,BROKER,2018-07-13,2019-07-13,IF,Y,12833.29,12833.29,YO1 6GA,VALID,VALID,Green & Jones Insurance Services Ltd
ALB-CLB-0001282,P0002967,,CLB,AGGREGATOR,2023-04-04,2024-04-03,CN,N,839.17,839.17,BS1 4ST,VALID,VALID,Baker & Clarke Insurance Services Ltd
ALB-MOT-0002311,P0002970,487,MOT,DIRECT,2022-12-27,2023-12-27,IF,Y,1730.55,1730.55,EC1A 1BB,VALID,VALID,Hall & Brown Insurance Services Ltd
ALB-CLB-0000769,P0002971,1,CLB,BROKER,2022-11-20,2023-11-20,IF,Y,7286.76,7286.76,NR1 3QQ,VALID,VALID,Davies & Davies Insurance Services Ltd
ALB-PET-0001492,P0002976,69,PET,BROKER,2018-02-19,2019-02-19,IF,Y,1393.06,1393.06,M1 1AE,VALID,VALID,Clarke & Davies Insurance Services Ltd
ALB-CPM-0002797,P0002979,380,CPM,BROKER,2023-03-29,2024-03-28,IF,Y,6439.16,6439.16,RG1 1LX,VALID,VALID,Khan & Davies Insurance Services Ltd
ALB-TRV-0002224,P0002983,367,TRV,DIRECT,2023-05-02,2024-05-01,RN,Y,3297.95,3297.95,YO1 6GA,VALID,VALID,Hall & Brown Insurance Services Ltd
ALB-HOM-0004211,P0002984,280,HOM,DIRECT,2018-07-25,2019-07-25,EX,N,2231.00,2231.00,LS1 4AP,VALID,VALID,OBrien & Green Insurance Services Ltd
ALB-PET-0001465,P0002991,,PET,DIRECT,2026-09-14,2027-09-14,LP,N,1239.33,0.00,YO1 6GA,VALID,VALID,Khan & Davies Insurance Services Ltd
ALB-TRV-0003360,P0002992,,TRV,DIRECT,2023-01-05,2024-01-05,EX,N,2401.98,2401.98,B1 1AA,VALID,VALID,Hall & Brown Insurance Services Ltd
ALB-TRV-0002101,P0002994,178,TRV,DIRECT,2023-07-21,2024-07-20,EX,N,2354.20,2354.20,LS1 4AP,VALID,VALID,OBrien & Green Insurance Services Ltd
ALB-CLB-0000629,P0002996,325,CLB,DIRECT,2021-06-24,2022-06-24,IF,Y,8697.87,8697.87,YO1 6GA,VALID,VALID,Hall & Wright Insurance Services Ltd
ALB-TRV-0000162,P0002999,,TRV,BROKER,2021-02-21,2022-02-21,IF,Y,3735.35,3735.35,LS1 4AP,VALID,VALID,Hall & Patel Insurance Services Ltd
ALB-MOT-0002649,P0003002,27,MOT,DIRECT,2026-02-19,2027-02-19,IF,Y,2903.29,1209.70,BS1 4ST,VALID,VALID,Davies & Wright Insurance Services Ltd
ALB-MOT-0001555,P0003006,145,MOT,BROKER,2023-01-02,2024-01-02,IF,Y,1276.07,1276.07,YO1 6GA,VALID,VALID,Baker & Wright Insurance Services Ltd
ALB-HOM-0003297,P0003014,,HOM,AGGREGATOR,2024-10-07,2025-10-07,EX,N,1326.17,1326.17,BS1 4ST,VALID,VALID,Wilson & Johnson Insurance Services Ltd
ALB-TRV-0002137,P0003017,200,TRV,BROKER,2023-09-30,2024-09-29,CN,N,3702.78,3702.78,BS1 4ST,VALID,VALID,Davies & Taylor Insurance Services Ltd
ALB-CLB-0000452,P0003018,187,CLB,BROKER,2026-07-16,2027-07-16,LP,N,1732.41,0.00,BS1 4ST,VALID,VALID,Patel & Clarke Insurance Services Ltd
ALB-CLB-0002563,P0003020,,CLB,AGGREGATOR,2019-11-17,2020-11-16,RN,Y,9085.14,9085.14,RG1 1LX,VALID,VALID,Khan & Davies Insurance Services Ltd
ALB-HOM-0003740,P0003025,333,HOM,AGGREGATOR,2024-12-22,2025-12-22,LP,N,3826.41,3826.41,RG1 1LX,VALID,VALID,Wilson & OBrien Insurance Services Ltd
ALB-MOT-0003030,P0003029,,MOT,AGGREGATOR,2022-07-19,2023-07-19,RN,Y,2034.50,2034.50,M1  1AE,INVALID,VALID,Hall & Baker Insurance Services Ltd
ALB-HOM-0001048,P0003032,,HOM,BROKER,2022-05-29,2023-05-29,RN,Y,1986.67,1986.67,CF10 1EP,VALID,VALID,Hughes & Wright Insurance Services Ltd
ALB-TRV-0003697,P0003034,,TRV,DIRECT,2018-07-16,2019-07-16,IF,Y,588.37,588.37,BS1 4ST,VALID,VALID,Wilson & OBrien Insurance Services Ltd
ALB-CLB-0001361,P0003035,482,CLB,BROKER,2023-01-19,2024-01-19,IF,Y,7879.56,7879.56,NR1 3QQ,VALID,VALID,Brown & Davies Insurance Services Ltd
ALB-PET-0001668,P0003044,,PET,BROKER,2018-07-09,2019-07-09,IF,Y,2227.52,2227.52,CF10 1EP,VALID,VALID,Wilson & Johnson Insurance Services Ltd
ALB-HOM-0004179,P0003045,356,HOM,AGGREGATOR,2018-09-13,2019-09-13,EX,N,882.24,882.24,B1 1AA,VALID,VALID,Hall & Hall Insurance Services Ltd
ALB-TRV-0001154,P0003050,,TRV,AGGREGATOR,2023-01-30,2024-01-30,CN,N,1107.29,1107.29,RG1 1LX,VALID,VALID,Baker & Hughes Insurance Services Ltd
ALB-TRV-0002486,P0003051,259,TRV,BROKER,2018-10-03,2019-10-03,LP,N,3489.62,3489.62,M1 1AE,VALID,VALID,Baker & Wright Insurance Services Ltd
ALB-CPM-0002228,P0003052,,CPM,DIRECT,2024-06-22,2025-06-22,IF,Y,12813.11,12813.11,G1 1XQ,VALID,VALID,Robinson & Brown Insurance Services Ltd
ALB-PET-0002121,P0003054,,PET,BROKER,2022-05-01,2023-05-01,IF,Y,1868.17,1868.17,EC1A 1BB,VALID,VALID,Jones & Robinson Insurance Services Ltd
ALB-CPM-0002008,P0003055,,CPM,BROKER,2023-07-01,2024-06-30,CN,N,4885.91,4885.91,LS1 4AP,VALID,VALID,Smith & Davies Insurance Services Ltd
ALB-CPM-0001774,P0003059,,CPM,DIRECT,2021-08-13,2022-08-13,IF,Y,1684.44,1684.44,CF10 1EP,VALID,VALID,Taylor & Wilson Insurance Services Ltd
ALB-CPM-0002803,P0003063,165,CPM,BROKER,2023-11-10,2024-11-09,CN,N,5087.47,5087.47,B1 1AA,VALID,VALID,Davies & Taylor Insurance Services Ltd
ALB-MOT-0001721,P0003074,480,MOT,BROKER,2022-10-22,2023-10-22,EX,N,3338.23,3338.23,M1 1AE,VALID,VALID,Walker & OBrien Insurance Services Ltd
ALB-PET-0001248,P0003076,,PET,BROKER,2023-03-18,2024-03-17,LP,N,211.17,211.17,G1 1XQ,VALID,VALID,Walker & Wright Insurance Services Ltd
ALB-CPM-0001952,P0003078,262,CPM,BROKER,2021-03-23,2022-03-23,CN,N,4682.43,4682.43,LS1 4AP,VALID,VALID,Johnson & Hughes Insurance Services Ltd
ALB-HOM-0002613,P0003081,393,HOM,BROKER,2024-09-08,2025-09-08,IF,Y,187.01,187.01,N/A,INVALID,VALID,Clarke & Wright Insurance Services Ltd
ALB-CPM-0002515,P0003082,,CPM,DIRECT,2019-10-22,2020-10-21,IF,Y,13661.51,13661.51,LS1 4AP,VALID,VALID,Khan & Davies Insurance Services Ltd
ALB-CLB-0002286,P0003084,,CLB,DIRECT,2020-09-25,2021-09-25,LP,N,14345.27,14345.27,B1 1AA,VALID,VALID,Smith & Davies Insurance Services Ltd
ALB-HOM-0000339,P0003088,,HOM,BROKER,2024-02-09,2025-02-08,IF,Y,2065.86,2065.86,RG1 1LX,VALID,VALID,Hall & Wright Insurance Services Ltd
ALB-MOT-0003337,P0003090,461,MOT,BROKER,2025-12-31,2026-12-31,RN,Y,3473.47,1736.74,LS1 4AP,VALID,VALID,Williams & Baker Insurance Services Ltd
ALB-CLB-0000118,P0003091,,CLB,BROKER,2018-12-21,2019-12-21,IF,Y,5985.74,5985.74,M1 1AE,VALID,VALID,Smith & Davies Insurance Services Ltd
ALB-CLB-0001429,P0003097,105,CLB,BROKER,2020-05-28,2021-05-28,CN,N,4544.23,4544.23,RG1 1LX,VALID,VALID,Patel & Clarke Insurance Services Ltd
ALB-CPM-0000089,P0003098,,CPM,BROKER,2023-12-28,2024-12-27,LP,N,6172.23,6172.23,NR1 3QQ,VALID,VALID,Johnson & Murphy Insurance Services Ltd
ALB-MOT-0001054,P0003100,,MOT,DIRECT,2019-12-16,2020-12-15,IF,Y,1527.32,1527.32,CF10 1EP,VALID,VALID,Murphy & Johnson Insurance Services Ltd
ALB-PET-0000624,P0003101,,PET,DIRECT,2019-03-09,2020-03-08,RN,Y,2645.64,2645.64,CF10 1EP,VALID,VALID,Davies & Hughes Insurance Services Ltd
ALB-PET-0001679,P0003103,,PET,BROKER,2020-12-01,2021-12-01,LP,N,2194.01,2194.01,G1 1XQ,VALID,VALID,Baker & Wright Insurance Services Ltd
ALB-CLB-0003802,P0003104,87,CLB,BROKER,2026-02-06,2027-02-06,EX,N,12449.39,5187.25,B1 1AA,VALID,VALID,Walker & Wright Insurance Services Ltd
ALB-CLB-0002382,P0003107,,CLB,DIRECT,2024-01-02,2025-01-01,IF,Y,13052.54,13052.54,,INVALID,VALID,Taylor & Johnson Insurance Services Ltd
ALB-CPM-0002697,P0003115,186,CPM,BROKER,2020-02-18,2021-02-17,LP,N,6645.74,6645.74,G1 1XQ,VALID,VALID,Johnson & Hall Insurance Services Ltd
ALB-CLB-0001119,P0003117,,CLB,BROKER,2026-01-04,2027-01-04,EX,N,12270.59,6135.29,B1 1AA,VALID,VALID,Davies & Green Insurance Services Ltd
ALB-PET-0002758,P0003120,,PET,BROKER,2019-10-08,2020-10-07,IF,Y,2892.31,2892.31,RG1 1LX,VALID,VALID,Baker & Hughes Insurance Services Ltd
ALB-CPM-0001320,P0003131,,CPM,BROKER,2018-12-21,2019-12-21,IF,Y,3814.99,3814.99,M1  1AE,INVALID,VALID,Wilson & Johnson Insurance Services Ltd
ALB-CPM-0002430,P0003133,,CPM,BROKER,2022-07-04,2023-07-04,IF,Y,8282.70,8282.70,,INVALID,VALID,Williams & Baker Insurance Services Ltd
ALB-MOT-0000051,P0003139,214,MOT,BROKER,2019-05-17,2020-05-16,IF,Y,3772.62,3772.62,CF10 1EP,VALID,VALID,Robinson & Brown Insurance Services Ltd
ALB-PET-0003124,P0003141,,PET,BROKER,2026-10-04,2027-10-04,IF,Y,2161.61,0.00,M1 1AE,VALID,VALID,Hall & Hall Insurance Services Ltd
ALB-TRV-0003557,P0003143,,TRV,BROKER,2021-10-25,2022-10-25,IF,Y,3631.27,3631.27,M1 1AE,VALID,VALID,Hall & Patel Insurance Services Ltd
ALB-PET-0000133,P0003149,,PET,DIRECT,2020-05-22,2021-05-22,IF,Y,853.66,853.66,B1 1AA,VALID,VALID,Patel & Taylor Insurance Services Ltd
ALB-PET-0000333,P0003152,322,PET,BROKER,2020-02-07,2021-02-06,IF,Y,2802.31,2802.31,BS1 4ST,VALID,VALID,Davies & Taylor Insurance Services Ltd
ALB-CLB-0001924,P0003161,,CLB,AGGREGATOR,2021-04-18,2022-04-18,LP,N,12432.15,12432.15,NR1 3QQ,VALID,VALID,Taylor & Wilson Insurance Services Ltd
ALB-TRV-0001944,P0003163,,TRV,BROKER,2021-10-06,2022-10-06,IF,Y,3662.62,3662.62,YO1 6GA,VALID,VALID,Baker & Wright Insurance Services Ltd
ALB-CLB-0001206,P0003169,,CLB,DIRECT,2018-06-29,2019-06-29,IF,Y,1337.74,1337.74,RG1 1LX,VALID,VALID,Khan & Davies Insurance Services Ltd
ALB-CPM-0002695,P0003171,,CPM,DIRECT,2026-05-08,2027-05-08,EX,N,3259.92,543.32,CF10 1EP,VALID,VALID,Hughes & Wright Insurance Services Ltd
ALB-HOM-0000533,P0003179,,HOM,BROKER,2020-07-20,2021-07-20,RN,Y,3762.49,3762.49,B1 1AA,VALID,VALID,Khan & Smith Insurance Services Ltd
ALB-TRV-0000091,P0003183,216,TRV,BROKER,2025-11-19,2026-11-19,RN,Y,3992.69,2661.79,M1 1AE,VALID,VALID,Jones & Baker Insurance Services Ltd
ALB-TRV-0003322,P0003188,80,TRV,DIRECT,2023-07-26,2024-07-25,EX,N,4124.26,4124.26,EC1A 1BB,VALID,VALID,OBrien & Patel Insurance Services Ltd
ALB-PET-0000237,P0003191,,PET,DIRECT,2018-08-26,2019-08-26,IF,Y,441.80,441.80,CF10 1EP,VALID,VALID,Davies & Davies Insurance Services Ltd
ALB-HOM-0002889,P0003193,,HOM,BROKER,2019-11-16,2020-11-15,IF,Y,3815.29,3815.29,NR1 3QQ,VALID,VALID,Davies & Hughes Insurance Services Ltd
ALB-PET-0004440,P0003199,,PET,BROKER,2024-09-11,2025-09-11,CN,N,3491.27,3491.27,RG1 1LX,VALID,VALID,Baker & Hughes Insurance Services Ltd
ALB-CLB-0000702,P0002052,,CLB,AGGREGATOR,2023-06-24,2024-06-23,IF,Y,2400.46,2400.46,M1 1AE,VALID,VALID,Hughes & Wright Insurance Services Ltd
ALB-PET-0001205,P0002054,221,PET,AGGREGATOR,2021-08-16,2022-08-16,IF,Y,2261.00,2261.00,LS1 4AP,VALID,VALID,Clarke & Wright Insurance Services Ltd
ALB-PET-0001788,P0002064,,PET,DIRECT,2022-12-13,2023-12-13,IF,Y,4141.05,4141.05,BS1 4ST,VALID,VALID,Hall & Brown Insurance Services Ltd
ALB-CLB-0001737,P0002074,297,CLB,DIRECT,2018-09-18,2019-09-18,IF,Y,10775.93,10775.93,BS1 4ST,VALID,VALID,Green & Murphy Insurance Services Ltd
ALB-CPM-0000190,P0002082,290,CPM,DIRECT,2023-06-07,2024-06-06,CN,N,2908.42,2908.42,LS1 4AP,VALID,VALID,Baker & Clarke Insurance Services Ltd
ALB-HOM-0002993,P0002092,,HOM,BROKER,2018-02-09,2019-02-09,IF,Y,2767.75,2767.75,LS1 4AP,VALID,VALID,Clarke & Wright Insurance Services Ltd
ALB-CPM-0002476,P0002095,216,CPM,AGGREGATOR,2020-11-23,2021-11-23,LP,N,14124.51,14124.51,EC1A 1BB,VALID,VALID,Green & Murphy Insurance Services Ltd
ALB-CLB-0000435,P0002096,,CLB,DIRECT,2021-08-07,2022-08-07,LP,N,12221.84,12221.84,BS1 4ST,VALID,VALID,Hall & Baker Insurance Services Ltd
ALB-CLB-0003218,P0002102,,CLB,BROKER,2023-05-10,2024-05-09,LP,N,14232.41,14232.41,CF10 1EP,VALID,VALID,Wilson & OBrien Insurance Services Ltd
ALB-MOT-0001530,P0002115,,MOT,BROKER,2025-01-29,2026-01-29,IF,Y,2755.79,2755.79,BS1 4ST,VALID,VALID,Smith & Clarke Insurance Services Ltd
ALB-PET-0001665,P0002133,,PET,BROKER,2019-09-16,2020-09-15,IF,Y,3809.44,3809.44,M1 1AE,VALID,VALID,Taylor & Johnson Insurance Services Ltd
ALB-TRV-0000509,P0002137,,TRV,DIRECT,2020-12-28,2021-12-28,RN,Y,2353.95,2353.95,BS1 4ST,VALID,VALID,Hall & Brown Insurance Services Ltd
ALB-CLB-0000498,P0002140,383,CLB,BROKER,2025-05-15,2026-05-15,IF,Y,5379.99,5379.99,NR1 3QQ,VALID,VALID,Wilson & Johnson Insurance Services Ltd
ALB-HOM-0000801,P0002142,,HOM,DIRECT,2026-02-26,2027-02-26,IF,Y,2039.58,679.86,B1 1AA,VALID,VALID,Johnson & Hughes Insurance Services Ltd
ALB-CPM-0001795,P0002150,274,CPM,DIRECT,2019-11-16,2020-11-15,IF,Y,6974.98,6974.98,EC1A 1BB,VALID,VALID,Hall & Wright Insurance Services Ltd
ALB-CLB-0000348,P0002157,,CLB,BROKER,2022-05-25,2023-05-25,IF,Y,6045.93,6045.93,M1 1AE,VALID,VALID,Jones & Baker Insurance Services Ltd
ALB-CLB-0003487,P0002181,87,CLB,AGGREGATOR,2020-12-14,2021-12-14,IF,Y,14040.96,14040.96,N/A,INVALID,VALID,Williams & Hall Insurance Services Ltd
ALB-MOT-0000112,P0002191,,MOT,BROKER,2018-08-04,2019-08-04,IF,Y,1372.97,1372.97,YO1 6GA,VALID,VALID,Wilson & OBrien Insurance Services Ltd
ALB-PET-0001268,P0002194,418,PET,AGGREGATOR,2020-03-11,2021-03-11,CN,N,1883.34,1883.34,LS1 4AP,VALID,VALID,Davies & Davies Insurance Services Ltd
ALB-TRV-0001939,P0002208,312,TRV,BROKER,2026-07-13,2027-07-13,RN,Y,829.31,0.00,LS1 4AP,VALID,VALID,Baker & Hughes Insurance Services Ltd
ALB-HOM-0001987,P0002212,,HOM,DIRECT,2020-07-31,2021-07-31,CN,N,1090.56,1090.56,LS1 4AP,VALID,VALID,Baker & Williams Insurance Services Ltd
ALB-HOM-0000571,P0002235,474,HOM,AGGREGATOR,2019-07-22,2020-07-21,IF,Y,554.56,554.56,YO1 6GA,VALID,VALID,Davies & Wright Insurance Services Ltd
ALB-CLB-0001293,P0002236,,CLB,BROKER,2019-02-21,2020-02-21,CN,N,6566.45,6566.45,YO1 6GA,VALID,VALID,Baker & Williams Insurance Services Ltd
ALB-PET-0000647,P0002237,402,PET,DIRECT,2024-01-26,2025-01-25,LP,N,2141.72,2141.72,B1 1AA,VALID,VALID,Smith & Brown Insurance Services Ltd
ALB-CLB-0003742,P0002240,117,CLB,BROKER,2021-01-26,2022-01-26,IF,Y,4256.51,4256.51,ZZ99 9ZZ,VALID,VALID,Smith & Walker Insurance Services Ltd
ALB-HOM-0000745,P0002257,218,HOM,AGGREGATOR,2020-05-25,2021-05-25,IF,Y,3294.06,3294.06,EC1A 1BB,VALID,VALID,Davies & Hughes Insurance Services Ltd
ALB-MOT-0001805,P0002270,293,MOT,DIRECT,2021-11-12,2022-11-12,RN,Y,3406.49,3406.49,EC1A 1BB,VALID,VALID,Taylor & Wilson Insurance Services Ltd
ALB-CPM-0000813,P0002272,,CPM,DIRECT,2021-02-28,2022-02-28,LP,N,4965.71,4965.71,M1 1AE,VALID,VALID,Patel & Taylor Insurance Services Ltd
ALB-CPM-0002082,P0002280,,CPM,DIRECT,2018-03-17,2019-03-17,IF,Y,13385.10,13385.10,G1 1XQ,VALID,VALID,Davies & Green Insurance Services Ltd
ALB-CPM-0001874,P0002286,,CPM,BROKER,2024-04-03,2025-04-03,RN,Y,7291.29,7291.29,RG1 1LX,VALID,VALID,Davies & Wright Insurance Services Ltd
ALB-CLB-0002665,P0002289,428,CLB,AGGREGATOR,2018-10-03,2019-10-03,RN,Y,14120.26,14120.26,LS1 4AP,VALID,VALID,Wilson & Wright Insurance Services Ltd
ALB-PET-0004542,P0002297,,PET,DIRECT,2021-01-11,2022-01-11,RN,Y,2022.47,2022.47,G1 1XQ,VALID,VALID,Hall & Murphy Insurance Services Ltd
ALB-CPM-0000478,P0002298,,CPM,AGGREGATOR,2020-01-08,2021-01-07,RN,Y,13238.36,13238.36,G1 1XQ,VALID,VALID,Brown & Davies Insurance Services Ltd
ALB-CLB-0000404,P0002302,226,CLB,BROKER,2023-02-28,2024-02-28,IF,Y,2286.18,2286.18,YO1 6GA,VALID,VALID,Davies & Wright Insurance Services Ltd
ALB-CLB-0000132,P0002315,456,CLB,DIRECT,2023-06-02,2024-06-01,IF,Y,5546.64,5546.64,RG1 1LX,VALID,VALID,Baker & Williams Insurance Services Ltd
ALB-PET-0001521,P0002335,,PET,DIRECT,2019-10-23,2020-10-22,EX,N,4142.30,4142.30,LS1 4AP,VALID,VALID,Hall & Patel Insurance Services Ltd
ALB-HOM-0000146,P0002340,,HOM,BROKER,2023-01-07,2024-01-07,IF,Y,860.96,860.96,G1 1XQ,VALID,VALID,Hall & Khan Insurance Services Ltd
ALB-PET-0001501,P0002349,,PET,BROKER,2024-06-11,2025-06-11,RN,Y,3850.98,3850.98,EC1A 1BB,VALID,VALID,OBrien & Patel Insurance Services Ltd
ALB-MOT-0003924,P0002358,,MOT,BROKER,2025-02-25,2026-02-25,IF,Y,2728.02,2728.02,RG1 1LX,VALID,VALID,Davies & Taylor Insurance Services Ltd
ALB-TRV-0001784,P0002365,75,TRV,DIRECT,2018-06-16,2019-06-16,RN,Y,1933.36,1933.36,CF10 1EP,VALID,VALID,Baker & Hughes Insurance Services Ltd
ALB-HOM-0003177,P0002368,,HOM,DIRECT,2023-04-05,2024-04-04,IF,Y,2272.47,2272.47,G1 1XQ,VALID,VALID,Hall & Wright Insurance Services Ltd
ALB-CLB-0001459,P0002372,,CLB,DIRECT,2022-09-16,2023-09-16,RN,Y,8844.54,8844.54,NR1 3QQ,VALID,VALID,Baker & Hughes Insurance Services Ltd
ALB-HOM-0000924,P0002408,,HOM,BROKER,2018-04-19,2019-04-19,IF,Y,1489.45,1489.45,RG1 1LX,VALID,VALID,Baker & Clarke Insurance Services Ltd
ALB-PET-0001557,P0002410,493,PET,AGGREGATOR,2025-07-13,2026-07-13,LP,N,2454.33,2454.33,YO1 6GA,VALID,VALID,Baker & Wright Insurance Services Ltd
ALB-MOT-0000145,P0002421,388,MOT,AGGREGATOR,2024-03-10,2025-03-10,RN,Y,3394.74,3394.74,RG1 1LX,VALID,VALID,Robinson & Brown Insurance Services Ltd
ALB-TRV-0001643,P0002429,,TRV,BROKER,2023-08-12,2024-08-11,IF,Y,1819.58,1819.58,CF10 1EP,VALID,VALID,Davies & Green Insurance Services Ltd
ALB-HOM-0000911,P0002431,28,HOM,AGGREGATOR,2021-12-31,2022-12-31,EX,N,509.67,509.67,RG1 1LX,VALID,VALID,Davies & Davies Insurance Services Ltd
ALB-TRV-0001490,P0002448,445,TRV,DIRECT,2021-07-16,2022-07-16,EX,N,2031.54,2031.54,CF10 1EP,VALID,VALID,Williams & Hall Insurance Services Ltd
ALB-MOT-0002388,P0002461,,MOT,BROKER,2018-11-05,2019-11-05,IF,Y,514.91,514.91,M1 1AE,VALID,VALID,Taylor & Wilson Insurance Services Ltd
ALB-CPM-0002544,P0002464,,CPM,BROKER,2026-09-20,2027-09-20,IF,Y,2848.14,0.00,CF10 1EP,VALID,VALID,Patel & Clarke Insurance Services Ltd
ALB-CLB-0001141,P0002471,,CLB,BROKER,2019-10-10,2020-10-09,EX,N,10966.01,10966.01,EC1A 1BB,VALID,VALID,Robinson & Brown Insurance Services Ltd
ALB-PET-0001765,P0002478,,PET,BROKER,2022-09-03,2023-09-03,LP,N,527.56,527.56,CF10 1EP,VALID,VALID,Green & Jones Insurance Services Ltd
ALB-HOM-0003724,P0002481,,HOM,DIRECT,2026-03-29,2027-03-29,RN,Y,908.22,227.05,NR1 3QQ,VALID,VALID,Hall & Hall Insurance Services Ltd
ALB-MOT-0001756,P0002488,183,MOT,AGGREGATOR,2022-03-28,2023-03-28,EX,N,3299.69,3299.69,,INVALID,VALID,Green & Patel Insurance Services Ltd
ALB-PET-0001043,P0002499,430,PET,DIRECT,2023-10-09,2024-10-08,IF,Y,3415.70,3415.70,LS1 4AP,VALID,VALID,Hall & Wright Insurance Services Ltd
ALB-MOT-0002067,P0002501,,MOT,DIRECT,2023-01-04,2024-01-04,IF,Y,680.01,680.01,CF10 1EP,VALID,VALID,Williams & Baker Insurance Services Ltd
ALB-CPM-0001046,P0002507,,CPM,DIRECT,2024-04-25,2025-04-25,IF,Y,5949.48,5949.48,N/A,INVALID,VALID,Khan & Davies Insurance Services Ltd
ALB-CLB-0000461,P0002517,,CLB,AGGREGATOR,2019-05-21,2020-05-20,RN,Y,10521.64,10521.64,RG1 1LX,VALID,VALID,Williams & Baker Insurance Services Ltd
ALB-TRV-0001447,P0002519,,TRV,DIRECT,2022-08-12,2023-08-12,RN,Y,2021.26,2021.26,LS1 4AP,VALID,VALID,Williams & Hall Insurance Services Ltd
ALB-CPM-0003521,P0002523,,CPM,DIRECT,2023-08-19,2024-08-18,IF,Y,2931.37,2931.37,EC1A 1BB,VALID,VALID,Taylor & Murphy Insurance Services Ltd
ALB-MOT-0000951,P0002529,397,MOT,BROKER,2026-05-16,2027-05-16,RN,Y,3423.40,570.57,EC1A1BB,INVALID,VALID,Davies & Taylor Insurance Services Ltd
ALB-PET-0003624,P0002530,154,PET,BROKER,2023-01-16,2024-01-16,IF,Y,2163.85,2163.85,ZZ99 9ZZ,VALID,VALID,Johnson & Murphy Insurance Services Ltd
ALB-TRV-0002661,P0002532,179,TRV,BROKER,2019-05-18,2020-05-17,RN,Y,2282.18,2282.18,LS1 4AP,VALID,VALID,Williams & Baker Insurance Services Ltd
ALB-CLB-0002907,P0002544,391,CLB,BROKER,2023-06-21,2024-06-20,IF,Y,10339.90,10339.90,M1  1AE,INVALID,VALID,Walker & OBrien Insurance Services Ltd
ALB-CLB-0001755,P0002547,366,CLB,AGGREGATOR,2019-08-04,2020-08-03,IF,Y,3777.59,3777.59,BS1 4ST,VALID,VALID,Smith & Walker Insurance Services Ltd
ALB-HOM-0000712,P0002556,49,HOM,BROKER,2026-02-18,2027-02-18,LP,N,1487.47,619.78,BS1 4ST,VALID,VALID,Clarke & Davies Insurance Services Ltd
ALB-TRV-0001229,P0002557,106,TRV,DIRECT,2024-05-28,2025-05-28,IF,Y,2699.59,2699.59,RG1 1LX,VALID,VALID,Johnson & Hall Insurance Services Ltd
ALB-TRV-0003720,P0002565,23,TRV,BROKER,2022-04-12,2023-04-12,RN,Y,1336.83,1336.83,EC1A 1BB,VALID,VALID,Williams & Baker Insurance Services Ltd
ALB-TRV-0002272,P0002567,8,TRV,DIRECT,2018-09-29,2019-09-29,CN,N,1826.02,1826.02,B1 1AA,VALID,VALID,Baker & Hughes Insurance Services Ltd
ALB-MOT-0000076,P0002568,,MOT,BROKER,2020-09-04,2021-09-04,RN,Y,2897.38,2897.38,EC1A 1BB,VALID,VALID,Brown & Jones Insurance Services Ltd
ALB-CLB-0000728,P0002569,329,CLB,AGGREGATOR,2020-09-03,2021-09-03,IF,Y,1768.61,1768.61,RG1 1LX,VALID,VALID,Davies & Hughes Insurance Services Ltd
ALB-PET-0002552,P0002576,,PET,DIRECT,2025-01-31,2026-01-31,CN,N,2014.24,2014.24,BS1 4ST,VALID,VALID,Taylor & Walker Insurance Services Ltd
ALB-CPM-0000256,P0002583,497,CPM,DIRECT,2022-09-07,2023-09-07,EX,N,1624.12,1624.12,LS1 4AP,VALID,VALID,Brown & Davies Insurance Services Ltd
ALB-MOT-0001112,P0002584,31,MOT,BROKER,2019-08-08,2020-08-07,RN,Y,1093.73,1093.73,LS1 4AP,VALID,VALID,Hall & Murphy Insurance Services Ltd
ALB-PET-0000648,P0002586,,PET,DIRECT,2024-07-27,2025-07-27,IF,Y,1209.52,1209.52,EC1A 1BB,VALID,VALID,Green & Murphy Insurance Services Ltd
ALB-CPM-0002042,P0002610,,CPM,BROKER,2020-04-20,2021-04-20,CN,N,9430.72,9430.72,NR1 3QQ,VALID,VALID,Davies & Wright Insurance Services Ltd
ALB-MOT-0003251,P0002625,354,MOT,BROKER,2024-10-07,2025-10-07,IF,Y,284.01,284.01,B1 1AA,VALID,VALID,Williams & Williams Insurance Services Ltd
ALB-MOT-0001125,P0002627,,MOT,BROKER,2026-02-05,2027-02-05,IF,Y,3666.23,1527.60,YO1 6GA,VALID,VALID,Brown & Jones Insurance Services Ltd
ALB-HOM-0000321,P0002629,63,HOM,BROKER,2024-03-13,2025-03-13,IF,Y,1629.69,1629.69,YO1 6GA,VALID,VALID,Taylor & Wilson Insurance Services Ltd
ALB-MOT-0003054,P0002637,211,MOT,BROKER,2024-06-18,2025-06-18,RN,Y,1274.77,1274.77,M1 1AE,VALID,VALID,Patel & Taylor Insurance Services Ltd
ALB-PET-0002431,P0002644,,PET,DIRECT,2022-08-17,2023-08-17,RN,Y,3085.00,3085.00,EC1A 1BB,VALID,VALID,Jones & Robinson Insurance Services Ltd
ALB-TRV-0000654,P0002654,247,TRV,AGGREGATOR,2018-05-13,2019-05-13,IF,Y,947.02,947.02,M1  1AE,INVALID,VALID,Davies & Taylor Insurance Services Ltd
ALB-CLB-0001016,P0002657,,CLB,BROKER,2021-01-25,2022-01-25,EX,N,13169.91,13169.91,CF10 1EP,VALID,VALID,Patel & Wilson Insurance Services Ltd
ALB-TRV-0000372,P0002659,,TRV,BROKER,2018-07-03,2019-07-03,IF,Y,373.25,373.25,M1 1AE,VALID,VALID,Taylor & Wilson Insurance Services Ltd
ALB-MOT-0000600,P0002669,99,MOT,DIRECT,2018-05-27,2019-05-27,IF,Y,1593.02,1593.02,EC1A 1BB,VALID,VALID,Clarke & Davies Insurance Services Ltd
ALB-CPM-0002233,P0002675,,CPM,AGGREGATOR,2019-01-27,2020-01-27,IF,Y,1407.20,1407.20,M1 1AE,VALID,VALID,Patel & Wilson Insurance Services Ltd
ALB-CLB-0000710,P0002698,,CLB,BROKER,2021-01-19,2022-01-19,LP,N,8255.52,8255.52,RG1 1LX,VALID,VALID,Clarke & Davies Insurance Services Ltd
ALB-HOM-0000109,P0002700,,HOM,BROKER,2023-04-13,2024-04-12,LP,N,4185.50,4185.50,B1 1AA,VALID,VALID,Baker & Brown Insurance Services Ltd
ALB-CPM-0002641,P0002702,,CPM,BROKER,2022-07-24,2023-07-24,RN,Y,6679.86,6679.86,CF10 1EP,VALID,VALID,Johnson & Hall Insurance Services Ltd
ALB-PET-0000913,P0002708,347,PET,BROKER,2020-07-26,2021-07-26,IF,Y,2985.97,2985.97,M1 1AE,VALID,VALID,Johnson & Murphy Insurance Services Ltd
ALB-CPM-0001782,P0002719,,CPM,DIRECT,2023-01-14,2024-01-14,IF,Y,14460.92,14460.92,G1 1XQ,VALID,VALID,Davies & Davies Insurance Services Ltd
ALB-PET-0000345,P0002733,,PET,AGGREGATOR,2020-08-20,2021-08-20,CN,N,2727.84,2727.84,NR1 3QQ,VALID,VALID,Green & Patel Insurance Services Ltd
ALB-HOM-0000606,P0002735,,HOM,DIRECT,2025-01-28,2026-01-28,RN,Y,1163.10,1163.10,BS1 4ST,VALID,VALID,Hall & Wright Insurance Services Ltd
ALB-HOM-0004748,P0002739,289,HOM,DIRECT,2021-01-21,2022-01-21,IF,Y,574.93,574.93,M1 1AE,VALID,VALID,Johnson & Hughes Insurance Services Ltd
ALB-MOT-0001026,P0002742,469,MOT,BROKER,2023-08-28,2024-08-27,LP,N,2057.09,2057.09,EC1A 1BB,VALID,VALID,Clarke & Davies Insurance Services Ltd
ALB-HOM-0000892,P0002755,,HOM,DIRECT,2026-12-11,2027-12-11,RN,Y,3731.09,0.00,CF10 1EP,VALID,VALID,Smith & Davies Insurance Services Ltd
ALB-CLB-0001095,P0002762,492,CLB,BROKER,2024-06-19,2025-06-19,EX,N,2782.42,2782.42,RG1 1LX,VALID,VALID,Wilson & Wright Insurance Services Ltd
ALB-CLB-0002425,P0002763,240,CLB,AGGREGATOR,2019-07-20,2020-07-19,EX,N,6946.60,6946.60,G1 1XQ,VALID,VALID,Brown & Jones Insurance Services Ltd
ALB-HOM-0001035,P0002769,160,HOM,AGGREGATOR,2026-04-09,2027-04-09,RN,Y,3498.45,874.61,CF10 1EP,VALID,VALID,Smith & Davies Insurance Services Ltd
ALB-CLB-0003681,P0002770,,CLB,DIRECT,2023-09-28,2024-09-27,EX,N,2593.33,2593.33,NR1 3QQ,VALID,VALID,Patel & Taylor Insurance Services Ltd
ALB-PET-0001559,P0002788,,PET,AGGREGATOR,2020-07-25,2021-07-25,CN,N,4071.94,4071.94,CF10 1EP,VALID,VALID,Clarke & Wright Insurance Services Ltd
ALB-TRV-0003170,P0002803,,TRV,BROKER,2022-06-26,2023-06-26,EX,N,2475.82,2475.82,NR1 3QQ,VALID,VALID,Davies & Davies Insurance Services Ltd
ALB-CPM-0001680,P0002807,210,CPM,BROKER,2024-06-20,2025-06-20,RN,Y,10423.49,10423.49,BS1 4ST,VALID,VALID,Davies & Brown Insurance Services Ltd
ALB-CLB-0004057,P0002817,,CLB,BROKER,2024-08-17,2025-08-17,IF,Y,2219.35,2219.35,YO1 6GA,VALID,VALID,Taylor & Murphy Insurance Services Ltd
ALB-CPM-0000026,P0002832,,CPM,DIRECT,2023-03-25,2024-03-24,IF,Y,3286.13,3286.13,YO1 6GA,VALID,VALID,Davies & Taylor Insurance Services Ltd
ALB-HOM-0003112,P0002839,,HOM,DIRECT,2019-03-23,2020-03-22,IF,Y,2521.24,2521.24,M1 1AE,VALID,VALID,Green & Murphy Insurance Services Ltd
ALB-TRV-0001510,P0002845,,TRV,BROKER,2020-01-01,2020-12-31,IF,Y,1092.51,1092.51,G1 1XQ,VALID,VALID,Johnson & Murphy Insurance Services Ltd
ALB-TRV-0003229,P0002860,17,TRV,BROKER,2021-04-01,2022-04-01,IF,Y,1964.28,1964.28,YO1 6GA,VALID,VALID,Hall & Patel Insurance Services Ltd
ALB-TRV-0000045,P0002867,,TRV,BROKER,2019-07-05,2020-07-04,EX,N,1699.69,1699.69,CF10 1EP,VALID,VALID,Baker & Hughes Insurance Services Ltd
ALB-TRV-0002149,P0002875,305,TRV,BROKER,2019-08-11,2020-08-10,RN,Y,1520.87,1520.87,N/A,INVALID,VALID,Baker & Hughes Insurance Services Ltd
ALB-MOT-0003266,P0002884,487,MOT,BROKER,2026-10-19,2027-10-19,IF,Y,2608.49,0.00,EC1A 1BB,VALID,VALID,Robinson & Brown Insurance Services Ltd
ALB-TRV-0003758,P0002887,101,TRV,BROKER,2026-07-06,2027-07-06,RN,Y,1794.93,0.00,NR1 3QQ,VALID,VALID,Williams & Hall Insurance Services Ltd
ALB-CLB-0000143,P0002905,,CLB,BROKER,2026-08-29,2027-08-29,CN,N,8007.05,0.00,B1 1AA,VALID,VALID,Brown & Jones Insurance Services Ltd
ALB-PET-0002867,P0002906,84,PET,BROKER,2026-05-02,2027-05-02,EX,N,4017.61,669.60,B1 1AA,VALID,VALID,Hall & Khan Insurance Services Ltd
ALB-HOM-0000584,P0002914,,HOM,BROKER,2021-11-16,2022-11-16,IF,Y,939.40,939.40,,INVALID,VALID,Smith & Davies Insurance Services Ltd
ALB-TRV-0002370,P0002919,364,TRV,BROKER,2022-09-20,2023-09-20,CN,N,753.38,753.38,CF10 1EP,VALID,VALID,Baker & Clarke Insurance Services Ltd
ALB-CLB-0000390,P0002920,5,CLB,BROKER,2019-09-14,2020-09-13,EX,N,4228.48,4228.48,LS1 4AP,VALID,VALID,Taylor & Wilson Insurance Services Ltd
ALB-PET-0000773,P0002924,32,PET,DIRECT,2025-08-13,2026-08-13,IF,Y,2483.37,2276.42,CF10 1EP,VALID,VALID,Davies & Brown Insurance Services Ltd
ALB-CLB-0000582,P0002925,,CLB,AGGREGATOR,2021-06-13,2022-06-13,RN,Y,7575.45,7575.45,LS1 4AP,VALID,VALID,Baker & Brown Insurance Services Ltd
ALB-MOT-0001612,P0002927,,MOT,DIRECT,2018-07-03,2019-07-03,RN,Y,3350.28,3350.28,B1 1AA,VALID,VALID,Brown & Davies Insurance Services Ltd
ALB-PET-0000526,P0002928,,PET,BROKER,2022-07-13,2023-07-13,LP,N,835.22,835.22,NR1 3QQ,VALID,VALID,Patel & Taylor Insurance Services Ltd
ALB-PET-0000658,P0002929,,PET,BROKER,2023-09-16,2024-09-15,IF,Y,256.69,256.69,CF10 1EP,VALID,VALID,Taylor & Walker Insurance Services Ltd
ALB-HOM-0000392,P0002932,,HOM,AGGREGATOR,2020-05-08,2021-05-08,RN,Y,4043.93,4043.93,YO1 6GA,VALID,VALID,Davies & Taylor Insurance Services Ltd
ALB-CLB-0001308,P0002938,31,CLB,DIRECT,2022-06-27,2023-06-27,IF,Y,13354.99,13354.99,BS1 4ST,VALID,VALID,Taylor & Wilson Insurance Services Ltd
ALB-HOM-0003515,P0002940,125,HOM,BROKER,2026-06-02,2027-06-02,EX,N,1311.91,109.33,EC1A 1BB,VALID,VALID,Baker & Hughes Insurance Services Ltd
ALB-PET-0000831,P0002947,,PET,DIRECT,2022-05-14,2023-05-14,LP,N,2572.62,2572.62,B1 1AA,VALID,VALID,Taylor & Murphy Insurance Services Ltd
ALB-CPM-0001366,P0002960,,CPM,BROKER,2019-02-23,2020-02-23,RN,Y,10954.34,10954.34,YO1 6GA,VALID,VALID,Davies & Davies Insurance Services Ltd
ALB-CLB-0000885,P0002986,,CLB,AGGREGATOR,2023-02-26,2024-02-26,EX,N,1696.83,1696.83,B1 1AA,VALID,VALID,Hall & Brown Insurance Services Ltd
ALB-TRV-0002644,P0002998,,TRV,AGGREGATOR,2018-03-16,2019-03-16,EX,N,980.05,980.05,EC1A 1BB,VALID,VALID,Hall & Murphy Insurance Services Ltd
ALB-TRV-0000152,P0003007,,TRV,DIRECT,2024-05-08,2025-05-08,IF,Y,1259.81,1259.81,YO1 6GA,VALID,VALID,Baker & Wright Insurance Services Ltd
ALB-MOT-0000987,P0003020,,MOT,AGGREGATOR,2025-03-31,2026-03-31,LP,N,3558.54,3558.54,RG1 1LX,VALID,VALID,OBrien & Patel Insurance Services Ltd
ALB-CLB-0000859,P0003026,38,CLB,AGGREGATOR,2023-10-12,2024-10-11,IF,Y,885.34,885.34,LS1 4AP,VALID,VALID,Taylor & Walker Insurance Services Ltd
ALB-TRV-0002561,P0003042,,TRV,BROKER,2026-08-02,2027-08-02,IF,Y,2266.25,0.00,YO1 6GA,VALID,VALID,Hall & Brown Insurance Services Ltd
ALB-TRV-0001256,P0003068,,TRV,DIRECT,2022-07-07,2023-07-07,EX,N,3469.04,3469.04,RG1 1LX,VALID,VALID,Hall & Murphy Insurance Services Ltd
ALB-HOM-0000150,P0003074,480,HOM,BROKER,2019-06-27,2020-06-26,LP,N,860.48,860.48,M1 1AE,VALID,VALID,Green & Murphy Insurance Services Ltd
ALB-MOT-0000762,P0003081,393,MOT,BROKER,2026-11-25,2027-11-25,EX,N,3923.23,0.00,N/A,INVALID,VALID,Baker & Hughes Insurance Services Ltd
ALB-HOM-0000666,P0003084,,HOM,DIRECT,2023-10-17,2024-10-16,IF,Y,2077.63,2077.63,B1 1AA,VALID,VALID,Baker & Brown Insurance Services Ltd
ALB-CLB-0000287,P0003100,,CLB,BROKER,2020-07-05,2021-07-05,LP,N,9252.26,9252.26,CF10 1EP,VALID,VALID,Clarke & Wright Insurance Services Ltd
ALB-TRV-0000996,P0003103,,TRV,DIRECT,2023-06-10,2024-06-09,IF,Y,890.89,890.89,G1 1XQ,VALID,VALID,Hall & Baker Insurance Services Ltd
ALB-CLB-0001260,P0003121,364,CLB,BROKER,2026-09-03,2027-09-03,IF,Y,8935.63,0.00,BS1 4ST,VALID,VALID,Murphy & Johnson Insurance Services Ltd
ALB-TRV-0000020,P0003143,,TRV,BROKER,2019-07-22,2020-07-21,RN,Y,1692.76,1692.76,M1 1AE,VALID,VALID,Smith & Walker Insurance Services Ltd
ALB-HOM-0001785,P0003148,322,HOM,BROKER,2021-02-11,2022-02-11,IF,Y,2814.03,2814.03,G1 1XQ,VALID,VALID,Wilson & Wright Insurance Services Ltd
ALB-HOM-0000598,P0003157,488,HOM,BROKER,2025-03-15,2026-03-15,LP,N,3681.12,3681.12,B1 1AA,VALID,VALID,Hall & Hall Insurance Services Ltd
ALB-CPM-0002640,P0003168,486,CPM,BROKER,2021-07-05,2022-07-05,CN,N,10303.91,10303.91,B1 1AA,VALID,VALID,OBrien & Green Insurance Services Ltd
ALB-CLB-0003269,P0003170,415,CLB,BROKER,2020-10-05,2021-10-05,IF,Y,5742.84,5742.84,N/A,INVALID,VALID,Williams & Williams Insurance Services Ltd
ALB-HOM-0001133,P0003171,,HOM,BROKER,2022-03-11,2023-03-11,LP,N,1107.01,1107.01,CF10 1EP,VALID,VALID,Davies & Taylor Insurance Services Ltd
ALB-CLB-0000954,P0003185,,CLB,DIRECT,2020-02-09,2021-02-08,EX,N,9532.24,9532.24,NR1 3QQ,VALID,VALID,Jones & Robinson Insurance Services Ltd
ALB-PET-0000525,P0002052,,PET,BROKER,2022-06-14,2023-06-14,IF,Y,453.96,453.96,M1 1AE,VALID,VALID,Wilson & Johnson Insurance Services Ltd
ALB-MOT-0001243,P0002069,,MOT,BROKER,2024-07-15,2025-07-15,IF,Y,3613.35,3613.35,NR1 3QQ,VALID,VALID,Johnson & Hughes Insurance Services Ltd
ALB-PET-0001329,P0002074,297,PET,BROKER,2026-11-22,2027-11-22,IF,Y,435.53,0.00,BS1 4ST,VALID,VALID,Johnson & Murphy Insurance Services Ltd
ALB-MOT-0002054,P0002092,,MOT,DIRECT,2022-07-18,2023-07-18,IF,Y,4093.93,4093.93,LS1 4AP,VALID,VALID,Davies & Taylor Insurance Services Ltd
ALB-PET-0000899,P0002101,362,PET,DIRECT,2019-01-09,2020-01-09,EX,N,1234.74,1234.74,LS1 4AP,VALID,VALID,Patel & Taylor Insurance Services Ltd
ALB-CLB-0003050,P0002102,,CLB,BROKER,2018-09-16,2019-09-16,RN,Y,9467.28,9467.28,CF10 1EP,VALID,VALID,Green & Murphy Insurance Services Ltd
ALB-MOT-0003257,P0002138,,MOT,DIRECT,2022-10-02,2023-10-02,IF,Y,2412.20,2412.20,RG1 1LX,VALID,VALID,Patel & Wilson Insurance Services Ltd
ALB-TRV-0000819,P0002139,,TRV,BROKER,2021-05-17,2022-05-17,RN,Y,839.03,839.03,NR1 3QQ,VALID,VALID,Hall & Hall Insurance Services Ltd
ALB-MOT-0002832,P0002148,,MOT,BROKER,2023-11-27,2024-11-26,IF,Y,1272.42,1272.42,EC1A1BB,INVALID,VALID,Patel & Taylor Insurance Services Ltd
ALB-CPM-0003217,P0002181,87,CPM,AGGREGATOR,2020-08-04,2021-08-04,CN,N,1803.75,1803.75,N/A,INVALID,VALID,Hall & Wright Insurance Services Ltd
ALB-HOM-0001497,P0002208,312,HOM,BROKER,2026-08-02,2027-08-02,IF,Y,248.45,0.00,LS1 4AP,VALID,VALID,Taylor & Wilson Insurance Services Ltd
ALB-TRV-0001622,P0002220,,TRV,BROKER,2021-08-21,2022-08-21,IF,Y,1899.99,1899.99,YO1 6GA,VALID,VALID,Clarke & Davies Insurance Services Ltd
ALB-TRV-0003184,P0002238,,TRV,DIRECT,2021-07-23,2022-07-23,EX,N,2335.45,2335.45,EC1A 1BB,VALID,VALID,Hughes & Wright Insurance Services Ltd
ALB-MOT-0000697,P0002257,218,MOT,DIRECT,2025-04-11,2026-04-11,RN,Y,2760.18,2760.18,EC1A 1BB,VALID,VALID,Patel & Clarke Insurance Services Ltd
ALB-MOT-0001647,P0002263,302,MOT,AGGREGATOR,2019-01-07,2020-01-07,IF,Y,1735.20,1735.20,NR1 3QQ,VALID,VALID,OBrien & Patel Insurance Services Ltd
ALB-CLB-0000992,P0002280,,CLB,DIRECT,2022-04-25,2023-04-25,LP,N,9493.22,9493.22,G1 1XQ,VALID,VALID,Hall & Brown Insurance Services Ltd
ALB-TRV-0004301,P0002297,,TRV,BROKER,2023-12-07,2024-12-06,RN,Y,1463.90,1463.90,G1 1XQ,VALID,VALID,OBrien & Patel Insurance Services Ltd
ALB-TRV-0000542,P0002329,224,TRV,DIRECT,2018-08-13,2019-08-13,EX,N,2862.81,2862.81,RG1 1LX,VALID,VALID,Jones & Baker Insurance Services Ltd
ALB-PET-0003859,P0002333,159,PET,BROKER,2022-09-16,2023-09-16,RN,Y,3398.97,3398.97,M1 1AE,VALID,VALID,Clarke & Wright Insurance Services Ltd
ALB-TRV-0002419,P0002368,,TRV,DIRECT,2020-12-16,2021-12-16,IF,Y,3813.07,3813.07,G1 1XQ,VALID,VALID,Patel & Clarke Insurance Services Ltd
ALB-MOT-0000907,P0002369,,MOT,BROKER,2023-02-24,2024-02-24,IF,Y,3075.42,3075.42,EC1A 1BB,VALID,VALID,Baker & Hughes Insurance Services Ltd
ALB-HOM-0001385,P0002372,,HOM,BROKER,2020-10-13,2021-10-13,CN,N,1514.47,1514.47,NR1 3QQ,VALID,VALID,Hughes & Wright Insurance Services Ltd
ALB-TRV-0000244,P0002398,,TRV,BROKER,2019-05-15,2020-05-14,LP,N,3242.90,3242.90,M1 1AE,VALID,VALID,Johnson & Hall Insurance Services Ltd
ALB-CLB-0002852,P0002407,,CLB,AGGREGATOR,2020-07-19,2021-07-19,IF,Y,3607.96,3607.96,RG1 1LX,VALID,VALID,Hughes & Wright Insurance Services Ltd
ALB-TRV-0000180,P0002459,,TRV,DIRECT,2025-02-24,2026-02-24,IF,Y,1663.88,1663.88,M1 1AE,VALID,VALID,Hall & Patel Insurance Services Ltd
ALB-HOM-0002275,P0002461,,HOM,BROKER,2025-08-12,2026-08-12,LP,N,1674.74,1535.18,M1 1AE,VALID,VALID,Hughes & Wright Insurance Services Ltd
ALB-HOM-0002207,P0002464,,HOM,AGGREGATOR,2022-09-16,2023-09-16,IF,Y,2542.21,2542.21,CF10 1EP,VALID,VALID,Green & Jones Insurance Services Ltd
ALB-MOT-0001113,P0002488,183,MOT,AGGREGATOR,2018-10-15,2019-10-15,IF,Y,1384.65,1384.65,,INVALID,VALID,Khan & Smith Insurance Services Ltd
ALB-PET-0000909,P0002505,,PET,BROKER,2022-04-16,2023-04-16,IF,Y,2854.48,2854.48,LS1 4AP,VALID,VALID,Jones & Baker Insurance Services Ltd
ALB-CLB-0001660,P0002523,,CLB,AGGREGATOR,2026-07-24,2027-07-24,IF,Y,7220.32,0.00,EC1A 1BB,VALID,VALID,Patel & Wilson Insurance Services Ltd
ALB-PET-0000833,P0002532,179,PET,DIRECT,2019-03-22,2020-03-21,LP,N,2907.65,2907.65,LS1 4AP,VALID,VALID,Davies & Brown Insurance Services Ltd
ALB-HOM-0001881,P0002540,,HOM,BROKER,2019-10-22,2020-10-21,IF,Y,1819.35,1819.35,B1 1AA,VALID,VALID,Smith & Davies Insurance Services Ltd
ALB-CLB-0002085,P0002570,239,CLB,DIRECT,2025-04-24,2026-04-24,IF,Y,12396.23,12396.23,EC1A 1BB,VALID,VALID,Walker & Wright Insurance Services Ltd
ALB-CPM-0000499,P0002586,,CPM,AGGREGATOR,2020-01-31,2021-01-30,CN,N,13070.55,13070.55,EC1A 1BB,VALID,VALID,Baker & Hughes Insurance Services Ltd
ALB-HOM-0001371,P0002648,,HOM,BROKER,2022-04-08,2023-04-08,IF,Y,1090.27,1090.27,EC1A 1BB,VALID,VALID,Khan & Smith Insurance Services Ltd
ALB-TRV-0000822,P0002650,,TRV,DIRECT,2021-06-05,2022-06-05,RN,Y,2995.08,2995.08,LS1 4AP,VALID,VALID,Clarke & Wright Insurance Services Ltd
ALB-MOT-0001880,P0002664,,MOT,BROKER,2022-04-04,2023-04-04,IF,Y,2408.03,2408.03,G1 1XQ,VALID,VALID,Patel & Wilson Insurance Services Ltd
ALB-PET-0000616,P0002702,,PET,BROKER,2026-12-16,2027-12-16,RN,Y,1715.83,0.00,CF10 1EP,VALID,VALID,Hughes & Wright Insurance Services Ltd
ALB-HOM-0000313,P0002711,,HOM,BROKER,2019-08-12,2020-08-11,EX,N,1209.67,1209.67,EC1A 1BB,VALID,VALID,OBrien & Green Insurance Services Ltd
ALB-CPM-0000260,P0002725,,CPM,DIRECT,2025-01-11,2026-01-11,IF,Y,13003.13,13003.13,RG1 1LX,VALID,VALID,Green & Murphy Insurance Services Ltd
ALB-CLB-0000860,P0002763,240,CLB,BROKER,2026-03-11,2027-03-11,IF,Y,13572.25,4524.08,G1 1XQ,VALID,VALID,Baker & Hughes Insurance Services Ltd
ALB-HOM-0001513,P0002807,210,HOM,AGGREGATOR,2022-02-22,2023-02-22,IF,Y,4042.02,4042.02,BS1 4ST,VALID,VALID,OBrien & Green Insurance Services Ltd
ALB-CLB-0003638,P0002817,,CLB,DIRECT,2020-06-15,2021-06-15,IF,Y,2089.05,2089.05,YO1 6GA,VALID,VALID,Wilson & Johnson Insurance Services Ltd
ALB-CPM-0000206,P0002839,,CPM,BROKER,2022-12-06,2023-12-06,EX,N,11163.23,11163.23,M1 1AE,VALID,VALID,Baker & Clarke Insurance Services Ltd
ALB-PET-0001121,P0002845,,PET,BROKER,2018-04-27,2019-04-27,IF,Y,1597.32,1597.32,G1 1XQ,VALID,VALID,Baker & Brown Insurance Services Ltd
ALB-CPM-0002188,P0002884,487,CPM,BROKER,2018-09-15,2019-09-15,LP,N,12374.84,12374.84,EC1A 1BB,VALID,VALID,Khan & Davies Insurance Services Ltd
ALB-MOT-0002887,P0002887,101,MOT,BROKER,2026-10-28,2027-10-28,IF,Y,3486.20,0.00,NR1 3QQ,VALID,VALID,Baker & Williams Insurance Services Ltd
ALB-CPM-0000101,P0002912,,CPM,BROKER,2020-08-21,2021-08-21,IF,Y,11604.99,11604.99,LS1 4AP,VALID,VALID,Walker & OBrien Insurance Services Ltd
ALB-TRV-0000398,P0002938,31,TRV,AGGREGATOR,2026-04-04,2027-04-04,RN,Y,936.87,234.22,BS1 4ST,VALID,VALID,Jones & Robinson Insurance Services Ltd
ALB-CPM-0002752,P0002944,,CPM,BROKER,2021-09-05,2022-09-05,IF,Y,4733.81,4733.81,BS1 4ST,VALID,VALID,Patel & Clarke Insurance Services Ltd
ALB-CLB-0000583,P0002983,367,CLB,AGGREGATOR,2025-08-30,2026-08-30,RN,Y,8554.22,7128.52,YO1 6GA,VALID,VALID,Davies & Hughes Insurance Services Ltd
ALB-TRV-0001353,P0002984,280,TRV,AGGREGATOR,2025-08-05,2026-08-05,IF,Y,418.03,383.19,LS1 4AP,VALID,VALID,Smith & Walker Insurance Services Ltd
ALB-TRV-0000332,P0002998,,TRV,DIRECT,2018-03-16,2019-03-16,RN,Y,288.16,288.16,EC1A 1BB,VALID,VALID,Smith & Clarke Insurance Services Ltd
ALB-MOT-0000871,P0003017,200,MOT,BROKER,2023-08-27,2024-08-26,LP,N,2292.22,2292.22,BS1 4ST,VALID,VALID,Clarke & Wright Insurance Services Ltd
ALB-HOM-0001249,P0003052,,HOM,BROKER,2025-06-10,2026-06-10,IF,Y,1708.77,1708.77,G1 1XQ,VALID,VALID,Smith & Davies Insurance Services Ltd
ALB-CLB-0000379,P0003083,,CLB,BROKER,2024-06-13,2025-06-13,LP,N,2983.27,2983.27,M1 1AE,VALID,VALID,Robinson & Brown Insurance Services Ltd
ALB-HOM-0002020,P0003120,,HOM,BROKER,2019-08-14,2020-08-13,IF,Y,486.07,486.07,RG1 1LX,VALID,VALID,Davies & Hughes Insurance Services Ltd
ALB-PET-0001767,P0003154,363,PET,AGGREGATOR,2019-02-05,2020-02-05,EX,N,478.99,478.99,RG1 1LX,VALID,VALID,Williams & Williams Insurance Services Ltd
ALB-TRV-0002237,P0003170,415,TRV,BROKER,2024-06-05,2025-06-05,IF,Y,2460.91,2460.91,N/A,INVALID,VALID,Hall & Khan Insurance Services Ltd
ALB-HOM-0000866,P0002138,,HOM,AGGREGATOR,2026-12-27,2027-12-27,LP,N,2491.68,0.00,RG1 1LX,VALID,VALID,Robinson & Brown Insurance Services Ltd
ALB-TRV-0000130,P0002150,274,TRV,DIRECT,2024-02-23,2025-02-22,IF,Y,3414.48,3414.48,EC1A 1BB,VALID,VALID,Jones & Baker Insurance Services Ltd
ALB-CLB-0001130,P0002181,87,CLB,DIRECT,2022-02-06,2023-02-06,LP,N,9618.65,9618.65,N/A,INVALID,VALID,Baker & Wright Insurance Services Ltd
ALB-CLB-0003025,P0002238,,CLB,BROKER,2020-01-20,2021-01-19,RN,Y,11151.37,11151.37,EC1A 1BB,VALID,VALID,Davies & Taylor Insurance Services Ltd
ALB-TRV-0000374,P0002308,,TRV,DIRECT,2020-02-17,2021-02-16,LP,N,3570.75,3570.75,LS1 4AP,VALID,VALID,Hughes & Wright Insurance Services Ltd
ALB-MOT-0002931,P0002333,159,MOT,AGGREGATOR,2020-03-16,2021-03-16,IF,Y,790.43,790.43,M1 1AE,VALID,VALID,Smith & Davies Insurance Services Ltd
ALB-CPM-0000780,P0002505,,CPM,DIRECT,2026-02-16,2027-02-16,IF,Y,6262.69,2609.45,LS1 4AP,VALID,VALID,Davies & Green Insurance Services Ltd
ALB-CPM-0000023,P0002523,,CPM,DIRECT,2025-11-24,2026-11-24,IF,Y,14177.24,9451.49,EC1A 1BB,VALID,VALID,Taylor & Wilson Insurance Services Ltd
ALB-CLB-0001886,P0002644,,CLB,DIRECT,2020-01-26,2021-01-25,IF,Y,8104.62,8104.62,EC1A 1BB,VALID,VALID,Hall & Brown Insurance Services Ltd
ALB-CLB-0000283,P0002650,,CLB,AGGREGATOR,2022-12-22,2023-12-22,IF,Y,4660.64,4660.64,LS1 4AP,VALID,VALID,Davies & Wright Insurance Services Ltd
ALB-HOM-0002711,P0002672,65,HOM,DIRECT,2023-04-17,2024-04-16,EX,N,4107.13,4107.13,G1 1XQ,VALID,VALID,Johnson & Hall Insurance Services Ltd
ALB-PET-0000565,P0002742,469,PET,AGGREGATOR,2019-11-08,2020-11-07,EX,N,2143.99,2143.99,EC1A 1BB,VALID,VALID,Hall & Murphy Insurance Services Ltd
ALB-CLB-0001905,P0002884,487,CLB,BROKER,2021-11-30,2022-11-30,IF,Y,6124.69,6124.69,EC1A 1BB,VALID,VALID,Clarke & Wright Insurance Services Ltd
ALB-CLB-0000238,P0002887,101,CLB,DIRECT,2022-08-31,2023-08-31,IF,Y,6512.99,6512.99,NR1 3QQ,VALID,VALID,OBrien & Green Insurance Services Ltd
ALB-CLB-0000241,P0002992,,CLB,DIRECT,2024-12-17,2025-12-17,EX,N,6561.65,6561.65,B1 1AA,VALID,VALID,Hall & Brown Insurance Services Ltd
ALB-HOM-0000282,P0003083,,HOM,AGGREGATOR,2025-10-06,2026-10-06,CN,N,3118.30,2338.73,M1 1AE,VALID,VALID,Brown & Davies Insurance Services Ltd
ALB-HOM-0001201,P0003170,415,HOM,BROKER,2019-05-27,2020-05-26,IF,Y,2980.34,2980.34,N/A,INVALID,VALID,Smith & Walker Insurance Services Ltd
ALB-CPM-0000626,P0002243,,CPM,AGGREGATOR,2018-03-17,2019-03-17,IF,Y,742.94,742.94,YO1 6GA,VALID,VALID,Baker & Clarke Insurance Services Ltd
ALB-CPM-0000858,P0002481,,CPM,DIRECT,2024-04-27,2025-04-27,EX,N,11681.84,11681.84,NR1 3QQ,VALID,VALID,Clarke & Davies Insurance Services Ltd
ALB-MOT-0001803,P0002644,,MOT,BROKER,2026-03-14,2027-03-14,IF,Y,3917.92,1305.97,EC1A 1BB,VALID,VALID,Walker & OBrien Insurance Services Ltd
ALB-CLB-0000564,P0002644,,CLB,BROKER,2023-09-11,2024-09-10,IF,Y,3587.69,3587.69,EC1A 1BB,VALID,VALID,Brown & Jones Insurance Services Ltd
ALB-PET-0002942,P0002050,,PET,BROKER,2026-01-08,2027-01-08,IF,Y,772.68,386.34,G1 1XQ,VALID,VALID,
ALB-HOM-0003712,P0002054,221,HOM,AGGREGATOR,2023-07-09,2024-07-08,IF,Y,3239.28,3239.28,LS1 4AP,VALID,VALID,
ALB-PET-0001533,P0002059,,PET,BROKER,2021-06-25,2022-06-25,IF,Y,3289.13,3289.13,NR1 3QQ,VALID,VALID,
ALB-TRV-0003700,P0002068,101,TRV,DIRECT,2026-01-31,2027-01-31,IF,Y,1686.75,702.81,G1 1XQ,VALID,VALID,
ALB-CPM-0005137,P0002069,,CPM,BROKER,2022-06-12,2023-06-12,IF,Y,2050.48,2050.48,NR1 3QQ,VALID,VALID,
ALB-TRV-0003747,P0002070,332,TRV,BROKER,2025-12-27,2026-12-27,IF,Y,3986.27,1993.14,B1 1AA,VALID,VALID,
ALB-CPM-0005162,P0002071,,CPM,BROKER,2021-09-10,2022-09-10,LP,N,4775.89,4775.89,RG1 1LX,VALID,VALID,
ALB-HOM-0004786,P0002074,297,HOM,BROKER,2026-03-02,2027-03-02,RN,Y,2983.35,994.45,BS1 4ST,VALID,VALID,
ALB-MOT-0004190,P0002075,,MOT,BROKER,2019-10-01,2020-09-30,RN,Y,1689.86,1689.86,NR1 3QQ,VALID,VALID,
ALB-TRV-0004897,P0002076,,TRV,BROKER,2024-02-27,2025-02-26,CN,N,439.69,439.69,G1 1XQ,VALID,VALID,
ALB-MOT-0003710,P0002077,,MOT,BROKER,2020-03-06,2021-03-06,LP,N,2640.57,2640.57,CF10 1EP,VALID,VALID,
ALB-CPM-0003332,P0002082,290,CPM,BROKER,2020-12-27,2021-12-27,RN,Y,8588.72,8588.72,LS1 4AP,VALID,VALID,
ALB-CPM-0002426,P0002085,,CPM,BROKER,2022-07-29,2023-07-29,IF,Y,8478.48,8478.48,NR1 3QQ,VALID,VALID,
ALB-CLB-0003526,P0002088,,CLB,BROKER,2026-10-01,2027-10-01,EX,N,3612.53,0.00,LS1 4AP,VALID,VALID,
ALB-CPM-0003956,P0002095,216,CPM,BROKER,2026-04-13,2027-04-13,IF,Y,3763.65,940.91,EC1A 1BB,VALID,VALID,
ALB-MOT-0005194,P0002105,208,MOT,BROKER,2025-09-29,2026-09-29,IF,Y,1454.94,1091.21,NR1 3QQ,VALID,VALID,
ALB-CPM-0004651,P0002115,,CPM,BROKER,2025-07-01,2026-07-01,EX,N,1535.56,1535.56,BS1 4ST,VALID,VALID,
ALB-HOM-0002654,P0002119,,HOM,BROKER,2021-12-15,2022-12-15,CN,N,4088.29,4088.29,RG1 1LX,VALID,VALID,
ALB-PET-0002664,P0002121,91,PET,DIRECT,2020-07-22,2021-07-22,IF,Y,3469.71,3469.71,B1 1AA,VALID,VALID,
ALB-TRV-0000811,P0002123,251,TRV,BROKER,2023-06-22,2024-06-21,CN,N,3232.78,3232.78,G1 1XQ,VALID,VALID,
ALB-CPM-0001001,P0002131,,CPM,AGGREGATOR,2023-09-19,2024-09-18,CN,N,9785.30,9785.30,CF10 1EP,VALID,VALID,
ALB-PET-0004849,P0002132,,PET,DIRECT,2020-11-21,2021-11-21,IF,Y,352.00,352.00,G1 1XQ,VALID,VALID,
ALB-TRV-0000978,P0002135,,TRV,BROKER,2026-12-02,2027-12-02,LP,N,3689.27,0.00,CF10 1EP,VALID,VALID,
ALB-PET-0004061,P0002139,,PET,DIRECT,2024-04-13,2025-04-13,RN,Y,2806.67,2806.67,NR1 3QQ,VALID,VALID,
ALB-PET-0000301,P0002144,453,PET,DIRECT,2018-05-22,2019-05-22,IF,Y,742.28,742.28,M1 1AE,VALID,VALID,
ALB-MOT-0005154,P0002148,,MOT,AGGREGATOR,2018-01-18,2019-01-18,IF,Y,3582.44,3582.44,EC1A1BB,INVALID,VALID,
ALB-CLB-0003685,P0002150,274,CLB,BROKER,2022-02-06,2023-02-06,IF,Y,4753.37,4753.37,EC1A 1BB,VALID,VALID,
ALB-CPM-0002002,P0002164,76,CPM,BROKER,2026-08-30,2027-08-30,EX,N,4936.07,0.00,M1  1AE,INVALID,VALID,
ALB-HOM-0001876,P0002166,251,HOM,BROKER,2023-10-30,2024-10-29,RN,Y,1730.69,1730.69,,INVALID,VALID,
ALB-CPM-0005136,P0002168,,CPM,BROKER,2022-07-20,2023-07-20,IF,Y,13975.75,13975.75,NR1 3QQ,VALID,VALID,
ALB-CLB-0001478,P0002176,324,CLB,DIRECT,2022-05-19,2023-05-19,IF,Y,13987.28,13987.28,EC1A 1BB,VALID,VALID,
ALB-CLB-0000270,P0002177,214,CLB,AGGREGATOR,2022-11-11,2023-11-11,CN,N,6762.76,6762.76,B1 1AA,VALID,VALID,
ALB-TRV-0003008,P0002180,,TRV,AGGREGATOR,2018-03-30,2019-03-30,IF,Y,1133.20,1133.20,G1 1XQ,VALID,VALID,
ALB-PET-0000553,P0002186,,PET,BROKER,2022-12-19,2023-12-19,EX,N,1446.48,1446.48,LS1 4AP,VALID,VALID,
ALB-TRV-0002796,P0002188,430,TRV,BROKER,2019-04-26,2020-04-25,RN,Y,576.10,576.10,NR1 3QQ,VALID,VALID,
ALB-MOT-0000294,P0002190,,MOT,BROKER,2018-08-20,2019-08-20,IF,Y,1950.27,1950.27,RG1 1LX,VALID,VALID,
ALB-CLB-0003711,P0002192,283,CLB,DIRECT,2020-01-02,2021-01-01,EX,N,11759.49,11759.49,N/A,INVALID,VALID,
ALB-MOT-0003377,P0002195,273,MOT,AGGREGATOR,2022-05-25,2023-05-25,LP,N,1010.34,1010.34,NR1 3QQ,VALID,VALID,
ALB-CLB-0005120,P0002196,332,CLB,DIRECT,2022-12-10,2023-12-10,RN,Y,13451.71,13451.71,M1 1AE,VALID,VALID,
ALB-PET-0002875,P0002197,203,PET,BROKER,2021-04-30,2022-04-30,IF,Y,3214.87,3214.87,LS1 4AP,VALID,VALID,
ALB-MOT-0001452,P0002201,309,MOT,BROKER,2021-04-25,2022-04-25,LP,N,1757.70,1757.70,YO1 6GA,VALID,VALID,
ALB-MOT-0002972,P0002202,,MOT,BROKER,2020-10-03,2021-10-03,IF,Y,417.79,417.79,CF10 1EP,VALID,VALID,
ALB-PET-0002978,P0002205,313,PET,BROKER,2023-11-16,2024-11-15,IF,Y,213.25,213.25,BS1 4ST,VALID,VALID,
ALB-MOT-0003657,P0002206,,MOT,BROKER,2024-02-23,2025-02-22,IF,Y,3262.12,3262.12,YO1 6GA,VALID,VALID,
ALB-MOT-0003417,P0002208,312,MOT,BROKER,2020-04-26,2021-04-26,IF,Y,426.23,426.23,LS1 4AP,VALID,VALID,
ALB-MOT-0004136,P0002212,,MOT,DIRECT,2022-05-04,2023-05-04,IF,Y,1412.35,1412.35,LS1 4AP,VALID,VALID,
ALB-MOT-0003829,P0002223,,MOT,AGGREGATOR,2019-11-13,2020-11-12,IF,Y,1467.79,1467.79,YO1 6GA,VALID,VALID,
ALB-CLB-0004790,P0002230,,CLB,DIRECT,2019-10-12,2020-10-11,IF,Y,13898.73,13898.73,NR1 3QQ,VALID,VALID,
ALB-CLB-0003929,P0002235,474,CLB,BROKER,2024-10-26,2025-10-26,LP,N,2167.56,2167.56,YO1 6GA,VALID,VALID,
ALB-TRV-0004683,P0002238,,TRV,AGGREGATOR,2025-05-14,2026-05-14,EX,N,2942.70,2942.70,EC1A 1BB,VALID,VALID,
ALB-MOT-0005047,P0002242,,MOT,DIRECT,2020-09-02,2021-09-02,EX,N,3711.71,3711.71,ZZ99 9ZZ,VALID,VALID,
ALB-PET-0003714,P0002243,,PET,DIRECT,2023-11-18,2024-11-17,CN,N,1257.99,1257.99,YO1 6GA,VALID,VALID,
ALB-TRV-0000414,P0002246,498,TRV,DIRECT,2018-07-05,2019-07-05,IF,Y,2763.64,2763.64,LS1 4AP,VALID,VALID,
ALB-PET-0001826,P0002248,,PET,DIRECT,2019-10-14,2020-10-13,CN,N,1384.17,1384.17,G1 1XQ,VALID,VALID,
ALB-MOT-0000463,P0002252,,MOT,DIRECT,2026-06-19,2027-06-19,EX,N,2997.02,249.75,BS1 4ST,VALID,VALID,
ALB-CLB-0001467,P0002256,444,CLB,BROKER,2020-06-08,2021-06-08,EX,N,13749.35,13749.35,M1 1AE,VALID,VALID,
ALB-HOM-0003483,P0002257,218,HOM,BROKER,2022-12-30,2023-12-30,CN,N,3508.56,3508.56,EC1A 1BB,VALID,VALID,
ALB-TRV-0003044,P0002259,,TRV,BROKER,2018-02-16,2019-02-16,IF,Y,2562.52,2562.52,CF10 1EP,VALID,VALID,
ALB-HOM-0003429,P0002260,227,HOM,BROKER,2021-06-03,2022-06-03,IF,Y,1138.30,1138.30,LS1 4AP,VALID,VALID,
ALB-PET-0004964,P0002263,302,PET,AGGREGATOR,2021-06-30,2022-06-30,IF,Y,2954.10,2954.10,NR1 3QQ,VALID,VALID,
ALB-CPM-0003648,P0002270,293,CPM,BROKER,2019-06-07,2020-06-06,IF,Y,13784.86,13784.86,EC1A 1BB,VALID,VALID,
ALB-PET-0004068,P0002271,,PET,AGGREGATOR,2025-11-30,2026-11-30,CN,N,988.60,576.68,BS1 4ST,VALID,VALID,
ALB-MOT-0002857,P0002277,,MOT,DIRECT,2022-11-24,2023-11-24,RN,Y,1291.80,1291.80,LS1 4AP,VALID,VALID,
ALB-CPM-0004480,P0002280,,CPM,DIRECT,2021-08-29,2022-08-29,IF,Y,14236.11,14236.11,G1 1XQ,VALID,VALID,
ALB-CPM-0003801,P0002281,,CPM,BROKER,2023-04-25,2024-04-24,LP,N,13731.19,13731.19,RG1 1LX,VALID,VALID,
ALB-TRV-0003240,P0002282,,TRV,AGGREGATOR,2024-07-24,2025-07-24,IF,Y,811.73,811.73,YO1 6GA,VALID,VALID,
ALB-HOM-0002726,P0002284,,HOM,DIRECT,2018-10-17,2019-10-17,LP,N,821.68,821.68,,INVALID,VALID,
ALB-PET-0004022,P0002286,,PET,BROKER,2021-10-24,2022-10-24,IF,Y,1190.55,1190.55,RG1 1LX,VALID,VALID,
ALB-CPM-0002699,P0002295,,CPM,BROKER,2023-09-19,2024-09-18,IF,Y,11125.60,11125.60,NR1 3QQ,VALID,VALID,
ALB-HOM-0003820,P0002296,124,HOM,BROKER,2024-03-11,2025-03-11,CN,N,1974.51,1974.51,CF10 1EP,VALID,VALID,
ALB-PET-0004353,P0002298,,PET,DIRECT,2019-05-24,2020-05-23,CN,N,2024.93,2024.93,G1 1XQ,VALID,VALID,
ALB-TRV-0003976,P0002301,200,TRV,BROKER,2023-05-11,2024-05-10,RN,Y,3038.73,3038.73,BS1 4ST,VALID,VALID,
ALB-HOM-0005023,P0002302,226,HOM,DIRECT,2023-04-18,2024-04-17,CN,N,999.27,999.27,YO1 6GA,VALID,VALID,
ALB-TRV-0004264,P0002308,,TRV,AGGREGATOR,2019-11-01,2020-10-31,CN,N,1922.52,1922.52,LS1 4AP,VALID,VALID,
ALB-CPM-0004094,P0002311,,CPM,BROKER,2026-11-24,2027-11-24,IF,Y,9713.67,0.00,YO1 6GA,VALID,VALID,
ALB-HOM-0004349,P0002312,,HOM,BROKER,2024-02-08,2025-02-07,IF,Y,2214.78,2214.78,B1 1AA,VALID,VALID,
ALB-CPM-0003911,P0002315,456,CPM,DIRECT,2018-07-09,2019-07-09,LP,N,14511.02,14511.02,RG1 1LX,VALID,VALID,
ALB-TRV-0000306,P0002316,,TRV,DIRECT,2019-02-15,2020-02-15,LP,N,2139.03,2139.03,NR1 3QQ,VALID,VALID,
ALB-PET-0003042,P0002317,449,PET,DIRECT,2018-07-21,2019-07-21,IF,Y,3403.31,3403.31,NR1 3QQ,VALID,VALID,
ALB-HOM-0004409,P0002322,,HOM,DIRECT,2021-06-21,2022-06-21,RN,Y,922.33,922.33,ZZ99 9ZZ,VALID,VALID,
ALB-HOM-0005105,P0002323,423,HOM,BROKER,2018-04-24,2019-04-24,IF,Y,1423.95,1423.95,LS1 4AP,VALID,VALID,
ALB-HOM-0004697,P0002326,,HOM,AGGREGATOR,2025-04-23,2026-04-23,IF,Y,686.02,686.02,BS1 4ST,VALID,VALID,
ALB-TRV-0004535,P0002329,224,TRV,BROKER,2022-04-03,2023-04-03,IF,Y,2770.96,2770.96,RG1 1LX,VALID,VALID,
ALB-CLB-0003511,P0002331,,CLB,DIRECT,2018-12-05,2019-12-05,RN,Y,11472.26,11472.26,CF10 1EP,VALID,VALID,
ALB-CPM-0004060,P0002332,,CPM,DIRECT,2020-06-07,2021-06-07,RN,Y,9446.68,9446.68,CF10 1EP,VALID,VALID,
ALB-PET-0002937,P0002335,,PET,BROKER,2025-05-04,2026-05-04,EX,N,1160.94,1160.94,LS1 4AP,VALID,VALID,
ALB-HOM-0003213,P0002336,148,HOM,BROKER,2020-12-29,2021-12-29,RN,Y,400.22,400.22,LS1 4AP,VALID,VALID,
ALB-TRV-0004736,P0002338,413,TRV,BROKER,2018-07-08,2019-07-08,EX,N,2115.57,2115.57,LS1 4AP,VALID,VALID,
ALB-HOM-0002572,P0002339,,HOM,DIRECT,2023-07-28,2024-07-27,IF,Y,2217.84,2217.84,CF10 1EP,VALID,VALID,
ALB-CPM-0000587,P0002340,,CPM,BROKER,2018-05-05,2019-05-05,IF,Y,6018.42,6018.42,G1 1XQ,VALID,VALID,
ALB-HOM-0004943,P0002344,,HOM,BROKER,2020-03-14,2021-03-14,IF,Y,1544.75,1544.75,BS1 4ST,VALID,VALID,
ALB-CPM-0004041,P0002347,,CPM,DIRECT,2019-10-22,2020-10-21,EX,N,7027.65,7027.65,CF10 1EP,VALID,VALID,
ALB-MOT-0001994,P0002352,,MOT,BROKER,2018-12-20,2019-12-20,EX,N,697.41,697.41,YO1 6GA,VALID,VALID,
ALB-MOT-0004479,P0002354,,MOT,BROKER,2022-11-03,2023-11-03,RN,Y,2418.80,2418.80,BS1 4ST,VALID,VALID,
ALB-TRV-0004916,P0002355,63,TRV,BROKER,2026-05-20,2027-05-20,RN,Y,3663.70,610.62,NR1 3QQ,VALID,VALID,
ALB-HOM-0000082,P0002356,,HOM,BROKER,2019-04-22,2020-04-21,LP,N,1165.86,1165.86,M1 1AE,VALID,VALID,
ALB-HOM-0000224,P0002359,,HOM,BROKER,2024-04-08,2025-04-08,CN,N,605.25,605.25,RG1 1LX,VALID,VALID,
ALB-PET-0003454,P0002360,257,PET,BROKER,2020-01-02,2021-01-01,IF,Y,3692.42,3692.42,M1 1AE,VALID,VALID,
ALB-CLB-0004383,P0002361,117,CLB,AGGREGATOR,2023-12-26,2024-12-25,IF,Y,1543.65,1543.65,BS1 4ST,VALID,VALID,
ALB-PET-0002537,P0002364,223,PET,DIRECT,2024-06-09,2025-06-09,EX,N,2771.16,2771.16,M1 1AE,VALID,VALID,
ALB-CPM-0004103,P0002368,,CPM,DIRECT,2019-10-15,2020-10-14,RN,Y,1576.11,1576.11,G1 1XQ,VALID,VALID,
ALB-CLB-0005135,P0002369,,CLB,AGGREGATOR,2021-11-03,2022-11-03,EX,N,1007.22,1007.22,EC1A 1BB,VALID,VALID,
ALB-CPM-0003149,P0002372,,CPM,BROKER,2021-12-21,2022-12-21,CN,N,13401.57,13401.57,NR1 3QQ,VALID,VALID,
ALB-MOT-0000694,P0002377,,MOT,AGGREGATOR,2019-11-18,2020-11-17,IF,Y,271.46,271.46,BS1 4ST,VALID,VALID,
ALB-CPM-0002496,P0002380,,CPM,BROKER,2026-08-28,2027-08-28,IF,Y,4226.89,0.00,YO1 6GA,VALID,VALID,
ALB-TRV-0003210,P0002383,306,TRV,BROKER,2018-10-12,2019-10-12,IF,Y,1844.02,1844.02,EC1A1BB,INVALID,VALID,
ALB-MOT-0004846,P0002384,,MOT,AGGREGATOR,2020-06-14,2021-06-14,IF,Y,3140.95,3140.95,YO1 6GA,VALID,VALID,
ALB-TRV-0004864,P0002386,,TRV,DIRECT,2023-11-22,2024-11-21,IF,Y,2542.34,2542.34,RG1 1LX,VALID,VALID,
ALB-CPM-0000061,P0002389,,CPM,BROKER,2019-06-23,2020-06-22,EX,N,6481.12,6481.12,,INVALID,VALID,
ALB-TRV-0002880,P0002390,365,TRV,BROKER,2024-07-06,2025-07-06,IF,Y,1359.49,1359.49,NR1 3QQ,VALID,VALID,
ALB-CPM-0000962,P0002392,,CPM,AGGREGATOR,2018-08-07,2019-08-07,CN,N,8895.52,8895.52,RG1 1LX,VALID,VALID,
ALB-CLB-0003865,P0002398,,CLB,DIRECT,2019-12-13,2020-12-12,RN,Y,3251.54,3251.54,M1 1AE,VALID,VALID,
ALB-TRV-0004093,P0002401,,TRV,BROKER,2018-09-28,2019-09-28,RN,Y,289.11,289.11,NR1 3QQ,VALID,VALID,
ALB-HOM-0003569,P0002402,363,HOM,BROKER,2020-06-02,2021-06-02,IF,Y,2963.25,2963.25,YO1 6GA,VALID,VALID,
ALB-TRV-0003810,P0002403,285,TRV,BROKER,2025-09-09,2026-09-09,LP,N,259.28,216.07,CF10 1EP,VALID,VALID,
ALB-HOM-0003705,P0002405,339,HOM,BROKER,2020-02-16,2021-02-15,IF,Y,4156.70,4156.70,B1 1AA,VALID,VALID,
ALB-PET-0003962,P0002406,,PET,DIRECT,2023-04-08,2024-04-07,IF,Y,3755.69,3755.69,EC1A 1BB,VALID,VALID,
ALB-MOT-0004609,P0002410,493,MOT,AGGREGATOR,2023-12-20,2024-12-19,EX,N,809.59,809.59,YO1 6GA,VALID,VALID,
ALB-PET-0003625,P0002412,,PET,BROKER,2026-08-08,2027-08-08,EX,N,3627.82,0.00,EC1A 1BB,VALID,VALID,
ALB-HOM-0004035,P0002413,,HOM,DIRECT,2020-01-14,2021-01-13,IF,Y,4176.42,4176.42,EC1A 1BB,VALID,VALID,
ALB-CLB-0004873,P0002414,52,CLB,BROKER,2023-09-25,2024-09-24,IF,Y,2416.35,2416.35,B1 1AA,VALID,VALID,
ALB-TRV-0003325,P0002416,,TRV,DIRECT,2019-03-13,2020-03-12,EX,N,1219.28,1219.28,CF10 1EP,VALID,VALID,
ALB-CLB-0003994,P0002421,388,CLB,DIRECT,2018-03-10,2019-03-10,EX,N,10028.40,10028.40,RG1 1LX,VALID,VALID,
ALB-MOT-0004760,P0002428,13,MOT,DIRECT,2018-02-28,2019-02-28,IF,Y,822.31,822.31,RG1 1LX,VALID,VALID,
ALB-CLB-0005029,P0002429,,CLB,AGGREGATOR,2022-06-24,2023-06-24,LP,N,7100.21,7100.21,CF10 1EP,VALID,VALID,
ALB-CPM-0003188,P0002431,28,CPM,BROKER,2019-06-12,2020-06-11,IF,Y,4773.54,4773.54,RG1 1LX,VALID,VALID,
ALB-CPM-0005189,P0002432,80,CPM,DIRECT,2024-03-03,2025-03-03,RN,Y,5994.64,5994.64,BS1 4ST,VALID,VALID,
ALB-MOT-0003855,P0002448,445,MOT,DIRECT,2022-10-02,2023-10-02,RN,Y,1909.06,1909.06,CF10 1EP,VALID,VALID,
ALB-CLB-0002433,P0002450,156,CLB,AGGREGATOR,2022-07-30,2023-07-30,IF,Y,2642.71,2642.71,ZZ99 9ZZ,VALID,VALID,
ALB-CLB-0004370,P0002466,,CLB,BROKER,2024-09-22,2025-09-22,EX,N,14117.68,14117.68,B1 1AA,VALID,VALID,
ALB-PET-0003779,P0002471,,PET,BROKER,2024-05-22,2025-05-22,IF,Y,351.41,351.41,EC1A 1BB,VALID,VALID,
ALB-PET-0004880,P0002477,,PET,DIRECT,2025-12-14,2026-12-14,CN,N,3959.67,2309.81,RG1 1LX,VALID,VALID,
ALB-HOM-0002000,P0002479,189,HOM,DIRECT,2020-02-25,2021-02-24,RN,Y,3303.45,3303.45,BS1 4ST,VALID,VALID,
ALB-PET-0004456,P0002487,,PET,BROKER,2022-09-21,2023-09-21,RN,Y,2985.00,2985.00,LS1 4AP,VALID,VALID,
ALB-HOM-0000891,P0002490,,HOM,DIRECT,2020-02-26,2021-02-25,IF,Y,704.74,704.74,B1 1AA,VALID,VALID,
ALB-MOT-0003232,P0002494,,MOT,DIRECT,2022-05-19,2023-05-19,RN,Y,1451.68,1451.68,B1 1AA,VALID,VALID,
ALB-CPM-0003393,P0002507,,CPM,BROKER,2019-11-26,2020-11-25,IF,Y,13745.32,13745.32,N/A,INVALID,VALID,
ALB-MOT-0001092,P0002508,,MOT,BROKER,2024-05-21,2025-05-21,LP,N,3260.04,3260.04,G1 1XQ,VALID,VALID,
ALB-CLB-0002498,P0002512,288,CLB,BROKER,2026-06-08,2027-06-08,IF,Y,9126.10,760.51,NR1 3QQ,VALID,VALID,
ALB-MOT-0005147,P0002517,,MOT,BROKER,2024-03-10,2025-03-10,CN,N,1553.17,1553.17,RG1 1LX,VALID,VALID,
ALB-TRV-0000737,P0002520,430,TRV,AGGREGATOR,2026-09-14,2027-09-14,EX,N,3156.35,0.00,EC1A 1BB,VALID,VALID,
ALB-CPM-0003445,P0002521,491,CPM,DIRECT,2022-05-03,2023-05-03,CN,N,5294.09,5294.09,RG1 1LX,VALID,VALID,
ALB-TRV-0004434,P0002523,,TRV,DIRECT,2019-10-21,2020-10-20,RN,Y,3546.08,3546.08,EC1A 1BB,VALID,VALID,
ALB-HOM-0002440,P0002524,,HOM,DIRECT,2022-07-11,2023-07-11,EX,N,558.51,558.51,YO1 6GA,VALID,VALID,
ALB-MOT-0001009,P0002525,,MOT,AGGREGATOR,2024-10-17,2025-10-17,RN,Y,2358.87,2358.87,LS1 4AP,VALID,VALID,
ALB-CLB-0003751,P0002527,272,CLB,BROKER,2022-02-20,2023-02-20,EX,N,3815.74,3815.74,BS1 4ST,VALID,VALID,
ALB-PET-0004926,P0002530,154,PET,BROKER,2025-06-21,2026-06-21,CN,N,881.04,881.04,ZZ99 9ZZ,VALID,VALID,
ALB-MOT-0004044,P0002534,,MOT,BROKER,2024-07-04,2025-07-04,CN,N,1240.58,1240.58,EC1A 1BB,VALID,VALID,
ALB-TRV-0003283,P0002535,,TRV,DIRECT,2023-10-02,2024-10-01,RN,Y,3189.23,3189.23,M1 1AE,VALID,VALID,
ALB-HOM-0003750,P0002538,,HOM,DIRECT,2018-02-07,2019-02-07,LP,N,4094.89,4094.89,BS1 4ST,VALID,VALID,
ALB-CLB-0000574,P0002539,490,CLB,BROKER,2025-07-26,2026-07-26,LP,N,10755.30,10755.30,EC1A 1BB,VALID,VALID,
ALB-CLB-0002588,P0002541,,CLB,BROKER,2023-08-08,2024-08-07,LP,N,7002.41,7002.41,B1 1AA,VALID,VALID,
ALB-MOT-0001636,P0002542,132,MOT,DIRECT,2023-09-27,2024-09-26,IF,Y,4004.34,4004.34,G1 1XQ,VALID,VALID,
ALB-HOM-0001227,P0002546,,HOM,BROKER,2020-12-27,2021-12-27,CN,N,2035.47,2035.47,RG1 1LX,VALID,VALID,
ALB-CPM-0003713,P0002547,366,CPM,DIRECT,2024-07-19,2025-07-19,EX,N,11136.67,11136.67,BS1 4ST,VALID,VALID,
ALB-MOT-0000019,P0002552,122,MOT,BROKER,2020-12-06,2021-12-06,IF,Y,2620.96,2620.96,M1 1AE,VALID,VALID,
ALB-CLB-0004426,P0002555,,CLB,BROKER,2023-11-18,2024-11-17,IF,Y,13393.15,13393.15,EC1A 1BB,VALID,VALID,
ALB-CLB-0002073,P0002556,49,CLB,AGGREGATOR,2025-01-08,2026-01-08,LP,N,11439.09,11439.09,BS1 4ST,VALID,VALID,
ALB-HOM-0004800,P0002558,432,HOM,BROKER,2026-07-15,2027-07-15,RN,Y,1096.64,0.00,M1 1AE,VALID,VALID,
ALB-PET-0003090,P0002562,,PET,AGGREGATOR,2026-09-07,2027-09-07,IF,Y,2104.44,0.00,M1 1AE,VALID,VALID,
ALB-PET-0004268,P0002564,129,PET,BROKER,2020-12-28,2021-12-28,IF,Y,1537.29,1537.29,CF10 1EP,VALID,VALID,
ALB-MOT-0004709,P0002566,,MOT,BROKER,2021-10-23,2022-10-23,IF,Y,3845.70,3845.70,LS1 4AP,VALID,VALID,
ALB-CPM-0003754,P0002570,239,CPM,BROKER,2024-10-14,2025-10-14,IF,Y,6016.97,6016.97,EC1A 1BB,VALID,VALID,
ALB-HOM-0003696,P0002571,,HOM,BROKER,2026-10-09,2027-10-09,IF,Y,2181.42,0.00,YO1 6GA,VALID,VALID,
ALB-MOT-0004798,P0002576,,MOT,AGGREGATOR,2023-07-13,2024-07-12,IF,Y,2355.37,2355.37,BS1 4ST,VALID,VALID,
ALB-MOT-0004973,P0002579,,MOT,BROKER,2023-09-04,2024-09-03,EX,N,2742.82,2742.82,LS1 4AP,VALID,VALID,
ALB-CPM-0004519,P0002580,,CPM,DIRECT,2023-02-02,2024-02-02,CN,N,10034.69,10034.69,CF10 1EP,VALID,VALID,
ALB-CLB-0004605,P0002581,212,CLB,DIRECT,2019-01-10,2020-01-10,IF,Y,7628.84,7628.84,M1 1AE,VALID,VALID,
ALB-CLB-0002069,P0002582,,CLB,DIRECT,2020-05-11,2021-05-11,IF,Y,3747.88,3747.88,B1 1AA,VALID,VALID,
ALB-HOM-0003536,P0002585,148,HOM,DIRECT,2018-05-01,2019-05-01,LP,N,2095.39,2095.39,CF10 1EP,VALID,VALID,
ALB-MOT-0003528,P0002592,,MOT,BROKER,2018-12-08,2019-12-08,IF,Y,3304.89,3304.89,CF10 1EP,VALID,VALID,
ALB-HOM-0004589,P0002593,402,HOM,AGGREGATOR,2019-06-17,2020-06-16,EX,N,2039.54,2039.54,NR1 3QQ,VALID,VALID,
ALB-HOM-0002845,P0002597,,HOM,DIRECT,2021-05-17,2022-05-17,EX,N,3907.64,3907.64,CF10 1EP,VALID,VALID,
ALB-CPM-0004306,P0002598,,CPM,BROKER,2026-04-24,2027-04-24,EX,N,1160.18,290.05,CF10 1EP,VALID,VALID,
ALB-CPM-0005065,P0002599,,CPM,BROKER,2019-04-20,2020-04-19,IF,Y,10069.42,10069.42,G1 1XQ,VALID,VALID,
ALB-HOM-0004581,P0002600,,HOM,AGGREGATOR,2020-07-16,2021-07-16,RN,Y,1234.54,1234.54,M1 1AE,VALID,VALID,
ALB-MOT-0005188,P0002601,,MOT,AGGREGATOR,2026-03-20,2027-03-20,LP,N,1269.61,423.20,BS1 4ST,VALID,VALID,
ALB-CPM-0000502,P0002604,217,CPM,BROKER,2026-04-21,2027-04-21,EX,N,11208.38,2802.10,RG1 1LX,VALID,VALID,
ALB-PET-0001124,P0002605,181,PET,BROKER,2024-06-26,2025-06-26,IF,Y,2484.31,2484.31,EC1A 1BB,VALID,VALID,
ALB-CPM-0002995,P0002608,74,CPM,BROKER,2026-09-10,2027-09-10,IF,Y,6219.57,0.00,B1 1AA,VALID,VALID,
ALB-MOT-0003311,P0002611,,MOT,AGGREGATOR,2023-05-25,2024-05-24,LP,N,645.15,645.15,RG1 1LX,VALID,VALID,
ALB-CPM-0002216,P0002612,,CPM,DIRECT,2021-03-16,2022-03-16,IF,Y,7957.29,7957.29,BS1 4ST,VALID,VALID,
ALB-CLB-0002946,P0002614,418,CLB,BROKER,2024-03-23,2025-03-23,IF,Y,11895.55,11895.55,EC1A 1BB,VALID,VALID,
ALB-MOT-0004441,P0002617,,MOT,DIRECT,2025-01-08,2026-01-08,RN,Y,2081.09,2081.09,YO1 6GA,VALID,VALID,
ALB-TRV-0002579,P0002620,,TRV,DIRECT,2021-11-17,2022-11-17,LP,N,3363.27,3363.27,YO1 6GA,VALID,VALID,
ALB-HOM-0004950,P0002624,,HOM,BROKER,2020-11-18,2021-11-18,CN,N,309.37,309.37,BS1 4ST,VALID,VALID,
ALB-MOT-0004723,P0002627,,MOT,AGGREGATOR,2024-04-10,2025-04-10,IF,Y,939.38,939.38,YO1 6GA,VALID,VALID,
ALB-CLB-0002957,P0002628,472,CLB,BROKER,2023-03-28,2024-03-27,IF,Y,11486.75,11486.75,YO1 6GA,VALID,VALID,
ALB-MOT-0005031,P0002630,,MOT,BROKER,2020-11-09,2021-11-09,RN,Y,2288.61,2288.61,M1 1AE,VALID,VALID,
ALB-MOT-0001419,P0002636,,MOT,DIRECT,2025-02-05,2026-02-05,IF,Y,3689.61,3689.61,M1 1AE,VALID,VALID,
ALB-HOM-0004737,P0002637,211,HOM,DIRECT,2021-03-11,2022-03-11,RN,Y,1644.02,1644.02,M1 1AE,VALID,VALID,
ALB-CLB-0003058,P0002641,379,CLB,BROKER,2018-03-15,2019-03-15,IF,Y,10025.71,10025.71,RG1 1LX,VALID,VALID,
ALB-HOM-0004191,P0002643,,HOM,BROKER,2021-01-24,2022-01-24,RN,Y,4028.27,4028.27,ZZ99 9ZZ,VALID,VALID,
ALB-CPM-0004348,P0002644,,CPM,DIRECT,2019-08-23,2020-08-22,RN,Y,8520.69,8520.69,EC1A 1BB,VALID,VALID,
ALB-PET-0001128,P0002649,,PET,BROKER,2023-03-13,2024-03-12,EX,N,2849.90,2849.90,CF10 1EP,VALID,VALID,
ALB-CLB-0004726,P0002650,,CLB,DIRECT,2020-12-30,2021-12-30,IF,Y,9345.22,9345.22,LS1 4AP,VALID,VALID,
ALB-TRV-0004263,P0002651,65,TRV,BROKER,2020-01-15,2021-01-14,IF,Y,2696.45,2696.45,EC1A 1BB,VALID,VALID,
ALB-CLB-0005042,P0002654,247,CLB,DIRECT,2018-11-25,2019-11-25,RN,Y,9841.00,9841.00,M1  1AE,INVALID,VALID,
ALB-CPM-0001575,P0002656,,CPM,DIRECT,2020-11-10,2021-11-10,RN,Y,699.64,699.64,LS1 4AP,VALID,VALID,
ALB-MOT-0001134,P0002658,,MOT,BROKER,2024-10-25,2025-10-25,EX,N,2312.40,2312.40,CF10 1EP,VALID,VALID,
ALB-CPM-0004566,P0002664,,CPM,BROKER,2024-08-30,2025-08-30,IF,Y,1423.36,1423.36,G1 1XQ,VALID,VALID,
ALB-TRV-0000660,P0002668,438,TRV,BROKER,2024-11-17,2025-11-17,IF,Y,3428.57,3428.57,NR1 3QQ,VALID,VALID,
ALB-CPM-0004783,P0002672,65,CPM,BROKER,2023-08-03,2024-08-02,EX,N,7056.19,7056.19,G1 1XQ,VALID,VALID,
ALB-MOT-0003412,P0002681,,MOT,DIRECT,2025-08-27,2026-08-27,EX,N,4014.83,3680.26,LS1 4AP,VALID,VALID,
ALB-CLB-0002944,P0002682,,CLB,BROKER,2021-08-05,2022-08-05,IF,Y,5656.33,5656.33,NR1 3QQ,VALID,VALID,
ALB-HOM-0004540,P0002691,88,HOM,BROKER,2026-06-25,2027-06-25,EX,N,3877.79,0.00,RG1 1LX,VALID,VALID,
ALB-CLB-0004374,P0002693,129,CLB,BROKER,2022-09-30,2023-09-30,RN,Y,6875.93,6875.93,G1 1XQ,VALID,VALID,
ALB-CPM-0003582,P0002694,,CPM,BROKER,2019-05-27,2020-05-26,LP,N,2417.06,2417.06,M1 1AE,VALID,VALID,
ALB-PET-0004715,P0002701,327,PET,AGGREGATOR,2018-05-17,2019-05-17,IF,Y,357.96,357.96,YO1 6GA,VALID,VALID,
ALB-CLB-0000679,P0002703,,CLB,BROKER,2025-03-13,2026-03-13,IF,Y,3875.79,3875.79,EC1A 1BB,VALID,VALID,
ALB-TRV-0002380,P0002707,,TRV,BROKER,2019-10-20,2020-10-19,EX,N,2249.56,2249.56,YO1 6GA,VALID,VALID,
ALB-CLB-0002547,P0002708,347,CLB,AGGREGATOR,2022-04-22,2023-04-22,IF,Y,9828.43,9828.43,M1 1AE,VALID,VALID,
ALB-CPM-0004360,P0002711,,CPM,BROKER,2020-11-25,2021-11-25,EX,N,5425.03,5425.03,EC1A 1BB,VALID,VALID,
ALB-CPM-0001708,P0002712,,CPM,DIRECT,2018-12-30,2019-12-30,CN,N,13746.40,13746.40,BS1 4ST,VALID,VALID,
ALB-MOT-0005175,P0002713,423,MOT,BROKER,2020-09-04,2021-09-04,IF,Y,1070.97,1070.97,B1 1AA,VALID,VALID,
ALB-CPM-0004980,P0002715,,CPM,AGGREGATOR,2018-11-11,2019-11-11,IF,Y,9207.44,9207.44,NR1 3QQ,VALID,VALID,
ALB-MOT-0004005,P0002716,,MOT,AGGREGATOR,2023-03-29,2024-03-28,RN,Y,1578.65,1578.65,CF10 1EP,VALID,VALID,
ALB-HOM-0000018,P0002718,114,HOM,BROKER,2020-08-06,2021-08-06,RN,Y,1234.96,1234.96,NR1 3QQ,VALID,VALID,
ALB-PET-0000569,P0002720,,PET,BROKER,2020-11-20,2021-11-20,IF,Y,3055.31,3055.31,YO1 6GA,VALID,VALID,
ALB-CPM-0001574,P0002728,23,CPM,BROKER,2022-10-23,2023-10-23,IF,Y,2089.72,2089.72,CF10 1EP,VALID,VALID,
ALB-CPM-0001594,P0002729,143,CPM,DIRECT,2022-01-28,2023-01-28,EX,N,8163.07,8163.07,NR1 3QQ,VALID,VALID,
ALB-CPM-0004413,P0002730,,CPM,DIRECT,2023-07-25,2024-07-24,IF,Y,14144.08,14144.08,CF10 1EP,VALID,VALID,
ALB-CPM-0003556,P0002732,,CPM,DIRECT,2024-04-22,2025-04-22,LP,N,12167.26,12167.26,LS1 4AP,VALID,VALID,
ALB-MOT-0003570,P0002734,,MOT,BROKER,2026-11-10,2027-11-10,IF,Y,4191.99,0.00,NR1 3QQ,VALID,VALID,
ALB-HOM-0004402,P0002735,,HOM,AGGREGATOR,2024-01-15,2025-01-14,CN,N,2698.59,2698.59,BS1 4ST,VALID,VALID,
ALB-TRV-0003235,P0002741,314,TRV,BROKER,2020-06-09,2021-06-09,LP,N,953.33,953.33,CF10 1EP,VALID,VALID,
ALB-HOM-0002531,P0002749,316,HOM,AGGREGATOR,2023-09-21,2024-09-20,IF,Y,1975.13,1975.13,EC1A 1BB,VALID,VALID,
ALB-MOT-0003847,P0002751,,MOT,AGGREGATOR,2022-12-10,2023-12-10,RN,Y,1027.33,1027.33,NR1 3QQ,VALID,VALID,
ALB-TRV-0004808,P0002752,,TRV,AGGREGATOR,2019-09-13,2020-09-12,IF,Y,2980.45,2980.45,YO1 6GA,VALID,VALID,
ALB-CLB-0004764,P0002755,,CLB,BROKER,2025-08-08,2026-08-08,RN,Y,2491.12,2283.53,CF10 1EP,VALID,VALID,
ALB-PET-0003493,P0002760,,PET,BROKER,2024-07-06,2025-07-06,IF,Y,3641.10,3641.10,LS1 4AP,VALID,VALID,
ALB-HOM-0004508,P0002762,492,HOM,BROKER,2021-05-02,2022-05-02,IF,Y,1985.31,1985.31,RG1 1LX,VALID,VALID,
ALB-HOM-0001435,P0002766,195,HOM,BROKER,2024-10-23,2025-10-23,EX,N,3376.05,3376.05,EC1A 1BB,VALID,VALID,
ALB-MOT-0004254,P0002770,,MOT,BROKER,2019-08-14,2020-08-13,RN,Y,4043.39,4043.39,NR1 3QQ,VALID,VALID,
ALB-TRV-0003537,P0002771,144,TRV,BROKER,2019-01-31,2020-01-31,LP,N,1163.61,1163.61,BS1 4ST,VALID,VALID,
ALB-CLB-0003134,P0002776,,CLB,BROKER,2021-04-01,2022-04-01,IF,Y,13712.68,13712.68,EC1A 1BB,VALID,VALID,
ALB-HOM-0004694,P0002785,288,HOM,AGGREGATOR,2019-03-03,2020-03-02,RN,Y,2810.85,2810.85,YO1 6GA,VALID,VALID,
ALB-HOM-0004187,P0002787,56,HOM,DIRECT,2020-04-04,2021-04-04,LP,N,3321.06,3321.06,LS1 4AP,VALID,VALID,
ALB-CLB-0004499,P0002788,,CLB,DIRECT,2024-07-18,2025-07-18,IF,Y,3273.05,3273.05,CF10 1EP,VALID,VALID,
ALB-MOT-0004498,P0002789,,MOT,AGGREGATOR,2021-06-06,2022-06-06,IF,Y,4048.50,4048.50,B1 1AA,VALID,VALID,
ALB-MOT-0003550,P0002799,,MOT,DIRECT,2026-03-28,2027-03-28,EX,N,2391.39,597.85,CF10 1EP,VALID,VALID,
ALB-MOT-0002601,P0002800,,MOT,BROKER,2020-03-26,2021-03-26,IF,Y,4133.03,4133.03,EC1A 1BB,VALID,VALID,
ALB-CPM-0004922,P0002803,,CPM,BROKER,2020-02-23,2021-02-22,IF,Y,4622.79,4622.79,NR1 3QQ,VALID,VALID,
ALB-PET-0004172,P0002806,147,PET,DIRECT,2020-03-22,2021-03-22,IF,Y,658.21,658.21,G1 1XQ,VALID,VALID,
ALB-TRV-0003010,P0002807,210,TRV,BROKER,2022-10-31,2023-10-31,RN,Y,1110.25,1110.25,BS1 4ST,VALID,VALID,
ALB-CPM-0002066,P0002809,181,CPM,AGGREGATOR,2018-06-09,2019-06-09,CN,N,11114.26,11114.26,CF10 1EP,VALID,VALID,
ALB-CLB-0001823,P0002812,,CLB,BROKER,2021-02-22,2022-02-22,CN,N,13866.44,13866.44,YO1 6GA,VALID,VALID,
ALB-TRV-0001073,P0002814,,TRV,BROKER,2020-04-12,2021-04-12,IF,Y,3866.26,3866.26,M1 1AE,VALID,VALID,
ALB-CPM-0003132,P0002815,77,CPM,BROKER,2023-01-24,2024-01-24,IF,Y,2639.04,2639.04,LS1 4AP,VALID,VALID,
ALB-MOT-0003363,P0002818,311,MOT,BROKER,2025-12-13,2026-12-13,IF,Y,760.59,443.68,EC1A 1BB,VALID,VALID,
ALB-MOT-0001066,P0002820,,MOT,BROKER,2018-01-30,2019-01-30,RN,Y,1103.29,1103.29,RG1 1LX,VALID,VALID,
ALB-PET-0004883,P0002822,,PET,DIRECT,2020-11-24,2021-11-24,EX,N,845.74,845.74,EC1A 1BB,VALID,VALID,
ALB-PET-0003596,P0002823,104,PET,BROKER,2021-02-06,2022-02-06,EX,N,1681.05,1681.05,EC1A 1BB,VALID,VALID,
ALB-CLB-0002556,P0002825,43,CLB,BROKER,2026-10-22,2027-10-22,CN,N,6691.41,0.00,LS1 4AP,VALID,VALID,
ALB-MOT-0001751,P0002831,16,MOT,AGGREGATOR,2022-10-20,2023-10-20,LP,N,3425.47,3425.47,NR1 3QQ,VALID,VALID,
ALB-CPM-0004163,P0002835,221,CPM,BROKER,2026-03-14,2027-03-14,IF,Y,3476.31,1158.77,B1 1AA,VALID,VALID,
ALB-MOT-0004344,P0002836,125,MOT,BROKER,2022-01-03,2023-01-03,IF,Y,2134.14,2134.14,YO1 6GA,VALID,VALID,
ALB-CPM-0004584,P0002837,483,CPM,DIRECT,2023-11-28,2024-11-27,IF,Y,10994.80,10994.80,G1 1XQ,VALID,VALID,
ALB-HOM-0000764,P0002841,,HOM,BROKER,2018-11-04,2019-11-04,IF,Y,341.29,341.29,EC1A1BB,INVALID,VALID,
ALB-HOM-0004173,P0002843,,HOM,BROKER,2025-12-01,2026-12-01,LP,N,3263.45,1903.68,CF10 1EP,VALID,VALID,
ALB-TRV-0004382,P0002844,,TRV,BROKER,2018-03-24,2019-03-24,EX,N,2323.11,2323.11,LS1 4AP,VALID,VALID,
ALB-PET-0001336,P0002851,,PET,DIRECT,2025-08-08,2026-08-08,LP,N,1741.08,1595.99,LS1 4AP,VALID,VALID,
ALB-CLB-0003409,P0002853,,CLB,BROKER,2025-05-19,2026-05-19,IF,Y,7576.66,7576.66,YO1 6GA,VALID,VALID,
ALB-PET-0003963,P0002855,,PET,DIRECT,2019-08-29,2020-08-28,IF,Y,2228.71,2228.71,RG1 1LX,VALID,VALID,
ALB-MOT-0003561,P0002856,379,MOT,AGGREGATOR,2024-02-08,2025-02-07,LP,N,1527.30,1527.30,G1 1XQ,VALID,VALID,
ALB-MOT-0000929,P0002859,134,MOT,AGGREGATOR,2018-05-24,2019-05-24,RN,Y,266.20,266.20,CF10 1EP,VALID,VALID,
ALB-HOM-0003552,P0002860,17,HOM,DIRECT,2023-01-21,2024-01-21,IF,Y,1053.96,1053.96,YO1 6GA,VALID,VALID,
ALB-CPM-0001499,P0002861,461,CPM,BROKER,2021-05-06,2022-05-06,IF,Y,10873.72,10873.72,NR1 3QQ,VALID,VALID,
ALB-CLB-0003782,P0002867,,CLB,BROKER,2021-04-18,2022-04-18,CN,N,11421.69,11421.69,CF10 1EP,VALID,VALID,
ALB-CLB-0002113,P0002868,,CLB,DIRECT,2023-01-24,2024-01-24,IF,Y,11925.53,11925.53,M1 1AE,VALID,VALID,
ALB-CPM-0003155,P0002878,18,CPM,AGGREGATOR,2025-04-03,2026-04-03,EX,N,12748.27,12748.27,B1 1AA,VALID,VALID,
ALB-PET-0002847,P0002879,,PET,DIRECT,2025-12-20,2026-12-20,CN,N,2516.59,1468.01,BS1 4ST,VALID,VALID,
ALB-PET-0004168,P0002884,487,PET,DIRECT,2024-12-21,2025-12-21,IF,Y,1666.34,1666.34,EC1A 1BB,VALID,VALID,
ALB-CLB-0004150,P0002886,281,CLB,DIRECT,2019-07-06,2020-07-05,CN,N,11879.78,11879.78,YO1 6GA,VALID,VALID,
ALB-CLB-0004055,P0002895,235,CLB,DIRECT,2026-09-19,2027-09-19,IF,Y,4032.20,0.00,EC1A 1BB,VALID,VALID,
ALB-CPM-0004713,P0002899,,CPM,BROKER,2023-04-08,2024-04-07,IF,Y,13195.13,13195.13,G1 1XQ,VALID,VALID,
ALB-PET-0004745,P0002901,152,PET,AGGREGATOR,2020-05-11,2021-05-11,RN,Y,209.36,209.36,YO1 6GA,VALID,VALID,
ALB-HOM-0004676,P0002904,,HOM,BROKER,2018-10-25,2019-10-25,IF,Y,1901.04,1901.04,M1 1AE,VALID,VALID,
ALB-CLB-0003428,P0002905,,CLB,AGGREGATOR,2022-10-03,2023-10-03,IF,Y,1215.76,1215.76,B1 1AA,VALID,VALID,
ALB-MOT-0002122,P0002911,,MOT,AGGREGATOR,2025-12-11,2026-12-11,IF,Y,1910.93,1114.71,M1 1AE,VALID,VALID,
ALB-HOM-0003241,P0002915,230,HOM,BROKER,2023-06-02,2024-06-01,IF,Y,262.94,262.94,YO1 6GA,VALID,VALID,
ALB-CLB-0004186,P0002920,5,CLB,DIRECT,2020-09-03,2021-09-03,IF,Y,14080.40,14080.40,LS1 4AP,VALID,VALID,
ALB-HOM-0004583,P0002923,,HOM,DIRECT,2023-12-30,2024-12-29,RN,Y,3052.25,3052.25,LS1 4AP,VALID,VALID,
ALB-PET-0005129,P0002927,,PET,BROKER,2019-08-23,2020-08-22,IF,Y,1691.67,1691.67,B1 1AA,VALID,VALID,
ALB-TRV-0004139,P0002929,,TRV,DIRECT,2019-12-05,2020-12-04,IF,Y,798.93,798.93,CF10 1EP,VALID,VALID,
ALB-PET-0001838,P0002933,423,PET,AGGREGATOR,2023-06-04,2024-06-03,CN,N,1600.25,1600.25,CF10 1EP,VALID,VALID,
ALB-PET-0001199,P0002937,,PET,BROKER,2023-12-31,2024-12-30,EX,N,3457.02,3457.02,NR1 3QQ,VALID,VALID,
ALB-CLB-0001028,P0002941,361,CLB,AGGREGATOR,2024-09-30,2025-09-30,RN,Y,5109.62,5109.62,BS1 4ST,VALID,VALID,
ALB-PET-0005184,P0002944,,PET,BROKER,2026-11-11,2027-11-11,CN,N,1382.98,0.00,BS1 4ST,VALID,VALID,
ALB-CPM-0001791,P0002948,269,CPM,AGGREGATOR,2026-03-29,2027-03-29,IF,Y,2881.18,720.30,B1 1AA,VALID,VALID,
ALB-HOM-0002586,P0002951,224,HOM,AGGREGATOR,2024-01-21,2025-01-20,IF,Y,277.94,277.94,N/A,INVALID,VALID,
ALB-MOT-0002386,P0002954,348,MOT,BROKER,2025-07-08,2026-07-08,IF,Y,2980.48,2980.48,RG1 1LX,VALID,VALID,
ALB-TRV-0001270,P0002957,7,TRV,DIRECT,2020-03-17,2021-03-17,RN,Y,443.82,443.82,RG1 1LX,VALID,VALID,
ALB-PET-0004672,P0002967,,PET,AGGREGATOR,2026-02-01,2027-02-01,RN,Y,4195.59,1748.16,BS1 4ST,VALID,VALID,
ALB-CLB-0004253,P0002969,,CLB,DIRECT,2024-02-03,2025-02-02,IF,Y,4938.03,4938.03,EC1A 1BB,VALID,VALID,
ALB-TRV-0004543,P0002970,487,TRV,DIRECT,2023-07-30,2024-07-29,IF,Y,1736.71,1736.71,EC1A 1BB,VALID,VALID,
ALB-TRV-0002635,P0002973,,TRV,DIRECT,2026-06-27,2027-06-27,IF,Y,283.98,0.00,BS1 4ST,VALID,VALID,
ALB-CLB-0004017,P0002979,380,CLB,AGGREGATOR,2024-07-24,2025-07-24,RN,Y,12824.22,12824.22,RG1 1LX,VALID,VALID,
ALB-TRV-0003969,P0002981,,TRV,BROKER,2020-12-08,2021-12-08,LP,N,1537.65,1537.65,M1 1AE,VALID,VALID,
ALB-HOM-0004465,P0002982,,HOM,DIRECT,2019-02-01,2020-02-01,IF,Y,2462.13,2462.13,M1 1AE,VALID,VALID,
ALB-TRV-0003704,P0002983,367,TRV,BROKER,2021-07-18,2022-07-18,LP,N,3408.42,3408.42,YO1 6GA,VALID,VALID,
ALB-PET-0001808,P0002988,,PET,BROKER,2022-04-06,2023-04-06,IF,Y,3932.28,3932.28,YO1 6GA,VALID,VALID,
ALB-CLB-0004959,P0002998,,CLB,BROKER,2025-10-23,2026-10-23,RN,Y,11131.69,8348.77,EC1A 1BB,VALID,VALID,
ALB-MOT-0000727,P0002999,,MOT,DIRECT,2018-01-30,2019-01-30,RN,Y,3888.41,3888.41,LS1 4AP,VALID,VALID,
ALB-TRV-0003709,P0003002,27,TRV,BROKER,2020-01-15,2021-01-14,IF,Y,2146.17,2146.17,BS1 4ST,VALID,VALID,
ALB-PET-0004405,P0003005,,PET,BROKER,2023-11-25,2024-11-24,RN,Y,3976.15,3976.15,B1 1AA,VALID,VALID,
ALB-MOT-0004966,P0003006,145,MOT,BROKER,2020-09-08,2021-09-08,IF,Y,3290.75,3290.75,YO1 6GA,VALID,VALID,
ALB-MOT-0002323,P0003012,,MOT,BROKER,2024-05-13,2025-05-13,IF,Y,638.04,638.04,BS1 4ST,VALID,VALID,
ALB-CPM-0004284,P0003015,472,CPM,DIRECT,2019-02-20,2020-02-20,RN,Y,4701.50,4701.50,B1 1AA,VALID,VALID,
ALB-TRV-0002514,P0003017,200,TRV,BROKER,2025-04-06,2026-04-06,IF,Y,3877.67,3877.67,BS1 4ST,VALID,VALID,
ALB-CPM-0001802,P0003018,187,CPM,DIRECT,2025-01-18,2026-01-18,RN,Y,13658.17,13658.17,BS1 4ST,VALID,VALID,
ALB-HOM-0004407,P0003025,333,HOM,BROKER,2024-03-30,2025-03-30,EX,N,1752.01,1752.01,RG1 1LX,VALID,VALID,
ALB-HOM-0000157,P0003027,19,HOM,BROKER,2026-01-11,2027-01-11,IF,Y,2263.39,1131.70,NR1 3QQ,VALID,VALID,
ALB-MOT-0004746,P0003029,,MOT,BROKER,2021-09-24,2022-09-24,LP,N,3312.33,3312.33,M1  1AE,INVALID,VALID,
ALB-PET-0004010,P0003031,455,PET,BROKER,2026-05-17,2027-05-17,EX,N,1892.03,315.34,YO1 6GA,VALID,VALID,
ALB-TRV-0004050,P0003034,,TRV,DIRECT,2023-05-23,2024-05-22,IF,Y,945.32,945.32,BS1 4ST,VALID,VALID,
ALB-HOM-0001759,P0003036,,HOM,AGGREGATOR,2020-03-12,2021-03-12,IF,Y,3858.11,3858.11,CF10 1EP,VALID,VALID,
ALB-HOM-0003744,P0003038,,HOM,BROKER,2021-09-09,2022-09-09,LP,N,3465.08,3465.08,M1 1AE,VALID,VALID,
ALB-CPM-0005009,P0003042,,CPM,DIRECT,2018-11-13,2019-11-13,EX,N,913.89,913.89,YO1 6GA,VALID,VALID,
ALB-CLB-0004084,P0003044,,CLB,DIRECT,2024-01-12,2025-01-11,IF,Y,12270.81,12270.81,CF10 1EP,VALID,VALID,
ALB-HOM-0004326,P0003045,356,HOM,DIRECT,2019-07-01,2020-06-30,IF,Y,3755.13,3755.13,B1 1AA,VALID,VALID,
ALB-MOT-0004391,P0003049,,MOT,BROKER,2023-03-24,2024-03-23,RN,Y,3918.53,3918.53,YO1 6GA,VALID,VALID,
ALB-CLB-0005053,P0003050,,CLB,DIRECT,2019-02-08,2020-02-08,IF,Y,10918.60,10918.60,RG1 1LX,VALID,VALID,
ALB-TRV-0003890,P0003051,259,TRV,DIRECT,2023-01-17,2024-01-17,IF,Y,2984.94,2984.94,M1 1AE,VALID,VALID,
ALB-CPM-0002285,P0003054,,CPM,AGGREGATOR,2025-07-01,2026-07-01,RN,Y,12025.39,12025.39,EC1A 1BB,VALID,VALID,
ALB-HOM-0004029,P0003055,,HOM,AGGREGATOR,2023-04-19,2024-04-18,IF,Y,1322.50,1322.50,LS1 4AP,VALID,VALID,
ALB-MOT-0004942,P0003058,,MOT,BROKER,2026-10-01,2027-10-01,IF,Y,1429.89,0.00,YO1 6GA,VALID,VALID,
ALB-CLB-0002325,P0003065,,CLB,AGGREGATOR,2024-05-09,2025-05-09,LP,N,11174.43,11174.43,LS1 4AP,VALID,VALID,
ALB-TRV-0003347,P0003068,,TRV,DIRECT,2025-01-23,2026-01-23,RN,Y,2045.49,2045.49,RG1 1LX,VALID,VALID,
ALB-CLB-0004223,P0003070,,CLB,BROKER,2024-09-13,2025-09-13,LP,N,14474.70,14474.70,CF10 1EP,VALID,VALID,
ALB-TRV-0005115,P0003072,,TRV,BROKER,2023-08-26,2024-08-25,RN,Y,1822.53,1822.53,G1 1XQ,VALID,VALID,
ALB-MOT-0003915,P0003073,117,MOT,AGGREGATOR,2020-09-06,2021-09-06,RN,Y,3256.30,3256.30,M1  1AE,INVALID,VALID,
ALB-TRV-0003386,P0003074,480,TRV,BROKER,2018-04-04,2019-04-04,RN,Y,1685.58,1685.58,M1 1AE,VALID,VALID,
ALB-MOT-0003304,P0003075,292,MOT,BROKER,2025-03-14,2026-03-14,IF,Y,1810.13,1810.13,NR1 3QQ,VALID,VALID,
ALB-MOT-0002866,P0003076,,MOT,AGGREGATOR,2018-02-20,2019-02-20,EX,N,843.89,843.89,G1 1XQ,VALID,VALID,
ALB-TRV-0000690,P0003079,,TRV,AGGREGATOR,2024-02-29,2025-02-28,IF,Y,386.36,386.36,YO1 6GA,VALID,VALID,
ALB-TRV-0004267,P0003082,,TRV,AGGREGATOR,2021-07-31,2022-07-31,EX,N,1606.92,1606.92,LS1 4AP,VALID,VALID,
ALB-MOT-0000449,P0003086,188,MOT,BROKER,2024-05-05,2025-05-05,EX,N,1717.80,1717.80,CF10 1EP,VALID,VALID,
ALB-PET-0004357,P0003088,,PET,AGGREGATOR,2021-11-21,2022-11-21,RN,Y,2037.63,2037.63,RG1 1LX,VALID,VALID,
ALB-CPM-0001162,P0003089,,CPM,BROKER,2019-12-21,2020-12-20,IF,Y,14263.91,14263.91,LS1 4AP,VALID,VALID,
ALB-CPM-0003414,P0003091,,CPM,AGGREGATOR,2025-12-14,2026-12-14,RN,Y,3466.56,2022.16,M1 1AE,VALID,VALID,
ALB-CLB-0002738,P0003096,,CLB,BROKER,2024-07-31,2025-07-31,RN,Y,12179.97,12179.97,YO1 6GA,VALID,VALID,
ALB-CLB-0000170,P0003098,,CLB,DIRECT,2023-12-29,2024-12-28,RN,Y,2432.23,2432.23,NR1 3QQ,VALID,VALID,
ALB-PET-0004045,P0003100,,PET,BROKER,2022-07-12,2023-07-12,CN,N,3032.75,3032.75,CF10 1EP,VALID,VALID,
ALB-CLB-0004012,P0003101,,CLB,AGGREGATOR,2019-04-05,2020-04-04,RN,Y,13384.92,13384.92,CF10 1EP,VALID,VALID,
ALB-CLB-0002075,P0003103,,CLB,BROKER,2019-11-15,2020-11-14,EX,N,4525.65,4525.65,G1 1XQ,VALID,VALID,
ALB-PET-0003922,P0003110,,PET,BROKER,2023-01-10,2024-01-10,RN,Y,3879.72,3879.72,CF10 1EP,VALID,VALID,
ALB-MOT-0005152,P0003114,479,MOT,BROKER,2019-09-30,2020-09-29,RN,Y,568.73,568.73,B1 1AA,VALID,VALID,
ALB-TRV-0004472,P0003118,,TRV,BROKER,2023-03-07,2024-03-06,LP,N,3256.90,3256.90,M1 1AE,VALID,VALID,
ALB-CPM-0004773,P0003120,,CPM,DIRECT,2025-03-07,2026-03-07,LP,N,12452.95,12452.95,RG1 1LX,VALID,VALID,
ALB-CLB-0002472,P0003125,298,CLB,DIRECT,2021-09-27,2022-09-27,CN,N,1731.74,1731.74,M1 1AE,VALID,VALID,
ALB-HOM-0004634,P0003126,,HOM,AGGREGATOR,2024-06-03,2025-06-03,RN,Y,1114.09,1114.09,G1 1XQ,VALID,VALID,
ALB-MOT-0003411,P0003130,486,MOT,AGGREGATOR,2022-08-21,2023-08-21,LP,N,2454.15,2454.15,G1 1XQ,VALID,VALID,
ALB-CPM-0004228,P0003132,,CPM,DIRECT,2024-04-29,2025-04-29,IF,Y,8137.54,8137.54,LS1 4AP,VALID,VALID,
ALB-CLB-0003490,P0003133,,CLB,AGGREGATOR,2026-07-15,2027-07-15,RN,Y,14058.89,0.00,,INVALID,VALID,
ALB-MOT-0000396,P0003137,258,MOT,BROKER,2025-08-13,2026-08-13,IF,Y,1598.87,1465.63,LS1 4AP,VALID,VALID,
ALB-PET-0001479,P0003142,64,PET,AGGREGATOR,2026-11-16,2027-11-16,EX,N,2020.94,0.00,M1 1AE,VALID,VALID,
ALB-CPM-0002396,P0003144,263,CPM,BROKER,2026-09-10,2027-09-10,IF,Y,3748.49,0.00,M1 1AE,VALID,VALID,
ALB-TRV-0001446,P0003149,,TRV,DIRECT,2024-01-01,2024-12-31,RN,Y,1272.78,1272.78,B1 1AA,VALID,VALID,
ALB-HOM-0001438,P0003152,322,HOM,BROKER,2018-03-19,2019-03-19,CN,N,3700.43,3700.43,BS1 4ST,VALID,VALID,
ALB-HOM-0004025,P0003153,203,HOM,BROKER,2023-08-10,2024-08-09,EX,N,401.79,401.79,ZZ99 9ZZ,VALID,VALID,
ALB-CLB-0003609,P0003154,363,CLB,DIRECT,2022-01-21,2023-01-21,LP,N,2506.56,2506.56,RG1 1LX,VALID,VALID,
ALB-CLB-0001214,P0003157,488,CLB,BROKER,2026-10-02,2027-10-02,EX,N,874.50,0.00,B1 1AA,VALID,VALID,
ALB-CLB-0002409,P0003163,,CLB,AGGREGATOR,2020-12-26,2021-12-26,IF,Y,7237.06,7237.06,YO1 6GA,VALID,VALID,
ALB-CLB-0001750,P0003165,205,CLB,BROKER,2018-07-04,2019-07-04,IF,Y,4608.38,4608.38,G1 1XQ,VALID,VALID,
ALB-CPM-0004833,P0003167,,CPM,DIRECT,2025-01-24,2026-01-24,RN,Y,8933.27,8933.27,NR1 3QQ,VALID,VALID,
ALB-CLB-0002450,P0003175,,CLB,AGGREGATOR,2026-03-08,2027-03-08,EX,N,930.34,310.11,B1 1AA,VALID,VALID,
ALB-TRV-0003139,P0003187,,TRV,BROKER,2021-01-13,2022-01-13,EX,N,4078.86,4078.86,RG1 1LX,VALID,VALID,
ALB-CPM-0004842,P0003190,41,CPM,DIRECT,2023-09-20,2024-09-19,EX,N,11499.39,11499.39,LS1 4AP,VALID,VALID,
ALB-TRV-0004661,P0003194,128,TRV,BROKER,2022-01-15,2023-01-15,IF,Y,3284.62,3284.62,NR1 3QQ,VALID,VALID,
ALB-HOM-0002283,P0002062,13,HOM,DIRECT,2018-01-27,2019-01-27,IF,Y,2482.24,2482.24,YO1 6GA,VALID,VALID,
ALB-MOT-0001324,P0002066,410,MOT,AGGREGATOR,2026-04-26,2027-04-26,RN,Y,236.48,39.41,M1 1AE,VALID,VALID,
ALB-TRV-0002687,P0002067,,TRV,AGGREGATOR,2019-05-19,2020-05-18,IF,Y,219.94,219.94,M1 1AE,VALID,VALID,
ALB-CPM-0000803,P0002071,,CPM,BROKER,2023-12-05,2024-12-04,IF,Y,1068.17,1068.17,RG1 1LX,VALID,VALID,
ALB-PET-0003531,P0002074,297,PET,BROKER,2018-12-20,2019-12-20,IF,Y,3749.91,3749.91,BS1 4ST,VALID,VALID,
ALB-MOT-0004033,P0002076,,MOT,DIRECT,2023-08-18,2024-08-17,LP,N,2547.71,2547.71,G1 1XQ,VALID,VALID,
ALB-HOM-0000748,P0002078,,HOM,DIRECT,2021-08-19,2022-08-19,EX,N,894.38,894.38,G1 1XQ,VALID,VALID,
ALB-CPM-0001086,P0002082,290,CPM,BROKER,2020-04-06,2021-04-06,IF,Y,14633.54,14633.54,LS1 4AP,VALID,VALID,
ALB-PET-0003374,P0002088,,PET,BROKER,2023-01-09,2024-01-09,IF,Y,3945.97,3945.97,LS1 4AP,VALID,VALID,
ALB-TRV-0003941,P0002092,,TRV,BROKER,2019-08-11,2020-08-10,CN,N,4047.93,4047.93,LS1 4AP,VALID,VALID,
ALB-HOM-0000632,P0002093,160,HOM,BROKER,2020-07-01,2021-07-01,EX,N,3749.77,3749.77,M1 1AE,VALID,VALID,
ALB-TRV-0002615,P0002095,216,TRV,DIRECT,2018-01-29,2019-01-29,IF,Y,831.68,831.68,EC1A 1BB,VALID,VALID,
ALB-CPM-0004580,P0002101,362,CPM,DIRECT,2025-09-17,2026-09-17,CN,N,5440.81,4534.01,LS1 4AP,VALID,VALID,
ALB-HOM-0001280,P0002117,337,HOM,DIRECT,2021-06-01,2022-06-01,IF,Y,2517.96,2517.96,CF10 1EP,VALID,VALID,
ALB-TRV-0003077,P0002118,,TRV,AGGREGATOR,2019-03-19,2020-03-18,EX,N,1171.05,1171.05,G1 1XQ,VALID,VALID,
ALB-TRV-0000318,P0002126,,TRV,BROKER,2021-04-08,2022-04-08,IF,Y,3423.82,3423.82,YO1 6GA,VALID,VALID,
ALB-CLB-0000920,P0002134,453,CLB,DIRECT,2026-11-30,2027-11-30,IF,Y,5403.78,0.00,NR1 3QQ,VALID,VALID,
ALB-PET-0003538,P0002137,,PET,DIRECT,2019-06-27,2020-06-26,EX,N,1488.02,1488.02,BS1 4ST,VALID,VALID,
ALB-CLB-0003840,P0002139,,CLB,BROKER,2021-01-22,2022-01-22,LP,N,1369.14,1369.14,NR1 3QQ,VALID,VALID,
ALB-PET-0003114,P0002151,298,PET,DIRECT,2026-05-27,2027-05-27,LP,N,1335.76,111.31,RG1 1LX,VALID,VALID,
ALB-TRV-0002155,P0002152,,TRV,BROKER,2025-10-27,2026-10-27,IF,Y,759.82,569.87,EC1A 1BB,VALID,VALID,
ALB-CPM-0001601,P0002159,,CPM,AGGREGATOR,2021-09-21,2022-09-21,EX,N,14301.18,14301.18,EC1A 1BB,VALID,VALID,
ALB-TRV-0001672,P0002166,251,TRV,BROKER,2025-02-21,2026-02-21,RN,Y,971.70,971.70,,INVALID,VALID,
ALB-CPM-0000342,P0002173,,CPM,DIRECT,2019-04-14,2020-04-13,IF,Y,11290.74,11290.74,BS1 4ST,VALID,VALID,
ALB-MOT-0001425,P0002176,324,MOT,DIRECT,2021-12-09,2022-12-09,EX,N,2531.24,2531.24,EC1A 1BB,VALID,VALID,
ALB-CPM-0003579,P0002178,104,CPM,AGGREGATOR,2019-06-04,2020-06-03,EX,N,2669.27,2669.27,EC1A 1BB,VALID,VALID,
ALB-MOT-0001799,P0002195,273,MOT,BROKER,2026-08-27,2027-08-27,LP,N,1657.81,0.00,NR1 3QQ,VALID,VALID,
ALB-CPM-0003088,P0002196,332,CPM,DIRECT,2023-05-21,2024-05-20,EX,N,11181.96,11181.96,M1 1AE,VALID,VALID,
ALB-MOT-0001906,P0002197,203,MOT,DIRECT,2018-02-08,2019-02-08,LP,N,3922.86,3922.86,LS1 4AP,VALID,VALID,
ALB-CPM-0003200,P0002212,,CPM,DIRECT,2023-08-29,2024-08-28,IF,Y,2420.34,2420.34,LS1 4AP,VALID,VALID,
ALB-MOT-0002810,P0002220,,MOT,DIRECT,2023-04-28,2024-04-27,IF,Y,621.86,621.86,YO1 6GA,VALID,VALID,
ALB-CLB-0002584,P0002228,,CLB,BROKER,2018-08-17,2019-08-17,LP,N,10274.07,10274.07,RG1 1LX,VALID,VALID,
ALB-CPM-0003356,P0002235,474,CPM,AGGREGATOR,2024-03-05,2025-03-05,EX,N,9842.34,9842.34,YO1 6GA,VALID,VALID,
ALB-TRV-0004650,P0002238,,TRV,DIRECT,2020-03-07,2021-03-07,EX,N,2362.80,2362.80,EC1A 1BB,VALID,VALID,
ALB-MOT-0001841,P0002239,,MOT,DIRECT,2023-08-16,2024-08-15,RN,Y,3402.92,3402.92,LS1 4AP,VALID,VALID,
ALB-TRV-0003935,P0002240,117,TRV,BROKER,2019-01-06,2020-01-06,RN,Y,2326.09,2326.09,ZZ99 9ZZ,VALID,VALID,
ALB-HOM-0004178,P0002242,,HOM,AGGREGATOR,2021-06-04,2022-06-04,IF,Y,1794.43,1794.43,ZZ99 9ZZ,VALID,VALID,
ALB-TRV-0002463,P0002245,441,TRV,AGGREGATOR,2022-05-15,2023-05-15,RN,Y,2952.45,2952.45,BS1 4ST,VALID,VALID,
ALB-PET-0001252,P0002259,,PET,BROKER,2024-10-06,2025-10-06,EX,N,734.55,734.55,CF10 1EP,VALID,VALID,
ALB-TRV-0003082,P0002270,293,TRV,BROKER,2024-10-12,2025-10-12,EX,N,1177.27,1177.27,EC1A 1BB,VALID,VALID,
ALB-PET-0001916,P0002271,,PET,AGGREGATOR,2018-07-19,2019-07-19,CN,N,388.27,388.27,BS1 4ST,VALID,VALID,
ALB-CLB-0003887,P0002272,,CLB,AGGREGATOR,2019-12-16,2020-12-15,LP,N,3694.01,3694.01,M1 1AE,VALID,VALID,
ALB-CPM-0004406,P0002273,46,CPM,AGGREGATOR,2022-12-01,2023-12-01,RN,Y,4810.70,4810.70,N/A,INVALID,VALID,
ALB-PET-0004207,P0002280,,PET,AGGREGATOR,2024-02-13,2025-02-12,IF,Y,1909.79,1909.79,G1 1XQ,VALID,VALID,
ALB-CPM-0002609,P0002284,,CPM,DIRECT,2022-01-07,2023-01-07,RN,Y,4494.00,4494.00,,INVALID,VALID,
ALB-HOM-0002203,P0002286,,HOM,AGGREGATOR,2023-02-12,2024-02-12,IF,Y,1813.68,1813.68,RG1 1LX,VALID,VALID,
ALB-TRV-0003836,P0002292,377,TRV,DIRECT,2026-12-18,2027-12-18,IF,Y,2301.63,0.00,CF10 1EP,VALID,VALID,
ALB-CPM-0003640,P0002293,,CPM,DIRECT,2019-07-22,2020-07-21,IF,Y,9124.36,9124.36,EC1A 1BB,VALID,VALID,
ALB-CLB-0002443,P0002306,,CLB,BROKER,2023-05-07,2024-05-06,IF,Y,1611.11,1611.11,BS1 4ST,VALID,VALID,
ALB-CLB-0002470,P0002310,337,CLB,DIRECT,2024-12-23,2025-12-23,IF,Y,1283.96,1283.96,M1 1AE,VALID,VALID,
ALB-PET-0000276,P0002311,,PET,BROKER,2026-04-10,2027-04-10,RN,Y,2827.92,706.98,YO1 6GA,VALID,VALID,
ALB-TRV-0001192,P0002315,456,TRV,BROKER,2021-09-12,2022-09-12,IF,Y,1093.25,1093.25,RG1 1LX,VALID,VALID,
ALB-CPM-0002036,P0002335,,CPM,AGGREGATOR,2021-10-19,2022-10-19,IF,Y,767.93,767.93,LS1 4AP,VALID,VALID,
ALB-CPM-0000110,P0002337,,CPM,DIRECT,2025-01-18,2026-01-18,CN,N,5634.17,5634.17,YO1 6GA,VALID,VALID,
ALB-HOM-0000627,P0002338,413,HOM,AGGREGATOR,2019-03-23,2020-03-22,IF,Y,2737.68,2737.68,LS1 4AP,VALID,VALID,
ALB-MOT-0004424,P0002344,,MOT,DIRECT,2020-06-23,2021-06-23,LP,N,3184.11,3184.11,BS1 4ST,VALID,VALID,
ALB-HOM-0002367,P0002349,,HOM,DIRECT,2018-04-21,2019-04-21,IF,Y,549.32,549.32,EC1A 1BB,VALID,VALID,
ALB-HOM-0003294,P0002368,,HOM,BROKER,2018-03-22,2019-03-22,LP,N,3092.05,3092.05,G1 1XQ,VALID,VALID,
ALB-HOM-0002097,P0002378,124,HOM,BROKER,2023-09-26,2024-09-25,RN,Y,1627.12,1627.12,YO1 6GA,VALID,VALID,
ALB-CLB-0002200,P0002386,,CLB,BROKER,2025-09-06,2026-09-06,EX,N,3900.65,3250.54,RG1 1LX,VALID,VALID,
ALB-MOT-0000662,P0002392,,MOT,DIRECT,2025-09-07,2026-09-07,CN,N,1048.61,873.84,RG1 1LX,VALID,VALID,
ALB-HOM-0003835,P0002410,493,HOM,AGGREGATOR,2021-02-04,2022-02-04,IF,Y,1086.33,1086.33,YO1 6GA,VALID,VALID,
ALB-HOM-0002574,P0002421,388,HOM,BROKER,2020-11-10,2021-11-10,LP,N,2042.51,2042.51,RG1 1LX,VALID,VALID,
ALB-CLB-0004193,P0002432,80,CLB,AGGREGATOR,2018-06-18,2019-06-18,IF,Y,3710.17,3710.17,BS1 4ST,VALID,VALID,
ALB-TRV-0001815,P0002435,,TRV,AGGREGATOR,2023-10-02,2024-10-01,IF,Y,817.88,817.88,RG1 1LX,VALID,VALID,
ALB-CPM-0002297,P0002439,138,CPM,DIRECT,2022-09-19,2023-09-19,IF,Y,9304.68,9304.68,G1 1XQ,VALID,VALID,
ALB-CLB-0002432,P0002444,,CLB,DIRECT,2024-11-15,2025-11-15,IF,Y,8149.58,8149.58,M1 1AE,VALID,VALID,
ALB-TRV-0000292,P0002445,,TRV,BROKER,2018-05-05,2019-05-05,LP,N,3916.84,3916.84,G1 1XQ,VALID,VALID,
ALB-TRV-0003299,P0002447,,TRV,DIRECT,2019-12-11,2020-12-10,EX,N,3259.94,3259.94,CF10 1EP,VALID,VALID,
ALB-MOT-0000507,P0002449,433,MOT,BROKER,2024-11-06,2025-11-06,IF,Y,406.35,406.35,BS1 4ST,VALID,VALID,
ALB-CLB-0002028,P0002450,156,CLB,BROKER,2025-02-28,2026-02-28,EX,N,3204.55,3204.55,ZZ99 9ZZ,VALID,VALID,
ALB-HOM-0003987,P0002453,,HOM,DIRECT,2023-08-22,2024-08-21,CN,N,541.89,541.89,LS1 4AP,VALID,VALID,
ALB-HOM-0001139,P0002456,,HOM,AGGREGATOR,2022-01-30,2023-01-30,IF,Y,3037.11,3037.11,CF10 1EP,VALID,VALID,
ALB-HOM-0003699,P0002459,,HOM,BROKER,2019-06-28,2020-06-27,IF,Y,508.01,508.01,M1 1AE,VALID,VALID,
ALB-HOM-0003459,P0002464,,HOM,DIRECT,2023-06-27,2024-06-26,IF,Y,1402.20,1402.20,CF10 1EP,VALID,VALID,
ALB-CPM-0002721,P0002466,,CPM,BROKER,2025-12-27,2026-12-27,IF,Y,5043.79,2521.90,B1 1AA,VALID,VALID,
ALB-PET-0001063,P0002468,,PET,DIRECT,2025-06-02,2026-06-02,EX,N,3390.97,3390.97,B1 1AA,VALID,VALID,
ALB-CLB-0000503,P0002470,,CLB,BROKER,2023-07-25,2024-07-24,RN,Y,3681.71,3681.71,CF10 1EP,VALID,VALID,
ALB-CPM-0000346,P0002476,,CPM,BROKER,2021-12-13,2022-12-13,RN,Y,1270.89,1270.89,M1 1AE,VALID,VALID,
ALB-CPM-0003071,P0002485,450,CPM,DIRECT,2023-09-02,2024-09-01,IF,Y,4409.25,4409.25,YO1 6GA,VALID,VALID,
ALB-CPM-0001961,P0002488,183,CPM,DIRECT,2018-07-29,2019-07-29,IF,Y,8079.08,8079.08,,INVALID,VALID,
ALB-PET-0002511,P0002499,430,PET,DIRECT,2021-11-14,2022-11-14,RN,Y,847.75,847.75,LS1 4AP,VALID,VALID,
ALB-MOT-0003943,P0002505,,MOT,BROKER,2020-05-27,2021-05-27,LP,N,2604.61,2604.61,LS1 4AP,VALID,VALID,
ALB-PET-0001444,P0002507,,PET,BROKER,2018-09-05,2019-09-05,IF,Y,3642.44,3642.44,N/A,INVALID,VALID,
ALB-MOT-0000027,P0002508,,MOT,DIRECT,2019-07-03,2020-07-02,IF,Y,1189.59,1189.59,G1 1XQ,VALID,VALID,
ALB-MOT-0003250,P0002519,,MOT,BROKER,2018-03-01,2019-03-01,IF,Y,1353.47,1353.47,LS1 4AP,VALID,VALID,
ALB-CPM-0003405,P0002521,491,CPM,BROKER,2025-02-22,2026-02-22,IF,Y,5694.64,5694.64,RG1 1LX,VALID,VALID,
ALB-PET-0000649,P0002528,,PET,DIRECT,2019-03-04,2020-03-03,IF,Y,747.93,747.93,G1 1XQ,VALID,VALID,
ALB-CPM-0001980,P0002531,,CPM,DIRECT,2018-05-28,2019-05-28,CN,N,12185.79,12185.79,G1 1XQ,VALID,VALID,
ALB-MOT-0002176,P0002533,175,MOT,BROKER,2025-12-09,2026-12-09,LP,N,3911.60,2281.77,EC1A 1BB,VALID,VALID,
ALB-MOT-0002190,P0002536,28,MOT,BROKER,2022-01-07,2023-01-07,IF,Y,3608.91,3608.91,LS1 4AP,VALID,VALID,
ALB-CLB-0000798,P0002538,,CLB,DIRECT,2020-12-02,2021-12-02,EX,N,5279.89,5279.89,BS1 4ST,VALID,VALID,
ALB-MOT-0000524,P0002542,132,MOT,AGGREGATOR,2025-10-18,2026-10-18,EX,N,2475.96,1856.97,G1 1XQ,VALID,VALID,
ALB-CLB-0003442,P0002558,432,CLB,BROKER,2025-11-08,2026-11-08,IF,Y,8520.83,5680.55,M1 1AE,VALID,VALID,
ALB-TRV-0002730,P0002562,,TRV,DIRECT,2025-02-18,2026-02-18,IF,Y,2444.00,2444.00,M1 1AE,VALID,VALID,
ALB-HOM-0001396,P0002568,,HOM,DIRECT,2018-10-30,2019-10-30,LP,N,2938.13,2938.13,EC1A 1BB,VALID,VALID,
ALB-MOT-0004216,P0002569,329,MOT,BROKER,2023-01-12,2024-01-12,IF,Y,3958.48,3958.48,RG1 1LX,VALID,VALID,
ALB-CPM-0001105,P0002574,272,CPM,BROKER,2025-07-22,2026-07-22,IF,Y,12364.70,12364.70,NR1 3QQ,VALID,VALID,
ALB-TRV-0001418,P0002583,497,TRV,DIRECT,2023-11-21,2024-11-20,EX,N,3233.01,3233.01,LS1 4AP,VALID,VALID,
ALB-MOT-0003154,P0002588,165,MOT,DIRECT,2026-04-08,2027-04-08,CN,N,285.94,71.49,EC1A 1BB,VALID,VALID,
ALB-CPM-0004144,P0002589,,CPM,BROKER,2019-01-26,2020-01-26,LP,N,11373.40,11373.40,RG1 1LX,VALID,VALID,
ALB-MOT-0001778,P0002592,,MOT,BROKER,2026-11-24,2027-11-24,IF,Y,2900.19,0.00,CF10 1EP,VALID,VALID,
ALB-PET-0000797,P0002600,,PET,BROKER,2022-11-16,2023-11-16,IF,Y,271.94,271.94,M1 1AE,VALID,VALID,
ALB-HOM-0000568,P0002605,181,HOM,BROKER,2018-11-14,2019-11-14,CN,N,3464.50,3464.50,EC1A 1BB,VALID,VALID,
ALB-CPM-0002569,P0002606,216,CPM,AGGREGATOR,2025-08-03,2026-08-03,RN,Y,8458.97,7754.06,G1 1XQ,VALID,VALID,
ALB-TRV-0004064,P0002610,,TRV,AGGREGATOR,2024-08-19,2025-08-19,IF,Y,1008.11,1008.11,NR1 3QQ,VALID,VALID,
ALB-HOM-0000778,P0002612,,HOM,BROKER,2021-10-04,2022-10-04,LP,N,3308.68,3308.68,BS1 4ST,VALID,VALID,
ALB-MOT-0002690,P0002618,,MOT,BROKER,2022-11-03,2023-11-03,LP,N,2460.48,2460.48,G1 1XQ,VALID,VALID,
ALB-CPM-0003634,P0002630,,CPM,BROKER,2023-07-29,2024-07-28,RN,Y,13136.84,13136.84,M1 1AE,VALID,VALID,
ALB-PET-0003698,P0002637,211,PET,AGGREGATOR,2021-01-15,2022-01-15,EX,N,2013.12,2013.12,M1 1AE,VALID,VALID,
ALB-TRV-0003633,P0002644,,TRV,AGGREGATOR,2025-06-15,2026-06-15,IF,Y,3001.24,3001.24,EC1A 1BB,VALID,VALID,
ALB-MOT-0001456,P0002653,323,MOT,BROKER,2022-01-30,2023-01-30,EX,N,2181.02,2181.02,RG1 1LX,VALID,VALID,
ALB-MOT-0000847,P0002654,247,MOT,AGGREGATOR,2023-11-20,2024-11-19,IF,Y,4112.80,4112.80,M1  1AE,INVALID,VALID,
ALB-TRV-0001688,P0002657,,TRV,BROKER,2023-03-24,2024-03-23,LP,N,3655.28,3655.28,CF10 1EP,VALID,VALID,
ALB-CPM-0001639,P0002659,,CPM,AGGREGATOR,2018-12-04,2019-12-04,RN,Y,9175.67,9175.67,M1 1AE,VALID,VALID,
ALB-HOM-0001627,P0002662,114,HOM,DIRECT,2026-12-18,2027-12-18,RN,Y,1964.43,0.00,EC1A 1BB,VALID,VALID,
ALB-MOT-0001431,P0002663,148,MOT,BROKER,2022-12-14,2023-12-14,LP,N,1111.85,1111.85,NR1 3QQ,VALID,VALID,
ALB-HOM-0002307,P0002669,99,HOM,DIRECT,2018-05-23,2019-05-23,EX,N,3717.71,3717.71,EC1A 1BB,VALID,VALID,
ALB-HOM-0001634,P0002673,,HOM,AGGREGATOR,2018-02-14,2019-02-14,IF,Y,580.15,580.15,CF10 1EP,VALID,VALID,
ALB-CLB-0002536,P0002675,,CLB,BROKER,2022-08-26,2023-08-26,LP,N,3293.16,3293.16,M1 1AE,VALID,VALID,
ALB-HOM-0000791,P0002678,,HOM,BROKER,2019-09-13,2020-09-12,LP,N,842.98,842.98,CF10 1EP,VALID,VALID,
ALB-CLB-0001635,P0002688,379,CLB,AGGREGATOR,2020-09-26,2021-09-26,RN,Y,13883.01,13883.01,RG1 1LX,VALID,VALID,
ALB-MOT-0000142,P0002695,,MOT,BROKER,2020-05-15,2021-05-15,IF,Y,1498.99,1498.99,YO1 6GA,VALID,VALID,
ALB-HOM-0000668,P0002699,428,HOM,BROKER,2026-12-24,2027-12-24,IF,Y,1457.68,0.00,B1 1AA,VALID,VALID,
ALB-PET-0001542,P0002707,,PET,AGGREGATOR,2018-12-06,2019-12-06,RN,Y,3626.86,3626.86,YO1 6GA,VALID,VALID,
ALB-HOM-0002255,P0002713,423,HOM,AGGREGATOR,2023-04-11,2024-04-10,EX,N,2085.34,2085.34,B1 1AA,VALID,VALID,
ALB-CLB-0000268,P0002714,21,CLB,BROKER,2021-01-29,2022-01-29,RN,Y,12117.73,12117.73,BS1 4ST,VALID,VALID,
ALB-CLB-0002189,P0002719,,CLB,AGGREGATOR,2018-01-29,2019-01-29,RN,Y,2319.80,2319.80,G1 1XQ,VALID,VALID,
ALB-CPM-0001526,P0002730,,CPM,BROKER,2022-05-14,2023-05-14,IF,Y,10477.38,10477.38,CF10 1EP,VALID,VALID,
ALB-PET-0002582,P0002732,,PET,BROKER,2018-02-04,2019-02-04,IF,Y,282.73,282.73,LS1 4AP,VALID,VALID,
ALB-PET-0001195,P0002735,,PET,BROKER,2026-11-02,2027-11-02,LP,N,1050.65,0.00,BS1 4ST,VALID,VALID,
ALB-MOT-0001360,P0002736,,MOT,BROKER,2025-12-10,2026-12-10,IF,Y,745.17,434.68,BS1 4ST,VALID,VALID,
ALB-MOT-0001193,P0002737,14,MOT,DIRECT,2026-11-08,2027-11-08,CN,N,3911.78,0.00,LS1 4AP,VALID,VALID,
ALB-PET-0004847,P0002739,289,PET,BROKER,2025-03-30,2026-03-30,EX,N,3311.92,3311.92,M1 1AE,VALID,VALID,
ALB-MOT-0002860,P0002742,469,MOT,AGGREGATOR,2021-10-24,2022-10-24,CN,N,253.59,253.59,EC1A 1BB,VALID,VALID,
ALB-CPM-0003233,P0002751,,CPM,BROKER,2026-04-28,2027-04-28,IF,Y,2291.53,381.92,NR1 3QQ,VALID,VALID,
ALB-CPM-0000134,P0002753,344,CPM,DIRECT,2021-09-04,2022-09-04,IF,Y,10377.45,10377.45,M1 1AE,VALID,VALID,
ALB-CPM-0001378,P0002758,,CPM,BROKER,2024-02-21,2025-02-20,LP,N,7147.55,7147.55,G1 1XQ,VALID,VALID,
ALB-CLB-0003844,P0002770,,CLB,DIRECT,2023-02-09,2024-02-09,IF,Y,11111.94,11111.94,NR1 3QQ,VALID,VALID,
ALB-PET-0000693,P0002781,,PET,BROKER,2023-07-05,2024-07-04,RN,Y,1030.55,1030.55,RG1 1LX,VALID,VALID,
ALB-HOM-0002984,P0002783,,HOM,BROKER,2019-03-21,2020-03-20,LP,N,2099.30,2099.30,B1 1AA,VALID,VALID,
ALB-HOM-0001686,P0002785,288,HOM,BROKER,2026-01-09,2027-01-09,EX,N,1701.53,850.77,YO1 6GA,VALID,VALID,
ALB-TRV-0004230,P0002789,,TRV,BROKER,2024-05-31,2025-05-31,IF,Y,3782.60,3782.60,B1 1AA,VALID,VALID,
ALB-HOM-0000771,P0002801,,HOM,AGGREGATOR,2020-11-27,2021-11-27,RN,Y,2519.50,2519.50,M1 1AE,VALID,VALID,
ALB-TRV-0003204,P0002803,,TRV,DIRECT,2022-05-29,2023-05-29,RN,Y,1315.52,1315.52,NR1 3QQ,VALID,VALID,
ALB-CLB-0002505,P0002807,210,CLB,BROKER,2024-06-24,2025-06-24,RN,Y,7079.71,7079.71,BS1 4ST,VALID,VALID,
ALB-HOM-0001879,P0002809,181,HOM,AGGREGATOR,2018-08-01,2019-08-01,LP,N,1550.75,1550.75,CF10 1EP,VALID,VALID,
ALB-PET-0001600,P0002811,,PET,DIRECT,2021-04-05,2022-04-05,IF,Y,192.02,192.02,CF10 1EP,VALID,VALID,
ALB-MOT-0000749,P0002812,,MOT,BROKER,2026-09-17,2027-09-17,RN,Y,2362.56,0.00,YO1 6GA,VALID,VALID,
ALB-CLB-0000554,P0002813,255,CLB,BROKER,2020-06-06,2021-06-06,IF,Y,3169.24,3169.24,M1 1AE,VALID,VALID,
ALB-CLB-0004239,P0002817,,CLB,BROKER,2025-01-07,2026-01-07,EX,N,14553.42,14553.42,YO1 6GA,VALID,VALID,
ALB-TRV-0003276,P0002839,,TRV,AGGREGATOR,2018-11-12,2019-11-12,IF,Y,975.14,975.14,M1 1AE,VALID,VALID,
ALB-MOT-0003271,P0002844,,MOT,BROKER,2019-05-10,2020-05-09,IF,Y,2344.37,2344.37,LS1 4AP,VALID,VALID,
ALB-MOT-0001582,P0002845,,MOT,BROKER,2024-04-24,2025-04-24,LP,N,1513.91,1513.91,G1 1XQ,VALID,VALID,
ALB-CLB-0004362,P0002847,,CLB,DIRECT,2024-07-03,2025-07-03,EX,N,10758.93,10758.93,RG1 1LX,VALID,VALID,
ALB-MOT-0000212,P0002848,,MOT,AGGREGATOR,2022-12-09,2023-12-09,LP,N,1146.61,1146.61,EC1A 1BB,VALID,VALID,
ALB-CPM-0001854,P0002868,,CPM,DIRECT,2019-08-03,2020-08-02,IF,Y,10275.55,10275.55,M1 1AE,VALID,VALID,
ALB-CLB-0002092,P0002869,486,CLB,BROKER,2025-04-19,2026-04-19,IF,Y,7348.04,7348.04,BS1 4ST,VALID,VALID,
ALB-CLB-0001731,P0002886,281,CLB,BROKER,2024-04-26,2025-04-26,LP,N,11808.89,11808.89,YO1 6GA,VALID,VALID,
ALB-MOT-0004063,P0002887,101,MOT,DIRECT,2021-06-27,2022-06-27,IF,Y,3888.79,3888.79,NR1 3QQ,VALID,VALID,
ALB-CPM-0001051,P0002892,,CPM,DIRECT,2025-06-26,2026-06-26,LP,N,3568.58,3568.58,M1  1AE,INVALID,VALID,
ALB-PET-0001436,P0002893,,PET,BROKER,2018-11-30,2019-11-30,IF,Y,3366.09,3366.09,NR1 3QQ,VALID,VALID,
ALB-PET-0003413,P0002899,,PET,BROKER,2026-08-10,2027-08-10,RN,Y,3904.45,0.00,G1 1XQ,VALID,VALID,
ALB-MOT-0004277,P0002906,84,MOT,DIRECT,2023-07-16,2024-07-15,RN,Y,3980.83,3980.83,B1 1AA,VALID,VALID,
ALB-CLB-0003247,P0002908,183,CLB,DIRECT,2018-07-30,2019-07-30,IF,Y,9943.79,9943.79,M1 1AE,VALID,VALID,
ALB-PET-0000664,P0002913,,PET,BROKER,2025-02-22,2026-02-22,LP,N,1643.24,1643.24,LS1 4AP,VALID,VALID,
ALB-PET-0003372,P0002914,,PET,AGGREGATOR,2026-09-28,2027-09-28,IF,Y,1735.90,0.00,,INVALID,VALID,
ALB-CLB-0001720,P0002915,230,CLB,BROKER,2019-07-13,2020-07-12,CN,N,2613.57,2613.57,YO1 6GA,VALID,VALID,
ALB-CLB-0004518,P0002919,364,CLB,DIRECT,2024-02-07,2025-02-06,RN,Y,5669.13,5669.13,CF10 1EP,VALID,VALID,
ALB-TRV-0001258,P0002924,32,TRV,BROKER,2024-03-10,2025-03-10,IF,Y,3256.95,3256.95,CF10 1EP,VALID,VALID,
ALB-TRV-0001327,P0002929,,TRV,BROKER,2025-01-12,2026-01-12,RN,Y,1186.07,1186.07,CF10 1EP,VALID,VALID,
ALB-CPM-0003279,P0002939,,CPM,BROKER,2024-05-16,2025-05-16,CN,N,5278.24,5278.24,LS1 4AP,VALID,VALID,
ALB-MOT-0004470,P0002947,,MOT,BROKER,2023-08-25,2024-08-24,IF,Y,3542.99,3542.99,B1 1AA,VALID,VALID,
ALB-TRV-0004652,P0002963,,TRV,AGGREGATOR,2023-04-14,2024-04-13,IF,Y,2983.60,2983.60,ZZ99 9ZZ,VALID,VALID,
ALB-PET-0000293,P0002969,,PET,BROKER,2018-08-24,2019-08-24,RN,Y,2044.07,2044.07,EC1A 1BB,VALID,VALID,
ALB-MOT-0000326,P0002977,350,MOT,BROKER,2022-03-02,2023-03-02,IF,Y,207.25,207.25,G1 1XQ,VALID,VALID,
ALB-MOT-0003212,P0002981,,MOT,BROKER,2025-03-09,2026-03-09,IF,Y,2052.11,2052.11,M1 1AE,VALID,VALID,
ALB-MOT-0003759,P0002986,,MOT,BROKER,2020-04-24,2021-04-24,LP,N,565.19,565.19,B1 1AA,VALID,VALID,
ALB-PET-0002341,P0002990,87,PET,DIRECT,2018-02-08,2019-02-08,IF,Y,1361.49,1361.49,BS1 4ST,VALID,VALID,
ALB-TRV-0000187,P0002993,,TRV,AGGREGATOR,2019-04-04,2020-04-03,IF,Y,978.98,978.98,G1 1XQ,VALID,VALID,
ALB-MOT-0001476,P0002995,,MOT,BROKER,2019-10-03,2020-10-02,IF,Y,963.57,963.57,YO1 6GA,VALID,VALID,
ALB-HOM-0004257,P0002998,,HOM,BROKER,2024-10-29,2025-10-29,IF,Y,581.76,581.76,EC1A 1BB,VALID,VALID,
ALB-CPM-0000864,P0003001,123,CPM,DIRECT,2019-03-20,2020-03-19,CN,N,8243.50,8243.50,BS1 4ST,VALID,VALID,
ALB-PET-0003618,P0003007,,PET,BROKER,2019-07-18,2020-07-17,IF,Y,704.72,704.72,YO1 6GA,VALID,VALID,
ALB-CLB-0003837,P0003015,472,CLB,DIRECT,2022-01-09,2023-01-09,EX,N,2558.44,2558.44,B1 1AA,VALID,VALID,
ALB-HOM-0004640,P0003026,38,HOM,BROKER,2019-05-20,2020-05-19,EX,N,1076.30,1076.30,LS1 4AP,VALID,VALID,
ALB-CPM-0003264,P0003042,,CPM,BROKER,2023-11-03,2024-11-02,CN,N,12167.10,12167.10,YO1 6GA,VALID,VALID,
ALB-PET-0002466,P0003043,,PET,AGGREGATOR,2020-09-28,2021-09-28,EX,N,1391.71,1391.71,EC1A1BB,INVALID,VALID,
ALB-MOT-0002491,P0003047,,MOT,BROKER,2025-03-09,2026-03-09,CN,N,1337.53,1337.53,M1 1AE,VALID,VALID,
ALB-CLB-0002007,P0003060,,CLB,BROKER,2019-01-23,2020-01-23,IF,Y,14233.69,14233.69,EC1A 1BB,VALID,VALID,
ALB-CPM-0002787,P0003061,349,CPM,BROKER,2024-01-25,2025-01-24,LP,N,11693.47,11693.47,B1 1AA,VALID,VALID,
ALB-PET-0004102,P0003064,,PET,DIRECT,2026-02-17,2027-02-17,IF,Y,2112.36,880.15,M1 1AE,VALID,VALID,
ALB-CPM-0001331,P0003068,,CPM,DIRECT,2022-11-11,2023-11-11,IF,Y,12222.79,12222.79,RG1 1LX,VALID,VALID,
ALB-MOT-0000625,P0003079,,MOT,DIRECT,2019-01-05,2020-01-05,IF,Y,417.10,417.10,YO1 6GA,VALID,VALID,
ALB-CPM-0002653,P0003080,,CPM,DIRECT,2026-10-04,2027-10-04,CN,N,11347.93,0.00,EC1A 1BB,VALID,VALID,
ALB-CPM-0004451,P0003083,,CPM,BROKER,2021-10-08,2022-10-08,RN,Y,799.50,799.50,M1 1AE,VALID,VALID,
ALB-TRV-0005095,P0003085,250,TRV,BROKER,2026-05-01,2027-05-01,RN,Y,885.43,147.57,G1 1XQ,VALID,VALID,
ALB-CPM-0002973,P0003092,284,CPM,DIRECT,2018-08-13,2019-08-13,RN,Y,7545.55,7545.55,CF10 1EP,VALID,VALID,
ALB-HOM-0001563,P0003096,,HOM,DIRECT,2020-12-12,2021-12-12,IF,Y,3275.96,3275.96,YO1 6GA,VALID,VALID,
ALB-HOM-0000378,P0003118,,HOM,BROKER,2025-10-30,2026-10-30,IF,Y,1339.91,893.27,M1 1AE,VALID,VALID,
ALB-PET-0002266,P0003119,,PET,DIRECT,2022-09-01,2023-09-01,CN,N,1134.95,1134.95,B1 1AA,VALID,VALID,
ALB-TRV-0001716,P0003121,364,TRV,BROKER,2022-12-27,2023-12-27,EX,N,468.39,468.39,BS1 4ST,VALID,VALID,
ALB-CPM-0002674,P0003122,154,CPM,DIRECT,2024-02-14,2025-02-13,CN,N,5075.99,5075.99,CF10 1EP,VALID,VALID,
ALB-TRV-0000043,P0003126,,TRV,BROKER,2021-09-14,2022-09-14,IF,Y,3390.48,3390.48,G1 1XQ,VALID,VALID,
ALB-HOM-0001300,P0003130,486,HOM,DIRECT,2019-07-06,2020-07-05,CN,N,1756.12,1756.12,G1 1XQ,VALID,VALID,
ALB-PET-0003097,P0003145,,PET,AGGREGATOR,2025-07-03,2026-07-03,IF,Y,1651.41,1651.41,BS1 4ST,VALID,VALID,
ALB-PET-0002339,P0003148,322,PET,AGGREGATOR,2018-12-30,2019-12-30,EX,N,2420.88,2420.88,G1 1XQ,VALID,VALID,
ALB-MOT-0003268,P0003154,363,MOT,BROKER,2024-10-20,2025-10-20,CN,N,3917.75,3917.75,RG1 1LX,VALID,VALID,
ALB-CPM-0000886,P0003157,488,CPM,BROKER,2026-05-13,2027-05-13,IF,Y,12832.97,2138.83,B1 1AA,VALID,VALID,
ALB-PET-0002939,P0003167,,PET,BROKER,2021-05-30,2022-05-30,IF,Y,3119.96,3119.96,NR1 3QQ,VALID,VALID,
ALB-HOM-0003587,P0003168,486,HOM,DIRECT,2026-05-16,2027-05-16,RN,Y,2058.00,343.00,B1 1AA,VALID,VALID,
ALB-PET-0003800,P0003170,415,PET,DIRECT,2021-02-23,2022-02-23,RN,Y,2098.14,2098.14,N/A,INVALID,VALID,
ALB-CLB-0001184,P0003174,203,CLB,BROKER,2022-09-08,2023-09-08,LP,N,9705.56,9705.56,LS1 4AP,VALID,VALID,
ALB-CLB-0000081,P0003175,,CLB,DIRECT,2022-03-27,2023-03-27,IF,Y,10746.81,10746.81,B1 1AA,VALID,VALID,
ALB-PET-0001457,P0003176,,PET,AGGREGATOR,2022-03-14,2023-03-14,EX,N,3500.60,3500.60,CF10 1EP,VALID,VALID,
ALB-PET-0004327,P0003177,,PET,BROKER,2019-02-26,2020-02-26,LP,N,3287.95,3287.95,LS1 4AP,VALID,VALID,
ALB-PET-0001861,P0003178,82,PET,BROKER,2026-06-03,2027-06-03,EX,N,1554.18,129.52,YO1 6GA,VALID,VALID,
ALB-TRV-0002013,P0003185,,TRV,AGGREGATOR,2022-03-06,2023-03-06,IF,Y,2841.75,2841.75,NR1 3QQ,VALID,VALID,
ALB-HOM-0002773,P0003190,41,HOM,DIRECT,2021-11-22,2022-11-22,LP,N,530.04,530.04,LS1 4AP,VALID,VALID,
ALB-HOM-0004127,P0003194,128,HOM,BROKER,2026-09-23,2027-09-23,IF,Y,2310.13,0.00,NR1 3QQ,VALID,VALID,
ALB-PET-0001576,P0002058,,PET,BROKER,2020-10-22,2021-10-22,RN,Y,3072.40,3072.40,LS1 4AP,VALID,VALID,
ALB-CLB-0000131,P0002059,,CLB,BROKER,2020-07-08,2021-07-08,IF,Y,5142.06,5142.06,NR1 3QQ,VALID,VALID,
ALB-TRV-0001794,P0002069,,TRV,BROKER,2026-12-01,2027-12-01,RN,Y,3585.75,0.00,NR1 3QQ,VALID,VALID,
ALB-MOT-0001522,P0002094,,MOT,DIRECT,2026-08-14,2027-08-14,IF,Y,1855.03,0.00,B1 1AA,VALID,VALID,
ALB-HOM-0001962,P0002101,362,HOM,DIRECT,2021-02-03,2022-02-03,IF,Y,1368.09,1368.09,LS1 4AP,VALID,VALID,
ALB-CLB-0004811,P0002138,,CLB,DIRECT,2019-07-20,2020-07-19,IF,Y,5318.48,5318.48,RG1 1LX,VALID,VALID,
ALB-CPM-0002320,P0002139,,CPM,AGGREGATOR,2020-09-21,2021-09-21,RN,Y,8849.10,8849.10,NR1 3QQ,VALID,VALID,
ALB-CLB-0004478,P0002148,,CLB,BROKER,2026-03-07,2027-03-07,EX,N,6119.40,2039.80,EC1A1BB,INVALID,VALID,
ALB-CLB-0001761,P0002152,,CLB,AGGREGATOR,2018-10-27,2019-10-27,IF,Y,9007.96,9007.96,EC1A 1BB,VALID,VALID,
ALB-MOT-0004210,P0002172,69,MOT,BROKER,2022-12-29,2023-12-29,LP,N,669.24,669.24,M1 1AE,VALID,VALID,
ALB-HOM-0000383,P0002196,332,HOM,BROKER,2022-10-20,2023-10-20,RN,Y,1882.16,1882.16,M1 1AE,VALID,VALID,
ALB-CPM-0002331,P0002216,279,CPM,BROKER,2019-03-22,2020-03-21,RN,Y,9360.92,9360.92,LS1 4AP,VALID,VALID,
ALB-TRV-0001846,P0002220,,TRV,DIRECT,2018-09-17,2019-09-17,EX,N,1396.41,1396.41,YO1 6GA,VALID,VALID,
ALB-TRV-0000275,P0002233,,TRV,AGGREGATOR,2023-08-13,2024-08-12,RN,Y,340.75,340.75,EC1A 1BB,VALID,VALID,
ALB-CLB-0003185,P0002238,,CLB,AGGREGATOR,2020-09-26,2021-09-26,LP,N,885.58,885.58,EC1A 1BB,VALID,VALID,
ALB-TRV-0001186,P0002239,,TRV,BROKER,2019-12-14,2020-12-13,LP,N,2970.45,2970.45,LS1 4AP,VALID,VALID,
ALB-CPM-0003318,P0002242,,CPM,AGGREGATOR,2018-07-24,2019-07-24,IF,Y,2284.67,2284.67,ZZ99 9ZZ,VALID,VALID,
ALB-CLB-0003464,P0002243,,CLB,BROKER,2024-09-09,2025-09-09,RN,Y,3748.89,3748.89,YO1 6GA,VALID,VALID,
ALB-HOM-0001443,P0002255,,HOM,BROKER,2018-04-05,2019-04-05,IF,Y,2417.82,2417.82,NR1 3QQ,VALID,VALID,
ALB-PET-0000800,P0002260,227,PET,DIRECT,2021-12-11,2022-12-11,IF,Y,799.61,799.61,LS1 4AP,VALID,VALID,
ALB-TRV-0002576,P0002263,302,TRV,BROKER,2019-03-30,2020-03-29,IF,Y,392.51,392.51,NR1 3QQ,VALID,VALID,
ALB-CPM-0000620,P0002284,,CPM,AGGREGATOR,2020-09-10,2021-09-10,EX,N,13203.72,13203.72,,INVALID,VALID,
ALB-MOT-0001031,P0002293,,MOT,BROKER,2018-07-22,2019-07-22,LP,N,1569.56,1569.56,EC1A 1BB,VALID,VALID,
ALB-CPM-0000535,P0002301,200,CPM,BROKER,2023-09-13,2024-09-12,EX,N,10875.24,10875.24,BS1 4ST,VALID,VALID,
ALB-MOT-0003611,P0002308,,MOT,DIRECT,2024-12-13,2025-12-13,RN,Y,3096.97,3096.97,LS1 4AP,VALID,VALID,
ALB-PET-0000195,P0002321,251,PET,BROKER,2026-12-26,2027-12-26,IF,Y,3916.42,0.00,RG1 1LX,VALID,VALID,
ALB-PET-0002111,P0002329,224,PET,BROKER,2018-06-15,2019-06-15,IF,Y,3503.92,3503.92,RG1 1LX,VALID,VALID,
ALB-MOT-0003932,P0002333,159,MOT,BROKER,2023-07-06,2024-07-05,RN,Y,403.87,403.87,M1 1AE,VALID,VALID,
ALB-HOM-0000494,P0002360,257,HOM,DIRECT,2021-11-17,2022-11-17,RN,Y,1185.77,1185.77,M1 1AE,VALID,VALID,
ALB-MOT-0002619,P0002369,,MOT,BROKER,2021-01-28,2022-01-28,IF,Y,211.59,211.59,EC1A 1BB,VALID,VALID,
ALB-HOM-0001701,P0002371,,HOM,BROKER,2022-07-28,2023-07-28,IF,Y,3435.28,3435.28,CF10 1EP,VALID,VALID,
ALB-HOM-0000802,P0002376,73,HOM,DIRECT,2026-11-24,2027-11-24,LP,N,2318.94,0.00,CF10 1EP,VALID,VALID,
ALB-MOT-0001653,P0002398,,MOT,BROKER,2023-11-19,2024-11-18,LP,N,3399.45,3399.45,M1 1AE,VALID,VALID,
ALB-TRV-0003006,P0002407,,TRV,AGGREGATOR,2026-12-13,2027-12-13,IF,Y,4187.84,0.00,RG1 1LX,VALID,VALID,
ALB-CLB-0003560,P0002428,13,CLB,DIRECT,2020-08-16,2021-08-16,EX,N,5391.04,5391.04,RG1 1LX,VALID,VALID,
ALB-CLB-0002151,P0002432,80,CLB,AGGREGATOR,2022-02-01,2023-02-01,LP,N,14153.53,14153.53,BS1 4ST,VALID,VALID,
ALB-HOM-0002780,P0002459,,HOM,BROKER,2023-01-20,2024-01-20,LP,N,1318.98,1318.98,M1 1AE,VALID,VALID,
ALB-PET-0001996,P0002485,450,PET,BROKER,2023-08-13,2024-08-12,LP,N,948.29,948.29,YO1 6GA,VALID,VALID,
ALB-TRV-0003062,P0002491,300,TRV,BROKER,2019-09-02,2020-09-01,EX,N,1156.94,1156.94,EC1A 1BB,VALID,VALID,
ALB-TRV-0001545,P0002505,,TRV,DIRECT,2023-05-31,2024-05-30,CN,N,911.81,911.81,LS1 4AP,VALID,VALID,
ALB-CLB-0000312,P0002531,,CLB,BROKER,2018-11-28,2019-11-28,EX,N,5778.89,5778.89,G1 1XQ,VALID,VALID,
ALB-CLB-0001709,P0002536,28,CLB,BROKER,2021-06-01,2022-06-01,LP,N,2348.86,2348.86,LS1 4AP,VALID,VALID,
ALB-PET-0002050,P0002540,,PET,DIRECT,2026-01-24,2027-01-24,IF,Y,2725.81,1362.91,B1 1AA,VALID,VALID,
ALB-MOT-0001949,P0002545,148,MOT,AGGREGATOR,2020-10-10,2021-10-10,RN,Y,1701.57,1701.57,B1 1AA,VALID,VALID,
ALB-CLB-0002938,P0002570,239,CLB,AGGREGATOR,2020-10-11,2021-10-11,EX,N,3403.38,3403.38,EC1A 1BB,VALID,VALID,
ALB-TRV-0000973,P0002579,,TRV,AGGREGATOR,2024-12-22,2025-12-22,RN,Y,452.69,452.69,LS1 4AP,VALID,VALID,
ALB-TRV-0000758,P0002589,,TRV,DIRECT,2021-10-27,2022-10-27,IF,Y,4117.55,4117.55,RG1 1LX,VALID,VALID,
ALB-MOT-0000810,P0002593,402,MOT,BROKER,2021-06-16,2022-06-16,IF,Y,1415.34,1415.34,NR1 3QQ,VALID,VALID,
ALB-CPM-0000234,P0002600,,CPM,BROKER,2022-12-12,2023-12-12,IF,Y,4872.42,4872.42,M1 1AE,VALID,VALID,
ALB-HOM-0001571,P0002606,216,HOM,DIRECT,2023-04-17,2024-04-16,IF,Y,1002.70,1002.70,G1 1XQ,VALID,VALID,
ALB-HOM-0001869,P0002648,,HOM,DIRECT,2019-04-03,2020-04-02,RN,Y,272.49,272.49,EC1A 1BB,VALID,VALID,
ALB-HOM-0002464,P0002650,,HOM,DIRECT,2019-02-23,2020-02-23,RN,Y,4180.43,4180.43,LS1 4AP,VALID,VALID,
ALB-CLB-0001648,P0002652,,CLB,BROKER,2024-10-21,2025-10-21,LP,N,5355.66,5355.66,B1 1AA,VALID,VALID,
ALB-TRV-0001109,P0002663,148,TRV,BROKER,2018-01-23,2019-01-23,CN,N,3447.88,3447.88,NR1 3QQ,VALID,VALID,
ALB-PET-0003481,P0002664,,PET,BROKER,2025-05-10,2026-05-10,LP,N,1668.20,1668.20,G1 1XQ,VALID,VALID,
ALB-TRV-0003130,P0002672,65,TRV,DIRECT,2026-09-23,2027-09-23,RN,Y,1558.76,0.00,G1 1XQ,VALID,VALID,
ALB-MOT-0000552,P0002673,,MOT,DIRECT,2023-08-12,2024-08-11,IF,Y,755.37,755.37,CF10 1EP,VALID,VALID,
ALB-HOM-0000705,P0002692,,HOM,DIRECT,2026-03-18,2027-03-18,CN,N,2953.34,984.45,BS1 4ST,VALID,VALID,
ALB-PET-0000284,P0002694,,PET,BROKER,2023-07-06,2024-07-05,IF,Y,189.81,189.81,M1 1AE,VALID,VALID,
ALB-CLB-0000735,P0002701,327,CLB,BROKER,2020-12-19,2021-12-19,IF,Y,12989.60,12989.60,YO1 6GA,VALID,VALID,
ALB-PET-0000048,P0002707,,PET,AGGREGATOR,2024-05-25,2025-05-25,RN,Y,3540.66,3540.66,YO1 6GA,VALID,VALID,
ALB-TRV-0002317,P0002711,,TRV,BROKER,2018-02-09,2019-02-09,RN,Y,3814.20,3814.20,EC1A 1BB,VALID,VALID,
ALB-CPM-0002232,P0002713,423,CPM,BROKER,2023-10-20,2024-10-19,RN,Y,4126.56,4126.56,B1 1AA,VALID,VALID,
ALB-PET-0004111,P0002725,,PET,AGGREGATOR,2020-04-01,2021-04-01,IF,Y,2456.90,2456.90,RG1 1LX,VALID,VALID,
ALB-CPM-0000999,P0002746,,CPM,BROKER,2020-11-15,2021-11-15,IF,Y,6882.18,6882.18,G1 1XQ,VALID,VALID,
ALB-PET-0000062,P0002751,,PET,DIRECT,2024-09-15,2025-09-15,IF,Y,3743.40,3743.40,NR1 3QQ,VALID,VALID,
ALB-TRV-0000015,P0002785,288,TRV,DIRECT,2018-01-26,2019-01-26,CN,N,744.55,744.55,YO1 6GA,VALID,VALID,
ALB-HOM-0000746,P0002802,126,HOM,BROKER,2018-06-26,2019-06-26,IF,Y,4189.95,4189.95,NR1 3QQ,VALID,VALID,
ALB-CLB-0001583,P0002811,,CLB,DIRECT,2026-10-26,2027-10-26,IF,Y,5605.15,0.00,CF10 1EP,VALID,VALID,
ALB-TRV-0001804,P0002822,,TRV,AGGREGATOR,2023-07-23,2024-07-22,RN,Y,1215.88,1215.88,EC1A 1BB,VALID,VALID,
ALB-CLB-0000210,P0002840,,CLB,BROKER,2026-10-21,2027-10-21,IF,Y,4084.59,0.00,EC1A 1BB,VALID,VALID,
ALB-CLB-0000272,P0002844,,CLB,BROKER,2024-10-14,2025-10-14,CN,N,7561.65,7561.65,LS1 4AP,VALID,VALID,
ALB-TRV-0000932,P0002846,365,TRV,DIRECT,2026-09-23,2027-09-23,IF,Y,194.14,0.00,LS1 4AP,VALID,VALID,
ALB-PET-0003353,P0002847,,PET,DIRECT,2018-09-16,2019-09-16,IF,Y,2310.49,2310.49,RG1 1LX,VALID,VALID,
ALB-PET-0000876,P0002869,486,PET,AGGREGATOR,2022-07-27,2023-07-27,IF,Y,938.54,938.54,BS1 4ST,VALID,VALID,
ALB-TRV-0002666,P0002899,,TRV,BROKER,2020-08-14,2021-08-14,IF,Y,1341.45,1341.45,G1 1XQ,VALID,VALID,
ALB-CPM-0000901,P0002900,,CPM,BROKER,2024-12-03,2025-12-03,RN,Y,2588.42,2588.42,N/A,INVALID,VALID,
ALB-HOM-0002074,P0002912,,HOM,DIRECT,2018-03-12,2019-03-12,IF,Y,323.24,323.24,LS1 4AP,VALID,VALID,
ALB-TRV-0000925,P0002922,,TRV,DIRECT,2018-06-10,2019-06-10,IF,Y,2938.64,2938.64,G1 1XQ,VALID,VALID,
ALB-MOT-0000052,P0002941,361,MOT,DIRECT,2018-08-09,2019-08-09,IF,Y,191.75,191.75,BS1 4ST,VALID,VALID,
ALB-PET-0003669,P0002944,,PET,AGGREGATOR,2026-09-18,2027-09-18,IF,Y,2085.04,0.00,BS1 4ST,VALID,VALID,
ALB-CPM-0003164,P0002955,240,CPM,DIRECT,2024-09-16,2025-09-16,EX,N,8538.69,8538.69,LS1 4AP,VALID,VALID,
ALB-PET-0001342,P0002963,,PET,AGGREGATOR,2019-04-10,2020-04-09,IF,Y,1090.24,1090.24,ZZ99 9ZZ,VALID,VALID,
ALB-HOM-0001315,P0002981,,HOM,BROKER,2026-11-08,2027-11-08,EX,N,3565.12,0.00,M1 1AE,VALID,VALID,
ALB-CPM-0001426,P0002983,367,CPM,AGGREGATOR,2023-11-28,2024-11-27,IF,Y,1095.61,1095.61,YO1 6GA,VALID,VALID,
ALB-CPM-0003961,P0002984,280,CPM,BROKER,2022-11-10,2023-11-10,RN,Y,9627.11,9627.11,LS1 4AP,VALID,VALID,
ALB-TRV-0002038,P0002992,,TRV,DIRECT,2021-01-14,2022-01-14,LP,N,1920.34,1920.34,B1 1AA,VALID,VALID,
ALB-PET-0000487,P0003006,145,PET,BROKER,2022-08-22,2023-08-22,IF,Y,2954.29,2954.29,YO1 6GA,VALID,VALID,
ALB-CPM-0000455,P0003015,472,CPM,BROKER,2019-09-07,2020-09-06,IF,Y,8739.17,8739.17,B1 1AA,VALID,VALID,
ALB-HOM-0001633,P0003017,200,HOM,AGGREGATOR,2019-08-29,2020-08-28,IF,Y,1447.50,1447.50,BS1 4ST,VALID,VALID,
ALB-PET-0000009,P0003029,,PET,BROKER,2024-07-10,2025-07-10,IF,Y,1651.88,1651.88,M1  1AE,INVALID,VALID,
ALB-TRV-0003117,P0003034,,TRV,BROKER,2026-05-21,2027-05-21,IF,Y,3891.08,648.51,BS1 4ST,VALID,VALID,
ALB-CLB-0000515,P0003043,,CLB,BROKER,2026-02-02,2027-02-02,EX,N,8127.34,3386.39,EC1A1BB,INVALID,VALID,
ALB-HOM-0002580,P0003045,356,HOM,BROKER,2025-05-30,2026-05-30,IF,Y,1315.05,1315.05,B1 1AA,VALID,VALID,
ALB-TRV-0001218,P0003047,,TRV,AGGREGATOR,2020-08-06,2021-08-06,IF,Y,2671.73,2671.73,M1 1AE,VALID,VALID,
ALB-MOT-0001354,P0003052,,MOT,AGGREGATOR,2023-09-29,2024-09-28,CN,N,366.59,366.59,G1 1XQ,VALID,VALID,
ALB-MOT-0000669,P0003059,,MOT,DIRECT,2019-04-01,2020-03-31,EX,N,3648.53,3648.53,CF10 1EP,VALID,VALID,
ALB-MOT-0000352,P0003061,349,MOT,AGGREGATOR,2023-05-31,2024-05-30,LP,N,486.09,486.09,B1 1AA,VALID,VALID,
ALB-PET-0002789,P0003063,165,PET,BROKER,2021-07-19,2022-07-19,IF,Y,1855.84,1855.84,B1 1AA,VALID,VALID,
ALB-TRV-0003329,P0003064,,TRV,DIRECT,2021-11-30,2022-11-30,IF,Y,3754.62,3754.62,M1 1AE,VALID,VALID,
ALB-CPM-0000918,P0003076,,CPM,BROKER,2024-03-17,2025-03-17,IF,Y,9690.08,9690.08,G1 1XQ,VALID,VALID,
ALB-CPM-0001392,P0003082,,CPM,DIRECT,2023-10-30,2024-10-29,IF,Y,9448.74,9448.74,LS1 4AP,VALID,VALID,
ALB-HOM-0000520,P0003083,,HOM,BROKER,2020-06-02,2021-06-02,IF,Y,833.48,833.48,M1 1AE,VALID,VALID,
ALB-MOT-0001413,P0003085,250,MOT,BROKER,2018-04-11,2019-04-11,IF,Y,891.41,891.41,G1 1XQ,VALID,VALID,
ALB-CPM-0001884,P0003104,87,CPM,BROKER,2025-05-04,2026-05-04,LP,N,12354.60,12354.60,B1 1AA,VALID,VALID,
ALB-CPM-0002076,P0003107,,CPM,BROKER,2020-05-06,2021-05-06,RN,Y,10425.95,10425.95,,INVALID,VALID,
ALB-MOT-0001871,P0003119,,MOT,BROKER,2020-09-20,2021-09-20,EX,N,1867.71,1867.71,B1 1AA,VALID,VALID,
ALB-MOT-0002568,P0003120,,MOT,AGGREGATOR,2019-02-26,2020-02-26,IF,Y,4131.43,4131.43,RG1 1LX,VALID,VALID,
ALB-MOT-0000075,P0003133,,MOT,DIRECT,2023-08-05,2024-08-04,IF,Y,680.10,680.10,,INVALID,VALID,
ALB-CPM-0000617,P0003145,,CPM,DIRECT,2026-07-11,2027-07-11,RN,Y,2785.12,0.00,BS1 4ST,VALID,VALID,
ALB-TRV-0002614,P0003154,363,TRV,BROKER,2021-12-27,2022-12-27,IF,Y,259.80,259.80,RG1 1LX,VALID,VALID,
ALB-MOT-0001099,P0003177,,MOT,DIRECT,2022-12-13,2023-12-13,CN,N,1422.18,1422.18,LS1 4AP,VALID,VALID,
ALB-TRV-0000486,P0003179,,TRV,BROKER,2022-05-18,2023-05-18,IF,Y,196.70,196.70,B1 1AA,VALID,VALID,
ALB-CPM-0001773,P0003188,80,CPM,BROKER,2018-04-06,2019-04-06,IF,Y,10965.79,10965.79,EC1A 1BB,VALID,VALID,
ALB-HOM-0000482,P0002094,,HOM,BROKER,2021-06-28,2022-06-28,RN,Y,3620.14,3620.14,B1 1AA,VALID,VALID,
ALB-CLB-0001649,P0002150,274,CLB,DIRECT,2019-03-13,2020-03-12,IF,Y,11607.79,11607.79,EC1A 1BB,VALID,VALID,
ALB-MOT-0000729,P0002152,,MOT,BROKER,2023-03-17,2024-03-16,LP,N,696.89,696.89,EC1A 1BB,VALID,VALID,
ALB-PET-0001964,P0002212,,PET,BROKER,2023-07-02,2024-07-01,IF,Y,473.21,473.21,LS1 4AP,VALID,VALID,
ALB-PET-0001935,P0002216,279,PET,AGGREGATOR,2024-06-07,2025-06-07,IF,Y,649.13,649.13,LS1 4AP,VALID,VALID,
ALB-CPM-0002627,P0002243,,CPM,DIRECT,2021-02-18,2022-02-18,IF,Y,3890.44,3890.44,YO1 6GA,VALID,VALID,
ALB-HOM-0000941,P0002293,,HOM,BROKER,2020-02-16,2021-02-15,RN,Y,2004.63,2004.63,EC1A 1BB,VALID,VALID,
ALB-CLB-0002140,P0002308,,CLB,DIRECT,2024-04-24,2025-04-24,IF,Y,7545.35,7545.35,LS1 4AP,VALID,VALID,
ALB-CLB-0001225,P0002371,,CLB,AGGREGATOR,2024-09-09,2025-09-09,IF,Y,8018.63,8018.63,CF10 1EP,VALID,VALID,
ALB-TRV-0002920,P0002481,,TRV,DIRECT,2020-01-29,2021-01-28,IF,Y,1923.68,1923.68,NR1 3QQ,VALID,VALID,
ALB-CPM-0001993,P0002501,,CPM,DIRECT,2023-01-30,2024-01-30,IF,Y,6668.90,6668.90,CF10 1EP,VALID,VALID,
ALB-MOT-0000163,P0002519,,MOT,BROKER,2018-06-29,2019-06-29,EX,N,3791.91,3791.91,LS1 4AP,VALID,VALID,
ALB-PET-0002197,P0002567,8,PET,BROKER,2023-07-10,2024-07-09,EX,N,343.96,343.96,B1 1AA,VALID,VALID,
ALB-TRV-0000069,P0002579,,TRV,BROKER,2018-02-21,2019-02-21,LP,N,3710.74,3710.74,LS1 4AP,VALID,VALID,
ALB-HOM-0000207,P0002629,63,HOM,DIRECT,2026-03-21,2027-03-21,RN,Y,4062.55,1354.18,YO1 6GA,VALID,VALID,
ALB-HOM-0001209,P0002637,211,HOM,BROKER,2019-03-08,2020-03-07,EX,N,2296.03,2296.03,M1 1AE,VALID,VALID,
ALB-CLB-0002004,P0002644,,CLB,BROKER,2024-09-25,2025-09-25,IF,Y,11359.02,11359.02,EC1A 1BB,VALID,VALID,
ALB-TRV-0002915,P0002672,65,TRV,AGGREGATOR,2025-09-19,2026-09-19,IF,Y,3646.88,3039.07,G1 1XQ,VALID,VALID,
ALB-CPM-0000106,P0002694,,CPM,BROKER,2025-05-08,2026-05-08,CN,N,7636.17,7636.17,M1 1AE,VALID,VALID,
ALB-MOT-0001334,P0002719,,MOT,DIRECT,2026-11-23,2027-11-23,IF,Y,639.01,0.00,G1 1XQ,VALID,VALID,
ALB-HOM-0000199,P0002733,,HOM,AGGREGATOR,2022-02-03,2023-02-03,RN,Y,1833.25,1833.25,NR1 3QQ,VALID,VALID,
ALB-CLB-0000975,P0002742,469,CLB,AGGREGATOR,2025-10-12,2026-10-12,EX,N,5019.33,3764.50,EC1A 1BB,VALID,VALID,
ALB-MOT-0002411,P0002770,,MOT,BROKER,2020-12-18,2021-12-18,EX,N,1098.62,1098.62,NR1 3QQ,VALID,VALID,
ALB-TRV-0000467,P0002802,126,TRV,DIRECT,2020-01-03,2021-01-02,IF,Y,414.03,414.03,NR1 3QQ,VALID,VALID,
ALB-CPM-0001138,P0002811,,CPM,DIRECT,2020-04-13,2021-04-13,IF,Y,13935.60,13935.60,CF10 1EP,VALID,VALID,
ALB-TRV-0002597,P0002860,17,TRV,BROKER,2025-05-06,2026-05-06,IF,Y,2175.92,2175.92,YO1 6GA,VALID,VALID,
ALB-CLB-0001699,P0002899,,CLB,BROKER,2023-12-12,2024-12-11,IF,Y,2430.08,2430.08,G1 1XQ,VALID,VALID,
ALB-PET-0000787,P0002906,84,PET,BROKER,2024-08-24,2025-08-24,RN,Y,1558.67,1558.67,B1 1AA,VALID,VALID,
ALB-PET-0001878,P0002992,,PET,DIRECT,2023-06-29,2024-06-28,EX,N,2542.14,2542.14,B1 1AA,VALID,VALID,
ALB-HOM-0001369,P0003034,,HOM,BROKER,2019-06-01,2020-05-31,IF,Y,2332.41,2332.41,BS1 4ST,VALID,VALID,
ALB-TRV-0001628,P0003042,,TRV,DIRECT,2022-02-14,2023-02-14,IF,Y,3162.79,3162.79,YO1 6GA,VALID,VALID,
ALB-TRV-0001758,P0003045,356,TRV,BROKER,2025-01-19,2026-01-19,IF,Y,1205.70,1205.70,B1 1AA,VALID,VALID,
ALB-CLB-0000011,P0003076,,CLB,AGGREGATOR,2025-01-26,2026-01-26,IF,Y,11296.60,11296.60,G1 1XQ,VALID,VALID,
ALB-CLB-0000373,P0003104,87,CLB,AGGREGATOR,2022-02-08,2023-02-08,IF,Y,3528.86,3528.86,B1 1AA,VALID,VALID,
ALB-HOM-0000721,P0003107,,HOM,AGGREGATOR,2022-05-14,2023-05-14,CN,N,1338.01,1338.01,,INVALID,VALID,
ALB-CPM-0001076,P0003148,322,CPM,BROKER,2023-07-10,2024-07-09,IF,Y,10611.55,10611.55,G1 1XQ,VALID,VALID,
ALB-CLB-0001975,P0003168,486,CLB,BROKER,2025-07-16,2026-07-16,IF,Y,2545.48,2545.48,B1 1AA,VALID,VALID,
ALB-MOT-0001579,P0002092,,MOT,BROKER,2026-10-21,2027-10-21,EX,N,2378.26,0.00,LS1 4AP,VALID,VALID,
ALB-PET-0000213,P0002094,,PET,BROKER,2025-08-23,2026-08-23,IF,Y,1269.20,1163.43,B1 1AA,VALID,VALID,
ALB-HOM-0000235,P0002208,312,HOM,BROKER,2019-04-16,2020-04-15,RN,Y,3753.18,3753.18,LS1 4AP,VALID,VALID,
ALB-HOM-0000835,P0002212,,HOM,BROKER,2020-10-17,2021-10-17,LP,N,769.14,769.14,LS1 4AP,VALID,VALID,
ALB-MOT-0001090,P0002243,,MOT,BROKER,2023-08-14,2024-08-13,IF,Y,2843.82,2843.82,YO1 6GA,VALID,VALID,
ALB-MOT-0003914,P0002297,,MOT,AGGREGATOR,2026-09-04,2027-09-04,IF,Y,3406.52,0.00,G1 1XQ,VALID,VALID,
ALB-TRV-0001592,P0002407,,TRV,DIRECT,2026-08-31,2027-08-31,RN,Y,3529.00,0.00,RG1 1LX,VALID,VALID,
ALB-CLB-0001830,P0002461,,CLB,DIRECT,2021-05-10,2022-05-10,IF,Y,8537.82,8537.82,M1 1AE,VALID,VALID,
ALB-PET-0001730,P0002481,,PET,AGGREGATOR,2018-05-23,2019-05-23,IF,Y,3699.93,3699.93,NR1 3QQ,VALID,VALID,
ALB-CLB-0001873,P0002540,,CLB,BROKER,2022-01-28,2023-01-28,IF,Y,2730.53,2730.53,B1 1AA,VALID,VALID,
ALB-CLB-0001175,P0002719,,CLB,AGGREGATOR,2020-02-24,2021-02-23,LP,N,2027.56,2027.56,G1 1XQ,VALID,VALID,
ALB-HOM-0000643,P0002770,,HOM,AGGREGATOR,2024-08-07,2025-08-07,LP,N,1573.00,1573.00,NR1 3QQ,VALID,VALID,
ALB-CPM-0001064,P0003042,,CPM,BROKER,2023-07-02,2024-07-01,LP,N,8782.47,8782.47,YO1 6GA,VALID,VALID,
ALB-MOT-0000359,P0003168,486,MOT,BROKER,2025-07-10,2026-07-10,RN,Y,3760.82,3760.82,B1 1AA,VALID,VALID,
ALB-CLB-0001573,P0002092,,CLB,AGGREGATOR,2021-01-26,2022-01-26,IF,Y,14148.69,14148.69,LS1 4AP,VALID,VALID,
ALB-PET-0001572,P0002238,,PET,AGGREGATOR,2022-07-29,2023-07-29,IF,Y,3902.16,3902.16,EC1A 1BB,VALID,VALID,
ALB-HOM-0001959,P0002297,,HOM,DIRECT,2021-01-10,2022-01-10,IF,Y,2667.06,2667.06,G1 1XQ,VALID,VALID,
ALB-CPM-0000194,P0002540,,CPM,DIRECT,2022-04-07,2023-04-07,IF,Y,2431.70,2431.70,B1 1AA,VALID,VALID,
ALB-MOT-0001565,P0002297,,MOT,DIRECT,2022-04-23,2023-04-23,LP,N,1900.53,1900.53,G1 1XQ,VALID,VALID,
