party_id,party_type,first_name,last_name,birth_dt,nino,email_addr,phone,addr_line1,city,postcode,legacy_customer_id,mdm_golden_flag,create_dt
P0000001,PERSON,Sarah,Shaw,13/10/2005,WE503906B,USER327@EXAMPLE.COM,07861052404,112 Smith Street,Cardiff,CF10 1EP,328,Y,2020-01-28
P0000002,PERSON,George,Murphy,10/09/1978,MX424308D,george.murphy72@example.co.uk,07848621833,76 Green Street,Glasgow,G1 1XQ,,Y,2017-06-06
P0000003,PERSON,Wei,Wilson,22/03/1995,JS923927C,wei.wilson583@example.co.uk,07574765466,173 Johnson Street,Bristol,BS1 4ST,470,Y,2024-07-03
P0000004,PERSON,Jessica,Riggs,15/12/1997,CK805477C,USER57@EXAMPLE.COM,07313814138,38 Smith Street,Manchester,M1 1AE,58,Y,2018-08-28
P0000005,PERSON,Amelia,Robinson,07/03/1977,KG787926A,amelia.robinson908@example.co.uk,07926830795,227 Brown Street,Reading,RG1 1LX,,N,2012-11-27
P0000006,PERSON,Anthony,Juarez,10/01/1959,ET239816D,user12@example.com,07700141462,153 OBrien Street,York,YO1 6GA,13,N,2017-12-04
P0000007,PERSON,Sean,Walker,24/02/1989,KL903013D,sean.walker457@example.co.uk,07394846763,113 Taylor Street,Birmingham,B1 1AA,,N,2013-04-04
P0000008,PERSON,Melanie,Murray,18/09/1990,PG840734B,USER379@EXAMPLE.COM,07537656494,85 Green Street,Glasgow,G1 1XQ,380,Y,2009-05-25
P0000009,PERSON,Thomas,Mccann,28/06/1942,AZ498858D,USER140@EXAMPLE.COM,07477698143,77 Clarke Street,Cardiff,CF10 1EP,141,N,2017-05-25
P0000010,PERSON,Mario,Gill,11/06/1970,LS609232A,user125@example.com,07818197581,174 Clarke Street,York,YO1 6GA,126,N,2018-06-25
P0000011,PERSON,Chloe,Green,02/06/1942,RG584125B,CHLOE.GREEN929@EXAMPLE.CO.UK,07507059676,84 Johnson Street,Cardiff,CF10 1EP,,Y,2015-07-27
P0000012,PERSON,Wei,Patel,26/10/1977,,wei.patel259@example.co.uk,07340756713,167 Taylor Street,Manchester,M1 1AE,,N,2022-08-14
P0000013,PERSON,Rita,Schmidt,08/06/1974,,USER114@EXAMPLE.COM,07235528741,122 Brown Street,London,EC1A 1BB,115,Y,2012-11-20
P0000014,PERSON,Sherri,Graham,08/08/1995,EH426147A,user71@example.com,07434961542,148 Clarke Street,Bristol,BS1 4ST,72,Y,2024-01-14
P0000015,PERSON,Mark,Durham,15/04/1958,ME934904A,user377@example.com,07559967386,170 Murphy Street,Reading,RG1 1LX,378,Y,2022-07-10
P0000016,PERSON,Joseph,Garcia,03/12/1983,SG556641B,user52@example.com,07798423334,70 Hall Street,Cardiff,CF10 1EP,53,N,2020-01-26
P0000017,PERSON,Lars,Walker,25/02/1993,SK886931D,lars.walker275@example.co.uk,07817461907,98 OBrien Street,Glasgow,G1 1XQ,208,Y,2015-04-16
P0000018,PERSON,Tammy,James,28/11/1941,ZL682789A,user346@example.com,07305145276,22 Davies Street,Leeds,LS1 4AP,347,N,2018-12-16
P0000019,PERSON,Isla,Wright,11/12/1997,PK421080C,isla.wright729@example.co.uk,07670073085,89 Walker Street,Norwich,NR1 3QQ,,N,2020-05-05
P0000020,PERSON,Richard,Wood,29/04/2000,JN225362B,USER496@EXAMPLE.COM,07893070706,124 Patel Street,Norwich,NR1 3QQ,497,N,2019-10-07
P0000021,PERSON,Sophie,Johnson,30/07/1966,LB157174C,sophie.johnson233@example.co.uk,07235591568,164 Wright Street,Glasgow,G1 1XQ,475,Y,2008-04-10
P0000022,PERSON,Ingrid,Wright,08/07/1979,EC520172D,INGRID.WRIGHT349@EXAMPLE.CO.UK,07775862179,176 Jones Street,Birmingham,B1 1AA,,Y,2020-08-15
P0000023,PERSON,Amelia,Davies,17/08/1950,WR572398D,AMELIA.DAVIES572@EXAMPLE.CO.UK,07731924051,110 Khan Street,Cardiff,CF10 1EP,25,Y,2009-05-08
P0000024,PERSON,Sophie,Johnson,12/02/1996,CH102805D,sophie.johnson217@example.co.uk,07737599912,121 Khan Street,Bristol,BS1 4ST,200,Y,2014-06-18
P0000025,PERSON,Lars,Taylor,01/09/2001,JS220351B,lars.taylor240@example.co.uk,07385220694,212 Williams Street,Bristol,BS1 4ST,,Y,2011-09-21
P0000026,PERSON,Chloe,Baker,22/11/1965,LX666211D,chloe.baker450@example.co.uk,07742136977,11 Walker Street,Manchester,M1 1AE,,N,2021-07-16
P0000027,PERSON,Katie,Smith,13/05/1998,YA901909C,user456@example.com,07919382051,194 Wilson Street,Manchester,M1 1AE,457,Y,2022-08-12
P0000028,PERSON,Cassandra,Wilson,30/09/2002,TC592841C,user279@example.com,07444733679,172 Brown Street,Bristol,BS1 4ST,280,N,2015-05-25
P0000029,ORG,Christopher,Collins,28/09/2003,XB576919A,user44@example.com,07447112584,30 Clarke Street,Norwich,NR1 3QQ,45,N,2008-01-10
P0000030,PERSON,Aoife,Robinson,27/01/1977,SB313446C,aoife.robinson56@example.co.uk,07409268943,113 Wright Street,Leeds,LS1 4AP,,Y,2022-02-17
P0000031,PERSON,Isla,Wilson,17/11/1967,ET223172B,isla.wilson565@example.co.uk,07869446962,75 Hughes Street,London,EC1A 1BB,45,N,2017-04-26
P0000032,ORG,Ingrid,Davies,23/12/1980,GC389666D,ingrid.davies565@example.co.uk,07945805127,130 Patel Street,Birmingham,B1 1AA,,N,2014-05-06
P0000033,PERSON,Daniel,Baker,16/03/1999,XR577463C,daniel.baker502@example.co.uk,07848933239,62 Baker Street,Birmingham,B1 1AA,,Y,2017-03-19
P0000034,PERSON,Mary,Matthews,16/08/2007,GW138817B,user302@example.com,07733701411,85 Brown Street,Norwich,NR1 3QQ,303,N,2017-11-15
P0000035,PERSON,Angela,Williams,24/12/2002,GC592296C,user216@example.com,07843785903,102 Taylor Street,Norwich,ZZ99 9ZZ,217,N,2023-02-15
P0000036,PERSON,Wei,OBrien,25/03/1996,,wei.obrien736@example.co.uk,07408570854,59 Taylor Street,Norwich,NR1 3QQ,288,Y,2010-03-17
P0000037,PERSON,Sophie,Robinson,04/12/1954,MP493049D,SOPHIE.ROBINSON711@EXAMPLE.CO.UK,07670335494,106 Baker Street,Bristol,BS1 4ST,403,Y,2012-01-15
P0000038,PERSON,Jeffrey,King,04/12/1973,TZ250069B,user16@example.com,07372706093,118 Patel Street,Manchester,M1 1AE,17,Y,2018-06-08
P0000039,PERSON,Aoife,Wilson,17/08/1946,LT986365C,AOIFE.WILSON453@EXAMPLE.CO.UK,07513061224,219 Wright Street,Glasgow,G1 1XQ,,Y,2016-07-21
P0000040,PERSON,Daniel,Khan,25/09/2002,YB735863D,daniel.khan303@example.co.uk,07407298630,199 Davies Street,London,EC1A 1BB,,Y,2015-11-26
P0000041,PERSON,Amy,Decker,28/08/1955,GE757937A,user15@example.com,07573330302,9 Baker Street,Leeds,LS1 4AP,16,Y,2010-12-12
P0000042,PERSON,Joshua,Sanders,27/06/1948,XP656639C,user47@example.com,07375919523,234 Wright Street,Bristol,BS1 4ST,48,N,2014-08-14
P0000043,ORG,Mohammed,Brown,06/01/1982,PY483542A,mohammed.brown987@example.co.uk,07114945047,68 Green Street,Manchester,M1 1AE,488,Y,2016-04-07
P0000044,PERSON,Thomas,Baker,08/03/1974,,thomas.baker843@example.co.uk,07702806585,84 Hall Street,Glasgow,G1 1XQ,,Y,2009-06-01
P0000045,ORG,Lars,Khan,31/03/1998,TE201913B,lars.khan419@example.co.uk,07245668163,100 Robinson Street,Manchester,M1 1AE,,Y,2024-08-31
P0000046,PERSON,Aoife,Walker,09/09/1992,ZS393328A,aoife.walker761@example.co.uk,07333291547,114 Robinson Street,Birmingham,B1 1AA,170,N,2016-02-19
P0000047,ORG,Jose,Torres,06/01/1956,PL299028A,user111@example.com,07984968439,117 Taylor Street,Glasgow,G1 1XQ,112,Y,2022-05-23
P0000048,PERSON,James,Jones,02/12/1969,XJ714867B,james.jones250@example.co.uk,07350180427,85 Williams Street,Birmingham,B1 1AA,266,N,2021-05-14
P0000049,PERSON,Eric,Nelson,14/08/2000,EA238205A,user119@example.com,07946571918,61 Baker Street,Birmingham,B1 1AA,120,Y,2011-11-28
P0000050,PERSON,Joseph,Lopez,22/07/1996,TT915809C,user258@example.com,07217095851,116 Hughes Street,Birmingham,B1 1AA,259,Y,2021-10-17
P0000051,PERSON,Laura,Arnold,24/02/1987,,user308@example.com,07531233244,110 Brown Street,York,YO1 6GA,309,Y,2017-12-12
P0000052,PERSON,James,Gray,29/04/1957,ZZ674993C,user13@example.com,07741444618,136 Khan Street,Manchester,M1 1AE,14,Y,2021-07-30
P0000053,PERSON,Christopher,Sanchez,03/01/1970,JS573489B,user287@example.com,07988434627,117 Clarke Street,Manchester,M1 1AE,288,Y,2010-02-17
P0000054,PERSON,Jennifer,Cortez,26/11/1994,TC195656A,USER101@EXAMPLE.COM,07203685265,191 Murphy Street,Glasgow,G1 1XQ,102,N,2020-06-23
P0000055,PERSON,Jonathan,Carter,06/11/1976,RB401601C,user366@example.com,07720535283,130 Johnson Street,York,YO1 6GA,367,Y,2018-10-25
P0000056,PERSON,Kristin,Fox,15/07/1987,LZ337144D,user332@example.com,07924024405,210 Hall Street,Manchester,M1 1AE,333,Y,2022-05-31
P0000057,PERSON,Chloe,Patel,06/08/1942,AH250210D,CHLOE.PATEL185@EXAMPLE.CO.UK,07895609471,163 Smith Street,Bristol,BS1 4ST,159,Y,2019-11-24
P0000058,PERSON,Ryan,Schultz,01/03/1958,NZ725185A,user359@example.com,07267052653,41 Hall Street,Cardiff,CF10 1EP,360,Y,2009-10-30
P0000059,PERSON,Robert,Bautista,28/11/1985,WE461939D,USER486@EXAMPLE.COM,07828230915,174 Baker Street,Cardiff,CF10 1EP,487,Y,2022-12-18
P0000060,PERSON,Susan,Snyder,12/12/1958,,user214@example.com,07326810757,197 Williams Street,Leeds,LS1 4AP,215,N,2014-06-29
P0000061,PERSON,Vincent,Perkins,31/01/1971,XK624563C,USER112@EXAMPLE.COM,07896760809,11 Walker Street,London,EC1A 1BB,113,Y,2009-09-29
P0000062,PERSON,Daniel,Walker,11/06/1991,HT972442C,DANIEL.WALKER415@EXAMPLE.CO.UK,07213669678,63 Walker Street,Cardiff,CF10 1EP,297,Y,2019-10-02
P0000063,PERSON,Susan,Avila,14/06/1996,CX763984A,user229@example.com,07308202515,232 Murphy Street,Bristol,BS1 4ST,230,Y,2022-06-23
P0000064,PERSON,Isla,Brown,19/02/1953,CH910389D,isla.brown263@example.co.uk,07705306363,195 Baker Street,Leeds,LS1 4AP,404,Y,2020-08-29
P0000065,PERSON,Chloe,OBrien,08/04/1996,LZ158900C,chloe.obrien324@example.co.uk,07433297890,119 Robinson Street,Birmingham,B1 1AA,,Y,2016-04-08
P0000066,PERSON,Amelia,Taylor,05/03/1995,BT949153B,amelia.taylor609@example.co.uk,07610702777,129 Williams Street,York,YO1 6GA,342,N,2018-02-07
P0000067,PERSON,Amy,Evans,18/12/1952,BK841995D,user301@example.com,07662714327,134 Hall Street,Glasgow,G1 1XQ,302,Y,2016-05-12
P0000068,PERSON,Wei,Walker,10/05/1970,PM364236B,wei.walker696@example.co.uk,07725711790,170 Williams Street,Reading,,184,N,2014-12-16
P0000069,PERSON,Wei,Williams,20/05/1993,GX197992D,wei.williams726@example.co.uk,07119574893,93 Khan Street,Manchester,M1 1AE,289,Y,2012-10-20
P0000070,ORG,Joseph,Terry,09/10/1989,ME632351A,user142@example.com,07922816526,159 Williams Street,Norwich,NR1 3QQ,143,Y,2011-06-17
P0000071,PERSON,James,Lawson,31/01/2007,RP809217B,user414@example.com,07755621841,73 Robinson Street,Reading,RG1 1LX,415,Y,2013-05-13
P0000072,PERSON,Cheyenne,Wilson,27/11/1963,YT584106C,user445@example.com,07639991949,136 Walker Street,Norwich,NR1 3QQ,446,N,2012-06-23
P0000073,PERSON,Harry,Patel,05/09/1944,WE398910A,harry.patel657@example.co.uk,07392907427,116 Hughes Street,Norwich,NR1 3QQ,360,Y,2017-10-23
P0000074,PERSON,Jeffrey,Elliott,26/11/1978,RB515712C,USER3@EXAMPLE.COM,07187623171,96 Davies Street,Leeds,LS1 4AP,4,Y,2010-03-22
P0000075,PERSON,Mohammed,Williams,05/05/1952,TT745239A,mohammed.williams40@example.co.uk,07120405269,66 Johnson Street,Bristol,BS1 4ST,162,N,2020-04-22
P0000076,PERSON,Chloe,Hughes,21/12/1977,ZT165858A,chloe.hughes114@example.co.uk,07636687537,153 Green Street,Bristol,BS1 4ST,343,Y,2019-07-23
P0000077,PERSON,Harry,Khan,05/07/1978,CX478120A,harry.khan2@example.co.uk,07684203557,130 Hughes Street,Reading,RG1 1LX,,Y,2016-10-03
P0000078,PERSON,Oliver,Clarke,28/06/1973,EZ870899C,OLIVER.CLARKE260@EXAMPLE.CO.UK,07478278218,140 OBrien Street,London,EC1A 1BB,181,N,2011-12-05
P0000079,PERSON,Lars,Wright,03/09/1996,MJ145934B,lars.wright187@example.co.uk,07438868427,239 Khan Street,Birmingham,B1 1AA,438,Y,2020-03-06
P0000080,PERSON,Shelby,Reed,27/07/1948,BN386488A,user388@example.com,07569172971,228 Clarke Street,London,EC1A 1BB,389,N,2016-09-02
P0000081,PERSON,Emily,Mitchell,02/08/1989,WL940064A,user412@example.com,07184747224,111 Hall Street,Birmingham,B1 1AA,413,N,2012-01-18
P0000082,PERSON,Jose,Christian,07/01/1979,SS274739D,user81@example.com,07145478504,187 Murphy Street,Glasgow,G1 1XQ,82,Y,2017-10-03
P0000083,PERSON,Joseph,Hamilton,02/08/1948,HA249715D,USER357@EXAMPLE.COM,07172191273,61 Murphy Street,London,EC1A 1BB,358,Y,2020-09-20
P0000084,ORG,Karen,Chavez,08/12/1954,CZ244383C,user483@example.com,07797460535,72 Davies Street,Birmingham,B1 1AA,484,N,2008-07-31
P0000085,PERSON,Ingrid,Hughes,19/09/1974,JM827691D,INGRID.HUGHES936@EXAMPLE.CO.UK,07245737277,219 Taylor Street,York,YO1 6GA,347,Y,2023-12-31
P0000086,ORG,Lindsey,Oliver,20/08/1961,OC676713C,user174@example.com,07269119969,183 Wilson Street,Manchester,M1 1AE,175,N,2019-05-30
P0000087,PERSON,Amber,Rodriguez,07/11/2007,OY700076C,user464@example.com,07692326390,34 Hall Street,Leeds,LS1 4AP,465,N,2009-06-22
P0000088,PERSON,John,Simon,10/06/1963,CG432427A,user79@example.com,07830261466,133 Murphy Street,Norwich,NR1 3QQ,80,Y,2020-05-13
P0000089,PERSON,Emily,Williams,24/10/1978,HN843788B,emily.williams515@example.co.uk,07657162259,230 Khan Street,London,EC1A 1BB,,N,2013-08-14
P0000090,PERSON,Nancy,Holt,24/09/1989,CX772124B,user110@example.com,07723464439,40 Wilson Street,York,YO1 6GA,111,Y,2024-02-29
P0000091,ORG,Mohammed,Baker,11/09/1943,LJ904214D,mohammed.baker846@example.co.uk,07132519237,128 Green Street,London,EC1A 1BB,30,Y,2014-10-10
P0000092,PERSON,Raven,Fowler,16/04/1958,,user390@example.com,07619960692,119 Johnson Street,Cardiff,CF10 1EP,391,Y,2011-03-22
P0000093,PERSON,Thomas,Branch,17/08/1956,GP639995A,user172@example.com,07600871106,32 Patel Street,Glasgow,G1 1XQ,173,Y,2011-02-28
P0000094,PERSON,Jeffrey,Perry,21/10/1945,HN705748C,USER490@EXAMPLE.COM,07271092615,128 Hughes Street,Bristol,BS1 4ST,491,Y,2014-12-02
P0000095,PERSON,Omar,Davis,03/01/1989,JZ470037A,USER480@EXAMPLE.COM,07631388604,153 Wright Street,Manchester,M1 1AE,481,Y,2008-03-07
P0000096,PERSON,Fatima,Williams,23/09/1963,YY304110C,fatima.williams745@example.co.uk,07178954113,99 Hughes Street,Glasgow,G1 1XQ,240,Y,2020-05-01
P0000097,PERSON,Scott,French,12/01/1944,PP933510C,user194@example.com,07492566853,194 Williams Street,Reading,RG1 1LX,195,Y,2019-06-02
P0000098,PERSON,Michael,Jones,03/03/1956,WT256175B,user49@example.com,07758276886,82 Wilson Street,London,ZZ99 9ZZ,50,Y,2021-10-29
P0000099,PERSON,Grace,Baker,06/03/1970,AP447329A,grace.baker520@example.co.uk,07726745401,79 Smith Street,York,YO1 6GA,,Y,2013-12-15
P0000100,PERSON,Daniel,Baker,31/05/1960,ZR254954B,DANIEL.BAKER739@EXAMPLE.CO.UK,07852178601,29 Johnson Street,London,EC1A 1BB,384,Y,2015-01-13
P0000101,PERSON,Corey,Jones,31/08/1961,TB840058B,user183@example.com,07702247585,84 Wright Street,Cardiff,CF10 1EP,184,Y,2015-01-14
P0000102,PERSON,Lars,Green,17/09/1970,LW301603B,LARS.GREEN560@EXAMPLE.CO.UK,07420511037,58 Khan Street,Glasgow,G1 1XQ,139,N,2023-10-23
P0000103,PERSON,Susan,Anderson,06/07/1999,LM227794D,user433@example.com,07523625992,210 Murphy Street,Norwich,NR1 3QQ,434,N,2011-04-14
P0000104,PERSON,Collin,Singh,11/04/1960,LW324381B,user176@example.com,07391126537,239 Green Street,Bristol,BS1 4ST,177,Y,2011-01-29
P0000105,PERSON,Michelle,Daniels,06/01/2001,KK155040A,user309@example.com,07870257350,121 Brown Street,Reading,RG1 1LX,310,Y,2011-01-31
P0000106,PERSON,Todd,Perez,08/12/1987,TW782139B,user135@example.com,07408427014,83 Khan Street,York,YO1 6GA,136,Y,2010-01-02
P0000107,PERSON,Isla,Green,15/11/2004,HB976822D,isla.green871@example.co.uk,07300050585,240 Khan Street,London,EC1A 1BB,,N,2008-03-16
P0000108,ORG,Jeffrey,Lindsey,18/06/1999,XX617904B,user413@example.com,07602533479,70 Johnson Street,Reading,RG1 1LX,414,N,2015-06-01
P0000109,PERSON,Matthew,Santos,24/01/1996,,user22@example.com,07416779880,146 Johnson Street,Norwich,NR1 3QQ,23,Y,2022-04-29
P0000110,PERSON,Fatima,Hughes,02/06/1969,NK107161C,fatima.hughes89@example.co.uk,07579678614,193 Patel Street,Cardiff,CF10 1EP,,N,2014-10-09
P0000111,PERSON,Daniel,Smith,19/06/1963,MH525110C,daniel.smith670@example.co.uk,07785811060,235 Khan Street,Glasgow,G1 1XQ,,Y,2012-12-14
P0000112,PERSON,Emily,Miller,09/04/1983,OS836038D,user373@example.com,07961135562,171 Johnson Street,Birmingham,B1 1AA,374,N,2023-04-05
P0000113,PERSON,Amelia,Hughes,30/01/1980,,amelia.hughes541@example.co.uk,07642762599,52 Baker Street,Glasgow,G1 1XQ,125,Y,2011-09-09
P0000114,PERSON,David,Walters,12/02/1960,TC635167D,user235@example.com,07586869229,34 Hughes Street,York,YO1 6GA,236,Y,2020-08-24
P0000115,PERSON,Dennis,Tran,16/04/1980,,USER274@EXAMPLE.COM,07103237836,191 Johnson Street,Norwich,NR1 3QQ,275,Y,2009-01-06
P0000116,PERSON,Gabrielle,Peterson,05/07/1943,TB401036D,USER63@EXAMPLE.COM,07245415636,197 Walker Street,Manchester,M1 1AE,64,Y,2016-07-30
P0000117,PERSON,Sandra,Bradshaw,23/01/1984,XG785280C,USER193@EXAMPLE.COM,07676876906,101 Hughes Street,Cardiff,CF10 1EP,194,Y,2012-12-29
P0000118,PERSON,James,Khan,15/07/1981,SP262656C,JAMES.KHAN690@EXAMPLE.CO.UK,07878488534,196 Brown Street,York,YO1 6GA,,Y,2022-10-22
P0000119,PERSON,Janet,Weiss,23/03/1997,SB356622A,user40@example.com,07351619881,139 Johnson Street,London,EC1A 1BB,41,N,2009-04-07
P0000120,ORG,Cynthia,Moran,09/05/1963,YN348411C,user282@example.com,07808897689,134 Davies Street,Bristol,BS1 4ST,283,Y,2014-03-04
P0000121,ORG,Wanda,Lopez,30/12/1950,RY619696A,user150@example.com,07790755362,172 Clarke Street,Reading,RG1 1LX,151,N,2015-02-24
P0000122,PERSON,Fatima,Williams,26/11/1966,MG944917D,fatima.williams386@example.co.uk,07703857319,106 Walker Street,Birmingham,B1 1AA,,Y,2011-01-03
P0000123,PERSON,Troy,Lucas,13/05/1980,OC661654B,USER424@EXAMPLE.COM,07504981031,173 Hall Street,Bristol,BS1 4ST,425,Y,2009-08-19
P0000124,PERSON,Theresa,Hughes,27/01/2001,NM116078B,user321@example.com,07896152940,31 Wright Street,Reading,RG1 1LX,322,N,2023-08-08
P0000125,PERSON,George,Clarke,21/06/1961,OM374267C,george.clarke566@example.co.uk,07633947427,120 Brown Street,Glasgow,G1 1XQ,217,N,2024-03-15
P0000126,PERSON,Richard,Rowe,23/05/1959,YK877259B,USER316@EXAMPLE.COM,07694113766,240 Baker Street,Glasgow,G1 1XQ,317,Y,2017-05-13
P0000127,PERSON,Matthew,Hayes,01/06/1978,TY786406C,USER185@EXAMPLE.COM,07982177625,126 Wright Street,Leeds,LS1 4AP,186,Y,2024-06-07
P0000128,PERSON,Emily,Williams,15/08/2004,BX135466A,emily.williams560@example.co.uk,07817490982,13 Smith Street,Norwich,NR1 3QQ,427,Y,2022-02-22
P0000129,PERSON,Andrea,Tyler,04/06/1973,,user295@example.com,07761982621,234 Wright Street,Birmingham,N/A,296,Y,2008-05-08
P0000130,PERSON,Tasha,Smith,26/08/1965,XM117975D,user98@example.com,07292486308,28 Brown Street,York,YO1 6GA,99,Y,2013-05-28
P0000131,PERSON,Jessica,Brennan,01/09/1951,CP525750D,user360@example.com,07848651792,58 Khan Street,York,YO1 6GA,361,Y,2009-10-22
P0000132,PERSON,Oliver,Taylor,11/05/1976,,OLIVER.TAYLOR389@EXAMPLE.CO.UK,07636718857,217 Walker Street,Cardiff,CF10 1EP,246,Y,2015-06-06
P0000133,PERSON,Sophie,Hughes,26/10/1943,LB177959C,sophie.hughes236@example.co.uk,07705064109,169 Jones Street,Leeds,LS1 4AP,391,Y,2015-01-20
P0000134,PERSON,Andrea,Wang,06/01/2004,PC413814B,user35@example.com,07708485104,214 Clarke Street,Leeds,LS1 4AP,36,Y,2020-02-15
P0000135,PERSON,Eric,Harrington,27/03/1946,,user23@example.com,07471363809,14 Brown Street,Birmingham,B1 1AA,24,Y,2009-09-14
P0000136,PERSON,Steven,Harrison,18/09/1994,AL921609D,user338@example.com,07482049366,142 Clarke Street,Reading,RG1 1LX,339,Y,2023-03-31
P0000137,PERSON,Wei,Taylor,01/07/1995,GR432061C,WEI.TAYLOR303@EXAMPLE.CO.UK,07105578324,242 Khan Street,Leeds,LS1 4AP,388,Y,2014-01-18
P0000138,PERSON,Kenneth,Reese,16/10/2005,RE127537A,user116@example.com,07199926988,153 Hall Street,Manchester,M1 1AE,117,N,2016-08-21
P0000139,PERSON,Justin,Cruz,24/09/1949,KZ646417B,user395@example.com,07282001119,36 Patel Street,Cardiff,CF10 1EP,396,Y,2019-01-22
P0000140,PERSON,James,Harrison,09/04/1953,CP363926B,user148@example.com,07632363811,153 Hall Street,Birmingham,B1 1AA,149,Y,2010-05-26
P0000141,PERSON,Patricia,Morgan,01/04/1974,NT450996D,user444@example.com,07799045497,250 Hall Street,London,EC1A 1BB,445,Y,2015-03-11
P0000142,PERSON,George,Wright,09/03/1968,TZ919959B,george.wright182@example.co.uk,07400969989,210 Clarke Street,Cardiff,CF10 1EP,,Y,2020-08-24
P0000143,PERSON,Melissa,Torres,10/11/1963,,user478@example.com,07860603328,54 Robinson Street,York,YO1 6GA,479,N,2023-07-16
P0000144,PERSON,Jason,Burton,04/04/1995,LG849979D,user51@example.com,07179419456,115 Hall Street,Cardiff,CF10 1EP,52,Y,2016-12-27
P0000145,PERSON,William,Taylor,21/04/1944,XC214682B,user447@example.com,07481187819,43 Hall Street,Cardiff,CF10 1EP,448,Y,2022-06-20
P0000146,PERSON,Wei,OBrien,14/08/1978,XZ821068B,wei.obrien109@example.co.uk,07519977113,119 Baker Street,London,EC1A 1BB,,Y,2011-05-19
P0000147,PERSON,John,Diaz,26/04/1968,CE971699B,user454@example.com,07468365044,117 Johnson Street,London,EC1A 1BB,455,Y,2015-10-24
P0000148,PERSON,Brooke,Moon,24/12/2006,,USER232@EXAMPLE.COM,07863193132,30 Smith Street,Norwich,NR1 3QQ,233,N,2022-07-14
P0000149,PERSON,Jill,Simpson,15/11/1992,XH447067D,user325@example.com,07348952994,205 Clarke Street,Birmingham,B1 1AA,326,Y,2012-03-06
P0000150,PERSON,Fatima,Clarke,14/08/1942,AJ315780C,fatima.clarke756@example.co.uk,07968366997,204 Taylor Street,Reading,RG1 1LX,430,Y,2020-01-16
P0000151,PERSON,Michelle,Wheeler,27/02/1997,TX770153C,user186@example.com,07756387421,101 Baker Street,Glasgow,G1 1XQ,187,Y,2015-11-23
P0000152,PERSON,Chloe,Wilson,06/06/2000,NE350161C,CHLOE.WILSON723@EXAMPLE.CO.UK,07500834337,178 Williams Street,Bristol,BS1 4ST,159,Y,2017-05-19
P0000153,PERSON,Daniel,Clarke,14/12/1977,HY274971D,DANIEL.CLARKE191@EXAMPLE.CO.UK,07300895568,81 Robinson Street,Norwich,NR1 3QQ,,Y,2016-01-20
P0000154,PERSON,Ingrid,Williams,03/07/1957,TS844638D,ingrid.williams835@example.co.uk,07188766909,145 Smith Street,Cardiff,CF10 1EP,327,N,2012-12-11
P0000155,PERSON,Rachael,Miller,14/07/1952,YW676429A,user83@example.com,07387643522,199 Green Street,Bristol,BS1 4ST,84,N,2016-03-24
P0000156,PERSON,Shane,Mann,06/02/1988,RE871740B,USER189@EXAMPLE.COM,07134607126,116 Patel Street,London,EC1A 1BB,190,Y,2009-12-13
P0000157,PERSON,Emily,Moore,02/02/1998,YP845279D,USER181@EXAMPLE.COM,07249502403,201 Johnson Street,Manchester,M1 1AE,182,N,2009-05-01
P0000158,PERSON,Aoife,Patel,18/07/1993,LX812296A,AOIFE.PATEL552@EXAMPLE.CO.UK,07905407446,202 Walker Street,Birmingham,B1 1AA,,N,2014-03-21
P0000159,PERSON,Harry,Williams,26/05/1962,TG705474C,harry.williams150@example.co.uk,07502838221,116 Taylor Street,Glasgow,G1 1XQ,,Y,2010-02-01
P0000160,PERSON,Ryan,Mcguire,10/10/1963,TN710224A,user107@example.com,07886756432,24 Robinson Street,Bristol,BS1 4ST,108,Y,2023-08-22
P0000161,PERSON,James,Christian,20/10/1973,JW381581C,user343@example.com,07462661837,141 Baker Street,Manchester,M1 1AE,344,Y,2018-11-19
P0000162,PERSON,Oliver,Jones,06/12/1948,,oliver.jones642@example.co.uk,07317237515,177 Williams Street,Norwich,ZZ99 9ZZ,,N,2014-10-08
P0000163,PERSON,Chad,White,04/12/1967,HB515594C,user136@example.com,07910924352,60 Walker Street,Bristol,BS1 4ST,137,Y,2023-10-13
P0000164,PERSON,Rick,Walker,08/11/1958,SA108454C,user470@example.com,07553456129,178 Williams Street,Leeds,LS1 4AP,471,Y,2013-02-18
P0000165,PERSON,Ricardo,Malone,07/04/1997,PG772741B,USER349@EXAMPLE.COM,07704829337,3 Hall Street,Manchester,M1 1AE,350,Y,2017-11-14
P0000166,PERSON,Joseph,Alexander,15/06/1983,SJ190898A,USER331@EXAMPLE.COM,07232239057,151 Clarke Street,Leeds,LS1 4AP,332,Y,2017-08-18
P0000167,PERSON,Maria,Jackson,27/10/1950,ZM916808A,user36@example.com,07806957378,225 Khan Street,Birmingham,B1 1AA,37,Y,2021-08-11
P0000168,PERSON,Jason,Morris,12/04/1963,KW504630A,USER311@EXAMPLE.COM,07785135687,153 Taylor Street,Cardiff,CF10 1EP,312,Y,2008-04-08
P0000169,PERSON,Mohammed,Williams,14/09/1974,TC117500A,MOHAMMED.WILLIAMS882@EXAMPLE.CO.UK,07331652222,11 Jones Street,Reading,RG1 1LX,98,N,2016-12-04
P0000170,PERSON,Karen,Strong,28/11/1992,XY745972B,USER411@EXAMPLE.COM,07432759989,21 Hughes Street,York,YO1 6GA,412,N,2011-06-26
P0000171,PERSON,William,Bishop,17/05/1987,CM832614D,user87@example.com,07356234948,15 Davies Street,Cardiff,CF10 1EP,88,Y,2017-09-29
P0000172,PERSON,Sheila,Pierce,09/02/1944,HE113280B,user273@example.com,07275913951,128 Murphy Street,Reading,RG1 1LX,274,Y,2024-03-01
P0000173,PERSON,Stephen,Rivas,15/11/2002,EA451284D,USER438@EXAMPLE.COM,07168582026,68 Baker Street,Glasgow,G1 1XQ,439,Y,2019-02-16
P0000174,PERSON,Matthew,Lynn,17/11/1988,EZ806866A,USER494@EXAMPLE.COM,07646346564,1 Jones Street,Glasgow,N/A,495,N,2008-04-10
P0000175,ORG,Matthew,Obrien,10/05/2007,BY942127D,USER409@EXAMPLE.COM,07366570563,107 OBrien Street,Norwich,NR1 3QQ,410,Y,2009-09-30
P0000176,PERSON,Sophie,Hughes,28/05/2000,PC587686C,sophie.hughes924@example.co.uk,07433609196,84 Taylor Street,London,EC1A 1BB,,Y,2008-03-06
P0000177,PERSON,Pamela,Vasquez,17/11/1963,SP720432D,user236@example.com,07933101205,51 Green Street,Bristol,BS1 4ST,237,N,2013-07-01
P0000178,PERSON,Luis,Bentley,23/03/1980,AN101533D,user463@example.com,07880841206,79 Brown Street,Cardiff,N/A,464,Y,2013-05-05
P0000179,PERSON,Katie,Ferguson,07/01/1985,BK986575D,user138@example.com,07499960213,118 Taylor Street,London,EC1A 1BB,139,Y,2019-05-03
P0000180,PERSON,David,Foley,10/10/1979,GK405844C,user499@example.com,07959870518,101 OBrien Street,Cardiff,CF10 1EP,500,Y,2014-02-05
P0000181,PERSON,Sheila,Jones,12/04/1988,EH571404D,user352@example.com,07229640083,138 Murphy Street,Leeds,LS1 4AP,353,N,2012-08-27
P0000182,PERSON,Rebecca,Davenport,30/06/1945,MB325465C,USER285@EXAMPLE.COM,07863599447,64 Murphy Street,Norwich,NR1 3QQ,286,Y,2009-02-05
P0000183,PERSON,Thomas,Wilson,15/10/1942,ET206857B,THOMAS.WILSON975@EXAMPLE.CO.UK,07166216779,213 Davies Street,Cardiff,CF10 1EP,,Y,2016-12-25
P0000184,PERSON,Heather,Henson,18/05/1968,AC307356D,user467@example.com,07198761306,232 OBrien Street,Manchester,M1 1AE,468,Y,2018-05-04
P0000185,PERSON,Tina,Brennan,03/08/1972,PS281201C,USER350@EXAMPLE.COM,07300951978,71 Patel Street,Reading,RG1 1LX,351,Y,2011-05-02
P0000186,PERSON,John,Gibbs,12/10/1986,XW163941A,USER166@EXAMPLE.COM,07247356051,108 Johnson Street,Reading,RG1 1LX,167,Y,2019-10-17
P0000187,ORG,Melanie,Smith,08/10/1971,OW670968D,user28@example.com,07707363258,129 OBrien Street,York,YO1 6GA,29,Y,2012-01-13
P0000188,PERSON,Danielle,Rivera,05/12/1998,BW655149C,user117@example.com,07349926429,250 Wilson Street,Reading,RG1 1LX,118,Y,2022-09-25
P0000189,ORG,Michael,Taylor,07/07/1991,,user482@example.com,07335591393,148 Clarke Street,York,YO1 6GA,483,Y,2011-11-24
P0000190,PERSON,Crystal,Torres,23/10/1963,YA837623C,user161@example.com,07705167856,37 Baker Street,Reading,RG1 1LX,162,N,2019-01-15
P0000191,PERSON,Jason,Parker,27/06/1990,KA652021D,USER205@EXAMPLE.COM,07759422189,52 Williams Street,Birmingham,B1 1AA,206,Y,2011-12-24
P0000192,PERSON,Mohammed,Jones,19/12/1941,WP176054C,mohammed.jones152@example.co.uk,07810966933,102 Baker Street,Reading,RG1 1LX,111,Y,2014-10-08
P0000193,PERSON,Kathleen,Smith,23/03/2006,TN282664C,USER137@EXAMPLE.COM,07732380409,209 Wilson Street,Birmingham,B1 1AA,138,Y,2024-06-17
P0000194,ORG,Harry,Wilson,28/02/1940,BH731650C,harry.wilson972@example.co.uk,07756465515,57 Baker Street,Reading,RG1 1LX,,Y,2019-02-16
P0000195,ORG,Teresa,Robinson,26/02/1971,CN568325A,USER33@EXAMPLE.COM,07367942460,178 Taylor Street,Manchester,M1 1AE,34,Y,2010-06-04
P0000196,PERSON,Oliver,Clarke,25/04/1979,PP672547D,OLIVER.CLARKE751@EXAMPLE.CO.UK,07614847663,202 Baker Street,Cardiff,CF10 1EP,355,Y,2023-05-31
P0000197,PERSON,Shawn,Davis,17/09/1976,NL209812A,user108@example.com,07503144836,42 Taylor Street,Norwich,NR1 3QQ,109,Y,2010-02-01
P0000198,PERSON,Adam,Weeks,20/03/1954,HS264735A,USER290@EXAMPLE.COM,07320708138,250 Johnson Street,Reading,RG1 1LX,291,Y,2020-06-05
P0000199,PERSON,Aoife,Patel,07/04/1999,TG157152C,AOIFE.PATEL289@EXAMPLE.CO.UK,07194090232,76 Hall Street,Bristol,BS1 4ST,160,Y,2010-03-05
P0000200,ORG,Jeanne,Brooks,18/02/1987,EM923002D,user367@example.com,07809786356,68 Taylor Street,Birmingham,B1 1AA,368,Y,2016-09-09
P0000201,PERSON,Jennifer,King,07/12/2007,SL337232C,user380@example.com,07262275325,193 Brown Street,Cardiff,CF10 1EP,381,Y,2015-09-17
P0000202,PERSON,Fatima,Baker,30/05/1960,XW700534B,fatima.baker567@example.co.uk,07184777341,102 Jones Street,London,EC1A 1BB,,Y,2019-08-04
P0000203,ORG,Chloe,Williams,16/10/1950,JG144748D,CHLOE.WILLIAMS973@EXAMPLE.CO.UK,07833500385,112 Johnson Street,Norwich,NR1 3QQ,,N,2022-01-25
P0000204,ORG,Elizabeth,Allen,20/12/1958,CC506951D,user376@example.com,07396568375,134 Robinson Street,Reading,RG1 1LX,377,N,2008-04-11
P0000205,PERSON,Chloe,Baker,18/11/1986,YE210766A,chloe.baker801@example.co.uk,07675132064,226 Murphy Street,Cardiff,CF10 1EP,,N,2013-12-03
P0000206,PERSON,Michele,Ortiz,04/03/1954,PG748276D,USER335@EXAMPLE.COM,07455939049,177 Davies Street,Norwich,NR1 3QQ,336,Y,2018-08-28
P0000207,PERSON,Priya,Smith,24/04/1970,EK240913C,priya.smith838@example.co.uk,07575786397,199 OBrien Street,Bristol,BS1 4ST,,Y,2017-05-07
P0000208,PERSON,Amelia,Johnson,18/08/1979,BX929937B,AMELIA.JOHNSON217@EXAMPLE.CO.UK,07861894343,130 Clarke Street,Cardiff,CF10 1EP,,Y,2019-10-04
P0000209,PERSON,James,Wilson,17/04/1957,OJ387286C,james.wilson897@example.co.uk,07642375317,102 Brown Street,Leeds,LS1 4AP,,Y,2013-06-04
P0000210,ORG,Wendy,Sandoval,11/08/1998,XP460971B,user255@example.com,07377733976,192 Taylor Street,Reading,RG1 1LX,256,Y,2016-09-01
P0000211,PERSON,Melinda,Serrano,21/02/1975,KJ382154D,user202@example.com,07937844678,248 Smith Street,Reading,RG1 1LX,203,Y,2010-12-19
P0000212,PERSON,Chloe,Smith,28/01/1960,LS494763C,chloe.smith259@example.co.uk,07334300190,120 Khan Street,Reading,RG1 1LX,,Y,2021-12-26
P0000213,PERSON,Michelle,Kane,20/02/1971,MM817659A,user329@example.com,07461081823,71 OBrien Street,Manchester,,330,N,2013-11-09
P0000214,PERSON,Grace,Johnson,13/06/1953,ZR792616C,grace.johnson530@example.co.uk,07874471936,7 Wright Street,Leeds,LS1 4AP,436,N,2013-10-26
P0000215,PERSON,Wei,Clarke,03/03/1943,XW804505C,wei.clarke598@example.co.uk,07282521788,216 Green Street,Reading,RG1 1LX,,Y,2010-03-10
P0000216,PERSON,Joe,Richards,18/04/1975,NC333049C,USER234@EXAMPLE.COM,07429730298,108 OBrien Street,Bristol,BS1 4ST,235,Y,2021-02-17
P0000217,PERSON,Leonard,Sheppard,03/08/1999,ZC595158B,user73@example.com,07830893658,98 Hughes Street,Manchester,M1 1AE,74,Y,2009-03-18
P0000218,PERSON,Harry,Williams,20/12/1957,GN850432B,harry.williams351@example.co.uk,07623535947,86 Wilson Street,Cardiff,CF10 1EP,,Y,2009-04-20
P0000219,PERSON,Vanessa,Olson,20/02/1988,HW923353A,USER441@EXAMPLE.COM,07565694083,163 Walker Street,Bristol,BS1 4ST,442,Y,2018-09-15
P0000220,PERSON,Ryan,Burns,05/11/1957,NX299834A,user492@example.com,07772899961,188 Davies Street,London,EC1A 1BB,493,Y,2015-09-21
P0000221,PERSON,Andrew,Lopez,26/12/2002,BM404955D,user126@example.com,07740347321,135 OBrien Street,Manchester,M1 1AE,127,Y,2023-05-28
P0000222,ORG,Mohammed,Wright,24/03/1972,AK335217B,MOHAMMED.WRIGHT769@EXAMPLE.CO.UK,07123529192,151 Hughes Street,Leeds,LS1 4AP,,Y,2016-03-22
P0000223,PERSON,Oliver,Clarke,12/06/1997,,OLIVER.CLARKE262@EXAMPLE.CO.UK,07997777024,6 Jones Street,York,YO1 6GA,,Y,2017-05-07
P0000224,PERSON,Robert,Turner,26/10/1965,AM541315A,user474@example.com,07389885759,160 Hall Street,Manchester,M1 1AE,475,N,2017-05-24
P0000225,PERSON,Sophie,Hughes,25/06/2004,ZJ915749C,sophie.hughes633@example.co.uk,07316544937,92 Walker Street,Manchester,M1 1AE,283,Y,2008-11-18
P0000226,PERSON,Darrell,Davis,30/12/1975,AC215795D,USER275@EXAMPLE.COM,07196725534,200 Hughes Street,Leeds,LS1 4AP,276,Y,2024-03-24
P0000227,PERSON,Christopher,Lee,24/01/1955,LT152512A,user134@example.com,07142353230,219 Khan Street,Bristol,BS1 4ST,135,Y,2023-03-07
P0000228,PERSON,Nicole,Hoover,03/11/2006,,user299@example.com,07812272035,166 Wilson Street,Manchester,M1 1AE,300,Y,2017-10-25
P0000229,PERSON,Thomas,Taylor,06/06/1973,LR823415D,thomas.taylor835@example.co.uk,07796693603,227 Wilson Street,Glasgow,G1 1XQ,,Y,2023-08-13
P0000230,PERSON,Emily,Brown,28/04/1977,ZR917012C,emily.brown934@example.co.uk,07834937767,226 Williams Street,Reading,RG1 1LX,331,Y,2018-12-12
P0000231,PERSON,Kenneth,Wright,08/11/1947,AX904812B,user219@example.com,07819239897,224 OBrien Street,Cardiff,CF10 1EP,220,Y,2023-06-09
P0000232,PERSON,Sophie,Walker,14/05/1999,GY742686A,SOPHIE.WALKER745@EXAMPLE.CO.UK,07268499484,130 Wright Street,Leeds,LS1 4AP,,N,2011-09-16
P0000233,PERSON,Charles,Romero,27/03/1989,WK677236D,user298@example.com,07352329335,21 Robinson Street,Norwich,NR1 3QQ,299,Y,2020-11-07
P0000234,PERSON,Todd,Martin,29/08/1977,AE523037D,USER204@EXAMPLE.COM,07689590340,1 Taylor Street,Norwich,NR1 3QQ,205,N,2021-11-19
P0000235,PERSON,Sean,Green,23/07/1958,,SEAN.GREEN671@EXAMPLE.CO.UK,07587972689,85 Green Street,Norwich,NR1 3QQ,,N,2021-06-15
P0000236,PERSON,Adam,Riley,13/06/1954,KA457938C,user427@example.com,07958899743,75 Green Street,Glasgow,G1 1XQ,428,Y,2023-09-30
P0000237,PERSON,David,Moore,04/10/2003,RE366641B,USER386@EXAMPLE.COM,07521869399,56 Robinson Street,Birmingham,B1 1AA,387,N,2012-04-10
P0000238,PERSON,Sophie,Walker,03/03/1944,YX241176D,SOPHIE.WALKER949@EXAMPLE.CO.UK,07890503688,13 Green Street,Reading,RG1 1LX,86,N,2021-02-14
P0000239,ORG,Jason,Zimmerman,05/01/1955,HG208584D,user70@example.com,07750860170,226 OBrien Street,York,YO1 6GA,71,Y,2016-08-17
P0000240,PERSON,Nicole,Avila,28/02/1955,NM574843B,USER260@EXAMPLE.COM,07746955700,180 Hughes Street,Reading,RG1 1LX,261,Y,2023-09-25
P0000241,ORG,Charles,Powell,07/09/1995,JJ754487C,user252@example.com,07821955780,34 Wilson Street,Glasgow,G1 1XQ,253,Y,2023-07-28
P0000242,PERSON,Sophie,Murphy,11/06/1990,XM988459D,sophie.murphy492@example.co.uk,07661277051,28 Smith Street,Reading,RG1 1LX,,Y,2009-03-10
P0000243,PERSON,George,Patel,09/06/1954,JY133875C,george.patel294@example.co.uk,07210037068,158 Green Street,Bristol,BS1 4ST,58,N,2024-08-25
P0000244,PERSON,Wei,Davies,01/11/1985,RN678944A,WEI.DAVIES804@EXAMPLE.CO.UK,07369875484,52 Hall Street,Bristol,BS1 4ST,,N,2017-12-08
P0000245,PERSON,Priya,Baker,14/01/1989,SH815819A,PRIYA.BAKER757@EXAMPLE.CO.UK,07286611097,189 Hughes Street,Reading,RG1 1LX,353,Y,2008-11-28
P0000246,PERSON,Craig,Rubio,12/06/1978,AN588983B,USER46@EXAMPLE.COM,07446421355,153 Jones Street,York,YO1 6GA,47,N,2022-01-10
P0000247,PERSON,Grace,Wright,18/05/1991,HX171488B,grace.wright564@example.co.uk,07676637967,104 Taylor Street,Glasgow,G1 1XQ,48,Y,2012-10-13
P0000248,ORG,Mohammed,Murphy,03/05/1966,AE801432C,mohammed.murphy224@example.co.uk,07789626099,158 Hall Street,Reading,RG1 1LX,130,Y,2008-11-22
P0000249,PERSON,Mohammed,Clarke,04/03/1950,OX941814D,mohammed.clarke396@example.co.uk,07418293546,230 Johnson Street,Bristol,BS1 4ST,,Y,2009-11-05
P0000250,PERSON,Emily,Green,02/11/1987,RE315565D,emily.green8@example.co.uk,07177438788,192 Williams Street,Manchester,M1 1AE,59,Y,2024-01-29
P0000251,PERSON,Susan,Pearson,16/12/1955,CZ961530B,user24@example.com,07537692362,100 Robinson Street,Manchester,M1 1AE,25,Y,2017-09-17
P0000252,PERSON,George,Martinez,10/09/1971,ZC892682A,user56@example.com,07177942327,92 Hughes Street,Cardiff,CF10 1EP,57,Y,2023-05-20
P0000253,ORG,Joseph,Graham,29/06/1970,AW263917B,USER78@EXAMPLE.COM,07519825069,204 Green Street,Manchester,M1 1AE,79,Y,2022-03-22
P0000254,PERSON,Kayla,Davis,21/05/1960,GE143802A,user429@example.com,07523142000,138 Green Street,Glasgow,G1 1XQ,430,N,2014-11-01
P0000255,ORG,Courtney,Gibson,29/12/1951,GH292930B,user458@example.com,07371379423,50 Brown Street,Glasgow,G1 1XQ,459,Y,2020-09-21
P0000256,PERSON,Aoife,Robinson,01/11/1997,YW446922C,AOIFE.ROBINSON563@EXAMPLE.CO.UK,07803808754,61 Brown Street,Manchester,M1 1AE,,Y,2009-07-25
P0000257,PERSON,Mohammed,Wright,05/06/1980,YP946934C,mohammed.wright337@example.co.uk,07281075299,2 OBrien Street,Reading,RG1 1LX,,Y,2012-12-19
P0000258,PERSON,Fatima,Patel,01/04/1972,MW678469A,FATIMA.PATEL138@EXAMPLE.CO.UK,07751361501,21 Patel Street,Glasgow,G1 1XQ,294,N,2011-02-20
P0000259,PERSON,George,Patel,20/03/1996,YZ524814B,george.patel79@example.co.uk,07692269551,67 Green Street,Manchester,M1 1AE,,N,2020-02-08
P0000260,PERSON,Julie,Barnes,01/10/1972,MG587274A,user487@example.com,07639198004,3 Davies Street,Birmingham,B1 1AA,488,N,2021-10-09
P0000261,PERSON,Sean,Williams,12/01/1980,GW476224A,SEAN.WILLIAMS164@EXAMPLE.CO.UK,07623601769,60 Taylor Street,Birmingham,B1 1AA,,Y,2013-04-01
P0000262,PERSON,David,Hernandez,24/11/1998,SB141843C,USER305@EXAMPLE.COM,07659819889,163 Patel Street,Leeds,LS1 4AP,306,N,2013-11-27
P0000263,PERSON,Daniel,Wilson,16/10/1973,WL494609B,daniel.wilson670@example.co.uk,07478921345,210 Murphy Street,Cardiff,CF10 1EP,,Y,2018-10-24
P0000264,PERSON,James,Hughes,19/06/1952,GH265001C,james.hughes451@example.co.uk,07977198832,31 Davies Street,Birmingham,B1 1AA,,Y,2015-05-29
P0000265,PERSON,Ingrid,Wright,22/12/1982,,INGRID.WRIGHT216@EXAMPLE.CO.UK,07715776454,152 Wilson Street,Reading,RG1 1LX,3,Y,2019-07-01
P0000266,PERSON,Amanda,Elliott,12/02/2002,WR728471A,user32@example.com,07881656471,170 Khan Street,Reading,RG1 1LX,33,N,2012-11-09
P0000267,PERSON,Brent,Peck,21/05/2000,ZG933215B,user197@example.com,07648472597,68 Wilson Street,Norwich,NR1 3QQ,198,N,2015-09-08
P0000268,PERSON,Chloe,Baker,05/03/1946,WS966662B,chloe.baker236@example.co.uk,07290505619,122 Hall Street,Cardiff,CF10 1EP,300,Y,2019-12-02
P0000269,PERSON,Michelle,Weber,02/06/2002,XA912510D,user195@example.com,07497689759,224 Jones Street,Manchester,M1 1AE,196,Y,2017-08-15
P0000270,PERSON,Gene,Knight,05/10/1974,YE546157B,USER405@EXAMPLE.COM,07922334721,60 Taylor Street,Norwich,NR1 3QQ,406,Y,2020-03-12
P0000271,PERSON,Christine,Cook,15/04/1966,AR786341B,user239@example.com,07439196880,105 Murphy Street,Leeds,EC1A1BB,240,Y,2017-07-22
P0000272,PERSON,Thomas,Patel,05/02/1988,JS678923D,THOMAS.PATEL434@EXAMPLE.CO.UK,07700322425,143 Wright Street,Reading,RG1 1LX,,Y,2014-11-17
P0000273,PERSON,Wei,Williams,23/02/1999,JX520018C,wei.williams122@example.co.uk,07759304715,179 Jones Street,Leeds,LS1 4AP,,Y,2022-04-06
P0000274,PERSON,Lisa,Lynch,20/07/1988,CC375871B,user270@example.com,07753939761,10 Clarke Street,Manchester,M1 1AE,271,N,2016-12-26
P0000275,PERSON,Sean,Khan,03/11/2003,JX399899B,SEAN.KHAN987@EXAMPLE.CO.UK,07743724233,131 Hughes Street,Reading,ZZ99 9ZZ,,Y,2021-10-18
P0000276,PERSON,Natasha,Washington,25/10/1969,CL917546D,user128@example.com,07524281692,104 Baker Street,London,EC1A 1BB,129,Y,2008-05-05
P0000277,PERSON,Amelia,Taylor,22/04/1989,LK735818B,amelia.taylor292@example.co.uk,07533744956,148 Smith Street,York,YO1 6GA,,Y,2017-02-17
P0000278,PERSON,Joseph,Hicks,07/06/1975,WL664032C,user283@example.com,07504886868,145 Wright Street,York,YO1 6GA,284,N,2024-12-27
P0000279,PERSON,Erica,Day,19/10/1950,TE370343A,user5@example.com,07946812945,57 Davies Street,Norwich,NR1 3QQ,6,N,2017-04-01
P0000280,PERSON,Sean,Green,14/11/1940,NC681489B,sean.green718@example.co.uk,07479608458,56 Baker Street,Bristol,BS1 4ST,,Y,2024-09-25
P0000281,PERSON,George,Wright,29/11/1957,KP263573A,GEORGE.WRIGHT241@EXAMPLE.CO.UK,07184275390,174 Wright Street,Leeds,LS1 4AP,,Y,2020-02-22
P0000282,PERSON,Ingrid,Murphy,07/09/1995,LW291755C,ingrid.murphy323@example.co.uk,07905488247,148 Williams Street,Norwich,NR1 3QQ,,Y,2017-06-28
P0000283,PERSON,Frank,Patton,07/07/1958,HT226215D,user58@example.com,07109039413,4 Johnson Street,York,,59,Y,2010-04-05
P0000284,PERSON,John,Schmidt,22/04/1970,LW742865C,user436@example.com,07635550230,109 Johnson Street,Reading,RG1 1LX,437,Y,2024-11-13
P0000285,PERSON,Laura,Hill,09/11/1974,YK953740A,user404@example.com,07963382466,61 Green Street,Cardiff,CF10 1EP,405,Y,2016-07-17
P0000286,PERSON,Leah,Lawrence,30/10/1998,GX659921C,user328@example.com,07422159250,65 Green Street,Birmingham,B1 1AA,329,N,2009-01-25
P0000287,PERSON,Dana,Gibbs,11/02/1971,ET880762C,USER455@EXAMPLE.COM,07486876247,144 Green Street,Birmingham,B1 1AA,456,N,2013-10-12
P0000288,PERSON,Tanner,Sampson,04/04/1946,JZ703869B,user498@example.com,07405596297,91 OBrien Street,Cardiff,CF10 1EP,499,Y,2018-12-07
P0000289,ORG,Lars,Taylor,09/03/1974,NS761938D,lars.taylor629@example.co.uk,07176605123,21 Wilson Street,Bristol,BS1 4ST,241,Y,2015-01-12
P0000290,PERSON,Ronald,Burgess,23/10/1958,SP884225D,user431@example.com,07297446299,219 Smith Street,Bristol,BS1 4ST,432,Y,2013-04-06
P0000291,ORG,Amelia,Johnson,22/12/1954,BA908382D,amelia.johnson407@example.co.uk,07189390303,27 Patel Street,Manchester,M1 1AE,270,Y,2009-11-21
P0000292,PERSON,Wei,Khan,29/07/1960,HA136862C,wei.khan254@example.co.uk,07449182252,222 Wright Street,Bristol,BS1 4ST,,Y,2020-02-15
P0000293,PERSON,Aoife,Robinson,14/02/1952,YS648887C,aoife.robinson993@example.co.uk,07617169553,139 Davies Street,York,YO1 6GA,338,N,2017-11-28
P0000294,PERSON,Amy,Huff,23/02/1961,,user222@example.com,07246351498,89 Khan Street,Cardiff,CF10 1EP,223,Y,2008-03-09
P0000295,PERSON,Ingrid,Wright,17/11/1966,XP297731D,ingrid.wright10@example.co.uk,07569339388,102 Davies Street,Cardiff,CF10 1EP,288,Y,2024-07-13
P0000296,PERSON,Wei,Davies,05/08/1963,ZL398505C,wei.davies82@example.co.uk,07173512612,47 Williams Street,Cardiff,CF10 1EP,134,Y,2022-04-14
P0000297,PERSON,Anna,Adams,30/04/1945,AG152042A,USER80@EXAMPLE.COM,07209815321,73 Patel Street,Norwich,NR1 3QQ,81,Y,2017-10-31
P0000298,PERSON,Isla,Taylor,08/07/1953,TP586208A,isla.taylor16@example.co.uk,07905917946,244 Williams Street,Norwich,NR1 3QQ,396,Y,2016-10-19
P0000299,PERSON,Joshua,Chambers,13/03/2001,PA227885B,user459@example.com,07575625690,64 Jones Street,Norwich,NR1 3QQ,460,Y,2024-06-28
P0000300,PERSON,Sean,Johnson,02/06/1982,XX228074C,sean.johnson399@example.co.uk,07420848110,51 Murphy Street,Bristol,BS1 4ST,,N,2022-12-14
P0000301,PERSON,Angel,Johnson,19/06/1956,,user1@example.com,07727813474,31 Clarke Street,Manchester,M1 1AE,2,N,2008-03-14
P0000302,PERSON,Daniel,Wright,04/10/2001,CN896456A,DANIEL.WRIGHT611@EXAMPLE.CO.UK,07792107026,40 Green Street,Birmingham,B1 1AA,33,N,2010-10-27
P0000303,PERSON,Daniel,Phillips,21/08/2002,SJ122390D,user430@example.com,07244667571,65 Jones Street,Glasgow,G1 1XQ,431,Y,2017-10-24
P0000304,PERSON,Aoife,Wright,09/01/1957,ZY268132A,aoife.wright581@example.co.uk,07582522615,76 Patel Street,Birmingham,B1 1AA,21,Y,2018-03-08
P0000305,PERSON,Charles,Daniels,29/11/1962,,user256@example.com,07933241446,159 Davies Street,York,YO1 6GA,257,Y,2009-06-02
P0000306,PERSON,Aoife,Clarke,12/01/1957,RN215830A,aoife.clarke537@example.co.uk,07171596938,12 Williams Street,Norwich,NR1 3QQ,,Y,2008-09-13
P0000307,PERSON,Courtney,White,28/05/1954,PW651363C,USER91@EXAMPLE.COM,07336999287,156 Taylor Street,Norwich,NR1 3QQ,92,Y,2012-09-05
P0000308,ORG,Amelia,Robinson,27/04/1997,OB963652C,amelia.robinson63@example.co.uk,07888448988,19 Khan Street,Glasgow,G1 1XQ,,Y,2012-11-03
P0000309,PERSON,Sophie,Brown,21/09/1960,HY885587D,sophie.brown545@example.co.uk,07922790554,164 Baker Street,Cardiff,CF10 1EP,,Y,2018-04-15
P0000310,PERSON,Fatima,Brown,19/12/1954,XT469438C,fatima.brown812@example.co.uk,07448594692,217 Murphy Street,Birmingham,B1 1AA,,Y,2022-03-15
P0000311,PERSON,Sarah,Cox,10/12/1968,XL477496D,user259@example.com,07526372748,1 Jones Street,Glasgow,G1 1XQ,260,N,2021-05-12
P0000312,PERSON,Deborah,Jefferson,16/12/1974,KJ997287C,USER54@EXAMPLE.COM,07982551268,242 Patel Street,Birmingham,B1 1AA,55,N,2019-06-20
P0000313,PERSON,Daniel,Williams,16/06/1948,YK344312C,daniel.williams39@example.co.uk,07198682372,147 Clarke Street,Norwich,NR1 3QQ,230,Y,2012-11-16
P0000314,PERSON,Mohammed,Wright,06/07/1955,BZ500080A,mohammed.wright500@example.co.uk,07927749187,86 Murphy Street,Reading,RG1 1LX,437,N,2017-09-27
P0000315,PERSON,Samuel,Everett,05/11/1946,ZA764678D,USER152@EXAMPLE.COM,07663052341,11 OBrien Street,Manchester,M1 1AE,153,Y,2011-05-10
P0000316,PERSON,Sarah,Thornton,27/10/1956,SZ629247A,USER319@EXAMPLE.COM,07411152157,202 Clarke Street,Leeds,LS1 4AP,320,Y,2015-07-16
P0000317,PERSON,Steven,Andrews,06/07/1987,PX555596B,user399@example.com,07616386600,144 Johnson Street,Reading,RG1 1LX,400,Y,2022-08-18
P0000318,PERSON,Aoife,Hall,12/01/1987,YC217996D,aoife.hall253@example.co.uk,07473992719,49 OBrien Street,Leeds,LS1 4AP,,Y,2022-09-13
P0000319,PERSON,Jamie,Blankenship,29/12/1976,SG561859A,user473@example.com,07350707551,52 Murphy Street,Bristol,BS1 4ST,474,Y,2024-05-03
P0000320,PERSON,Sophie,Jones,21/10/1961,AN827497A,sophie.jones972@example.co.uk,07605936741,6 OBrien Street,Reading,RG1 1LX,,Y,2020-01-25
P0000321,PERSON,Joshua,Stewart,13/08/1945,GA494900A,USER347@EXAMPLE.COM,07164542674,73 Johnson Street,York,YO1 6GA,348,N,2021-11-10
P0000322,PERSON,Joshua,Gibson,01/02/1966,LP213132A,USER191@EXAMPLE.COM,07797299908,99 Davies Street,Norwich,NR1 3QQ,192,N,2019-05-28
P0000323,PERSON,Sophie,OBrien,25/06/1983,SY847078A,SOPHIE.OBRIEN888@EXAMPLE.CO.UK,07668455421,79 OBrien Street,Reading,RG1 1LX,,Y,2024-09-11
P0000324,PERSON,Brenda,Rivas,12/07/1997,WL951331A,user82@example.com,07515721250,228 Smith Street,Glasgow,G1 1XQ,83,N,2014-04-14
P0000325,PERSON,Daniel,Gay,04/01/1977,PX810929B,user276@example.com,07715145139,40 Walker Street,Glasgow,G1 1XQ,277,N,2021-07-30
P0000326,PERSON,Kevin,Allen,05/10/2006,JG424008B,user271@example.com,07926834891,38 Baker Street,York,YO1 6GA,272,N,2015-02-13
P0000327,PERSON,Danielle,Dean,24/04/2002,GA902616C,user0@example.com,07544572227,247 Walker Street,York,YO1 6GA,1,Y,2024-09-21
P0000328,PERSON,Thomas,Williams,10/11/1956,LZ742108B,thomas.williams110@example.co.uk,07347940275,176 Smith Street,Birmingham,B1 1AA,,Y,2023-06-08
P0000329,PERSON,Harry,Hughes,02/04/1994,HJ337264A,harry.hughes481@example.co.uk,07116121432,237 Patel Street,Glasgow,G1 1XQ,222,N,2012-12-28
P0000330,PERSON,George,Johnson,07/12/1945,SK548324D,george.johnson182@example.co.uk,07752759821,189 Clarke Street,Norwich,NR1 3QQ,,N,2016-11-02
P0000331,PERSON,Daniel,Hall,06/02/1988,BK643899D,daniel.hall538@example.co.uk,07142146105,143 Clarke Street,London,EC1A 1BB,,Y,2022-02-22
P0000332,PERSON,George,Khan,08/06/1979,MB823468B,george.khan408@example.co.uk,07793746209,116 Taylor Street,Bristol,BS1 4ST,181,N,2010-07-16
P0000333,PERSON,Kyle,Ryan,21/01/1988,RN572788A,USER306@EXAMPLE.COM,07733846414,230 Johnson Street,Reading,RG1 1LX,307,N,2010-01-08
P0000334,PERSON,Chad,Obrien,14/10/1953,SP189450D,user165@example.com,07649397669,157 Wilson Street,Birmingham,B1 1AA,166,Y,2016-07-14
P0000335,PERSON,Leslie,Morris,09/04/1996,GH251631B,user250@example.com,07155094221,108 Khan Street,Birmingham,B1 1AA,251,Y,2018-01-03
P0000336,PERSON,Anthony,Gray,24/12/2001,ZL112800D,user9@example.com,07635413025,140 Smith Street,Birmingham,B1 1AA,10,Y,2019-01-25
P0000337,PERSON,Lisa,Sawyer,04/09/1971,ZA356600C,user330@example.com,07698663298,210 Johnson Street,Reading,RG1 1LX,331,Y,2011-04-29
P0000338,PERSON,Gregory,Bright,04/11/1941,MN191962A,USER355@EXAMPLE.COM,07291392758,42 Khan Street,Glasgow,EC1A1BB,356,Y,2023-07-05
P0000339,PERSON,Daniel,Green,01/12/1955,,daniel.green990@example.co.uk,07446627326,95 Clarke Street,Norwich,NR1 3QQ,461,N,2017-08-01
P0000340,PERSON,Amelia,Khan,28/03/1982,WJ829630B,amelia.khan138@example.co.uk,07217362383,147 Hughes Street,Manchester,M1 1AE,,N,2018-11-06
P0000341,PERSON,Chloe,Khan,24/04/1978,GZ620509D,chloe.khan624@example.co.uk,07293173916,227 Hall Street,Glasgow,G1 1XQ,346,Y,2014-07-07
P0000342,PERSON,James,Brown,24/02/1942,RS147702C,james.brown477@example.co.uk,07965482632,164 Johnson Street,Manchester,M1 1AE,119,Y,2012-07-06
P0000343,PERSON,Thomas,Taylor,12/08/1967,NN515287A,thomas.taylor308@example.co.uk,07308322646,85 OBrien Street,York,YO1 6GA,,N,2018-09-29
P0000344,PERSON,Oliver,Williams,13/03/1983,RB975671C,oliver.williams160@example.co.uk,07828209159,81 Green Street,Norwich,NR1 3QQ,23,Y,2012-09-02
P0000345,PERSON,Mohammed,Murphy,09/12/1945,XH698717D,MOHAMMED.MURPHY993@EXAMPLE.CO.UK,07225460968,222 Khan Street,Birmingham,B1 1AA,392,N,2015-01-20
P0000346,PERSON,Thomas,Walker,15/10/1947,WM283514A,thomas.walker509@example.co.uk,07140152609,200 Johnson Street,Leeds,LS1 4AP,,N,2017-12-14
P0000347,PERSON,Brianna,Soto,28/12/1970,TX425434C,USER157@EXAMPLE.COM,07205496809,211 Hughes Street,Norwich,NR1 3QQ,158,Y,2010-12-23
P0000348,PERSON,Kimberly,Lee,20/06/1964,AM146168A,user122@example.com,07149542207,27 Hughes Street,London,EC1A 1BB,123,N,2024-09-20
P0000349,PERSON,Cassandra,Hernandez,07/08/1978,JJ400487C,user29@example.com,07929773829,113 Brown Street,Reading,RG1 1LX,30,Y,2011-07-14
P0000350,PERSON,Alyssa,Wilson,29/09/1976,XP676051C,USER123@EXAMPLE.COM,07856294020,206 Khan Street,London,EC1A 1BB,124,Y,2011-11-04
P0000351,PERSON,Chad,Harvey,17/12/2001,,USER375@EXAMPLE.COM,07825308245,13 Brown Street,Reading,RG1 1LX,376,Y,2009-12-06
P0000352,PERSON,Thomas,Oliver,17/02/2000,SP427617C,user417@example.com,07865469134,195 Green Street,Birmingham,B1 1AA,418,Y,2024-12-13
P0000353,PERSON,Daniel,Williams,02/05/1948,SW342948B,DANIEL.WILLIAMS833@EXAMPLE.CO.UK,07762436526,67 Murphy Street,Norwich,NR1 3QQ,255,Y,2023-09-10
P0000354,PERSON,Mohammed,OBrien,31/08/1980,HM905245C,mohammed.obrien500@example.co.uk,07236788265,131 Brown Street,London,EC1A 1BB,,Y,2024-01-08
P0000355,PERSON,Mohammed,Green,07/04/1998,ZK674566B,mohammed.green73@example.co.uk,07512119784,17 OBrien Street,Bristol,BS1 4ST,368,Y,2023-07-26
P0000356,PERSON,Fatima,Baker,13/09/1970,YW219876D,fatima.baker558@example.co.uk,07204855083,211 Robinson Street,Leeds,LS1 4AP,,Y,2017-02-06
P0000357,PERSON,Keith,Johnson,20/07/1984,NW776320A,USER43@EXAMPLE.COM,07977283140,36 Baker Street,Manchester,M1 1AE,44,N,2022-04-08
P0000358,PERSON,Harry,Williams,21/08/1980,NM697978C,harry.williams545@example.co.uk,07566784595,184 Murphy Street,Bristol,BS1 4ST,322,N,2021-01-25
P0000359,PERSON,Emily,Gibson,08/08/1955,OY155708A,user248@example.com,07981277125,92 Brown Street,York,YO1 6GA,249,N,2008-09-12
P0000360,PERSON,Heather,Berger,18/05/1969,PS671598B,user423@example.com,07609889300,36 Johnson Street,Reading,RG1 1LX,424,Y,2016-01-30
P0000361,PERSON,Harry,Khan,11/02/2000,RG188776B,harry.khan129@example.co.uk,07546521400,221 Robinson Street,Birmingham,EC1A1BB,,N,2023-08-06
P0000362,PERSON,Fatima,Hall,17/02/1956,KH545405A,fatima.hall466@example.co.uk,07884812266,61 Hughes Street,York,YO1 6GA,352,Y,2020-04-01
P0000363,PERSON,Oliver,Jones,21/12/1990,GX887042C,oliver.jones495@example.co.uk,07184003766,134 Hall Street,Glasgow,G1 1XQ,198,Y,2018-08-06
P0000364,PERSON,Amelia,Green,01/01/1992,,amelia.green320@example.co.uk,07603834447,147 OBrien Street,Reading,,,Y,2014-08-10
P0000365,PERSON,Elizabeth,Moore,22/02/1998,YL164401D,user272@example.com,07715103737,14 Khan Street,London,EC1A 1BB,273,N,2022-01-01
P0000366,PERSON,Megan,Atkinson,11/10/1980,LL238976C,USER64@EXAMPLE.COM,07375904108,4 Brown Street,Norwich,NR1 3QQ,65,Y,2021-04-09
P0000367,PERSON,Lars,Murphy,26/09/1955,NC252117B,lars.murphy268@example.co.uk,07908271285,106 Clarke Street,Leeds,LS1 4AP,223,Y,2017-11-14
P0000368,PERSON,Emily,Johnson,31/10/1991,HT518114D,emily.johnson752@example.co.uk,07901173040,243 Green Street,Glasgow,,73,Y,2023-05-01
P0000369,PERSON,Ingrid,Patel,08/01/1953,WB202093C,ingrid.patel544@example.co.uk,07563626557,157 Patel Street,Cardiff,M1  1AE,,Y,2013-12-27
P0000370,PERSON,Thomas,Baker,03/02/1975,NH428487A,thomas.baker473@example.co.uk,07993019801,18 Smith Street,Leeds,LS1 4AP,,Y,2019-10-12
P0000371,PERSON,Kimberly,Short,21/06/1986,BA749485A,USER65@EXAMPLE.COM,07737951442,169 Johnson Street,Norwich,NR1 3QQ,66,N,2022-04-24
P0000372,PERSON,Sarah,Steele,11/10/1964,YH216229B,USER243@EXAMPLE.COM,07601389735,170 Taylor Street,Manchester,M1 1AE,244,Y,2014-03-14
P0000373,PERSON,Mohammed,Patel,13/07/1954,BL952283C,MOHAMMED.PATEL800@EXAMPLE.CO.UK,07174516050,126 Johnson Street,Manchester,M1 1AE,,Y,2012-01-01
P0000374,PERSON,Sophie,Williams,02/07/1988,LE136554A,SOPHIE.WILLIAMS788@EXAMPLE.CO.UK,07881195659,65 Robinson Street,Cardiff,CF10 1EP,,Y,2019-03-01
P0000375,PERSON,James,Jimenez,14/09/1975,NR702553A,user281@example.com,07927844881,126 Wright Street,London,EC1A 1BB,282,Y,2024-04-27
P0000376,PERSON,Amelia,Green,05/04/1960,YY476353C,amelia.green4@example.co.uk,07530156867,15 Taylor Street,Cardiff,CF10 1EP,,Y,2015-08-17
P0000377,PERSON,Reginald,Keith,14/02/1966,XB502824B,USER84@EXAMPLE.COM,07518871756,230 Brown Street,Norwich,NR1 3QQ,85,Y,2016-01-22
P0000378,PERSON,Barbara,Flynn,19/07/1973,YK612997D,USER365@EXAMPLE.COM,07680413337,165 Khan Street,Norwich,NR1 3QQ,366,Y,2018-01-28
P0000379,PERSON,James,Jones,09/06/1970,WT811016B,james.jones58@example.co.uk,07350166446,237 Taylor Street,Glasgow,G1 1XQ,166,Y,2011-03-05
P0000380,ORG,Lisa,Moore,20/01/1987,,user337@example.com,07240163827,4 Wilson Street,London,EC1A 1BB,338,Y,2014-11-22
P0000381,PERSON,Sophie,Robinson,01/11/1994,ZK166175B,sophie.robinson175@example.co.uk,07971364069,214 Clarke Street,Reading,RG1 1LX,,Y,2023-05-06
P0000382,PERSON,Harry,OBrien,17/02/1959,GS276214C,harry.obrien783@example.co.uk,07571008888,63 Baker Street,London,EC1A 1BB,,Y,2010-03-29
P0000383,PERSON,Chloe,Clarke,25/02/1954,YM536440D,chloe.clarke17@example.co.uk,07321362854,37 Patel Street,Norwich,NR1 3QQ,381,Y,2017-03-29
P0000384,PERSON,Mark,Phelps,29/08/1947,TC757658C,user344@example.com,07104907047,143 Davies Street,Birmingham,B1 1AA,345,Y,2019-11-22
P0000385,PERSON,Chloe,Murphy,02/06/1988,BJ218152B,chloe.murphy520@example.co.uk,07609396906,128 Wilson Street,Leeds,LS1 4AP,,Y,2008-12-19
P0000386,PERSON,Judy,Jackson,27/10/1980,SB209493A,user372@example.com,07288857880,41 Smith Street,Glasgow,G1 1XQ,373,Y,2010-08-08
P0000387,PERSON,Rachel,Gibson,12/09/1963,JN341238A,user310@example.com,07205295567,61 Walker Street,Leeds,LS1 4AP,311,N,2016-06-03
P0000388,PERSON,Amelia,Wright,28/06/1992,SH506145C,AMELIA.WRIGHT497@EXAMPLE.CO.UK,07872902148,50 Murphy Street,London,EC1A 1BB,335,N,2012-07-14
P0000389,PERSON,Erin,Freeman,25/05/1954,ST538539B,user102@example.com,07336065965,227 Khan Street,London,EC1A 1BB,103,Y,2022-04-23
P0000390,PERSON,Emily,Baker,03/08/1989,JZ596489D,EMILY.BAKER876@EXAMPLE.CO.UK,07883850598,110 Davies Street,Leeds,LS1 4AP,,Y,2017-09-27
P0000391,PERSON,Daniel,Williams,21/06/1991,WB546376D,daniel.williams920@example.co.uk,07956864779,179 Brown Street,London,EC1A 1BB,,Y,2013-05-24
P0000392,PERSON,Jeffrey,Hernandez,20/10/1955,OM350675A,USER159@EXAMPLE.COM,07818371516,79 Wilson Street,London,EC1A 1BB,160,N,2020-10-16
P0000393,PERSON,James,Robinson,09/08/1981,OT838094A,james.robinson791@example.co.uk,07175912037,99 OBrien Street,Birmingham,B1 1AA,,Y,2014-08-26
P0000394,PERSON,Sydney,Francis,21/02/1998,JC750594C,user356@example.com,07158853584,132 Murphy Street,Bristol,BS1 4ST,357,N,2010-06-28
P0000395,PERSON,John,Lopez,29/04/2000,XC687997B,USER312@EXAMPLE.COM,07459628007,62 Green Street,Norwich,NR1 3QQ,313,Y,2018-09-24
P0000396,PERSON,Daniel,Johnson,23/03/1960,BC490923C,daniel.johnson329@example.co.uk,07638427940,135 Brown Street,Glasgow,G1 1XQ,354,Y,2019-12-06
P0000397,ORG,Aoife,Khan,19/07/1980,CJ580115A,AOIFE.KHAN636@EXAMPLE.CO.UK,07291997732,74 Taylor Street,Glasgow,G1 1XQ,,Y,2014-03-10
P0000398,PERSON,Brian,Sampson,21/12/1959,AM536770B,user224@example.com,07551111120,114 Smith Street,Birmingham,B1 1AA,225,Y,2009-05-30
P0000399,PERSON,Martha,Dunn,09/01/1942,YN787614C,user264@example.com,07814956730,179 Hughes Street,Leeds,LS1 4AP,265,N,2017-12-26
P0000400,PERSON,Jacob,Pearson,07/12/1950,LK607765C,user231@example.com,07926512485,217 Jones Street,Reading,RG1 1LX,232,Y,2014-05-18
P0000401,PERSON,Danielle,Wood,03/06/1958,HH980103B,USER61@EXAMPLE.COM,07225539035,11 OBrien Street,Birmingham,B1 1AA,62,Y,2017-11-20
P0000402,PERSON,William,Berger,19/06/1948,OG491029D,user363@example.com,07274587852,137 Khan Street,Birmingham,B1 1AA,364,Y,2008-07-23
P0000403,ORG,Monica,Coleman,17/03/1970,GA874368C,user115@example.com,07417351774,122 Khan Street,Norwich,NR1 3QQ,116,N,2024-11-30
P0000404,PERSON,Daniel,Williams,16/09/1990,BG810943A,daniel.williams747@example.co.uk,07531246845,159 Davies Street,Norwich,NR1 3QQ,24,Y,2010-01-27
P0000405,PERSON,Andrew,Santos,26/08/1966,LJ123643A,user342@example.com,07578306974,174 Taylor Street,Reading,RG1 1LX,343,N,2016-11-05
P0000406,PERSON,Kristen,Torres,03/12/1959,,user173@example.com,07526874654,38 Walker Street,Glasgow,G1 1XQ,174,Y,2016-05-12
P0000407,ORG,Jeffery,Lewis,13/01/1973,CJ863209D,user10@example.com,07546257594,206 Robinson Street,Glasgow,G1 1XQ,11,Y,2024-04-29
P0000408,PERSON,Fatima,Walker,09/07/1952,WN169327D,FATIMA.WALKER856@EXAMPLE.CO.UK,07539655012,164 Patel Street,Reading,RG1 1LX,,Y,2020-06-19
P0000409,PERSON,Kyle,Smith,31/10/1944,PM680771D,USER382@EXAMPLE.COM,07987177360,78 Baker Street,Reading,RG1 1LX,383,Y,2020-07-17
P0000410,PERSON,Isla,Smith,21/03/1940,EM537420B,isla.smith158@example.co.uk,07838565998,166 Davies Street,Bristol,BS1 4ST,206,Y,2014-03-20
P0000411,PERSON,Tara,Mccall,20/05/1943,RL758501D,user354@example.com,07978622319,31 Murphy Street,Manchester,M1 1AE,355,Y,2020-11-25
P0000412,PERSON,Justin,Richards,21/11/1998,GP271241A,USER461@EXAMPLE.COM,07550449730,163 Murphy Street,Bristol,BS1 4ST,462,Y,2014-07-17
P0000413,PERSON,Scott,Haney,19/06/1941,EH670123C,user400@example.com,07987793353,217 Khan Street,Manchester,M1 1AE,401,Y,2023-08-27
P0000414,PERSON,Sophie,Green,14/01/1992,RN270948A,SOPHIE.GREEN361@EXAMPLE.CO.UK,07640503265,57 Johnson Street,Birmingham,N/A,35,N,2020-07-12
P0000415,ORG,Sean,Green,04/12/2003,GA602811C,sean.green565@example.co.uk,07489305032,36 Robinson Street,Manchester,M1 1AE,,N,2021-05-27
P0000416,PERSON,Lindsay,Martinez,16/02/1978,EK234966B,user30@example.com,07430098648,33 Johnson Street,Glasgow,G1 1XQ,31,Y,2009-10-05
P0000417,PERSON,Destiny,Martinez,13/04/1967,BJ213054A,user268@example.com,07651344082,152 Jones Street,Manchester,M1 1AE,269,Y,2013-09-03
P0000418,PERSON,Nicholas,Lyons,02/11/1948,ZJ716146B,USER34@EXAMPLE.COM,07477456401,8 Taylor Street,Bristol,BS1 4ST,35,Y,2024-09-25
P0000419,PERSON,Daniel,Murphy,06/08/1971,CE959398A,daniel.murphy165@example.co.uk,07868596889,50 Khan Street,York,YO1 6GA,61,Y,2024-11-28
P0000420,ORG,Kevin,Scott,25/07/1945,TP832045B,user381@example.com,07215238810,47 Murphy Street,Manchester,M1 1AE,382,N,2017-07-06
P0000421,PERSON,David,Hayes,07/10/2006,SE644973B,user169@example.com,07487889723,181 Khan Street,Leeds,LS1 4AP,170,Y,2008-11-28
P0000422,PERSON,Jade,Pennington,20/05/1969,MT336845D,USER265@EXAMPLE.COM,07559520342,49 Taylor Street,Norwich,NR1 3QQ,266,N,2018-09-01
P0000423,PERSON,Priya,Wilson,22/02/1941,CE250331D,priya.wilson691@example.co.uk,07734105999,27 Wilson Street,Norwich,NR1 3QQ,21,Y,2012-06-18
P0000424,PERSON,Amber,Martinez,15/07/1963,RW392047C,user121@example.com,07960050268,165 Clarke Street,Reading,RG1 1LX,122,Y,2022-12-14
P0000425,PERSON,Wei,Wright,18/11/1985,TK758894B,WEI.WRIGHT286@EXAMPLE.CO.UK,07892204952,14 Taylor Street,Birmingham,B1 1AA,,Y,2008-08-07
P0000426,PERSON,Wei,Hall,07/12/2000,WW931239D,WEI.HALL335@EXAMPLE.CO.UK,07810917196,128 Wright Street,Birmingham,B1 1AA,25,Y,2020-03-01
P0000427,ORG,Elizabeth,Summers,18/02/1943,,user440@example.com,07227919275,99 Robinson Street,York,YO1 6GA,441,Y,2016-06-09
P0000428,PERSON,Joyce,Hill,18/10/1971,HW551601B,user294@example.com,07517771996,125 Brown Street,London,N/A,295,Y,2019-01-01
P0000429,PERSON,Aoife,Baker,24/02/1982,TZ496149C,aoife.baker488@example.co.uk,07405412480,83 Jones Street,York,YO1 6GA,285,Y,2009-01-04
P0000430,PERSON,Stephanie,Walker,27/01/1961,,user109@example.com,07466421402,98 Brown Street,Glasgow,G1 1XQ,110,Y,2016-01-06
P0000431,PERSON,Julia,Whitney,14/05/1946,YC821411A,user451@example.com,07222912620,87 Wilson Street,London,EC1A 1BB,452,Y,2015-04-25
P0000432,ORG,Jeffrey,Garcia,10/03/1950,TZ123316C,user491@example.com,07519082280,83 Baker Street,Cardiff,CF10 1EP,492,Y,2018-12-14
P0000433,PERSON,Melissa,Santiago,15/04/1977,NH744693C,user484@example.com,07568141917,52 Wright Street,Leeds,LS1 4AP,485,Y,2009-09-09
P0000434,PERSON,Aoife,Johnson,12/10/1965,ZC852570A,aoife.johnson272@example.co.uk,07393523362,18 Baker Street,London,EC1A 1BB,,N,2018-08-29
P0000435,PERSON,Crystal,Massey,20/10/1961,MS795684C,USER421@EXAMPLE.COM,07531967365,65 Hall Street,Glasgow,G1 1XQ,422,Y,2023-01-23
P0000436,PERSON,Emily,Smith,29/04/1996,SL768914D,emily.smith721@example.co.uk,07880196990,161 Jones Street,York,YO1 6GA,,Y,2016-03-03
P0000437,PERSON,Breanna,Key,20/10/1987,RS434132A,user225@example.com,07542852340,69 Khan Street,Leeds,LS1 4AP,226,Y,2013-10-01
P0000438,PERSON,Isla,Clarke,24/05/1961,SW687019D,isla.clarke117@example.co.uk,07139732456,52 Wilson Street,Birmingham,B1 1AA,,Y,2008-08-26
P0000439,PERSON,Amber,Salas,18/12/2005,TA158014A,user146@example.com,07419952703,222 Taylor Street,Bristol,BS1 4ST,147,N,2017-02-16
P0000440,PERSON,Amelia,Clarke,21/12/2004,EX796482C,amelia.clarke863@example.co.uk,07196903897,61 Hall Street,Birmingham,B1 1AA,327,Y,2015-01-11
P0000441,PERSON,Jessica,Andrews,16/08/1992,RJ251286A,USER147@EXAMPLE.COM,07394792954,113 Walker Street,Reading,RG1 1LX,148,Y,2021-03-22
P0000442,ORG,Heather,Shah,03/02/2007,RW815903B,user477@example.com,07942106991,240 Williams Street,York,YO1 6GA,478,Y,2024-01-19
P0000443,PERSON,Angela,Hunter,27/09/1983,BK365271D,user62@example.com,07852281566,93 Brown Street,Bristol,N/A,63,Y,2013-04-20
P0000444,ORG,Wei,Smith,04/04/1975,MJ268010D,wei.smith950@example.co.uk,07972144388,197 Walker Street,Bristol,BS1 4ST,,N,2014-02-22
P0000445,PERSON,Ingrid,Wright,17/01/1977,HL630930A,ingrid.wright949@example.co.uk,07746517065,187 Green Street,Glasgow,G1 1XQ,,N,2018-03-02
P0000446,PERSON,Oliver,Wilson,13/07/1996,CE265488B,oliver.wilson455@example.co.uk,07924212122,213 Williams Street,Birmingham,ZZ99 9ZZ,,N,2023-05-19
P0000447,PERSON,Tanya,Holland,07/10/1983,HZ966929C,user200@example.com,07313313546,22 Walker Street,Glasgow,G1 1XQ,201,Y,2016-10-28
P0000448,PERSON,Daniel,Davies,10/11/1941,CT307897C,daniel.davies971@example.co.uk,07281200333,13 Clarke Street,London,EC1A 1BB,421,Y,2021-06-19
P0000449,PERSON,Randy,Pierce,12/06/1980,AX556297D,user247@example.com,07630588481,31 Davies Street,Manchester,M1 1AE,248,N,2012-04-09
P0000450,PERSON,Thomas,Khan,01/05/1984,MJ538651B,thomas.khan392@example.co.uk,07256704945,8 Khan Street,Birmingham,B1 1AA,264,N,2013-04-13
P0000451,PERSON,Isla,Murphy,17/04/1992,PJ847986D,isla.murphy701@example.co.uk,07890385760,153 Patel Street,Norwich,NR1 3QQ,449,Y,2020-06-28
P0000452,PERSON,Richard,Curry,12/02/1957,ZB105621C,user206@example.com,07509028714,78 Clarke Street,Glasgow,G1 1XQ,207,Y,2010-12-19
P0000453,PERSON,Aoife,Jones,29/01/1992,SG194002C,aoife.jones184@example.co.uk,07564854683,37 Patel Street,Bristol,BS1 4ST,270,Y,2008-12-27
P0000454,PERSON,Ingrid,Patel,07/05/1972,LX428215D,ingrid.patel949@example.co.uk,07438811626,189 Wright Street,Cardiff,CF10 1EP,354,N,2011-05-24
P0000455,PERSON,Lars,Jones,12/12/1956,SS221660D,LARS.JONES153@EXAMPLE.CO.UK,07482810555,182 Green Street,London,EC1A 1BB,,Y,2019-01-21
P0000456,PERSON,Joseph,Vaughn,08/12/1954,HH886365C,user104@example.com,07812038659,150 Johnson Street,Birmingham,B1 1AA,105,Y,2008-02-03
P0000457,ORG,Cynthia,Espinoza,24/11/1962,TE444622A,USER48@EXAMPLE.COM,07830831002,32 Clarke Street,Reading,RG1 1LX,49,Y,2010-05-18
P0000458,ORG,Harry,Smith,10/04/1947,AN145976D,harry.smith472@example.co.uk,07885490692,188 Baker Street,Norwich,NR1 3QQ,176,Y,2009-02-02
P0000459,PERSON,Grace,OBrien,24/12/1944,LH351742D,GRACE.OBRIEN762@EXAMPLE.CO.UK,07323577467,42 Clarke Street,Manchester,M1 1AE,332,N,2014-05-23
P0000460,ORG,Harry,Brown,13/10/1966,ZG476485A,harry.brown503@example.co.uk,07650457212,52 Wright Street,Cardiff,CF10 1EP,420,Y,2016-09-14
P0000461,PERSON,Thomas,Spence,01/11/1986,OH555193D,USER402@EXAMPLE.COM,07651196193,88 Robinson Street,Reading,RG1 1LX,403,Y,2022-07-11
P0000462,PERSON,Harry,Wright,21/04/1987,,harry.wright645@example.co.uk,07422544807,39 Williams Street,York,YO1 6GA,332,Y,2014-09-26
P0000463,ORG,Sean,Walker,05/07/1966,WS533082A,sean.walker583@example.co.uk,07873426975,146 Patel Street,London,EC1A 1BB,207,Y,2021-02-17
P0000464,PERSON,Robert,Santiago,24/11/1998,PB187336D,user240@example.com,07419596584,81 Baker Street,York,M1  1AE,241,N,2024-12-26
P0000465,PERSON,Chloe,Patel,15/08/1970,LE554871A,CHLOE.PATEL990@EXAMPLE.CO.UK,07225282335,4 Wilson Street,Birmingham,B1 1AA,,Y,2018-04-27
P0000466,PERSON,Chloe,Wright,02/03/1967,PM191892B,CHLOE.WRIGHT634@EXAMPLE.CO.UK,07304872179,29 Smith Street,Reading,RG1 1LX,207,Y,2012-03-21
P0000467,PERSON,George,Wright,11/03/1998,JC415535D,GEORGE.WRIGHT149@EXAMPLE.CO.UK,07552989372,6 Brown Street,Leeds,LS1 4AP,,Y,2011-06-02
P0000468,PERSON,Lars,Wright,19/04/1982,PB450067A,LARS.WRIGHT21@EXAMPLE.CO.UK,07865677581,111 Walker Street,Norwich,NR1 3QQ,,N,2024-07-13
P0000469,PERSON,Aoife,Khan,27/04/1943,TK848987A,aoife.khan500@example.co.uk,07553123931,148 OBrien Street,Cardiff,CF10 1EP,,Y,2014-01-03
P0000470,PERSON,Fatima,Wright,28/06/1950,AH402001B,fatima.wright507@example.co.uk,07570417771,60 Hughes Street,Reading,RG1 1LX,,Y,2023-05-13
P0000471,PERSON,Jason,Mills,26/11/1985,MR537110C,user168@example.com,07958730450,249 Wilson Street,Reading,RG1 1LX,169,Y,2014-05-02
P0000472,PERSON,Amelia,Wright,01/08/1951,TM346120B,amelia.wright178@example.co.uk,07119467577,92 Patel Street,Leeds,LS1 4AP,,Y,2011-07-23
P0000473,PERSON,Thomas,Coffey,12/11/1974,KE689280B,user452@example.com,07465420342,201 Murphy Street,York,EC1A1BB,453,N,2020-06-29
P0000474,PERSON,Daniel,Rosales,23/02/1979,EB559094D,user90@example.com,07911495781,29 Brown Street,Birmingham,B1 1AA,91,N,2021-09-03
P0000475,PERSON,Sophie,Green,07/10/1943,OH863729C,sophie.green520@example.co.uk,07918153355,130 Wright Street,Manchester,M1 1AE,31,N,2010-03-24
P0000476,PERSON,Jennifer,Sparks,27/12/1963,SS906584A,USER371@EXAMPLE.COM,07968813060,122 OBrien Street,Glasgow,G1 1XQ,372,Y,2011-11-03
P0000477,PERSON,Danielle,Brewer,07/08/1955,KG889794D,user105@example.com,07248170281,206 Walker Street,Glasgow,G1 1XQ,106,Y,2017-03-07
P0000478,PERSON,Sean,Murphy,02/09/1942,CC454737C,sean.murphy454@example.co.uk,07929328811,43 Walker Street,Birmingham,B1 1AA,368,Y,2008-10-30
P0000479,PERSON,Harry,Baker,09/03/1945,XM856601C,harry.baker647@example.co.uk,07108484954,212 Patel Street,York,YO1 6GA,233,N,2021-09-09
P0000480,PERSON,Wei,Robinson,06/10/1997,OR913066B,wei.robinson211@example.co.uk,07190495952,10 Green Street,York,YO1 6GA,47,Y,2024-04-06
P0000481,PERSON,Harry,Hughes,07/07/1988,HA129246C,HARRY.HUGHES291@EXAMPLE.CO.UK,07931245592,78 Walker Street,Leeds,LS1 4AP,282,N,2010-06-23
P0000482,PERSON,Priya,Patel,01/04/1996,SM700241A,priya.patel520@example.co.uk,07353507570,207 Baker Street,Glasgow,G1 1XQ,,Y,2022-01-29
P0000483,PERSON,Chloe,Davies,06/06/1971,GR644909B,CHLOE.DAVIES307@EXAMPLE.CO.UK,07654535921,150 Johnson Street,Bristol,BS1 4ST,,N,2016-02-07
P0000484,PERSON,John,Fields,22/05/1943,BS236381D,USER416@EXAMPLE.COM,07183829919,95 Hughes Street,Birmingham,B1 1AA,417,Y,2020-07-15
P0000485,PERSON,Beth,Hayden,08/10/1977,SW867260D,user221@example.com,07254990533,130 Williams Street,Cardiff,CF10 1EP,222,Y,2018-04-07
P0000486,PERSON,Loretta,Crawford,14/08/1996,TB882758B,user410@example.com,07496567279,236 Brown Street,York,YO1 6GA,411,Y,2017-03-01
P0000487,PERSON,Rebecca,Ortiz,29/09/1955,OM492649C,USER475@EXAMPLE.COM,07130040913,203 Williams Street,Glasgow,G1 1XQ,476,Y,2021-03-23
P0000488,PERSON,Phyllis,Ramsey,29/12/1943,TA228270C,USER450@EXAMPLE.COM,07147977445,107 Wright Street,Bristol,BS1 4ST,451,Y,2020-09-08
P0000489,PERSON,Elizabeth,Perez,08/02/1997,ZG898963B,user167@example.com,07594926438,195 Robinson Street,Glasgow,G1 1XQ,168,Y,2011-05-05
P0000490,PERSON,Mohammed,Taylor,19/01/1996,XB803011D,mohammed.taylor681@example.co.uk,07793547595,23 Wilson Street,Reading,RG1 1LX,117,N,2020-10-29
P0000491,ORG,Grace,Green,17/11/1997,BZ647098B,grace.green127@example.co.uk,07639704301,230 Smith Street,York,YO1 6GA,436,Y,2019-12-05
P0000492,PERSON,Rachel,Reed,12/03/1971,YT188759C,user307@example.com,07148300820,126 Smith Street,London,EC1A 1BB,308,Y,2012-01-18
P0000493,PERSON,Matthew,Webster,06/03/1965,EY276324C,USER25@EXAMPLE.COM,07374399576,197 Taylor Street,York,YO1 6GA,26,Y,2017-02-18
P0000494,PERSON,Oliver,Hall,08/03/1969,GS439966C,oliver.hall186@example.co.uk,07988780552,231 Brown Street,London,EC1A 1BB,,Y,2013-05-16
P0000495,PERSON,Daniel,Davies,23/03/1984,,daniel.davies521@example.co.uk,07537095027,17 Wright Street,York,YO1 6GA,292,Y,2022-03-17
P0000496,ORG,Adam,Clay,02/10/1952,KY783200B,user481@example.com,07536740105,115 Taylor Street,London,EC1A 1BB,482,N,2019-03-23
P0000497,ORG,Amanda,Chang,17/10/2007,XS682119D,USER103@EXAMPLE.COM,07972569546,119 Hall Street,Birmingham,B1 1AA,104,Y,2011-10-03
P0000498,PERSON,Lee,Wallace,23/08/1948,OJ713583C,USER361@EXAMPLE.COM,07893691642,137 Baker Street,Norwich,NR1 3QQ,362,Y,2010-01-04
P0000499,PERSON,Whitney,Marshall,11/10/2001,RJ740098C,user86@example.com,07467901802,163 Patel Street,Manchester,M1 1AE,87,N,2023-11-15
P0000500,PERSON,Caleb,Herman,25/10/1945,ZN116645B,user469@example.com,07102198503,156 Wright Street,Leeds,LS1 4AP,470,Y,2008-03-19
P0000501,PERSON,Fatima,Green,26/06/2002,CY132450D,fatima.green721@example.co.uk,07479025201,249 Clarke Street,Norwich,NR1 3QQ,,N,2016-01-11
P0000502,PERSON,Tanya,Davis,30/09/1999,AK879243A,user220@example.com,07830739665,236 Murphy Street,London,EC1A 1BB,221,Y,2021-10-04
P0000503,ORG,Isla,Davies,20/04/1984,JA305611D,ISLA.DAVIES991@EXAMPLE.CO.UK,07397799667,146 Hughes Street,Glasgow,M1  1AE,,Y,2020-05-17
P0000504,PERSON,Colin,Gonzalez,14/03/1953,YG882209A,USER27@EXAMPLE.COM,07711928993,220 Davies Street,Reading,RG1 1LX,28,N,2024-05-07
P0000505,PERSON,George,Smith,03/03/2002,AS772101A,george.smith695@example.co.uk,07446817822,111 Walker Street,York,YO1 6GA,,Y,2023-04-03
P0000506,PERSON,Brent,Mata,01/01/2000,KB391433D,user435@example.com,07439562230,2 Clarke Street,Norwich,NR1 3QQ,436,Y,2009-11-01
P0000507,PERSON,James,Davies,11/11/2001,CE129226D,james.davies434@example.co.uk,07125795071,152 OBrien Street,Manchester,M1 1AE,,N,2013-07-17
P0000508,PERSON,Jennifer,Mccarty,13/04/1987,WK176452D,user446@example.com,07771463117,115 Baker Street,Leeds,LS1 4AP,447,Y,2009-05-12
P0000509,PERSON,Wei,OBrien,16/03/2002,,wei.obrien67@example.co.uk,07563683590,17 Brown Street,Birmingham,B1 1AA,7,Y,2020-07-17
P0000510,PERSON,Brandy,Hodge,06/03/1969,ZA575436D,user241@example.com,07559675039,226 Hall Street,Cardiff,CF10 1EP,242,Y,2015-08-14
P0000511,PERSON,James,Robinson,27/05/1986,CZ927763B,james.robinson337@example.co.uk,07235271742,164 Hughes Street,Reading,RG1 1LX,,Y,2017-06-10
P0000512,PERSON,Lee,Thomas,05/11/1982,BG426806D,user378@example.com,07799762892,194 Murphy Street,Reading,RG1 1LX,379,Y,2020-02-20
P0000513,ORG,Harry,Wright,10/09/1967,GB348918A,harry.wright618@example.co.uk,07309816802,250 Johnson Street,Glasgow,G1 1XQ,134,Y,2012-07-06
P0000514,PERSON,Mohammed,Johnson,01/12/1999,NM539033C,MOHAMMED.JOHNSON488@EXAMPLE.CO.UK,07587803152,225 Jones Street,Norwich,NR1 3QQ,256,Y,2008-01-31
P0000515,PERSON,Isla,Robinson,22/12/1995,PJ519758B,isla.robinson219@example.co.uk,07107221330,93 Smith Street,Leeds,LS1 4AP,,Y,2008-09-02
P0000516,PERSON,Harry,Khan,06/07/1979,JJ397901B,HARRY.KHAN200@EXAMPLE.CO.UK,07381319126,185 Wilson Street,Reading,RG1 1LX,182,Y,2020-06-08
P0000517,ORG,Anthony,Russell,28/11/1967,,user493@example.com,07506865213,168 Brown Street,Leeds,,494,Y,2012-09-18
P0000518,PERSON,Jose,Shields,01/02/1986,WS845476A,USER293@EXAMPLE.COM,07240439719,204 Johnson Street,Leeds,LS1 4AP,294,Y,2016-06-25
P0000519,PERSON,Mohammed,Hall,15/07/1978,XM927942B,mohammed.hall652@example.co.uk,07157186389,162 Patel Street,Leeds,LS1 4AP,,N,2019-05-26
P0000520,PERSON,Ingrid,Johnson,21/04/1947,PX492446D,ingrid.johnson804@example.co.uk,07292198192,83 Murphy Street,Norwich,NR1 3QQ,,Y,2018-11-03
P0000521,PERSON,Ingrid,Wright,27/01/1964,JK312861D,ingrid.wright596@example.co.uk,07525094361,56 Khan Street,Cardiff,CF10 1EP,84,Y,2016-06-16
P0000522,PERSON,Priya,Patel,23/05/1989,KZ143141D,priya.patel87@example.co.uk,07461178812,110 Robinson Street,Birmingham,B1 1AA,261,Y,2017-03-04
P0000523,PERSON,Melinda,Mcintyre,08/03/1946,KL776703A,user437@example.com,07188496207,76 Hughes Street,Norwich,NR1 3QQ,438,Y,2022-06-08
P0000524,PERSON,Kenneth,Byrd,25/01/2000,,USER385@EXAMPLE.COM,07315077574,86 Johnson Street,Bristol,BS1 4ST,386,Y,2013-08-10
P0000525,PERSON,Paul,Williams,09/07/2000,XL108948C,USER364@EXAMPLE.COM,07472193657,201 Clarke Street,Bristol,BS1 4ST,365,N,2021-01-02
P0000526,PERSON,James,Wright,06/09/1998,JW345076D,james.wright525@example.co.uk,07595425697,88 Taylor Street,Birmingham,B1 1AA,,Y,2012-03-18
P0000527,PERSON,Chelsea,Warner,07/11/1991,OG705561B,user118@example.com,07892212155,3 Wright Street,Cardiff,CF10 1EP,119,N,2015-12-15
P0000528,PERSON,Eric,Morris,11/05/1978,XM441919A,user218@example.com,07134584137,237 Williams Street,Cardiff,CF10 1EP,219,Y,2015-05-29
P0000529,PERSON,Chloe,Hall,26/06/1991,XR297487D,CHLOE.HALL888@EXAMPLE.CO.UK,07711512082,247 Robinson Street,Cardiff,CF10 1EP,237,Y,2014-10-31
P0000530,PERSON,Adam,Ryan,17/02/1978,ZW128142B,USER19@EXAMPLE.COM,07514350655,73 Johnson Street,Manchester,M1 1AE,20,Y,2022-10-17
P0000531,PERSON,Guy,Kennedy,24/07/1977,RR264663A,USER113@EXAMPLE.COM,07549267758,123 Taylor Street,Norwich,N/A,114,Y,2012-08-18
P0000532,PERSON,Erin,Johnson,30/08/1980,HZ425387B,user495@example.com,07835336980,118 Patel Street,Leeds,LS1 4AP,496,Y,2011-03-14
P0000533,PERSON,Wesley,Chambers,22/02/1954,YW582559D,user226@example.com,07891659872,24 Khan Street,Cardiff,CF10 1EP,227,Y,2018-03-27
P0000534,PERSON,Frederick,Ramos,27/03/1983,RK288301D,user497@example.com,07807681800,47 Baker Street,Bristol,BS1 4ST,498,Y,2023-09-02
P0000535,ORG,Isla,Wilson,24/07/1964,JW531256A,isla.wilson904@example.co.uk,07182177360,194 Brown Street,York,YO1 6GA,,Y,2015-04-24
P0000536,PERSON,Richard,Santana,24/02/2006,CT499670C,user384@example.com,07308739262,102 Jones Street,Birmingham,B1 1AA,385,Y,2010-07-28
P0000537,PERSON,Harry,OBrien,19/02/2000,KT247068D,harry.obrien767@example.co.uk,07273265999,44 Smith Street,Norwich,NR1 3QQ,51,Y,2011-12-22
P0000538,PERSON,Yolanda,Travis,22/01/1964,AL260952D,user254@example.com,07332650248,183 Jones Street,York,YO1 6GA,255,N,2019-12-09
P0000539,PERSON,Cheryl,Kim,10/05/1978,ER823880C,user266@example.com,07742318110,2 Jones Street,London,EC1A 1BB,267,N,2012-07-10
P0000540,ORG,Priya,Davies,10/12/1957,JC331282A,priya.davies94@example.co.uk,07991689612,171 Wilson Street,London,EC1A 1BB,149,N,2008-12-26
P0000541,PERSON,James,Fuller,26/12/1956,ZJ668016D,user422@example.com,07229712269,60 Johnson Street,Manchester,M1 1AE,423,Y,2015-04-03
P0000542,PERSON,John,Mcdaniel,20/08/1967,KC789922C,user192@example.com,07496189219,12 Taylor Street,Cardiff,CF10 1EP,193,N,2017-03-21
P0000543,ORG,Veronica,Patterson,09/07/1946,YH364178A,user60@example.com,07777395712,179 Clarke Street,Reading,RG1 1LX,61,Y,2023-07-23
P0000544,PERSON,Jeremy,Rodriguez,20/05/1961,TC451383A,user42@example.com,07728178604,115 Clarke Street,Birmingham,B1 1AA,43,Y,2024-08-20
P0000545,PERSON,Alexandra,Rivera,12/12/2001,,user242@example.com,07233204293,80 Davies Street,Reading,RG1 1LX,243,N,2024-12-25
P0000546,PERSON,Aaron,Herrera,14/01/1951,PJ773226A,USER124@EXAMPLE.COM,07878793986,154 Robinson Street,Manchester,,125,N,2015-05-16
P0000547,PERSON,Adrienne,Herrera,03/11/1965,RM887009A,USER457@EXAMPLE.COM,07886916528,85 OBrien Street,Glasgow,G1 1XQ,458,Y,2020-02-05
P0000548,PERSON,Eric,Garner,07/06/1945,PX437260B,user318@example.com,07106488260,17 Wright Street,Leeds,LS1 4AP,319,Y,2012-04-25
P0000549,PERSON,Rodney,Arnold,25/12/1971,XJ347789A,user288@example.com,07601517159,80 Wilson Street,Birmingham,B1 1AA,289,N,2013-06-29
P0000550,PERSON,Kevin,Costa,26/06/1944,JL919240D,USER339@EXAMPLE.COM,07486098163,102 Clarke Street,Reading,RG1 1LX,340,Y,2017-11-24
P0000551,PERSON,Andrea,Guerrero,07/05/1985,TA898940D,user196@example.com,07189370596,195 Khan Street,Reading,RG1 1LX,197,Y,2011-06-05
P0000552,PERSON,Emily,Patel,17/02/1974,CN243294D,EMILY.PATEL475@EXAMPLE.CO.UK,07303609169,2 Smith Street,Bristol,BS1 4ST,156,N,2024-05-19
P0000553,PERSON,Ingrid,Clarke,21/04/1977,YC528644A,ingrid.clarke963@example.co.uk,07233656706,99 Baker Street,Cardiff,CF10 1EP,,Y,2017-10-14
P0000554,PERSON,Priya,Hughes,14/08/2003,KK600931A,priya.hughes501@example.co.uk,07488065635,162 Smith Street,Glasgow,G1 1XQ,,Y,2022-06-22
P0000555,PERSON,Allison,Hill,04/08/1962,ZZ794791B,USER97@EXAMPLE.COM,07927825086,24 Clarke Street,Reading,RG1 1LX,98,Y,2021-02-22
P0000556,PERSON,Amelia,Hughes,09/12/1956,WY790472D,amelia.hughes898@example.co.uk,07888055028,106 Taylor Street,Cardiff,CF10 1EP,390,Y,2020-11-03
P0000557,PERSON,Priya,Williams,19/02/1964,HW101655A,PRIYA.WILLIAMS767@EXAMPLE.CO.UK,07847664372,107 Hughes Street,Leeds,LS1 4AP,,Y,2014-06-20
P0000558,PERSON,Emily,Wilson,11/08/1973,SZ953929B,EMILY.WILSON191@EXAMPLE.CO.UK,07163331510,192 Wilson Street,Birmingham,B1 1AA,,N,2012-04-20
P0000559,ORG,Brandy,Taylor,31/07/1951,HC407364A,user476@example.com,07397171155,17 OBrien Street,Cardiff,CF10 1EP,477,Y,2013-04-07
P0000560,PERSON,Michelle,Vaughan,06/12/1998,,user99@example.com,07144946135,25 Johnson Street,Manchester,,100,Y,2008-02-29
P0000561,PERSON,Antonio,Yu,26/06/1983,TN733729D,user67@example.com,07832141597,228 OBrien Street,York,YO1 6GA,68,N,2013-05-16
P0000562,PERSON,Wei,Clarke,18/10/1994,,wei.clarke59@example.co.uk,07531438437,186 Williams Street,Glasgow,G1 1XQ,457,Y,2010-10-03
P0000563,PERSON,Thomas,Davies,19/01/1973,JA769068C,THOMAS.DAVIES463@EXAMPLE.CO.UK,07486767831,224 Jones Street,Reading,RG1 1LX,,N,2024-07-02
P0000564,PERSON,Robert,Hopkins,09/03/1946,CP548702D,user420@example.com,07851082116,232 Brown Street,Norwich,NR1 3QQ,421,N,2014-08-04
P0000565,PERSON,Harry,Hughes,22/04/1991,XT276216D,harry.hughes804@example.co.uk,07617724535,170 Green Street,York,M1  1AE,,Y,2012-09-29
P0000566,ORG,Robert,Colon,11/05/1979,,user472@example.com,07450577559,232 Clarke Street,Manchester,M1 1AE,473,N,2012-12-10
P0000567,PERSON,Ingrid,Brown,14/09/1999,NK703950A,ingrid.brown140@example.co.uk,07504811746,234 Clarke Street,York,YO1 6GA,,Y,2020-08-08
P0000568,PERSON,Fatima,Davies,21/01/1960,YJ880788A,fatima.davies266@example.co.uk,07236813458,219 OBrien Street,Manchester,M1 1AE,116,N,2020-12-09
P0000569,ORG,Grace,Jones,08/12/1992,OG644998B,GRACE.JONES549@EXAMPLE.CO.UK,07109866101,138 Robinson Street,Leeds,LS1 4AP,428,Y,2014-08-28
P0000570,PERSON,Ingrid,Robinson,23/03/1953,BN423896A,INGRID.ROBINSON616@EXAMPLE.CO.UK,07858622505,147 Wright Street,Bristol,BS1 4ST,,Y,2012-11-02
P0000571,PERSON,Spencer,Bender,17/06/1955,KB913735B,user212@example.com,07881034931,101 Khan Street,Cardiff,,213,N,2022-10-14
P0000572,PERSON,Emily,Smith,26/02/1989,PR175312C,EMILY.SMITH402@EXAMPLE.CO.UK,07309478626,180 Green Street,Glasgow,G1 1XQ,,Y,2010-12-08
P0000573,PERSON,Rodney,Clark,27/12/1947,MT786433B,user178@example.com,07574469049,179 Wright Street,Reading,RG1 1LX,179,Y,2011-04-01
P0000574,PERSON,Jason,Gutierrez,13/05/2001,YE811267B,user257@example.com,07558607012,174 Wilson Street,Leeds,LS1 4AP,258,N,2010-02-25
P0000575,PERSON,Chris,Chambers,10/11/1959,NZ554894B,user460@example.com,07533785255,63 Jones Street,Norwich,NR1 3QQ,461,Y,2016-11-23
P0000576,PERSON,Christina,Coleman,13/04/1996,CT957939D,USER391@EXAMPLE.COM,07801363302,114 Murphy Street,Reading,RG1 1LX,392,Y,2010-08-13
P0000577,ORG,Barbara,Wilson,29/12/1965,YZ700446D,USER39@EXAMPLE.COM,07900323451,25 Baker Street,Norwich,NR1 3QQ,40,Y,2018-11-10
P0000578,PERSON,Fatima,Khan,07/04/1991,XH525019A,fatima.khan129@example.co.uk,07977744045,138 Hughes Street,Manchester,M1 1AE,,Y,2019-08-21
P0000579,PERSON,Aoife,Brown,12/08/1958,XT939398C,AOIFE.BROWN989@EXAMPLE.CO.UK,07238315117,148 Johnson Street,Manchester,M1 1AE,88,Y,2009-12-20
P0000580,PERSON,Oliver,Taylor,10/03/1951,AK415201A,oliver.taylor519@example.co.uk,07657747746,232 Khan Street,Bristol,BS1 4ST,45,Y,2017-12-23
P0000581,PERSON,Tracy,Hill,01/10/1978,OY635392B,user284@example.com,07811479581,210 Jones Street,Norwich,NR1 3QQ,285,Y,2012-03-20
P0000582,PERSON,Randall,Morton,08/06/1976,OL234733D,USER75@EXAMPLE.COM,07373769135,67 Clarke Street,Leeds,LS1 4AP,76,Y,2011-08-30
P0000583,PERSON,Chelsea,Burke,09/05/2005,GY313660A,user55@example.com,07389265706,163 Johnson Street,Manchester,M1 1AE,56,N,2020-08-22
P0000584,PERSON,Sean,Hall,19/09/1954,ZK181290C,SEAN.HALL430@EXAMPLE.CO.UK,07218101000,176 Green Street,Birmingham,B1 1AA,,Y,2015-05-22
P0000585,PERSON,Priya,OBrien,06/07/1964,KR210103A,PRIYA.OBRIEN150@EXAMPLE.CO.UK,07882035603,225 Khan Street,Leeds,LS1 4AP,102,Y,2018-12-24
P0000586,PERSON,Debra,Walton,01/04/1960,ZE150293B,user14@example.com,07907317394,100 Wilson Street,Glasgow,G1 1XQ,15,Y,2024-08-16
P0000587,PERSON,Aoife,Green,06/05/1993,,aoife.green904@example.co.uk,07266957491,169 Williams Street,Cardiff,CF10 1EP,,Y,2020-09-23
P0000588,PERSON,Oliver,Murphy,22/06/2003,SP937255D,oliver.murphy797@example.co.uk,07396162658,244 Walker Street,Leeds,LS1 4AP,,Y,2024-02-11
P0000589,PERSON,Isla,Khan,09/01/1997,CC180418B,isla.khan879@example.co.uk,07277288866,148 Jones Street,Manchester,M1 1AE,329,Y,2014-05-30
P0000590,PERSON,Ingrid,Smith,14/01/1978,XE525167A,ingrid.smith694@example.co.uk,07992706183,191 Smith Street,York,YO1 6GA,,N,2023-10-04
P0000591,PERSON,Melissa,Byrd,07/06/1988,WB736877D,user418@example.com,07824262657,239 Hughes Street,Glasgow,G1 1XQ,419,N,2011-12-03
P0000592,ORG,Sara,Kerr,15/06/1947,PH491416A,user201@example.com,07829138534,64 Green Street,Birmingham,B1 1AA,202,N,2010-08-23
P0000593,PERSON,Robert,Warner,06/07/1962,YR328026C,user190@example.com,07790387684,132 Jones Street,Norwich,NR1 3QQ,191,N,2021-11-08
P0000594,PERSON,Oliver,Murphy,12/07/1940,,oliver.murphy631@example.co.uk,07299885314,103 Murphy Street,Norwich,NR1 3QQ,,Y,2017-08-30
P0000595,PERSON,Diana,Armstrong,04/07/1989,TA263190C,USER398@EXAMPLE.COM,07524513309,96 Khan Street,Manchester,M1 1AE,399,Y,2012-02-01
P0000596,PERSON,Robert,Alexander,22/08/1952,HG470920D,USER387@EXAMPLE.COM,07861518573,51 Brown Street,Bristol,BS1 4ST,388,Y,2008-11-25
P0000597,ORG,Gabriel,Jones,09/06/1961,JW797557C,USER203@EXAMPLE.COM,07625132584,141 Wright Street,Cardiff,CF10 1EP,204,N,2024-01-08
P0000598,ORG,Larry,Alexander,20/05/2004,PG215063A,user149@example.com,07235424162,40 Murphy Street,Cardiff,CF10 1EP,150,Y,2023-05-08
P0000599,PERSON,Rebecca,Campbell,09/12/1983,,user300@example.com,07403035036,125 Taylor Street,Glasgow,G1 1XQ,301,N,2013-07-22
P0000600,ORG,Sean,Wilson,19/05/1962,RJ596912A,sean.wilson288@example.co.uk,07639376963,157 Wilson Street,Manchester,M1 1AE,4,Y,2021-04-05
P0000601,ORG,Harry,Davies,22/10/1950,ZJ195352A,harry.davies136@example.co.uk,07663683515,79 Davies Street,Cardiff,ZZ99 9ZZ,421,Y,2017-07-22
P0000602,PERSON,Jeffrey,Pena,18/10/1943,OL468075D,USER336@EXAMPLE.COM,07151063294,47 Jones Street,York,YO1 6GA,337,Y,2022-10-24
P0000603,PERSON,George,Khan,08/05/1982,ON419141A,GEORGE.KHAN287@EXAMPLE.CO.UK,07114669009,175 Green Street,Reading,RG1 1LX,,N,2010-12-03
P0000604,PERSON,Meghan,Baird,04/07/1997,KL320235D,USER286@EXAMPLE.COM,07214209107,34 Hall Street,Glasgow,G1 1XQ,287,Y,2021-02-26
P0000605,PERSON,George,Johnson,21/03/2003,TJ659475B,GEORGE.JOHNSON457@EXAMPLE.CO.UK,07305843534,108 Green Street,Manchester,M1 1AE,265,N,2020-07-26
P0000606,PERSON,Priya,Robinson,04/07/1996,WA275044C,priya.robinson735@example.co.uk,07238442086,75 Jones Street,Manchester,M1 1AE,318,N,2009-05-13
P0000607,ORG,George,Clarke,30/05/1984,WR689822D,george.clarke702@example.co.uk,07391514667,53 Wilson Street,York,YO1 6GA,,Y,2020-10-28
P0000608,PERSON,Ronald,Perry,23/05/1951,WL418148B,USER296@EXAMPLE.COM,07388315411,142 Brown Street,London,EC1A 1BB,297,Y,2009-01-08
P0000609,ORG,Brooke,Bailey,15/08/1987,GL929026A,user238@example.com,07367370380,211 Johnson Street,Bristol,ZZ99 9ZZ,239,Y,2008-01-12
P0000610,PERSON,Chloe,Murphy,12/02/1969,MN160045A,chloe.murphy86@example.co.uk,07335449670,188 Patel Street,York,YO1 6GA,,Y,2008-05-08
P0000611,PERSON,Kyle,Bray,07/06/1970,LY316173D,USER130@EXAMPLE.COM,07388614830,53 Baker Street,Reading,RG1 1LX,131,Y,2024-11-19
P0000612,PERSON,Linda,Cooke,14/10/1974,TC620052B,user20@example.com,07975741671,221 Wilson Street,Norwich,NR1 3QQ,21,Y,2019-01-01
P0000613,PERSON,Emily,Khan,20/11/1941,JC250494A,emily.khan318@example.co.uk,07588578468,233 Clarke Street,Birmingham,B1 1AA,,Y,2019-10-25
P0000614,PERSON,Maria,Levy,27/05/1973,,user448@example.com,07919743632,213 Jones Street,London,EC1A 1BB,449,Y,2009-11-15
P0000615,ORG,Bridget,Miller,16/09/1999,NC312149B,user17@example.com,07704356906,229 Robinson Street,Reading,EC1A1BB,18,N,2014-11-23
P0000616,PERSON,Christine,Williams,12/08/1959,XE122238A,USER317@EXAMPLE.COM,07418620529,27 Hughes Street,Birmingham,B1 1AA,318,N,2017-04-25
P0000617,PERSON,Devon,Hall,05/08/1943,MK817663D,user465@example.com,07867565624,211 Brown Street,Leeds,M1  1AE,466,Y,2010-06-21
P0000618,PERSON,Jeremy,Schwartz,22/10/1988,CB733870B,USER341@EXAMPLE.COM,07669599249,86 Hall Street,Bristol,BS1 4ST,342,Y,2017-07-15
P0000619,PERSON,Angela,Durham,18/11/1955,LW793875C,user277@example.com,07970503340,233 Taylor Street,Bristol,BS1 4ST,278,N,2011-05-02
P0000620,PERSON,Harry,OBrien,04/04/1953,CE705912D,harry.obrien400@example.co.uk,07399011485,38 Taylor Street,Norwich,NR1 3QQ,,Y,2010-11-10
P0000621,PERSON,Gregory,Thompson,26/12/1952,RN244935B,user432@example.com,07689848541,128 Green Street,Cardiff,CF10 1EP,433,Y,2019-12-11
P0000622,PERSON,Jason,Henry,24/02/1951,YK837246A,USER145@EXAMPLE.COM,07103077456,53 Smith Street,Leeds,LS1 4AP,146,Y,2018-08-18
P0000623,PERSON,Sophie,Jones,05/05/1971,RK320974B,SOPHIE.JONES370@EXAMPLE.CO.UK,07247963035,31 Williams Street,Birmingham,B1 1AA,185,Y,2008-08-03
P0000624,PERSON,Fatima,Murphy,07/11/1944,HA254021C,FATIMA.MURPHY719@EXAMPLE.CO.UK,07363115935,20 Smith Street,Manchester,M1 1AE,305,Y,2017-05-04
P0000625,PERSON,Nicholas,Roberts,23/08/1990,MW531512C,user208@example.com,07792399359,178 Smith Street,Birmingham,B1 1AA,209,Y,2011-07-01
P0000626,PERSON,Jesse,Johnson,05/03/1997,PS812930D,user466@example.com,07990688422,67 Baker Street,London,EC1A 1BB,467,Y,2023-11-29
P0000627,PERSON,Alan,Dudley,21/09/1968,GJ519852A,USER269@EXAMPLE.COM,07297239684,211 Green Street,Birmingham,B1 1AA,270,Y,2009-09-24
P0000628,PERSON,Lars,Wright,05/02/1968,RJ383031A,LARS.WRIGHT669@EXAMPLE.CO.UK,07489447905,155 OBrien Street,Cardiff,CF10 1EP,,Y,2014-04-30
P0000629,PERSON,Jennifer,Collier,26/10/1989,MJ678490B,user280@example.com,07134753576,62 Patel Street,Manchester,M1 1AE,281,Y,2020-10-14
P0000630,PERSON,Daniel,Wright,05/02/1944,MR624514B,daniel.wright50@example.co.uk,07519447907,186 Murphy Street,Glasgow,G1 1XQ,494,N,2023-10-05
P0000631,PERSON,Mohammed,Walker,06/03/1985,PW714841A,MOHAMMED.WALKER104@EXAMPLE.CO.UK,07262712486,175 Robinson Street,York,YO1 6GA,36,Y,2022-01-14
P0000632,PERSON,Christopher,Jennings,01/04/1979,HX641380C,user406@example.com,07240872324,87 Khan Street,Leeds,LS1 4AP,407,Y,2017-08-30
P0000633,ORG,Rodney,Oneill,28/10/1941,GZ758285D,USER144@EXAMPLE.COM,07116043585,37 Khan Street,Cardiff,CF10 1EP,145,Y,2009-12-15
P0000634,ORG,Stacey,Garcia,05/11/1970,LZ480977C,USER133@EXAMPLE.COM,07292399773,182 Robinson Street,Norwich,NR1 3QQ,134,Y,2018-08-12
P0000635,PERSON,Lars,Williams,14/02/1951,RG562241C,lars.williams996@example.co.uk,07770693402,244 OBrien Street,Reading,RG1 1LX,,Y,2023-04-20
P0000636,PERSON,Stuart,Clark,27/09/1974,ZB877039B,user179@example.com,07702154855,3 Williams Street,Norwich,NR1 3QQ,180,N,2014-07-09
P0000637,PERSON,Jeremy,Garcia,29/08/1947,SC465887D,user66@example.com,07674576164,231 Robinson Street,Reading,RG1 1LX,67,Y,2012-01-16
P0000638,PERSON,Wei,Walker,23/11/1957,JW219879C,wei.walker412@example.co.uk,07685276505,40 Wright Street,Glasgow,G1 1XQ,262,Y,2012-10-14
P0000639,PERSON,Amy,Dalton,08/02/1989,,user449@example.com,07947782657,111 Wright Street,London,EC1A 1BB,450,Y,2012-09-28
P0000640,PERSON,Fatima,Patel,12/08/1962,MT540110B,fatima.patel651@example.co.uk,07378579341,48 Jones Street,Birmingham,B1 1AA,211,Y,2017-08-11
P0000641,PERSON,Monique,Martinez,07/12/1980,TY822291B,user143@example.com,07568993235,91 Baker Street,Bristol,BS1 4ST,144,Y,2008-03-22
P0000642,PERSON,Chloe,Johnson,24/12/1946,NA257817D,chloe.johnson741@example.co.uk,07636275696,222 OBrien Street,Reading,RG1 1LX,,Y,2023-02-11
P0000643,ORG,Amy,Brown,07/06/1954,GT769952A,USER471@EXAMPLE.COM,07900697371,49 Walker Street,York,YO1 6GA,472,Y,2011-09-22
P0000644,PERSON,George,Murphy,26/10/1958,,george.murphy976@example.co.uk,07117385244,78 Khan Street,Leeds,LS1 4AP,72,Y,2010-10-18
P0000645,PERSON,Lars,Walker,25/10/1976,NE284354D,lars.walker361@example.co.uk,07289939734,142 Hall Street,Glasgow,G1 1XQ,,Y,2017-10-10
P0000646,PERSON,Amanda,Johnson,12/04/2005,EC945089A,USER351@EXAMPLE.COM,07117637808,158 Walker Street,Cardiff,CF10 1EP,352,Y,2024-10-26
P0000647,PERSON,Aoife,Brown,01/11/1996,RJ333705D,aoife.brown455@example.co.uk,07222944626,51 Wright Street,York,YO1 6GA,468,N,2015-11-12
P0000648,PERSON,Lars,Walker,07/11/1997,LL422328D,lars.walker721@example.co.uk,07104464143,231 Walker Street,Cardiff,,,Y,2008-08-03
P0000649,PERSON,Kimberly,Armstrong,17/12/1991,NN278688D,USER314@EXAMPLE.COM,07520222172,50 Hall Street,Glasgow,G1 1XQ,315,Y,2009-02-26
P0000650,PERSON,Daniel,Walker,24/07/1951,WH558648B,DANIEL.WALKER962@EXAMPLE.CO.UK,07960251863,33 Hughes Street,Cardiff,CF10 1EP,,Y,2020-12-09
P0000651,PERSON,Thomas,Green,08/04/1954,YG129169A,thomas.green972@example.co.uk,07127154794,191 Williams Street,Glasgow,G1 1XQ,,N,2022-03-25
P0000652,PERSON,Priya,Wilson,04/07/1961,PL791281A,PRIYA.WILSON669@EXAMPLE.CO.UK,07254371352,161 Smith Street,Leeds,LS1 4AP,,Y,2020-12-29
P0000653,PERSON,Sophie,Robinson,17/06/1993,CW985652C,sophie.robinson126@example.co.uk,07323308727,101 Brown Street,Manchester,M1 1AE,,Y,2008-06-28
P0000654,PERSON,Stephen,Robertson,15/03/1986,PN764327D,user253@example.com,07293065688,77 Smith Street,Norwich,NR1 3QQ,254,N,2022-10-17
P0000655,PERSON,Chloe,Jones,07/07/1950,HX877725C,chloe.jones352@example.co.uk,07307066016,156 Smith Street,Glasgow,G1 1XQ,,Y,2019-08-14
P0000656,PERSON,Robin,Medina,07/03/1986,AN245295B,USER76@EXAMPLE.COM,07842601693,241 Williams Street,Birmingham,B1 1AA,77,Y,2018-10-20
P0000657,PERSON,Eric,Harris,07/05/1946,TS637559D,user263@example.com,07368535479,45 Johnson Street,Manchester,M1 1AE,264,Y,2024-02-02
P0000658,PERSON,Amy,Newton,21/01/1957,HJ857135D,user488@example.com,07579058222,109 Hall Street,Cardiff,CF10 1EP,489,N,2015-02-24
P0000659,PERSON,Chloe,Clarke,07/07/1978,SH135399C,chloe.clarke205@example.co.uk,07415114820,155 Hughes Street,Reading,RG1 1LX,,Y,2008-09-02
P0000660,PERSON,Lisa,Smith,23/01/1952,JP490032B,user18@example.com,07231322499,3 OBrien Street,Glasgow,G1 1XQ,19,Y,2024-01-29
P0000661,PERSON,Joshua,Long,17/06/1964,CR397391B,user2@example.com,07210509713,144 Patel Street,Norwich,NR1 3QQ,3,N,2023-01-21
P0000662,PERSON,Lisa,Alvarado,18/02/1967,JJ152072D,user322@example.com,07394651349,108 Brown Street,Cardiff,CF10 1EP,323,Y,2011-11-02
P0000663,PERSON,Daniel,Clarke,18/03/1961,AT398179B,daniel.clarke591@example.co.uk,07532514798,10 Green Street,London,EC1A 1BB,176,N,2008-11-16
P0000664,PERSON,Angel,Pollard,30/12/1942,ML432597C,user324@example.com,07697483848,199 OBrien Street,London,EC1A 1BB,325,Y,2009-01-20
P0000665,PERSON,Natalie,Campbell,23/03/2002,OE130710B,USER132@EXAMPLE.COM,07111162649,36 Brown Street,Norwich,NR1 3QQ,133,N,2023-06-03
P0000666,PERSON,Isla,Wilson,24/11/1947,,isla.wilson196@example.co.uk,07156361762,67 Jones Street,Glasgow,G1 1XQ,264,Y,2014-10-28
P0000667,PERSON,Yvette,Coleman,05/08/1985,HG711795D,USER198@EXAMPLE.COM,07442880849,221 Williams Street,Glasgow,G1 1XQ,199,N,2017-04-08
P0000668,PERSON,Sophie,Hughes,02/05/1987,TK196258C,sophie.hughes247@example.co.uk,07863839938,22 Murphy Street,Reading,RG1 1LX,,Y,2013-06-08
P0000669,PERSON,George,Taylor,28/09/1946,PJ611333A,george.taylor996@example.co.uk,07974020920,152 Hughes Street,Norwich,NR1 3QQ,290,Y,2015-01-11
P0000670,PERSON,Grace,Robinson,15/10/1998,PT750618B,grace.robinson158@example.co.uk,07301813509,18 Patel Street,York,YO1 6GA,,Y,2023-05-23
P0000671,PERSON,Kellie,Romero,31/05/1990,EK117393D,USER291@EXAMPLE.COM,07130694250,122 Hughes Street,Reading,RG1 1LX,292,Y,2013-12-15
P0000672,PERSON,Jason,Phillips,27/03/1956,WS632599C,USER401@EXAMPLE.COM,07392690066,95 Brown Street,York,YO1 6GA,402,Y,2016-07-30
P0000673,PERSON,Fatima,Johnson,17/05/1966,WS214488A,fatima.johnson194@example.co.uk,07219274240,57 Brown Street,Cardiff,CF10 1EP,,Y,2008-10-19
P0000674,PERSON,Isla,Taylor,27/09/1987,PR206225B,isla.taylor104@example.co.uk,07842689810,69 Wright Street,Bristol,BS1 4ST,,Y,2012-07-25
P0000675,PERSON,Natasha,Garrett,12/11/1996,,USER261@EXAMPLE.COM,07852125249,160 Wright Street,Bristol,BS1 4ST,262,N,2023-06-06
P0000676,PERSON,Emma,White,02/07/1957,SG113353D,user233@example.com,07122362658,46 Patel Street,Glasgow,G1 1XQ,234,N,2011-10-30
P0000677,PERSON,James,Hall,05/08/1971,EB958706A,james.hall993@example.co.uk,07412092259,214 Davies Street,Norwich,NR1 3QQ,,Y,2011-10-02
P0000678,PERSON,Sophie,Brown,30/04/1967,LW365852C,sophie.brown824@example.co.uk,07988789236,91 Khan Street,Glasgow,G1 1XQ,291,N,2019-08-13
P0000679,PERSON,Chloe,Wright,11/02/1950,KG474545D,CHLOE.WRIGHT277@EXAMPLE.CO.UK,07720176314,190 Walker Street,York,YO1 6GA,480,Y,2024-09-10
P0000680,ORG,Stephanie,Paul,16/09/1992,XT652501B,USER485@EXAMPLE.COM,07829141955,90 OBrien Street,Cardiff,CF10 1EP,486,Y,2017-05-11
P0000681,PERSON,Thomas,Khan,04/02/1957,RT694188C,THOMAS.KHAN43@EXAMPLE.CO.UK,07108949508,128 Williams Street,Reading,RG1 1LX,311,Y,2011-05-15
P0000682,PERSON,Vanessa,Wolfe,23/01/1985,MC938635C,USER267@EXAMPLE.COM,07143973049,56 Khan Street,Bristol,BS1 4ST,268,N,2010-10-08
P0000683,PERSON,Robert,Williams,19/10/1994,,USER8@EXAMPLE.COM,07476043961,225 Khan Street,Bristol,,9,N,2019-04-05
P0000684,PERSON,Aoife,Williams,19/09/1947,CM329489A,aoife.williams731@example.co.uk,07480783468,64 Clarke Street,Bristol,BS1 4ST,423,Y,2010-03-14
P0000685,PERSON,Grace,Hall,17/11/1967,GJ362165B,grace.hall178@example.co.uk,07314236379,78 Khan Street,Reading,RG1 1LX,,Y,2020-09-16
P0000686,PERSON,Lars,Green,13/06/1956,WP591130C,lars.green385@example.co.uk,07551514516,247 Walker Street,Cardiff,CF10 1EP,,Y,2020-07-14
P0000687,PERSON,James,Roberts,11/03/1966,KZ637087C,USER244@EXAMPLE.COM,07683331234,231 Baker Street,Cardiff,CF10 1EP,245,N,2009-03-14
P0000688,PERSON,Wei,Williams,24/02/1976,BC157349C,wei.williams687@example.co.uk,07797803278,28 OBrien Street,London,EC1A 1BB,,Y,2014-07-08
P0000689,PERSON,Mohammed,Jones,23/11/1950,,MOHAMMED.JONES759@EXAMPLE.CO.UK,07254781920,144 Wright Street,Reading,RG1 1LX,406,Y,2023-02-26
P0000690,PERSON,Harry,Khan,12/05/1996,CA260455A,harry.khan319@example.co.uk,07365435516,53 Brown Street,London,EC1A 1BB,418,Y,2019-05-06
P0000691,PERSON,Jessica,Caldwell,26/01/1993,HK982608C,user31@example.com,07831562261,113 Hall Street,London,EC1A 1BB,32,Y,2011-04-13
P0000692,PERSON,Emily,Williams,25/12/1998,TM403509A,emily.williams247@example.co.uk,07629316212,95 Patel Street,Birmingham,B1 1AA,,Y,2023-08-25
P0000693,PERSON,Lars,Walker,10/02/1978,YM135739D,LARS.WALKER152@EXAMPLE.CO.UK,07480885074,247 Williams Street,London,EC1A 1BB,383,Y,2024-03-20
P0000694,PERSON,Jerry,Brown,22/06/1974,WJ465779D,user158@example.com,07287364597,168 Williams Street,London,EC1A 1BB,159,Y,2024-02-17
P0000695,PERSON,Lars,Williams,20/12/1964,TR594668B,lars.williams804@example.co.uk,07644365864,199 Hughes Street,Bristol,BS1 4ST,,Y,2023-08-26
P0000696,PERSON,Karen,Oconnor,10/08/2006,BA993419B,USER428@EXAMPLE.COM,07814318528,28 Wright Street,Reading,RG1 1LX,429,N,2018-09-07
P0000697,PERSON,Carrie,Moore,17/09/1967,KE282450D,user489@example.com,07551031860,237 Taylor Street,Leeds,LS1 4AP,490,Y,2013-08-13
P0000698,PERSON,Darlene,Higgins,09/03/1996,AH436759A,user348@example.com,07505475993,35 Baker Street,Manchester,M1 1AE,349,Y,2012-05-22
P0000699,PERSON,Daniel,Henry,15/01/1956,RX947954B,USER106@EXAMPLE.COM,07126030781,162 Brown Street,Norwich,NR1 3QQ,107,Y,2011-02-25
P0000700,PERSON,Priya,Walker,25/12/1990,WW299372B,priya.walker560@example.co.uk,07608666795,129 Murphy Street,Manchester,M1 1AE,167,Y,2020-07-12
P0000701,PERSON,Amelia,Robinson,09/05/1978,WM205814A,amelia.robinson641@example.co.uk,07155275164,154 Green Street,Cardiff,CF10 1EP,,Y,2013-01-09
P0000702,PERSON,Grace,Patel,10/01/1975,CY703304B,grace.patel721@example.co.uk,07756321848,129 Khan Street,Glasgow,G1 1XQ,,Y,2009-04-09
P0000703,ORG,Joseph,Poole,06/11/1976,AB454466D,USER69@EXAMPLE.COM,07459210922,228 Jones Street,Manchester,M1 1AE,70,Y,2020-04-08
P0000704,PERSON,Mohammed,Jones,19/02/1961,BP174200D,mohammed.jones506@example.co.uk,07757594547,238 Taylor Street,Manchester,M1 1AE,324,N,2018-09-27
P0000705,PERSON,Thomas,Jones,02/05/1949,MK122484A,THOMAS.JONES37@EXAMPLE.CO.UK,07939475582,208 Johnson Street,Norwich,NR1 3QQ,,Y,2016-07-04
P0000706,PERSON,James,Green,04/04/1983,RY244462A,james.green54@example.co.uk,07761052590,232 Murphy Street,Cardiff,CF10 1EP,,Y,2015-09-11
P0000707,PERSON,Kevin,Wright,13/09/1983,,user392@example.com,07908064879,228 Green Street,London,EC1A 1BB,393,Y,2008-05-02
P0000708,PERSON,Isla,Jones,15/11/1946,ZK406616B,isla.jones59@example.co.uk,07614001677,169 Brown Street,Birmingham,B1 1AA,97,Y,2009-09-17
P0000709,PERSON,Michelle,Adkins,03/10/1989,KT847775C,user38@example.com,07937742398,142 Khan Street,York,YO1 6GA,39,N,2013-06-23
P0000710,PERSON,Curtis,Terry,16/06/1989,OS839772D,USER313@EXAMPLE.COM,07318565444,234 Williams Street,Bristol,BS1 4ST,314,N,2019-09-07
P0000711,PERSON,Zachary,Woods,18/08/1988,GB346525D,user153@example.com,07587224288,244 Brown Street,York,YO1 6GA,154,Y,2008-10-03
P0000712,PERSON,Amy,Bruce,27/02/1968,LR619419A,user393@example.com,07513029019,114 Jones Street,Reading,RG1 1LX,394,Y,2016-07-04
P0000713,PERSON,Ashley,Dalton,04/04/2002,,user171@example.com,07127908801,233 Hall Street,Cardiff,CF10 1EP,172,N,2015-07-17
P0000714,PERSON,Thomas,Baker,05/06/1959,RB946616A,thomas.baker776@example.co.uk,07874486781,239 Khan Street,London,EC1A 1BB,63,N,2019-12-29
P0000715,PERSON,Nicole,Hoover,15/12/1946,PT881853B,USER323@EXAMPLE.COM,07116303070,72 Patel Street,Reading,RG1 1LX,324,Y,2013-08-09
P0000716,PERSON,Grace,OBrien,27/03/1991,ZA230344C,grace.obrien405@example.co.uk,07444659729,215 Patel Street,London,EC1A 1BB,,N,2017-12-14
P0000717,ORG,Jeffrey,Sanchez,27/05/1961,XJ528459A,user85@example.com,07185412831,71 Hall Street,Norwich,EC1A1BB,86,Y,2009-06-08
P0000718,PERSON,Darrell,Welch,26/02/1979,GK760957B,USER353@EXAMPLE.COM,07763518015,168 Jones Street,Bristol,BS1 4ST,354,Y,2022-09-06
P0000719,PERSON,John,Davis,11/05/1979,,user237@example.com,07165297317,244 Patel Street,York,YO1 6GA,238,N,2008-05-12
P0000720,PERSON,Priya,Green,10/06/2004,EX181212B,PRIYA.GREEN46@EXAMPLE.CO.UK,07712425712,96 Walker Street,Reading,RG1 1LX,252,Y,2017-07-25
P0000721,PERSON,Harry,Smith,18/04/1969,TM752126A,HARRY.SMITH622@EXAMPLE.CO.UK,07147900241,75 Williams Street,Glasgow,G1 1XQ,6,N,2008-07-28
P0000722,PERSON,Catherine,Benson,30/04/1993,WZ847467C,user362@example.com,07506776019,213 Baker Street,Leeds,LS1 4AP,363,Y,2024-04-15
P0000723,ORG,Christopher,Ruiz,10/04/1977,YX702343D,user230@example.com,07230183002,217 Hughes Street,Manchester,M1 1AE,231,N,2021-08-13
P0000724,PERSON,Jeffrey,Morales,20/12/1963,YM355882C,USER155@EXAMPLE.COM,07924250832,93 Davies Street,York,YO1 6GA,156,Y,2024-10-12
P0000725,PERSON,Isla,Robinson,10/10/1976,TK570777D,ISLA.ROBINSON371@EXAMPLE.CO.UK,07988866136,212 Williams Street,Manchester,M1 1AE,491,N,2013-06-29
P0000726,PERSON,Fatima,Baker,28/09/1999,CS541474B,fatima.baker142@example.co.uk,07779281033,226 Johnson Street,Reading,RG1 1LX,285,N,2018-03-08
P0000727,PERSON,Aaron,Gonzalez,01/02/1960,TE232537A,user394@example.com,07125696210,177 Wilson Street,Manchester,M1 1AE,395,N,2010-12-20
P0000728,ORG,Charles,Le,21/05/1974,PY353162C,USER419@EXAMPLE.COM,07985531613,230 OBrien Street,York,YO1 6GA,420,Y,2021-10-30
P0000729,ORG,Alexander,Miller,13/07/1952,RT876677D,USER100@EXAMPLE.COM,07612288719,180 Williams Street,London,EC1A 1BB,101,N,2024-03-25
P0000730,PERSON,Sean,Taylor,29/08/1953,PN559891B,sean.taylor918@example.co.uk,07731447036,72 Brown Street,London,EC1A 1BB,,Y,2019-01-24
P0000731,PERSON,Patrick,Beard,24/12/1988,RM438480D,user95@example.com,07291572514,245 Williams Street,Reading,RG1 1LX,96,Y,2024-06-23
P0000732,PERSON,George,Walker,29/07/1986,HE401825C,george.walker285@example.co.uk,07340124494,227 Wilson Street,Reading,RG1 1LX,153,Y,2013-10-26
P0000733,PERSON,Sophie,Davies,15/10/1999,HA727459A,sophie.davies286@example.co.uk,07679637778,138 Johnson Street,Birmingham,B1 1AA,,Y,2008-07-30
P0000734,PERSON,Tracey,Thompson,27/12/1974,WG971406D,USER182@EXAMPLE.COM,07217698079,184 Brown Street,Bristol,BS1 4ST,183,Y,2017-09-11
P0000735,ORG,Brian,Carroll,25/05/1943,EP942678A,user207@example.com,07338845034,187 Taylor Street,Manchester,M1 1AE,208,Y,2019-05-16
P0000736,PERSON,Mike,Wolf,14/03/1988,NB554429A,user262@example.com,07952762961,134 OBrien Street,Norwich,NR1 3QQ,263,Y,2020-07-08
P0000737,ORG,Oliver,Smith,23/01/1962,LW258789D,oliver.smith141@example.co.uk,07887654788,128 Khan Street,Reading,RG1 1LX,,Y,2022-03-28
P0000738,PERSON,Sean,Johnson,14/04/1940,BS821401C,sean.johnson445@example.co.uk,07777559423,150 Davies Street,Manchester,M1 1AE,,Y,2018-11-10
P0000739,PERSON,Richard,Smith,07/02/1975,TW935448D,user184@example.com,07683485601,124 Khan Street,Birmingham,B1 1AA,185,Y,2010-07-09
P0000740,PERSON,Grace,Walker,12/02/1980,NE464462D,grace.walker334@example.co.uk,07930734482,226 Wright Street,Leeds,LS1 4AP,,N,2018-12-21
P0000741,PERSON,Isla,Smith,06/02/1966,XN374312C,isla.smith275@example.co.uk,07968689928,114 Walker Street,York,YO1 6GA,,Y,2009-03-23
P0000742,PERSON,Stephen,Webb,03/02/1993,RK700315B,user77@example.com,07937037587,161 Brown Street,Leeds,LS1 4AP,78,N,2021-10-03
P0000743,PERSON,Harry,Hall,04/06/1988,OY166547A,harry.hall21@example.co.uk,07488799500,138 Johnson Street,London,EC1A 1BB,,N,2020-01-06
P0000744,PERSON,Christopher,Herring,05/05/1981,RJ679811B,user26@example.com,07138735200,217 Smith Street,Leeds,LS1 4AP,27,N,2019-10-23
P0000745,PERSON,Diana,Alexander,02/06/1950,AK762233B,USER426@EXAMPLE.COM,07905215527,32 Clarke Street,Cardiff,CF10 1EP,427,Y,2010-12-10
P0000746,PERSON,Thomas,Taylor,12/11/1946,AY734254B,THOMAS.TAYLOR76@EXAMPLE.CO.UK,07731570422,203 Clarke Street,York,YO1 6GA,295,Y,2021-08-01
P0000747,PERSON,Mohammed,Walker,18/12/1985,YW494873C,mohammed.walker762@example.co.uk,07338642289,248 Walker Street,London,EC1A 1BB,5,Y,2018-11-03
P0000748,PERSON,Brandon,Johnson,25/07/1952,PP899749A,user89@example.com,07720493372,250 Smith Street,York,YO1 6GA,90,Y,2013-03-16
P0000749,PERSON,Michelle,Villarreal,24/02/1991,CE688130B,USER345@EXAMPLE.COM,07625931052,152 Davies Street,Norwich,NR1 3QQ,346,Y,2017-01-15
P0000750,PERSON,Ingrid,Hughes,12/11/2004,RM876482C,ingrid.hughes860@example.co.uk,07139202005,83 Baker Street,Reading,RG1 1LX,,Y,2008-02-15
P0000751,PERSON,John,Parker,29/11/1994,NK437471D,user425@example.com,07652366203,143 Taylor Street,Leeds,LS1 4AP,426,N,2017-07-19
P0000752,PERSON,Wei,Williams,22/03/1941,EB544787D,WEI.WILLIAMS166@EXAMPLE.CO.UK,07962379647,135 Wright Street,York,YO1 6GA,10,Y,2020-04-08
P0000753,PERSON,Russell,Webb,15/04/2005,LX438046C,user396@example.com,07278182815,37 Khan Street,London,EC1A 1BB,397,Y,2012-08-01
P0000754,ORG,Priya,Hughes,26/03/1994,GH649850D,PRIYA.HUGHES258@EXAMPLE.CO.UK,07547001886,46 Williams Street,Norwich,NR1 3QQ,490,Y,2008-02-15
P0000755,PERSON,John,Cervantes,27/07/1957,EB755331D,user246@example.com,07171695888,90 Green Street,Leeds,LS1 4AP,247,N,2015-09-26
P0000756,PERSON,George,Patel,30/06/1965,PL688368B,GEORGE.PATEL841@EXAMPLE.CO.UK,07263661669,27 Johnson Street,Cardiff,CF10 1EP,,Y,2013-11-23
P0000757,PERSON,Harry,Hughes,09/09/1992,LW319473B,HARRY.HUGHES661@EXAMPLE.CO.UK,07348926679,56 Taylor Street,Cardiff,CF10 1EP,,N,2021-10-16
P0000758,PERSON,Caitlin,Drake,08/06/1999,,user442@example.com,07247075710,131 Robinson Street,Birmingham,B1 1AA,443,Y,2018-07-31
P0000759,PERSON,Patricia,Taylor,14/07/2002,PW472235C,user6@example.com,07440346008,136 Taylor Street,York,YO1 6GA,7,N,2012-10-18
P0000760,PERSON,Thomas,Williams,24/03/1979,XS783768C,THOMAS.WILLIAMS574@EXAMPLE.CO.UK,07492653615,219 Robinson Street,Norwich,NR1 3QQ,478,N,2015-10-05
P0000761,PERSON,George,Hall,22/03/1990,AJ563555C,george.hall898@example.co.uk,07106028563,151 Khan Street,Leeds,LS1 4AP,172,Y,2016-04-09
P0000762,PERSON,Sean,Smith,08/06/1994,LL755643A,sean.smith280@example.co.uk,07984039248,8 Wright Street,London,EC1A 1BB,,N,2022-03-07
P0000763,PERSON,William,Murphy,19/12/1942,EB487484A,user11@example.com,07865911268,40 Wilson Street,Birmingham,B1 1AA,12,N,2010-12-14
P0000764,PERSON,Sarah,Robinson,24/01/1957,LJ786927A,user127@example.com,07821544753,218 OBrien Street,Manchester,EC1A1BB,128,N,2011-10-18
P0000765,PERSON,Daniel,Murphy,28/04/1986,,DANIEL.MURPHY15@EXAMPLE.CO.UK,07917432212,129 Williams Street,Cardiff,CF10 1EP,,N,2009-11-18
P0000766,PERSON,Rodney,Mason,14/03/1978,HA426279C,user213@example.com,07226395063,88 Robinson Street,London,EC1A 1BB,214,Y,2023-08-14
P0000767,ORG,Monica,Bowen,26/06/1977,CH432924A,user334@example.com,07946899566,3 Johnson Street,Norwich,NR1 3QQ,335,Y,2018-04-29
P0000768,PERSON,John,Carter,11/10/1982,JG425569A,user187@example.com,07408246106,46 Patel Street,Leeds,LS1 4AP,188,Y,2015-01-28
P0000769,PERSON,Cynthia,Williams,22/09/1945,LT377395A,user408@example.com,07721370276,94 Murphy Street,Leeds,LS1 4AP,409,N,2019-09-24
P0000770,PERSON,Zachary,Garner,26/08/1998,JS463773C,USER407@EXAMPLE.COM,07851247570,248 Hughes Street,Birmingham,N/A,408,Y,2024-08-31
P0000771,PERSON,Amelia,Hughes,26/11/1958,HW246606D,amelia.hughes265@example.co.uk,07499735559,145 Clarke Street,Leeds,LS1 4AP,,Y,2008-10-04
P0000772,PERSON,Laura,Morgan,13/10/1965,,user340@example.com,07459394784,87 Brown Street,Manchester,M1 1AE,341,Y,2016-01-11
P0000773,PERSON,Dana,Suarez,05/06/1944,ZT722408D,user292@example.com,07608494141,214 Davies Street,Norwich,NR1 3QQ,293,Y,2016-05-15
P0000774,ORG,Ingrid,Clarke,06/12/1966,RS911673C,ingrid.clarke42@example.co.uk,07530302173,152 Smith Street,Leeds,LS1 4AP,,Y,2011-09-25
P0000775,PERSON,Chloe,Hughes,21/10/1957,BC424296B,chloe.hughes975@example.co.uk,07592539893,102 Wilson Street,Reading,RG1 1LX,,Y,2022-10-09
P0000776,PERSON,Jasmine,Hoffman,20/02/1996,JS194546B,USER468@EXAMPLE.COM,07696300619,217 Murphy Street,Birmingham,B1 1AA,469,Y,2011-07-29
P0000777,PERSON,Bryan,Peterson,27/02/1948,TR971730D,user94@example.com,07919325320,235 Brown Street,Norwich,NR1 3QQ,95,Y,2015-02-20
P0000778,PERSON,Harry,Clarke,06/05/1969,PY175137C,harry.clarke920@example.co.uk,07895029707,249 Baker Street,Bristol,BS1 4ST,,Y,2021-08-25
P0000779,PERSON,Jonathon,Ballard,16/08/2006,ZR181023B,USER453@EXAMPLE.COM,07301831842,12 Johnson Street,Leeds,LS1 4AP,454,Y,2010-01-30
P0000780,PERSON,Michael,Pitts,11/12/1948,TB373698D,USER374@EXAMPLE.COM,07527581324,175 Hughes Street,Birmingham,B1 1AA,375,N,2018-06-05
P0000781,PERSON,Priya,Brown,03/11/1998,YX502642D,PRIYA.BROWN884@EXAMPLE.CO.UK,07802030905,246 Clarke Street,Cardiff,CF10 1EP,,Y,2009-03-22
P0000782,PERSON,James,Hall,19/04/1992,SX490935D,user188@example.com,07674477822,249 Murphy Street,Bristol,BS1 4ST,189,Y,2012-01-05
P0000783,PERSON,Aoife,Clarke,13/07/2000,ZT556013A,aoife.clarke82@example.co.uk,07142782651,32 Wright Street,Birmingham,N/A,,Y,2009-02-14
P0000784,PERSON,Priya,Patel,11/03/1978,MP537319A,priya.patel346@example.co.uk,07419635063,163 Jones Street,Bristol,BS1 4ST,284,Y,2016-01-05
P0000785,PERSON,Aoife,Clarke,22/04/1962,TS388039C,aoife.clarke180@example.co.uk,07839799487,159 Davies Street,Manchester,M1 1AE,,N,2024-06-07
P0000786,PERSON,Daniel,Robinson,24/08/1943,ER637533A,daniel.robinson79@example.co.uk,07783695518,192 Khan Street,Glasgow,G1 1XQ,,Y,2008-07-02
P0000787,PERSON,Earl,Burns,11/12/1971,,user304@example.com,07225010851,204 Johnson Street,Bristol,BS1 4ST,305,Y,2014-10-19
P0000788,PERSON,Aoife,Davies,14/04/2002,RL883149B,AOIFE.DAVIES819@EXAMPLE.CO.UK,07820952828,12 Hall Street,London,EC1A 1BB,398,Y,2012-01-24
P0000789,PERSON,Thomas,Smith,12/07/1976,SN201866B,THOMAS.SMITH213@EXAMPLE.CO.UK,07861292088,84 Davies Street,London,EC1A 1BB,,Y,2014-06-15
P0000790,PERSON,Chloe,Robinson,28/09/1992,AN457140C,chloe.robinson431@example.co.uk,07577152687,39 Robinson Street,Reading,RG1 1LX,,N,2019-03-11
P0000791,PERSON,Robert,Salinas,06/05/1982,,user93@example.com,07184405248,162 Wright Street,Birmingham,B1 1AA,94,Y,2015-09-29
P0000792,PERSON,Jill,Johnson,18/04/1979,SA263473B,user4@example.com,07706548633,111 Walker Street,York,YO1 6GA,5,N,2008-07-10
P0000793,PERSON,Grace,Green,11/01/1984,EE514973B,GRACE.GREEN241@EXAMPLE.CO.UK,07218791028,147 Khan Street,Cardiff,CF10 1EP,57,Y,2011-07-27
P0000794,PERSON,Wei,Green,25/08/1976,OE796500C,wei.green361@example.co.uk,07671776543,101 Davies Street,Leeds,LS1 4AP,,N,2019-02-05
P0000795,PERSON,Grace,Robinson,30/01/1954,SH816546A,grace.robinson947@example.co.uk,07801265340,108 Walker Street,Birmingham,B1 1AA,499,Y,2022-04-10
P0000796,PERSON,Chad,Hart,05/08/1941,ZZ867712D,user160@example.com,07448987901,157 Davies Street,Leeds,LS1 4AP,161,Y,2022-01-11
P0000797,PERSON,Christine,Lawson,15/11/1952,PY636174B,user37@example.com,07273279673,118 Murphy Street,Manchester,M1 1AE,38,N,2013-05-14
P0000798,PERSON,Amanda,Knight,26/10/1985,JZ583581D,USER370@EXAMPLE.COM,07747733667,114 Davies Street,Leeds,LS1 4AP,371,N,2018-05-07
P0000799,PERSON,Jessica,Guerrero,24/06/1945,HK584664A,USER180@EXAMPLE.COM,07134706089,175 Walker Street,Manchester,M1 1AE,181,N,2018-07-18
P0000800,PERSON,Amelia,Walker,30/04/1963,XA559822D,amelia.walker905@example.co.uk,07164195017,75 Clarke Street,York,YO1 6GA,44,N,2024-04-06
P0000801,PERSON,Priya,Clarke,16/04/2004,EG988217C,priya.clarke950@example.co.uk,07722568368,193 Brown Street,York,YO1 6GA,468,N,2016-03-21
P0000802,PERSON,Daniel,Garcia,14/03/2002,LE446057A,user358@example.com,07861371949,126 Davies Street,Glasgow,G1 1XQ,359,N,2015-09-06
P0000803,PERSON,Kathryn,King,08/11/1978,LB898304B,USER120@EXAMPLE.COM,07409699820,7 Davies Street,Norwich,NR1 3QQ,121,N,2020-08-21
P0000804,PERSON,Brian,Warren,23/03/1971,MW847717D,user131@example.com,07265830066,191 Williams Street,Bristol,BS1 4ST,132,Y,2014-07-22
P0000805,PERSON,Thomas,Davies,06/07/1942,,thomas.davies872@example.co.uk,07646096027,191 Hughes Street,Leeds,LS1 4AP,377,Y,2021-11-14
P0000806,PERSON,Priya,Williams,03/09/1992,TH650750D,PRIYA.WILLIAMS874@EXAMPLE.CO.UK,07507884854,4 Taylor Street,York,YO1 6GA,,Y,2014-12-08
P0000807,PERSON,Alec,Villa,25/11/1978,JP623019D,user297@example.com,07785730802,233 Smith Street,Birmingham,B1 1AA,298,N,2019-10-03
P0000808,ORG,George,Murphy,04/08/1999,LY660730A,george.murphy34@example.co.uk,07160102484,115 Baker Street,Cardiff,CF10 1EP,452,Y,2013-06-27
P0000809,PERSON,Mary,Stephens,19/11/1943,SH142187C,user199@example.com,07198096189,191 Johnson Street,Birmingham,B1 1AA,200,N,2009-06-05
P0000810,PERSON,Harry,Hughes,28/02/1967,SE663015A,harry.hughes63@example.co.uk,07780651069,19 Johnson Street,Leeds,LS1 4AP,,Y,2017-11-29
P0000811,PERSON,Mitchell,Vaughn,29/05/1957,MZ110068D,user50@example.com,07219747878,185 Robinson Street,Leeds,LS1 4AP,51,N,2012-05-14
P0000812,PERSON,Chloe,Robinson,17/01/1940,WW639178C,chloe.robinson258@example.co.uk,07421733069,68 Green Street,Cardiff,CF10 1EP,333,Y,2014-03-05
P0000813,ORG,Sean,Khan,26/02/1996,NX593361D,SEAN.KHAN451@EXAMPLE.CO.UK,07170393950,195 Walker Street,Manchester,M1 1AE,,Y,2010-02-13
P0000814,PERSON,Lars,OBrien,24/03/1997,KJ422122C,lars.obrien704@example.co.uk,07669512145,121 Brown Street,York,YO1 6GA,,Y,2021-09-02
P0000815,PERSON,Brandi,Duarte,14/04/1948,HH739760B,user303@example.com,07654551457,122 Hall Street,Birmingham,B1 1AA,304,N,2024-04-17
P0000816,PERSON,Laurie,Scott,01/09/1981,GM449933C,user439@example.com,07438600887,116 Khan Street,Bristol,BS1 4ST,440,Y,2016-10-28
P0000817,PERSON,James,Clarke,17/12/1944,LA958294B,JAMES.CLARKE992@EXAMPLE.CO.UK,07869521454,66 Khan Street,Cardiff,CF10 1EP,17,N,2008-07-12
P0000818,PERSON,Wendy,Haynes,31/03/1992,JX561481C,USER96@EXAMPLE.COM,07361067244,42 OBrien Street,Cardiff,CF10 1EP,97,N,2024-03-05
P0000819,ORG,Oliver,Clarke,14/09/2001,BE158840C,OLIVER.CLARKE983@EXAMPLE.CO.UK,07496692661,113 Khan Street,Norwich,NR1 3QQ,,Y,2011-01-05
P0000820,PERSON,Amelia,OBrien,13/02/1977,XC559550B,amelia.obrien845@example.co.uk,07686891329,196 Patel Street,Birmingham,B1 1AA,30,Y,2014-07-15
P0000821,PERSON,Harry,Taylor,25/09/2002,JH436873D,HARRY.TAYLOR729@EXAMPLE.CO.UK,07488913367,86 Johnson Street,Glasgow,G1 1XQ,,Y,2023-10-16
P0000822,PERSON,Christopher,Gray,16/11/1956,RS515559D,user88@example.com,07993003636,136 Jones Street,Reading,RG1 1LX,89,N,2019-06-28
P0000823,PERSON,Selena,Ramos,07/03/2001,NY615909C,user170@example.com,07781153731,18 Taylor Street,Reading,RG1 1LX,171,Y,2020-07-09
P0000824,PERSON,Aoife,Wilson,25/01/1986,JC904378D,aoife.wilson867@example.co.uk,07600057851,116 Williams Street,Manchester,M1 1AE,,Y,2009-08-21
P0000825,PERSON,James,Lynch,12/05/1977,RA520967C,USER175@EXAMPLE.COM,07989297289,100 Smith Street,Reading,RG1 1LX,176,Y,2015-03-25
P0000826,PERSON,Martin,Johnson,15/06/1992,XT785362B,user326@example.com,07716798546,237 Murphy Street,Bristol,BS1 4ST,327,N,2024-01-13
P0000827,PERSON,Harry,Johnson,20/04/1953,BG666310C,harry.johnson212@example.co.uk,07451608619,223 OBrien Street,Bristol,BS1 4ST,221,N,2022-10-05
P0000828,ORG,Andrea,Tran,02/12/1993,JP128622B,user141@example.com,07572060870,32 Clarke Street,Bristol,BS1 4ST,142,Y,2024-09-07
P0000829,PERSON,George,Clarke,31/05/1944,EC283602A,GEORGE.CLARKE458@EXAMPLE.CO.UK,07325097061,31 Wright Street,Norwich,NR1 3QQ,,N,2016-01-14
P0000830,PERSON,Mohammed,Walker,18/02/1957,ET116929A,mohammed.walker216@example.co.uk,07550986548,103 Brown Street,Manchester,M1 1AE,122,Y,2014-12-14
P0000831,PERSON,Fatima,Khan,29/07/1960,AL865071C,FATIMA.KHAN719@EXAMPLE.CO.UK,07367359701,46 Baker Street,Manchester,M1 1AE,,Y,2019-08-19
P0000832,PERSON,David,Hill,18/01/1979,MP747553D,user139@example.com,07550154608,45 Wilson Street,Norwich,NR1 3QQ,140,N,2011-05-25
P0000833,PERSON,Emily,Murphy,24/10/1949,LN129861A,emily.murphy806@example.co.uk,07605198031,9 Williams Street,Birmingham,ZZ99 9ZZ,,N,2009-01-15
P0000834,PERSON,Bethany,Young,19/02/1995,OK196598D,user397@example.com,07220699944,248 Wright Street,Reading,RG1 1LX,398,Y,2017-04-23
P0000835,PERSON,Aoife,Robinson,22/01/1952,LG438560C,aoife.robinson878@example.co.uk,07817723341,184 Brown Street,Reading,RG1 1LX,367,Y,2024-10-16
P0000836,ORG,Daniel,Johnson,16/04/1951,CE852110D,DANIEL.JOHNSON225@EXAMPLE.CO.UK,07760366848,27 Davies Street,York,YO1 6GA,,Y,2012-02-21
P0000837,PERSON,Grace,OBrien,27/09/2003,LG443874D,grace.obrien998@example.co.uk,07255929857,149 Jones Street,Norwich,NR1 3QQ,,N,2016-08-20
P0000838,PERSON,George,Wilson,14/04/1941,AZ604130D,george.wilson147@example.co.uk,07301593161,161 Baker Street,London,EC1A 1BB,367,Y,2012-10-25
P0000839,PERSON,Ryan,Meza,28/06/1997,WN453637B,USER177@EXAMPLE.COM,07966497303,224 Wright Street,Bristol,BS1 4ST,178,N,2018-03-27
P0000840,PERSON,Mohammed,Hughes,01/08/1963,EK579653A,MOHAMMED.HUGHES65@EXAMPLE.CO.UK,07865250808,76 Williams Street,Glasgow,G1 1XQ,7,N,2014-11-20
P0000841,PERSON,David,Short,17/03/1979,WH516869B,USER154@EXAMPLE.COM,07830761164,57 Smith Street,York,YO1 6GA,155,Y,2024-09-12
P0000842,PERSON,Jennifer,Reynolds,31/10/2001,BY480272B,user217@example.com,07670017400,43 Murphy Street,Reading,RG1 1LX,218,Y,2023-04-05
P0000843,ORG,Sara,Schmidt,06/08/1956,XS999987B,USER369@EXAMPLE.COM,07530433938,76 Clarke Street,Reading,RG1 1LX,370,N,2017-06-12
P0000844,PERSON,Lars,OBrien,18/03/1952,JC162099D,LARS.OBRIEN739@EXAMPLE.CO.UK,07616396932,211 Wilson Street,Bristol,,,N,2013-06-09
P0000845,PERSON,Debra,Williams,12/06/1989,OC337298C,USER151@EXAMPLE.COM,07531043494,32 Baker Street,Birmingham,B1 1AA,152,N,2011-05-28
P0000846,PERSON,Melissa,Adams,04/07/1969,,USER227@EXAMPLE.COM,07434106140,135 Brown Street,Birmingham,B1 1AA,228,N,2021-06-03
P0000847,PERSON,Leslie,Reid,06/03/2003,SG173822C,user68@example.com,07143992952,98 Patel Street,Norwich,NR1 3QQ,69,Y,2018-06-18
P0000848,PERSON,April,Ryan,29/03/1979,MK648236A,USER434@EXAMPLE.COM,07885720569,155 Hall Street,Birmingham,B1 1AA,435,N,2013-05-30
P0000849,PERSON,Ingrid,Walker,30/10/1977,LL771366C,ingrid.walker59@example.co.uk,07997966258,65 Murphy Street,Manchester,M1 1AE,211,Y,2010-04-08
P0000850,PERSON,Ingrid,Davies,20/07/1992,TY736108D,ingrid.davies507@example.co.uk,07816783908,98 Jones Street,Leeds,LS1 4AP,,Y,2021-03-29
P0000851,PERSON,Sophie,Baker,07/07/1948,RR853180A,sophie.baker121@example.co.uk,07946254966,113 Robinson Street,Leeds,LS1 4AP,309,Y,2019-09-22
P0000852,PERSON,Helen,Bell,18/06/1983,AJ694469B,USER21@EXAMPLE.COM,07453220524,26 Khan Street,Cardiff,CF10 1EP,22,N,2008-08-20
P0000853,PERSON,Thomas,Murphy,10/04/2001,BN580462C,thomas.murphy353@example.co.uk,07272434469,54 Green Street,Glasgow,G1 1XQ,97,N,2020-04-10
P0000854,PERSON,Wei,Murphy,08/06/1955,KN968937C,WEI.MURPHY865@EXAMPLE.CO.UK,07875177891,24 Clarke Street,Norwich,NR1 3QQ,,Y,2019-02-25
P0000855,PERSON,Wei,Johnson,30/09/1963,HH438438A,WEI.JOHNSON877@EXAMPLE.CO.UK,07724753286,80 Hughes Street,Norwich,NR1 3QQ,11,N,2020-07-27
P0000856,PERSON,Joseph,Murray,09/12/2003,JC194940D,user278@example.com,07256514450,184 OBrien Street,York,YO1 6GA,279,Y,2016-11-24
P0000857,ORG,Brandon,Oconnell,12/07/1957,MZ186205C,user41@example.com,07575169464,212 Jones Street,Cardiff,CF10 1EP,42,Y,2011-06-23
P0000858,PERSON,Thomas,Smith,12/05/1984,JG113021C,THOMAS.SMITH230@EXAMPLE.CO.UK,07122305856,220 Hall Street,Leeds,LS1 4AP,,Y,2017-11-04
P0000859,PERSON,Julie,Johnston,27/09/1994,WZ519028D,user223@example.com,07858862663,204 Murphy Street,York,YO1 6GA,224,N,2013-11-29
P0000860,ORG,Jeremy,Mcknight,21/11/1980,OC826871B,user162@example.com,07988465406,180 Davies Street,Glasgow,G1 1XQ,163,N,2020-12-25
P0000861,PERSON,Marie,Hardy,15/10/1965,ZK855086C,user129@example.com,07792526922,250 Green Street,York,YO1 6GA,130,N,2013-01-08
P0000862,PERSON,Kristen,Lyons,15/04/1960,YS167798B,USER211@EXAMPLE.COM,07581539143,144 Jones Street,Reading,RG1 1LX,212,N,2018-09-09
P0000863,PERSON,Harry,Taylor,09/03/2001,AW551758B,harry.taylor363@example.co.uk,07331073681,170 Robinson Street,Manchester,M1 1AE,83,Y,2023-08-21
P0000864,PERSON,Mohammed,Davies,15/02/1991,YN107104A,mohammed.davies818@example.co.uk,07484774860,151 Brown Street,York,YO1 6GA,,N,2009-08-04
P0000865,PERSON,Sean,Walker,18/06/1954,HH130919D,sean.walker751@example.co.uk,07456256926,23 Brown Street,Leeds,LS1 4AP,364,N,2020-11-15
P0000866,PERSON,Wei,Walker,17/03/1974,OH841618D,wei.walker714@example.co.uk,07636529272,24 Wilson Street,Norwich,NR1 3QQ,,Y,2012-07-01
P0000867,PERSON,Jennifer,Landry,19/08/2002,AB684191A,user245@example.com,07202531953,44 Smith Street,Manchester,M1 1AE,246,N,2019-11-13
P0000868,PERSON,Eric,Williams,02/09/1971,YP172759B,USER228@EXAMPLE.COM,07766656659,128 Wilson Street,Glasgow,G1 1XQ,229,Y,2015-09-29
P0000869,PERSON,Kevin,Edwards,02/07/2005,HX256080D,USER249@EXAMPLE.COM,07141633567,240 Green Street,Birmingham,B1 1AA,250,N,2010-09-12
P0000870,PERSON,Grace,Khan,01/09/1949,JG742978C,grace.khan358@example.co.uk,07807046107,141 Clarke Street,Birmingham,B1 1AA,,N,2010-08-11
P0000871,PERSON,Amelia,OBrien,02/02/1962,PB475727A,amelia.obrien375@example.co.uk,07615850694,208 Baker Street,Birmingham,B1 1AA,,Y,2019-08-29
P0000872,PERSON,Joseph,Carson,24/02/1958,WR893691B,USER462@EXAMPLE.COM,07245465890,115 Johnson Street,Glasgow,G1 1XQ,463,Y,2022-01-17
P0000873,PERSON,Christopher,Murray,05/08/1961,NY607620D,user7@example.com,07944347580,198 Khan Street,Cardiff,CF10 1EP,8,N,2023-09-04
P0000874,PERSON,Erica,Matthews,09/01/1998,YY281779C,user389@example.com,07673691810,8 Jones Street,London,EC1A 1BB,390,N,2016-08-19
P0000875,PERSON,Joshua,Reyes,01/08/1976,HX488837A,user289@example.com,07205925419,118 Wilson Street,York,M1  1AE,290,N,2023-12-24
P0000876,PERSON,Michelle,Shepherd,25/10/1986,BR316037A,user320@example.com,07105088230,232 Davies Street,Leeds,LS1 4AP,321,Y,2015-06-02
P0000877,PERSON,Wei,Davies,09/05/1973,LS813446C,WEI.DAVIES940@EXAMPLE.CO.UK,07801514571,189 Patel Street,Cardiff,ZZ99 9ZZ,,Y,2008-03-24
P0000878,PERSON,Stephanie,Francis,29/07/1975,TL729281A,user443@example.com,07524631045,11 Robinson Street,Cardiff,CF10 1EP,444,Y,2023-06-19
P0000879,ORG,Karen,Cordova,19/03/1975,HY443281B,user251@example.com,07375413876,245 Clarke Street,Manchester,M1 1AE,252,Y,2014-06-04
P0000880,PERSON,Joseph,Barker,20/10/1990,JC681697D,USER210@EXAMPLE.COM,07656440452,10 Wright Street,Reading,RG1 1LX,211,Y,2010-07-01
P0000881,PERSON,Rebecca,Wilson,28/01/1981,KS745210C,user163@example.com,07253285994,114 Hall Street,Cardiff,CF10 1EP,164,N,2022-11-13
P0000882,PERSON,George,Johnson,09/07/1968,HP584479B,george.johnson45@example.co.uk,07160589273,101 Clarke Street,Reading,ZZ99 9ZZ,357,Y,2014-07-18
P0000883,PERSON,Aaron,Thomas,22/10/2006,SA561929A,user368@example.com,07746027566,136 Khan Street,Leeds,LS1 4AP,369,Y,2011-03-20
P0000884,PERSON,Noah,Reed,22/07/1962,ZH859252C,user59@example.com,07254067429,231 Brown Street,Glasgow,EC1A1BB,60,Y,2008-02-18
P0000885,PERSON,Kathy,Vasquez,23/12/2000,KB691018A,USER479@EXAMPLE.COM,07984761546,234 Wright Street,Reading,M1  1AE,480,N,2022-06-18
P0000886,ORG,Wendy,Miller,22/01/1990,TL461912D,user215@example.com,07264430586,117 Green Street,Reading,RG1 1LX,216,N,2013-01-07
P0000887,PERSON,Laura,Lewis,07/12/1951,HP875952A,user92@example.com,07421969712,37 Jones Street,Birmingham,B1 1AA,93,Y,2023-12-09
P0000888,PERSON,Isla,Clarke,20/03/1951,ST565455D,isla.clarke861@example.co.uk,07462711422,84 Clarke Street,Glasgow,G1 1XQ,,Y,2019-11-20
P0000889,PERSON,Andrew,Gomez,30/11/1962,ZP585884D,user415@example.com,07429530273,55 Clarke Street,Leeds,LS1 4AP,416,Y,2010-06-09
P0000890,PERSON,Rachel,Barrett,21/03/1943,ZS153357B,USER403@EXAMPLE.COM,07692375927,228 Wilson Street,Norwich,NR1 3QQ,404,Y,2019-08-10
P0000891,PERSON,Daniel,Bryant,23/09/1952,LZ906606B,user333@example.com,07717475789,201 Johnson Street,Norwich,ZZ99 9ZZ,334,Y,2015-02-05
P0000892,PERSON,Diana,Nelson,29/04/1962,ZX871036A,user74@example.com,07944994295,17 Taylor Street,Birmingham,B1 1AA,75,Y,2009-03-08
P0000893,ORG,Tricia,Martinez,23/02/1956,GJ422501A,user209@example.com,07438765578,150 Robinson Street,Manchester,M1 1AE,210,Y,2023-10-12
P0000894,PERSON,Nicole,Hall,19/02/1964,GH535353A,user315@example.com,07763882641,105 Wilson Street,Bristol,BS1 4ST,316,Y,2022-02-06
P0000895,ORG,Nancy,Gross,16/04/1977,GT201784A,USER72@EXAMPLE.COM,07509041030,122 Clarke Street,Bristol,BS1 4ST,73,Y,2008-06-12
P0000896,PERSON,Priya,Robinson,21/06/1992,YP456281A,priya.robinson586@example.co.uk,07173970067,46 Williams Street,Birmingham,B1 1AA,,Y,2023-03-12
P0000897,ORG,Sharon,Barton,14/01/1977,JN406550A,user53@example.com,07958260811,127 Smith Street,Birmingham,B1 1AA,54,Y,2021-03-28
P0000898,PERSON,Matthew,Jones,31/10/1999,WA613392C,user156@example.com,07155846463,167 Davies Street,Birmingham,B1 1AA,157,N,2013-11-25
P0000899,PERSON,Jesse,Byrd,18/04/1943,SC449090A,USER45@EXAMPLE.COM,07770197070,3 Baker Street,Cardiff,CF10 1EP,46,Y,2016-07-15
P0000900,PERSON,Ricky,Ballard,26/02/1992,PN484611D,user383@example.com,07467357881,34 Murphy Street,Norwich,NR1 3QQ,384,N,2020-05-22
P0000901,ORG,Michele,Duran,20/04/1980,CN633506A,USER164@EXAMPLE.COM,07238003554,207 Brown Street,Bristol,BS1 4ST,165,Y,2011-12-21
P0000902,PERSON,Priya,Taylor,25/10/1953,,PRIYA.TAYLOR586@EXAMPLE.CO.UK,07966494886,88 Hall Street,Leeds,LS1 4AP,,Y,2021-01-25
P0000903,PERSON,Lars,OBrien,27/08/1999,CH196158A,LARS.OBRIEN109@EXAMPLE.CO.UK,07949966218,176 Davies Street,Reading,RG1 1LX,324,Y,2024-01-30
P0000904,PERSON,Amelia,Clarke,29/09/1968,TH592002C,amelia.clarke641@example.co.uk,07735453350,222 Jones Street,York,YO1 6GA,,Y,2019-05-21
P0000905,PERSON,James,Taylor,11/10/1955,JE837010A,JAMES.TAYLOR998@EXAMPLE.CO.UK,07445106468,194 Davies Street,Leeds,LS1 4AP,,Y,2022-04-01
P0000906,PERSON,Daniel,Khan,19/12/1993,OK656322A,daniel.khan423@example.co.uk,07833935852,65 Khan Street,York,YO1 6GA,,N,2009-06-13
P0000907,PERSON,Oliver,Taylor,23/04/1984,,oliver.taylor353@example.co.uk,07868916948,115 Smith Street,London,EC1A 1BB,156,N,2023-02-16
P0000908,PERSON,Amelia,OBrien,06/10/1992,YL862470C,amelia.obrien790@example.co.uk,07896923287,208 Wright Street,Glasgow,G1 1XQ,,Y,2014-09-25
P0000909,PERSON,Ingrid,OBrien,22/12/1988,RT584064C,ingrid.obrien763@example.co.uk,07532977458,119 Robinson Street,Leeds,LS1 4AP,416,Y,2011-03-09
P0000910,PERSON,Wei,Walker,13/03/1942,GR483474A,wei.walker895@example.co.uk,07977681712,170 Wilson Street,Birmingham,B1 1AA,383,Y,2012-02-15
P0000911,PERSON,George,Brown,21/06/1941,,george.brown401@example.co.uk,07425904401,213 Green Street,Norwich,NR1 3QQ,,Y,2012-04-05
P0000912,PERSON,Ingrid,Hall,05/12/2004,BP211161A,ingrid.hall512@example.co.uk,07858087611,123 Hall Street,Cardiff,CF10 1EP,139,Y,2013-04-10
P0000913,PERSON,Sean,Wright,01/06/1959,MS741337A,sean.wright427@example.co.uk,07668693102,73 OBrien Street,Norwich,,263,N,2023-06-11
P0000914,PERSON,Harry,Murphy,19/09/1990,JN821715B,harry.murphy994@example.co.uk,07435584090,163 Wright Street,Norwich,NR1 3QQ,,N,2020-06-12
P0000915,ORG,Mohammed,Baker,13/09/1969,YK842501B,mohammed.baker716@example.co.uk,07367468084,126 Baker Street,Leeds,LS1 4AP,66,Y,2008-06-07
P0000916,PERSON,Mohammed,Hughes,29/07/1948,ZL170176D,mohammed.hughes394@example.co.uk,07307427294,203 Patel Street,Birmingham,B1 1AA,,N,2016-02-28
P0000917,PERSON,Oliver,Wright,14/02/1962,GL435581D,oliver.wright229@example.co.uk,07749367938,227 Green Street,London,EC1A 1BB,,Y,2022-06-26
P0000918,PERSON,George,Hall,14/04/1994,WM360284D,george.hall124@example.co.uk,07978950598,219 Smith Street,Bristol,BS1 4ST,,Y,2012-07-31
P0000919,PERSON,Harry,Khan,08/04/1942,GT756293D,harry.khan30@example.co.uk,07737636286,114 OBrien Street,Cardiff,CF10 1EP,,Y,2014-02-18
P0000920,PERSON,Lars,Patel,28/09/1957,AE154970C,lars.patel724@example.co.uk,07496019605,37 OBrien Street,Reading,RG1 1LX,,N,2016-05-30
P0000921,PERSON,Aoife,Smith,02/06/1996,BM439753A,aoife.smith445@example.co.uk,07159978336,186 Williams Street,Glasgow,G1 1XQ,,Y,2009-07-10
P0000922,PERSON,Harry,Williams,04/03/1949,ON185101D,harry.williams536@example.co.uk,07174707226,127 Clarke Street,Birmingham,B1 1AA,375,Y,2019-10-08
P0000923,PERSON,Fatima,Clarke,25/04/2002,EL338442B,FATIMA.CLARKE159@EXAMPLE.CO.UK,07833926093,143 Smith Street,York,YO1 6GA,,Y,2023-08-22
P0000924,ORG,Isla,Wright,21/10/1943,GX434977C,isla.wright44@example.co.uk,07781107293,172 Clarke Street,Leeds,LS1 4AP,91,Y,2014-06-30
P0000925,PERSON,Ingrid,Smith,28/01/2000,JK711046D,INGRID.SMITH732@EXAMPLE.CO.UK,07853578008,21 Baker Street,Cardiff,CF10 1EP,,N,2019-06-02
P0000926,PERSON,Emily,Clarke,02/02/1959,WR267628B,emily.clarke156@example.co.uk,07375176652,86 Johnson Street,York,N/A,,Y,2013-11-02
P0000927,ORG,Wei,Brown,10/05/1998,PJ293810A,WEI.BROWN293@EXAMPLE.CO.UK,07963971129,28 Johnson Street,Norwich,N/A,,Y,2020-10-15
P0000928,PERSON,Grace,Johnson,22/03/1993,YL327337A,grace.johnson838@example.co.uk,07332383018,213 Wilson Street,Bristol,BS1 4ST,90,N,2012-08-17
P0000929,PERSON,Ingrid,Clarke,03/08/2004,TW688072C,ingrid.clarke336@example.co.uk,07816211902,220 Davies Street,Norwich,NR1 3QQ,347,Y,2010-05-28
P0000930,ORG,James,Smith,23/07/1995,PZ267234A,JAMES.SMITH52@EXAMPLE.CO.UK,07331185888,166 Johnson Street,London,EC1A 1BB,,N,2024-08-21
P0000931,PERSON,Priya,Taylor,12/02/1965,GL579123B,PRIYA.TAYLOR428@EXAMPLE.CO.UK,07783661925,191 Smith Street,London,EC1A 1BB,,N,2018-09-08
P0000932,PERSON,Emily,Smith,06/02/1950,LL123654D,EMILY.SMITH89@EXAMPLE.CO.UK,07842816227,40 Johnson Street,Leeds,LS1 4AP,28,Y,2023-03-17
P0000933,PERSON,Wei,Smith,02/05/1943,YB788505A,wei.smith510@example.co.uk,07401531313,182 Khan Street,Cardiff,CF10 1EP,56,N,2012-07-18
P0000934,PERSON,Thomas,Smith,21/03/2000,,thomas.smith279@example.co.uk,07704744240,214 Walker Street,Leeds,LS1 4AP,468,Y,2023-10-07
P0000935,PERSON,Ingrid,Davies,12/03/2004,TY271856C,ingrid.davies869@example.co.uk,07498650571,186 Green Street,London,EC1A 1BB,,Y,2015-03-12
P0000936,ORG,Priya,Walker,10/08/1955,GW808534D,priya.walker595@example.co.uk,07563546514,23 Hall Street,Cardiff,CF10 1EP,,Y,2011-02-01
P0000937,PERSON,Mohammed,Murphy,27/11/1997,BN630949B,mohammed.murphy478@example.co.uk,07680047190,162 Wilson Street,Norwich,NR1 3QQ,,N,2020-11-12
P0000938,PERSON,Harry,Johnson,11/03/2002,XB644807A,harry.johnson406@example.co.uk,07373500468,240 Green Street,Manchester,M1 1AE,231,Y,2011-09-11
P0000939,PERSON,Isla,OBrien,20/11/1983,PX788801D,ISLA.OBRIEN120@EXAMPLE.CO.UK,07477027645,192 Walker Street,Glasgow,G1 1XQ,249,Y,2010-05-21
P0000940,PERSON,Isla,Robinson,20/12/1953,EW251367A,isla.robinson855@example.co.uk,07429161924,62 Clarke Street,Leeds,LS1 4AP,107,Y,2012-09-10
P0000941,PERSON,Aoife,Brown,18/02/1957,CC365744D,aoife.brown25@example.co.uk,07553030493,242 Murphy Street,London,EC1A1BB,263,Y,2008-03-27
P0000942,PERSON,Chloe,Khan,14/10/1970,TZ143908D,chloe.khan398@example.co.uk,07636865376,82 Murphy Street,Glasgow,G1 1XQ,301,Y,2023-09-18
P0000943,PERSON,Ingrid,Clarke,10/05/1988,TA498424A,ingrid.clarke789@example.co.uk,07915023166,232 Taylor Street,Manchester,M1 1AE,,Y,2020-03-12
P0000944,PERSON,Amelia,Taylor,05/01/1962,TB438556C,amelia.taylor742@example.co.uk,07855957283,219 Robinson Street,Manchester,M1 1AE,316,Y,2017-03-17
P0000945,PERSON,Sophie,Smith,07/05/2001,SC626461B,sophie.smith132@example.co.uk,07848538764,145 Clarke Street,Reading,RG1 1LX,91,N,2020-01-06
P0000946,ORG,Oliver,Patel,16/07/1992,HB404387C,oliver.patel121@example.co.uk,07837453788,40 Taylor Street,York,YO1 6GA,,Y,2018-11-27
P0000947,PERSON,Isla,Smith,30/09/1974,NZ986611D,ISLA.SMITH795@EXAMPLE.CO.UK,07577456920,207 Brown Street,Birmingham,B1 1AA,,Y,2011-02-14
P0000948,PERSON,Harry,Hall,27/06/1990,WP765669A,harry.hall25@example.co.uk,07136009935,72 Walker Street,Norwich,NR1 3QQ,280,Y,2017-06-21
P0000949,PERSON,Amelia,Taylor,29/10/1947,GE125280B,AMELIA.TAYLOR270@EXAMPLE.CO.UK,07300565007,171 Johnson Street,Glasgow,G1 1XQ,,Y,2020-03-30
P0000950,PERSON,Priya,Green,06/08/1963,EY141686B,PRIYA.GREEN490@EXAMPLE.CO.UK,07422490952,35 Clarke Street,Manchester,M1 1AE,106,Y,2009-05-06
P0000951,PERSON,Sean,Smith,11/02/1950,GN355512D,sean.smith538@example.co.uk,07302579662,170 Wright Street,Bristol,BS1 4ST,,Y,2012-10-20
P0000952,PERSON,Sophie,Wilson,18/10/1974,WG897460A,sophie.wilson567@example.co.uk,07177943017,145 Wilson Street,York,YO1 6GA,182,Y,2024-11-23
P0000953,PERSON,Fatima,Murphy,20/03/1960,,fatima.murphy848@example.co.uk,07523729488,8 Johnson Street,Bristol,BS1 4ST,,Y,2016-05-19
P0000954,PERSON,Wei,Robinson,28/05/1994,WS777423B,WEI.ROBINSON857@EXAMPLE.CO.UK,07659697044,74 Wright Street,Leeds,LS1 4AP,,N,2017-09-15
P0000955,PERSON,Chloe,Smith,09/06/1977,BP390863D,CHLOE.SMITH68@EXAMPLE.CO.UK,07798111347,207 OBrien Street,York,YO1 6GA,,Y,2020-01-03
P0000956,PERSON,Chloe,OBrien,24/08/1967,YY815321B,chloe.obrien876@example.co.uk,07197697289,178 Wright Street,Norwich,NR1 3QQ,55,N,2019-12-13
P0000957,ORG,Sean,Hall,22/08/1996,ZX338909C,sean.hall65@example.co.uk,07448068818,233 Davies Street,Bristol,BS1 4ST,201,Y,2015-10-26
P0000958,PERSON,Grace,Johnson,20/01/1970,JG941214C,GRACE.JOHNSON531@EXAMPLE.CO.UK,07836565054,93 Green Street,Cardiff,CF10 1EP,,Y,2012-08-01
P0000959,PERSON,Lars,Baker,30/08/1986,JN291971D,lars.baker178@example.co.uk,07520509767,124 Patel Street,Manchester,M1 1AE,,N,2018-04-18
P0000960,PERSON,Aoife,OBrien,16/02/1953,XR103425A,AOIFE.OBRIEN261@EXAMPLE.CO.UK,07373601073,238 Wright Street,Reading,RG1 1LX,226,Y,2020-05-07
P0000961,PERSON,Daniel,Patel,08/11/1985,TE599508D,daniel.patel582@example.co.uk,07228252853,36 Wilson Street,Cardiff,CF10 1EP,146,Y,2009-03-22
P0000962,PERSON,Oliver,Taylor,18/11/1964,RJ141877A,OLIVER.TAYLOR111@EXAMPLE.CO.UK,07462501562,160 Patel Street,York,YO1 6GA,,Y,2013-05-25
P0000963,ORG,Isla,Davies,21/06/1995,KG124069C,isla.davies619@example.co.uk,07284514302,207 Clarke Street,Reading,RG1 1LX,,Y,2021-10-27
P0000964,PERSON,James,Wilson,06/03/1948,EK986447D,JAMES.WILSON585@EXAMPLE.CO.UK,07593391468,157 Wilson Street,Reading,RG1 1LX,304,N,2012-12-10
P0000965,PERSON,Thomas,Brown,13/04/1940,SJ343459A,thomas.brown245@example.co.uk,07538660699,183 Robinson Street,Bristol,BS1 4ST,,Y,2024-07-30
P0000966,PERSON,Wei,Hall,08/02/1974,RX458915C,WEI.HALL24@EXAMPLE.CO.UK,07644987682,158 Clarke Street,York,YO1 6GA,114,N,2021-08-08
P0000967,PERSON,George,Murphy,18/12/1952,PJ328514C,george.murphy721@example.co.uk,07394357483,64 Khan Street,Manchester,M1 1AE,,N,2016-07-05
P0000968,PERSON,Chloe,Wright,06/03/1942,AR699425C,chloe.wright703@example.co.uk,07122005392,126 Walker Street,Reading,RG1 1LX,179,N,2017-07-06
P0000969,ORG,Amelia,Walker,14/11/1962,HH329781B,amelia.walker357@example.co.uk,07509572465,94 Jones Street,Leeds,LS1 4AP,125,N,2010-01-07
P0000970,PERSON,Emily,Taylor,20/03/1995,GM248514D,EMILY.TAYLOR713@EXAMPLE.CO.UK,07299737529,59 Walker Street,York,EC1A1BB,281,Y,2019-09-04
P0000971,PERSON,Amelia,Davies,11/04/1948,HM674555D,amelia.davies636@example.co.uk,07280309400,61 Smith Street,London,EC1A 1BB,458,N,2012-05-19
P0000972,PERSON,Chloe,Taylor,16/01/1946,SY897819C,chloe.taylor792@example.co.uk,07263980356,137 Wilson Street,Manchester,M1 1AE,263,Y,2008-03-12
P0000973,PERSON,Mohammed,Wilson,06/06/1964,HB591852B,mohammed.wilson526@example.co.uk,07359765594,221 Hall Street,London,EC1A 1BB,,N,2020-11-14
P0000974,PERSON,Thomas,Robinson,19/01/1962,ZB170332D,THOMAS.ROBINSON466@EXAMPLE.CO.UK,07408381330,118 Hughes Street,Birmingham,B1 1AA,,N,2023-03-13
P0000975,PERSON,Wei,Green,29/07/1988,WP924584D,wei.green744@example.co.uk,07662072076,240 Walker Street,Cardiff,CF10 1EP,59,Y,2019-03-17
P0000976,PERSON,Harry,Jones,24/07/1958,RR494206C,harry.jones76@example.co.uk,07437740312,125 Johnson Street,Reading,RG1 1LX,179,N,2012-10-31
P0000977,PERSON,Fatima,Williams,13/05/1980,MR356368B,FATIMA.WILLIAMS886@EXAMPLE.CO.UK,07343816148,232 Robinson Street,Reading,RG1 1LX,,Y,2016-12-14
P0000978,PERSON,Lars,Robinson,02/05/1973,,lars.robinson904@example.co.uk,07787219326,237 Brown Street,Leeds,LS1 4AP,15,Y,2009-03-11
P0000979,PERSON,Priya,Robinson,05/09/1974,XW142492D,PRIYA.ROBINSON909@EXAMPLE.CO.UK,07455894276,50 Khan Street,Cardiff,CF10 1EP,,N,2011-09-21
P0000980,PERSON,James,Brown,03/02/1953,WP125312D,james.brown763@example.co.uk,07957394843,157 Robinson Street,York,YO1 6GA,,Y,2015-04-29
P0000981,PERSON,Grace,Murphy,26/07/1944,RX137912A,grace.murphy821@example.co.uk,07264636839,239 Clarke Street,York,YO1 6GA,,Y,2024-01-08
P0000982,PERSON,Lars,Patel,30/11/1952,BB417624A,lars.patel146@example.co.uk,07308835747,108 Baker Street,Leeds,LS1 4AP,,Y,2011-05-27
P0000983,PERSON,Fatima,Green,22/12/1990,,fatima.green262@example.co.uk,07945047864,17 Davies Street,Leeds,EC1A1BB,,Y,2011-09-18
P0000984,PERSON,Ingrid,Brown,05/03/1947,OW370620C,ingrid.brown686@example.co.uk,07450612215,135 Williams Street,Norwich,NR1 3QQ,,Y,2024-01-27
P0000985,PERSON,Daniel,Hughes,28/03/2001,RW385410C,daniel.hughes286@example.co.uk,07422733449,128 Clarke Street,Reading,RG1 1LX,232,Y,2021-04-09
P0000986,PERSON,Grace,Patel,21/07/1949,KT260702A,grace.patel844@example.co.uk,07643145488,93 Walker Street,Birmingham,B1 1AA,,N,2017-05-27
P0000987,PERSON,Daniel,OBrien,31/10/1966,CN159667D,daniel.obrien84@example.co.uk,07564036549,40 Walker Street,Leeds,LS1 4AP,,Y,2008-09-07
P0000988,ORG,Mohammed,Murphy,10/08/1950,PZ324425D,mohammed.murphy316@example.co.uk,07352448868,74 Davies Street,Leeds,LS1 4AP,223,Y,2011-09-12
P0000989,PERSON,Mohammed,Wilson,24/08/1993,AG666619D,mohammed.wilson335@example.co.uk,07199122523,240 Williams Street,Reading,RG1 1LX,,N,2008-01-18
P0000990,PERSON,Ingrid,Wilson,07/12/1942,OZ191771A,INGRID.WILSON137@EXAMPLE.CO.UK,07432610204,85 Brown Street,Bristol,BS1 4ST,,Y,2021-01-26
P0000991,PERSON,Amelia,Jones,12/02/1995,TE380316C,amelia.jones1@example.co.uk,07664882147,19 Hall Street,Leeds,LS1 4AP,171,Y,2009-06-16
P0000992,PERSON,Lars,Hall,29/04/1963,BR993550C,lars.hall162@example.co.uk,07846152610,122 Robinson Street,York,YO1 6GA,,Y,2019-05-31
P0000993,ORG,Grace,Khan,17/08/1998,MN320774B,grace.khan723@example.co.uk,07855092420,40 Jones Street,Cardiff,CF10 1EP,,Y,2021-03-07
P0000994,PERSON,Sophie,Williams,29/08/1949,NZ350876D,sophie.williams460@example.co.uk,07231660615,239 Green Street,Birmingham,B1 1AA,367,N,2014-10-14
P0000995,PERSON,George,Wright,13/11/1998,,GEORGE.WRIGHT35@EXAMPLE.CO.UK,07962888328,65 Clarke Street,Glasgow,G1 1XQ,384,Y,2019-02-28
P0000996,PERSON,Lars,Clarke,15/08/2003,RN888019B,LARS.CLARKE884@EXAMPLE.CO.UK,07940961771,43 Patel Street,Glasgow,G1 1XQ,259,Y,2018-12-02
P0000997,PERSON,Mohammed,Williams,09/10/1943,JH538168A,mohammed.williams906@example.co.uk,07778108722,93 OBrien Street,Birmingham,B1 1AA,,N,2016-05-13
P0000998,PERSON,Mohammed,Smith,20/05/1949,WL656656D,mohammed.smith495@example.co.uk,07734031447,157 Hall Street,York,YO1 6GA,167,Y,2024-05-26
P0000999,ORG,Oliver,Robinson,06/07/2004,MN118785D,oliver.robinson606@example.co.uk,07950229884,17 Wright Street,York,YO1 6GA,,N,2017-05-11
P0001000,PERSON,Lars,Hall,22/04/1991,BK800901C,lars.hall237@example.co.uk,07104601001,136 Davies Street,Glasgow,G1 1XQ,,Y,2018-01-28
P0001001,PERSON,Isla,Clarke,14/03/1940,XS117137C,isla.clarke441@example.co.uk,07812228196,14 Wright Street,London,EC1A 1BB,81,N,2012-10-14
P0001002,ORG,Aoife,Green,18/10/1965,NH671540B,AOIFE.GREEN799@EXAMPLE.CO.UK,07561172638,21 OBrien Street,Manchester,M1 1AE,,Y,2018-10-06
P0001003,PERSON,James,Brown,26/08/1951,HS314007B,james.brown954@example.co.uk,07921512026,239 Khan Street,Bristol,BS1 4ST,,Y,2020-02-29
P0001004,PERSON,Aoife,Taylor,02/11/1946,LH218877D,aoife.taylor160@example.co.uk,07637368128,197 Green Street,Manchester,M1 1AE,,Y,2010-09-27
P0001005,PERSON,Ingrid,Hall,19/12/1964,JY362433A,ingrid.hall805@example.co.uk,07766087112,206 Taylor Street,Manchester,M1 1AE,81,N,2011-08-22
P0001006,ORG,Harry,OBrien,21/05/1954,OA456705D,harry.obrien535@example.co.uk,07564287636,27 Hughes Street,York,YO1 6GA,,N,2017-01-09
P0001007,PERSON,George,Wilson,21/01/1957,,george.wilson636@example.co.uk,07343472242,214 Wright Street,Norwich,NR1 3QQ,,Y,2018-04-08
P0001008,PERSON,Wei,OBrien,23/08/1997,YP117953C,wei.obrien378@example.co.uk,07546175890,192 Smith Street,Leeds,LS1 4AP,,N,2018-05-24
P0001009,PERSON,Amelia,Williams,10/08/1948,TY678399C,AMELIA.WILLIAMS609@EXAMPLE.CO.UK,07970621341,9 OBrien Street,York,YO1 6GA,,Y,2020-01-17
P0001010,PERSON,Fatima,Khan,29/06/1943,LR260470C,fatima.khan880@example.co.uk,07542413659,20 Hughes Street,Manchester,,82,Y,2019-03-05
P0001011,PERSON,Grace,Khan,02/07/1976,GX732193A,grace.khan24@example.co.uk,07202174331,250 Patel Street,London,EC1A 1BB,,N,2015-02-20
P0001012,PERSON,Sophie,Wilson,17/09/1991,XY183532C,sophie.wilson218@example.co.uk,07806414434,77 Brown Street,Reading,RG1 1LX,373,N,2024-11-14
P0001013,PERSON,Oliver,Khan,11/09/1977,,oliver.khan96@example.co.uk,07731686891,2 Brown Street,Glasgow,G1 1XQ,287,N,2008-12-14
P0001014,PERSON,Ingrid,Murphy,03/06/1976,KC450290B,INGRID.MURPHY555@EXAMPLE.CO.UK,07710975447,180 Brown Street,Manchester,M1 1AE,6,Y,2008-05-17
P0001015,PERSON,Ingrid,Johnson,14/07/2003,KS105543C,ingrid.johnson130@example.co.uk,07883671834,199 Johnson Street,Birmingham,B1 1AA,,Y,2013-05-02
P0001016,PERSON,Oliver,Walker,06/12/1958,PZ531534C,OLIVER.WALKER628@EXAMPLE.CO.UK,07761838191,220 Brown Street,Cardiff,CF10 1EP,,N,2013-09-19
P0001017,PERSON,Chloe,Wright,17/02/1940,YH954008A,chloe.wright118@example.co.uk,07367125638,34 Jones Street,Cardiff,CF10 1EP,,Y,2013-08-09
P0001018,PERSON,Oliver,Taylor,15/05/2001,AJ852076A,oliver.taylor405@example.co.uk,07114774605,106 Brown Street,Birmingham,B1 1AA,6,Y,2018-01-10
P0001019,PERSON,Harry,Williams,24/12/2004,WL564950B,harry.williams664@example.co.uk,07256675553,53 Clarke Street,Manchester,M1 1AE,,Y,2022-12-07
P0001020,PERSON,Isla,Wright,11/11/1983,HB919350A,isla.wright972@example.co.uk,07662943505,75 Johnson Street,Bristol,BS1 4ST,278,Y,2014-06-10
P0001021,PERSON,Harry,Khan,22/01/1965,CZ576503C,harry.khan182@example.co.uk,07340857191,116 Johnson Street,Cardiff,CF10 1EP,,Y,2014-03-07
P0001022,ORG,Ingrid,Clarke,10/03/1964,,INGRID.CLARKE165@EXAMPLE.CO.UK,07621733910,99 Davies Street,Norwich,NR1 3QQ,203,N,2020-05-16
P0001023,PERSON,Sean,Williams,07/11/1949,WM882660D,SEAN.WILLIAMS275@EXAMPLE.CO.UK,07708978969,246 Brown Street,Glasgow,G1 1XQ,,Y,2014-05-05
P0001024,PERSON,Thomas,Davies,20/12/1999,HW653991A,THOMAS.DAVIES954@EXAMPLE.CO.UK,07121013174,84 Green Street,York,YO1 6GA,,Y,2015-08-27
P0001025,PERSON,James,Wright,08/05/1957,LZ309156D,james.wright192@example.co.uk,07745933368,145 Baker Street,Manchester,M1 1AE,474,Y,2016-07-09
P0001026,PERSON,Ingrid,Hall,10/08/1957,KY449625D,INGRID.HALL912@EXAMPLE.CO.UK,07703910280,5 Taylor Street,Leeds,LS1 4AP,130,Y,2011-01-27
P0001027,ORG,Isla,Walker,08/12/1943,,isla.walker210@example.co.uk,07689020467,113 Williams Street,Norwich,NR1 3QQ,,Y,2012-10-23
P0001028,PERSON,George,Murphy,08/09/1948,YT319240A,george.murphy38@example.co.uk,07354164898,157 Brown Street,Bristol,N/A,447,Y,2013-08-12
P0001029,PERSON,Chloe,Green,09/06/1996,AW956755B,chloe.green961@example.co.uk,07455133789,26 Taylor Street,Leeds,,351,Y,2013-02-21
P0001030,PERSON,Daniel,Patel,04/01/1940,HA874793A,daniel.patel438@example.co.uk,07713862737,6 Patel Street,Glasgow,G1 1XQ,,Y,2011-07-09
P0001031,PERSON,Isla,Jones,04/02/1956,,isla.jones201@example.co.uk,07764266315,35 Jones Street,Leeds,LS1 4AP,,Y,2024-03-28
P0001032,PERSON,George,Murphy,05/04/1996,HW496452A,GEORGE.MURPHY775@EXAMPLE.CO.UK,07137720016,137 Wilson Street,Bristol,BS1 4ST,,Y,2017-06-05
P0001033,PERSON,Sophie,Taylor,18/02/1954,HL848365C,sophie.taylor217@example.co.uk,07269003911,213 Hall Street,Manchester,M1 1AE,,Y,2020-09-21
P0001034,PERSON,George,Robinson,12/02/1978,ZJ869040A,GEORGE.ROBINSON177@EXAMPLE.CO.UK,07417327448,97 Green Street,Reading,RG1 1LX,,Y,2010-01-15
P0001035,PERSON,Daniel,Brown,22/04/2002,EY602605D,daniel.brown130@example.co.uk,07723481438,183 Williams Street,London,EC1A 1BB,,Y,2012-01-12
P0001036,PERSON,Aoife,Davies,05/05/1951,KY679104A,aoife.davies247@example.co.uk,07677207606,24 Patel Street,London,EC1A 1BB,,Y,2020-04-23
P0001037,PERSON,Harry,Wilson,13/12/1943,KC643115B,harry.wilson438@example.co.uk,07176702995,109 Green Street,Norwich,NR1 3QQ,,Y,2015-03-21
P0001038,PERSON,Lars,Wilson,15/02/2001,AA187696C,LARS.WILSON283@EXAMPLE.CO.UK,07896929074,207 Baker Street,Glasgow,EC1A1BB,116,Y,2023-06-06
P0001039,PERSON,George,Wright,24/10/1948,ZA854162B,george.wright450@example.co.uk,07435913717,98 Brown Street,York,YO1 6GA,,N,2019-04-21
P0001040,PERSON,Grace,Khan,26/05/1963,XW401134D,grace.khan164@example.co.uk,07924619873,20 Williams Street,Manchester,M1 1AE,227,Y,2014-06-25
P0001041,PERSON,Sean,Hall,23/10/1943,BB102931C,sean.hall322@example.co.uk,07505762456,89 OBrien Street,Cardiff,CF10 1EP,103,Y,2024-03-27
P0001042,PERSON,Sean,Patel,21/07/1987,LX338912C,sean.patel154@example.co.uk,07152611106,94 Khan Street,Cardiff,CF10 1EP,370,N,2020-12-08
P0001043,PERSON,Wei,Jones,27/07/1989,RY582369C,wei.jones732@example.co.uk,07118247557,198 Hall Street,London,EC1A 1BB,,N,2019-10-17
P0001044,ORG,Emily,Williams,15/10/1945,LX230300A,EMILY.WILLIAMS63@EXAMPLE.CO.UK,07887358775,67 Wilson Street,Bristol,BS1 4ST,,Y,2018-08-16
P0001045,PERSON,Ingrid,Davies,06/04/1986,PL353993B,ingrid.davies199@example.co.uk,07251935488,179 Clarke Street,Cardiff,CF10 1EP,,Y,2014-08-14
P0001046,PERSON,Emily,Hughes,07/04/1991,RG486144D,EMILY.HUGHES661@EXAMPLE.CO.UK,07432414395,246 Patel Street,Bristol,BS1 4ST,,Y,2008-11-30
P0001047,PERSON,Wei,Khan,31/08/1996,BH522868B,wei.khan400@example.co.uk,07496261861,88 Green Street,Birmingham,B1 1AA,,Y,2014-08-04
P0001048,PERSON,George,Smith,27/12/1999,MX703675A,george.smith87@example.co.uk,07884669128,28 Murphy Street,Norwich,NR1 3QQ,348,Y,2023-08-23
P0001049,ORG,Sean,Hughes,04/01/1956,BN139364C,sean.hughes851@example.co.uk,07161765307,219 Khan Street,Bristol,BS1 4ST,,Y,2012-11-05
P0001050,PERSON,George,Murphy,07/06/1957,PK945891B,george.murphy849@example.co.uk,07196698641,25 Hall Street,York,YO1 6GA,75,Y,2018-06-18
P0001051,PERSON,Sophie,Green,02/05/1944,TJ241250D,sophie.green622@example.co.uk,07342362437,11 Walker Street,Leeds,LS1 4AP,204,N,2024-03-22
P0001052,ORG,Amelia,Taylor,22/11/1994,ET625004D,amelia.taylor780@example.co.uk,07873401277,222 Hughes Street,York,YO1 6GA,276,N,2008-03-28
P0001053,PERSON,Emily,Johnson,20/05/1942,XG978283A,EMILY.JOHNSON831@EXAMPLE.CO.UK,07505113262,86 Wright Street,London,EC1A 1BB,348,Y,2019-02-26
P0001054,PERSON,Thomas,Khan,23/06/1993,PP739361C,THOMAS.KHAN123@EXAMPLE.CO.UK,07162218019,20 Khan Street,Cardiff,CF10 1EP,,Y,2010-10-06
P0001055,PERSON,Sean,Baker,25/09/1965,NA715049B,sean.baker112@example.co.uk,07537312524,50 Wilson Street,York,YO1 6GA,295,N,2011-07-15
P0001056,PERSON,George,Hall,02/01/1994,RC196704C,george.hall518@example.co.uk,07846698400,191 Khan Street,Birmingham,B1 1AA,,Y,2020-01-09
P0001057,PERSON,Fatima,Jones,28/11/1972,PS556519A,fatima.jones646@example.co.uk,07203063471,30 Williams Street,London,EC1A 1BB,22,Y,2008-05-27
P0001058,PERSON,Oliver,Johnson,19/12/1944,AR261472D,OLIVER.JOHNSON533@EXAMPLE.CO.UK,07900110851,55 Brown Street,Leeds,LS1 4AP,,N,2012-11-25
P0001059,PERSON,Thomas,OBrien,02/12/1971,TW545092B,thomas.obrien54@example.co.uk,07663169142,213 Patel Street,Cardiff,CF10 1EP,240,Y,2008-11-26
P0001060,ORG,Sophie,Davies,10/04/1967,NM348958D,sophie.davies918@example.co.uk,07690867469,189 Hughes Street,York,N/A,11,Y,2009-01-12
P0001061,PERSON,George,Davies,16/11/1997,SA735103A,george.davies384@example.co.uk,07706086216,149 Taylor Street,Reading,RG1 1LX,,N,2014-05-29
P0001062,PERSON,Daniel,Wilson,31/05/1941,ZZ754076D,daniel.wilson732@example.co.uk,07714948323,207 Clarke Street,Norwich,NR1 3QQ,,N,2022-09-24
P0001063,PERSON,Grace,Green,28/07/1997,SC647579C,GRACE.GREEN620@EXAMPLE.CO.UK,07941309750,94 Baker Street,Reading,RG1 1LX,,Y,2020-10-03
P0001064,PERSON,Isla,Williams,21/08/1969,YJ283630B,ISLA.WILLIAMS579@EXAMPLE.CO.UK,07937878293,207 Davies Street,Manchester,M1 1AE,,Y,2011-03-03
P0001065,PERSON,Fatima,Clarke,04/08/1990,TG517326A,fatima.clarke574@example.co.uk,07548505886,249 Smith Street,London,EC1A 1BB,,Y,2011-11-25
P0001066,PERSON,George,Khan,22/05/1990,ZP781773B,george.khan966@example.co.uk,07658569651,36 Green Street,Leeds,LS1 4AP,355,N,2014-05-21
P0001067,ORG,James,Murphy,22/07/1976,RN131394B,james.murphy909@example.co.uk,07919378040,92 Green Street,Manchester,M1 1AE,299,Y,2017-09-26
P0001068,PERSON,Thomas,Taylor,25/05/1989,,thomas.taylor392@example.co.uk,07116034290,144 Wright Street,Reading,RG1 1LX,185,N,2010-03-15
P0001069,ORG,Harry,Johnson,01/06/1987,JL518036B,HARRY.JOHNSON322@EXAMPLE.CO.UK,07955002961,198 Khan Street,Reading,RG1 1LX,,N,2014-02-05
P0001070,PERSON,Oliver,Smith,25/09/1954,PC157829A,oliver.smith490@example.co.uk,07919537700,100 Hughes Street,Leeds,N/A,,Y,2009-10-27
P0001071,PERSON,George,Hall,15/01/1970,,george.hall844@example.co.uk,07186011482,76 Hall Street,London,EC1A1BB,,Y,2024-07-18
P0001072,PERSON,Mohammed,Jones,26/08/1980,SS757433B,MOHAMMED.JONES418@EXAMPLE.CO.UK,07495524674,57 Patel Street,Birmingham,B1 1AA,284,Y,2019-02-09
P0001073,PERSON,Lars,Robinson,21/09/1993,GR900028D,lars.robinson289@example.co.uk,07740285150,36 Murphy Street,Cardiff,CF10 1EP,,Y,2010-01-24
P0001074,PERSON,Ingrid,Wright,29/06/1974,CL123839D,ingrid.wright946@example.co.uk,07824381040,137 Patel Street,London,EC1A 1BB,,Y,2012-05-18
P0001075,ORG,George,Johnson,19/09/1980,HJ461487D,GEORGE.JOHNSON238@EXAMPLE.CO.UK,07684851504,238 Taylor Street,Manchester,M1 1AE,,Y,2012-08-05
P0001076,PERSON,Emily,Brown,19/01/1947,WN238785D,emily.brown618@example.co.uk,07715721836,250 Murphy Street,Birmingham,EC1A1BB,180,Y,2012-04-08
P0001077,PERSON,George,Robinson,01/09/1946,,george.robinson913@example.co.uk,07721488771,83 Jones Street,York,YO1 6GA,,Y,2016-11-14
P0001078,PERSON,Grace,Hughes,10/11/1943,,grace.hughes997@example.co.uk,07832344261,65 Brown Street,Manchester,M1 1AE,,Y,2019-12-25
P0001079,PERSON,Sophie,Williams,22/07/1981,AH770105A,sophie.williams759@example.co.uk,07981149980,151 Green Street,Norwich,NR1 3QQ,426,N,2010-04-18
P0001080,PERSON,George,Patel,07/08/1986,TT345224D,george.patel953@example.co.uk,07348709521,224 Green Street,Cardiff,CF10 1EP,,Y,2010-07-30
P0001081,PERSON,Sean,Wilson,04/10/1988,SA616765D,sean.wilson698@example.co.uk,07227769868,117 Wright Street,Glasgow,G1 1XQ,,N,2017-01-11
P0001082,PERSON,Ingrid,Davies,04/05/1976,PY250606A,ingrid.davies531@example.co.uk,07283545717,47 Davies Street,Birmingham,B1 1AA,439,Y,2015-05-10
P0001083,PERSON,Emily,Taylor,16/04/1975,EL524604B,emily.taylor696@example.co.uk,07661392444,167 Wilson Street,Glasgow,,226,Y,2020-10-18
P0001084,ORG,Harry,OBrien,11/12/1990,XL346645D,harry.obrien408@example.co.uk,07681815214,74 Green Street,Norwich,NR1 3QQ,186,N,2011-07-21
P0001085,PERSON,Harry,Jones,07/09/1969,XS854124C,harry.jones818@example.co.uk,07413390456,166 Williams Street,London,EC1A 1BB,,Y,2021-08-01
P0001086,PERSON,Mohammed,Hall,13/12/1985,XX580127A,mohammed.hall567@example.co.uk,07573955613,24 Murphy Street,Manchester,M1 1AE,,N,2013-04-11
P0001087,PERSON,Aoife,Clarke,26/02/1980,AT388253D,aoife.clarke400@example.co.uk,07759303485,17 Robinson Street,Norwich,NR1 3QQ,,Y,2019-12-08
P0001088,PERSON,Ingrid,Clarke,15/08/1988,GG435666B,ingrid.clarke154@example.co.uk,07905053486,10 Green Street,Reading,RG1 1LX,220,Y,2019-10-05
P0001089,PERSON,James,Clarke,25/09/1997,OR499443C,james.clarke191@example.co.uk,07711166848,10 Smith Street,Leeds,LS1 4AP,26,Y,2011-10-07
P0001090,PERSON,Thomas,Green,13/10/1955,WR583064D,THOMAS.GREEN798@EXAMPLE.CO.UK,07479052259,212 Hall Street,Glasgow,G1 1XQ,,Y,2022-04-25
P0001091,PERSON,Isla,Williams,27/04/2001,KJ672713A,isla.williams546@example.co.uk,07276546278,67 Taylor Street,Reading,RG1 1LX,,Y,2015-05-09
P0001092,ORG,Emily,Green,24/04/1970,YH523259B,emily.green740@example.co.uk,07338661057,88 Hughes Street,Norwich,NR1 3QQ,75,Y,2023-05-25
P0001093,PERSON,Priya,Brown,21/01/1960,AW644142C,priya.brown882@example.co.uk,07699883347,84 Smith Street,York,YO1 6GA,,Y,2024-12-15
P0001094,PERSON,Ingrid,Khan,24/06/1963,WZ178129A,ingrid.khan230@example.co.uk,07743172472,124 Wilson Street,London,EC1A 1BB,,Y,2019-09-12
P0001095,PERSON,Mohammed,Baker,04/03/1961,CN407914D,MOHAMMED.BAKER276@EXAMPLE.CO.UK,07988628030,84 Johnson Street,London,EC1A 1BB,139,Y,2024-05-07
P0001096,PERSON,Emily,Murphy,26/07/1995,WE349717D,emily.murphy908@example.co.uk,07440720011,12 Smith Street,Leeds,LS1 4AP,344,N,2013-12-17
P0001097,PERSON,Harry,Brown,07/06/1965,WE829891D,harry.brown974@example.co.uk,07749690863,188 Williams Street,Manchester,,,N,2008-02-25
P0001098,PERSON,Thomas,Murphy,23/08/1951,HG446966D,thomas.murphy241@example.co.uk,07448381081,222 Baker Street,York,YO1 6GA,379,Y,2024-12-01
P0001099,PERSON,Lars,Green,03/09/1979,WN876787C,lars.green287@example.co.uk,07464574222,188 Baker Street,Bristol,BS1 4ST,,Y,2016-02-27
P0001100,ORG,Mohammed,Hall,03/11/1965,CS448436A,MOHAMMED.HALL183@EXAMPLE.CO.UK,07106718992,226 Jones Street,York,YO1 6GA,88,Y,2014-11-18
P0001101,PERSON,Priya,Davies,07/08/1992,EN432793A,PRIYA.DAVIES663@EXAMPLE.CO.UK,07447867218,88 Wright Street,Leeds,LS1 4AP,,Y,2012-07-29
P0001102,PERSON,Fatima,Green,04/05/1956,ZR504567D,FATIMA.GREEN699@EXAMPLE.CO.UK,07841269110,240 Davies Street,Manchester,M1 1AE,,Y,2022-04-17
P0001103,PERSON,Lars,Khan,12/09/1997,HP401898B,lars.khan424@example.co.uk,07174725150,135 Johnson Street,Birmingham,B1 1AA,354,N,2011-11-17
P0001104,PERSON,Aoife,Brown,30/12/1951,AM754382A,AOIFE.BROWN195@EXAMPLE.CO.UK,07892739782,3 Taylor Street,Manchester,M1 1AE,,Y,2017-04-25
P0001105,PERSON,Thomas,Wright,14/05/1954,TR643876A,thomas.wright209@example.co.uk,07289989124,202 Wilson Street,York,YO1 6GA,,N,2018-10-07
P0001106,PERSON,Lars,OBrien,10/05/1963,GZ134281C,LARS.OBRIEN765@EXAMPLE.CO.UK,07196888083,131 Robinson Street,Glasgow,G1 1XQ,463,Y,2022-10-01
P0001107,PERSON,Aoife,Davies,04/03/1949,EW284076A,aoife.davies402@example.co.uk,07330928068,51 Robinson Street,London,EC1A 1BB,357,N,2024-05-02
P0001108,ORG,George,Baker,19/10/1998,HG704659B,george.baker597@example.co.uk,07283816626,245 Brown Street,Birmingham,B1 1AA,138,N,2015-05-02
P0001109,PERSON,Daniel,Taylor,13/06/1997,NP836593B,daniel.taylor311@example.co.uk,07679996203,53 OBrien Street,Leeds,LS1 4AP,,Y,2014-11-28
P0001110,PERSON,Thomas,Walker,16/12/1950,PM359140A,thomas.walker501@example.co.uk,07380287338,222 Patel Street,Norwich,NR1 3QQ,,Y,2019-03-04
P0001111,PERSON,Chloe,Brown,10/03/1956,AH698782B,chloe.brown915@example.co.uk,07274042355,15 OBrien Street,Norwich,NR1 3QQ,319,Y,2021-05-13
P0001112,PERSON,Lars,Hughes,25/08/1984,GZ685432B,LARS.HUGHES737@EXAMPLE.CO.UK,07130148921,208 Brown Street,Manchester,M1 1AE,,Y,2016-03-03
P0001113,PERSON,Wei,Jones,28/02/1989,ZT643816D,wei.jones193@example.co.uk,07326114706,178 Murphy Street,Birmingham,EC1A1BB,,Y,2016-01-06
P0001114,PERSON,Emily,Davies,09/03/1997,BJ118179C,emily.davies548@example.co.uk,07353711592,237 Clarke Street,Cardiff,CF10 1EP,,Y,2020-11-04
P0001115,PERSON,Daniel,OBrien,27/10/1949,YC123950B,daniel.obrien472@example.co.uk,07279830352,200 Baker Street,Manchester,M1 1AE,444,N,2022-11-22
P0001116,PERSON,James,Taylor,01/03/1967,BJ105151D,james.taylor204@example.co.uk,07188742421,54 Baker Street,Norwich,NR1 3QQ,,Y,2021-08-26
P0001117,PERSON,Sophie,Williams,09/09/1975,SS589216B,SOPHIE.WILLIAMS50@EXAMPLE.CO.UK,07750512858,198 Taylor Street,Birmingham,B1 1AA,,Y,2016-07-31
P0001118,PERSON,Wei,Brown,14/08/1951,NX896867D,wei.brown936@example.co.uk,07312548616,237 Hall Street,Birmingham,N/A,,N,2012-10-19
P0001119,PERSON,Oliver,Khan,22/04/1991,,OLIVER.KHAN198@EXAMPLE.CO.UK,07798604907,225 Khan Street,Cardiff,CF10 1EP,,N,2010-04-28
P0001120,PERSON,Harry,Khan,20/10/1955,WG453533A,harry.khan103@example.co.uk,07450726245,35 Williams Street,Manchester,M1 1AE,,Y,2016-06-03
P0001121,PERSON,Harry,Smith,21/01/1993,CA944483B,harry.smith199@example.co.uk,07710819605,153 Murphy Street,Glasgow,G1 1XQ,232,Y,2023-07-30
P0001122,PERSON,Daniel,Wright,13/07/1941,JS476455C,daniel.wright795@example.co.uk,07515934026,79 Williams Street,Manchester,M1 1AE,,Y,2008-08-09
P0001123,ORG,Thomas,Taylor,04/01/1954,OH602593B,thomas.taylor27@example.co.uk,07398425899,16 Wilson Street,Birmingham,B1 1AA,,Y,2009-05-18
P0001124,PERSON,Lars,Taylor,08/09/1978,WE459022C,LARS.TAYLOR437@EXAMPLE.CO.UK,07270293780,212 Smith Street,Reading,ZZ99 9ZZ,232,Y,2023-12-07
P0001125,ORG,Grace,Jones,27/05/1962,TZ905738D,grace.jones61@example.co.uk,07944862559,79 Hall Street,Manchester,,385,Y,2017-12-06
P0001126,ORG,Daniel,Murphy,15/05/1973,EG977417C,daniel.murphy292@example.co.uk,07102933494,29 Jones Street,Cardiff,CF10 1EP,383,Y,2010-08-28
P0001127,PERSON,Sean,Brown,23/06/1943,KE571152D,SEAN.BROWN213@EXAMPLE.CO.UK,07196616027,126 Wilson Street,London,EC1A 1BB,257,Y,2008-12-15
P0001128,PERSON,Aoife,Smith,15/05/1986,,aoife.smith100@example.co.uk,07467991714,181 Jones Street,Glasgow,G1 1XQ,,Y,2012-05-20
P0001129,PERSON,Sean,Jones,27/08/1976,CB952489C,sean.jones464@example.co.uk,07669828484,245 Patel Street,Manchester,M1 1AE,195,Y,2012-06-22
P0001130,PERSON,Wei,Wilson,31/03/1950,WP568524D,wei.wilson721@example.co.uk,07740122235,65 Wright Street,Leeds,N/A,,Y,2010-09-14
P0001131,PERSON,Aoife,Smith,10/12/1969,SL979053D,aoife.smith204@example.co.uk,07569019932,211 Williams Street,Leeds,LS1 4AP,431,Y,2021-02-14
P0001132,PERSON,Amelia,Hughes,31/07/1961,,amelia.hughes851@example.co.uk,07532701137,107 Walker Street,Birmingham,B1 1AA,,Y,2015-05-30
P0001133,PERSON,Daniel,Smith,31/01/1946,LB120602C,daniel.smith815@example.co.uk,07683984539,197 Green Street,Manchester,N/A,,Y,2024-01-13
P0001134,ORG,Daniel,Patel,06/07/1991,,daniel.patel4@example.co.uk,07145415982,66 Hall Street,Glasgow,G1 1XQ,499,Y,2008-11-06
P0001135,ORG,Daniel,Khan,03/01/1998,ZX616763B,daniel.khan851@example.co.uk,07313313615,119 Baker Street,Reading,RG1 1LX,364,Y,2010-09-12
P0001136,ORG,Fatima,Clarke,04/02/1994,GJ608512C,fatima.clarke570@example.co.uk,07620787752,123 Baker Street,Bristol,BS1 4ST,,Y,2013-03-26
P0001137,ORG,Emily,OBrien,13/03/1979,ZM711177A,emily.obrien188@example.co.uk,07578961845,207 Smith Street,Leeds,LS1 4AP,398,Y,2013-12-03
P0001138,PERSON,Emily,Walker,29/03/1999,XH210825A,emily.walker143@example.co.uk,07270036116,170 Smith Street,London,EC1A 1BB,35,Y,2022-10-24
P0001139,PERSON,Thomas,Brown,17/12/1988,YX724399D,thomas.brown967@example.co.uk,07220212598,22 Robinson Street,Manchester,M1 1AE,,N,2024-05-23
P0001140,PERSON,Aoife,Hughes,27/02/1996,CY518383C,aoife.hughes602@example.co.uk,07248434765,42 Brown Street,Bristol,BS1 4ST,,Y,2015-12-26
P0001141,PERSON,Sean,Hughes,30/11/1960,XH164712A,SEAN.HUGHES585@EXAMPLE.CO.UK,07150275089,108 Wright Street,Norwich,NR1 3QQ,284,Y,2022-12-13
P0001142,PERSON,Amelia,Wilson,12/12/1956,CH635715D,amelia.wilson390@example.co.uk,07733969324,70 Wilson Street,Reading,RG1 1LX,469,Y,2017-07-01
P0001143,ORG,Aoife,Hughes,30/06/1953,TB380110A,aoife.hughes475@example.co.uk,07346249012,183 Brown Street,Cardiff,CF10 1EP,,Y,2009-12-25
P0001144,PERSON,Daniel,Walker,03/02/1950,MY685302B,daniel.walker364@example.co.uk,07505216032,91 Brown Street,Cardiff,N/A,,N,2018-04-28
P0001145,ORG,Daniel,Clarke,20/04/1956,MR502370B,daniel.clarke300@example.co.uk,07756919472,110 Smith Street,London,EC1A 1BB,,Y,2019-06-23
P0001146,PERSON,Grace,Williams,23/10/1945,HP708171B,grace.williams455@example.co.uk,07536616671,71 Green Street,London,EC1A 1BB,,Y,2008-01-03
P0001147,PERSON,Sean,Baker,01/12/1959,BS244136C,sean.baker273@example.co.uk,07262498681,193 Hughes Street,York,YO1 6GA,,Y,2020-11-29
P0001148,PERSON,Amelia,Walker,23/12/1941,EZ893445B,amelia.walker639@example.co.uk,07911202337,154 Wilson Street,Manchester,M1 1AE,,N,2012-08-02
P0001149,PERSON,Fatima,Brown,14/11/1960,KB366875C,fatima.brown219@example.co.uk,07201356456,103 OBrien Street,Norwich,NR1 3QQ,,N,2023-09-16
P0001150,PERSON,James,Wilson,28/04/1972,ZE549752C,james.wilson929@example.co.uk,07307499118,179 Khan Street,Bristol,BS1 4ST,338,Y,2020-09-20
P0001151,ORG,Fatima,Clarke,01/09/1945,,fatima.clarke482@example.co.uk,07851828237,67 Hall Street,Norwich,NR1 3QQ,,Y,2024-11-20
P0001152,PERSON,Aoife,Jones,17/01/1989,EL183487D,AOIFE.JONES555@EXAMPLE.CO.UK,07655094022,218 Brown Street,London,EC1A 1BB,,N,2015-04-28
P0001153,PERSON,Chloe,Wilson,24/05/1975,XK832829D,chloe.wilson642@example.co.uk,07690077090,113 Khan Street,Cardiff,CF10 1EP,156,N,2016-07-19
P0001154,PERSON,Daniel,Khan,13/10/2001,BE230145B,daniel.khan914@example.co.uk,07829632319,47 Jones Street,Manchester,M1 1AE,,N,2018-09-18
P0001155,PERSON,Priya,Davies,12/07/2002,TC543004A,PRIYA.DAVIES952@EXAMPLE.CO.UK,07739957151,138 Green Street,Cardiff,CF10 1EP,,N,2012-08-23
P0001156,PERSON,Fatima,OBrien,19/04/1962,ZB497392D,FATIMA.OBRIEN421@EXAMPLE.CO.UK,07126600019,153 Baker Street,Birmingham,B1 1AA,280,Y,2011-01-18
P0001157,ORG,Grace,Hughes,25/01/1992,LY743186D,grace.hughes257@example.co.uk,07540728398,13 OBrien Street,Birmingham,M1  1AE,477,N,2013-11-17
P0001158,PERSON,Emily,Smith,17/11/1967,XA698957D,emily.smith323@example.co.uk,07431272329,197 OBrien Street,Cardiff,CF10 1EP,471,N,2012-04-24
P0001159,PERSON,Sean,Hall,04/08/1942,PR921327B,sean.hall436@example.co.uk,07297917845,198 Walker Street,Birmingham,B1 1AA,347,Y,2014-06-27
P0001160,PERSON,Oliver,Brown,28/07/1975,AS268049B,OLIVER.BROWN648@EXAMPLE.CO.UK,07263376073,76 Wilson Street,Glasgow,G1 1XQ,472,N,2018-02-19
P0001161,PERSON,Fatima,Wright,04/04/2002,CR129096A,FATIMA.WRIGHT673@EXAMPLE.CO.UK,07401646940,182 Brown Street,Norwich,NR1 3QQ,57,Y,2019-04-16
P0001162,PERSON,Thomas,Green,22/05/1986,XA213610D,thomas.green655@example.co.uk,07525288688,124 Wright Street,Cardiff,CF10 1EP,,N,2010-11-13
P0001163,PERSON,George,Taylor,06/07/1955,AL567785B,george.taylor592@example.co.uk,07538675806,203 Patel Street,Reading,RG1 1LX,,N,2022-04-28
P0001164,PERSON,Fatima,Taylor,18/03/1953,KW458770B,fatima.taylor748@example.co.uk,07847790627,151 Clarke Street,Manchester,M1 1AE,,N,2019-12-09
P0001165,PERSON,Oliver,Robinson,16/09/1989,MG229400B,oliver.robinson359@example.co.uk,07371890543,93 Patel Street,Birmingham,B1 1AA,,Y,2023-02-27
P0001166,PERSON,Fatima,Patel,29/05/1967,JC216815B,fatima.patel669@example.co.uk,07265532151,240 Robinson Street,Glasgow,G1 1XQ,442,Y,2020-01-19
P0001167,ORG,Chloe,Wright,14/03/2001,PJ354695C,chloe.wright963@example.co.uk,07828553386,191 Wilson Street,Reading,RG1 1LX,,Y,2008-09-08
P0001168,PERSON,George,Green,06/05/1988,AY163730A,george.green389@example.co.uk,07515564787,247 Davies Street,Birmingham,B1 1AA,,N,2013-09-19
P0001169,ORG,Mohammed,Johnson,23/12/1942,XX970049B,MOHAMMED.JOHNSON396@EXAMPLE.CO.UK,07346356379,85 Davies Street,Reading,RG1 1LX,,N,2008-04-06
P0001170,PERSON,Oliver,Brown,05/03/1986,CS462115B,OLIVER.BROWN71@EXAMPLE.CO.UK,07373152725,235 Murphy Street,Cardiff,CF10 1EP,216,Y,2017-08-03
P0001171,PERSON,Oliver,Green,11/11/1958,ZJ572211A,OLIVER.GREEN840@EXAMPLE.CO.UK,07836845027,167 OBrien Street,York,YO1 6GA,,Y,2021-05-12
P0001172,PERSON,Sophie,Williams,22/02/1988,PZ707418D,sophie.williams468@example.co.uk,07666606892,132 Williams Street,York,YO1 6GA,,N,2023-06-28
P0001173,PERSON,Chloe,Jones,17/06/1967,LT814105B,CHLOE.JONES323@EXAMPLE.CO.UK,07349699944,10 Taylor Street,Norwich,NR1 3QQ,29,N,2021-06-01
P0001174,ORG,Aoife,Clarke,27/09/2003,KZ571366B,aoife.clarke259@example.co.uk,07355837418,146 Brown Street,Birmingham,B1 1AA,248,Y,2010-07-12
P0001175,PERSON,Aoife,Wright,12/09/1942,WX151774B,AOIFE.WRIGHT402@EXAMPLE.CO.UK,07230058682,12 Brown Street,Birmingham,B1 1AA,,Y,2013-02-27
P0001176,PERSON,Emily,Smith,17/06/1941,AX982140D,emily.smith65@example.co.uk,07230677293,3 Green Street,York,YO1 6GA,,Y,2014-08-17
P0001177,ORG,George,Murphy,04/06/1974,XM434836B,george.murphy816@example.co.uk,07191324301,151 Hughes Street,Manchester,M1 1AE,20,N,2018-10-28
P0001178,PERSON,Thomas,Walker,16/05/1989,YN972475A,THOMAS.WALKER657@EXAMPLE.CO.UK,07313197600,188 Smith Street,Birmingham,B1 1AA,291,Y,2024-11-09
P0001179,ORG,Wei,Wilson,24/04/1940,SC447505A,wei.wilson379@example.co.uk,07149475018,112 Walker Street,Bristol,BS1 4ST,,N,2022-12-28
P0001180,ORG,Wei,Walker,07/02/1964,CC838281B,wei.walker95@example.co.uk,07101702569,207 Robinson Street,Manchester,M1  1AE,,Y,2010-04-03
P0001181,PERSON,Wei,Hall,23/01/1993,,wei.hall276@example.co.uk,07916267975,50 Walker Street,Reading,RG1 1LX,167,Y,2012-07-15
P0001182,PERSON,Grace,Green,19/08/1952,PT923039A,grace.green387@example.co.uk,07679751450,111 Green Street,York,YO1 6GA,,Y,2022-04-01
P0001183,PERSON,Daniel,Brown,22/05/1982,,daniel.brown542@example.co.uk,07560371446,47 Murphy Street,Norwich,NR1 3QQ,188,Y,2009-09-27
P0001184,PERSON,Daniel,Robinson,29/10/1973,RP576632B,daniel.robinson24@example.co.uk,07425049214,21 Green Street,Reading,RG1 1LX,232,N,2020-10-26
P0001185,PERSON,Priya,Williams,14/07/1946,ET610297D,PRIYA.WILLIAMS803@EXAMPLE.CO.UK,07196864759,172 Williams Street,Norwich,NR1 3QQ,,Y,2016-08-20
P0001186,PERSON,Chloe,Wilson,11/09/1946,LC738112D,chloe.wilson99@example.co.uk,07567874903,69 Wilson Street,York,YO1 6GA,447,Y,2021-07-12
P0001187,PERSON,Ingrid,OBrien,14/12/1985,LP379341B,INGRID.OBRIEN602@EXAMPLE.CO.UK,07694372055,89 Khan Street,Manchester,M1 1AE,,Y,2009-01-06
P0001188,PERSON,Mohammed,Walker,17/05/1985,OW970847A,mohammed.walker130@example.co.uk,07119393727,241 Jones Street,London,EC1A 1BB,412,Y,2016-12-15
P0001189,PERSON,Isla,OBrien,13/10/1976,TH627537B,isla.obrien282@example.co.uk,07756084755,84 Patel Street,London,EC1A 1BB,,Y,2009-12-29
P0001190,PERSON,Ingrid,Hughes,28/06/1998,KC242868D,INGRID.HUGHES969@EXAMPLE.CO.UK,07682231056,237 Murphy Street,York,YO1 6GA,291,Y,2009-06-23
P0001191,PERSON,Oliver,Murphy,17/06/1990,ZH984830D,oliver.murphy657@example.co.uk,07217260447,209 Taylor Street,London,EC1A 1BB,68,Y,2017-08-02
P0001192,PERSON,Amelia,Jones,16/07/1972,,amelia.jones233@example.co.uk,07969367941,111 Baker Street,Norwich,N/A,406,Y,2008-04-30
P0001193,PERSON,James,Wright,02/01/1963,NM338030B,james.wright928@example.co.uk,07660389049,120 Walker Street,Manchester,M1 1AE,,Y,2020-11-07
P0001194,ORG,George,Walker,01/12/1970,RC754736B,george.walker135@example.co.uk,07317094040,207 Khan Street,Reading,RG1 1LX,320,N,2009-11-08
P0001195,PERSON,George,Taylor,09/03/1943,PK817857B,GEORGE.TAYLOR265@EXAMPLE.CO.UK,07418654274,55 Murphy Street,Glasgow,,,Y,2019-10-02
P0001196,PERSON,Isla,OBrien,31/07/1953,RB881537D,isla.obrien431@example.co.uk,07731667288,141 Davies Street,York,YO1 6GA,355,N,2013-08-21
P0001197,PERSON,Grace,Green,27/02/1985,PM525608B,grace.green200@example.co.uk,07455245683,86 Jones Street,York,YO1 6GA,,Y,2017-12-18
P0001198,PERSON,Thomas,Jones,20/04/1975,PH315996B,thomas.jones369@example.co.uk,07110450911,153 Jones Street,Norwich,NR1 3QQ,189,Y,2015-06-23
P0001199,PERSON,Mohammed,Brown,24/10/1943,KE187382A,mohammed.brown506@example.co.uk,07644935123,241 Clarke Street,Bristol,BS1 4ST,94,Y,2023-05-27
P0001200,PERSON,James,Williams,22/06/1969,HH764635A,james.williams825@example.co.uk,07766774890,95 Davies Street,Bristol,BS1 4ST,198,Y,2014-01-04
P0001201,PERSON,Amelia,Wilson,22/01/1940,YP162412A,AMELIA.WILSON915@EXAMPLE.CO.UK,07548481302,195 Jones Street,Manchester,M1 1AE,,Y,2010-06-28
P0001202,PERSON,Mohammed,Johnson,18/07/2004,YL561535C,MOHAMMED.JOHNSON953@EXAMPLE.CO.UK,07403353059,12 Wright Street,Birmingham,B1 1AA,151,Y,2017-12-07
P0001203,PERSON,George,Williams,07/08/1981,OA341801A,GEORGE.WILLIAMS610@EXAMPLE.CO.UK,07521626653,74 Hall Street,York,,481,Y,2014-10-26
P0001204,PERSON,James,Johnson,26/11/2001,BJ549218A,james.johnson919@example.co.uk,07850255295,249 Khan Street,Reading,RG1 1LX,,Y,2020-03-04
P0001205,PERSON,Grace,Hall,31/05/1948,HY476621C,grace.hall979@example.co.uk,07361596769,233 Murphy Street,Leeds,LS1 4AP,,Y,2015-08-21
P0001206,ORG,Harry,Jones,01/06/1972,YA775414A,harry.jones398@example.co.uk,07560069558,242 Green Street,Manchester,M1  1AE,,Y,2020-04-05
P0001207,PERSON,Wei,Robinson,02/11/1982,WL828118B,wei.robinson270@example.co.uk,07333865216,170 Johnson Street,London,EC1A 1BB,46,Y,2014-06-25
P0001208,PERSON,Grace,Baker,13/09/2002,SR895620B,grace.baker987@example.co.uk,07108643561,56 Wilson Street,Glasgow,G1 1XQ,356,Y,2008-03-31
P0001209,PERSON,Amelia,Wright,24/01/1959,ET663335C,AMELIA.WRIGHT389@EXAMPLE.CO.UK,07165657494,161 Wilson Street,Glasgow,G1 1XQ,340,Y,2020-11-04
P0001210,PERSON,Harry,Davies,09/11/1959,BZ141768D,harry.davies316@example.co.uk,07149816092,92 Davies Street,Glasgow,G1 1XQ,186,Y,2020-02-18
P0001211,PERSON,Aoife,Walker,16/10/1985,KG746202A,AOIFE.WALKER260@EXAMPLE.CO.UK,07828360188,86 Robinson Street,Leeds,EC1A1BB,95,Y,2020-08-13
P0001212,PERSON,Aoife,Green,22/06/1980,YS426825B,aoife.green332@example.co.uk,07347975484,245 Davies Street,Reading,RG1 1LX,189,Y,2012-01-07
P0001213,PERSON,James,Williams,18/01/1981,SA828658B,JAMES.WILLIAMS379@EXAMPLE.CO.UK,07577726708,30 Taylor Street,Glasgow,G1 1XQ,,N,2011-08-20
P0001214,ORG,Isla,Green,19/07/1940,ZH170805C,isla.green186@example.co.uk,07663105566,202 Brown Street,Leeds,LS1 4AP,147,Y,2018-12-18
P0001215,PERSON,James,Murphy,26/09/1990,XP448458A,james.murphy97@example.co.uk,07436024657,146 Robinson Street,Cardiff,CF10 1EP,111,Y,2018-07-20
P0001216,PERSON,Emily,Brown,31/03/1974,KW660965B,EMILY.BROWN570@EXAMPLE.CO.UK,07503123168,156 Williams Street,York,EC1A1BB,376,Y,2021-01-18
P0001217,PERSON,Ingrid,Wilson,02/09/1985,,INGRID.WILSON283@EXAMPLE.CO.UK,07651810560,36 Wilson Street,Glasgow,G1 1XQ,,N,2018-09-10
P0001218,PERSON,Emily,Smith,03/11/1944,KG794666B,EMILY.SMITH182@EXAMPLE.CO.UK,07195219997,72 Patel Street,York,YO1 6GA,454,Y,2014-04-02
P0001219,ORG,George,Williams,02/02/1987,YJ835157A,george.williams766@example.co.uk,07889972571,161 Smith Street,Manchester,M1 1AE,,Y,2022-03-22
P0001220,PERSON,George,Jones,06/11/1964,TP991799B,george.jones960@example.co.uk,07210848185,63 Murphy Street,Birmingham,B1 1AA,,N,2008-12-05
P0001221,PERSON,Harry,Hughes,23/05/1948,AB461165B,harry.hughes428@example.co.uk,07572414583,117 Robinson Street,Glasgow,G1 1XQ,171,Y,2021-02-09
P0001222,PERSON,Sophie,Hall,14/03/1988,ZC535904A,sophie.hall230@example.co.uk,07506003375,222 Hall Street,Birmingham,B1 1AA,,Y,2011-07-27
P0001223,PERSON,Daniel,Hughes,28/07/1959,LC750210D,daniel.hughes123@example.co.uk,07261958664,146 Taylor Street,London,EC1A 1BB,377,N,2012-07-21
P0001224,PERSON,Sophie,Walker,05/09/1983,RR582874A,sophie.walker15@example.co.uk,07852076914,101 Williams Street,York,M1  1AE,154,Y,2019-06-27
P0001225,PERSON,Wei,Murphy,12/06/1972,MB562396D,wei.murphy62@example.co.uk,07310826170,176 Khan Street,Bristol,BS1 4ST,429,Y,2012-03-24
P0001226,PERSON,Isla,Baker,24/05/1977,JG987629B,isla.baker353@example.co.uk,07565832017,226 Brown Street,London,EC1A 1BB,224,Y,2011-04-18
P0001227,PERSON,Thomas,Johnson,12/11/1976,XN379503B,THOMAS.JOHNSON682@EXAMPLE.CO.UK,07652641052,218 Hughes Street,Birmingham,B1 1AA,496,Y,2008-11-17
P0001228,PERSON,Aoife,Wright,20/04/1993,KM960525A,aoife.wright974@example.co.uk,07712992364,175 Clarke Street,Reading,RG1 1LX,300,Y,2012-07-04
P0001229,ORG,Aoife,OBrien,24/06/1961,SH483394A,aoife.obrien909@example.co.uk,07353242247,58 Davies Street,Birmingham,B1 1AA,,Y,2012-07-15
P0001230,PERSON,Oliver,Davies,16/12/1946,OL487758D,oliver.davies81@example.co.uk,07519193428,235 Baker Street,Glasgow,G1 1XQ,381,Y,2019-03-14
P0001231,ORG,Mohammed,Robinson,04/01/1976,NJ478003B,mohammed.robinson601@example.co.uk,07705931484,121 Patel Street,Bristol,BS1 4ST,,Y,2024-04-30
P0001232,ORG,Chloe,Hughes,19/04/1974,HN399421C,CHLOE.HUGHES986@EXAMPLE.CO.UK,07849194074,233 Smith Street,Manchester,M1 1AE,,Y,2021-11-13
P0001233,PERSON,Grace,Hughes,08/11/1947,OZ499808D,grace.hughes835@example.co.uk,07579623601,47 Brown Street,Glasgow,G1 1XQ,300,N,2013-05-16
P0001234,PERSON,James,Robinson,10/10/1964,LH503498A,james.robinson140@example.co.uk,07406999141,14 Patel Street,Leeds,LS1 4AP,336,Y,2021-02-01
P0001235,PERSON,George,Davies,14/02/1954,MJ853291A,george.davies964@example.co.uk,07543078754,57 Robinson Street,Cardiff,CF10 1EP,,Y,2023-04-08
P0001236,PERSON,James,Smith,03/12/1987,HG226088A,james.smith662@example.co.uk,07689465789,115 Taylor Street,Manchester,M1 1AE,,N,2020-06-28
P0001237,PERSON,Thomas,OBrien,12/01/1954,HS630040D,THOMAS.OBRIEN215@EXAMPLE.CO.UK,07830441124,167 Wright Street,Glasgow,G1 1XQ,,Y,2019-02-25
P0001238,PERSON,George,Wilson,22/02/1998,GK566311D,george.wilson957@example.co.uk,07719876220,111 Clarke Street,London,EC1A 1BB,,Y,2017-02-13
P0001239,PERSON,George,Johnson,27/12/1981,OG953196D,george.johnson4@example.co.uk,07167518831,7 Murphy Street,Manchester,M1 1AE,,Y,2019-08-23
P0001240,PERSON,Oliver,Jones,09/04/1942,CM295358C,oliver.jones943@example.co.uk,07309237446,31 Walker Street,Birmingham,B1 1AA,321,Y,2014-10-02
P0001241,PERSON,Isla,Baker,09/02/2002,CW272468A,ISLA.BAKER811@EXAMPLE.CO.UK,07312725013,97 Hall Street,Manchester,M1 1AE,,Y,2023-11-27
P0001242,PERSON,Harry,Hughes,21/01/1975,TK460678B,harry.hughes181@example.co.uk,07760748777,91 Johnson Street,London,EC1A 1BB,,N,2011-04-30
P0001243,PERSON,Emily,Williams,30/05/1997,ZH101493C,emily.williams710@example.co.uk,07608611547,177 Davies Street,Norwich,NR1 3QQ,,N,2013-01-21
P0001244,ORG,Harry,Davies,20/12/1977,CB678003D,HARRY.DAVIES438@EXAMPLE.CO.UK,07301259541,100 Hall Street,Manchester,M1 1AE,,Y,2010-09-16
P0001245,PERSON,Sean,Wilson,07/12/1957,EP776128B,sean.wilson391@example.co.uk,07699444096,174 Green Street,London,EC1A 1BB,42,Y,2012-02-07
P0001246,PERSON,Amelia,Wright,08/10/1999,LR601718B,amelia.wright813@example.co.uk,07909334673,68 Williams Street,Cardiff,CF10 1EP,,Y,2012-11-10
P0001247,PERSON,Harry,Williams,24/06/1954,GP687426B,harry.williams942@example.co.uk,07814042660,176 Wilson Street,York,EC1A1BB,,Y,2015-12-07
P0001248,PERSON,Wei,Jones,28/10/1973,BR354010D,wei.jones188@example.co.uk,07362682448,18 Brown Street,Reading,RG1 1LX,322,Y,2014-02-02
P0001249,PERSON,Wei,Wright,27/09/1964,ME784931C,WEI.WRIGHT108@EXAMPLE.CO.UK,07808660307,19 Davies Street,Leeds,,,N,2011-11-30
P0001250,PERSON,Wei,Jones,21/08/1985,TP504872A,wei.jones804@example.co.uk,07397264190,203 Wright Street,Bristol,BS1 4ST,,Y,2015-02-21
P0001251,PERSON,Thomas,Baker,10/07/1946,RL175519A,thomas.baker819@example.co.uk,07822875673,88 OBrien Street,Birmingham,B1 1AA,,Y,2008-05-18
P0001252,PERSON,Daniel,Taylor,11/09/1991,XW475130B,DANIEL.TAYLOR739@EXAMPLE.CO.UK,07962674381,1 Williams Street,Cardiff,CF10 1EP,440,Y,2011-10-14
P0001253,PERSON,Fatima,Wilson,23/10/1999,CG422417A,fatima.wilson16@example.co.uk,07713722504,63 Walker Street,Manchester,M1 1AE,,N,2021-11-29
P0001254,PERSON,Wei,Robinson,22/09/1987,JC272987D,wei.robinson581@example.co.uk,07619554385,60 Taylor Street,Norwich,NR1 3QQ,190,N,2012-02-27
P0001255,PERSON,Harry,Robinson,30/06/1998,WY751834D,harry.robinson399@example.co.uk,07551354463,91 Davies Street,London,EC1A 1BB,,N,2012-08-30
P0001256,PERSON,Daniel,Khan,19/03/1958,JA637389C,DANIEL.KHAN119@EXAMPLE.CO.UK,07233884025,38 Jones Street,Reading,RG1 1LX,,Y,2021-02-22
P0001257,PERSON,Amelia,Murphy,09/02/1942,YT938379C,amelia.murphy794@example.co.uk,07863394412,13 Smith Street,Glasgow,G1 1XQ,204,Y,2020-08-02
P0001258,PERSON,Lars,Clarke,20/06/1967,YT721895D,lars.clarke317@example.co.uk,07195591888,108 Johnson Street,York,YO1 6GA,206,Y,2015-10-18
P0001259,PERSON,Fatima,Jones,19/01/1963,KW308855A,fatima.jones879@example.co.uk,07514594184,250 Patel Street,Glasgow,M1  1AE,,Y,2021-10-29
P0001260,PERSON,Emily,Robinson,07/08/1979,YR333559C,EMILY.ROBINSON81@EXAMPLE.CO.UK,07845951520,95 Baker Street,Manchester,M1 1AE,,Y,2008-03-06
P0001261,PERSON,Emily,Murphy,19/05/1971,RM346174A,emily.murphy113@example.co.uk,07759365013,75 Hughes Street,Birmingham,B1 1AA,226,Y,2020-07-20
P0001262,PERSON,Daniel,OBrien,17/11/1994,MN890331C,daniel.obrien403@example.co.uk,07413704286,191 Davies Street,Glasgow,G1 1XQ,,Y,2013-10-09
P0001263,PERSON,Amelia,Khan,26/11/1994,ZK974285C,AMELIA.KHAN125@EXAMPLE.CO.UK,07584139882,73 Davies Street,Cardiff,CF10 1EP,,Y,2014-01-17
P0001264,PERSON,Fatima,Patel,16/07/1941,WS234536D,fatima.patel539@example.co.uk,07334640805,148 Green Street,York,YO1 6GA,,Y,2019-09-19
P0001265,PERSON,Daniel,Patel,12/12/1948,YT235359A,daniel.patel256@example.co.uk,07223634420,221 Wright Street,Birmingham,B1 1AA,,N,2018-09-28
P0001266,PERSON,Mohammed,Khan,10/07/1986,NW939230B,mohammed.khan357@example.co.uk,07234927412,10 Davies Street,Leeds,LS1 4AP,,Y,2014-10-08
P0001267,PERSON,Thomas,Baker,31/10/1978,KZ157260A,THOMAS.BAKER869@EXAMPLE.CO.UK,07891666319,224 Murphy Street,Bristol,BS1 4ST,444,Y,2010-07-29
P0001268,PERSON,George,Robinson,26/11/1969,JN710638C,george.robinson880@example.co.uk,07606111764,247 Smith Street,Cardiff,CF10 1EP,358,Y,2017-08-25
P0001269,PERSON,Amelia,Baker,05/09/1994,LN515811D,AMELIA.BAKER224@EXAMPLE.CO.UK,07177823712,58 Green Street,Manchester,M1 1AE,220,Y,2009-01-28
P0001270,PERSON,George,Khan,20/06/1956,KJ425087D,GEORGE.KHAN196@EXAMPLE.CO.UK,07384673797,105 Johnson Street,Cardiff,CF10 1EP,,Y,2008-06-02
P0001271,PERSON,Grace,Davies,04/07/1999,PY971571A,GRACE.DAVIES462@EXAMPLE.CO.UK,07949834147,231 OBrien Street,Reading,RG1 1LX,,N,2011-02-27
P0001272,PERSON,Daniel,Patel,21/03/1974,CW559437C,DANIEL.PATEL772@EXAMPLE.CO.UK,07382926639,49 Jones Street,Reading,RG1 1LX,,Y,2015-02-22
P0001273,PERSON,Oliver,Williams,27/06/1960,ZL542629D,oliver.williams550@example.co.uk,07581525620,193 OBrien Street,Glasgow,G1 1XQ,83,N,2024-11-27
P0001274,PERSON,Emily,Johnson,13/01/1958,GA240972C,emily.johnson137@example.co.uk,07215757024,56 Johnson Street,York,YO1 6GA,,N,2013-02-24
P0001275,PERSON,James,Davies,12/09/1957,RT482940A,james.davies260@example.co.uk,07558346197,37 Wright Street,Cardiff,CF10 1EP,441,Y,2015-10-16
P0001276,PERSON,Mohammed,Davies,30/01/1945,,mohammed.davies178@example.co.uk,07347852194,189 Baker Street,Bristol,BS1 4ST,,Y,2013-10-17
P0001277,ORG,Ingrid,Wilson,30/01/1961,BG666423C,ingrid.wilson30@example.co.uk,07958515558,149 Smith Street,Leeds,LS1 4AP,,Y,2024-02-05
P0001278,PERSON,Emily,Wilson,20/05/1999,,emily.wilson817@example.co.uk,07875469593,106 Patel Street,Birmingham,B1 1AA,37,Y,2020-04-03
P0001279,PERSON,Lars,Brown,23/09/1982,ZH376519A,lars.brown658@example.co.uk,07787000175,139 Davies Street,Norwich,NR1 3QQ,,Y,2017-11-19
P0001280,ORG,Harry,Wright,03/06/1996,NB941654C,harry.wright152@example.co.uk,07914164144,137 Khan Street,Glasgow,G1 1XQ,382,N,2019-05-17
P0001281,PERSON,Harry,Davies,21/07/1983,,HARRY.DAVIES256@EXAMPLE.CO.UK,07239576487,22 Taylor Street,Leeds,LS1 4AP,,N,2010-09-03
P0001282,ORG,Sean,Robinson,25/01/1986,ZB802136A,sean.robinson43@example.co.uk,07153132768,221 Wright Street,Leeds,LS1 4AP,283,Y,2008-10-22
P0001283,PERSON,Isla,Hall,20/07/1953,OH727234C,isla.hall361@example.co.uk,07920680315,29 Wright Street,Manchester,M1 1AE,16,Y,2011-12-08
P0001284,PERSON,Harry,Wright,16/10/1974,AP998792C,HARRY.WRIGHT767@EXAMPLE.CO.UK,07221318733,97 Wilson Street,Bristol,BS1 4ST,,Y,2015-03-10
P0001285,PERSON,Thomas,Baker,16/12/1997,,thomas.baker392@example.co.uk,07309918689,52 Khan Street,Leeds,LS1 4AP,,Y,2017-12-06
P0001286,PERSON,James,Khan,20/01/1985,AL587194A,james.khan861@example.co.uk,07111085734,221 Murphy Street,York,YO1 6GA,,Y,2016-06-19
P0001287,PERSON,Sean,Murphy,27/05/1946,ZH516558D,sean.murphy627@example.co.uk,07324630093,41 Hall Street,Glasgow,G1 1XQ,309,N,2017-04-15
P0001288,PERSON,Isla,Patel,05/08/1956,OZ261072A,isla.patel464@example.co.uk,07528817558,90 Green Street,Norwich,NR1 3QQ,,Y,2021-07-23
P0001289,PERSON,Harry,Smith,07/09/1998,EC438249D,HARRY.SMITH378@EXAMPLE.CO.UK,07262816584,152 OBrien Street,Reading,RG1 1LX,98,Y,2022-11-29
P0001290,PERSON,Daniel,Clarke,12/11/1960,RH966824C,daniel.clarke447@example.co.uk,07293150464,11 Walker Street,Leeds,LS1 4AP,389,Y,2015-07-09
P0001291,PERSON,Thomas,Hall,22/02/1986,KY897214A,THOMAS.HALL28@EXAMPLE.CO.UK,07716216813,137 Davies Street,York,YO1 6GA,35,N,2011-07-10
P0001292,PERSON,Amelia,Taylor,10/11/1955,OM636201A,amelia.taylor871@example.co.uk,07678023583,40 Walker Street,Birmingham,B1 1AA,,Y,2020-01-07
P0001293,PERSON,Ingrid,Clarke,24/09/1966,LY663330A,ingrid.clarke916@example.co.uk,07428129811,193 Williams Street,London,EC1A 1BB,430,N,2023-02-10
P0001294,ORG,James,Jones,31/10/1974,WW356431C,james.jones182@example.co.uk,07933157493,189 Clarke Street,Reading,RG1 1LX,,Y,2014-04-27
P0001295,PERSON,Wei,Khan,27/08/1950,EG849584D,wei.khan611@example.co.uk,07292248833,20 Johnson Street,Cardiff,CF10 1EP,,Y,2014-11-08
P0001296,PERSON,Amelia,Jones,04/07/1965,MW635906A,AMELIA.JONES168@EXAMPLE.CO.UK,07760348367,115 Williams Street,Reading,RG1 1LX,16,N,2017-02-10
P0001297,PERSON,Daniel,Hall,18/04/1993,WJ216280A,DANIEL.HALL628@EXAMPLE.CO.UK,07563846788,109 Walker Street,Bristol,BS1 4ST,264,Y,2023-06-08
P0001298,PERSON,Emily,Smith,06/08/1945,JY515267B,emily.smith6@example.co.uk,07104132664,83 Jones Street,Glasgow,G1 1XQ,,Y,2012-01-10
P0001299,PERSON,Thomas,Davies,02/07/1987,HS983374B,thomas.davies921@example.co.uk,07706186569,197 Hall Street,Leeds,LS1 4AP,,Y,2018-02-12
P0001300,PERSON,Wei,Green,29/07/2002,KH984826B,wei.green443@example.co.uk,07638590681,157 Clarke Street,Birmingham,B1 1AA,,Y,2012-07-27
P0001301,PERSON,George,Wright,23/07/1976,XR285632D,george.wright922@example.co.uk,07366107754,112 Green Street,Manchester,M1 1AE,,Y,2010-06-09
P0001302,PERSON,James,Taylor,12/01/1957,ZG203965B,james.taylor159@example.co.uk,07300612515,119 Hall Street,York,YO1 6GA,,N,2009-06-02
P0001303,PERSON,Sean,Wright,10/03/1969,EB543014C,sean.wright726@example.co.uk,07279366591,2 Green Street,London,EC1A 1BB,,Y,2022-09-03
P0001304,PERSON,Thomas,Davies,25/09/1946,SX828543A,thomas.davies637@example.co.uk,07737180756,108 Baker Street,Birmingham,B1 1AA,235,N,2022-06-05
P0001305,PERSON,Isla,Green,24/02/2002,GR495177C,isla.green307@example.co.uk,07982589275,103 Green Street,Glasgow,G1 1XQ,,Y,2011-10-31
P0001306,PERSON,Chloe,Murphy,25/07/1991,WZ692974B,chloe.murphy850@example.co.uk,07339998152,155 Patel Street,Manchester,M1 1AE,,Y,2022-02-02
P0001307,PERSON,James,Robinson,21/09/1966,TG901984D,james.robinson908@example.co.uk,07426968135,17 Robinson Street,Birmingham,B1 1AA,322,Y,2016-11-20
P0001308,PERSON,Ingrid,Smith,16/06/1990,TL686311C,ingrid.smith4@example.co.uk,07713083580,73 Clarke Street,York,YO1 6GA,,Y,2019-06-02
P0001309,PERSON,George,Hall,22/03/1985,SX760512C,GEORGE.HALL868@EXAMPLE.CO.UK,07887134505,149 Green Street,Bristol,BS1 4ST,430,N,2010-05-25
P0001310,PERSON,Wei,Khan,01/06/1992,HX945365D,wei.khan547@example.co.uk,07450756034,248 Wilson Street,London,EC1A 1BB,,Y,2008-09-14
P0001311,PERSON,Emily,Clarke,08/07/1952,BA980664B,EMILY.CLARKE985@EXAMPLE.CO.UK,07995032341,65 Murphy Street,Norwich,M1  1AE,370,Y,2012-12-19
P0001312,PERSON,James,Green,30/05/1988,,james.green587@example.co.uk,07815925186,209 Green Street,York,YO1 6GA,,Y,2021-11-17
P0001313,PERSON,Chloe,Wright,01/07/1963,AG568795C,chloe.wright854@example.co.uk,07150727105,1 Johnson Street,Manchester,M1 1AE,,Y,2015-09-26
P0001314,PERSON,Wei,Clarke,18/02/1949,OR407006A,wei.clarke607@example.co.uk,07923832833,145 Johnson Street,Reading,RG1 1LX,,N,2020-02-21
P0001315,PERSON,Grace,Walker,07/04/1980,AE656604D,GRACE.WALKER584@EXAMPLE.CO.UK,07790135801,206 Jones Street,London,EC1A 1BB,,Y,2022-02-25
P0001316,ORG,George,Walker,28/05/1973,LG730669A,george.walker910@example.co.uk,07394483082,171 OBrien Street,Manchester,,,N,2020-07-12
P0001317,PERSON,Wei,Murphy,15/10/1954,NP740975D,wei.murphy309@example.co.uk,07247024266,81 Walker Street,London,EC1A 1BB,,N,2012-02-18
P0001318,ORG,Emily,Brown,20/08/1994,MT931655A,EMILY.BROWN9@EXAMPLE.CO.UK,07429964279,123 Clarke Street,Glasgow,G1 1XQ,326,Y,2014-06-21
P0001319,PERSON,Mohammed,Murphy,01/08/1993,KY336164C,MOHAMMED.MURPHY229@EXAMPLE.CO.UK,07991674621,21 Williams Street,Reading,RG1 1LX,,Y,2024-05-05
P0001320,PERSON,Priya,Johnson,12/02/1949,CC851966D,PRIYA.JOHNSON171@EXAMPLE.CO.UK,07936231141,164 Williams Street,Reading,ZZ99 9ZZ,,Y,2018-05-23
P0001321,PERSON,Ingrid,Wilson,08/03/1978,OY436577C,ingrid.wilson791@example.co.uk,07283576774,47 Baker Street,Bristol,BS1 4ST,140,Y,2011-10-27
P0001322,PERSON,Priya,Williams,13/12/2003,TP744819A,priya.williams880@example.co.uk,07158775691,87 Jones Street,Glasgow,G1 1XQ,46,Y,2022-04-13
P0001323,PERSON,Oliver,Murphy,05/09/1967,KP769650B,oliver.murphy614@example.co.uk,07251554443,77 Robinson Street,Manchester,M1 1AE,395,N,2024-05-30
P0001324,PERSON,Grace,Brown,19/05/1981,SJ372585C,grace.brown122@example.co.uk,07747503441,53 Jones Street,Glasgow,G1 1XQ,,Y,2018-12-14
P0001325,PERSON,Sean,Green,19/09/1942,CJ351286B,sean.green228@example.co.uk,07140195056,132 Wright Street,Leeds,LS1 4AP,312,Y,2011-12-05
P0001326,PERSON,Aoife,Taylor,20/08/1971,,aoife.taylor814@example.co.uk,07566857508,48 OBrien Street,Birmingham,B1 1AA,474,Y,2015-01-11
P0001327,PERSON,Emily,Brown,09/12/1979,NK606075A,EMILY.BROWN709@EXAMPLE.CO.UK,07706154167,222 Brown Street,Bristol,BS1 4ST,,Y,2023-05-18
P0001328,PERSON,Ingrid,Johnson,30/03/1966,PH721270D,ingrid.johnson286@example.co.uk,07170120064,80 Davies Street,Cardiff,CF10 1EP,473,Y,2016-11-18
P0001329,PERSON,Harry,Baker,29/03/1994,NB739202A,harry.baker590@example.co.uk,07220436830,13 Green Street,Bristol,BS1 4ST,,Y,2015-08-19
P0001330,PERSON,Ingrid,Davies,21/10/1991,NH199824A,ingrid.davies18@example.co.uk,07539803308,170 Hughes Street,York,YO1 6GA,,Y,2014-06-13
P0001331,PERSON,Emily,Khan,23/12/1974,ZT711150C,emily.khan284@example.co.uk,07702412114,234 Murphy Street,York,YO1 6GA,,N,2018-12-30
P0001332,PERSON,Mohammed,Baker,08/04/1971,YB287852B,MOHAMMED.BAKER773@EXAMPLE.CO.UK,07900144258,150 Robinson Street,York,YO1 6GA,,N,2021-08-30
P0001333,PERSON,Amelia,Williams,05/11/1966,CT115087C,amelia.williams542@example.co.uk,07668139243,77 Patel Street,York,YO1 6GA,368,N,2010-03-21
P0001334,PERSON,Thomas,Johnson,03/03/1978,CH861391B,thomas.johnson509@example.co.uk,07325399930,136 Hughes Street,Birmingham,B1 1AA,447,Y,2017-09-28
P0001335,ORG,Aoife,Brown,08/05/1947,CL452908A,aoife.brown592@example.co.uk,07124335199,189 Hall Street,Leeds,LS1 4AP,13,Y,2024-02-25
P0001336,PERSON,Daniel,Wilson,14/06/1949,RS713627B,DANIEL.WILSON456@EXAMPLE.CO.UK,07947524432,96 Taylor Street,Norwich,NR1 3QQ,,Y,2022-09-26
P0001337,PERSON,Mohammed,Hughes,22/04/1988,NJ232683D,MOHAMMED.HUGHES769@EXAMPLE.CO.UK,07899307594,32 Brown Street,London,EC1A 1BB,39,Y,2021-02-09
P0001338,PERSON,Amelia,Smith,21/04/1962,GN466542A,AMELIA.SMITH982@EXAMPLE.CO.UK,07558049581,11 Baker Street,York,YO1 6GA,,Y,2019-11-29
P0001339,PERSON,Mohammed,Green,24/01/1949,GM322484D,MOHAMMED.GREEN877@EXAMPLE.CO.UK,07174817032,232 OBrien Street,York,YO1 6GA,158,N,2019-11-28
P0001340,PERSON,Ingrid,Johnson,04/01/1974,OX855629D,ingrid.johnson776@example.co.uk,07324396789,91 Davies Street,Cardiff,CF10 1EP,,N,2009-05-09
P0001341,PERSON,James,OBrien,07/11/1988,KC782268C,james.obrien330@example.co.uk,07980909985,97 Davies Street,Cardiff,CF10 1EP,,Y,2020-09-27
P0001342,PERSON,Emily,Murphy,08/02/1971,ZB792085B,emily.murphy809@example.co.uk,07357681067,121 Wright Street,Manchester,M1 1AE,,Y,2008-08-18
P0001343,PERSON,Emily,Green,02/05/1993,HX186200D,emily.green432@example.co.uk,07375333978,18 Walker Street,Cardiff,CF10 1EP,157,Y,2010-05-08
P0001344,PERSON,Chloe,Robinson,02/01/1969,MS968467C,CHLOE.ROBINSON650@EXAMPLE.CO.UK,07500833163,247 Brown Street,Leeds,LS1 4AP,,Y,2023-01-04
P0001345,PERSON,Aoife,Green,10/02/1940,RJ542730B,aoife.green139@example.co.uk,07646652839,224 Brown Street,Norwich,NR1 3QQ,351,Y,2013-10-24
P0001346,PERSON,Thomas,Robinson,31/05/1950,AZ531763A,thomas.robinson542@example.co.uk,07531785885,67 Hall Street,Reading,RG1 1LX,,Y,2023-07-10
P0001347,PERSON,James,Baker,01/08/1955,WT902434C,james.baker178@example.co.uk,07910029537,246 Murphy Street,York,YO1 6GA,290,Y,2023-11-09
P0001348,PERSON,Isla,OBrien,26/03/1988,JA772979D,isla.obrien767@example.co.uk,07701242434,31 Brown Street,Norwich,NR1 3QQ,,N,2014-01-28
P0001349,PERSON,Oliver,Johnson,15/05/1967,WW315531D,oliver.johnson970@example.co.uk,07902528481,92 Hughes Street,Leeds,LS1 4AP,,Y,2013-04-01
P0001350,PERSON,George,Clarke,22/06/1965,AA752936A,george.clarke780@example.co.uk,07474850376,50 Hughes Street,Norwich,NR1 3QQ,,N,2017-05-26
P0001351,PERSON,James,Wilson,20/11/1988,BL171114B,james.wilson131@example.co.uk,07349799332,229 Taylor Street,Cardiff,CF10 1EP,,Y,2024-03-29
P0001352,PERSON,Priya,Robinson,07/06/1981,,priya.robinson138@example.co.uk,07631231534,177 Baker Street,London,EC1A 1BB,,N,2014-02-07
P0001353,PERSON,Sophie,Baker,19/04/1959,CB751568D,sophie.baker164@example.co.uk,07432394369,26 Williams Street,Bristol,BS1 4ST,,Y,2014-03-19
P0001354,PERSON,Aoife,Robinson,11/07/1942,YS314628B,AOIFE.ROBINSON602@EXAMPLE.CO.UK,07183889967,127 Khan Street,York,YO1 6GA,,N,2012-02-28
P0001355,PERSON,Grace,Smith,11/10/1963,ZB137167B,grace.smith853@example.co.uk,07664616896,111 Brown Street,Leeds,LS1 4AP,,Y,2012-10-28
P0001356,PERSON,Oliver,Wright,28/01/1941,GB133342C,oliver.wright153@example.co.uk,07353881638,101 Walker Street,York,YO1 6GA,,N,2009-07-28
P0001357,PERSON,Daniel,Murphy,20/08/1957,ZN131483A,DANIEL.MURPHY420@EXAMPLE.CO.UK,07361343406,35 OBrien Street,York,YO1 6GA,74,N,2020-08-17
P0001358,PERSON,James,Smith,23/05/1981,SH268031A,JAMES.SMITH222@EXAMPLE.CO.UK,07680395964,209 Clarke Street,Reading,RG1 1LX,303,Y,2024-09-01
P0001359,PERSON,Sean,Wright,12/10/1946,,sean.wright671@example.co.uk,07439531501,223 Patel Street,Cardiff,CF10 1EP,156,N,2010-07-05
P0001360,ORG,Ingrid,Brown,02/02/1991,AT369311C,INGRID.BROWN172@EXAMPLE.CO.UK,07157760413,38 Davies Street,York,YO1 6GA,,N,2014-07-29
P0001361,PERSON,Harry,Wilson,06/05/1972,JZ382987A,HARRY.WILSON148@EXAMPLE.CO.UK,07886589310,234 Smith Street,Manchester,M1 1AE,,Y,2014-11-04
P0001362,PERSON,Lars,Wright,04/03/1956,NE335561B,lars.wright385@example.co.uk,07184721244,167 Robinson Street,Reading,ZZ99 9ZZ,,Y,2014-09-24
P0001363,PERSON,Aoife,Smith,30/09/2000,XP217384D,AOIFE.SMITH138@EXAMPLE.CO.UK,07213568279,28 Baker Street,Bristol,BS1 4ST,,Y,2015-03-03
P0001364,PERSON,Aoife,Baker,27/02/1948,MY533716C,aoife.baker175@example.co.uk,07559518421,203 Hughes Street,Cardiff,CF10 1EP,,Y,2010-11-05
P0001365,PERSON,George,Robinson,13/01/1974,AX885594B,george.robinson61@example.co.uk,07805823323,143 Taylor Street,London,EC1A 1BB,,N,2010-06-16
P0001366,PERSON,Daniel,Jones,09/01/1984,BB523272B,daniel.jones299@example.co.uk,07884220501,161 Williams Street,Reading,RG1 1LX,152,N,2015-04-24
P0001367,PERSON,Isla,Patel,22/06/1988,WH222964B,isla.patel276@example.co.uk,07666703831,106 OBrien Street,York,YO1 6GA,270,Y,2012-03-15
P0001368,PERSON,Harry,Smith,01/02/1955,GA476731C,HARRY.SMITH68@EXAMPLE.CO.UK,07323485749,195 Johnson Street,Birmingham,B1 1AA,,Y,2008-06-17
P0001369,PERSON,James,Green,24/07/1986,SK722585A,james.green386@example.co.uk,07103606363,133 Hughes Street,Leeds,LS1 4AP,425,Y,2020-09-28
P0001370,PERSON,Amelia,Brown,14/08/1962,CR695294B,amelia.brown122@example.co.uk,07249103783,176 Wright Street,Cardiff,CF10 1EP,,Y,2018-03-30
P0001371,PERSON,Daniel,Green,12/10/1991,XN414784A,daniel.green745@example.co.uk,07687995164,109 Wright Street,Norwich,NR1 3QQ,,N,2016-09-17
P0001372,ORG,Isla,Jones,18/07/1944,KK555671A,isla.jones24@example.co.uk,07876328776,214 Davies Street,Reading,RG1 1LX,,N,2009-11-06
P0001373,PERSON,Sophie,Hughes,22/08/1947,LN625597B,sophie.hughes326@example.co.uk,07964207402,80 Williams Street,Manchester,M1 1AE,55,N,2012-03-29
P0001374,PERSON,Thomas,Smith,19/02/1946,AT437276D,thomas.smith372@example.co.uk,07751986302,153 Patel Street,Leeds,LS1 4AP,,Y,2023-10-16
P0001375,PERSON,Thomas,Clarke,01/10/1978,LA949465B,thomas.clarke453@example.co.uk,07678827227,234 Taylor Street,Birmingham,B1 1AA,497,Y,2011-05-31
P0001376,PERSON,Harry,Davies,20/01/1986,,harry.davies458@example.co.uk,07519921150,37 Jones Street,Reading,RG1 1LX,,Y,2019-03-26
P0001377,PERSON,Amelia,Wright,06/07/1963,OJ531579C,AMELIA.WRIGHT706@EXAMPLE.CO.UK,07338659718,89 Robinson Street,Glasgow,G1 1XQ,,Y,2014-08-10
P0001378,PERSON,Amelia,Wilson,08/08/1995,XE819971D,amelia.wilson97@example.co.uk,07774676863,46 OBrien Street,York,YO1 6GA,179,Y,2008-05-26
P0001379,PERSON,Grace,Clarke,07/04/1950,LS528236A,GRACE.CLARKE905@EXAMPLE.CO.UK,07237210063,144 Davies Street,London,EC1A 1BB,123,Y,2018-04-12
P0001380,ORG,Amelia,Smith,19/01/1948,RC467890A,AMELIA.SMITH741@EXAMPLE.CO.UK,07803154820,232 Patel Street,Birmingham,B1 1AA,,N,2024-01-16
P0001381,PERSON,Priya,Smith,27/08/1984,LM500383A,priya.smith754@example.co.uk,07427986788,168 Wilson Street,Cardiff,CF10 1EP,,N,2017-11-11
P0001382,PERSON,Fatima,Davies,17/11/1996,NK107176C,fatima.davies308@example.co.uk,07898350328,205 Johnson Street,Cardiff,CF10 1EP,,N,2014-12-07
P0001383,PERSON,Ingrid,Williams,12/04/1963,RY277290B,ingrid.williams241@example.co.uk,07912674707,26 Williams Street,Glasgow,G1 1XQ,173,N,2022-12-26
P0001384,PERSON,Emily,Clarke,23/08/1980,OR260057B,EMILY.CLARKE4@EXAMPLE.CO.UK,07182236165,245 Hall Street,York,YO1 6GA,114,N,2017-03-02
P0001385,PERSON,Aoife,Robinson,23/10/1985,CH706266A,aoife.robinson877@example.co.uk,07488271081,4 Jones Street,Bristol,BS1 4ST,,Y,2010-06-10
P0001386,ORG,Sean,Khan,28/11/1984,NL951123B,sean.khan580@example.co.uk,07429894892,186 Walker Street,Norwich,NR1 3QQ,,N,2024-11-27
P0001387,PERSON,Wei,Green,01/09/1953,LP271575C,WEI.GREEN971@EXAMPLE.CO.UK,07943590330,45 Smith Street,Manchester,M1 1AE,184,N,2022-10-20
P0001388,PERSON,Thomas,Khan,01/09/1997,TJ673258A,thomas.khan839@example.co.uk,07597785971,64 Smith Street,Manchester,M1 1AE,71,N,2017-08-15
P0001389,PERSON,Isla,Khan,20/03/1960,HC653894C,isla.khan346@example.co.uk,07550730448,138 Smith Street,Reading,RG1 1LX,31,N,2017-02-01
P0001390,ORG,Thomas,Smith,27/02/1971,HP426109B,thomas.smith868@example.co.uk,07399537351,22 Wilson Street,Manchester,M1 1AE,,Y,2008-08-28
P0001391,PERSON,Sophie,Clarke,27/07/1944,,sophie.clarke319@example.co.uk,07633296706,37 Brown Street,Reading,RG1 1LX,226,N,2022-05-25
P0001392,ORG,Sean,Clarke,28/09/1944,ZT677512A,SEAN.CLARKE60@EXAMPLE.CO.UK,07967140722,71 Jones Street,Leeds,LS1 4AP,,N,2012-09-15
P0001393,PERSON,Grace,Wright,23/06/1950,SY535097A,grace.wright247@example.co.uk,07212702393,227 Clarke Street,Manchester,M1 1AE,,N,2011-06-28
P0001394,PERSON,Priya,Hall,26/07/1944,SX444621C,priya.hall740@example.co.uk,07775046798,31 Taylor Street,York,YO1 6GA,,Y,2017-10-24
P0001395,PERSON,Mohammed,Davies,18/04/1970,XX808832D,mohammed.davies543@example.co.uk,07103718488,121 Williams Street,Birmingham,B1 1AA,236,N,2021-06-05
P0001396,PERSON,Oliver,Davies,24/12/1981,EW975340B,OLIVER.DAVIES115@EXAMPLE.CO.UK,07317757643,174 Hall Street,Cardiff,CF10 1EP,,N,2021-03-10
P0001397,PERSON,Wei,Patel,01/03/1983,BT539589A,wei.patel503@example.co.uk,07107488394,47 Khan Street,Manchester,M1 1AE,306,Y,2023-02-10
P0001398,PERSON,Aoife,Murphy,27/07/1971,MJ937185B,AOIFE.MURPHY477@EXAMPLE.CO.UK,07524408656,247 Wilson Street,York,ZZ99 9ZZ,,Y,2010-09-22
P0001399,PERSON,Wei,Baker,31/05/1943,SL517763D,WEI.BAKER809@EXAMPLE.CO.UK,07959902939,114 Murphy Street,Cardiff,CF10 1EP,126,Y,2021-11-24
P0001400,ORG,Sophie,Davies,11/11/1991,CN157586A,sophie.davies871@example.co.uk,07420180997,211 Williams Street,Glasgow,G1 1XQ,,Y,2008-02-06
P0001401,PERSON,Ingrid,Smith,09/07/1959,HM989753B,ingrid.smith203@example.co.uk,07846076779,29 Hall Street,Glasgow,N/A,462,Y,2012-12-24
P0001402,PERSON,Daniel,Williams,20/11/1965,,daniel.williams555@example.co.uk,07893055198,109 Hall Street,Bristol,BS1 4ST,160,N,2009-09-03
P0001403,ORG,James,OBrien,05/07/1960,OY506988C,james.obrien48@example.co.uk,07952752789,63 Davies Street,Birmingham,B1 1AA,468,Y,2021-10-12
P0001404,PERSON,Mohammed,Davies,19/10/1967,LW541042C,mohammed.davies564@example.co.uk,07266932599,126 Hughes Street,Manchester,M1 1AE,,N,2021-02-15
P0001405,PERSON,Fatima,Brown,17/09/1968,EG672531A,fatima.brown484@example.co.uk,07629010366,85 Brown Street,Leeds,LS1 4AP,204,Y,2021-04-13
P0001406,PERSON,Priya,Baker,27/08/1984,BT268586B,priya.baker519@example.co.uk,07120251610,40 Khan Street,Manchester,M1 1AE,,N,2017-10-04
P0001407,PERSON,Priya,Patel,07/12/1977,,PRIYA.PATEL792@EXAMPLE.CO.UK,07594664874,53 Jones Street,Norwich,NR1 3QQ,,N,2018-05-27
P0001408,PERSON,Sophie,Murphy,22/06/1974,KW796862A,SOPHIE.MURPHY825@EXAMPLE.CO.UK,07622564352,82 Khan Street,Bristol,BS1 4ST,456,N,2019-11-21
P0001409,PERSON,James,Wilson,06/09/1979,SH501942A,JAMES.WILSON304@EXAMPLE.CO.UK,07285497838,86 Patel Street,Manchester,M1 1AE,272,N,2016-11-05
P0001410,PERSON,Sean,Clarke,26/03/1953,BT536857D,SEAN.CLARKE915@EXAMPLE.CO.UK,07111044076,115 Clarke Street,Norwich,NR1 3QQ,136,Y,2011-03-24
P0001411,PERSON,Ingrid,Taylor,17/05/2003,TS825225B,ingrid.taylor212@example.co.uk,07234626127,56 Hughes Street,Glasgow,G1 1XQ,,Y,2019-04-21
P0001412,PERSON,Ingrid,Hall,03/09/1944,PZ812427B,INGRID.HALL417@EXAMPLE.CO.UK,07845092763,86 Murphy Street,London,EC1A 1BB,490,N,2013-10-28
P0001413,PERSON,James,Murphy,12/04/1942,JZ538430A,james.murphy704@example.co.uk,07451512881,153 Robinson Street,York,YO1 6GA,,Y,2013-10-09
P0001414,PERSON,James,OBrien,18/03/1957,ZT624090C,james.obrien699@example.co.uk,07270494328,112 Taylor Street,Glasgow,G1 1XQ,,Y,2008-08-14
P0001415,PERSON,Isla,Hughes,18/04/1963,GT864037B,ISLA.HUGHES151@EXAMPLE.CO.UK,07858240572,46 Wilson Street,Birmingham,B1 1AA,,N,2011-04-21
P0001416,PERSON,Ingrid,Brown,19/07/1949,TS736220A,ingrid.brown780@example.co.uk,07214469419,109 Wilson Street,Manchester,M1 1AE,,Y,2014-08-09
P0001417,PERSON,Emily,Hall,24/09/1988,XK133954C,EMILY.HALL381@EXAMPLE.CO.UK,07211202448,214 Walker Street,Manchester,M1 1AE,,N,2008-03-05
P0001418,PERSON,George,Baker,28/01/1956,YY114590A,george.baker192@example.co.uk,07385766802,48 Clarke Street,London,EC1A 1BB,58,Y,2009-09-26
P0001419,PERSON,Oliver,Walker,06/01/1989,JC519495B,oliver.walker26@example.co.uk,07935942776,11 OBrien Street,Manchester,M1 1AE,,Y,2008-09-26
P0001420,PERSON,Grace,Baker,15/10/1957,LR705628B,grace.baker214@example.co.uk,07967948375,113 Wilson Street,Birmingham,B1 1AA,,Y,2017-12-12
P0001421,PERSON,Fatima,Davies,23/10/1989,NL163822B,fatima.davies6@example.co.uk,07761191133,187 Hall Street,York,YO1 6GA,,N,2020-05-02
P0001422,PERSON,Mohammed,Brown,12/09/2002,HW288934A,MOHAMMED.BROWN619@EXAMPLE.CO.UK,07714815898,31 Clarke Street,Leeds,LS1 4AP,,Y,2022-08-17
P0001423,PERSON,Oliver,Khan,12/07/1990,NH575652B,oliver.khan837@example.co.uk,07426119443,92 Johnson Street,Cardiff,M1  1AE,385,Y,2013-12-09
P0001424,PERSON,Chloe,Baker,09/07/1973,MA539034D,chloe.baker24@example.co.uk,07909104572,106 Smith Street,Norwich,NR1 3QQ,,Y,2020-03-27
P0001425,PERSON,James,Brown,10/09/1990,OM953381B,james.brown983@example.co.uk,07400103143,67 Green Street,Birmingham,B1 1AA,154,Y,2008-10-10
P0001426,PERSON,Daniel,Davies,21/07/1955,AH356564C,DANIEL.DAVIES921@EXAMPLE.CO.UK,07265317837,208 Murphy Street,Birmingham,B1 1AA,498,N,2015-06-07
P0001427,PERSON,Priya,Jones,08/03/1950,BK996864D,priya.jones634@example.co.uk,07973123232,142 Green Street,Leeds,LS1 4AP,278,Y,2012-09-01
P0001428,PERSON,Chloe,Johnson,12/01/1962,YS238687A,chloe.johnson198@example.co.uk,07128617680,89 Baker Street,Birmingham,B1 1AA,,N,2020-01-28
P0001429,PERSON,Isla,Brown,02/05/1951,BT917968C,isla.brown852@example.co.uk,07521789199,81 Hall Street,Bristol,BS1 4ST,,Y,2011-01-01
P0001430,PERSON,Oliver,Brown,18/10/1952,YP391352B,OLIVER.BROWN249@EXAMPLE.CO.UK,07115985298,99 Wilson Street,Norwich,NR1 3QQ,,Y,2014-01-06
P0001431,ORG,Amelia,Baker,23/03/1958,GH514736D,AMELIA.BAKER924@EXAMPLE.CO.UK,07345972789,26 Wright Street,Norwich,NR1 3QQ,491,Y,2024-03-16
P0001432,PERSON,Wei,Williams,30/12/1977,PL501704A,wei.williams876@example.co.uk,07252328549,180 Smith Street,Bristol,BS1 4ST,458,N,2017-07-19
P0001433,PERSON,Sophie,Robinson,03/07/1960,XL430726B,SOPHIE.ROBINSON28@EXAMPLE.CO.UK,07305140378,43 Brown Street,London,EC1A 1BB,397,Y,2023-07-02
P0001434,PERSON,Isla,OBrien,25/10/1971,EZ770928A,ISLA.OBRIEN11@EXAMPLE.CO.UK,07815316474,216 Jones Street,Glasgow,G1 1XQ,,Y,2017-11-26
P0001435,PERSON,Ingrid,Baker,10/05/1981,LG260773A,ingrid.baker654@example.co.uk,07353689759,182 Patel Street,Birmingham,B1 1AA,,Y,2023-02-23
P0001436,ORG,Mohammed,Green,26/10/1949,XW616568A,mohammed.green605@example.co.uk,07780803166,98 Baker Street,Birmingham,B1 1AA,398,Y,2012-09-07
P0001437,PERSON,Isla,Wilson,31/10/1992,BH456823D,isla.wilson604@example.co.uk,07814588250,75 Walker Street,York,YO1 6GA,,Y,2019-08-28
P0001438,PERSON,Mohammed,Hughes,25/03/1972,NS845119D,MOHAMMED.HUGHES753@EXAMPLE.CO.UK,07946684202,45 Smith Street,York,YO1 6GA,178,N,2013-12-20
P0001439,PERSON,Wei,Wright,30/03/1951,NP184046D,WEI.WRIGHT675@EXAMPLE.CO.UK,07270750697,45 Wilson Street,Reading,RG1 1LX,,N,2008-03-11
P0001440,PERSON,Sophie,Green,13/06/1956,HY531163B,sophie.green362@example.co.uk,07370531433,226 Wilson Street,Cardiff,CF10 1EP,434,Y,2010-01-12
P0001441,PERSON,Emily,Wilson,15/01/1962,AA734896D,emily.wilson945@example.co.uk,07992789780,178 Robinson Street,Bristol,BS1 4ST,,Y,2017-03-11
P0001442,PERSON,Wei,Smith,13/07/1963,RJ294103A,wei.smith941@example.co.uk,07406059722,166 Jones Street,Glasgow,G1 1XQ,,Y,2013-03-12
P0001443,PERSON,Chloe,Taylor,23/06/1944,XH241000B,CHLOE.TAYLOR756@EXAMPLE.CO.UK,07597872995,24 Taylor Street,Manchester,M1 1AE,245,N,2012-12-25
P0001444,ORG,Wei,Smith,03/05/2002,TB435933D,WEI.SMITH48@EXAMPLE.CO.UK,07219075046,237 Walker Street,Cardiff,CF10 1EP,,N,2009-03-25
P0001445,PERSON,Ingrid,Walker,24/08/1951,AA700249C,INGRID.WALKER401@EXAMPLE.CO.UK,07286255714,52 Patel Street,Bristol,BS1 4ST,97,Y,2017-12-21
P0001446,PERSON,Fatima,Williams,01/01/1960,RE113034C,FATIMA.WILLIAMS690@EXAMPLE.CO.UK,07200022789,248 Walker Street,Manchester,M1 1AE,,Y,2012-06-26
P0001447,PERSON,Sophie,Clarke,22/04/1971,SW790479D,sophie.clarke283@example.co.uk,07611754789,244 Walker Street,Bristol,BS1 4ST,278,N,2024-11-12
P0001448,PERSON,Oliver,Walker,17/02/2002,LS948142A,oliver.walker214@example.co.uk,07465266436,26 Hughes Street,Bristol,BS1 4ST,,Y,2008-06-10
P0001449,PERSON,Amelia,Wright,07/08/1995,HM687582B,amelia.wright631@example.co.uk,07386268916,198 Patel Street,Reading,RG1 1LX,360,Y,2019-02-16
P0001450,PERSON,Emily,Davies,07/02/1964,PZ367940D,emily.davies354@example.co.uk,07111575224,43 Murphy Street,Cardiff,CF10 1EP,4,N,2020-01-09
P0001451,PERSON,Priya,Davies,15/12/1973,SH307471D,priya.davies863@example.co.uk,07385851996,17 Smith Street,Birmingham,B1 1AA,,N,2008-01-27
P0001452,PERSON,Chloe,OBrien,17/05/1960,LH195808D,chloe.obrien513@example.co.uk,07351745039,83 Baker Street,Glasgow,G1 1XQ,430,Y,2008-09-23
P0001453,PERSON,Daniel,Davies,15/10/1982,RE407861B,daniel.davies547@example.co.uk,07661084098,68 Patel Street,Manchester,M1 1AE,,Y,2009-02-23
P0001454,ORG,Wei,Clarke,22/05/1947,RL534208D,WEI.CLARKE556@EXAMPLE.CO.UK,07516289106,194 Davies Street,Norwich,NR1 3QQ,,Y,2009-07-04
P0001455,PERSON,Priya,Khan,06/04/2002,BB256397D,priya.khan90@example.co.uk,07847085890,43 Baker Street,York,YO1 6GA,262,N,2008-03-31
P0001456,PERSON,Sean,Khan,04/01/1970,MK480990D,sean.khan42@example.co.uk,07559996020,9 OBrien Street,Norwich,NR1 3QQ,,N,2013-02-09
P0001457,PERSON,Isla,Robinson,15/12/1963,,isla.robinson937@example.co.uk,07572480350,171 Johnson Street,Cardiff,CF10 1EP,413,Y,2017-01-27
P0001458,PERSON,Ingrid,Brown,28/02/1989,TZ773576C,ingrid.brown956@example.co.uk,07759608584,5 Hughes Street,Birmingham,B1 1AA,,Y,2022-07-06
P0001459,PERSON,Sean,Walker,10/07/1969,BR593594B,sean.walker224@example.co.uk,07319419497,78 Wilson Street,York,YO1 6GA,,Y,2023-07-22
P0001460,PERSON,Chloe,Hughes,16/03/1983,NA984832C,chloe.hughes410@example.co.uk,07249248949,213 Brown Street,London,EC1A 1BB,358,Y,2009-04-25
P0001461,PERSON,Thomas,Green,29/11/1977,AS509735B,THOMAS.GREEN784@EXAMPLE.CO.UK,07165704672,196 Taylor Street,Manchester,M1 1AE,195,Y,2011-08-27
P0001462,PERSON,Daniel,Smith,29/07/1982,ZC805590B,daniel.smith197@example.co.uk,07703284296,40 Walker Street,Reading,RG1 1LX,,N,2012-07-29
P0001463,PERSON,Isla,Robinson,11/02/1948,LH524909C,ISLA.ROBINSON469@EXAMPLE.CO.UK,07321455851,184 Baker Street,London,EC1A 1BB,121,Y,2022-11-29
P0001464,PERSON,Isla,Taylor,08/07/2000,ZA218441C,isla.taylor790@example.co.uk,07707287754,157 Walker Street,Leeds,LS1 4AP,469,Y,2016-07-13
P0001465,PERSON,Chloe,Wilson,12/09/1945,,CHLOE.WILSON632@EXAMPLE.CO.UK,07752038503,136 Wilson Street,Glasgow,G1 1XQ,203,N,2014-02-02
P0001466,PERSON,Isla,Green,27/12/1985,,ISLA.GREEN761@EXAMPLE.CO.UK,07844895323,174 Taylor Street,Bristol,BS1 4ST,309,Y,2020-01-31
P0001467,PERSON,Sophie,Walker,19/04/1982,KE460437A,SOPHIE.WALKER515@EXAMPLE.CO.UK,07798459802,218 Patel Street,London,EC1A 1BB,218,N,2021-01-10
P0001468,PERSON,Harry,Hughes,10/05/1948,,harry.hughes337@example.co.uk,07743254102,40 Walker Street,London,EC1A 1BB,,Y,2008-12-14
P0001469,PERSON,Lars,Jones,07/04/1958,CT267073D,LARS.JONES32@EXAMPLE.CO.UK,07277816375,154 Walker Street,York,YO1 6GA,,Y,2022-08-10
P0001470,PERSON,Grace,Khan,29/03/1987,WZ455340B,grace.khan335@example.co.uk,07601358696,162 Patel Street,London,EC1A 1BB,,Y,2017-05-25
P0001471,PERSON,Aoife,Smith,12/12/1977,PE279820D,aoife.smith960@example.co.uk,07242197462,4 Green Street,Reading,RG1 1LX,307,Y,2010-12-29
P0001472,ORG,James,Davies,23/01/1996,LL382406B,james.davies123@example.co.uk,07738728331,98 Wilson Street,Norwich,ZZ99 9ZZ,,Y,2015-06-29
P0001473,PERSON,Sean,Wright,11/07/1940,GM270190C,SEAN.WRIGHT84@EXAMPLE.CO.UK,07740670351,5 Baker Street,Birmingham,,,Y,2011-07-03
P0001474,ORG,Isla,Robinson,04/09/1972,PB362065D,isla.robinson255@example.co.uk,07581959020,1 Williams Street,London,EC1A 1BB,,N,2014-08-02
P0001475,PERSON,Isla,Clarke,20/07/1968,LX890520A,isla.clarke137@example.co.uk,07975263361,113 Murphy Street,Bristol,,219,N,2014-03-30
P0001476,PERSON,James,Davies,23/11/1975,EP851671D,james.davies847@example.co.uk,07367114411,133 Murphy Street,Bristol,BS1 4ST,70,Y,2023-12-23
P0001477,PERSON,Wei,Walker,29/08/1953,SX527559C,wei.walker203@example.co.uk,07238886106,96 Baker Street,Birmingham,B1 1AA,,Y,2018-11-13
P0001478,PERSON,Emily,Williams,12/07/1944,RZ749994B,EMILY.WILLIAMS975@EXAMPLE.CO.UK,07547699749,102 Taylor Street,Bristol,BS1 4ST,464,N,2020-10-06
P0001479,ORG,Daniel,Walker,15/11/1955,ZG716549B,DANIEL.WALKER194@EXAMPLE.CO.UK,07906912296,142 Wright Street,Glasgow,G1 1XQ,466,N,2016-12-19
P0001480,PERSON,Aoife,Hughes,17/08/1981,RA415734A,AOIFE.HUGHES728@EXAMPLE.CO.UK,07663920475,45 Jones Street,Norwich,NR1 3QQ,45,Y,2013-08-22
P0001481,PERSON,Chloe,Davies,31/07/1948,ZC262275B,chloe.davies336@example.co.uk,07131493886,2 Taylor Street,Leeds,LS1 4AP,,Y,2009-02-10
P0001482,ORG,Lars,Clarke,03/03/1953,MK994337A,lars.clarke861@example.co.uk,07885001037,240 Baker Street,Reading,RG1 1LX,153,Y,2014-09-27
P0001483,PERSON,Sophie,Smith,24/04/1958,XW238826A,sophie.smith529@example.co.uk,07679977559,112 OBrien Street,Reading,RG1 1LX,209,N,2016-08-09
P0001484,PERSON,Grace,Wilson,07/11/1999,GB643781B,GRACE.WILSON963@EXAMPLE.CO.UK,07992978282,60 Smith Street,Birmingham,B1 1AA,,Y,2018-11-12
P0001485,PERSON,Fatima,Walker,08/08/1994,PG695994A,fatima.walker966@example.co.uk,07497307638,103 Green Street,Manchester,M1 1AE,128,Y,2008-02-05
P0001486,PERSON,Amelia,Wright,10/02/1999,RE651752D,amelia.wright374@example.co.uk,07615709503,40 Khan Street,Leeds,LS1 4AP,,N,2008-02-25
P0001487,PERSON,Grace,Davies,29/07/1967,CJ605583C,grace.davies503@example.co.uk,07204081162,4 Jones Street,Bristol,BS1 4ST,,Y,2019-02-14
P0001488,PERSON,George,Wilson,29/07/1946,HB253734C,george.wilson509@example.co.uk,07899090310,214 Baker Street,Glasgow,G1 1XQ,159,Y,2009-08-04
P0001489,PERSON,Daniel,Johnson,05/04/1986,HM993160C,DANIEL.JOHNSON496@EXAMPLE.CO.UK,07581631141,74 Green Street,Leeds,LS1 4AP,,Y,2014-01-28
P0001490,PERSON,Ingrid,Walker,21/04/1942,CA825434D,ingrid.walker455@example.co.uk,07181836665,200 Hall Street,York,YO1 6GA,,Y,2018-07-27
P0001491,ORG,Oliver,Green,20/01/1972,XZ463974A,OLIVER.GREEN92@EXAMPLE.CO.UK,07511808619,50 Patel Street,Norwich,NR1 3QQ,,Y,2009-08-24
P0001492,PERSON,Aoife,Murphy,27/08/1985,EN975736D,AOIFE.MURPHY2@EXAMPLE.CO.UK,07871282955,205 Hall Street,Glasgow,G1 1XQ,116,Y,2016-03-15
P0001493,PERSON,Isla,Hall,14/10/1999,,ISLA.HALL120@EXAMPLE.CO.UK,07731180025,63 Smith Street,Cardiff,M1  1AE,,N,2015-02-25
P0001494,PERSON,Grace,Brown,28/05/1988,XG286867A,grace.brown283@example.co.uk,07125913302,175 Johnson Street,London,EC1A 1BB,,Y,2016-10-29
P0001495,PERSON,Emily,Jones,26/05/1961,LA792135D,emily.jones527@example.co.uk,07113365484,39 Clarke Street,Glasgow,G1 1XQ,,Y,2021-08-21
P0001496,PERSON,Mohammed,Taylor,13/04/1974,KN855848D,MOHAMMED.TAYLOR290@EXAMPLE.CO.UK,07159585981,239 Johnson Street,Cardiff,CF10 1EP,402,Y,2018-07-04
P0001497,PERSON,Grace,Patel,08/11/1941,TB630148D,grace.patel516@example.co.uk,07145698578,153 Wilson Street,York,YO1 6GA,322,Y,2023-03-29
P0001498,PERSON,Sophie,Hall,26/09/2002,MK182691A,SOPHIE.HALL630@EXAMPLE.CO.UK,07255971131,208 Clarke Street,Manchester,M1 1AE,316,Y,2010-02-27
P0001499,PERSON,Mohammed,Green,24/09/1964,KH790109A,MOHAMMED.GREEN567@EXAMPLE.CO.UK,07804586994,104 Jones Street,Glasgow,G1 1XQ,80,Y,2018-03-14
P0001500,PERSON,Emily,Williams,15/08/1941,,emily.williams322@example.co.uk,07392741557,94 Patel Street,Leeds,LS1 4AP,,Y,2024-04-16
P0001501,PERSON,Oliver,Green,27/11/2000,,oliver.green914@example.co.uk,07410607155,100 Taylor Street,Birmingham,B1 1AA,442,N,2020-11-01
P0001502,PERSON,Mohammed,Davies,23/09/1991,RG527237B,MOHAMMED.DAVIES279@EXAMPLE.CO.UK,07854972582,195 Baker Street,Cardiff,CF10 1EP,,Y,2008-01-23
P0001503,PERSON,Priya,Davies,21/03/1941,,priya.davies142@example.co.uk,07972903266,143 Robinson Street,Cardiff,CF10 1EP,,Y,2016-09-15
P0001504,PERSON,Sean,Clarke,05/05/1944,RA488984A,SEAN.CLARKE339@EXAMPLE.CO.UK,07670051497,228 Taylor Street,London,EC1A 1BB,,Y,2017-08-14
P0001505,PERSON,Thomas,Smith,20/12/1995,YE272919A,thomas.smith559@example.co.uk,07354753404,164 Smith Street,Reading,RG1 1LX,,Y,2011-01-13
P0001506,PERSON,James,Hall,13/07/1963,OZ590199C,JAMES.HALL348@EXAMPLE.CO.UK,07220381391,148 Wilson Street,Birmingham,B1 1AA,434,N,2008-12-07
P0001507,PERSON,Oliver,Hall,15/04/2004,TM793723C,OLIVER.HALL547@EXAMPLE.CO.UK,07393511981,162 Baker Street,Cardiff,M1  1AE,,N,2008-12-25
P0001508,PERSON,Mohammed,Khan,15/12/1989,WC230396A,mohammed.khan986@example.co.uk,07229681831,184 Green Street,Reading,RG1 1LX,,Y,2015-10-20
P0001509,PERSON,Priya,Hughes,17/12/1958,HP256665A,priya.hughes291@example.co.uk,07631546833,14 OBrien Street,Bristol,BS1 4ST,206,Y,2016-07-09
P0001510,PERSON,James,Davies,21/08/1976,SA410727D,james.davies106@example.co.uk,07265639026,194 Walker Street,Cardiff,CF10 1EP,,N,2017-02-08
P0001511,PERSON,James,Williams,25/08/1957,,james.williams362@example.co.uk,07831105713,2 Taylor Street,Manchester,M1 1AE,,Y,2023-03-28
P0001512,PERSON,Amelia,Walker,04/08/1984,YB491558B,AMELIA.WALKER829@EXAMPLE.CO.UK,07424508535,20 Johnson Street,Manchester,M1 1AE,389,Y,2015-04-27
P0001513,ORG,Grace,Robinson,18/11/1990,OJ201789C,grace.robinson272@example.co.uk,07602015372,150 Jones Street,London,EC1A 1BB,96,Y,2018-04-28
P0001514,PERSON,Sophie,Baker,04/03/1947,MR708946B,sophie.baker777@example.co.uk,07516980397,227 Brown Street,York,YO1 6GA,298,Y,2012-05-14
P0001515,PERSON,Mohammed,Hall,25/05/1984,,mohammed.hall271@example.co.uk,07152802358,198 Wilson Street,York,YO1 6GA,,N,2024-09-24
P0001516,PERSON,Ingrid,Wright,16/12/1947,YH271906A,ingrid.wright556@example.co.uk,07564379001,126 Davies Street,Bristol,BS1 4ST,,Y,2011-03-22
P0001517,ORG,Chloe,Wright,30/01/1959,LB295080B,chloe.wright806@example.co.uk,07919357965,42 Clarke Street,Birmingham,B1 1AA,,N,2018-04-27
P0001518,PERSON,Wei,Hall,07/04/1993,ZH334707C,wei.hall669@example.co.uk,07150180357,35 Davies Street,Birmingham,B1 1AA,,Y,2008-06-26
P0001519,PERSON,Daniel,Brown,20/07/1962,HX392448C,DANIEL.BROWN706@EXAMPLE.CO.UK,07418818039,127 Taylor Street,London,EC1A 1BB,,Y,2019-10-13
P0001520,PERSON,Harry,Hall,24/10/1940,LN232998D,HARRY.HALL819@EXAMPLE.CO.UK,07575201165,83 Walker Street,Norwich,NR1 3QQ,199,Y,2021-08-31
P0001521,PERSON,Chloe,Taylor,05/02/1958,MK323812B,CHLOE.TAYLOR565@EXAMPLE.CO.UK,07914291504,111 Williams Street,Leeds,LS1 4AP,,N,2019-01-19
P0001522,PERSON,Lars,Robinson,19/11/1981,BR521327C,lars.robinson224@example.co.uk,07130362354,237 Robinson Street,Leeds,LS1 4AP,186,Y,2020-07-11
P0001523,PERSON,Priya,Jones,10/05/1961,MG760785C,PRIYA.JONES388@EXAMPLE.CO.UK,07984861600,10 Wright Street,London,EC1A 1BB,463,N,2014-09-03
P0001524,PERSON,Oliver,Williams,02/07/1984,OX275116D,oliver.williams277@example.co.uk,07247875836,96 Baker Street,London,EC1A 1BB,415,N,2017-08-21
P0001525,PERSON,Emily,Smith,04/08/1943,PL531618A,EMILY.SMITH251@EXAMPLE.CO.UK,07580839473,69 OBrien Street,Cardiff,CF10 1EP,410,Y,2022-06-25
P0001526,PERSON,Daniel,Johnson,16/05/1949,TZ979380C,daniel.johnson536@example.co.uk,07742266101,203 Taylor Street,Leeds,LS1 4AP,,Y,2023-11-02
P0001527,PERSON,Sean,Walker,31/01/1943,,SEAN.WALKER604@EXAMPLE.CO.UK,07853981782,205 Johnson Street,Reading,RG1 1LX,215,Y,2017-05-08
P0001528,ORG,Fatima,Khan,03/06/1959,PE237114A,FATIMA.KHAN131@EXAMPLE.CO.UK,07688467051,150 Green Street,Birmingham,B1 1AA,117,N,2009-09-03
P0001529,PERSON,Sophie,OBrien,04/04/1995,,sophie.obrien296@example.co.uk,07295906878,176 Robinson Street,York,YO1 6GA,,Y,2023-09-05
P0001530,PERSON,Emily,Williams,28/04/1957,TM281010B,emily.williams837@example.co.uk,07867867606,119 Hughes Street,Reading,RG1 1LX,371,Y,2009-06-10
P0001531,PERSON,Sean,Hughes,22/03/1987,TB445849C,SEAN.HUGHES145@EXAMPLE.CO.UK,07660661324,13 Clarke Street,Birmingham,B1 1AA,,Y,2024-05-26
P0001532,PERSON,George,Patel,20/08/1991,ZY384183D,GEORGE.PATEL658@EXAMPLE.CO.UK,07829551894,84 Hughes Street,Glasgow,G1 1XQ,,Y,2017-12-14
P0001533,PERSON,Chloe,Patel,25/11/1990,AT261654B,chloe.patel794@example.co.uk,07228129824,13 Green Street,Cardiff,CF10 1EP,,Y,2011-02-26
P0001534,PERSON,Fatima,Taylor,20/06/1974,SX526090C,fatima.taylor411@example.co.uk,07814585584,238 Hughes Street,Birmingham,M1  1AE,,N,2015-03-26
P0001535,PERSON,Mohammed,Murphy,11/04/1984,LA107181A,mohammed.murphy361@example.co.uk,07579329976,87 Hughes Street,Manchester,M1 1AE,207,N,2017-04-22
P0001536,PERSON,Sean,Williams,14/02/1966,NE261382B,sean.williams700@example.co.uk,07424846191,67 Taylor Street,London,EC1A 1BB,419,N,2021-03-15
P0001537,PERSON,Chloe,Wright,25/07/1966,RY546484A,chloe.wright6@example.co.uk,07350591155,215 OBrien Street,Birmingham,B1 1AA,,N,2008-12-09
P0001538,PERSON,Amelia,Robinson,13/10/1941,LG322466D,AMELIA.ROBINSON982@EXAMPLE.CO.UK,07148556923,205 OBrien Street,Leeds,LS1 4AP,343,N,2020-02-15
P0001539,PERSON,Chloe,Green,14/01/1960,,CHLOE.GREEN32@EXAMPLE.CO.UK,07721037678,4 Baker Street,Reading,RG1 1LX,318,N,2022-04-23
P0001540,ORG,Amelia,Hall,02/09/1982,TG981537C,amelia.hall611@example.co.uk,07264128494,143 Patel Street,Norwich,NR1 3QQ,,Y,2016-02-18
P0001541,ORG,Wei,Hall,01/04/1964,OR888311D,WEI.HALL540@EXAMPLE.CO.UK,07647006415,250 Smith Street,London,EC1A 1BB,,Y,2019-03-05
P0001542,PERSON,Isla,Baker,15/07/1962,XB247173D,ISLA.BAKER694@EXAMPLE.CO.UK,07870116692,158 Patel Street,London,EC1A 1BB,206,Y,2022-08-05
P0001543,PERSON,Oliver,Davies,28/01/1948,LA591408B,oliver.davies363@example.co.uk,07264889013,11 Davies Street,York,YO1 6GA,383,Y,2024-09-08
P0001544,PERSON,Lars,Robinson,09/04/1982,EM169933D,lars.robinson293@example.co.uk,07837376984,134 Wilson Street,York,YO1 6GA,90,Y,2019-03-27
P0001545,PERSON,Sean,Williams,26/05/1994,LE698266D,SEAN.WILLIAMS328@EXAMPLE.CO.UK,07794391882,197 Davies Street,York,YO1 6GA,,Y,2017-08-18
P0001546,PERSON,James,Murphy,28/10/2004,RW406745B,JAMES.MURPHY562@EXAMPLE.CO.UK,07576153570,50 Smith Street,Cardiff,CF10 1EP,369,Y,2012-01-29
P0001547,ORG,Daniel,Johnson,17/12/1998,CT667156B,DANIEL.JOHNSON990@EXAMPLE.CO.UK,07257497965,227 Clarke Street,Manchester,M1 1AE,,N,2015-08-16
P0001548,PERSON,Daniel,Khan,03/03/1977,GK240003D,daniel.khan638@example.co.uk,07336291485,168 Wright Street,York,YO1 6GA,,Y,2022-01-04
P0001549,PERSON,Sean,Baker,02/06/1942,BS431725C,sean.baker156@example.co.uk,07867153483,139 Robinson Street,Birmingham,B1 1AA,,Y,2020-05-20
P0001550,PERSON,Thomas,Robinson,26/01/1980,RW429211C,THOMAS.ROBINSON595@EXAMPLE.CO.UK,07663533342,20 Green Street,Glasgow,G1 1XQ,,Y,2023-05-17
P0001551,PERSON,Oliver,Robinson,07/11/1958,ZB684923C,oliver.robinson474@example.co.uk,07753398200,196 Clarke Street,York,YO1 6GA,347,Y,2020-05-02
P0001552,PERSON,George,Hughes,24/08/1963,,GEORGE.HUGHES564@EXAMPLE.CO.UK,07118139985,176 Wright Street,York,YO1 6GA,137,Y,2011-05-21
P0001553,ORG,Isla,Baker,23/10/1975,ZA762736C,isla.baker698@example.co.uk,07687532232,225 Green Street,Manchester,M1 1AE,425,Y,2020-09-19
P0001554,PERSON,Aoife,Hughes,26/09/1997,TA521307D,aoife.hughes397@example.co.uk,07739939972,10 Brown Street,Manchester,M1 1AE,200,Y,2021-02-22
P0001555,PERSON,Harry,Davies,26/02/1983,KK388254D,harry.davies799@example.co.uk,07752268031,231 Robinson Street,Birmingham,B1 1AA,421,N,2013-06-10
P0001556,PERSON,Mohammed,Jones,29/09/1977,KJ454753C,mohammed.jones503@example.co.uk,07114248235,205 Wright Street,Glasgow,G1 1XQ,97,Y,2024-08-03
P0001557,PERSON,Sophie,Wilson,18/01/1999,NT808962A,sophie.wilson921@example.co.uk,07791175622,24 Hughes Street,Leeds,LS1 4AP,294,Y,2021-07-14
P0001558,PERSON,Isla,Hughes,26/07/1964,XJ209755A,isla.hughes728@example.co.uk,07431323196,228 Wright Street,Bristol,BS1 4ST,296,N,2022-08-11
P0001559,PERSON,Sophie,Williams,07/05/1960,SE440052D,sophie.williams664@example.co.uk,07933700785,137 Hall Street,Glasgow,G1 1XQ,305,Y,2008-11-02
P0001560,PERSON,Daniel,Robinson,26/05/1980,ML474509D,daniel.robinson633@example.co.uk,07382828526,106 Wright Street,Norwich,NR1 3QQ,,Y,2014-07-31
P0001561,PERSON,James,Davies,21/12/1977,,JAMES.DAVIES744@EXAMPLE.CO.UK,07244646506,157 OBrien Street,Cardiff,CF10 1EP,,Y,2019-03-08
P0001562,PERSON,Sean,Johnson,05/09/1950,HG794730D,SEAN.JOHNSON364@EXAMPLE.CO.UK,07646581788,101 Green Street,Reading,RG1 1LX,,N,2012-09-03
P0001563,PERSON,Oliver,Williams,06/09/1990,MH961557B,OLIVER.WILLIAMS850@EXAMPLE.CO.UK,07422214785,24 Clarke Street,Manchester,M1 1AE,,N,2024-07-07
P0001564,PERSON,Priya,Taylor,05/05/1989,AT317373C,PRIYA.TAYLOR356@EXAMPLE.CO.UK,07512639684,217 Wright Street,Bristol,BS1 4ST,,N,2016-09-19
P0001565,PERSON,Emily,Brown,26/12/1970,TL876705A,emily.brown761@example.co.uk,07574543904,1 OBrien Street,Reading,RG1 1LX,108,Y,2011-08-16
P0001566,PERSON,Emily,Taylor,29/01/1986,ME338998C,emily.taylor681@example.co.uk,07816879784,123 Clarke Street,Manchester,M1 1AE,250,Y,2009-04-24
P0001567,PERSON,Daniel,Patel,17/06/1990,GZ949729B,daniel.patel209@example.co.uk,07409898557,171 Davies Street,Norwich,NR1 3QQ,59,N,2008-08-22
P0001568,PERSON,Harry,Walker,30/11/1996,HE684927B,harry.walker357@example.co.uk,07585782154,118 Brown Street,London,EC1A 1BB,,Y,2016-06-19
P0001569,PERSON,Fatima,Walker,26/01/1979,LH950717A,FATIMA.WALKER976@EXAMPLE.CO.UK,07237445335,35 Davies Street,Manchester,,313,Y,2021-03-13
P0001570,ORG,Aoife,Jones,29/06/1946,RW475477A,AOIFE.JONES922@EXAMPLE.CO.UK,07585695832,158 Taylor Street,Leeds,LS1 4AP,,Y,2022-04-04
P0001571,PERSON,Grace,Patel,17/03/1976,OC580165C,grace.patel124@example.co.uk,07487080174,112 Khan Street,Bristol,BS1 4ST,479,Y,2016-06-14
P0001572,PERSON,Oliver,Brown,21/04/1989,YZ920295C,oliver.brown393@example.co.uk,07790250484,98 Hall Street,Leeds,LS1 4AP,59,Y,2015-12-26
P0001573,PERSON,Daniel,Wilson,11/05/1997,CM737383A,DANIEL.WILSON188@EXAMPLE.CO.UK,07951276269,236 Green Street,Norwich,NR1 3QQ,,Y,2012-01-05
P0001574,PERSON,Mohammed,OBrien,13/09/1945,ML676010D,mohammed.obrien747@example.co.uk,07293883347,137 Green Street,Leeds,LS1 4AP,,Y,2008-01-07
P0001575,ORG,Grace,Wright,21/08/1961,CP819991D,GRACE.WRIGHT980@EXAMPLE.CO.UK,07990624412,51 Williams Street,Leeds,LS1 4AP,,Y,2010-07-26
P0001576,PERSON,Thomas,Baker,01/02/1981,GA403576A,thomas.baker539@example.co.uk,07406461916,63 Robinson Street,York,YO1 6GA,467,Y,2017-10-07
P0001577,PERSON,Fatima,Brown,05/02/1986,BE858211D,fatima.brown199@example.co.uk,07192099240,80 Johnson Street,London,EC1A 1BB,,Y,2015-04-12
P0001578,PERSON,Amelia,Taylor,11/06/1962,AW937216A,amelia.taylor235@example.co.uk,07204494207,12 Hall Street,Cardiff,CF10 1EP,,Y,2022-02-24
P0001579,PERSON,Sean,OBrien,20/12/1977,,sean.obrien309@example.co.uk,07799755207,215 Smith Street,Birmingham,B1 1AA,,Y,2017-08-05
P0001580,PERSON,Daniel,Johnson,04/12/1961,JA523880A,DANIEL.JOHNSON947@EXAMPLE.CO.UK,07309634863,14 Wilson Street,Manchester,M1 1AE,76,N,2017-09-06
P0001581,PERSON,Mohammed,OBrien,21/05/2002,EE403327B,MOHAMMED.OBRIEN20@EXAMPLE.CO.UK,07539007575,123 Jones Street,Glasgow,G1 1XQ,,Y,2009-09-09
P0001582,PERSON,Thomas,OBrien,28/10/1992,WG234977B,thomas.obrien580@example.co.uk,07398366390,10 Jones Street,Birmingham,M1  1AE,,N,2013-03-16
P0001583,PERSON,Daniel,Williams,10/07/1956,,daniel.williams681@example.co.uk,07893667217,158 Jones Street,Birmingham,M1  1AE,,N,2010-07-21
P0001584,PERSON,George,Patel,04/12/1987,HP290353D,george.patel315@example.co.uk,07225352608,204 Johnson Street,Leeds,LS1 4AP,,Y,2024-06-09
P0001585,PERSON,Chloe,Patel,06/02/1970,HX519144C,chloe.patel853@example.co.uk,07419920355,157 Robinson Street,Cardiff,CF10 1EP,,Y,2008-02-10
P0001586,PERSON,Emily,Patel,12/05/1992,YP359540D,emily.patel525@example.co.uk,07783605674,172 Wright Street,Cardiff,CF10 1EP,413,Y,2013-06-09
P0001587,PERSON,Thomas,Baker,10/05/1989,PC450862B,thomas.baker653@example.co.uk,07534096846,95 OBrien Street,Glasgow,G1 1XQ,321,Y,2009-06-27
P0001588,PERSON,Thomas,Wright,30/12/1974,BS536720C,THOMAS.WRIGHT984@EXAMPLE.CO.UK,07607592684,201 Murphy Street,Birmingham,B1 1AA,,Y,2017-01-25
P0001589,ORG,Daniel,Murphy,15/04/1954,PS854638C,daniel.murphy296@example.co.uk,07462993315,54 Green Street,Norwich,NR1 3QQ,189,Y,2023-06-18
P0001590,PERSON,Fatima,Williams,10/11/1996,MJ841420D,fatima.williams902@example.co.uk,07736074159,39 Khan Street,Reading,RG1 1LX,457,Y,2018-08-25
P0001591,PERSON,Amelia,Wilson,02/07/1997,KN384639B,amelia.wilson469@example.co.uk,07407755020,106 Green Street,Cardiff,CF10 1EP,397,Y,2024-10-19
P0001592,PERSON,Fatima,Davies,30/12/1999,GM692976D,fatima.davies592@example.co.uk,07353794145,158 Hall Street,London,EC1A 1BB,269,N,2020-04-02
P0001593,PERSON,Amelia,Walker,17/08/1948,WJ828380D,AMELIA.WALKER363@EXAMPLE.CO.UK,07362898308,6 Wright Street,Leeds,LS1 4AP,149,N,2018-08-18
P0001594,PERSON,Harry,Clarke,15/04/1945,LY743348D,harry.clarke483@example.co.uk,07694735329,232 Smith Street,Birmingham,B1 1AA,,Y,2011-02-20
P0001595,PERSON,Wei,Patel,25/06/1991,JZ905530C,wei.patel213@example.co.uk,07574617044,102 Wilson Street,Manchester,M1 1AE,217,Y,2014-03-27
P0001596,PERSON,Harry,Baker,09/10/1996,JJ726888A,harry.baker169@example.co.uk,07903213869,239 Baker Street,Cardiff,CF10 1EP,477,N,2021-03-15
P0001597,PERSON,Grace,Smith,23/04/1959,,grace.smith405@example.co.uk,07294907838,165 Walker Street,Reading,RG1 1LX,435,N,2016-08-05
P0001598,ORG,Grace,Baker,13/04/1981,,grace.baker91@example.co.uk,07691313834,58 Johnson Street,Reading,RG1 1LX,,Y,2021-06-16
P0001599,PERSON,Sophie,Jones,29/05/1949,AE520848B,sophie.jones979@example.co.uk,07392174443,188 Baker Street,Cardiff,CF10 1EP,146,Y,2024-12-01
P0001600,PERSON,Amelia,Johnson,24/04/1960,RW788695B,amelia.johnson238@example.co.uk,07393810087,137 Brown Street,Bristol,BS1 4ST,459,Y,2020-08-19
P0001601,PERSON,Aoife,Patel,13/12/1947,JB177503C,aoife.patel746@example.co.uk,07197861794,27 Clarke Street,London,EC1A 1BB,,Y,2014-05-06
P0001602,PERSON,Daniel,Baker,22/06/1999,HB257833D,daniel.baker674@example.co.uk,07227850368,104 Green Street,Manchester,M1 1AE,,N,2024-10-10
P0001603,PERSON,Amelia,Hall,10/01/1994,JL626326C,amelia.hall41@example.co.uk,07380389567,228 Williams Street,Leeds,LS1 4AP,,N,2012-09-12
P0001604,PERSON,Mohammed,Johnson,13/09/1946,TZ204531B,mohammed.johnson436@example.co.uk,07510338581,16 Taylor Street,London,EC1A 1BB,244,Y,2018-10-11
P0001605,PERSON,Sophie,Taylor,14/06/1984,MA241933C,sophie.taylor119@example.co.uk,07818340692,223 Smith Street,Leeds,LS1 4AP,150,Y,2019-09-06
P0001606,PERSON,Aoife,Taylor,15/12/1965,MN243358D,aoife.taylor95@example.co.uk,07180619668,198 Hall Street,Manchester,M1 1AE,,Y,2017-10-12
P0001607,PERSON,Ingrid,Hughes,22/01/1973,KY926925A,INGRID.HUGHES503@EXAMPLE.CO.UK,07784136920,128 Khan Street,Cardiff,CF10 1EP,208,Y,2010-06-29
P0001608,PERSON,Wei,Brown,26/10/1991,BC844474B,WEI.BROWN294@EXAMPLE.CO.UK,07460256956,56 OBrien Street,Birmingham,B1 1AA,,Y,2021-05-21
P0001609,PERSON,Fatima,Wilson,09/11/1974,NH894464D,fatima.wilson69@example.co.uk,07180586243,1 Williams Street,Cardiff,CF10 1EP,,Y,2014-05-07
P0001610,PERSON,Ingrid,Taylor,25/06/2003,WP546608D,ingrid.taylor478@example.co.uk,07644047343,146 Hall Street,Reading,RG1 1LX,,Y,2009-04-23
P0001611,PERSON,James,Murphy,04/07/1949,PJ483380C,james.murphy606@example.co.uk,07418089247,227 Williams Street,Glasgow,G1 1XQ,292,N,2012-02-18
P0001612,PERSON,Lars,Taylor,17/11/1980,OA371571D,lars.taylor160@example.co.uk,07611542358,6 Jones Street,Cardiff,CF10 1EP,272,Y,2022-08-31
P0001613,ORG,Thomas,Brown,17/12/1959,HL142493D,thomas.brown6@example.co.uk,07210173873,225 Smith Street,Cardiff,CF10 1EP,216,Y,2022-04-24
P0001614,ORG,Fatima,Walker,30/07/1988,EW242161B,FATIMA.WALKER614@EXAMPLE.CO.UK,07537704234,44 Johnson Street,London,EC1A 1BB,,Y,2010-06-30
P0001615,PERSON,Sophie,Murphy,05/03/1999,XG397699A,sophie.murphy166@example.co.uk,07605777985,84 Williams Street,Birmingham,B1 1AA,499,Y,2016-01-11
P0001616,PERSON,Chloe,Baker,04/06/1993,LT734744A,CHLOE.BAKER305@EXAMPLE.CO.UK,07939403372,27 Brown Street,London,EC1A1BB,,N,2015-10-13
P0001617,PERSON,James,OBrien,04/06/1957,YG965748A,james.obrien327@example.co.uk,07568882287,75 Brown Street,Norwich,NR1 3QQ,422,Y,2022-11-29
P0001618,PERSON,Priya,Wright,05/12/1989,,priya.wright42@example.co.uk,07118461505,218 Taylor Street,Reading,RG1 1LX,89,Y,2014-09-24
P0001619,PERSON,Sophie,Hall,23/10/1965,GX897914A,sophie.hall932@example.co.uk,07382004346,74 Wright Street,Glasgow,G1 1XQ,89,Y,2018-03-09
P0001620,PERSON,Grace,Williams,25/05/1989,ZK123669D,GRACE.WILLIAMS38@EXAMPLE.CO.UK,07469746080,128 Green Street,Birmingham,B1 1AA,28,Y,2008-07-23
P0001621,PERSON,Isla,Robinson,01/02/1990,ZT362753B,isla.robinson600@example.co.uk,07532178354,153 Baker Street,Manchester,M1 1AE,,Y,2015-06-12
P0001622,PERSON,Aoife,OBrien,26/11/1970,AY896456C,AOIFE.OBRIEN937@EXAMPLE.CO.UK,07890886854,1 Walker Street,Norwich,NR1 3QQ,,Y,2017-08-22
P0001623,PERSON,Daniel,Jones,08/11/2001,RA495588A,daniel.jones306@example.co.uk,07517156536,85 Walker Street,Glasgow,G1 1XQ,,Y,2013-03-28
P0001624,PERSON,Lars,Patel,22/04/1973,CK538571A,LARS.PATEL455@EXAMPLE.CO.UK,07692530528,15 Williams Street,London,EC1A 1BB,56,Y,2022-03-30
P0001625,PERSON,James,Hughes,24/02/1965,ZR410127C,james.hughes200@example.co.uk,07930938733,215 Wright Street,Norwich,NR1 3QQ,,N,2012-01-17
P0001626,PERSON,Mohammed,Smith,07/09/1987,JM637168A,mohammed.smith289@example.co.uk,07394105041,21 Robinson Street,Birmingham,B1 1AA,12,N,2014-11-26
P0001627,PERSON,Sophie,OBrien,06/09/1970,SM986932A,sophie.obrien253@example.co.uk,07995604142,128 Baker Street,Cardiff,CF10 1EP,,N,2008-05-02
P0001628,ORG,Emily,Patel,05/10/1954,GN808477C,emily.patel378@example.co.uk,07338629623,218 Taylor Street,Norwich,NR1 3QQ,,Y,2020-01-23
P0001629,ORG,Harry,Hughes,16/09/1974,RR292750A,harry.hughes232@example.co.uk,07206524607,125 Khan Street,London,EC1A 1BB,347,N,2021-06-18
P0001630,PERSON,Harry,Williams,16/05/1942,EP817747B,harry.williams310@example.co.uk,07536068253,98 Hall Street,Manchester,M1 1AE,,Y,2008-02-10
P0001631,ORG,Wei,Davies,28/04/1951,KZ264512A,wei.davies840@example.co.uk,07937770968,241 Murphy Street,Glasgow,G1 1XQ,228,Y,2011-05-23
P0001632,PERSON,Oliver,Walker,17/07/1948,OK613182D,OLIVER.WALKER688@EXAMPLE.CO.UK,07166350990,1 Jones Street,Reading,N/A,,Y,2012-02-14
P0001633,PERSON,Daniel,OBrien,08/08/1978,LW167098C,daniel.obrien102@example.co.uk,07743925238,80 Smith Street,Cardiff,CF10 1EP,464,N,2020-12-29
P0001634,PERSON,Chloe,Williams,10/05/1960,JG878986B,CHLOE.WILLIAMS1@EXAMPLE.CO.UK,07513466574,167 Robinson Street,Bristol,BS1 4ST,48,Y,2019-12-27
P0001635,PERSON,Amelia,Khan,27/09/1969,AE744810C,amelia.khan386@example.co.uk,07478755735,51 Hall Street,Bristol,BS1 4ST,,Y,2010-05-05
P0001636,PERSON,Amelia,Robinson,05/10/1984,TS170146B,AMELIA.ROBINSON439@EXAMPLE.CO.UK,07717936964,41 Green Street,Cardiff,CF10 1EP,,Y,2023-09-15
P0001637,PERSON,Mohammed,Wright,10/02/1989,GG357851A,mohammed.wright57@example.co.uk,07519609273,123 Green Street,Cardiff,CF10 1EP,279,Y,2017-11-28
P0001638,PERSON,James,Clarke,12/06/1996,GJ817179D,JAMES.CLARKE846@EXAMPLE.CO.UK,07481968328,150 Williams Street,Norwich,NR1 3QQ,430,Y,2011-02-04
P0001639,PERSON,Wei,Hughes,20/08/2004,CM986888B,wei.hughes292@example.co.uk,07306765234,6 Jones Street,York,YO1 6GA,,Y,2024-09-27
P0001640,PERSON,Isla,Robinson,15/03/1970,GK837189A,ISLA.ROBINSON792@EXAMPLE.CO.UK,07378800387,112 Murphy Street,Leeds,LS1 4AP,139,Y,2022-01-18
P0001641,PERSON,Sean,Clarke,02/02/1974,LE614734B,sean.clarke628@example.co.uk,07633577000,106 OBrien Street,Leeds,LS1 4AP,,Y,2015-08-24
P0001642,PERSON,George,Hughes,05/07/1952,PP271617D,george.hughes43@example.co.uk,07297556804,111 Robinson Street,Manchester,M1 1AE,,N,2012-12-09
P0001643,PERSON,Priya,Taylor,17/12/1952,KW974955C,priya.taylor500@example.co.uk,07437171431,239 Clarke Street,Birmingham,B1 1AA,,Y,2017-03-18
P0001644,PERSON,Thomas,Hughes,04/08/1979,YM842557C,thomas.hughes524@example.co.uk,07123278962,79 Walker Street,Bristol,BS1 4ST,,Y,2015-01-23
P0001645,PERSON,James,Walker,28/11/1991,EG958179A,james.walker133@example.co.uk,07922395677,33 Robinson Street,Reading,RG1 1LX,,N,2023-12-12
P0001646,PERSON,Ingrid,Wilson,01/08/1993,YJ369904C,ingrid.wilson968@example.co.uk,07178328639,34 Baker Street,Leeds,LS1 4AP,,Y,2017-10-20
P0001647,PERSON,Priya,Smith,09/09/1956,AM461642D,priya.smith151@example.co.uk,07597830785,220 Williams Street,Leeds,LS1 4AP,403,Y,2019-08-28
P0001648,PERSON,Grace,Jones,05/03/1981,MT682484B,grace.jones25@example.co.uk,07307305046,114 Williams Street,Leeds,LS1 4AP,418,Y,2020-09-22
P0001649,PERSON,Thomas,OBrien,29/09/1945,PJ526766B,thomas.obrien735@example.co.uk,07941623880,207 Hughes Street,Cardiff,CF10 1EP,412,Y,2008-02-05
P0001650,PERSON,Sophie,Taylor,29/05/1952,WM627831C,SOPHIE.TAYLOR905@EXAMPLE.CO.UK,07977361720,65 Green Street,Birmingham,EC1A1BB,,Y,2024-11-18
P0001651,ORG,George,Walker,29/06/1980,XR622993A,george.walker692@example.co.uk,07509300283,3 OBrien Street,Reading,RG1 1LX,142,Y,2013-09-05
P0001652,PERSON,Chloe,Khan,05/01/1979,RL695863A,CHLOE.KHAN898@EXAMPLE.CO.UK,07301645728,38 Patel Street,Reading,RG1 1LX,,Y,2010-02-05
P0001653,PERSON,Daniel,Johnson,27/07/1973,EW461738A,daniel.johnson52@example.co.uk,07152385253,56 Hughes Street,London,EC1A 1BB,72,N,2020-12-10
P0001654,PERSON,Oliver,Khan,26/11/1962,OR503661C,OLIVER.KHAN654@EXAMPLE.CO.UK,07329326428,214 OBrien Street,Manchester,M1 1AE,275,Y,2022-03-24
P0001655,PERSON,Sophie,Patel,17/03/1986,BJ144106A,SOPHIE.PATEL662@EXAMPLE.CO.UK,07533057132,133 OBrien Street,Leeds,LS1 4AP,,Y,2018-01-12
P0001656,PERSON,Sophie,Wright,10/06/1980,ER735761B,sophie.wright563@example.co.uk,07210413630,112 Taylor Street,Bristol,N/A,254,Y,2019-07-28
P0001657,PERSON,Wei,Walker,31/05/1986,PT473552B,wei.walker433@example.co.uk,07271617618,106 Taylor Street,Manchester,M1 1AE,480,Y,2008-12-07
P0001658,PERSON,Mohammed,Smith,10/11/1969,XC716628C,mohammed.smith993@example.co.uk,07572158255,181 Williams Street,York,YO1 6GA,,Y,2013-07-15
P0001659,PERSON,Priya,Davies,14/03/1962,PR791491B,PRIYA.DAVIES593@EXAMPLE.CO.UK,07934057702,180 Wright Street,Reading,RG1 1LX,321,Y,2008-12-20
P0001660,PERSON,Amelia,OBrien,23/05/1988,JA954366B,AMELIA.OBRIEN834@EXAMPLE.CO.UK,07946852780,132 OBrien Street,Bristol,BS1 4ST,124,Y,2018-05-12
P0001661,PERSON,Emily,Wright,22/06/1974,CP950401A,EMILY.WRIGHT441@EXAMPLE.CO.UK,07235057312,224 Hughes Street,Reading,RG1 1LX,,Y,2014-09-22
P0001662,PERSON,Fatima,Brown,26/05/1961,XZ594824B,fatima.brown5@example.co.uk,07108560683,164 Robinson Street,York,YO1 6GA,456,N,2013-01-07
P0001663,ORG,Aoife,Wilson,27/05/1983,EE896871C,AOIFE.WILSON813@EXAMPLE.CO.UK,07237730655,178 Wright Street,Norwich,NR1 3QQ,361,Y,2016-09-29
P0001664,PERSON,George,Smith,21/01/1994,,george.smith63@example.co.uk,07869151313,220 Patel Street,London,EC1A 1BB,,Y,2014-08-15
P0001665,PERSON,Grace,Wright,07/06/1959,SW198498D,grace.wright910@example.co.uk,07827842037,149 Baker Street,London,EC1A 1BB,8,Y,2010-06-06
P0001666,PERSON,Wei,Murphy,04/09/2003,RM142668D,wei.murphy625@example.co.uk,07351823281,50 Khan Street,Cardiff,CF10 1EP,,N,2008-05-11
P0001667,PERSON,James,Hall,01/01/2004,GR815286C,JAMES.HALL376@EXAMPLE.CO.UK,07592732640,160 Johnson Street,Birmingham,B1 1AA,,N,2012-02-02
P0001668,PERSON,Harry,Taylor,26/12/1991,,HARRY.TAYLOR78@EXAMPLE.CO.UK,07844403141,73 Wright Street,Bristol,BS1 4ST,205,Y,2017-06-13
P0001669,ORG,Oliver,Brown,06/01/1970,EB172606D,oliver.brown505@example.co.uk,07262555970,108 Smith Street,Reading,RG1 1LX,170,Y,2008-09-24
P0001670,PERSON,Harry,Clarke,12/04/1971,NT683328B,HARRY.CLARKE574@EXAMPLE.CO.UK,07410335417,130 Hughes Street,Reading,RG1 1LX,,N,2016-01-13
P0001671,PERSON,Ingrid,Taylor,02/11/1993,LR354244D,ingrid.taylor192@example.co.uk,07515901668,219 Khan Street,Manchester,M1 1AE,446,Y,2013-05-20
P0001672,PERSON,Harry,Smith,18/08/1958,OG916505B,harry.smith94@example.co.uk,07678452688,86 Patel Street,Norwich,NR1 3QQ,118,N,2021-04-13
P0001673,PERSON,Emily,Wright,03/02/2000,GA672631D,emily.wright132@example.co.uk,07192729088,78 Clarke Street,Bristol,EC1A1BB,479,N,2015-03-03
P0001674,PERSON,Amelia,Baker,28/02/1942,ER783359B,amelia.baker573@example.co.uk,07792525544,179 Johnson Street,Glasgow,G1 1XQ,,N,2015-03-08
P0001675,PERSON,Fatima,Johnson,20/03/1974,,fatima.johnson613@example.co.uk,07732791389,14 Hughes Street,Leeds,LS1 4AP,423,N,2021-03-15
P0001676,PERSON,Isla,Taylor,13/08/1989,XB281917B,isla.taylor455@example.co.uk,07399229348,17 OBrien Street,York,YO1 6GA,101,Y,2021-06-17
P0001677,PERSON,Emily,Hall,08/04/2001,KT537422D,EMILY.HALL52@EXAMPLE.CO.UK,07927118817,107 Clarke Street,Reading,RG1 1LX,,Y,2022-05-31
P0001678,PERSON,James,Hughes,22/05/1947,,james.hughes144@example.co.uk,07917152142,147 Khan Street,Birmingham,B1 1AA,,N,2023-08-23
P0001679,PERSON,Thomas,Robinson,02/05/1940,CB465797B,thomas.robinson893@example.co.uk,07896374831,63 Smith Street,Glasgow,G1 1XQ,255,N,2017-09-14
P0001680,ORG,Ingrid,Johnson,31/03/1994,YE883282C,INGRID.JOHNSON459@EXAMPLE.CO.UK,07553323855,156 Davies Street,Reading,RG1 1LX,,Y,2017-02-25
P0001681,PERSON,Priya,Smith,25/04/1949,TW517467B,priya.smith416@example.co.uk,07682711970,208 Johnson Street,Norwich,NR1 3QQ,345,Y,2013-04-18
P0001682,PERSON,Fatima,Green,09/03/1987,HT521022B,fatima.green928@example.co.uk,07297649504,109 Walker Street,Glasgow,M1  1AE,4,Y,2019-07-18
P0001683,PERSON,Sean,Smith,15/02/1991,NH296357A,sean.smith717@example.co.uk,07723607953,150 Davies Street,Leeds,LS1 4AP,209,N,2020-09-07
P0001684,PERSON,Aoife,Brown,29/02/1952,NW498649C,AOIFE.BROWN332@EXAMPLE.CO.UK,07301821554,234 Green Street,Glasgow,G1 1XQ,,Y,2024-08-22
P0001685,ORG,Aoife,Smith,12/06/1968,SE918632D,aoife.smith31@example.co.uk,07692099952,150 Johnson Street,Manchester,M1 1AE,,Y,2011-02-13
P0001686,PERSON,Daniel,Murphy,27/07/1975,MX549346A,DANIEL.MURPHY360@EXAMPLE.CO.UK,07799530232,93 Jones Street,Manchester,M1 1AE,355,Y,2021-07-14
P0001687,PERSON,Emily,Patel,14/03/1964,TP770514D,emily.patel609@example.co.uk,07772655611,60 Smith Street,Birmingham,B1 1AA,,N,2021-03-23
P0001688,PERSON,George,Smith,29/01/1951,PB617375C,GEORGE.SMITH105@EXAMPLE.CO.UK,07909853997,249 Smith Street,Birmingham,B1 1AA,,Y,2022-06-04
P0001689,PERSON,Chloe,Murphy,22/05/1953,EY116438D,CHLOE.MURPHY186@EXAMPLE.CO.UK,07144933657,4 Wright Street,Birmingham,B1 1AA,80,Y,2008-06-11
P0001690,PERSON,Harry,Patel,02/07/1955,YT481136B,harry.patel927@example.co.uk,07951053161,189 Khan Street,Cardiff,CF10 1EP,281,N,2023-08-22
P0001691,ORG,Mohammed,Wright,08/12/2001,OS811237D,MOHAMMED.WRIGHT95@EXAMPLE.CO.UK,07873481842,98 Green Street,Bristol,BS1 4ST,392,N,2012-09-02
P0001692,PERSON,Priya,Khan,17/09/1962,,priya.khan963@example.co.uk,07560782750,230 Green Street,Glasgow,G1 1XQ,,N,2022-11-11
P0001693,PERSON,Fatima,Murphy,14/02/1986,KP786727D,fatima.murphy204@example.co.uk,07547203716,214 Wright Street,Bristol,BS1 4ST,278,Y,2016-10-13
P0001694,PERSON,Grace,Hughes,05/02/1968,AX738528C,GRACE.HUGHES247@EXAMPLE.CO.UK,07930152283,227 Walker Street,Birmingham,M1  1AE,,N,2021-09-06
P0001695,PERSON,Aoife,Johnson,06/12/1998,ZN661587A,aoife.johnson850@example.co.uk,07919435702,186 Khan Street,Bristol,BS1 4ST,,Y,2009-05-03
P0001696,PERSON,Priya,Jones,16/06/1993,AB580127B,PRIYA.JONES180@EXAMPLE.CO.UK,07914066258,155 Johnson Street,York,YO1 6GA,124,Y,2023-08-19
P0001697,PERSON,Lars,Robinson,22/05/1960,LP799352A,LARS.ROBINSON937@EXAMPLE.CO.UK,07130684697,17 Walker Street,Norwich,NR1 3QQ,426,Y,2020-07-16
P0001698,PERSON,Priya,Brown,16/10/1971,NA789893B,priya.brown40@example.co.uk,07201160730,80 Johnson Street,Birmingham,B1 1AA,326,Y,2009-06-14
P0001699,PERSON,Harry,Robinson,11/07/1993,NJ182490A,HARRY.ROBINSON272@EXAMPLE.CO.UK,07356624948,169 Murphy Street,Leeds,LS1 4AP,264,Y,2014-02-28
P0001700,PERSON,Emily,Clarke,11/02/1972,PH945282C,EMILY.CLARKE190@EXAMPLE.CO.UK,07154881692,135 Murphy Street,Norwich,NR1 3QQ,,Y,2019-11-08
P0001701,PERSON,George,Green,20/02/2004,RB936959A,george.green694@example.co.uk,07448084487,25 Taylor Street,Glasgow,G1 1XQ,,Y,2014-10-29
P0001702,PERSON,Priya,Murphy,19/01/1968,RG596926B,priya.murphy774@example.co.uk,07215592123,107 Robinson Street,Leeds,LS1 4AP,452,Y,2017-12-02
P0001703,PERSON,Thomas,Clarke,25/07/1948,OS854074B,thomas.clarke864@example.co.uk,07376303961,227 Brown Street,Birmingham,B1 1AA,,Y,2017-07-07
P0001704,PERSON,James,Hughes,08/02/1963,HA717774A,james.hughes539@example.co.uk,07351300022,22 Hall Street,Manchester,M1 1AE,377,N,2013-05-24
P0001705,PERSON,James,Davies,26/06/1995,BM451888A,james.davies613@example.co.uk,07874279071,158 Baker Street,Glasgow,G1 1XQ,274,Y,2010-10-21
P0001706,ORG,Fatima,Robinson,31/05/1960,KX683064A,fatima.robinson693@example.co.uk,07469535009,218 Taylor Street,Manchester,M1 1AE,34,Y,2022-08-01
P0001707,PERSON,Harry,Jones,11/01/1953,GY284239B,HARRY.JONES379@EXAMPLE.CO.UK,07374181807,34 Wright Street,Reading,RG1 1LX,,Y,2016-04-27
P0001708,PERSON,Lars,Clarke,09/11/1981,YA884845C,lars.clarke190@example.co.uk,07308394500,230 Taylor Street,Reading,RG1 1LX,128,Y,2023-11-11
P0001709,ORG,George,Khan,25/04/1962,BH796749D,george.khan447@example.co.uk,07828215641,165 Brown Street,Reading,RG1 1LX,337,Y,2017-02-24
P0001710,PERSON,Harry,Baker,16/04/1950,NC573866B,harry.baker972@example.co.uk,07646785453,29 Walker Street,Norwich,NR1 3QQ,336,Y,2021-10-12
P0001711,PERSON,Amelia,Jones,01/03/1985,XK516358A,amelia.jones501@example.co.uk,07575295669,56 Robinson Street,Leeds,LS1 4AP,,Y,2018-11-09
P0001712,PERSON,Sophie,Smith,16/03/1972,,sophie.smith141@example.co.uk,07471790720,218 Hall Street,Reading,RG1 1LX,399,N,2024-05-07
P0001713,PERSON,Amelia,Murphy,17/08/1957,HA237292D,amelia.murphy58@example.co.uk,07659143600,63 Green Street,Bristol,BS1 4ST,,Y,2021-09-30
P0001714,PERSON,Oliver,Johnson,13/10/1967,PT898210D,OLIVER.JOHNSON654@EXAMPLE.CO.UK,07796401042,200 Jones Street,Glasgow,G1 1XQ,311,Y,2021-07-23
P0001715,PERSON,George,Patel,11/08/1976,,george.patel702@example.co.uk,07256976385,62 Walker Street,Norwich,NR1 3QQ,144,Y,2010-02-27
P0001716,PERSON,Oliver,Taylor,07/11/1961,,oliver.taylor851@example.co.uk,07436695455,26 Davies Street,York,YO1 6GA,265,Y,2016-06-01
P0001717,PERSON,Oliver,Brown,08/12/1988,XH479230B,OLIVER.BROWN318@EXAMPLE.CO.UK,07927799366,141 Johnson Street,Birmingham,B1 1AA,47,Y,2009-09-21
P0001718,PERSON,Wei,Hughes,27/11/1950,YC780014D,wei.hughes742@example.co.uk,07892721423,98 Hall Street,Cardiff,CF10 1EP,362,Y,2024-10-19
P0001719,PERSON,Sean,Baker,18/05/2003,,sean.baker314@example.co.uk,07186750293,66 Brown Street,Norwich,NR1 3QQ,,N,2018-08-18
P0001720,PERSON,James,Robinson,29/03/1950,XN209261B,JAMES.ROBINSON445@EXAMPLE.CO.UK,07106893167,136 Murphy Street,Leeds,LS1 4AP,,Y,2010-06-21
P0001721,ORG,Daniel,Taylor,27/10/1995,TG746798D,daniel.taylor272@example.co.uk,07518206657,211 Brown Street,Bristol,BS1 4ST,,Y,2018-03-04
P0001722,PERSON,Fatima,Wright,08/01/1947,WX535446B,fatima.wright242@example.co.uk,07358253884,150 Murphy Street,Norwich,NR1 3QQ,460,Y,2011-01-06
P0001723,PERSON,Wei,Clarke,13/07/1979,SE305098D,wei.clarke557@example.co.uk,07983865927,12 Wilson Street,Leeds,LS1 4AP,167,N,2012-11-16
P0001724,PERSON,Grace,Clarke,05/03/1946,RJ862861B,GRACE.CLARKE310@EXAMPLE.CO.UK,07830119469,29 Taylor Street,Bristol,BS1 4ST,101,N,2017-05-01
P0001725,PERSON,Sophie,Khan,15/08/1955,ZR657700D,SOPHIE.KHAN642@EXAMPLE.CO.UK,07546309587,68 Wright Street,Manchester,M1 1AE,76,Y,2013-08-12
P0001726,PERSON,Wei,OBrien,31/10/1973,AJ495737B,WEI.OBRIEN552@EXAMPLE.CO.UK,07398826584,139 Davies Street,Reading,RG1 1LX,252,Y,2021-07-13
P0001727,PERSON,Isla,Clarke,13/05/1960,GE793444B,isla.clarke707@example.co.uk,07161902389,99 OBrien Street,Manchester,M1 1AE,254,Y,2014-04-14
P0001728,PERSON,Amelia,Jones,15/09/1963,CY573602B,AMELIA.JONES52@EXAMPLE.CO.UK,07268446678,72 Wright Street,Cardiff,CF10 1EP,,Y,2012-04-26
P0001729,PERSON,James,Taylor,17/02/1988,BW450922D,james.taylor117@example.co.uk,07882863371,203 Hughes Street,Norwich,NR1 3QQ,249,Y,2020-12-06
P0001730,PERSON,Ingrid,Khan,07/03/1992,GE614150A,INGRID.KHAN630@EXAMPLE.CO.UK,07686569334,219 Walker Street,Norwich,NR1 3QQ,,N,2017-05-13
P0001731,PERSON,Priya,Hughes,07/07/1948,AS180708D,PRIYA.HUGHES567@EXAMPLE.CO.UK,07959840299,176 OBrien Street,Reading,RG1 1LX,,Y,2013-06-15
P0001732,PERSON,Sophie,Walker,14/12/1957,OT957710B,sophie.walker849@example.co.uk,07908843777,107 Brown Street,Manchester,M1 1AE,218,Y,2014-11-04
P0001733,PERSON,Chloe,Walker,20/07/1959,JX994378A,chloe.walker500@example.co.uk,07278981663,179 Jones Street,York,YO1 6GA,267,Y,2012-08-24
P0001734,PERSON,James,Wright,23/11/1946,ER332577B,james.wright437@example.co.uk,07229422754,206 Davies Street,Norwich,NR1 3QQ,423,Y,2021-10-08
P0001735,PERSON,Sean,OBrien,08/01/1964,BK599354B,sean.obrien593@example.co.uk,07905021918,76 Murphy Street,London,EC1A 1BB,168,Y,2015-06-20
P0001736,PERSON,Sean,Davies,29/08/1970,ZZ674786A,SEAN.DAVIES712@EXAMPLE.CO.UK,07398985184,188 Johnson Street,Cardiff,CF10 1EP,,Y,2011-06-16
P0001737,PERSON,Harry,OBrien,07/09/1970,HN684739A,harry.obrien109@example.co.uk,07992786814,66 Wright Street,Norwich,NR1 3QQ,292,N,2012-01-10
P0001738,PERSON,Sophie,Wilson,26/05/2003,KZ727293C,sophie.wilson193@example.co.uk,07204870088,212 Johnson Street,Cardiff,CF10 1EP,286,N,2020-06-11
P0001739,PERSON,Thomas,OBrien,20/12/1960,AW726855D,thomas.obrien97@example.co.uk,07891217136,87 Hall Street,Glasgow,G1 1XQ,125,Y,2021-03-02
P0001740,PERSON,Fatima,Khan,04/07/1972,BY885654B,fatima.khan904@example.co.uk,07594890024,124 Johnson Street,Reading,RG1 1LX,250,Y,2010-01-31
P0001741,PERSON,Fatima,Clarke,05/08/1985,JS574817A,fatima.clarke66@example.co.uk,07246120626,31 Wright Street,Manchester,M1 1AE,,Y,2023-11-06
P0001742,PERSON,Grace,Smith,15/05/2003,LE821782B,grace.smith942@example.co.uk,07165853562,106 Davies Street,Birmingham,B1 1AA,493,Y,2013-04-06
P0001743,PERSON,Fatima,OBrien,06/09/1967,MM381495B,FATIMA.OBRIEN924@EXAMPLE.CO.UK,07693507469,224 Patel Street,London,EC1A 1BB,32,Y,2022-12-26
P0001744,PERSON,James,Wilson,08/03/2002,,james.wilson287@example.co.uk,07571607001,106 Murphy Street,Leeds,LS1 4AP,,N,2010-01-14
P0001745,PERSON,Sophie,Hughes,14/03/1978,ZZ398851A,sophie.hughes674@example.co.uk,07477477173,50 Hall Street,Manchester,M1 1AE,,Y,2023-11-07
P0001746,PERSON,Amelia,Johnson,08/12/1981,NC817621A,amelia.johnson40@example.co.uk,07985463197,46 Clarke Street,Glasgow,G1 1XQ,199,N,2022-12-20
P0001747,PERSON,Amelia,Smith,07/09/1997,YZ283950A,amelia.smith205@example.co.uk,07287367439,62 Wright Street,Glasgow,G1 1XQ,,Y,2016-07-23
P0001748,PERSON,Fatima,Baker,26/07/1999,KK663357D,FATIMA.BAKER960@EXAMPLE.CO.UK,07368487364,24 Taylor Street,Cardiff,CF10 1EP,492,Y,2020-02-25
P0001749,PERSON,George,Hall,19/09/2000,LG408340A,george.hall17@example.co.uk,07823001425,46 Hughes Street,Reading,RG1 1LX,64,N,2014-01-22
P0001750,PERSON,Fatima,Johnson,31/01/1958,KL318824D,fatima.johnson826@example.co.uk,07891967953,135 Clarke Street,Bristol,BS1 4ST,,Y,2021-09-24
P0001751,PERSON,Thomas,Jones,20/07/1985,XH502358B,thomas.jones446@example.co.uk,07468857602,6 Robinson Street,Glasgow,G1 1XQ,,Y,2015-08-17
P0001752,ORG,James,Baker,02/03/1971,OL602901A,JAMES.BAKER168@EXAMPLE.CO.UK,07558401861,207 Hall Street,York,YO1 6GA,112,N,2017-06-18
P0001753,PERSON,Grace,OBrien,18/10/1958,BL580150A,grace.obrien331@example.co.uk,07661603140,52 Smith Street,Reading,RG1 1LX,392,Y,2021-04-10
P0001754,PERSON,Daniel,OBrien,30/07/1964,MR799360D,daniel.obrien140@example.co.uk,07565615555,111 Robinson Street,York,YO1 6GA,459,Y,2021-09-16
P0001755,PERSON,Daniel,Patel,30/12/1980,AS712622A,DANIEL.PATEL17@EXAMPLE.CO.UK,07380098706,160 Robinson Street,Cardiff,CF10 1EP,320,N,2009-10-23
P0001756,PERSON,James,Johnson,22/12/1986,RS863253C,JAMES.JOHNSON267@EXAMPLE.CO.UK,07463683343,20 Green Street,Norwich,NR1 3QQ,318,N,2017-06-22
P0001757,PERSON,James,Brown,25/06/1974,JM828020B,james.brown504@example.co.uk,07495069737,157 Walker Street,Bristol,BS1 4ST,,Y,2015-05-08
P0001758,PERSON,James,Patel,31/01/1969,YK608006C,james.patel778@example.co.uk,07245722248,212 Patel Street,London,EC1A 1BB,,N,2020-07-31
P0001759,PERSON,Fatima,Taylor,24/04/1982,EM134909B,fatima.taylor852@example.co.uk,07832816859,220 Davies Street,York,YO1 6GA,,Y,2023-10-30
P0001760,PERSON,Ingrid,Walker,21/06/1955,CS897537B,ingrid.walker774@example.co.uk,07408724505,147 Davies Street,Cardiff,CF10 1EP,,N,2017-02-17
P0001761,PERSON,Aoife,Jones,19/03/2000,,aoife.jones395@example.co.uk,07123338491,198 Taylor Street,Leeds,LS1 4AP,,N,2011-03-03
P0001762,ORG,Lars,Green,12/11/1991,JA895965C,lars.green387@example.co.uk,07640859955,221 Murphy Street,Reading,RG1 1LX,,Y,2023-11-18
P0001763,PERSON,Ingrid,Robinson,04/06/1971,NS253806A,ingrid.robinson537@example.co.uk,07902469456,109 Johnson Street,Cardiff,CF10 1EP,75,Y,2023-04-02
P0001764,PERSON,Grace,Johnson,01/06/1996,KK210049A,grace.johnson610@example.co.uk,07261640251,51 Davies Street,Bristol,BS1 4ST,,Y,2023-03-30
P0001765,PERSON,Fatima,Taylor,10/10/1982,SM393538C,fatima.taylor732@example.co.uk,07559569710,45 Walker Street,London,EC1A 1BB,2,N,2016-09-14
P0001766,PERSON,Isla,Clarke,17/11/1979,XW953244D,ISLA.CLARKE552@EXAMPLE.CO.UK,07632356105,248 Murphy Street,Glasgow,G1 1XQ,444,Y,2023-05-06
P0001767,PERSON,Grace,Davies,04/08/1965,JT886331D,grace.davies860@example.co.uk,07986725251,223 Smith Street,York,YO1 6GA,,N,2013-05-20
P0001768,PERSON,Ingrid,Clarke,13/10/1981,AW541713D,ingrid.clarke430@example.co.uk,07430847110,153 Robinson Street,York,YO1 6GA,,Y,2014-09-07
P0001769,PERSON,Amelia,Taylor,12/06/1968,ZZ161015A,amelia.taylor773@example.co.uk,07149941122,147 Patel Street,Norwich,NR1 3QQ,,N,2017-03-04
P0001770,PERSON,Priya,Clarke,13/01/1972,NK650852C,priya.clarke744@example.co.uk,07553834625,94 Davies Street,York,YO1 6GA,,Y,2012-01-16
P0001771,ORG,George,Williams,04/12/1976,AB372869D,GEORGE.WILLIAMS441@EXAMPLE.CO.UK,07712698424,189 Taylor Street,London,EC1A 1BB,,Y,2024-07-01
P0001772,PERSON,Isla,Khan,22/06/1992,ZX695273D,isla.khan772@example.co.uk,07186274942,23 Green Street,Glasgow,G1 1XQ,,Y,2015-02-20
P0001773,PERSON,Sean,Johnson,05/03/1980,TT545697A,sean.johnson807@example.co.uk,07920462015,166 Walker Street,Bristol,BS1 4ST,275,Y,2023-01-01
P0001774,PERSON,James,Patel,22/08/2004,PY254414A,james.patel473@example.co.uk,07864520071,35 Murphy Street,Reading,RG1 1LX,493,Y,2021-06-19
P0001775,PERSON,Daniel,Murphy,03/07/1941,KA865455B,daniel.murphy540@example.co.uk,07299647059,128 Walker Street,Reading,RG1 1LX,,N,2008-05-22
P0001776,PERSON,Mohammed,Patel,03/03/1983,CL157456C,MOHAMMED.PATEL697@EXAMPLE.CO.UK,07194746366,137 Clarke Street,Leeds,LS1 4AP,184,Y,2014-11-30
P0001777,PERSON,Ingrid,Khan,19/06/1980,SX456079B,INGRID.KHAN889@EXAMPLE.CO.UK,07421298214,222 Khan Street,Leeds,LS1 4AP,,N,2008-01-22
P0001778,ORG,George,OBrien,04/05/1994,HK921130D,george.obrien269@example.co.uk,07483700328,22 Green Street,Bristol,BS1 4ST,,N,2023-04-18
P0001779,PERSON,Fatima,Walker,27/10/1967,JP180063B,FATIMA.WALKER948@EXAMPLE.CO.UK,07481545031,132 Murphy Street,Norwich,NR1 3QQ,79,Y,2017-05-20
P0001780,ORG,Mohammed,Green,17/01/1947,OH827466A,mohammed.green358@example.co.uk,07746733407,84 OBrien Street,Leeds,LS1 4AP,,N,2021-11-26
P0001781,ORG,Oliver,Baker,16/11/1986,PN478542A,oliver.baker311@example.co.uk,07470614696,195 Hall Street,Manchester,M1 1AE,,Y,2020-01-25
P0001782,ORG,George,Brown,18/09/1992,BB305602A,george.brown226@example.co.uk,07513583322,49 Patel Street,Bristol,BS1 4ST,166,Y,2021-08-10
P0001783,PERSON,Emily,Khan,31/01/1954,KB981240A,EMILY.KHAN106@EXAMPLE.CO.UK,07652988226,81 Williams Street,Reading,RG1 1LX,141,Y,2012-05-01
P0001784,PERSON,Grace,Taylor,26/10/1947,OP305287A,grace.taylor303@example.co.uk,07444378828,58 Jones Street,Cardiff,CF10 1EP,,Y,2014-11-22
P0001785,PERSON,Grace,Smith,08/05/1980,ZS478077C,grace.smith452@example.co.uk,07435933107,82 Robinson Street,York,YO1 6GA,,Y,2023-11-17
P0001786,PERSON,Fatima,Davies,27/05/1967,ZZ203054B,fatima.davies334@example.co.uk,07759142836,220 Hall Street,Bristol,BS1 4ST,,Y,2011-06-04
P0001787,ORG,Oliver,Walker,10/07/1967,AS209724D,oliver.walker701@example.co.uk,07508596754,177 Hall Street,Manchester,M1 1AE,,Y,2009-04-27
P0001788,PERSON,Sean,Williams,11/05/1954,GS964264B,SEAN.WILLIAMS681@EXAMPLE.CO.UK,07189892241,163 Wright Street,Bristol,BS1 4ST,312,Y,2022-04-23
P0001789,PERSON,Wei,Wilson,07/05/1998,GA654778B,wei.wilson801@example.co.uk,07633187276,147 Taylor Street,Cardiff,CF10 1EP,123,N,2008-04-01
P0001790,PERSON,Priya,Baker,01/09/1960,SB837630B,PRIYA.BAKER143@EXAMPLE.CO.UK,07132755072,12 Robinson Street,Glasgow,G1 1XQ,,N,2013-12-29
P0001791,PERSON,Aoife,OBrien,27/03/1995,EG739694C,AOIFE.OBRIEN506@EXAMPLE.CO.UK,07459356821,48 Jones Street,Birmingham,B1 1AA,102,Y,2019-06-24
P0001792,PERSON,James,Williams,04/09/1996,,james.williams971@example.co.uk,07286296903,203 Wilson Street,York,YO1 6GA,71,Y,2017-05-21
P0001793,PERSON,Priya,Khan,20/10/1982,NB852895A,PRIYA.KHAN270@EXAMPLE.CO.UK,07189583974,163 Hughes Street,Norwich,NR1 3QQ,,N,2021-02-08
P0001794,PERSON,Sean,OBrien,31/01/1979,OS944375B,SEAN.OBRIEN402@EXAMPLE.CO.UK,07700075651,126 Hughes Street,Bristol,BS1 4ST,,Y,2019-06-13
P0001795,PERSON,Lars,Clarke,08/03/1971,BS778590B,lars.clarke436@example.co.uk,07248232294,216 Baker Street,Reading,RG1 1LX,,Y,2009-12-23
P0001796,PERSON,Sophie,Johnson,18/11/1989,SC890275A,SOPHIE.JOHNSON392@EXAMPLE.CO.UK,07117906064,54 OBrien Street,London,EC1A 1BB,492,Y,2024-03-03
P0001797,PERSON,Thomas,Hughes,25/08/1992,YM423003A,thomas.hughes817@example.co.uk,07909049009,32 Patel Street,Glasgow,G1 1XQ,181,Y,2020-08-20
P0001798,PERSON,Oliver,Murphy,07/12/1960,CS597268B,oliver.murphy316@example.co.uk,07980547182,145 OBrien Street,Norwich,NR1 3QQ,262,N,2010-10-29
P0001799,PERSON,Wei,Wright,13/09/1940,WS975260C,wei.wright828@example.co.uk,07809560308,39 Baker Street,York,YO1 6GA,,N,2016-03-30
P0001800,ORG,Aoife,Wilson,02/04/1954,EX328939B,AOIFE.WILSON539@EXAMPLE.CO.UK,07325129926,11 Walker Street,Birmingham,B1 1AA,18,N,2019-07-14
P0001801,PERSON,Mohammed,Walker,05/01/1988,RW626785A,mohammed.walker745@example.co.uk,07528663149,72 OBrien Street,Bristol,BS1 4ST,,N,2012-11-27
P0001802,PERSON,Ingrid,Patel,08/03/1965,KP767081B,INGRID.PATEL589@EXAMPLE.CO.UK,07612793230,83 Murphy Street,Glasgow,G1 1XQ,151,Y,2023-11-27
P0001803,PERSON,Mohammed,Hall,20/05/1996,SL191211A,mohammed.hall163@example.co.uk,07412601246,249 Hughes Street,York,YO1 6GA,356,Y,2011-07-05
P0001804,PERSON,Fatima,Robinson,30/12/1968,ZW545016C,fatima.robinson779@example.co.uk,07387999913,157 Walker Street,Manchester,M1 1AE,,Y,2015-02-20
P0001805,PERSON,Amelia,Murphy,14/07/1997,ZS349123A,amelia.murphy447@example.co.uk,07153494223,145 Johnson Street,Bristol,BS1 4ST,,Y,2019-04-24
P0001806,PERSON,Emily,Jones,21/11/1949,YW783889B,EMILY.JONES406@EXAMPLE.CO.UK,07401487225,38 Williams Street,Leeds,LS1 4AP,,Y,2020-02-22
P0001807,PERSON,George,Khan,19/06/1999,,george.khan615@example.co.uk,07922800018,66 Walker Street,Birmingham,B1 1AA,4,Y,2009-02-07
P0001808,PERSON,Amelia,Hughes,05/01/1943,AC979236C,amelia.hughes282@example.co.uk,07570979210,192 Davies Street,London,EC1A 1BB,122,Y,2019-10-27
P0001809,PERSON,Wei,Clarke,07/08/1983,OK714224B,wei.clarke107@example.co.uk,07143919167,158 Walker Street,Glasgow,G1 1XQ,179,Y,2013-12-29
P0001810,PERSON,Wei,Williams,23/06/1984,MZ166025A,wei.williams140@example.co.uk,07264451086,182 Hughes Street,London,EC1A 1BB,,N,2015-10-30
P0001811,PERSON,Fatima,Robinson,17/03/1996,,fatima.robinson948@example.co.uk,07483773375,249 OBrien Street,Birmingham,B1 1AA,404,N,2022-07-22
P0001812,PERSON,George,Green,22/01/1962,XG193680B,george.green882@example.co.uk,07547519474,67 Johnson Street,London,EC1A 1BB,,N,2016-04-25
P0001813,PERSON,Wei,Wright,15/07/1997,ZA971565D,wei.wright525@example.co.uk,07188246628,171 Baker Street,Bristol,BS1 4ST,,Y,2010-03-30
P0001814,PERSON,Chloe,Hughes,20/10/1945,LM200639C,chloe.hughes468@example.co.uk,07277394348,87 Johnson Street,Norwich,NR1 3QQ,,Y,2017-08-19
P0001815,PERSON,Thomas,Hall,30/07/1988,NZ598984C,thomas.hall183@example.co.uk,07566404531,90 Clarke Street,York,YO1 6GA,466,N,2021-01-22
P0001816,PERSON,Oliver,Wright,06/09/1941,JM333470D,oliver.wright371@example.co.uk,07805708989,127 Brown Street,Glasgow,G1 1XQ,57,Y,2017-03-17
P0001817,PERSON,Daniel,Wilson,20/08/1952,BW524584B,DANIEL.WILSON744@EXAMPLE.CO.UK,07220853189,89 Johnson Street,London,EC1A 1BB,371,Y,2018-05-27
P0001818,ORG,Lars,Brown,27/07/1944,ST339826C,lars.brown680@example.co.uk,07382212248,62 Taylor Street,London,EC1A 1BB,,N,2022-10-14
P0001819,PERSON,Thomas,Green,26/05/1983,NR366927A,THOMAS.GREEN137@EXAMPLE.CO.UK,07390300589,166 Wright Street,Birmingham,B1 1AA,344,Y,2016-10-28
P0001820,PERSON,Aoife,OBrien,13/03/1998,GY484532C,aoife.obrien384@example.co.uk,07118954709,214 Baker Street,Norwich,NR1 3QQ,,N,2015-09-19
P0001821,PERSON,Ingrid,Hall,15/01/1967,PB262931C,ingrid.hall853@example.co.uk,07226226714,199 Johnson Street,Norwich,NR1 3QQ,,Y,2013-05-06
P0001822,PERSON,George,Khan,02/11/1979,SE366847D,george.khan2@example.co.uk,07625209840,185 Davies Street,Bristol,EC1A1BB,,N,2010-10-16
P0001823,PERSON,Aoife,Murphy,09/01/2004,TM490975D,AOIFE.MURPHY328@EXAMPLE.CO.UK,07595509827,7 Johnson Street,Reading,RG1 1LX,,Y,2016-09-15
P0001824,PERSON,Sophie,Smith,25/12/1946,ET886122A,sophie.smith472@example.co.uk,07593934037,147 Patel Street,Glasgow,G1 1XQ,150,Y,2018-12-18
P0001825,PERSON,Aoife,Walker,12/11/2002,PG215177C,aoife.walker612@example.co.uk,07938155886,61 Green Street,Birmingham,B1 1AA,81,N,2021-02-16
P0001826,PERSON,Fatima,Robinson,18/01/1976,KP806537C,fatima.robinson694@example.co.uk,07738174536,105 Jones Street,Leeds,LS1 4AP,,Y,2018-03-11
P0001827,PERSON,Harry,Williams,27/11/1987,OE889872B,harry.williams552@example.co.uk,07179897839,70 Johnson Street,Leeds,LS1 4AP,,Y,2018-07-01
P0001828,PERSON,Grace,Wilson,08/03/1984,KN603090D,grace.wilson651@example.co.uk,07980665491,227 Taylor Street,Bristol,BS1 4ST,51,N,2014-01-04
P0001829,ORG,Sean,Smith,02/08/1957,KP911785D,sean.smith721@example.co.uk,07702068340,209 Williams Street,London,EC1A 1BB,270,Y,2008-07-25
P0001830,PERSON,Sean,Wilson,29/09/1970,LC248363D,sean.wilson186@example.co.uk,07726285652,27 Taylor Street,Cardiff,CF10 1EP,,N,2023-01-28
P0001831,PERSON,Harry,Johnson,30/11/1954,PC213461D,harry.johnson78@example.co.uk,07686858129,146 Williams Street,Bristol,BS1 4ST,,N,2021-11-16
P0001832,PERSON,Grace,Clarke,27/07/1968,JH492990C,GRACE.CLARKE463@EXAMPLE.CO.UK,07182045603,29 Hughes Street,Bristol,BS1 4ST,393,Y,2023-06-03
P0001833,PERSON,Aoife,OBrien,28/08/1947,NG160753B,aoife.obrien219@example.co.uk,07795857633,165 Green Street,Cardiff,CF10 1EP,211,Y,2021-04-20
P0001834,PERSON,George,Robinson,18/10/2004,LW184170C,george.robinson440@example.co.uk,07244503201,43 Smith Street,York,YO1 6GA,,N,2013-11-08
P0001835,PERSON,Sean,Davies,16/10/1957,HT277192B,sean.davies249@example.co.uk,07112259900,51 Smith Street,Glasgow,G1 1XQ,,Y,2016-11-08
P0001836,PERSON,Grace,Robinson,28/04/1983,EY348762D,grace.robinson48@example.co.uk,07895065665,155 Murphy Street,Reading,M1  1AE,,Y,2017-06-11
P0001837,PERSON,Ingrid,Taylor,07/02/1997,,ingrid.taylor427@example.co.uk,07654207053,102 Green Street,Birmingham,B1 1AA,,Y,2014-09-21
P0001838,PERSON,Sophie,Hughes,25/12/1974,HR985994C,sophie.hughes834@example.co.uk,07954532354,103 Patel Street,Reading,RG1 1LX,,Y,2018-06-24
P0001839,PERSON,Grace,Brown,28/10/1992,KA505697C,grace.brown628@example.co.uk,07711096397,9 Baker Street,Manchester,M1 1AE,,N,2024-11-01
P0001840,PERSON,Ingrid,Smith,02/08/1960,ZT815838A,INGRID.SMITH306@EXAMPLE.CO.UK,07174250666,189 Murphy Street,Birmingham,B1 1AA,,Y,2010-03-28
P0001841,ORG,George,Clarke,16/11/1988,HE448246B,GEORGE.CLARKE146@EXAMPLE.CO.UK,07367327585,164 Clarke Street,Reading,RG1 1LX,318,N,2015-08-24
P0001842,PERSON,Emily,Clarke,22/04/1940,AY842222D,emily.clarke144@example.co.uk,07396722545,132 Smith Street,Birmingham,B1 1AA,126,Y,2021-07-14
P0001843,PERSON,Isla,Johnson,07/01/1973,ZC104468D,isla.johnson559@example.co.uk,07356960471,227 OBrien Street,Leeds,LS1 4AP,53,N,2018-10-07
P0001844,PERSON,Grace,OBrien,05/10/1962,AH870079A,grace.obrien387@example.co.uk,07967376347,196 Taylor Street,Reading,RG1 1LX,,Y,2020-03-06
P0001845,ORG,Isla,Johnson,14/10/1947,TZ706274A,isla.johnson586@example.co.uk,07463864010,207 Hall Street,Glasgow,G1 1XQ,258,Y,2019-01-19
P0001846,PERSON,Ingrid,Taylor,06/08/1983,BZ418205A,INGRID.TAYLOR717@EXAMPLE.CO.UK,07850166555,98 Smith Street,London,EC1A 1BB,265,Y,2016-10-17
P0001847,PERSON,Thomas,Green,19/10/1960,XL220904D,thomas.green780@example.co.uk,07533482274,118 Robinson Street,York,YO1 6GA,476,N,2017-10-08
P0001848,ORG,Oliver,Smith,15/10/1974,YT809175B,oliver.smith287@example.co.uk,07786177667,196 Wright Street,Leeds,LS1 4AP,,N,2008-12-31
P0001849,PERSON,Isla,Davies,19/11/1955,SN891601D,isla.davies271@example.co.uk,07383497061,223 OBrien Street,Reading,RG1 1LX,208,Y,2008-01-03
P0001850,PERSON,Grace,Green,14/03/1965,SJ984680A,grace.green919@example.co.uk,07469837972,100 Smith Street,York,YO1 6GA,149,N,2014-06-29
P0001851,PERSON,Emily,Wright,13/08/1944,YM941740D,emily.wright466@example.co.uk,07226021864,27 Brown Street,Reading,RG1 1LX,,Y,2020-12-02
P0001852,PERSON,Ingrid,Clarke,07/07/1967,NT257137D,INGRID.CLARKE903@EXAMPLE.CO.UK,07515968822,175 Baker Street,Norwich,NR1 3QQ,117,Y,2019-05-15
P0001853,PERSON,Mohammed,Patel,12/01/2001,PX999962C,mohammed.patel26@example.co.uk,07112249011,216 Walker Street,Leeds,LS1 4AP,228,Y,2021-03-27
P0001854,PERSON,Chloe,Wilson,23/04/1998,XW135410D,chloe.wilson736@example.co.uk,07589857352,113 Hall Street,Cardiff,CF10 1EP,,Y,2008-11-30
P0001855,PERSON,George,Baker,08/09/1990,HT173147A,GEORGE.BAKER915@EXAMPLE.CO.UK,07570089369,195 Davies Street,Cardiff,CF10 1EP,19,N,2010-10-06
P0001856,PERSON,Harry,Green,25/07/1993,HM311514B,HARRY.GREEN430@EXAMPLE.CO.UK,07834880588,242 Davies Street,Birmingham,B1 1AA,,Y,2011-03-18
P0001857,PERSON,George,Hall,16/11/1992,AR693492C,george.hall952@example.co.uk,07830199142,235 Smith Street,Leeds,LS1 4AP,346,Y,2015-09-17
P0001858,PERSON,Harry,Johnson,05/08/1970,MC243172C,HARRY.JOHNSON449@EXAMPLE.CO.UK,07868157534,214 Jones Street,York,YO1 6GA,,Y,2016-07-30
P0001859,PERSON,Thomas,Patel,23/08/1987,NK211813A,thomas.patel908@example.co.uk,07778337659,193 Hughes Street,York,YO1 6GA,,N,2013-09-27
P0001860,PERSON,Emily,Murphy,28/05/1971,,EMILY.MURPHY987@EXAMPLE.CO.UK,07576812652,106 Khan Street,Bristol,BS1 4ST,,N,2016-03-10
P0001861,PERSON,Mohammed,Smith,12/01/1983,PA811705B,MOHAMMED.SMITH571@EXAMPLE.CO.UK,07875356177,152 Williams Street,Cardiff,CF10 1EP,,Y,2013-08-02
P0001862,PERSON,Amelia,Wright,25/01/1943,PS318992B,amelia.wright924@example.co.uk,07606779656,145 Hughes Street,Manchester,M1 1AE,,N,2011-07-30
P0001863,PERSON,Sean,Wright,18/03/1958,OS282117A,sean.wright847@example.co.uk,07815684382,148 Clarke Street,Manchester,M1 1AE,,Y,2010-07-29
P0001864,PERSON,Fatima,Smith,12/01/1961,AN182398A,FATIMA.SMITH200@EXAMPLE.CO.UK,07623629760,80 OBrien Street,Birmingham,B1 1AA,485,Y,2011-05-14
P0001865,PERSON,James,Williams,07/02/2001,OL170069D,JAMES.WILLIAMS164@EXAMPLE.CO.UK,07635033969,159 Williams Street,London,EC1A 1BB,176,Y,2023-08-13
P0001866,PERSON,Amelia,Jones,20/02/1964,AE472781B,amelia.jones416@example.co.uk,07830730634,147 Robinson Street,Cardiff,CF10 1EP,119,Y,2011-10-31
P0001867,ORG,Oliver,Davies,16/09/2004,XJ311459A,oliver.davies408@example.co.uk,07499929211,130 Wright Street,London,EC1A 1BB,,Y,2013-05-02
P0001868,PERSON,Aoife,Johnson,12/09/1975,NT723293B,AOIFE.JOHNSON548@EXAMPLE.CO.UK,07530931168,125 Taylor Street,London,EC1A 1BB,,Y,2022-11-19
P0001869,PERSON,Aoife,OBrien,14/11/1984,BE692965D,aoife.obrien721@example.co.uk,07619033172,172 Williams Street,Manchester,M1 1AE,104,Y,2010-11-23
P0001870,PERSON,Priya,Taylor,08/04/1991,OG349849B,priya.taylor134@example.co.uk,07706773699,116 Smith Street,London,EC1A 1BB,,N,2020-11-26
P0001871,ORG,George,Wright,11/07/1992,ON949927A,GEORGE.WRIGHT349@EXAMPLE.CO.UK,07326573048,206 Hall Street,York,YO1 6GA,412,Y,2009-11-13
P0001872,PERSON,Grace,Hall,16/10/1954,SM829799A,grace.hall997@example.co.uk,07432616209,235 Wilson Street,London,EC1A 1BB,323,Y,2018-06-28
P0001873,PERSON,Isla,Baker,18/12/1976,XK826768A,ISLA.BAKER163@EXAMPLE.CO.UK,07801298681,148 Wright Street,Cardiff,CF10 1EP,322,N,2013-04-14
P0001874,PERSON,Fatima,Robinson,24/01/1983,NM752881D,fatima.robinson176@example.co.uk,07276942899,155 Clarke Street,Bristol,BS1 4ST,,Y,2010-06-22
P0001875,PERSON,Mohammed,Clarke,15/10/2003,BH743179A,mohammed.clarke872@example.co.uk,07343089152,70 Green Street,Bristol,BS1 4ST,290,Y,2022-05-15
P0001876,ORG,Grace,Williams,15/04/1966,BZ401025A,grace.williams483@example.co.uk,07549844358,179 Murphy Street,Reading,RG1 1LX,432,Y,2018-09-19
P0001877,PERSON,Fatima,Williams,01/11/1965,GG483744C,fatima.williams901@example.co.uk,07135490349,57 Walker Street,Birmingham,B1 1AA,,N,2013-03-06
P0001878,PERSON,Oliver,Hall,01/08/1947,,OLIVER.HALL736@EXAMPLE.CO.UK,07456576504,38 Robinson Street,Bristol,BS1 4ST,368,Y,2023-12-10
P0001879,ORG,Sophie,Robinson,15/07/1956,NS699342A,sophie.robinson840@example.co.uk,07780896642,17 Hughes Street,Birmingham,B1 1AA,412,Y,2021-09-09
P0001880,PERSON,Isla,Johnson,08/08/1969,HH703149B,isla.johnson626@example.co.uk,07917824980,166 OBrien Street,York,YO1 6GA,170,Y,2023-05-08
P0001881,PERSON,Fatima,Wright,06/10/1982,HH552225B,fatima.wright817@example.co.uk,07599261285,187 Davies Street,Manchester,M1 1AE,,Y,2008-03-27
P0001882,PERSON,Oliver,Johnson,07/11/1952,RM983348D,oliver.johnson620@example.co.uk,07792478875,80 Khan Street,Reading,EC1A1BB,,Y,2019-04-15
P0001883,ORG,Ingrid,Davies,23/04/2003,MH772449B,INGRID.DAVIES333@EXAMPLE.CO.UK,07764907326,127 Hall Street,Glasgow,G1 1XQ,240,Y,2023-10-27
P0001884,PERSON,Oliver,Walker,25/09/1979,ZJ420630B,oliver.walker974@example.co.uk,07529760349,151 Smith Street,Glasgow,G1 1XQ,,Y,2012-10-02
P0001885,PERSON,Daniel,Wilson,20/10/2001,SJ360172A,daniel.wilson356@example.co.uk,07364433958,6 Wright Street,Birmingham,B1 1AA,,Y,2015-08-20
P0001886,PERSON,Isla,Johnson,11/07/1944,MW365812A,isla.johnson186@example.co.uk,07678460869,96 Johnson Street,Leeds,LS1 4AP,237,N,2018-04-15
P0001887,PERSON,Emily,Jones,07/09/1961,GN200492A,emily.jones236@example.co.uk,07196394549,94 Murphy Street,Glasgow,EC1A1BB,96,Y,2019-03-08
P0001888,PERSON,Oliver,Baker,07/12/1963,MN512373C,OLIVER.BAKER650@EXAMPLE.CO.UK,07737514090,159 Wilson Street,London,EC1A 1BB,207,Y,2016-05-07
P0001889,PERSON,Amelia,Williams,10/10/1968,WC714866A,amelia.williams239@example.co.uk,07982933108,188 Murphy Street,York,YO1 6GA,180,N,2015-11-01
P0001890,ORG,Isla,Khan,02/11/1994,TE449366D,isla.khan985@example.co.uk,07437218241,92 Wright Street,Bristol,BS1 4ST,,N,2016-10-18
P0001891,PERSON,Fatima,Davies,01/08/1955,KA980694D,FATIMA.DAVIES982@EXAMPLE.CO.UK,07540789630,35 Taylor Street,York,YO1 6GA,482,Y,2020-01-12
P0001892,PERSON,Priya,Walker,20/04/1961,NB403208B,PRIYA.WALKER324@EXAMPLE.CO.UK,07751883055,144 Clarke Street,Birmingham,EC1A1BB,,Y,2016-01-15
P0001893,PERSON,Fatima,Hall,16/12/1979,RA629726A,fatima.hall472@example.co.uk,07736579301,10 Brown Street,Manchester,M1 1AE,,Y,2014-05-19
P0001894,PERSON,Fatima,Brown,28/06/1944,WY202931B,FATIMA.BROWN751@EXAMPLE.CO.UK,07958186737,250 Clarke Street,Leeds,LS1 4AP,,Y,2016-08-27
P0001895,PERSON,Isla,Green,02/12/1986,OC653063C,isla.green117@example.co.uk,07739826131,12 Murphy Street,Cardiff,CF10 1EP,371,Y,2022-10-27
P0001896,PERSON,Daniel,Clarke,20/12/1969,WB112615D,daniel.clarke410@example.co.uk,07867226818,125 Wilson Street,York,YO1 6GA,,N,2024-03-28
P0001897,PERSON,Aoife,Brown,25/05/2000,OS396451A,aoife.brown685@example.co.uk,07339740916,187 Smith Street,Bristol,BS1 4ST,,N,2012-12-23
P0001898,PERSON,Oliver,Clarke,26/02/1994,OE772706C,oliver.clarke455@example.co.uk,07405002393,156 Green Street,York,YO1 6GA,,Y,2018-05-08
P0001899,ORG,Amelia,Patel,07/10/1974,WS571272C,AMELIA.PATEL493@EXAMPLE.CO.UK,07702569666,87 Wright Street,Bristol,BS1 4ST,459,N,2009-11-19
P0001900,PERSON,Fatima,Khan,15/10/1971,PJ418421B,fatima.khan442@example.co.uk,07195997703,129 Jones Street,London,EC1A 1BB,454,N,2022-09-16
P0001901,PERSON,Lars,Johnson,20/10/1992,OS447368B,LARS.JOHNSON955@EXAMPLE.CO.UK,07604363862,181 Wright Street,Birmingham,EC1A1BB,,Y,2013-06-05
P0001902,PERSON,James,Johnson,01/12/1948,HS212964C,JAMES.JOHNSON388@EXAMPLE.CO.UK,07615918469,173 Williams Street,Norwich,NR1 3QQ,,Y,2010-04-27
P0001903,ORG,Harry,Patel,22/08/1999,NA790156A,harry.patel59@example.co.uk,07417599303,152 Jones Street,Birmingham,B1 1AA,7,Y,2024-09-10
P0001904,PERSON,Oliver,Baker,01/08/1992,SK645708D,OLIVER.BAKER941@EXAMPLE.CO.UK,07505344558,25 Clarke Street,York,YO1 6GA,,Y,2012-07-14
P0001905,PERSON,Grace,Davies,15/03/1987,HM748503B,grace.davies226@example.co.uk,07627978826,178 Patel Street,London,N/A,299,Y,2020-09-28
P0001906,PERSON,Daniel,Walker,06/03/1968,JP204622D,DANIEL.WALKER278@EXAMPLE.CO.UK,07461661757,40 Robinson Street,Cardiff,CF10 1EP,166,N,2022-03-04
P0001907,PERSON,Wei,Jones,16/05/1940,MB490364D,wei.jones170@example.co.uk,07584910302,219 Brown Street,Birmingham,B1 1AA,,Y,2009-10-07
P0001908,PERSON,Priya,Hughes,02/08/1990,HX112553C,PRIYA.HUGHES755@EXAMPLE.CO.UK,07532231483,111 Jones Street,London,EC1A 1BB,447,N,2010-07-29
P0001909,PERSON,Emily,Johnson,15/12/1991,ZB712057D,emily.johnson131@example.co.uk,07546981755,22 OBrien Street,Norwich,NR1 3QQ,31,Y,2016-10-07
P0001910,PERSON,Chloe,OBrien,28/06/1989,LY256421C,chloe.obrien830@example.co.uk,07998069228,101 Johnson Street,Bristol,BS1 4ST,,N,2013-06-24
P0001911,PERSON,Lars,Davies,13/06/1981,,lars.davies79@example.co.uk,07217979276,234 Green Street,Bristol,BS1 4ST,,Y,2011-06-03
P0001912,PERSON,Wei,Clarke,20/08/1996,KZ528620A,wei.clarke602@example.co.uk,07126314492,68 Robinson Street,Manchester,M1 1AE,343,N,2010-01-27
P0001913,PERSON,Sean,Baker,19/02/1951,NR789729B,sean.baker851@example.co.uk,07879838395,125 Walker Street,Manchester,M1 1AE,,Y,2023-01-03
P0001914,PERSON,George,Khan,08/09/1945,CX208679A,george.khan993@example.co.uk,07703832627,163 Brown Street,London,EC1A 1BB,165,Y,2015-09-01
P0001915,PERSON,Amelia,Davies,17/01/1954,,amelia.davies323@example.co.uk,07141395313,129 Murphy Street,Manchester,M1 1AE,333,Y,2020-11-03
P0001916,PERSON,Thomas,Jones,31/08/1974,JC122838B,THOMAS.JONES465@EXAMPLE.CO.UK,07969005258,207 Murphy Street,Manchester,M1 1AE,124,N,2016-09-27
P0001917,PERSON,Thomas,OBrien,04/07/1982,LB577095C,THOMAS.OBRIEN129@EXAMPLE.CO.UK,07330633903,220 Robinson Street,Birmingham,B1 1AA,492,Y,2021-11-12
P0001918,PERSON,Daniel,Hall,14/02/1987,KR884118C,DANIEL.HALL461@EXAMPLE.CO.UK,07975980425,162 Clarke Street,London,EC1A 1BB,,N,2009-08-03
P0001919,PERSON,James,Clarke,08/07/1941,CY147682C,james.clarke230@example.co.uk,07525821789,62 Taylor Street,Birmingham,B1 1AA,175,Y,2008-10-23
P0001920,PERSON,Amelia,Smith,22/11/1987,HN336830D,AMELIA.SMITH618@EXAMPLE.CO.UK,07409903820,6 Jones Street,Cardiff,CF10 1EP,233,Y,2014-07-08
P0001921,PERSON,Sean,Clarke,13/08/1981,YX719647C,sean.clarke614@example.co.uk,07654871652,18 Robinson Street,Bristol,BS1 4ST,55,Y,2022-07-27
P0001922,PERSON,Isla,Clarke,22/07/1949,CT609908B,isla.clarke26@example.co.uk,07436294469,147 Khan Street,London,EC1A 1BB,,Y,2012-07-12
P0001923,PERSON,Oliver,Robinson,09/05/1987,RB138287C,oliver.robinson106@example.co.uk,07282773621,237 Taylor Street,Manchester,M1 1AE,,Y,2014-08-03
P0001924,PERSON,Amelia,Murphy,24/12/1969,WM795826D,amelia.murphy870@example.co.uk,07467695545,96 Wilson Street,Reading,RG1 1LX,,Y,2010-06-11
P0001925,ORG,Ingrid,Smith,09/12/1958,BM747169B,ingrid.smith745@example.co.uk,07534026264,90 Johnson Street,Leeds,LS1 4AP,,N,2024-02-04
P0001926,ORG,Sophie,Hall,06/11/1982,YM900429D,sophie.hall664@example.co.uk,07266183395,70 Hughes Street,Norwich,NR1 3QQ,,Y,2024-03-17
P0001927,PERSON,Harry,Johnson,03/04/1990,KG602438D,harry.johnson843@example.co.uk,07812729887,24 Patel Street,Glasgow,G1 1XQ,398,N,2013-05-31
P0001928,PERSON,Thomas,Baker,04/01/1958,SB551329A,thomas.baker811@example.co.uk,07700452586,165 Brown Street,Manchester,M1 1AE,371,Y,2013-02-18
P0001929,PERSON,Mohammed,Robinson,03/07/1994,AR831367B,mohammed.robinson129@example.co.uk,07498352238,193 Patel Street,Manchester,M1 1AE,393,Y,2016-12-26
P0001930,PERSON,George,Baker,03/01/1988,NP609605A,george.baker711@example.co.uk,07347794376,154 Davies Street,Reading,RG1 1LX,333,Y,2010-12-19
P0001931,PERSON,Ingrid,Brown,23/12/2004,ON232270A,ingrid.brown554@example.co.uk,07766941821,237 Wilson Street,Cardiff,CF10 1EP,,Y,2009-03-15
P0001932,PERSON,James,Jones,28/10/1999,NS177384D,JAMES.JONES83@EXAMPLE.CO.UK,07728589749,118 Johnson Street,Manchester,M1 1AE,,Y,2013-08-29
P0001933,PERSON,Chloe,Hughes,07/05/1947,XX246728B,chloe.hughes143@example.co.uk,07425295791,171 Clarke Street,Manchester,M1 1AE,343,N,2022-01-02
P0001934,ORG,Oliver,Green,28/04/1976,,OLIVER.GREEN490@EXAMPLE.CO.UK,07381749196,136 Brown Street,Birmingham,B1 1AA,134,Y,2018-06-16
P0001935,PERSON,Isla,Walker,19/07/1972,CX673519B,isla.walker993@example.co.uk,07122539199,106 Johnson Street,Glasgow,G1 1XQ,,N,2019-10-21
P0001936,PERSON,Wei,Khan,27/11/1950,KA263096B,wei.khan493@example.co.uk,07920958362,30 Walker Street,Cardiff,CF10 1EP,,Y,2017-07-01
P0001937,PERSON,Sean,Johnson,05/06/1968,LA977239B,SEAN.JOHNSON935@EXAMPLE.CO.UK,07939185468,148 Taylor Street,Reading,RG1 1LX,,N,2024-06-19
P0001938,PERSON,Isla,Wilson,18/10/1970,SE283296D,isla.wilson144@example.co.uk,07358127262,119 Baker Street,York,YO1 6GA,97,Y,2022-01-03
P0001939,ORG,Daniel,OBrien,03/11/1954,LL415919C,daniel.obrien959@example.co.uk,07366623584,206 Walker Street,Birmingham,B1 1AA,324,N,2024-05-13
P0001940,PERSON,Aoife,Walker,06/07/1985,BS370012A,aoife.walker116@example.co.uk,07658063616,7 OBrien Street,Manchester,M1 1AE,212,Y,2018-09-28
P0001941,PERSON,Amelia,OBrien,18/06/1968,PH917887D,amelia.obrien720@example.co.uk,07754713900,14 Wilson Street,Glasgow,G1 1XQ,,N,2020-12-10
P0001942,ORG,Sophie,Williams,02/06/1941,ES287252D,sophie.williams731@example.co.uk,07124145585,56 Williams Street,Bristol,BS1 4ST,451,Y,2019-05-30
P0001943,PERSON,Grace,Taylor,06/01/1988,YZ613493D,grace.taylor816@example.co.uk,07874687467,117 Baker Street,London,EC1A 1BB,130,Y,2016-01-19
P0001944,ORG,Ingrid,Baker,02/05/1968,LT382520A,INGRID.BAKER782@EXAMPLE.CO.UK,07614842322,173 Johnson Street,Glasgow,G1 1XQ,,N,2018-03-24
P0001945,PERSON,James,Johnson,28/09/2003,SS209128A,JAMES.JOHNSON541@EXAMPLE.CO.UK,07696582757,75 Wilson Street,Cardiff,CF10 1EP,,Y,2008-09-07
P0001946,PERSON,James,Green,08/11/1943,GZ274198C,james.green371@example.co.uk,07699813091,36 Hughes Street,Cardiff,CF10 1EP,355,Y,2011-11-04
P0001947,PERSON,Sophie,Jones,26/04/1982,KS470296C,sophie.jones700@example.co.uk,07260358936,48 Smith Street,York,YO1 6GA,,Y,2008-02-23
P0001948,PERSON,Amelia,Hall,19/04/1980,CS815001B,amelia.hall866@example.co.uk,07849672657,111 Johnson Street,London,EC1A 1BB,381,Y,2015-04-26
P0001949,PERSON,Amelia,Wilson,17/01/1996,AP184687A,amelia.wilson749@example.co.uk,07764048581,78 Green Street,Glasgow,G1 1XQ,203,N,2023-12-04
P0001950,PERSON,Harry,Williams,06/07/1978,AT241180B,HARRY.WILLIAMS899@EXAMPLE.CO.UK,07141109634,40 Hughes Street,Birmingham,B1 1AA,,Y,2023-10-27
P0001951,PERSON,George,Patel,04/04/2001,YE555856B,george.patel146@example.co.uk,07701568535,8 Hall Street,Bristol,BS1 4ST,234,Y,2017-04-27
P0001952,PERSON,Wei,Davies,14/02/1951,MA360811B,wei.davies433@example.co.uk,07372987211,96 Patel Street,Cardiff,CF10 1EP,,N,2009-06-10
P0001953,PERSON,James,Clarke,07/12/1948,,james.clarke447@example.co.uk,07411546045,202 OBrien Street,Cardiff,CF10 1EP,498,Y,2010-03-28
P0001954,ORG,Mohammed,Brown,10/12/1983,HX103767B,MOHAMMED.BROWN417@EXAMPLE.CO.UK,07227791693,92 Smith Street,Bristol,BS1 4ST,,Y,2008-05-28
P0001955,PERSON,Chloe,Walker,14/03/1995,NH842757C,chloe.walker587@example.co.uk,07849612343,63 Wilson Street,Cardiff,CF10 1EP,398,Y,2020-05-24
P0001956,PERSON,Oliver,OBrien,22/02/1985,MK466835C,oliver.obrien858@example.co.uk,07851014408,218 Khan Street,York,YO1 6GA,,Y,2017-01-27
P0001957,PERSON,Emily,OBrien,05/09/2000,NH956761C,emily.obrien204@example.co.uk,07836397010,112 Wilson Street,Reading,RG1 1LX,,Y,2023-10-17
P0001958,ORG,Aoife,Green,17/04/1988,YA349518A,AOIFE.GREEN182@EXAMPLE.CO.UK,07485198850,206 Green Street,Cardiff,EC1A1BB,493,N,2019-05-20
P0001959,PERSON,James,Baker,31/03/1982,MG286741B,james.baker121@example.co.uk,07854323153,85 Khan Street,York,YO1 6GA,,Y,2016-03-04
P0001960,PERSON,Chloe,Wilson,20/01/1944,ZC212171B,chloe.wilson334@example.co.uk,07736099923,205 Green Street,Glasgow,G1 1XQ,353,Y,2023-11-23
P0001961,PERSON,Grace,OBrien,17/12/1981,EC507953A,grace.obrien422@example.co.uk,07482944682,248 Hughes Street,Birmingham,B1 1AA,,Y,2008-11-15
P0001962,PERSON,Sophie,Murphy,23/02/1999,WR163740A,sophie.murphy951@example.co.uk,07310193054,70 Robinson Street,Birmingham,B1 1AA,256,Y,2024-10-13
P0001963,PERSON,Amelia,Williams,02/04/2000,AW394401D,amelia.williams520@example.co.uk,07895077453,30 Davies Street,Reading,RG1 1LX,191,N,2020-10-31
P0001964,PERSON,Chloe,Wright,17/10/1991,NR151001B,CHLOE.WRIGHT906@EXAMPLE.CO.UK,07826664403,125 Green Street,Reading,RG1 1LX,,N,2023-03-05
P0001965,PERSON,Priya,Williams,20/01/1986,EY910515C,priya.williams375@example.co.uk,07717809985,120 Clarke Street,York,YO1 6GA,,Y,2009-02-23
P0001966,PERSON,Daniel,Smith,13/11/1997,ZM919812C,daniel.smith5@example.co.uk,07834429782,231 Patel Street,Norwich,NR1 3QQ,,N,2014-12-12
P0001967,PERSON,Thomas,Brown,17/11/1943,GR771350C,THOMAS.BROWN463@EXAMPLE.CO.UK,07349386829,77 Robinson Street,Cardiff,CF10 1EP,12,N,2020-09-27
P0001968,PERSON,Sophie,Clarke,12/10/1942,JX445390A,sophie.clarke960@example.co.uk,07750655409,181 Baker Street,Bristol,BS1 4ST,,N,2016-02-28
P0001969,PERSON,Sean,OBrien,30/05/1980,XC496798D,sean.obrien520@example.co.uk,07984560615,56 Khan Street,Leeds,LS1 4AP,312,Y,2018-12-18
P0001970,PERSON,George,Jones,24/09/1979,PE819409B,george.jones668@example.co.uk,07127424016,165 Smith Street,Manchester,M1 1AE,,Y,2019-12-28
P0001971,PERSON,George,Clarke,19/05/1992,MA347774B,george.clarke161@example.co.uk,07731219102,155 OBrien Street,Birmingham,B1 1AA,435,Y,2020-06-07
P0001972,ORG,Mohammed,Jones,20/10/1956,PN305067B,mohammed.jones230@example.co.uk,07436684605,178 OBrien Street,Manchester,M1 1AE,,N,2014-05-21
P0001973,PERSON,Chloe,Robinson,25/12/1953,KL605488D,CHLOE.ROBINSON269@EXAMPLE.CO.UK,07555138669,203 Hall Street,Reading,RG1 1LX,,Y,2008-09-30
P0001974,PERSON,Daniel,Davies,24/09/2003,BG138532A,daniel.davies366@example.co.uk,07604941598,65 Taylor Street,Glasgow,G1 1XQ,,Y,2014-12-07
P0001975,PERSON,Thomas,Murphy,25/07/1990,XZ361390A,thomas.murphy281@example.co.uk,07258350000,123 Smith Street,Norwich,NR1 3QQ,,N,2015-04-15
P0001976,PERSON,James,Robinson,09/05/1976,KA482392D,JAMES.ROBINSON106@EXAMPLE.CO.UK,07550162323,143 Murphy Street,Birmingham,B1 1AA,67,Y,2008-02-05
P0001977,PERSON,Thomas,Murphy,02/03/1973,JN549528A,thomas.murphy332@example.co.uk,07623222117,197 Green Street,Glasgow,G1 1XQ,,Y,2023-01-28
P0001978,PERSON,Grace,Johnson,27/10/1960,ZB375621D,GRACE.JOHNSON662@EXAMPLE.CO.UK,07657861048,46 Davies Street,Birmingham,B1 1AA,,Y,2016-06-15
P0001979,PERSON,Harry,Walker,29/06/1990,,harry.walker18@example.co.uk,07462021397,174 Smith Street,Birmingham,B1 1AA,,Y,2018-04-09
P0001980,ORG,Chloe,Jones,22/09/1978,HB158528B,chloe.jones659@example.co.uk,07324181309,65 Khan Street,Norwich,EC1A1BB,172,Y,2018-04-02
P0001981,PERSON,Fatima,Hall,02/09/1982,XJ819183B,fatima.hall916@example.co.uk,07978210841,60 Baker Street,Birmingham,B1 1AA,348,N,2009-08-17
P0001982,PERSON,Chloe,Wilson,08/11/1991,NK126099D,CHLOE.WILSON942@EXAMPLE.CO.UK,07286118456,236 Walker Street,Cardiff,CF10 1EP,,Y,2009-03-31
P0001983,PERSON,Aoife,Williams,13/01/1953,SB430885C,aoife.williams524@example.co.uk,07448053920,126 Green Street,Leeds,LS1 4AP,48,Y,2017-12-23
P0001984,PERSON,Emily,Green,12/01/1953,AC275543D,emily.green64@example.co.uk,07694215473,14 Khan Street,Cardiff,CF10 1EP,71,Y,2023-10-13
P0001985,PERSON,Fatima,Murphy,24/02/1985,AZ537210A,fatima.murphy594@example.co.uk,07991543818,244 Patel Street,Glasgow,G1 1XQ,326,Y,2023-08-01
P0001986,PERSON,Thomas,OBrien,14/11/1955,TW674048C,THOMAS.OBRIEN371@EXAMPLE.CO.UK,07103869250,208 Hall Street,Norwich,NR1 3QQ,,Y,2015-02-18
P0001987,PERSON,Ingrid,Robinson,06/02/1981,WX736132D,ingrid.robinson795@example.co.uk,07264446975,140 Khan Street,London,EC1A 1BB,265,Y,2019-09-19
P0001988,PERSON,Oliver,Hall,25/03/1952,,oliver.hall525@example.co.uk,07505504159,66 Brown Street,Birmingham,B1 1AA,236,Y,2008-01-11
P0001989,PERSON,Mohammed,Johnson,14/03/1984,PY640342A,mohammed.johnson77@example.co.uk,07179747572,177 Clarke Street,York,YO1 6GA,186,Y,2018-08-02
P0001990,PERSON,Daniel,Murphy,20/01/1997,HL240022C,DANIEL.MURPHY66@EXAMPLE.CO.UK,07500592282,173 Patel Street,Birmingham,B1 1AA,,Y,2016-12-11
P0001991,PERSON,James,Taylor,30/09/1991,AX561365A,james.taylor619@example.co.uk,07227238266,121 Smith Street,Manchester,M1 1AE,109,Y,2024-03-27
P0001992,PERSON,Wei,Wright,21/03/1949,BW967183C,WEI.WRIGHT376@EXAMPLE.CO.UK,07342761071,58 Walker Street,Birmingham,M1  1AE,,N,2020-12-26
P0001993,PERSON,Priya,Robinson,26/07/1993,CB443432A,PRIYA.ROBINSON389@EXAMPLE.CO.UK,07989785451,147 Smith Street,Norwich,NR1 3QQ,348,Y,2018-07-08
P0001994,PERSON,Oliver,Brown,12/07/1984,,oliver.brown569@example.co.uk,07410375682,145 Wright Street,Glasgow,ZZ99 9ZZ,,Y,2022-01-21
P0001995,PERSON,Isla,Hall,03/10/1955,OW382098D,isla.hall34@example.co.uk,07802176474,170 OBrien Street,Manchester,ZZ99 9ZZ,165,Y,2021-06-09
P0001996,PERSON,Fatima,OBrien,19/05/1993,OG502210C,fatima.obrien888@example.co.uk,07277987202,15 Khan Street,Norwich,NR1 3QQ,,Y,2014-05-17
P0001997,ORG,Sophie,Murphy,26/06/2004,OC296769B,sophie.murphy217@example.co.uk,07938567330,157 Davies Street,Norwich,NR1 3QQ,,N,2017-07-03
P0001998,PERSON,Wei,Baker,10/08/2001,PA978164C,wei.baker623@example.co.uk,07923368610,23 Robinson Street,Norwich,NR1 3QQ,,Y,2022-09-28
P0001999,PERSON,Oliver,Murphy,26/09/1986,,OLIVER.MURPHY306@EXAMPLE.CO.UK,07757424711,9 Hughes Street,Reading,RG1 1LX,,Y,2015-07-27
P0002000,PERSON,Sean,Clarke,02/05/1955,AZ747183D,SEAN.CLARKE291@EXAMPLE.CO.UK,07377494675,96 Davies Street,London,EC1A 1BB,,Y,2017-11-24
P0002001,ORG,Daniel,Brown,19/09/1948,WP939574A,daniel.brown923@example.co.uk,07368741801,106 Walker Street,Manchester,M1 1AE,,N,2021-09-03
P0002002,PERSON,Aoife,OBrien,05/07/1993,EX798360B,AOIFE.OBRIEN228@EXAMPLE.CO.UK,07807681299,117 Johnson Street,Birmingham,B1 1AA,37,Y,2023-07-19
P0002003,PERSON,Aoife,Smith,30/07/1943,OW794888B,AOIFE.SMITH906@EXAMPLE.CO.UK,07456355866,76 Green Street,Birmingham,B1 1AA,,N,2020-11-18
P0002004,PERSON,Sean,Wright,02/03/1989,,sean.wright886@example.co.uk,07402704744,121 Patel Street,Manchester,M1 1AE,22,Y,2020-02-09
P0002005,PERSON,Thomas,Robinson,14/05/1967,EW856084C,thomas.robinson396@example.co.uk,07952982314,226 Wilson Street,London,EC1A 1BB,413,Y,2017-08-21
P0002006,PERSON,Amelia,Robinson,06/06/1956,GH544410D,amelia.robinson512@example.co.uk,07559408494,159 Hughes Street,Glasgow,G1 1XQ,106,Y,2021-11-16
P0002007,PERSON,Lars,Baker,08/08/1988,WL573871C,lars.baker538@example.co.uk,07352973742,72 Smith Street,Norwich,NR1 3QQ,479,Y,2021-09-09
P0002008,ORG,Harry,Baker,27/01/2002,ZS290835D,harry.baker219@example.co.uk,07168722136,179 Baker Street,Cardiff,CF10 1EP,21,Y,2016-06-14
P0002009,PERSON,Isla,Hughes,29/01/1994,MM601761B,isla.hughes28@example.co.uk,07946456209,172 Murphy Street,Manchester,M1 1AE,255,Y,2009-07-26
P0002010,PERSON,Priya,Walker,26/09/1989,BT129593D,priya.walker823@example.co.uk,07370929966,133 Smith Street,Cardiff,CF10 1EP,342,N,2013-03-16
P0002011,ORG,Sophie,Clarke,24/02/1943,BJ977654D,sophie.clarke135@example.co.uk,07289258679,207 Wright Street,Birmingham,B1 1AA,,Y,2017-04-13
P0002012,PERSON,Emily,Khan,04/10/1966,EG755929A,EMILY.KHAN468@EXAMPLE.CO.UK,07850039273,4 Wright Street,Glasgow,G1 1XQ,,Y,2012-03-03
P0002013,PERSON,Aoife,Wright,29/05/1988,MP752825C,aoife.wright777@example.co.uk,07504488188,60 Murphy Street,London,EC1A 1BB,,Y,2023-11-23
P0002014,PERSON,Grace,Taylor,28/11/1986,HN246286A,grace.taylor953@example.co.uk,07811646400,134 Green Street,London,EC1A 1BB,,Y,2021-02-05
P0002015,PERSON,Oliver,OBrien,13/01/1995,MH662935B,oliver.obrien280@example.co.uk,07671891710,74 Robinson Street,Cardiff,CF10 1EP,98,N,2015-05-13
P0002016,PERSON,Harry,Jones,04/10/1961,XT195599B,HARRY.JONES82@EXAMPLE.CO.UK,07271092251,235 Smith Street,Leeds,LS1 4AP,,Y,2017-09-13
P0002017,ORG,Wei,Hughes,27/02/1979,XR242799D,wei.hughes301@example.co.uk,07854221419,170 OBrien Street,Birmingham,B1 1AA,265,Y,2011-03-25
P0002018,PERSON,Sean,Robinson,22/12/1973,SY337498C,sean.robinson30@example.co.uk,07185892425,245 Smith Street,Leeds,LS1 4AP,434,Y,2022-12-07
P0002019,PERSON,Aoife,Davies,27/11/1959,OW354508C,aoife.davies273@example.co.uk,07286277308,50 Williams Street,Glasgow,G1 1XQ,,N,2018-02-27
P0002020,PERSON,Ingrid,Jones,06/01/1945,TJ163853B,ingrid.jones261@example.co.uk,07336895749,191 Williams Street,Glasgow,G1 1XQ,15,Y,2015-09-22
P0002021,PERSON,Lars,Smith,03/01/1968,GN458804C,LARS.SMITH727@EXAMPLE.CO.UK,07540818891,134 Hall Street,Birmingham,B1 1AA,490,N,2023-09-16
P0002022,PERSON,Isla,Baker,11/05/1980,TY663543A,isla.baker914@example.co.uk,07726830415,108 Khan Street,Norwich,NR1 3QQ,153,Y,2022-06-19
P0002023,PERSON,Lars,Davies,03/05/1987,LX803807C,lars.davies401@example.co.uk,07563034324,128 Davies Street,Glasgow,G1 1XQ,198,Y,2023-12-18
P0002024,PERSON,Emily,Hall,30/04/1946,ST130416A,emily.hall988@example.co.uk,07554451147,229 Wilson Street,Birmingham,B1 1AA,486,Y,2021-10-16
P0002025,PERSON,Thomas,OBrien,10/04/1992,LB611904D,THOMAS.OBRIEN861@EXAMPLE.CO.UK,07696096970,153 OBrien Street,Reading,RG1 1LX,359,Y,2009-11-28
P0002026,PERSON,Harry,Jones,21/03/1960,WW195543D,HARRY.JONES881@EXAMPLE.CO.UK,07340352434,64 Murphy Street,Leeds,LS1 4AP,,Y,2022-01-03
P0002027,ORG,Oliver,OBrien,04/03/1989,JJ579235C,oliver.obrien794@example.co.uk,07312307923,84 Clarke Street,Manchester,EC1A1BB,466,Y,2010-11-25
P0002028,PERSON,Lars,Wright,12/11/1954,ZS792112C,lars.wright524@example.co.uk,07724237038,171 Khan Street,Norwich,NR1 3QQ,,Y,2019-02-04
P0002029,PERSON,Mohammed,Baker,17/10/1970,NK821765D,MOHAMMED.BAKER627@EXAMPLE.CO.UK,07862435713,162 Taylor Street,Reading,RG1 1LX,,Y,2014-09-26
P0002030,PERSON,Sean,Murphy,05/09/1965,NG874969C,SEAN.MURPHY920@EXAMPLE.CO.UK,07166253067,242 Robinson Street,Manchester,M1 1AE,44,N,2019-11-17
P0002031,PERSON,Sean,Wilson,31/08/1946,HC413911C,sean.wilson404@example.co.uk,07862928509,76 OBrien Street,Glasgow,G1 1XQ,,Y,2012-08-02
P0002032,PERSON,Oliver,Williams,27/06/1982,AX866143B,oliver.williams646@example.co.uk,07160863444,49 Murphy Street,Cardiff,CF10 1EP,,Y,2013-06-05
P0002033,PERSON,Emily,Taylor,13/02/1955,HZ310003D,EMILY.TAYLOR756@EXAMPLE.CO.UK,07791474428,214 Smith Street,Bristol,BS1 4ST,293,Y,2010-01-09
P0002034,PERSON,Emily,Taylor,29/06/1989,TZ432382A,emily.taylor923@example.co.uk,07403131401,237 Wright Street,London,EC1A 1BB,127,Y,2013-09-02
P0002035,PERSON,Amelia,Williams,19/10/1998,ZC919701A,AMELIA.WILLIAMS243@EXAMPLE.CO.UK,07424919187,190 Davies Street,Birmingham,B1 1AA,312,Y,2019-04-08
P0002036,PERSON,Priya,Wright,27/02/1946,HT548286D,PRIYA.WRIGHT207@EXAMPLE.CO.UK,07629965483,62 Khan Street,Leeds,LS1 4AP,,N,2010-08-08
P0002037,PERSON,Sophie,Williams,29/04/1942,WC334659A,SOPHIE.WILLIAMS792@EXAMPLE.CO.UK,07735722828,220 Khan Street,Birmingham,B1 1AA,225,Y,2011-08-26
P0002038,PERSON,Chloe,Hughes,14/01/1994,,chloe.hughes52@example.co.uk,07542562644,78 Murphy Street,York,YO1 6GA,,Y,2010-08-16
P0002039,PERSON,Daniel,Brown,27/08/2000,NR688867B,DANIEL.BROWN590@EXAMPLE.CO.UK,07262784058,60 Walker Street,Reading,ZZ99 9ZZ,,N,2022-01-15
P0002040,PERSON,Wei,Wright,30/10/1944,JY690542A,wei.wright308@example.co.uk,07643504106,204 Wright Street,Manchester,M1 1AE,251,Y,2015-03-15
P0002041,PERSON,James,Brown,16/06/1961,KL937825C,james.brown740@example.co.uk,07561555795,8 Wright Street,Leeds,LS1 4AP,,Y,2019-08-24
P0002042,PERSON,Ingrid,Clarke,12/12/1970,SG337076A,ingrid.clarke60@example.co.uk,07911644273,192 Johnson Street,Norwich,NR1 3QQ,,Y,2008-08-01
P0002043,ORG,George,Wright,22/08/1997,BN907973D,george.wright516@example.co.uk,07133261229,245 Johnson Street,Manchester,M1 1AE,,N,2020-11-09
P0002044,PERSON,Chloe,Clarke,17/06/1958,,chloe.clarke62@example.co.uk,07401652096,104 Hall Street,Cardiff,CF10 1EP,,N,2016-11-25
P0002045,PERSON,Wei,Hall,11/01/1962,BA617107A,wei.hall882@example.co.uk,07441745800,134 Smith Street,Birmingham,B1 1AA,,N,2021-01-03
P0002046,PERSON,Ingrid,Taylor,11/08/1964,MJ985396A,ingrid.taylor672@example.co.uk,07536176278,87 Green Street,London,EC1A 1BB,434,N,2014-07-29
P0002047,PERSON,Grace,Green,20/03/2002,SN728913A,grace.green539@example.co.uk,07629233933,48 Williams Street,York,YO1 6GA,289,Y,2015-04-16
P0002048,PERSON,Aoife,Williams,14/07/2001,EJ750333A,aoife.williams383@example.co.uk,07551863363,201 Smith Street,York,YO1 6GA,,N,2014-12-21
P0002049,ORG,Sean,Wilson,06/02/1961,TJ515633B,SEAN.WILSON439@EXAMPLE.CO.UK,07358257050,137 Smith Street,Norwich,NR1 3QQ,315,Y,2023-08-02
P0002050,PERSON,Isla,Walker,27/11/1962,LX551650D,isla.walker450@example.co.uk,07385345765,26 Clarke Street,Glasgow,G1 1XQ,,Y,2009-12-24
P0002051,PERSON,Harry,Jones,30/11/1975,SW519048A,HARRY.JONES234@EXAMPLE.CO.UK,07484775654,132 Khan Street,Manchester,M1 1AE,85,Y,2010-04-27
P0002052,PERSON,Sophie,Patel,14/09/1962,MJ837198D,sophie.patel819@example.co.uk,07178052074,107 Green Street,Manchester,M1 1AE,,Y,2010-04-15
P0002053,PERSON,Grace,Clarke,14/10/1942,HR884875A,grace.clarke881@example.co.uk,07466892342,87 Patel Street,Leeds,LS1 4AP,,Y,2015-11-12
P0002054,PERSON,Thomas,Wilson,23/09/1975,KW574037A,thomas.wilson513@example.co.uk,07966461099,7 Johnson Street,Leeds,LS1 4AP,221,Y,2023-03-06
P0002055,PERSON,Thomas,OBrien,11/03/1965,AK107282A,THOMAS.OBRIEN347@EXAMPLE.CO.UK,07544166584,165 Williams Street,Reading,RG1 1LX,,Y,2011-05-12
P0002056,PERSON,Isla,Hughes,08/10/1973,ET879872B,isla.hughes820@example.co.uk,07669487934,60 Green Street,Reading,RG1 1LX,142,Y,2009-03-29
P0002057,PERSON,Daniel,OBrien,06/12/2000,,daniel.obrien647@example.co.uk,07715884066,22 Walker Street,Norwich,N/A,437,Y,2016-02-02
P0002058,PERSON,Oliver,Green,08/03/1950,AK388457C,oliver.green72@example.co.uk,07302743323,224 Wright Street,Leeds,LS1 4AP,,N,2008-10-04
P0002059,PERSON,James,Walker,30/06/1955,NE419690B,james.walker830@example.co.uk,07481607265,66 Khan Street,Norwich,NR1 3QQ,,Y,2016-09-06
P0002060,ORG,Fatima,Baker,17/07/1969,TP985774D,FATIMA.BAKER301@EXAMPLE.CO.UK,07468073278,44 Hughes Street,Birmingham,B1 1AA,,Y,2008-04-08
P0002061,PERSON,Sophie,Walker,15/06/2004,SZ794434C,sophie.walker886@example.co.uk,07442442288,150 Wilson Street,Manchester,M1 1AE,,Y,2023-02-13
P0002062,PERSON,Sophie,Walker,03/11/2003,WW853330A,sophie.walker218@example.co.uk,07833919725,219 Jones Street,York,YO1 6GA,13,Y,2017-12-24
P0002063,PERSON,James,Robinson,24/11/1989,NT524710A,james.robinson990@example.co.uk,07357062005,11 Patel Street,Manchester,M1 1AE,,N,2020-09-12
P0002064,PERSON,Grace,Green,14/04/1965,KN848298C,grace.green93@example.co.uk,07945223230,228 Green Street,Bristol,BS1 4ST,,Y,2012-10-13
P0002065,PERSON,Ingrid,Wilson,06/07/2000,YY230751B,INGRID.WILSON548@EXAMPLE.CO.UK,07248735905,107 OBrien Street,Norwich,NR1 3QQ,,Y,2022-04-17
P0002066,PERSON,Lars,Wright,07/08/1948,CX591513A,lars.wright848@example.co.uk,07660214685,203 Hall Street,Manchester,M1 1AE,410,Y,2024-03-07
P0002067,PERSON,James,Wright,02/10/1991,PL366945D,james.wright124@example.co.uk,07187752502,248 Brown Street,Manchester,M1 1AE,,N,2019-04-28
P0002068,PERSON,Isla,Jones,22/09/1991,TJ867210C,isla.jones469@example.co.uk,07298346602,62 Wright Street,Glasgow,G1 1XQ,101,N,2023-01-03
P0002069,PERSON,Ingrid,Khan,14/03/1990,EG457183B,INGRID.KHAN691@EXAMPLE.CO.UK,07201798023,41 Taylor Street,Norwich,NR1 3QQ,,N,2024-04-22
P0002070,PERSON,Aoife,Smith,25/05/1989,YB744354D,aoife.smith993@example.co.uk,07542311553,187 Smith Street,Birmingham,B1 1AA,332,Y,2017-08-26
P0002071,PERSON,Priya,Johnson,12/04/1989,,priya.johnson221@example.co.uk,07913875512,212 Hughes Street,Reading,RG1 1LX,,Y,2010-06-07
P0002072,PERSON,James,Smith,12/12/1956,,JAMES.SMITH700@EXAMPLE.CO.UK,07364105416,125 Hughes Street,Norwich,N/A,362,N,2019-11-02
P0002073,ORG,Sean,Walker,08/01/2004,BW939435A,sean.walker722@example.co.uk,07652815593,61 Patel Street,Cardiff,CF10 1EP,471,Y,2021-04-26
P0002074,PERSON,Harry,Walker,11/02/1984,HS464498A,harry.walker740@example.co.uk,07957322024,74 Patel Street,Bristol,BS1 4ST,297,N,2016-11-09
P0002075,PERSON,Mohammed,Robinson,14/12/1951,ZX267939A,mohammed.robinson438@example.co.uk,07729190376,70 Wright Street,Norwich,NR1 3QQ,,Y,2015-11-07
P0002076,PERSON,James,Jones,22/05/1957,,james.jones315@example.co.uk,07292791667,102 Hall Street,Glasgow,G1 1XQ,,N,2013-01-23
P0002077,ORG,Oliver,Johnson,20/03/1951,OT333497B,OLIVER.JOHNSON866@EXAMPLE.CO.UK,07868527743,195 Jones Street,Cardiff,CF10 1EP,,N,2018-05-08
P0002078,PERSON,Thomas,Jones,10/03/1974,GL587571D,thomas.jones233@example.co.uk,07495240051,32 Williams Street,Glasgow,G1 1XQ,,Y,2020-07-06
P0002079,PERSON,George,Wright,11/10/1996,JR858466D,george.wright589@example.co.uk,07324268185,50 Williams Street,Reading,RG1 1LX,,Y,2013-03-03
P0002080,PERSON,George,Patel,15/08/1951,WK587958B,george.patel154@example.co.uk,07994319108,219 Davies Street,York,YO1 6GA,323,Y,2011-12-18
P0002081,PERSON,Emily,OBrien,04/01/1992,BA669605C,EMILY.OBRIEN213@EXAMPLE.CO.UK,07322926319,65 Jones Street,Manchester,ZZ99 9ZZ,,Y,2017-12-30
P0002082,PERSON,James,Patel,20/09/1957,XX320769C,james.patel196@example.co.uk,07781415172,197 Taylor Street,Leeds,LS1 4AP,290,Y,2022-06-25
P0002083,PERSON,Ingrid,Green,26/02/1996,WP889306A,ingrid.green945@example.co.uk,07552009325,147 Clarke Street,London,EC1A 1BB,,Y,2022-08-20
P0002084,PERSON,Wei,Khan,24/02/1973,EP613243B,wei.khan865@example.co.uk,07818029650,41 Walker Street,Glasgow,G1 1XQ,,Y,2015-04-01
P0002085,ORG,George,Williams,13/06/1996,RX655031C,george.williams844@example.co.uk,07382473504,186 Williams Street,Norwich,NR1 3QQ,,Y,2020-06-21
P0002086,ORG,George,Baker,30/05/1943,WJ810640B,GEORGE.BAKER227@EXAMPLE.CO.UK,07499748123,6 Davies Street,Reading,RG1 1LX,,Y,2021-04-26
P0002087,PERSON,Sean,Murphy,07/03/1992,AG447730A,sean.murphy845@example.co.uk,07566435097,225 Hughes Street,Cardiff,CF10 1EP,340,Y,2023-01-19
P0002088,PERSON,Oliver,Clarke,22/12/1997,MZ705034D,OLIVER.CLARKE469@EXAMPLE.CO.UK,07700773464,150 Murphy Street,Leeds,LS1 4AP,,N,2009-12-30
P0002089,PERSON,James,Davies,06/05/1987,GE441053C,james.davies343@example.co.uk,07529970242,62 Robinson Street,Birmingham,B1 1AA,267,Y,2020-11-05
P0002090,ORG,Fatima,Davies,09/07/1993,JY690224C,fatima.davies619@example.co.uk,07898970116,74 Walker Street,Bristol,BS1 4ST,,Y,2022-11-10
P0002091,PERSON,Priya,Johnson,06/09/1946,,priya.johnson482@example.co.uk,07197753234,5 Williams Street,London,EC1A 1BB,33,N,2018-06-28
P0002092,ORG,George,Clarke,29/03/2000,PT314840B,GEORGE.CLARKE386@EXAMPLE.CO.UK,07883524281,53 Khan Street,Leeds,LS1 4AP,,N,2018-02-19
P0002093,PERSON,Thomas,Baker,08/03/1959,YE135006A,thomas.baker613@example.co.uk,07657698593,111 Clarke Street,Manchester,M1 1AE,160,N,2024-04-23
P0002094,PERSON,James,Robinson,25/08/1958,XZ758453B,james.robinson880@example.co.uk,07652008564,92 Hall Street,Birmingham,B1 1AA,,Y,2014-04-07
P0002095,PERSON,Amelia,Wright,23/08/1978,,AMELIA.WRIGHT815@EXAMPLE.CO.UK,07203860349,236 Walker Street,London,EC1A 1BB,216,Y,2023-11-11
P0002096,PERSON,Priya,Green,21/08/1949,LS556475C,PRIYA.GREEN15@EXAMPLE.CO.UK,07630168143,203 Johnson Street,Bristol,BS1 4ST,,Y,2013-03-30
P0002097,PERSON,Aoife,Robinson,05/04/1989,NG625518A,aoife.robinson904@example.co.uk,07517675987,112 Murphy Street,London,EC1A 1BB,351,N,2009-12-20
P0002098,PERSON,Aoife,Johnson,12/09/1979,XX347872D,AOIFE.JOHNSON556@EXAMPLE.CO.UK,07975409053,68 Murphy Street,Bristol,BS1 4ST,194,Y,2017-01-16
P0002099,PERSON,Sean,OBrien,13/07/1995,,SEAN.OBRIEN220@EXAMPLE.CO.UK,07649223228,221 Baker Street,York,ZZ99 9ZZ,,Y,2023-02-04
P0002100,PERSON,Wei,Patel,14/04/1975,MK475733C,wei.patel822@example.co.uk,07738731034,85 Wilson Street,Reading,RG1 1LX,486,N,2012-03-09
P0002101,PERSON,Sophie,Murphy,20/11/1974,BJ446153C,sophie.murphy33@example.co.uk,07412176902,98 Walker Street,Leeds,LS1 4AP,362,Y,2014-09-20
P0002102,PERSON,Daniel,Jones,05/01/1959,YE788991A,daniel.jones489@example.co.uk,07299998046,46 Brown Street,Cardiff,CF10 1EP,,N,2008-12-28
P0002103,PERSON,Isla,Baker,21/01/2001,WC769488A,ISLA.BAKER415@EXAMPLE.CO.UK,07989646422,78 Brown Street,Glasgow,G1 1XQ,,Y,2021-07-04
P0002104,PERSON,Isla,Johnson,10/06/1959,PA205295B,isla.johnson382@example.co.uk,07438930285,192 Smith Street,Birmingham,B1 1AA,,N,2008-07-31
P0002105,PERSON,Emily,Baker,22/05/1970,AC293314C,emily.baker805@example.co.uk,07600039145,25 Green Street,Norwich,NR1 3QQ,208,Y,2016-05-28
P0002106,PERSON,Aoife,Jones,09/07/1974,EJ520659C,AOIFE.JONES766@EXAMPLE.CO.UK,07482511553,87 Brown Street,Manchester,M1 1AE,,Y,2023-01-25
P0002107,PERSON,Daniel,Davies,17/09/1991,TC606490A,daniel.davies422@example.co.uk,07789353414,80 Hall Street,York,YO1 6GA,325,N,2021-05-26
P0002108,PERSON,George,Wilson,07/02/1990,YK317616B,GEORGE.WILSON929@EXAMPLE.CO.UK,07309071783,72 Baker Street,Glasgow,EC1A1BB,,Y,2011-01-09
P0002109,PERSON,Oliver,Baker,16/10/1963,CW620121C,oliver.baker43@example.co.uk,07474474509,99 Williams Street,London,EC1A 1BB,396,N,2013-09-19
P0002110,ORG,Aoife,Smith,13/11/1974,HS927319B,aoife.smith410@example.co.uk,07797574141,59 Jones Street,Manchester,M1 1AE,,N,2021-04-10
P0002111,PERSON,Priya,Taylor,08/07/1978,RB971851A,priya.taylor326@example.co.uk,07230393925,171 Williams Street,Norwich,NR1 3QQ,,N,2023-12-08
P0002112,PERSON,Isla,Hall,10/08/1994,WW709022B,ISLA.HALL949@EXAMPLE.CO.UK,07946141259,39 Davies Street,Leeds,LS1 4AP,195,Y,2014-05-19
P0002113,ORG,Mohammed,Hall,14/08/1978,AZ838085D,mohammed.hall569@example.co.uk,07712806514,196 Clarke Street,York,YO1 6GA,95,N,2009-01-31
P0002114,PERSON,Grace,Murphy,07/10/1942,,GRACE.MURPHY353@EXAMPLE.CO.UK,07553325781,2 Hughes Street,Birmingham,B1 1AA,,Y,2014-02-23
P0002115,PERSON,Sophie,Green,12/03/1941,XC825396D,sophie.green260@example.co.uk,07375580530,10 Green Street,Bristol,BS1 4ST,,N,2014-02-15
P0002116,PERSON,Fatima,Baker,20/03/1969,AZ813141C,fatima.baker270@example.co.uk,07638483948,9 Walker Street,Bristol,BS1 4ST,274,N,2023-07-12
P0002117,PERSON,Lars,Patel,18/07/1970,XP699259A,lars.patel408@example.co.uk,07252105822,156 Patel Street,Cardiff,CF10 1EP,337,Y,2011-03-18
P0002118,PERSON,Chloe,Smith,18/01/1966,RH431555B,chloe.smith636@example.co.uk,07773344310,137 Khan Street,Glasgow,G1 1XQ,,Y,2024-11-18
P0002119,PERSON,Wei,Hall,05/09/1947,MW245735D,WEI.HALL900@EXAMPLE.CO.UK,07415135833,173 Clarke Street,Reading,RG1 1LX,,N,2015-03-07
P0002120,PERSON,Daniel,Smith,02/02/1952,CE895402D,daniel.smith990@example.co.uk,07925415450,185 Green Street,Cardiff,CF10 1EP,142,Y,2008-03-05
P0002121,ORG,George,Khan,15/07/1993,ZS606584A,GEORGE.KHAN535@EXAMPLE.CO.UK,07496831088,97 Wilson Street,Birmingham,B1 1AA,91,N,2024-09-24
P0002122,PERSON,Ingrid,Khan,08/01/1944,GJ190950B,ingrid.khan162@example.co.uk,07393686012,46 Johnson Street,Manchester,M1 1AE,,Y,2015-08-30
P0002123,PERSON,Wei,Jones,23/01/1940,ZR165555D,WEI.JONES534@EXAMPLE.CO.UK,07488657528,245 Jones Street,Glasgow,G1 1XQ,251,Y,2011-05-15
P0002124,PERSON,James,Murphy,04/06/1960,LP533805A,james.murphy339@example.co.uk,07990476677,160 Davies Street,Leeds,LS1 4AP,189,Y,2011-05-08
P0002125,PERSON,Isla,Williams,20/05/1951,YL370682B,isla.williams744@example.co.uk,07951295138,209 Patel Street,Manchester,EC1A1BB,,N,2022-05-15
P0002126,PERSON,Amelia,Patel,11/10/1942,JT975008D,amelia.patel827@example.co.uk,07684106449,39 Khan Street,York,YO1 6GA,,Y,2011-05-02
P0002127,PERSON,Sophie,Brown,25/04/1978,YX184735A,sophie.brown953@example.co.uk,07145778616,206 Baker Street,York,YO1 6GA,197,Y,2014-12-20
P0002128,PERSON,Emily,Walker,04/11/1970,JN479188D,emily.walker475@example.co.uk,07403053719,199 Murphy Street,York,YO1 6GA,237,N,2017-05-09
P0002129,PERSON,George,Khan,22/01/1985,GN425914C,george.khan536@example.co.uk,07237719754,164 OBrien Street,York,YO1 6GA,206,Y,2010-08-14
P0002130,PERSON,Amelia,Robinson,23/03/1987,KL452750C,AMELIA.ROBINSON696@EXAMPLE.CO.UK,07890506657,135 Wilson Street,York,YO1 6GA,,Y,2018-07-31
P0002131,PERSON,Emily,Smith,04/07/1963,BY234746D,EMILY.SMITH452@EXAMPLE.CO.UK,07858887696,179 Hughes Street,Cardiff,CF10 1EP,,Y,2024-03-19
P0002132,PERSON,Harry,Jones,21/02/1996,PY477390B,HARRY.JONES484@EXAMPLE.CO.UK,07934442983,193 Williams Street,Glasgow,G1 1XQ,,Y,2010-02-19
P0002133,ORG,Oliver,Wright,07/07/1966,EA944386D,OLIVER.WRIGHT729@EXAMPLE.CO.UK,07407257543,92 Williams Street,Manchester,M1 1AE,,Y,2021-05-26
P0002134,ORG,Wei,Khan,17/08/1971,ZW201381A,wei.khan725@example.co.uk,07489150452,59 Davies Street,Norwich,NR1 3QQ,453,N,2014-03-16
P0002135,PERSON,Daniel,Robinson,08/10/1954,BJ930287C,DANIEL.ROBINSON638@EXAMPLE.CO.UK,07423763147,154 Hall Street,Cardiff,CF10 1EP,,Y,2024-07-28
P0002136,PERSON,Aoife,Murphy,25/06/1989,CW636593D,AOIFE.MURPHY735@EXAMPLE.CO.UK,07862952290,239 Williams Street,Cardiff,CF10 1EP,160,Y,2020-11-04
P0002137,PERSON,Daniel,Williams,11/10/1984,WG614897C,daniel.williams622@example.co.uk,07148357268,244 Johnson Street,Bristol,BS1 4ST,,Y,2011-08-05
P0002138,PERSON,Emily,Wilson,21/07/1960,SA403916D,EMILY.WILSON892@EXAMPLE.CO.UK,07226335800,80 Hughes Street,Reading,RG1 1LX,,Y,2016-11-20
P0002139,PERSON,Aoife,Robinson,12/10/1967,,AOIFE.ROBINSON471@EXAMPLE.CO.UK,07532384371,99 Walker Street,Norwich,NR1 3QQ,,N,2015-12-03
P0002140,PERSON,Wei,Smith,02/05/1940,XG225982B,wei.smith689@example.co.uk,07792583696,138 Williams Street,Norwich,NR1 3QQ,383,Y,2012-10-07
P0002141,PERSON,Sean,Walker,11/03/1988,RL842722B,sean.walker169@example.co.uk,07312129897,218 Smith Street,Norwich,NR1 3QQ,,N,2024-03-10
P0002142,PERSON,Priya,Baker,28/08/1978,PB386433C,priya.baker584@example.co.uk,07201469389,47 Johnson Street,Birmingham,B1 1AA,,Y,2013-12-07
P0002143,ORG,George,OBrien,29/09/1986,WM937117D,george.obrien831@example.co.uk,07265377971,248 Patel Street,Bristol,BS1 4ST,,Y,2008-08-26
P0002144,PERSON,Wei,Davies,16/12/1981,KR364681A,WEI.DAVIES571@EXAMPLE.CO.UK,07541060622,187 OBrien Street,Manchester,M1 1AE,453,Y,2016-02-08
P0002145,PERSON,Aoife,Murphy,19/05/1991,JE318705D,AOIFE.MURPHY955@EXAMPLE.CO.UK,07840181220,101 OBrien Street,Bristol,BS1 4ST,,Y,2011-12-23
P0002146,PERSON,Ingrid,Clarke,18/05/1981,OY545797A,INGRID.CLARKE438@EXAMPLE.CO.UK,07932748919,80 Taylor Street,York,YO1 6GA,,Y,2021-05-11
P0002147,PERSON,Amelia,Baker,17/01/1971,HS924833D,amelia.baker226@example.co.uk,07306146200,52 Hall Street,York,N/A,,Y,2023-03-30
P0002148,PERSON,Ingrid,Clarke,25/04/1950,NM651225A,ingrid.clarke373@example.co.uk,07296955041,192 Johnson Street,London,EC1A1BB,,Y,2013-08-19
P0002149,PERSON,Ingrid,Hall,08/01/1954,,INGRID.HALL777@EXAMPLE.CO.UK,07879667809,135 Clarke Street,Manchester,M1 1AE,21,Y,2016-08-15
P0002150,PERSON,Thomas,Robinson,28/02/2003,ZZ193913C,thomas.robinson621@example.co.uk,07616692710,58 Hughes Street,London,EC1A 1BB,274,Y,2008-08-07
P0002151,PERSON,Wei,Robinson,01/01/1995,HB712403D,WEI.ROBINSON962@EXAMPLE.CO.UK,07960028003,47 Johnson Street,Reading,RG1 1LX,298,Y,2017-09-11
P0002152,PERSON,Grace,Davies,10/07/2000,SH379925C,grace.davies178@example.co.uk,07603555340,27 Murphy Street,London,EC1A 1BB,,Y,2023-04-19
P0002153,PERSON,Lars,Hall,15/07/1957,ME974026D,lars.hall161@example.co.uk,07320763393,161 Wilson Street,Norwich,NR1 3QQ,347,N,2017-04-12
P0002154,PERSON,James,Baker,14/01/1978,XS890966A,JAMES.BAKER521@EXAMPLE.CO.UK,07911950347,135 OBrien Street,Glasgow,G1 1XQ,224,Y,2018-08-21
P0002155,PERSON,George,Murphy,10/12/1984,MJ830711B,george.murphy388@example.co.uk,07541009421,71 Patel Street,Norwich,NR1 3QQ,,N,2009-02-22
P0002156,PERSON,Emily,Clarke,04/01/1958,OR947747C,emily.clarke154@example.co.uk,07656458744,114 Clarke Street,Norwich,NR1 3QQ,359,Y,2013-10-25
P0002157,PERSON,Daniel,Patel,16/09/1979,KL995136D,daniel.patel763@example.co.uk,07443292739,166 Jones Street,Manchester,M1 1AE,,N,2010-11-28
P0002158,PERSON,Thomas,Smith,14/09/1972,,thomas.smith248@example.co.uk,07829313436,213 Hughes Street,Norwich,NR1 3QQ,,Y,2015-01-23
P0002159,PERSON,Isla,Hall,18/03/1963,XB910394D,isla.hall341@example.co.uk,07502221001,59 Green Street,London,EC1A 1BB,,Y,2024-05-11
P0002160,PERSON,Aoife,Murphy,23/02/1976,ZR417659A,aoife.murphy595@example.co.uk,07397100352,208 Smith Street,Leeds,LS1 4AP,497,Y,2018-04-14
P0002161,PERSON,George,Jones,27/08/1964,LA429489A,GEORGE.JONES90@EXAMPLE.CO.UK,07892522970,226 Williams Street,Glasgow,M1  1AE,144,Y,2019-08-02
P0002162,PERSON,Isla,Green,18/07/1980,PT394788D,ISLA.GREEN647@EXAMPLE.CO.UK,07946841522,245 Clarke Street,Reading,RG1 1LX,484,N,2024-09-20
P0002163,PERSON,Oliver,Davies,05/08/1959,ZW377302A,oliver.davies872@example.co.uk,07257449852,201 Jones Street,Birmingham,B1 1AA,,N,2020-11-28
P0002164,PERSON,Grace,Taylor,14/10/1944,XE815193C,GRACE.TAYLOR899@EXAMPLE.CO.UK,07421080691,133 Patel Street,Manchester,M1  1AE,76,Y,2018-05-08
P0002165,ORG,Ingrid,Baker,11/11/1996,AS191430C,INGRID.BAKER481@EXAMPLE.CO.UK,07445135058,115 Murphy Street,Leeds,LS1 4AP,301,Y,2018-08-11
P0002166,PERSON,Sean,Baker,15/11/1958,HS133244B,sean.baker876@example.co.uk,07131131342,186 Clarke Street,Glasgow,,251,N,2018-07-20
P0002167,PERSON,Mohammed,Walker,16/03/1982,EH728845B,MOHAMMED.WALKER62@EXAMPLE.CO.UK,07871783554,103 Brown Street,Norwich,NR1 3QQ,202,N,2020-10-13
P0002168,PERSON,Sophie,Williams,30/10/1956,ME833880B,sophie.williams504@example.co.uk,07366782407,128 Walker Street,Norwich,NR1 3QQ,,N,2017-12-31
P0002169,PERSON,James,OBrien,18/03/2002,,james.obrien518@example.co.uk,07534288270,217 Murphy Street,London,EC1A 1BB,6,Y,2008-09-02
P0002170,PERSON,Fatima,Patel,30/08/1943,MT656697C,fatima.patel508@example.co.uk,07310751561,207 Smith Street,London,EC1A 1BB,420,Y,2019-08-10
P0002171,PERSON,Priya,Robinson,11/02/1959,,PRIYA.ROBINSON444@EXAMPLE.CO.UK,07381664097,159 Williams Street,Glasgow,G1 1XQ,429,Y,2019-07-13
P0002172,PERSON,Oliver,Hall,20/11/1940,KR942623C,OLIVER.HALL194@EXAMPLE.CO.UK,07188806059,110 Wright Street,Manchester,M1 1AE,69,N,2015-04-21
P0002173,PERSON,Chloe,Hughes,14/12/1963,YN878498B,CHLOE.HUGHES971@EXAMPLE.CO.UK,07299920368,249 Jones Street,Bristol,BS1 4ST,,Y,2016-05-03
P0002174,PERSON,Fatima,Smith,27/12/2003,EP266674B,fatima.smith845@example.co.uk,07796830109,10 Williams Street,Glasgow,G1 1XQ,214,Y,2021-05-31
P0002175,PERSON,Chloe,Clarke,10/03/1974,KP990960D,chloe.clarke201@example.co.uk,07103454272,63 Smith Street,Leeds,N/A,76,Y,2022-05-31
P0002176,PERSON,Daniel,Brown,09/09/1971,HA223181B,daniel.brown282@example.co.uk,07774262059,156 Murphy Street,London,EC1A 1BB,324,Y,2020-07-10
P0002177,PERSON,Mohammed,Smith,21/12/1941,BR642301B,mohammed.smith300@example.co.uk,07159556704,78 Hughes Street,Birmingham,B1 1AA,214,N,2023-07-19
P0002178,PERSON,Oliver,Baker,22/04/1961,SJ641280C,oliver.baker932@example.co.uk,07985358760,125 Hall Street,London,EC1A 1BB,104,Y,2012-08-02
P0002179,PERSON,Daniel,Hughes,28/06/1953,EP999700A,daniel.hughes278@example.co.uk,07621859484,38 Johnson Street,Glasgow,G1 1XQ,462,N,2011-02-05
P0002180,PERSON,Fatima,Patel,19/10/1951,OP777926D,fatima.patel601@example.co.uk,07931081780,136 Hughes Street,Glasgow,G1 1XQ,,Y,2009-10-11
P0002181,PERSON,Mohammed,OBrien,01/02/1993,ZN986011C,MOHAMMED.OBRIEN43@EXAMPLE.CO.UK,07638812207,117 Clarke Street,Leeds,N/A,87,Y,2015-08-05
P0002182,PERSON,James,Khan,23/12/1985,NA635215B,james.khan568@example.co.uk,07409352366,105 Khan Street,Bristol,BS1 4ST,238,Y,2015-06-16
P0002183,PERSON,James,Robinson,18/01/1977,JP448799A,james.robinson610@example.co.uk,07645234938,194 Williams Street,Glasgow,G1 1XQ,,Y,2018-01-06
P0002184,ORG,Lars,OBrien,01/12/1966,YH487907C,lars.obrien458@example.co.uk,07226134563,33 Johnson Street,Norwich,NR1 3QQ,320,Y,2011-04-30
P0002185,PERSON,Grace,Baker,11/04/1962,MN481878C,grace.baker495@example.co.uk,07433439337,146 Walker Street,Reading,RG1 1LX,84,Y,2013-12-12
P0002186,PERSON,Sophie,Walker,02/04/1978,TE261520C,sophie.walker136@example.co.uk,07337293581,88 Smith Street,Leeds,LS1 4AP,,N,2018-02-06
P0002187,PERSON,Fatima,Robinson,22/08/1963,GW254691D,fatima.robinson640@example.co.uk,07311896936,207 Taylor Street,London,EC1A 1BB,389,N,2016-04-01
P0002188,PERSON,Sophie,Johnson,14/10/1964,,sophie.johnson106@example.co.uk,07491418650,87 Green Street,Norwich,NR1 3QQ,430,Y,2014-07-01
P0002189,PERSON,Priya,Murphy,05/11/1995,HE544557B,PRIYA.MURPHY987@EXAMPLE.CO.UK,07952907479,249 Wright Street,Glasgow,G1 1XQ,453,Y,2017-04-19
P0002190,PERSON,Fatima,Hughes,03/11/1944,YC131425D,fatima.hughes574@example.co.uk,07154562310,76 Johnson Street,Reading,RG1 1LX,,Y,2009-12-28
P0002191,PERSON,Priya,OBrien,18/01/2001,YT711394B,PRIYA.OBRIEN483@EXAMPLE.CO.UK,07696987577,99 Jones Street,York,YO1 6GA,,N,2021-10-25
P0002192,ORG,Isla,Taylor,13/12/1999,WY467274A,isla.taylor697@example.co.uk,07135875791,95 Murphy Street,Cardiff,N/A,283,N,2020-05-17
P0002193,PERSON,George,Hall,09/01/1947,,george.hall96@example.co.uk,07152063166,9 Hall Street,Manchester,M1 1AE,,N,2023-05-21
P0002194,PERSON,Isla,Johnson,13/03/1991,KY687743D,isla.johnson444@example.co.uk,07803175580,244 Taylor Street,Leeds,LS1 4AP,418,Y,2021-10-16
P0002195,PERSON,George,Hughes,29/08/1966,SS523814B,george.hughes291@example.co.uk,07393098360,226 Williams Street,Norwich,NR1 3QQ,273,N,2020-03-11
P0002196,PERSON,Isla,Khan,23/12/1985,RM604086C,ISLA.KHAN717@EXAMPLE.CO.UK,07976358087,106 Khan Street,Manchester,M1 1AE,332,Y,2008-09-02
P0002197,PERSON,Thomas,Robinson,26/02/1998,ZS526209B,thomas.robinson573@example.co.uk,07942775211,167 OBrien Street,Leeds,LS1 4AP,203,Y,2023-04-27
P0002198,PERSON,Aoife,Wright,19/10/1979,WT795993A,aoife.wright845@example.co.uk,07376213495,99 Hall Street,Bristol,BS1 4ST,340,Y,2020-10-05
P0002199,PERSON,Chloe,OBrien,14/05/1962,GJ744926C,CHLOE.OBRIEN95@EXAMPLE.CO.UK,07263849042,161 Clarke Street,Glasgow,G1 1XQ,61,N,2021-01-30
P0002200,ORG,James,Green,20/09/1990,RX166979A,james.green825@example.co.uk,07677430958,47 Williams Street,Cardiff,CF10 1EP,184,Y,2011-04-10
P0002201,PERSON,Isla,Williams,21/11/1963,,isla.williams393@example.co.uk,07347394195,125 Green Street,York,YO1 6GA,309,N,2009-03-12
P0002202,PERSON,Wei,Taylor,12/04/1958,WN619855B,WEI.TAYLOR528@EXAMPLE.CO.UK,07385073461,202 OBrien Street,Cardiff,CF10 1EP,,Y,2016-08-20
P0002203,PERSON,Mohammed,Robinson,11/06/1999,AB469687C,MOHAMMED.ROBINSON409@EXAMPLE.CO.UK,07888943264,34 Clarke Street,Glasgow,G1 1XQ,47,Y,2018-09-28
P0002204,ORG,Fatima,Patel,04/05/1997,HT138190C,fatima.patel262@example.co.uk,07374190762,247 Walker Street,Reading,RG1 1LX,493,Y,2013-08-20
P0002205,ORG,Thomas,Wilson,18/10/1943,SL578059A,thomas.wilson63@example.co.uk,07247411914,13 Davies Street,Bristol,BS1 4ST,313,Y,2022-03-01
P0002206,ORG,Daniel,Taylor,14/04/1991,,daniel.taylor995@example.co.uk,07501650505,161 Brown Street,York,YO1 6GA,,Y,2015-02-06
P0002207,ORG,Aoife,OBrien,15/06/1944,HZ625026D,aoife.obrien557@example.co.uk,07541046538,182 Johnson Street,Manchester,M1 1AE,,Y,2018-12-27
P0002208,PERSON,Daniel,Jones,16/01/1965,WC872463D,DANIEL.JONES132@EXAMPLE.CO.UK,07490445159,39 Williams Street,Leeds,LS1 4AP,312,Y,2019-11-10
P0002209,PERSON,Thomas,Murphy,10/03/1981,ZA449964B,thomas.murphy922@example.co.uk,07855152413,47 Murphy Street,Bristol,BS1 4ST,206,Y,2017-08-17
P0002210,PERSON,Sophie,Brown,04/01/1966,MA757993D,sophie.brown221@example.co.uk,07896729389,185 Murphy Street,Glasgow,G1 1XQ,,Y,2008-11-24
P0002211,ORG,Fatima,Taylor,21/12/1940,XZ577914C,fatima.taylor610@example.co.uk,07316000651,211 Robinson Street,Birmingham,B1 1AA,298,Y,2018-01-09
P0002212,PERSON,Isla,Williams,03/12/1943,CH533866D,isla.williams291@example.co.uk,07527503269,220 Jones Street,Leeds,LS1 4AP,,Y,2012-07-06
P0002213,PERSON,Wei,Taylor,15/02/1977,LT441692C,wei.taylor992@example.co.uk,07552030699,117 Williams Street,Glasgow,G1 1XQ,,N,2023-02-16
P0002214,PERSON,Isla,Clarke,07/06/1996,EA108077C,isla.clarke914@example.co.uk,07835711500,237 Walker Street,Norwich,NR1 3QQ,,Y,2008-12-07
P0002215,PERSON,Fatima,Baker,30/03/1940,CX195745D,fatima.baker327@example.co.uk,07838901931,154 Johnson Street,Norwich,NR1 3QQ,436,N,2013-05-27
P0002216,ORG,Priya,Johnson,12/07/1991,,priya.johnson823@example.co.uk,07392748563,136 Khan Street,Leeds,LS1 4AP,279,N,2023-09-20
P0002217,PERSON,Mohammed,Taylor,21/07/1977,JG213532B,MOHAMMED.TAYLOR339@EXAMPLE.CO.UK,07391423873,46 Clarke Street,Norwich,NR1 3QQ,,Y,2017-03-31
P0002218,PERSON,Sean,OBrien,06/05/1996,BM172167A,sean.obrien952@example.co.uk,07427256677,140 Hughes Street,Glasgow,G1 1XQ,375,Y,2015-02-02
P0002219,PERSON,Sophie,Jones,09/06/1994,KS312947B,SOPHIE.JONES227@EXAMPLE.CO.UK,07617537043,182 Murphy Street,Leeds,LS1 4AP,,Y,2012-05-04
P0002220,PERSON,Lars,Jones,04/04/1940,LK572737D,LARS.JONES592@EXAMPLE.CO.UK,07794452928,38 Brown Street,York,YO1 6GA,,N,2008-03-28
P0002221,PERSON,Thomas,Robinson,07/07/1945,XK322475D,THOMAS.ROBINSON114@EXAMPLE.CO.UK,07789281905,216 Green Street,Birmingham,B1 1AA,,Y,2019-11-14
P0002222,PERSON,Sophie,Robinson,18/12/1973,KZ350588A,sophie.robinson620@example.co.uk,07174291528,15 Murphy Street,Norwich,NR1 3QQ,408,N,2021-03-23
P0002223,PERSON,Amelia,Clarke,02/06/1994,,amelia.clarke788@example.co.uk,07503504552,74 Wright Street,York,YO1 6GA,,Y,2021-07-03
P0002224,PERSON,Thomas,Khan,15/11/1943,OG875999C,thomas.khan395@example.co.uk,07495790176,120 Smith Street,Glasgow,G1 1XQ,,Y,2016-07-27
P0002225,PERSON,Priya,Smith,22/09/1991,NS254355B,priya.smith268@example.co.uk,07723808252,170 Wilson Street,Cardiff,CF10 1EP,51,Y,2010-11-20
P0002226,PERSON,Wei,Taylor,18/11/1950,AK557184A,wei.taylor575@example.co.uk,07173017897,151 Patel Street,Cardiff,CF10 1EP,,N,2008-01-29
P0002227,ORG,Aoife,Taylor,23/08/1998,PH652999A,aoife.taylor479@example.co.uk,07961426909,172 Hughes Street,London,ZZ99 9ZZ,290,Y,2019-01-04
P0002228,PERSON,Ingrid,Jones,05/08/1947,EE690524C,ingrid.jones285@example.co.uk,07804415366,198 Hall Street,Reading,RG1 1LX,,N,2014-11-11
P0002229,ORG,Fatima,Smith,14/01/1984,YE721640B,FATIMA.SMITH461@EXAMPLE.CO.UK,07480213230,222 Brown Street,Leeds,LS1 4AP,,N,2016-04-05
P0002230,PERSON,Wei,Davies,15/01/1991,ZH468790A,WEI.DAVIES957@EXAMPLE.CO.UK,07483244697,28 Walker Street,Norwich,NR1 3QQ,,Y,2013-12-16
P0002231,PERSON,Sean,Walker,28/04/1997,EW862250D,SEAN.WALKER485@EXAMPLE.CO.UK,07582404928,242 Khan Street,Leeds,LS1 4AP,,Y,2021-08-14
P0002232,ORG,Isla,Murphy,07/02/1995,MJ663134B,isla.murphy951@example.co.uk,07748980793,149 Baker Street,Reading,RG1 1LX,166,Y,2010-10-14
P0002233,PERSON,Emily,Murphy,21/12/1952,,emily.murphy792@example.co.uk,07372915857,110 Baker Street,London,EC1A 1BB,,Y,2016-07-22
P0002234,PERSON,Ingrid,Brown,17/10/1991,OK811190A,INGRID.BROWN92@EXAMPLE.CO.UK,07181928400,63 Green Street,Reading,RG1 1LX,,Y,2012-11-10
P0002235,PERSON,Oliver,OBrien,17/07/1997,TP343419B,oliver.obrien403@example.co.uk,07455926974,46 Walker Street,York,YO1 6GA,474,Y,2009-03-12
P0002236,PERSON,Harry,Hall,08/08/2000,EH685661B,harry.hall284@example.co.uk,07813451331,151 Johnson Street,York,YO1 6GA,,Y,2016-04-05
P0002237,PERSON,Sophie,Robinson,13/09/1960,ST635490D,sophie.robinson585@example.co.uk,07108670337,204 Davies Street,Birmingham,B1 1AA,402,Y,2014-03-18
P0002238,ORG,Lars,Murphy,16/10/1997,TW918911A,lars.murphy664@example.co.uk,07318871538,19 Williams Street,London,EC1A 1BB,,Y,2012-09-30
P0002239,PERSON,Grace,OBrien,08/07/1958,,grace.obrien359@example.co.uk,07477654756,9 Baker Street,Leeds,LS1 4AP,,Y,2018-04-21
P0002240,PERSON,Emily,Jones,11/07/1995,OT774918C,emily.jones279@example.co.uk,07300202710,226 Hall Street,York,ZZ99 9ZZ,117,Y,2012-06-22
P0002241,PERSON,Daniel,Brown,04/07/1976,WY430745C,DANIEL.BROWN549@EXAMPLE.CO.UK,07714856836,195 Patel Street,Cardiff,CF10 1EP,,Y,2020-12-27
P0002242,PERSON,Thomas,Patel,10/07/1949,YW373093B,thomas.patel62@example.co.uk,07727641077,39 Brown Street,Manchester,ZZ99 9ZZ,,N,2008-01-12
P0002243,PERSON,Sophie,Hughes,15/05/1946,ZE324529B,sophie.hughes518@example.co.uk,07773940564,151 Davies Street,York,YO1 6GA,,Y,2015-03-14
P0002244,PERSON,George,Hughes,07/07/1967,TB996628B,GEORGE.HUGHES816@EXAMPLE.CO.UK,07496673828,102 Jones Street,York,YO1 6GA,128,Y,2017-03-29
P0002245,PERSON,Grace,Wilson,25/06/1974,RH103404B,grace.wilson192@example.co.uk,07991773641,60 OBrien Street,Bristol,BS1 4ST,441,N,2016-09-24
P0002246,PERSON,Chloe,Wilson,04/12/1952,CT358075C,CHLOE.WILSON680@EXAMPLE.CO.UK,07513305935,99 Jones Street,Leeds,LS1 4AP,498,N,2021-12-31
P0002247,PERSON,Mohammed,Patel,15/05/1982,,mohammed.patel702@example.co.uk,07712763459,135 Taylor Street,London,EC1A 1BB,206,Y,2020-12-18
P0002248,PERSON,Priya,Brown,04/02/1975,CH100477B,PRIYA.BROWN195@EXAMPLE.CO.UK,07779794531,28 Wright Street,Glasgow,G1 1XQ,,Y,2009-07-05
P0002249,PERSON,Wei,Hughes,25/09/1943,WN382919A,WEI.HUGHES928@EXAMPLE.CO.UK,07823821585,51 Walker Street,Reading,RG1 1LX,261,Y,2024-05-22
P0002250,PERSON,James,Williams,18/06/1986,NY222235D,james.williams349@example.co.uk,07206197259,171 Murphy Street,Reading,RG1 1LX,,N,2020-04-22
P0002251,PERSON,Emily,Baker,05/05/1945,HC954002A,emily.baker721@example.co.uk,07210213192,167 Khan Street,Glasgow,G1 1XQ,492,Y,2021-01-27
P0002252,PERSON,Chloe,Patel,12/03/1985,WP827048D,chloe.patel116@example.co.uk,07723930869,49 Baker Street,Bristol,BS1 4ST,,Y,2011-10-11
P0002253,PERSON,Fatima,OBrien,19/10/1953,,fatima.obrien6@example.co.uk,07146126313,39 Jones Street,Manchester,M1 1AE,174,Y,2019-05-08
P0002254,PERSON,Grace,Khan,06/02/1979,ZM670172A,grace.khan634@example.co.uk,07257706401,119 Wilson Street,York,YO1 6GA,267,N,2021-06-15
P0002255,PERSON,Sophie,Davies,25/05/1999,ES427335C,sophie.davies395@example.co.uk,07719242078,32 OBrien Street,Norwich,NR1 3QQ,,Y,2011-05-09
P0002256,PERSON,Sophie,Green,23/09/1998,GJ207312C,sophie.green27@example.co.uk,07672970374,197 Wilson Street,Manchester,M1 1AE,444,N,2013-04-15
P0002257,PERSON,Grace,Wilson,22/09/1988,LR282615D,grace.wilson257@example.co.uk,07187695843,162 Davies Street,London,EC1A 1BB,218,N,2011-07-19
P0002258,PERSON,James,Williams,03/02/1968,BT597116D,JAMES.WILLIAMS253@EXAMPLE.CO.UK,07929742518,35 Hall Street,Bristol,BS1 4ST,476,N,2012-06-09
P0002259,ORG,Daniel,Green,09/04/1984,XW610441B,DANIEL.GREEN656@EXAMPLE.CO.UK,07581918216,167 OBrien Street,Cardiff,CF10 1EP,,Y,2014-07-20
P0002260,PERSON,Oliver,Smith,18/08/1961,CA821339D,oliver.smith853@example.co.uk,07255306960,73 Robinson Street,Leeds,LS1 4AP,227,N,2011-01-31
P0002261,PERSON,Priya,Patel,27/05/1956,XZ803502B,priya.patel443@example.co.uk,07621190094,217 Walker Street,Glasgow,G1 1XQ,177,N,2024-11-24
P0002262,PERSON,Isla,Baker,04/06/1989,HX704565B,isla.baker327@example.co.uk,07795896584,50 Wilson Street,Birmingham,B1 1AA,,N,2018-04-21
P0002263,PERSON,Aoife,Walker,16/04/1986,,AOIFE.WALKER22@EXAMPLE.CO.UK,07349375600,91 Robinson Street,Norwich,NR1 3QQ,302,N,2013-03-07
P0002264,PERSON,Amelia,Hughes,06/02/1995,RZ721984B,amelia.hughes617@example.co.uk,07798791901,49 OBrien Street,Glasgow,G1 1XQ,,Y,2023-11-10
P0002265,ORG,Lars,Jones,21/01/1971,,lars.jones8@example.co.uk,07106581984,186 Green Street,Norwich,NR1 3QQ,,Y,2014-09-03
P0002266,ORG,Daniel,Khan,01/02/1999,OT496240D,daniel.khan592@example.co.uk,07545177029,33 Taylor Street,Reading,RG1 1LX,,Y,2008-04-04
P0002267,PERSON,Mohammed,Baker,26/02/1972,OL884599B,MOHAMMED.BAKER75@EXAMPLE.CO.UK,07498129834,150 OBrien Street,Reading,RG1 1LX,,Y,2012-05-25
P0002268,PERSON,George,Jones,16/05/1969,OE883977A,GEORGE.JONES628@EXAMPLE.CO.UK,07541008334,128 Khan Street,Manchester,M1 1AE,,Y,2023-01-31
P0002269,PERSON,Isla,Walker,30/07/1960,AL168037D,ISLA.WALKER412@EXAMPLE.CO.UK,07252860601,37 Davies Street,Glasgow,G1 1XQ,347,Y,2017-06-01
P0002270,PERSON,Ingrid,Hughes,25/10/1981,HJ764064A,INGRID.HUGHES890@EXAMPLE.CO.UK,07186090813,113 Taylor Street,London,EC1A 1BB,293,N,2019-10-21
P0002271,PERSON,Chloe,Baker,21/08/1960,NG960989A,CHLOE.BAKER362@EXAMPLE.CO.UK,07273120910,113 OBrien Street,Bristol,BS1 4ST,,N,2017-06-28
P0002272,PERSON,Isla,Wright,05/07/1959,EA661029D,ISLA.WRIGHT73@EXAMPLE.CO.UK,07358490261,14 Walker Street,Manchester,M1 1AE,,N,2015-07-01
P0002273,PERSON,Daniel,Patel,28/05/2000,KS412308C,daniel.patel851@example.co.uk,07827471080,10 Jones Street,London,N/A,46,Y,2019-03-26
P0002274,PERSON,Harry,Khan,19/10/1946,LS165725D,harry.khan724@example.co.uk,07605283661,137 Robinson Street,Bristol,EC1A1BB,113,Y,2022-03-08
P0002275,PERSON,George,Wilson,05/10/1945,AJ797030B,george.wilson289@example.co.uk,07400759695,49 Khan Street,Reading,RG1 1LX,105,Y,2013-09-26
P0002276,PERSON,George,Johnson,10/07/1967,,GEORGE.JOHNSON313@EXAMPLE.CO.UK,07122345305,76 Clarke Street,Birmingham,B1 1AA,,Y,2008-04-08
P0002277,PERSON,Grace,Brown,16/11/1957,YM239626A,grace.brown125@example.co.uk,07915871165,250 Williams Street,Leeds,LS1 4AP,,Y,2010-11-13
P0002278,PERSON,Isla,Hall,22/01/1972,CX939634D,isla.hall434@example.co.uk,07983873553,117 Wright Street,Norwich,NR1 3QQ,,Y,2024-06-30
P0002279,PERSON,Lars,Murphy,13/09/1945,JY188106B,lars.murphy223@example.co.uk,07790655491,163 Wilson Street,York,YO1 6GA,,Y,2019-05-13
P0002280,PERSON,Ingrid,Davies,26/06/1943,WS634570A,ingrid.davies282@example.co.uk,07948648776,117 Davies Street,Glasgow,G1 1XQ,,Y,2020-01-29
P0002281,PERSON,Aoife,Smith,25/09/1984,BK756805A,aoife.smith985@example.co.uk,07620184956,207 OBrien Street,Reading,RG1 1LX,,Y,2021-11-25
P0002282,PERSON,George,Baker,06/07/1949,GB479266C,george.baker786@example.co.uk,07745265870,49 Davies Street,York,YO1 6GA,,Y,2018-01-18
P0002283,PERSON,Amelia,Baker,14/05/1968,RT108842B,amelia.baker258@example.co.uk,07893368025,120 Taylor Street,London,EC1A 1BB,163,N,2012-06-03
P0002284,PERSON,Lars,Green,01/12/1998,NK806498C,LARS.GREEN286@EXAMPLE.CO.UK,07915314833,218 Jones Street,Birmingham,,,Y,2019-07-30
P0002285,PERSON,Daniel,Walker,29/11/1980,HG937872A,daniel.walker480@example.co.uk,07133590508,190 Jones Street,York,YO1 6GA,117,Y,2011-02-19
P0002286,PERSON,James,Patel,10/12/1941,,JAMES.PATEL788@EXAMPLE.CO.UK,07286603226,76 Clarke Street,Reading,RG1 1LX,,Y,2017-12-12
P0002287,PERSON,Priya,Wright,19/03/1988,AM678763D,priya.wright710@example.co.uk,07187852183,134 Walker Street,London,EC1A 1BB,,Y,2014-02-17
P0002288,ORG,Harry,Walker,24/04/1951,LZ675263D,harry.walker789@example.co.uk,07223459232,207 Smith Street,Bristol,BS1 4ST,,N,2019-04-06
P0002289,PERSON,Lars,Robinson,27/03/1941,,LARS.ROBINSON237@EXAMPLE.CO.UK,07415419900,58 Smith Street,Leeds,LS1 4AP,428,Y,2011-01-07
P0002290,PERSON,Grace,Clarke,27/02/1999,LB891426B,grace.clarke434@example.co.uk,07161253790,67 Davies Street,York,YO1 6GA,402,Y,2010-04-08
P0002291,PERSON,Lars,Robinson,04/01/1996,YH397407D,LARS.ROBINSON610@EXAMPLE.CO.UK,07666287551,32 Brown Street,York,YO1 6GA,82,N,2023-04-03
P0002292,PERSON,George,Jones,13/05/1948,CL474628D,george.jones524@example.co.uk,07204042745,131 Brown Street,Cardiff,CF10 1EP,377,Y,2016-03-27
P0002293,PERSON,Chloe,Taylor,31/07/1982,LJ864241B,chloe.taylor59@example.co.uk,07509453193,207 Wright Street,London,EC1A 1BB,,Y,2023-06-13
P0002294,PERSON,Mohammed,Johnson,31/01/1974,EC961529C,MOHAMMED.JOHNSON142@EXAMPLE.CO.UK,07783960103,18 Brown Street,Glasgow,G1 1XQ,,Y,2008-08-09
P0002295,PERSON,Harry,Smith,06/01/1974,JB922145A,harry.smith12@example.co.uk,07238077602,46 Taylor Street,Norwich,NR1 3QQ,,N,2014-12-08
P0002296,PERSON,Thomas,Wilson,08/01/1998,KP955954B,thomas.wilson886@example.co.uk,07819165136,35 OBrien Street,Cardiff,CF10 1EP,124,N,2010-09-09
P0002297,PERSON,Sophie,Walker,30/09/1949,ML870240B,sophie.walker987@example.co.uk,07853526776,22 Green Street,Glasgow,G1 1XQ,,Y,2015-05-22
P0002298,PERSON,Mohammed,Johnson,07/05/1979,ZP162942A,MOHAMMED.JOHNSON782@EXAMPLE.CO.UK,07757173843,149 Khan Street,Glasgow,G1 1XQ,,N,2012-02-07
P0002299,PERSON,George,Williams,24/06/1957,BJ802192C,george.williams356@example.co.uk,07284033799,131 Hughes Street,York,YO1 6GA,228,Y,2008-08-17
P0002300,PERSON,Ingrid,OBrien,02/02/1944,SJ478234C,ingrid.obrien894@example.co.uk,07983092669,76 Williams Street,Norwich,NR1 3QQ,259,Y,2014-04-16
P0002301,ORG,Ingrid,Wright,03/11/1983,LZ357196A,ingrid.wright495@example.co.uk,07403129869,207 Jones Street,Bristol,BS1 4ST,200,Y,2008-03-12
P0002302,PERSON,Wei,Baker,25/09/1987,GT481843C,wei.baker895@example.co.uk,07633476907,119 Baker Street,York,YO1 6GA,226,Y,2020-08-12
P0002303,PERSON,Priya,Khan,08/08/1998,,priya.khan824@example.co.uk,07126153466,120 Wilson Street,Cardiff,EC1A1BB,,N,2013-09-05
P0002304,PERSON,Priya,Johnson,06/02/1994,ZK248200C,priya.johnson446@example.co.uk,07572833182,145 Williams Street,London,EC1A 1BB,455,Y,2011-01-19
P0002305,PERSON,Priya,Brown,25/05/2003,JG489790A,priya.brown489@example.co.uk,07348183825,192 Baker Street,Bristol,BS1 4ST,,Y,2023-02-12
P0002306,PERSON,Chloe,Hughes,27/08/1987,GK548140A,chloe.hughes265@example.co.uk,07636200321,152 Patel Street,Bristol,BS1 4ST,,Y,2024-04-12
P0002307,PERSON,Thomas,OBrien,24/06/1967,WE281718D,thomas.obrien620@example.co.uk,07879158412,28 Wright Street,Glasgow,G1 1XQ,181,N,2014-06-16
P0002308,PERSON,Harry,Robinson,20/07/1949,AH323637B,harry.robinson542@example.co.uk,07814747520,235 Williams Street,Leeds,LS1 4AP,,Y,2010-04-18
P0002309,PERSON,Lars,Walker,11/04/1964,,lars.walker728@example.co.uk,07518156609,87 Murphy Street,London,EC1A 1BB,321,Y,2011-08-31
P0002310,ORG,Aoife,Clarke,04/10/1960,GG657734B,AOIFE.CLARKE517@EXAMPLE.CO.UK,07932090768,167 Khan Street,Manchester,M1 1AE,337,Y,2015-08-05
P0002311,ORG,Daniel,Murphy,23/03/1955,RW604909C,DANIEL.MURPHY813@EXAMPLE.CO.UK,07771035144,54 OBrien Street,York,YO1 6GA,,Y,2012-11-12
P0002312,PERSON,Isla,Robinson,12/05/1957,RZ296195A,isla.robinson749@example.co.uk,07470132314,31 Jones Street,Birmingham,B1 1AA,,Y,2016-07-04
P0002313,PERSON,James,Wright,26/07/1979,LX504085D,james.wright775@example.co.uk,07992618517,88 Johnson Street,Birmingham,B1 1AA,154,N,2009-07-13
P0002314,PERSON,Priya,Murphy,27/09/1982,,priya.murphy255@example.co.uk,07308891550,17 Green Street,Manchester,M1 1AE,,Y,2008-09-05
P0002315,PERSON,Daniel,Murphy,22/08/1944,KE236502D,daniel.murphy488@example.co.uk,07395447681,241 Taylor Street,Reading,RG1 1LX,456,N,2019-08-07
P0002316,ORG,Mohammed,Jones,06/05/1954,AX256633D,mohammed.jones701@example.co.uk,07119904289,1 Hall Street,Norwich,NR1 3QQ,,Y,2011-05-19
P0002317,PERSON,Emily,Smith,23/04/1990,WZ986329C,emily.smith671@example.co.uk,07363400477,153 OBrien Street,Norwich,NR1 3QQ,449,Y,2008-11-05
P0002318,ORG,Harry,Davies,24/10/1958,WT467819A,harry.davies78@example.co.uk,07578330240,203 Hall Street,Glasgow,G1 1XQ,,Y,2011-10-02
P0002319,PERSON,George,Smith,31/05/1989,MC587437C,GEORGE.SMITH539@EXAMPLE.CO.UK,07953941730,188 Patel Street,York,M1  1AE,,Y,2012-12-15
P0002320,PERSON,James,Jones,22/10/1979,TN457223C,james.jones526@example.co.uk,07105246305,151 OBrien Street,York,YO1 6GA,301,Y,2010-03-05
P0002321,PERSON,Grace,OBrien,13/11/1943,PS752240C,grace.obrien304@example.co.uk,07237370299,115 Wilson Street,Reading,RG1 1LX,251,Y,2015-08-10
P0002322,PERSON,Sophie,Green,14/03/1951,NB815106C,sophie.green295@example.co.uk,07257020326,28 Wright Street,Birmingham,ZZ99 9ZZ,,N,2013-11-06
P0002323,ORG,George,Khan,04/04/1994,PT368865A,george.khan891@example.co.uk,07828839201,144 Walker Street,Leeds,LS1 4AP,423,Y,2024-07-02
P0002324,ORG,Priya,Green,24/03/1968,PS579964B,priya.green458@example.co.uk,07411059680,244 Taylor Street,Bristol,BS1 4ST,291,Y,2022-01-05
P0002325,PERSON,Isla,Baker,16/05/1980,CH392279B,isla.baker551@example.co.uk,07217590477,111 Patel Street,Reading,RG1 1LX,487,Y,2023-01-10
P0002326,ORG,Chloe,Hughes,17/03/1953,AL561788A,CHLOE.HUGHES949@EXAMPLE.CO.UK,07618051282,161 Baker Street,Bristol,BS1 4ST,,Y,2015-09-23
P0002327,PERSON,Amelia,Hughes,09/02/1980,YG893616A,amelia.hughes383@example.co.uk,07930491573,200 Davies Street,Cardiff,CF10 1EP,,Y,2024-04-07
P0002328,PERSON,Emily,Wright,09/09/1958,TH175880B,emily.wright988@example.co.uk,07105218031,7 Green Street,Glasgow,G1 1XQ,39,N,2018-04-08
P0002329,PERSON,Sean,Baker,21/04/1971,HN913268D,sean.baker807@example.co.uk,07107416561,149 Green Street,Reading,RG1 1LX,224,N,2008-01-07
P0002330,PERSON,Mohammed,Wright,28/03/1988,AJ381718A,mohammed.wright218@example.co.uk,07364022169,211 Clarke Street,Cardiff,CF10 1EP,21,Y,2012-03-28
P0002331,PERSON,Harry,Baker,03/04/1986,ZT855108D,harry.baker331@example.co.uk,07129649360,189 Wright Street,Cardiff,CF10 1EP,,N,2017-07-23
P0002332,PERSON,Oliver,Smith,28/09/1984,SB153353C,oliver.smith279@example.co.uk,07185195899,187 Wright Street,Cardiff,CF10 1EP,,N,2014-05-13
P0002333,PERSON,George,Clarke,23/03/1990,PK628203D,george.clarke449@example.co.uk,07185186133,233 Murphy Street,Manchester,M1 1AE,159,N,2023-11-16
P0002334,PERSON,Ingrid,Khan,22/07/1940,RE648953B,INGRID.KHAN757@EXAMPLE.CO.UK,07678976497,186 Wright Street,Glasgow,G1 1XQ,,Y,2014-02-23
P0002335,PERSON,Emily,Wright,21/05/1985,ZX624885D,EMILY.WRIGHT371@EXAMPLE.CO.UK,07322522150,182 Patel Street,Leeds,LS1 4AP,,Y,2011-11-10
P0002336,PERSON,Amelia,Wilson,26/03/1952,HE429298A,AMELIA.WILSON210@EXAMPLE.CO.UK,07850198268,211 Brown Street,Leeds,LS1 4AP,148,Y,2011-02-09
P0002337,PERSON,James,Khan,12/06/2004,TC481030C,JAMES.KHAN280@EXAMPLE.CO.UK,07598924205,167 Clarke Street,York,YO1 6GA,,Y,2014-08-27
P0002338,PERSON,Mohammed,Walker,02/03/1989,MP561552D,mohammed.walker604@example.co.uk,07944938577,210 Robinson Street,Leeds,LS1 4AP,413,N,2016-12-16
P0002339,PERSON,Priya,Wright,22/07/2004,BY469925B,PRIYA.WRIGHT444@EXAMPLE.CO.UK,07820710834,189 OBrien Street,Cardiff,CF10 1EP,,N,2011-02-18
P0002340,PERSON,Daniel,Walker,20/11/1967,MZ753477D,daniel.walker338@example.co.uk,07737034533,143 Hughes Street,Glasgow,G1 1XQ,,Y,2011-03-22
P0002341,PERSON,Lars,Murphy,31/10/1966,,lars.murphy759@example.co.uk,07488496298,178 Jones Street,Bristol,BS1 4ST,,Y,2021-08-15
P0002342,PERSON,Emily,Hall,08/02/1988,BB498357D,EMILY.HALL479@EXAMPLE.CO.UK,07545479994,221 Walker Street,Leeds,LS1 4AP,,Y,2008-11-02
P0002343,PERSON,Isla,Wilson,14/11/1947,YK353560A,isla.wilson264@example.co.uk,07216494782,236 Brown Street,Leeds,EC1A1BB,,N,2019-05-27
P0002344,PERSON,Thomas,Smith,06/12/1975,NP239911C,thomas.smith363@example.co.uk,07711510123,101 Brown Street,Bristol,BS1 4ST,,Y,2014-03-14
P0002345,PERSON,George,Walker,08/08/1994,NC575074B,george.walker469@example.co.uk,07589923248,183 Taylor Street,Bristol,BS1 4ST,2,Y,2015-05-12
P0002346,PERSON,Priya,Clarke,21/01/1978,JY846636C,priya.clarke936@example.co.uk,07899454189,138 Walker Street,Reading,RG1 1LX,410,Y,2009-07-13
P0002347,PERSON,Lars,Green,20/08/1952,YE912555D,LARS.GREEN335@EXAMPLE.CO.UK,07555876655,240 Hall Street,Cardiff,CF10 1EP,,Y,2018-07-21
P0002348,PERSON,Fatima,Wilson,06/02/1993,GS650723C,fatima.wilson201@example.co.uk,07621029334,248 Baker Street,Cardiff,CF10 1EP,115,Y,2017-09-26
P0002349,PERSON,Ingrid,Baker,21/05/1994,TC736189A,ingrid.baker908@example.co.uk,07765881785,81 Williams Street,London,EC1A 1BB,,N,2012-03-19
P0002350,PERSON,Aoife,Robinson,02/04/1954,CZ143479C,aoife.robinson104@example.co.uk,07884915670,204 Clarke Street,Birmingham,B1 1AA,,Y,2014-11-01
P0002351,PERSON,Thomas,Walker,11/10/2001,KJ811053C,THOMAS.WALKER188@EXAMPLE.CO.UK,07267137446,74 Johnson Street,Birmingham,M1  1AE,49,N,2016-08-05
P0002352,PERSON,Harry,OBrien,01/08/1961,TN428591C,HARRY.OBRIEN690@EXAMPLE.CO.UK,07393834186,229 Wilson Street,York,YO1 6GA,,Y,2014-05-08
P0002353,PERSON,Sean,Khan,04/01/1957,ZJ873326B,sean.khan772@example.co.uk,07653504656,14 Baker Street,Glasgow,,,Y,2020-09-02
P0002354,PERSON,Chloe,Robinson,11/03/1942,CA749839A,chloe.robinson144@example.co.uk,07203286023,172 Green Street,Bristol,BS1 4ST,,Y,2023-03-14
P0002355,PERSON,Mohammed,Davies,05/08/1951,ON369751D,mohammed.davies775@example.co.uk,07569838346,33 Robinson Street,Norwich,NR1 3QQ,63,Y,2013-01-19
P0002356,ORG,Mohammed,OBrien,23/10/1967,PS548780A,mohammed.obrien571@example.co.uk,07833732135,64 Baker Street,Manchester,M1 1AE,,Y,2020-12-10
P0002357,PERSON,Harry,Hall,20/11/1963,OB772838A,HARRY.HALL184@EXAMPLE.CO.UK,07373464167,213 Davies Street,Norwich,NR1 3QQ,,Y,2020-10-08
P0002358,PERSON,Oliver,Walker,20/02/1954,NX289724C,oliver.walker484@example.co.uk,07608045532,49 Johnson Street,Reading,RG1 1LX,,N,2020-09-02
P0002359,PERSON,Amelia,Williams,05/02/1994,ZE255229D,amelia.williams886@example.co.uk,07360296921,146 Murphy Street,Reading,RG1 1LX,,Y,2022-12-24
P0002360,PERSON,Amelia,Khan,20/03/1956,BR997974C,amelia.khan87@example.co.uk,07149239820,1 Patel Street,Manchester,M1 1AE,257,N,2012-04-02
P0002361,PERSON,Wei,Patel,05/05/1959,YS716813A,WEI.PATEL402@EXAMPLE.CO.UK,07267836718,177 Smith Street,Bristol,BS1 4ST,117,Y,2018-05-24
P0002362,PERSON,Harry,Wilson,08/08/1979,WT671858C,harry.wilson408@example.co.uk,07214271444,15 Hall Street,York,YO1 6GA,,N,2012-03-23
P0002363,PERSON,Aoife,Murphy,24/07/1959,JG458724D,aoife.murphy41@example.co.uk,07610933968,239 Robinson Street,London,EC1A1BB,497,N,2014-05-12
P0002364,PERSON,Wei,Murphy,24/06/1989,SA353052C,WEI.MURPHY424@EXAMPLE.CO.UK,07552214289,164 Johnson Street,Manchester,M1 1AE,223,Y,2023-12-18
P0002365,PERSON,Grace,Clarke,25/09/1971,CN411098D,grace.clarke665@example.co.uk,07457445348,31 Robinson Street,Cardiff,CF10 1EP,75,Y,2012-07-29
P0002366,PERSON,Mohammed,Taylor,04/03/1986,YR476412C,mohammed.taylor376@example.co.uk,07538503385,84 Walker Street,Manchester,M1 1AE,,Y,2022-05-14
P0002367,PERSON,Isla,Davies,01/03/1980,LX368736B,ISLA.DAVIES762@EXAMPLE.CO.UK,07705540625,41 Wilson Street,Glasgow,G1 1XQ,430,N,2010-11-13
P0002368,PERSON,Mohammed,Taylor,29/10/1963,JT772319B,MOHAMMED.TAYLOR347@EXAMPLE.CO.UK,07525737390,106 Jones Street,Glasgow,G1 1XQ,,Y,2014-05-21
P0002369,PERSON,Harry,Walker,14/07/1967,,HARRY.WALKER220@EXAMPLE.CO.UK,07948336801,125 Williams Street,London,EC1A 1BB,,Y,2020-07-19
P0002370,PERSON,Harry,Brown,12/06/1941,JG274268C,HARRY.BROWN635@EXAMPLE.CO.UK,07869120358,173 Khan Street,Leeds,LS1 4AP,,Y,2010-12-26
P0002371,PERSON,Aoife,Patel,18/04/1942,JB672281D,aoife.patel472@example.co.uk,07328081726,169 Khan Street,Cardiff,CF10 1EP,,N,2017-01-13
P0002372,PERSON,Lars,Hall,26/02/1942,PR737079C,lars.hall52@example.co.uk,07338350311,111 Smith Street,Norwich,NR1 3QQ,,Y,2020-09-03
P0002373,PERSON,Grace,Johnson,23/06/1986,AX442862C,grace.johnson419@example.co.uk,07458842238,202 Walker Street,York,YO1 6GA,,Y,2018-09-10
P0002374,ORG,Emily,Clarke,13/02/1974,SH611539B,emily.clarke580@example.co.uk,07426600220,184 Walker Street,Birmingham,B1 1AA,,N,2024-02-04
P0002375,PERSON,Chloe,Wilson,27/06/1982,KL769026C,chloe.wilson985@example.co.uk,07562163847,107 Clarke Street,London,EC1A 1BB,,Y,2015-12-05
P0002376,PERSON,Sophie,Khan,13/10/1993,WR277006D,sophie.khan747@example.co.uk,07901236670,134 Hughes Street,Cardiff,CF10 1EP,73,N,2021-10-25
P0002377,PERSON,Emily,Patel,25/06/1962,ZP187435D,emily.patel619@example.co.uk,07447902434,107 Taylor Street,Bristol,BS1 4ST,,Y,2014-09-21
P0002378,PERSON,Thomas,Jones,15/05/1990,XK670902A,THOMAS.JONES999@EXAMPLE.CO.UK,07722020936,190 Johnson Street,York,YO1 6GA,124,Y,2017-06-09
P0002379,PERSON,Daniel,Taylor,17/02/1952,KY946256A,DANIEL.TAYLOR661@EXAMPLE.CO.UK,07823109893,225 Wilson Street,Leeds,LS1 4AP,,Y,2008-08-15
P0002380,PERSON,Amelia,Clarke,18/04/1959,,AMELIA.CLARKE99@EXAMPLE.CO.UK,07722706053,26 Murphy Street,York,YO1 6GA,,Y,2009-08-22
P0002381,PERSON,George,Davies,08/06/1975,,george.davies653@example.co.uk,07185415612,43 Wright Street,Leeds,LS1 4AP,42,Y,2013-06-25
P0002382,PERSON,Sophie,Green,12/05/1993,ZP733754A,sophie.green938@example.co.uk,07362943147,26 Robinson Street,Cardiff,CF10 1EP,,Y,2015-03-08
P0002383,PERSON,Wei,Baker,29/07/2002,CT494493C,wei.baker706@example.co.uk,07328240314,211 Wilson Street,London,EC1A1BB,306,N,2014-12-05
P0002384,PERSON,Sean,Davies,27/01/1963,CN398506D,sean.davies224@example.co.uk,07764438382,30 Brown Street,York,YO1 6GA,,Y,2022-01-18
P0002385,PERSON,Oliver,Green,26/07/1980,BL155814A,oliver.green12@example.co.uk,07805221576,188 Hughes Street,Birmingham,B1 1AA,227,Y,2020-03-25
P0002386,PERSON,George,Khan,04/04/1996,ER798420A,GEORGE.KHAN731@EXAMPLE.CO.UK,07744570919,223 Johnson Street,Reading,RG1 1LX,,Y,2023-08-27
P0002387,PERSON,Amelia,Green,10/12/1960,GB271993A,AMELIA.GREEN143@EXAMPLE.CO.UK,07206008562,112 Robinson Street,Glasgow,G1 1XQ,,Y,2024-04-09
P0002388,PERSON,Grace,Wilson,21/06/1987,EC520365D,grace.wilson978@example.co.uk,07221268144,206 Walker Street,Leeds,LS1 4AP,442,N,2018-07-03
P0002389,PERSON,Aoife,Walker,04/03/1952,PL890639B,aoife.walker976@example.co.uk,07351107288,200 Smith Street,Reading,,,Y,2008-11-30
P0002390,ORG,Chloe,Baker,24/10/1966,AM806435A,chloe.baker86@example.co.uk,07311941974,20 Hall Street,Norwich,NR1 3QQ,365,Y,2009-08-31
P0002391,PERSON,Oliver,OBrien,19/06/1942,NH674355C,oliver.obrien459@example.co.uk,07625476680,115 Jones Street,Glasgow,G1 1XQ,94,Y,2019-02-19
P0002392,PERSON,Sean,Patel,17/02/1979,KA782005D,sean.patel463@example.co.uk,07808540067,76 Jones Street,Reading,RG1 1LX,,Y,2019-06-09
P0002393,ORG,Isla,OBrien,25/05/1969,ST354148B,isla.obrien736@example.co.uk,07706350433,7 Brown Street,London,EC1A 1BB,137,N,2020-04-09
P0002394,PERSON,Isla,Williams,22/12/1940,LA547928B,isla.williams370@example.co.uk,07673553676,8 Taylor Street,Manchester,M1 1AE,181,N,2021-05-18
P0002395,PERSON,Oliver,Murphy,23/08/1942,LW940928A,oliver.murphy184@example.co.uk,07594875030,13 Clarke Street,Bristol,,164,Y,2015-11-20
P0002396,ORG,Lars,Baker,30/01/1979,CH923581C,lars.baker935@example.co.uk,07580854869,189 Hall Street,York,YO1 6GA,,Y,2022-03-27
P0002397,PERSON,Grace,Green,06/06/2001,BE204646C,grace.green83@example.co.uk,07459991496,179 Walker Street,Leeds,LS1 4AP,,Y,2023-08-05
P0002398,PERSON,Wei,Robinson,20/05/1979,PA201117D,WEI.ROBINSON427@EXAMPLE.CO.UK,07264581579,203 Brown Street,Manchester,M1 1AE,,Y,2014-11-15
P0002399,PERSON,Mohammed,Taylor,07/05/1983,JY104400C,mohammed.taylor891@example.co.uk,07475816923,246 Davies Street,Norwich,NR1 3QQ,,Y,2019-04-28
P0002400,PERSON,Emily,Robinson,22/04/1981,ZP767010B,emily.robinson673@example.co.uk,07662785025,145 Green Street,Birmingham,B1 1AA,53,Y,2013-04-15
P0002401,PERSON,Priya,Hughes,02/10/1984,JJ759156C,priya.hughes179@example.co.uk,07834935084,161 Smith Street,Norwich,NR1 3QQ,,Y,2013-09-19
P0002402,PERSON,James,Hall,09/10/1961,WM902989D,JAMES.HALL590@EXAMPLE.CO.UK,07407087656,69 Williams Street,York,YO1 6GA,363,Y,2013-07-28
P0002403,PERSON,Daniel,Green,10/11/1960,ZC679939D,daniel.green327@example.co.uk,07535145874,43 Williams Street,Cardiff,CF10 1EP,285,Y,2015-06-24
P0002404,PERSON,Isla,Davies,20/12/1967,,ISLA.DAVIES917@EXAMPLE.CO.UK,07555402663,50 Davies Street,London,EC1A 1BB,,Y,2009-04-29
P0002405,PERSON,Sophie,Patel,02/01/2002,NH535790B,sophie.patel899@example.co.uk,07958683128,223 Hughes Street,Birmingham,B1 1AA,339,Y,2012-01-30
P0002406,PERSON,George,Johnson,10/09/1972,EM313265C,george.johnson471@example.co.uk,07258160210,22 Taylor Street,London,EC1A 1BB,,Y,2015-08-13
P0002407,PERSON,Thomas,Baker,09/10/1963,CY657295C,THOMAS.BAKER301@EXAMPLE.CO.UK,07771582499,197 Khan Street,Reading,RG1 1LX,,Y,2019-05-05
P0002408,ORG,Sophie,Murphy,10/09/1946,TH363900D,SOPHIE.MURPHY166@EXAMPLE.CO.UK,07729895442,153 Hughes Street,Reading,RG1 1LX,,N,2011-11-22
P0002409,PERSON,Thomas,Robinson,30/04/1958,TP901818A,thomas.robinson331@example.co.uk,07102254970,16 Robinson Street,Leeds,LS1 4AP,,Y,2010-09-03
P0002410,PERSON,Thomas,Murphy,25/05/1998,HK151083C,thomas.murphy78@example.co.uk,07972701947,228 Green Street,York,YO1 6GA,493,Y,2015-04-10
P0002411,PERSON,George,Taylor,22/04/1942,KW661064D,george.taylor742@example.co.uk,07431290710,53 Jones Street,York,YO1 6GA,,N,2022-04-04
P0002412,PERSON,Amelia,Patel,09/09/1996,EA495963D,AMELIA.PATEL426@EXAMPLE.CO.UK,07578753463,234 Khan Street,London,EC1A 1BB,,Y,2011-04-19
P0002413,PERSON,Amelia,Hughes,21/01/1984,,amelia.hughes613@example.co.uk,07570052689,22 Murphy Street,London,EC1A 1BB,,Y,2010-04-18
P0002414,PERSON,Sophie,Wilson,26/07/1968,AL898532A,SOPHIE.WILSON3@EXAMPLE.CO.UK,07616037939,43 Green Street,Birmingham,B1 1AA,52,N,2021-12-05
P0002415,PERSON,Aoife,Walker,18/11/1985,XR183831C,aoife.walker986@example.co.uk,07762605291,141 Khan Street,Leeds,LS1 4AP,268,Y,2008-10-27
P0002416,PERSON,Lars,Hall,10/06/1975,SX373959B,LARS.HALL782@EXAMPLE.CO.UK,07166200717,166 Taylor Street,Cardiff,CF10 1EP,,Y,2014-03-29
P0002417,PERSON,Thomas,Williams,03/02/1963,KY543692A,thomas.williams402@example.co.uk,07480066836,149 Murphy Street,London,EC1A 1BB,,Y,2023-10-21
P0002418,ORG,Mohammed,Hall,31/07/2003,RJ890124D,mohammed.hall888@example.co.uk,07753698659,129 Wilson Street,Reading,RG1 1LX,,Y,2008-08-23
P0002419,PERSON,Mohammed,OBrien,04/10/1984,JR565125D,MOHAMMED.OBRIEN490@EXAMPLE.CO.UK,07434881785,185 Brown Street,Reading,RG1 1LX,68,Y,2021-02-26
P0002420,PERSON,George,Hall,15/06/1964,KZ158379B,george.hall748@example.co.uk,07968107812,112 Smith Street,York,YO1 6GA,346,N,2019-11-26
P0002421,PERSON,Priya,Green,04/10/1996,ZS321751C,priya.green420@example.co.uk,07602514359,233 Clarke Street,Reading,RG1 1LX,388,Y,2018-11-26
P0002422,PERSON,Mohammed,Taylor,18/05/1955,GR425898C,mohammed.taylor90@example.co.uk,07665214441,6 Williams Street,London,EC1A 1BB,349,N,2015-09-29
P0002423,PERSON,Daniel,Khan,18/06/1945,PP352080C,DANIEL.KHAN514@EXAMPLE.CO.UK,07396803519,165 Davies Street,Glasgow,G1 1XQ,436,Y,2018-03-01
P0002424,PERSON,Daniel,OBrien,01/06/1943,ON581031B,daniel.obrien843@example.co.uk,07370590727,144 Murphy Street,Norwich,NR1 3QQ,436,N,2024-10-26
P0002425,ORG,Harry,OBrien,27/10/1946,MS580211A,HARRY.OBRIEN175@EXAMPLE.CO.UK,07628038173,207 OBrien Street,Birmingham,B1 1AA,,N,2011-07-16
P0002426,PERSON,Ingrid,Baker,04/12/1996,RN269983B,ingrid.baker930@example.co.uk,07526714124,128 Patel Street,Birmingham,B1 1AA,,Y,2021-02-11
P0002427,PERSON,Daniel,Hall,24/09/1944,BT100966A,daniel.hall146@example.co.uk,07915623029,23 OBrien Street,London,EC1A 1BB,,Y,2009-11-03
P0002428,PERSON,Harry,Khan,15/11/1952,XN172551B,harry.khan425@example.co.uk,07753126874,223 Wright Street,Reading,RG1 1LX,13,Y,2013-07-21
P0002429,PERSON,Mohammed,Wilson,06/03/1995,HA384289A,mohammed.wilson292@example.co.uk,07251115549,6 Clarke Street,Cardiff,CF10 1EP,,N,2012-08-02
P0002430,PERSON,Thomas,Walker,02/11/1946,GX288280D,thomas.walker71@example.co.uk,07747715752,229 Johnson Street,York,YO1 6GA,,Y,2023-07-06
P0002431,PERSON,Sean,Jones,25/09/1965,PB357120B,sean.jones105@example.co.uk,07892405450,206 Davies Street,Reading,RG1 1LX,28,Y,2016-05-19
P0002432,PERSON,Grace,Khan,16/10/1947,BH809868A,grace.khan542@example.co.uk,07313907122,23 Davies Street,Bristol,BS1 4ST,80,Y,2020-05-29
P0002433,ORG,Aoife,Jones,16/03/1954,RW579917D,aoife.jones701@example.co.uk,07546717183,88 Robinson Street,Manchester,ZZ99 9ZZ,58,Y,2016-01-04
P0002434,PERSON,Priya,Khan,05/09/1969,ZN945071C,PRIYA.KHAN633@EXAMPLE.CO.UK,07928411075,190 Brown Street,London,EC1A 1BB,69,Y,2009-02-17
P0002435,PERSON,Harry,Clarke,02/01/1996,XG301474B,HARRY.CLARKE210@EXAMPLE.CO.UK,07188309888,53 Murphy Street,Reading,RG1 1LX,,Y,2009-07-26
P0002436,PERSON,Grace,Hughes,01/04/1968,RG939155D,GRACE.HUGHES345@EXAMPLE.CO.UK,07572463993,73 Brown Street,London,EC1A 1BB,294,Y,2010-10-07
P0002437,ORG,Grace,Khan,27/06/1985,RM689810B,grace.khan489@example.co.uk,07373777871,170 Williams Street,Cardiff,CF10 1EP,180,Y,2020-12-25
P0002438,PERSON,Lars,Davies,21/11/1944,TH461629B,lars.davies179@example.co.uk,07269310965,59 Murphy Street,Reading,RG1 1LX,,Y,2012-08-16
P0002439,PERSON,Lars,Robinson,06/01/1950,XC720485C,lars.robinson165@example.co.uk,07484653505,244 Taylor Street,Glasgow,G1 1XQ,138,Y,2024-04-07
P0002440,PERSON,Mohammed,Hall,31/03/1992,MM553570C,mohammed.hall69@example.co.uk,07255026458,61 Baker Street,Reading,RG1 1LX,,Y,2013-10-13
P0002441,PERSON,Amelia,Murphy,29/03/1955,PW664495C,amelia.murphy311@example.co.uk,07630117615,228 Smith Street,Birmingham,B1 1AA,,N,2019-04-06
P0002442,PERSON,Daniel,Wright,15/10/1983,PT145600B,daniel.wright614@example.co.uk,07253816495,195 OBrien Street,Glasgow,G1 1XQ,,N,2024-08-29
P0002443,PERSON,Harry,Hughes,04/08/2002,,harry.hughes29@example.co.uk,07863522129,9 Wright Street,London,EC1A 1BB,,Y,2023-09-22
P0002444,PERSON,Fatima,Jones,15/05/2000,TZ748106B,fatima.jones255@example.co.uk,07900749320,23 Clarke Street,Manchester,M1 1AE,,N,2015-11-07
P0002445,PERSON,Ingrid,OBrien,03/12/1955,JG897212D,ingrid.obrien500@example.co.uk,07639150724,87 Taylor Street,Glasgow,G1 1XQ,,N,2023-04-03
P0002446,PERSON,Oliver,Walker,06/02/1975,NP976453D,oliver.walker534@example.co.uk,07186920316,221 Walker Street,York,YO1 6GA,394,Y,2021-01-21
P0002447,PERSON,Grace,Jones,30/09/1990,AN696298C,grace.jones246@example.co.uk,07846897420,106 Brown Street,Cardiff,CF10 1EP,,N,2009-08-10
P0002448,PERSON,Isla,Johnson,30/08/1992,OC635570B,isla.johnson343@example.co.uk,07751752144,104 Taylor Street,Cardiff,CF10 1EP,445,Y,2009-10-29
P0002449,PERSON,Harry,Walker,30/11/1990,YW680330C,harry.walker462@example.co.uk,07713180024,193 Hughes Street,Bristol,BS1 4ST,433,Y,2017-02-27
P0002450,PERSON,George,Taylor,14/04/1991,,george.taylor436@example.co.uk,07517343229,147 Wilson Street,Leeds,ZZ99 9ZZ,156,Y,2015-10-18
P0002451,ORG,Daniel,Taylor,08/11/1977,MR714895A,DANIEL.TAYLOR257@EXAMPLE.CO.UK,07519245827,53 Brown Street,Birmingham,B1 1AA,323,N,2010-01-11
P0002452,PERSON,Daniel,Hughes,24/02/1978,OP337211D,DANIEL.HUGHES250@EXAMPLE.CO.UK,07946233990,39 Wilson Street,Norwich,NR1 3QQ,122,Y,2017-04-08
P0002453,PERSON,George,Murphy,05/06/1977,PM274274C,george.murphy482@example.co.uk,07102004858,205 Khan Street,Leeds,LS1 4AP,,N,2023-12-03
P0002454,PERSON,Oliver,Johnson,18/04/1954,SM828512D,OLIVER.JOHNSON481@EXAMPLE.CO.UK,07952339591,84 Williams Street,Leeds,ZZ99 9ZZ,,Y,2013-02-21
P0002455,PERSON,Mohammed,Walker,03/04/1947,,MOHAMMED.WALKER119@EXAMPLE.CO.UK,07679866521,1 Walker Street,York,YO1 6GA,212,N,2023-01-31
P0002456,PERSON,Daniel,OBrien,10/05/1985,JC844668A,DANIEL.OBRIEN683@EXAMPLE.CO.UK,07275641835,129 Taylor Street,Cardiff,CF10 1EP,,Y,2021-07-09
P0002457,PERSON,James,Johnson,13/03/1997,ZM603485B,james.johnson401@example.co.uk,07797979448,64 Wilson Street,Cardiff,CF10 1EP,,Y,2015-04-27
P0002458,ORG,Daniel,Hughes,09/02/1965,BH800284C,daniel.hughes345@example.co.uk,07133142334,214 Davies Street,London,EC1A 1BB,278,Y,2012-11-26
P0002459,PERSON,Priya,Johnson,11/10/1999,NG986491D,priya.johnson761@example.co.uk,07454358799,107 Robinson Street,Manchester,M1 1AE,,N,2021-01-20
P0002460,PERSON,Mohammed,Jones,21/05/1962,,mohammed.jones56@example.co.uk,07235078506,180 Clarke Street,Glasgow,G1 1XQ,99,Y,2014-05-15
P0002461,PERSON,Chloe,Khan,10/08/1988,WK632339B,chloe.khan619@example.co.uk,07865623046,19 OBrien Street,Manchester,M1 1AE,,Y,2021-03-02
P0002462,PERSON,Lars,Robinson,22/07/1984,RP561859D,lars.robinson424@example.co.uk,07247817826,131 Wilson Street,Bristol,BS1 4ST,71,N,2023-10-09
P0002463,PERSON,Wei,Brown,29/11/1990,AG690058C,wei.brown672@example.co.uk,07382974328,149 Khan Street,Glasgow,G1 1XQ,,Y,2024-09-13
P0002464,PERSON,Thomas,OBrien,02/02/1981,XY985250D,thomas.obrien492@example.co.uk,07465003936,5 Jones Street,Cardiff,CF10 1EP,,N,2021-01-24
P0002465,PERSON,Amelia,Murphy,27/04/1993,JZ830821C,amelia.murphy355@example.co.uk,07912599998,152 Johnson Street,Cardiff,CF10 1EP,44,Y,2008-05-05
P0002466,PERSON,Sophie,Baker,19/07/1965,XN803966B,sophie.baker90@example.co.uk,07857496122,136 Wright Street,Birmingham,B1 1AA,,Y,2017-10-30
P0002467,ORG,Harry,Smith,05/01/2000,JY675807A,harry.smith144@example.co.uk,07269590338,3 Baker Street,London,EC1A 1BB,314,Y,2016-11-18
P0002468,PERSON,Ingrid,Walker,21/09/1959,ML627734B,ingrid.walker454@example.co.uk,07503013177,93 Walker Street,Birmingham,B1 1AA,,Y,2018-04-26
P0002469,PERSON,Sophie,Baker,03/06/1996,MJ717562D,sophie.baker714@example.co.uk,07136472088,82 Patel Street,London,EC1A 1BB,172,Y,2018-02-08
P0002470,PERSON,George,Hall,21/11/1961,NL546386D,george.hall78@example.co.uk,07358864998,184 Jones Street,Cardiff,CF10 1EP,,N,2019-08-10
P0002471,PERSON,Sean,Walker,21/11/1987,GZ939703B,sean.walker128@example.co.uk,07550513233,33 OBrien Street,London,EC1A 1BB,,Y,2019-02-09
P0002472,PERSON,Sean,Jones,31/07/2001,,SEAN.JONES34@EXAMPLE.CO.UK,07415552521,99 Brown Street,Reading,RG1 1LX,,N,2021-08-23
P0002473,PERSON,Lars,Smith,01/09/1943,BT319818C,LARS.SMITH27@EXAMPLE.CO.UK,07573550131,235 Davies Street,Manchester,M1 1AE,,Y,2024-05-03
P0002474,PERSON,Ingrid,Khan,21/11/1961,BY733741C,INGRID.KHAN865@EXAMPLE.CO.UK,07215225948,148 Hughes Street,Cardiff,CF10 1EP,107,Y,2020-11-25
P0002475,PERSON,Wei,Wright,26/01/1946,,WEI.WRIGHT537@EXAMPLE.CO.UK,07808986822,139 Patel Street,Leeds,LS1 4AP,62,Y,2023-12-02
P0002476,ORG,Emily,Murphy,17/07/1996,JP730365C,emily.murphy70@example.co.uk,07115462409,148 Khan Street,Manchester,M1 1AE,,Y,2020-12-13
P0002477,PERSON,Grace,Taylor,11/04/1956,BK897266B,GRACE.TAYLOR322@EXAMPLE.CO.UK,07682227307,182 Robinson Street,Reading,RG1 1LX,,Y,2018-07-02
P0002478,PERSON,Wei,Walker,03/04/1943,NC311825C,WEI.WALKER648@EXAMPLE.CO.UK,07328119076,145 Hall Street,Cardiff,CF10 1EP,,N,2018-07-20
P0002479,PERSON,Aoife,Johnson,20/11/1987,WE635333B,aoife.johnson473@example.co.uk,07272958277,177 Baker Street,Bristol,BS1 4ST,189,Y,2022-03-18
P0002480,PERSON,Chloe,Robinson,22/04/2003,AW228354C,chloe.robinson9@example.co.uk,07700479856,21 Green Street,Birmingham,B1 1AA,66,Y,2012-12-27
P0002481,PERSON,Isla,Brown,20/12/1946,SR983127D,isla.brown833@example.co.uk,07736638346,35 Green Street,Norwich,NR1 3QQ,,Y,2011-01-09
P0002482,ORG,Oliver,Davies,19/04/1945,SL135123C,oliver.davies944@example.co.uk,07907884975,233 Wilson Street,Birmingham,B1 1AA,,Y,2008-04-15
P0002483,PERSON,George,Walker,28/02/1941,HL896522D,george.walker388@example.co.uk,07287869810,97 OBrien Street,Norwich,NR1 3QQ,93,Y,2018-06-09
P0002484,PERSON,Amelia,Johnson,27/04/1976,OE828114C,amelia.johnson289@example.co.uk,07585983649,92 Wilson Street,Reading,RG1 1LX,457,Y,2024-02-17
P0002485,ORG,Grace,Khan,26/10/2000,RZ150888A,grace.khan831@example.co.uk,07492238228,243 Brown Street,York,YO1 6GA,450,N,2010-04-23
P0002486,PERSON,Sophie,OBrien,29/10/1978,NT548606C,sophie.obrien488@example.co.uk,07630906743,10 Murphy Street,Leeds,LS1 4AP,180,Y,2017-04-12
P0002487,PERSON,Aoife,Smith,04/08/1994,,aoife.smith558@example.co.uk,07378289057,112 OBrien Street,Leeds,LS1 4AP,,N,2011-12-24
P0002488,PERSON,Ingrid,OBrien,04/09/1985,PJ821578B,ingrid.obrien976@example.co.uk,07934754467,139 Baker Street,Cardiff,,183,Y,2014-09-28
P0002489,PERSON,Chloe,Murphy,01/06/1952,NW994676B,chloe.murphy286@example.co.uk,07674896919,140 Smith Street,Glasgow,G1 1XQ,,N,2012-07-17
P0002490,PERSON,Emily,Patel,03/10/2000,PH850000D,emily.patel757@example.co.uk,07596812868,246 Patel Street,Birmingham,B1 1AA,,Y,2024-03-22
P0002491,PERSON,Emily,Johnson,01/10/1996,LW687481D,emily.johnson481@example.co.uk,07846319503,48 Walker Street,London,EC1A 1BB,300,Y,2020-10-19
P0002492,ORG,George,Brown,15/10/1994,HK246274A,george.brown159@example.co.uk,07920651563,219 Clarke Street,Birmingham,B1 1AA,,Y,2013-05-25
P0002493,PERSON,Daniel,Patel,03/07/1948,XH433759B,DANIEL.PATEL934@EXAMPLE.CO.UK,07922295758,1 Jones Street,York,YO1 6GA,152,N,2015-10-14
P0002494,PERSON,Wei,Davies,06/07/1942,MA423330D,wei.davies208@example.co.uk,07910684705,140 Clarke Street,Birmingham,B1 1AA,,Y,2010-04-01
P0002495,PERSON,Fatima,Hughes,30/05/1992,OB649987D,FATIMA.HUGHES731@EXAMPLE.CO.UK,07679707525,105 Green Street,Cardiff,CF10 1EP,,Y,2014-07-21
P0002496,PERSON,George,Khan,26/04/1979,XH321145A,george.khan396@example.co.uk,07488158326,140 Robinson Street,London,EC1A 1BB,,Y,2021-05-30
P0002497,PERSON,Grace,Clarke,18/11/1981,AY407771D,GRACE.CLARKE956@EXAMPLE.CO.UK,07603680989,41 Clarke Street,Leeds,LS1 4AP,263,N,2011-06-01
P0002498,PERSON,Sean,Smith,19/02/1961,WM920919D,SEAN.SMITH968@EXAMPLE.CO.UK,07186689743,162 Taylor Street,Leeds,LS1 4AP,447,Y,2013-05-16
P0002499,PERSON,Thomas,Davies,27/12/2000,ER532064B,thomas.davies36@example.co.uk,07563354862,46 Williams Street,Leeds,LS1 4AP,430,Y,2016-02-20
P0002500,PERSON,Mohammed,Khan,29/06/1946,PG270751C,MOHAMMED.KHAN298@EXAMPLE.CO.UK,07999296087,27 Smith Street,London,EC1A 1BB,,Y,2019-10-27
P0002501,PERSON,Fatima,Taylor,07/04/1943,HR106424C,fatima.taylor392@example.co.uk,07118884415,164 Brown Street,Cardiff,CF10 1EP,,Y,2021-09-26
P0002502,PERSON,Mohammed,Johnson,08/11/1985,GM390933A,mohammed.johnson850@example.co.uk,07547120248,100 Wright Street,Reading,RG1 1LX,,Y,2014-06-16
P0002503,PERSON,Mohammed,Wright,24/10/1959,,MOHAMMED.WRIGHT869@EXAMPLE.CO.UK,07833682165,71 Williams Street,Birmingham,B1 1AA,,N,2019-10-09
P0002504,PERSON,Daniel,Johnson,02/02/1971,,DANIEL.JOHNSON273@EXAMPLE.CO.UK,07116440784,176 Robinson Street,Bristol,BS1 4ST,330,N,2021-10-29
P0002505,PERSON,Sean,Murphy,24/02/1942,AS554789D,SEAN.MURPHY173@EXAMPLE.CO.UK,07680774360,87 Davies Street,Leeds,LS1 4AP,,N,2022-09-26
P0002506,PERSON,George,Brown,27/10/1984,LC278996B,GEORGE.BROWN783@EXAMPLE.CO.UK,07914365364,149 Wilson Street,Manchester,M1 1AE,,Y,2012-01-13
P0002507,PERSON,Sean,Green,24/06/1946,GE985777D,sean.green366@example.co.uk,07687920093,1 Brown Street,Birmingham,N/A,,N,2011-07-17
P0002508,PERSON,Fatima,Hall,02/08/1978,TK847063B,FATIMA.HALL171@EXAMPLE.CO.UK,07744398602,17 Davies Street,Glasgow,G1 1XQ,,N,2014-08-16
P0002509,PERSON,Isla,Jones,01/03/1962,LR953628B,isla.jones838@example.co.uk,07357385097,144 Davies Street,Birmingham,B1 1AA,,Y,2014-04-26
P0002510,PERSON,Grace,Jones,06/12/2000,ZZ720621C,GRACE.JONES860@EXAMPLE.CO.UK,07885272780,144 Murphy Street,Leeds,LS1 4AP,413,N,2008-06-05
P0002511,PERSON,George,Davies,11/05/1942,RK969781B,george.davies536@example.co.uk,07150259551,132 OBrien Street,Cardiff,CF10 1EP,354,N,2015-06-18
P0002512,PERSON,Oliver,Patel,15/03/2000,,oliver.patel524@example.co.uk,07698174872,33 Johnson Street,Norwich,NR1 3QQ,288,Y,2011-10-27
P0002513,PERSON,Sophie,Jones,10/02/1995,KZ212429A,sophie.jones54@example.co.uk,07620147494,241 Patel Street,Norwich,NR1 3QQ,85,N,2008-03-21
P0002514,PERSON,James,Johnson,13/09/2003,LX515370C,james.johnson263@example.co.uk,07622658170,194 Johnson Street,Glasgow,G1 1XQ,,Y,2014-03-28
P0002515,PERSON,Chloe,Clarke,27/04/1976,BM992549D,CHLOE.CLARKE387@EXAMPLE.CO.UK,07258892069,2 Green Street,London,EC1A 1BB,282,Y,2008-01-13
P0002516,PERSON,George,Walker,12/05/1986,GY811333C,GEORGE.WALKER609@EXAMPLE.CO.UK,07331869206,149 Davies Street,Leeds,LS1 4AP,15,N,2010-08-16
P0002517,PERSON,Wei,Smith,07/04/1952,OG823455D,wei.smith406@example.co.uk,07411029815,243 Green Street,Reading,RG1 1LX,,N,2012-11-12
P0002518,PERSON,Sophie,Walker,11/08/1957,XC360564C,SOPHIE.WALKER410@EXAMPLE.CO.UK,07513899217,227 Patel Street,Norwich,NR1 3QQ,,Y,2019-07-22
P0002519,PERSON,Isla,Hall,03/10/1959,ZP242238D,ISLA.HALL12@EXAMPLE.CO.UK,07801650982,138 Murphy Street,Leeds,LS1 4AP,,Y,2021-06-16
P0002520,PERSON,Aoife,Robinson,28/03/1961,TM577413C,AOIFE.ROBINSON298@EXAMPLE.CO.UK,07625536643,52 Robinson Street,London,EC1A 1BB,430,N,2008-10-29
P0002521,PERSON,Thomas,Baker,05/04/1995,,thomas.baker41@example.co.uk,07983561302,203 Clarke Street,Reading,RG1 1LX,491,N,2015-07-18
P0002522,PERSON,Daniel,Wright,08/06/1980,,DANIEL.WRIGHT239@EXAMPLE.CO.UK,07837840430,65 Smith Street,Reading,RG1 1LX,332,Y,2012-08-11
P0002523,PERSON,Wei,Green,31/01/1992,EW429013D,wei.green99@example.co.uk,07398407665,228 Johnson Street,London,EC1A 1BB,,Y,2024-01-01
P0002524,PERSON,Emily,Brown,05/06/2001,,emily.brown515@example.co.uk,07718661500,151 Brown Street,York,YO1 6GA,,Y,2019-05-10
P0002525,PERSON,Lars,Wilson,11/10/1960,,lars.wilson421@example.co.uk,07456282202,113 Green Street,Leeds,LS1 4AP,,N,2017-05-30
P0002526,PERSON,Lars,Brown,16/01/1953,CY250544A,LARS.BROWN395@EXAMPLE.CO.UK,07626717622,195 Green Street,Glasgow,G1 1XQ,,Y,2019-12-23
P0002527,PERSON,Sean,Murphy,07/03/1998,,sean.murphy169@example.co.uk,07127737981,164 Hughes Street,Bristol,BS1 4ST,272,Y,2024-02-16
P0002528,PERSON,Priya,Green,11/01/1970,,priya.green897@example.co.uk,07330322489,117 Walker Street,Glasgow,G1 1XQ,,Y,2019-11-17
P0002529,PERSON,Mohammed,Murphy,24/09/1990,LL674028A,MOHAMMED.MURPHY414@EXAMPLE.CO.UK,07427948407,1 Smith Street,Norwich,EC1A1BB,397,Y,2024-06-19
P0002530,PERSON,Thomas,Jones,19/11/1979,BS427521A,thomas.jones379@example.co.uk,07752048148,125 Wilson Street,Cardiff,ZZ99 9ZZ,154,Y,2019-10-03
P0002531,PERSON,Emily,Wilson,27/05/1990,JL371185D,emily.wilson516@example.co.uk,07895483269,154 Williams Street,Glasgow,G1 1XQ,,N,2016-05-28
P0002532,PERSON,Sophie,Hall,07/02/1983,NL566989C,sophie.hall707@example.co.uk,07997446251,119 Green Street,Leeds,LS1 4AP,179,N,2022-12-17
P0002533,PERSON,Isla,Wright,02/01/1946,GP779015A,isla.wright933@example.co.uk,07844319912,207 Wright Street,London,EC1A 1BB,175,Y,2020-07-09
P0002534,PERSON,Mohammed,Johnson,13/02/2004,KA369678A,mohammed.johnson411@example.co.uk,07269442221,90 Clarke Street,London,EC1A 1BB,,N,2009-04-27
P0002535,PERSON,Oliver,Khan,06/11/1950,OG603627A,oliver.khan206@example.co.uk,07267234789,226 Robinson Street,Manchester,M1 1AE,,Y,2023-11-06
P0002536,PERSON,Lars,Brown,23/05/1979,MH830124D,LARS.BROWN441@EXAMPLE.CO.UK,07873845829,156 Smith Street,Leeds,LS1 4AP,28,Y,2012-09-21
P0002537,PERSON,Sean,Green,08/06/1996,HT136328B,sean.green104@example.co.uk,07435019035,64 Taylor Street,Norwich,NR1 3QQ,3,Y,2013-03-16
P0002538,PERSON,Daniel,Taylor,30/07/1968,NS156810C,daniel.taylor523@example.co.uk,07601859554,229 Hughes Street,Bristol,BS1 4ST,,Y,2022-08-27
P0002539,ORG,Oliver,Johnson,06/02/1979,OB795335B,oliver.johnson636@example.co.uk,07169435477,61 Patel Street,London,EC1A 1BB,490,Y,2021-12-28
P0002540,PERSON,Ingrid,Davies,24/05/1948,,ingrid.davies886@example.co.uk,07563813128,99 Robinson Street,Birmingham,B1 1AA,,Y,2015-03-30
P0002541,PERSON,Grace,Smith,04/02/1969,RZ391022B,grace.smith240@example.co.uk,07852988547,43 Hughes Street,Birmingham,B1 1AA,,N,2009-08-23
P0002542,PERSON,Lars,Green,16/09/1999,WB449103D,LARS.GREEN13@EXAMPLE.CO.UK,07224279763,58 Clarke Street,Glasgow,G1 1XQ,132,N,2017-12-12
P0002543,PERSON,Aoife,Green,11/07/1974,NE131638D,AOIFE.GREEN304@EXAMPLE.CO.UK,07889278820,90 Murphy Street,Glasgow,G1 1XQ,,N,2008-03-09
P0002544,PERSON,Priya,Wilson,19/11/1995,LM197108B,priya.wilson969@example.co.uk,07469015887,238 Baker Street,Glasgow,M1  1AE,391,Y,2023-09-02
P0002545,PERSON,Aoife,Baker,08/12/1978,GR358483C,aoife.baker672@example.co.uk,07137572188,99 Wilson Street,Birmingham,B1 1AA,148,Y,2015-10-04
P0002546,PERSON,Amelia,Murphy,03/11/1947,CZ310508D,amelia.murphy495@example.co.uk,07368933715,151 OBrien Street,Reading,RG1 1LX,,Y,2011-11-15
P0002547,PERSON,Lars,Johnson,18/12/1963,CW543663B,LARS.JOHNSON784@EXAMPLE.CO.UK,07388669497,107 Taylor Street,Bristol,BS1 4ST,366,Y,2023-04-29
P0002548,PERSON,Wei,Taylor,10/09/1968,GL911367D,WEI.TAYLOR153@EXAMPLE.CO.UK,07826394869,131 Brown Street,Cardiff,CF10 1EP,197,N,2008-01-20
P0002549,PERSON,Sophie,Patel,16/05/1987,,sophie.patel708@example.co.uk,07392561978,12 Green Street,Manchester,M1 1AE,,Y,2022-10-06
P0002550,PERSON,Thomas,Davies,21/02/1980,EG521370A,thomas.davies787@example.co.uk,07745827688,64 Smith Street,Bristol,BS1 4ST,335,N,2019-09-09
P0002551,PERSON,James,OBrien,15/03/1986,WB673053A,JAMES.OBRIEN555@EXAMPLE.CO.UK,07306792166,56 Khan Street,Reading,RG1 1LX,,N,2008-07-25
P0002552,PERSON,Mohammed,Jones,07/08/1989,KN772737D,mohammed.jones859@example.co.uk,07734913121,152 Jones Street,Manchester,M1 1AE,122,Y,2010-05-15
P0002553,PERSON,Isla,Taylor,20/09/1948,CH404728D,isla.taylor421@example.co.uk,07990625952,109 Patel Street,Cardiff,CF10 1EP,,Y,2010-07-29
P0002554,PERSON,Harry,Murphy,11/10/1990,LX963590C,harry.murphy537@example.co.uk,07841142048,186 OBrien Street,Leeds,LS1 4AP,149,Y,2011-11-11
P0002555,PERSON,Wei,Smith,02/12/1991,RP537521C,wei.smith153@example.co.uk,07228831035,195 Walker Street,London,EC1A 1BB,,Y,2019-01-05
P0002556,PERSON,Sean,Brown,08/12/1958,MK625661D,SEAN.BROWN24@EXAMPLE.CO.UK,07207832637,102 Patel Street,Bristol,BS1 4ST,49,Y,2019-11-07
P0002557,PERSON,Wei,Williams,17/12/2004,GK124082D,wei.williams724@example.co.uk,07391215808,229 Green Street,Reading,RG1 1LX,106,N,2016-08-24
P0002558,PERSON,Thomas,Brown,19/09/1956,OW363502C,thomas.brown424@example.co.uk,07227313593,130 Smith Street,Manchester,M1 1AE,432,Y,2019-04-21
P0002559,PERSON,George,Baker,06/01/1962,LG808133D,george.baker320@example.co.uk,07478891563,145 Green Street,London,EC1A 1BB,372,N,2010-10-20
P0002560,PERSON,Daniel,Wilson,12/05/1941,OS949593B,daniel.wilson444@example.co.uk,07567712352,177 Wilson Street,Reading,RG1 1LX,,Y,2017-04-17
P0002561,PERSON,Aoife,Davies,09/06/1947,XJ742800C,aoife.davies826@example.co.uk,07781590613,121 Green Street,Birmingham,B1 1AA,,N,2008-09-25
P0002562,PERSON,Emily,Williams,08/02/1986,AS236256C,emily.williams19@example.co.uk,07119037569,35 Clarke Street,Manchester,M1 1AE,,Y,2020-10-24
P0002563,PERSON,Grace,Patel,20/10/1980,MK751464A,GRACE.PATEL229@EXAMPLE.CO.UK,07332961558,48 Davies Street,Glasgow,G1 1XQ,66,N,2010-10-10
P0002564,PERSON,Sean,Walker,24/06/1999,RS770806D,sean.walker767@example.co.uk,07375959763,121 Wright Street,Cardiff,CF10 1EP,129,Y,2011-01-17
P0002565,PERSON,Oliver,Brown,17/02/1947,KT987288B,oliver.brown678@example.co.uk,07950785097,22 Green Street,London,EC1A 1BB,23,Y,2023-12-17
P0002566,ORG,Ingrid,Hall,08/01/1971,GG440265B,ingrid.hall660@example.co.uk,07761387681,34 Williams Street,Leeds,LS1 4AP,,Y,2016-01-28
P0002567,PERSON,Ingrid,Wright,17/06/1980,NB272863A,ingrid.wright789@example.co.uk,07659597490,135 Murphy Street,Birmingham,B1 1AA,8,Y,2010-03-28
P0002568,PERSON,Grace,Hughes,21/09/1967,YR846066D,grace.hughes443@example.co.uk,07642774432,224 Khan Street,London,EC1A 1BB,,Y,2008-05-09
P0002569,PERSON,Grace,Robinson,18/09/1969,ZM568791D,GRACE.ROBINSON922@EXAMPLE.CO.UK,07511585389,148 Davies Street,Reading,RG1 1LX,329,Y,2011-12-26
P0002570,ORG,Sean,OBrien,26/08/1961,RC993569D,sean.obrien134@example.co.uk,07855997136,166 Wright Street,London,EC1A 1BB,239,Y,2014-07-02
P0002571,PERSON,Fatima,Robinson,07/11/1997,YX925644D,FATIMA.ROBINSON464@EXAMPLE.CO.UK,07544813591,192 Taylor Street,York,YO1 6GA,,N,2020-11-16
P0002572,PERSON,Mohammed,Hall,21/06/2004,CE846944C,mohammed.hall298@example.co.uk,07285667723,59 OBrien Street,Glasgow,G1 1XQ,,N,2009-02-27
P0002573,PERSON,Amelia,Hall,10/03/1965,JX919921D,amelia.hall472@example.co.uk,07479115961,75 Baker Street,Leeds,LS1 4AP,,N,2019-01-25
P0002574,PERSON,Lars,Baker,15/09/1947,GA146129A,LARS.BAKER725@EXAMPLE.CO.UK,07132382203,25 Patel Street,Norwich,NR1 3QQ,272,Y,2017-02-22
P0002575,PERSON,Fatima,Hall,05/03/1945,NE365665A,fatima.hall405@example.co.uk,07526853721,114 Brown Street,Birmingham,B1 1AA,,Y,2023-01-16
P0002576,PERSON,James,Hughes,16/09/1940,HL264234B,james.hughes2@example.co.uk,07823044258,231 Khan Street,Bristol,BS1 4ST,,N,2024-02-29
P0002577,PERSON,Daniel,Clarke,30/12/1977,BP220551D,DANIEL.CLARKE358@EXAMPLE.CO.UK,07599020011,40 OBrien Street,Birmingham,B1 1AA,266,Y,2022-08-20
P0002578,ORG,George,Patel,14/06/1958,SW621882D,GEORGE.PATEL778@EXAMPLE.CO.UK,07875439925,202 Williams Street,Leeds,LS1 4AP,177,Y,2015-07-05
P0002579,PERSON,Aoife,Wright,12/12/1968,YT728375A,AOIFE.WRIGHT50@EXAMPLE.CO.UK,07604994070,234 Wright Street,Leeds,LS1 4AP,,Y,2023-05-19
P0002580,PERSON,Emily,Hughes,04/09/1942,BW983287C,emily.hughes979@example.co.uk,07522019748,228 Walker Street,Cardiff,CF10 1EP,,Y,2019-02-27
P0002581,PERSON,Thomas,Wright,06/08/1953,KP508995D,thomas.wright813@example.co.uk,07969374430,63 Jones Street,Manchester,M1 1AE,212,Y,2015-10-23
P0002582,PERSON,George,Clarke,23/05/1991,PW316929C,george.clarke381@example.co.uk,07609542851,249 Green Street,Birmingham,B1 1AA,,N,2024-09-25
P0002583,PERSON,Oliver,Wright,11/10/1955,PL861289D,oliver.wright536@example.co.uk,07177284040,47 Clarke Street,Leeds,LS1 4AP,497,Y,2021-09-01
P0002584,PERSON,Chloe,Johnson,16/11/1998,SN513624C,CHLOE.JOHNSON415@EXAMPLE.CO.UK,07722871520,223 Jones Street,Leeds,LS1 4AP,31,Y,2009-06-05
P0002585,PERSON,Chloe,OBrien,12/04/1975,JR252141A,chloe.obrien911@example.co.uk,07157785469,92 Taylor Street,Cardiff,CF10 1EP,148,Y,2009-04-07
P0002586,PERSON,Lars,Hughes,23/06/1981,CJ876885C,lars.hughes892@example.co.uk,07909320837,51 Wright Street,London,EC1A 1BB,,N,2023-01-17
P0002587,PERSON,Isla,Hall,14/04/1977,ZN708955D,isla.hall374@example.co.uk,07603384359,179 Jones Street,Birmingham,B1 1AA,,Y,2014-09-08
P0002588,ORG,Sean,Baker,17/06/1992,ZR738566A,sean.baker732@example.co.uk,07855702862,141 Wilson Street,London,EC1A 1BB,165,N,2018-09-22
P0002589,PERSON,James,Jones,05/12/1998,JG510092B,james.jones131@example.co.uk,07381127079,108 Smith Street,Reading,RG1 1LX,,Y,2013-08-07
P0002590,PERSON,Fatima,Green,24/01/1988,ZC651866C,FATIMA.GREEN295@EXAMPLE.CO.UK,07771522408,166 Murphy Street,Manchester,M1 1AE,22,Y,2021-03-29
P0002591,ORG,Priya,Walker,16/08/1947,ZH262674B,priya.walker485@example.co.uk,07488191060,227 Williams Street,Cardiff,CF10 1EP,488,Y,2015-04-01
P0002592,PERSON,Aoife,Wright,11/12/1999,GY916055B,aoife.wright27@example.co.uk,07339226378,205 Davies Street,Cardiff,CF10 1EP,,Y,2011-03-23
P0002593,PERSON,Aoife,Robinson,17/04/1987,ZS414909D,aoife.robinson628@example.co.uk,07540812361,135 Khan Street,Norwich,NR1 3QQ,402,N,2019-03-10
P0002594,PERSON,Thomas,Walker,06/11/1964,WK207697A,thomas.walker693@example.co.uk,07231966925,141 Murphy Street,Glasgow,G1 1XQ,459,N,2009-02-07
P0002595,PERSON,Sean,Green,28/05/1944,OA883468C,sean.green958@example.co.uk,07798480114,4 OBrien Street,York,YO1 6GA,334,Y,2010-06-10
P0002596,PERSON,James,Green,28/07/1997,LW556384A,james.green570@example.co.uk,07579465155,137 Green Street,Cardiff,CF10 1EP,322,N,2016-06-14
P0002597,PERSON,George,Clarke,16/11/1996,MT564189C,george.clarke303@example.co.uk,07538541771,250 Davies Street,Cardiff,CF10 1EP,,Y,2018-10-03
P0002598,PERSON,Daniel,Williams,05/01/1954,CP100543B,DANIEL.WILLIAMS813@EXAMPLE.CO.UK,07411567589,53 Green Street,Cardiff,CF10 1EP,,N,2019-03-09
P0002599,PERSON,Isla,Khan,06/02/1968,NA364763D,ISLA.KHAN52@EXAMPLE.CO.UK,07547437629,7 Hall Street,Glasgow,G1 1XQ,,Y,2022-05-22
P0002600,ORG,Daniel,Walker,12/09/1954,KS495993A,daniel.walker610@example.co.uk,07906460287,190 OBrien Street,Manchester,M1 1AE,,Y,2021-08-08
P0002601,PERSON,Aoife,Taylor,23/05/1979,OJ743823D,aoife.taylor770@example.co.uk,07666026422,90 Hughes Street,Bristol,BS1 4ST,,Y,2014-09-19
P0002602,PERSON,Sean,Hall,11/04/2001,KE938639C,sean.hall697@example.co.uk,07383409909,246 Hall Street,Glasgow,G1 1XQ,,N,2009-06-12
P0002603,PERSON,Fatima,Davies,23/08/1990,LK559893B,FATIMA.DAVIES328@EXAMPLE.CO.UK,07338649961,130 Patel Street,Birmingham,B1 1AA,,Y,2017-12-19
P0002604,PERSON,Priya,Clarke,10/07/1946,WW448242C,priya.clarke805@example.co.uk,07818133198,138 Davies Street,Reading,RG1 1LX,217,Y,2012-03-15
P0002605,PERSON,Chloe,Jones,07/05/1997,,CHLOE.JONES798@EXAMPLE.CO.UK,07893966332,30 Robinson Street,London,EC1A 1BB,181,Y,2015-03-23
P0002606,PERSON,Aoife,Murphy,06/07/1965,MH404558D,AOIFE.MURPHY34@EXAMPLE.CO.UK,07806208519,190 Wright Street,Glasgow,G1 1XQ,216,Y,2011-01-08
P0002607,PERSON,George,Hall,07/01/1961,JP929878B,george.hall253@example.co.uk,07495595929,157 Wright Street,London,EC1A 1BB,,Y,2021-02-15
P0002608,PERSON,Aoife,Smith,02/03/1991,PA650866D,aoife.smith406@example.co.uk,07920239039,162 OBrien Street,Birmingham,B1 1AA,74,Y,2019-04-23
P0002609,PERSON,Aoife,Williams,09/12/2002,KB716551D,aoife.williams806@example.co.uk,07723891617,165 Hughes Street,Norwich,NR1 3QQ,,N,2017-10-22
P0002610,ORG,Wei,Walker,11/06/1942,NN111676A,wei.walker583@example.co.uk,07413893808,72 Murphy Street,Norwich,NR1 3QQ,,Y,2017-12-13
P0002611,PERSON,Harry,Hall,11/11/1975,AC118054D,harry.hall161@example.co.uk,07863076394,47 Williams Street,Reading,RG1 1LX,,Y,2011-04-25
P0002612,PERSON,Lars,Hughes,16/03/1954,CP546017D,LARS.HUGHES354@EXAMPLE.CO.UK,07592646505,114 OBrien Street,Bristol,BS1 4ST,,Y,2020-05-11
P0002613,PERSON,Lars,Wilson,08/12/1964,XT803170A,lars.wilson821@example.co.uk,07820756025,129 Khan Street,Glasgow,G1 1XQ,429,Y,2015-05-21
P0002614,PERSON,Mohammed,Johnson,18/12/2001,TG558624B,mohammed.johnson564@example.co.uk,07498313044,9 Robinson Street,London,EC1A 1BB,418,N,2008-07-15
P0002615,PERSON,Priya,Taylor,13/01/1957,GY211943C,priya.taylor873@example.co.uk,07360202014,142 Robinson Street,London,EC1A 1BB,,N,2012-02-09
P0002616,PERSON,Ingrid,Hughes,05/12/1969,EM860265B,ingrid.hughes230@example.co.uk,07339116767,122 Brown Street,Norwich,NR1 3QQ,494,Y,2008-01-21
P0002617,PERSON,Fatima,Johnson,23/10/1990,LX314107D,fatima.johnson37@example.co.uk,07919220989,133 Brown Street,York,YO1 6GA,,Y,2011-08-19
P0002618,PERSON,George,Green,29/05/1975,TP466892C,george.green436@example.co.uk,07361470849,189 OBrien Street,Glasgow,G1 1XQ,,Y,2008-01-25
P0002619,PERSON,Mohammed,Robinson,10/03/1983,,mohammed.robinson922@example.co.uk,07985923339,206 Green Street,Birmingham,B1 1AA,400,Y,2024-07-15
P0002620,PERSON,Sean,Green,20/10/1945,GJ459254D,sean.green27@example.co.uk,07911825965,93 Wright Street,York,YO1 6GA,,Y,2009-01-15
P0002621,PERSON,Sean,Smith,19/09/1953,,sean.smith296@example.co.uk,07918970216,78 Baker Street,Manchester,,,Y,2017-02-08
P0002622,PERSON,Wei,Smith,02/12/1986,NP760274D,wei.smith688@example.co.uk,07195920032,60 Khan Street,Manchester,M1 1AE,227,Y,2014-03-06
P0002623,PERSON,Lars,Murphy,15/01/1944,BY715682B,LARS.MURPHY44@EXAMPLE.CO.UK,07612773667,6 Clarke Street,London,EC1A 1BB,,N,2020-10-19
P0002624,PERSON,Chloe,Jones,21/05/1998,RP875004A,chloe.jones394@example.co.uk,07341875684,202 Clarke Street,Bristol,BS1 4ST,,Y,2012-11-17
P0002625,PERSON,Wei,Khan,17/09/1983,EW140245B,WEI.KHAN144@EXAMPLE.CO.UK,07169386764,201 Khan Street,Birmingham,B1 1AA,354,N,2022-12-24
P0002626,PERSON,Emily,Patel,31/05/1964,KB907837A,emily.patel663@example.co.uk,07379011697,92 Johnson Street,Reading,RG1 1LX,114,Y,2023-12-04
P0002627,PERSON,Aoife,Smith,06/07/1964,TH983078C,AOIFE.SMITH719@EXAMPLE.CO.UK,07111001111,176 Baker Street,York,YO1 6GA,,Y,2024-07-26
P0002628,PERSON,Lars,Jones,27/08/1990,AZ625425A,lars.jones594@example.co.uk,07536245587,246 Green Street,York,YO1 6GA,472,N,2010-04-20
P0002629,PERSON,Isla,Smith,13/08/1960,XE482556A,ISLA.SMITH879@EXAMPLE.CO.UK,07370993480,84 Patel Street,York,YO1 6GA,63,N,2016-08-20
P0002630,PERSON,Harry,Murphy,27/05/1979,GT521983D,harry.murphy238@example.co.uk,07927078496,222 Wilson Street,Manchester,M1 1AE,,N,2021-02-05
P0002631,PERSON,Priya,Wright,25/04/1997,YX746861D,PRIYA.WRIGHT599@EXAMPLE.CO.UK,07348614327,167 Davies Street,Bristol,BS1 4ST,426,Y,2015-07-22
P0002632,ORG,Ingrid,Brown,24/01/1978,LL569549A,ingrid.brown38@example.co.uk,07457522158,10 Patel Street,Bristol,BS1 4ST,341,Y,2010-05-08
P0002633,PERSON,Priya,Wilson,03/08/1978,GS874415C,priya.wilson268@example.co.uk,07496329409,66 Taylor Street,Bristol,BS1 4ST,,Y,2020-11-09
P0002634,PERSON,Sophie,Davies,12/07/1981,GA732228B,sophie.davies572@example.co.uk,07967555904,50 Robinson Street,London,EC1A 1BB,226,Y,2016-10-17
P0002635,PERSON,Mohammed,Wilson,12/01/1968,,mohammed.wilson921@example.co.uk,07402062822,169 Brown Street,Birmingham,B1 1AA,,Y,2013-11-12
P0002636,PERSON,Thomas,Smith,14/04/1955,ON504107A,thomas.smith446@example.co.uk,07253951353,210 Walker Street,Manchester,M1 1AE,,N,2009-12-24
P0002637,PERSON,George,Green,14/12/1962,,GEORGE.GREEN962@EXAMPLE.CO.UK,07816200020,91 Patel Street,Manchester,M1 1AE,211,N,2022-02-04
P0002638,ORG,Priya,Williams,05/03/1983,BX387173B,priya.williams348@example.co.uk,07570945084,41 Wright Street,London,EC1A 1BB,,Y,2016-10-10
P0002639,PERSON,George,Johnson,12/07/1967,EK258802D,george.johnson34@example.co.uk,07584581839,64 Davies Street,Birmingham,B1 1AA,,Y,2017-03-08
P0002640,PERSON,Harry,Robinson,12/02/1980,WX229626C,harry.robinson938@example.co.uk,07677059316,249 Robinson Street,Cardiff,CF10 1EP,198,Y,2018-04-08
P0002641,PERSON,Grace,Baker,17/07/2001,CJ537341D,grace.baker155@example.co.uk,07631399853,41 Clarke Street,Reading,RG1 1LX,379,Y,2013-11-05
P0002642,PERSON,Chloe,Smith,11/08/2001,WJ900332B,CHLOE.SMITH339@EXAMPLE.CO.UK,07181220319,102 Brown Street,Leeds,LS1 4AP,470,N,2023-12-14
P0002643,PERSON,George,Brown,23/05/1983,XY332373B,GEORGE.BROWN461@EXAMPLE.CO.UK,07802425947,82 Brown Street,Reading,ZZ99 9ZZ,,Y,2010-05-13
P0002644,PERSON,Wei,Clarke,29/01/1965,EK625056C,wei.clarke554@example.co.uk,07177269374,29 Murphy Street,London,EC1A 1BB,,Y,2022-12-26
P0002645,PERSON,Isla,Baker,04/06/1983,NZ942496A,ISLA.BAKER558@EXAMPLE.CO.UK,07505423443,199 Walker Street,Manchester,M1 1AE,,Y,2017-06-04
P0002646,PERSON,Emily,Davies,17/03/2004,HG426043D,emily.davies390@example.co.uk,07749747684,34 Williams Street,Glasgow,M1  1AE,116,N,2015-07-22
P0002647,PERSON,Sophie,Green,20/06/2002,KN145206D,SOPHIE.GREEN150@EXAMPLE.CO.UK,07164795481,136 Khan Street,Cardiff,CF10 1EP,,Y,2015-03-31
P0002648,PERSON,Ingrid,Hall,16/03/1992,CB691744D,ingrid.hall509@example.co.uk,07297499216,223 Walker Street,London,EC1A 1BB,,Y,2017-05-20
P0002649,PERSON,Priya,Jones,08/11/1987,HE405041A,priya.jones220@example.co.uk,07342703690,121 Johnson Street,Cardiff,CF10 1EP,,Y,2023-05-20
P0002650,PERSON,Lars,Taylor,03/03/1965,,lars.taylor773@example.co.uk,07266487770,7 Jones Street,Leeds,LS1 4AP,,Y,2024-07-28
P0002651,PERSON,Wei,Wilson,09/09/1975,MW399280C,wei.wilson816@example.co.uk,07581985499,160 Hughes Street,London,EC1A 1BB,65,N,2019-11-17
P0002652,PERSON,Chloe,Wilson,30/08/1945,HG725008B,CHLOE.WILSON237@EXAMPLE.CO.UK,07717290805,117 Wilson Street,Birmingham,B1 1AA,,N,2015-05-10
P0002653,PERSON,Thomas,Jones,22/01/1950,MW908300C,THOMAS.JONES304@EXAMPLE.CO.UK,07788143850,22 Hughes Street,Reading,RG1 1LX,323,Y,2014-12-25
P0002654,PERSON,Priya,Hall,25/01/1964,YH872219C,priya.hall466@example.co.uk,07332663885,103 Walker Street,York,M1  1AE,247,N,2019-09-26
P0002655,PERSON,Isla,Wright,08/06/1971,XK665877D,isla.wright369@example.co.uk,07114614661,224 Wright Street,Glasgow,G1 1XQ,,N,2008-09-13
P0002656,PERSON,Chloe,Baker,11/11/1944,CK903088C,chloe.baker750@example.co.uk,07858720300,129 Smith Street,Leeds,LS1 4AP,,Y,2012-09-12
P0002657,PERSON,Isla,Brown,15/08/1973,CM525413A,ISLA.BROWN690@EXAMPLE.CO.UK,07763665147,174 Johnson Street,Cardiff,CF10 1EP,,N,2012-09-06
P0002658,PERSON,Mohammed,Wilson,21/08/1940,BZ317125A,mohammed.wilson870@example.co.uk,07898049110,71 Williams Street,Cardiff,CF10 1EP,,N,2016-12-09
P0002659,ORG,Isla,Davies,29/06/1950,JE108180A,isla.davies389@example.co.uk,07842060588,115 Brown Street,Manchester,M1 1AE,,Y,2021-01-20
P0002660,PERSON,Grace,OBrien,22/09/1981,OA680994A,grace.obrien944@example.co.uk,07862089754,3 Smith Street,Bristol,EC1A1BB,,N,2024-12-24
P0002661,PERSON,Mohammed,Walker,24/07/1979,KP727154C,MOHAMMED.WALKER818@EXAMPLE.CO.UK,07958751568,111 Davies Street,Leeds,LS1 4AP,,Y,2013-11-30
P0002662,PERSON,Sophie,Davies,04/07/1998,WR602201A,SOPHIE.DAVIES968@EXAMPLE.CO.UK,07544758038,84 Walker Street,London,EC1A 1BB,114,Y,2014-08-12
P0002663,PERSON,Daniel,Wilson,04/05/1957,YB485045D,DANIEL.WILSON376@EXAMPLE.CO.UK,07461991670,50 Williams Street,Norwich,NR1 3QQ,148,Y,2019-02-15
P0002664,ORG,Chloe,Hall,31/03/1984,SX754779A,chloe.hall711@example.co.uk,07882431746,142 Davies Street,Glasgow,G1 1XQ,,Y,2010-05-17
P0002665,PERSON,Mohammed,Brown,25/05/1948,WM481955C,mohammed.brown69@example.co.uk,07572017364,56 Taylor Street,Bristol,BS1 4ST,,N,2012-07-28
P0002666,PERSON,Lars,Taylor,28/02/1982,,lars.taylor918@example.co.uk,07741143294,83 Khan Street,Bristol,BS1 4ST,480,N,2015-02-13
P0002667,PERSON,Oliver,Green,27/07/1971,CW522908A,oliver.green488@example.co.uk,07515487092,27 Johnson Street,London,EC1A 1BB,24,Y,2008-10-28
P0002668,PERSON,Sophie,Brown,18/04/2000,WC577182B,SOPHIE.BROWN129@EXAMPLE.CO.UK,07362412457,247 OBrien Street,Norwich,NR1 3QQ,438,Y,2016-07-15
P0002669,PERSON,Priya,Walker,14/04/1963,NM997358B,priya.walker13@example.co.uk,07876098812,15 Robinson Street,London,EC1A 1BB,99,Y,2011-05-01
P0002670,PERSON,Grace,Taylor,12/01/1951,CE365791D,grace.taylor432@example.co.uk,07413147650,169 Clarke Street,Bristol,BS1 4ST,362,N,2011-03-29
P0002671,PERSON,Thomas,Hughes,31/01/1953,MG878403A,thomas.hughes130@example.co.uk,07553902039,236 Hughes Street,Leeds,LS1 4AP,,Y,2009-03-25
P0002672,PERSON,Isla,Hughes,12/08/1993,KL822935D,isla.hughes829@example.co.uk,07257692245,17 Wright Street,Glasgow,G1 1XQ,65,Y,2013-10-07
P0002673,PERSON,Mohammed,Johnson,16/12/1960,AS135371C,mohammed.johnson101@example.co.uk,07409229739,27 Brown Street,Cardiff,CF10 1EP,,Y,2012-10-12
P0002674,PERSON,Ingrid,Brown,28/01/1960,EA620477A,ingrid.brown658@example.co.uk,07675019578,110 Baker Street,Bristol,BS1 4ST,,N,2024-10-22
P0002675,PERSON,Mohammed,Robinson,16/09/1973,AL211650C,mohammed.robinson55@example.co.uk,07398833132,164 Khan Street,Manchester,M1 1AE,,Y,2019-03-06
P0002676,PERSON,Isla,Davies,30/12/1963,ZW360685D,isla.davies719@example.co.uk,07613050517,9 Brown Street,Leeds,LS1 4AP,,Y,2019-04-05
P0002677,PERSON,Priya,Williams,19/07/1972,NB366456A,priya.williams857@example.co.uk,07330067120,122 Smith Street,Leeds,LS1 4AP,123,Y,2024-10-07
P0002678,PERSON,Sophie,Hughes,18/05/1969,AP277368A,sophie.hughes637@example.co.uk,07945939234,169 Murphy Street,Cardiff,CF10 1EP,,Y,2015-11-08
P0002679,PERSON,Ingrid,Baker,27/09/1953,PX152037D,ingrid.baker515@example.co.uk,07895653908,225 Hall Street,Manchester,M1 1AE,,Y,2011-11-09
P0002680,PERSON,Grace,Taylor,21/03/1978,PH875603D,grace.taylor963@example.co.uk,07756500937,7 Hughes Street,Manchester,M1 1AE,,N,2024-07-01
P0002681,PERSON,Oliver,Clarke,23/01/1985,ET710866C,oliver.clarke819@example.co.uk,07695293223,39 Wilson Street,Leeds,LS1 4AP,,Y,2009-10-28
P0002682,PERSON,Emily,OBrien,02/01/1975,JX992665C,emily.obrien498@example.co.uk,07560548040,32 Walker Street,Norwich,NR1 3QQ,,Y,2018-04-30
P0002683,PERSON,Sophie,Patel,31/03/1948,JG311340C,sophie.patel195@example.co.uk,07349669835,180 Wright Street,Bristol,BS1 4ST,87,N,2012-01-13
P0002684,PERSON,Sophie,Khan,23/10/2004,KW373577A,sophie.khan155@example.co.uk,07645659439,117 Taylor Street,London,EC1A 1BB,,Y,2021-10-28
P0002685,PERSON,Grace,Williams,19/09/1970,NK772133A,grace.williams52@example.co.uk,07717055637,94 Murphy Street,Glasgow,G1 1XQ,,Y,2024-07-30
P0002686,PERSON,Aoife,Wright,08/05/1984,TJ582693C,aoife.wright623@example.co.uk,07338936573,134 Brown Street,Reading,RG1 1LX,,Y,2023-04-10
P0002687,PERSON,Amelia,Williams,20/04/1992,CK787449B,AMELIA.WILLIAMS153@EXAMPLE.CO.UK,07131547664,122 OBrien Street,Manchester,M1 1AE,216,Y,2023-03-04
P0002688,PERSON,Oliver,Wilson,04/05/1963,ME278814B,OLIVER.WILSON415@EXAMPLE.CO.UK,07883063579,33 Wilson Street,Reading,RG1 1LX,379,Y,2011-10-25
P0002689,PERSON,Oliver,Green,06/06/1983,TB905448C,OLIVER.GREEN805@EXAMPLE.CO.UK,07992243308,214 Brown Street,Leeds,LS1 4AP,111,Y,2008-04-07
P0002690,PERSON,Sean,Murphy,28/05/1990,EK217027D,sean.murphy900@example.co.uk,07895216779,142 Wilson Street,Norwich,NR1 3QQ,,Y,2022-07-26
P0002691,PERSON,Oliver,Hughes,01/08/1940,KC570956C,OLIVER.HUGHES633@EXAMPLE.CO.UK,07742707475,140 Green Street,Reading,RG1 1LX,88,N,2013-07-11
P0002692,PERSON,Aoife,Smith,14/09/1957,KY229290A,AOIFE.SMITH455@EXAMPLE.CO.UK,07324267288,115 Jones Street,Bristol,BS1 4ST,,Y,2020-11-22
P0002693,PERSON,Thomas,Clarke,02/03/1955,AA436459B,thomas.clarke314@example.co.uk,07445647638,167 Hughes Street,Glasgow,G1 1XQ,129,Y,2012-08-01
P0002694,PERSON,Thomas,Green,29/11/2004,HZ783576B,thomas.green104@example.co.uk,07445756924,15 Williams Street,Manchester,M1 1AE,,N,2019-12-31
P0002695,ORG,Thomas,Wright,05/03/1983,OK587060A,thomas.wright606@example.co.uk,07557595052,198 Khan Street,York,YO1 6GA,,Y,2013-04-07
P0002696,PERSON,George,Jones,13/01/1980,BR323519B,GEORGE.JONES791@EXAMPLE.CO.UK,07715330022,202 Taylor Street,London,EC1A 1BB,,N,2023-08-19
P0002697,PERSON,Amelia,Brown,15/12/1992,JE981877B,AMELIA.BROWN341@EXAMPLE.CO.UK,07161280922,59 Wright Street,Glasgow,G1 1XQ,,Y,2009-09-24
P0002698,PERSON,Lars,Smith,13/04/1959,XZ243787A,lars.smith498@example.co.uk,07407944554,236 Murphy Street,Reading,RG1 1LX,,Y,2009-01-04
P0002699,PERSON,Ingrid,Williams,28/08/1948,GM552564C,ingrid.williams401@example.co.uk,07361815225,38 Murphy Street,Birmingham,B1 1AA,428,N,2015-03-16
P0002700,PERSON,Oliver,Walker,20/06/1969,KR946272D,oliver.walker855@example.co.uk,07228470120,34 Smith Street,Birmingham,B1 1AA,,N,2011-07-25
P0002701,ORG,Oliver,Hall,02/01/1971,,OLIVER.HALL489@EXAMPLE.CO.UK,07846597800,250 OBrien Street,York,YO1 6GA,327,Y,2020-01-18
P0002702,PERSON,Sophie,Baker,25/03/1994,LL437466D,sophie.baker772@example.co.uk,07855961359,115 Green Street,Cardiff,CF10 1EP,,N,2024-05-09
P0002703,PERSON,Lars,Patel,31/05/1966,OC487872C,lars.patel190@example.co.uk,07956378347,72 Smith Street,London,EC1A 1BB,,Y,2011-11-28
P0002704,PERSON,Oliver,Brown,23/04/1975,KB125204A,OLIVER.BROWN662@EXAMPLE.CO.UK,07376483023,222 Taylor Street,Norwich,NR1 3QQ,71,Y,2008-09-29
P0002705,PERSON,Priya,Green,05/09/1944,LS476806C,priya.green397@example.co.uk,07105967199,250 Jones Street,Norwich,EC1A1BB,146,Y,2014-08-03
P0002706,PERSON,Oliver,Smith,11/04/1966,PX930403B,OLIVER.SMITH731@EXAMPLE.CO.UK,07674977416,208 Robinson Street,Cardiff,CF10 1EP,52,Y,2016-02-07
P0002707,PERSON,Fatima,Smith,21/04/1965,RG431618D,fatima.smith917@example.co.uk,07189287583,248 Johnson Street,York,YO1 6GA,,Y,2023-08-17
P0002708,PERSON,Ingrid,Hall,24/09/1969,ER470046B,ingrid.hall757@example.co.uk,07500361425,16 Green Street,Manchester,M1 1AE,347,Y,2016-04-03
P0002709,PERSON,Daniel,OBrien,23/12/1993,,daniel.obrien24@example.co.uk,07175847173,199 Wright Street,Bristol,BS1 4ST,472,Y,2022-03-04
P0002710,ORG,Fatima,Patel,26/02/1983,JE756244A,fatima.patel973@example.co.uk,07345564188,199 Wilson Street,Norwich,NR1 3QQ,313,N,2010-09-23
P0002711,PERSON,Daniel,Robinson,24/01/1976,RX366316C,DANIEL.ROBINSON484@EXAMPLE.CO.UK,07737495927,108 Khan Street,London,EC1A 1BB,,Y,2022-06-08
P0002712,PERSON,Sean,Hall,24/02/1956,WC192293B,sean.hall258@example.co.uk,07779372673,33 Patel Street,Bristol,BS1 4ST,,N,2023-04-25
P0002713,PERSON,Thomas,Wright,29/11/2003,YC852442C,thomas.wright610@example.co.uk,07421410955,249 Hughes Street,Birmingham,B1 1AA,423,N,2020-11-25
P0002714,PERSON,Grace,Smith,11/06/1940,LR346024B,grace.smith589@example.co.uk,07410522047,144 Hughes Street,Bristol,BS1 4ST,21,Y,2008-05-29
P0002715,PERSON,Ingrid,Davies,02/12/1982,JT656931A,ingrid.davies407@example.co.uk,07394404938,220 Williams Street,Norwich,NR1 3QQ,,Y,2020-08-16
P0002716,PERSON,Sophie,Green,12/10/1980,SS945919D,sophie.green126@example.co.uk,07845391550,244 Clarke Street,Cardiff,CF10 1EP,,N,2023-07-10
P0002717,PERSON,Chloe,Taylor,12/10/1992,LG459149B,CHLOE.TAYLOR124@EXAMPLE.CO.UK,07567322965,222 Baker Street,Reading,RG1 1LX,483,Y,2008-05-06
P0002718,PERSON,Sean,Murphy,20/09/1977,RJ935194D,sean.murphy771@example.co.uk,07810359596,78 Patel Street,Norwich,NR1 3QQ,114,N,2018-09-16
P0002719,PERSON,Ingrid,Brown,16/05/1964,BG482929A,ingrid.brown35@example.co.uk,07486520493,95 Khan Street,Glasgow,G1 1XQ,,Y,2014-04-30
P0002720,PERSON,Oliver,Hall,29/01/2002,PJ614443C,oliver.hall638@example.co.uk,07386814201,240 Green Street,York,YO1 6GA,,Y,2015-07-20
P0002721,PERSON,Mohammed,Wright,08/01/1975,HA843002C,MOHAMMED.WRIGHT965@EXAMPLE.CO.UK,07706978386,231 OBrien Street,Cardiff,CF10 1EP,,N,2008-03-21
P0002722,PERSON,Lars,Wilson,15/03/1982,GW507973C,lars.wilson951@example.co.uk,07697333370,128 Jones Street,Norwich,NR1 3QQ,70,N,2020-06-15
P0002723,PERSON,Daniel,Patel,19/02/1954,RY132624B,daniel.patel754@example.co.uk,07567269737,175 Khan Street,Cardiff,CF10 1EP,,Y,2011-11-13
P0002724,PERSON,Chloe,Khan,19/08/1957,ES472126B,chloe.khan709@example.co.uk,07938516386,120 Hughes Street,Glasgow,M1  1AE,413,Y,2014-03-28
P0002725,PERSON,Ingrid,Brown,08/09/1977,RZ449881A,ingrid.brown295@example.co.uk,07837224489,121 Wilson Street,Reading,RG1 1LX,,Y,2011-12-12
P0002726,PERSON,Priya,Jones,21/11/1948,BW755236B,PRIYA.JONES398@EXAMPLE.CO.UK,07613515808,172 Jones Street,Reading,RG1 1LX,430,Y,2009-06-02
P0002727,ORG,George,Johnson,15/08/1967,KH971578D,george.johnson845@example.co.uk,07868916314,45 Patel Street,Reading,ZZ99 9ZZ,56,Y,2010-03-11
P0002728,PERSON,Aoife,Smith,06/02/1948,ZE223714B,aoife.smith714@example.co.uk,07422688716,108 Patel Street,Cardiff,CF10 1EP,23,Y,2009-07-12
P0002729,ORG,Sophie,Green,19/12/1953,OZ465825A,sophie.green567@example.co.uk,07801716508,38 Smith Street,Norwich,NR1 3QQ,143,N,2013-03-03
P0002730,PERSON,Daniel,Jones,18/12/1972,LG327376C,daniel.jones618@example.co.uk,07698744655,173 Johnson Street,Cardiff,CF10 1EP,,N,2016-01-05
P0002731,PERSON,Grace,Wilson,16/07/1987,MY760516C,GRACE.WILSON513@EXAMPLE.CO.UK,07361606855,3 Wilson Street,Bristol,BS1 4ST,,N,2018-08-26
P0002732,PERSON,Harry,Taylor,21/09/1980,NP307479B,harry.taylor590@example.co.uk,07762916615,156 Williams Street,Leeds,LS1 4AP,,Y,2022-09-06
P0002733,ORG,Grace,Hughes,28/01/1962,TZ352279C,grace.hughes708@example.co.uk,07185102807,206 Wilson Street,Norwich,NR1 3QQ,,N,2017-10-13
P0002734,PERSON,Lars,Wilson,07/06/1985,ZC154535C,LARS.WILSON500@EXAMPLE.CO.UK,07507377424,181 Wilson Street,Norwich,NR1 3QQ,,Y,2021-11-30
P0002735,PERSON,Wei,OBrien,20/05/1956,WB247561A,WEI.OBRIEN855@EXAMPLE.CO.UK,07383330951,20 Smith Street,Bristol,BS1 4ST,,Y,2010-04-17
P0002736,PERSON,Daniel,Taylor,30/01/1952,HS482114D,daniel.taylor610@example.co.uk,07207041853,75 Hall Street,Bristol,BS1 4ST,,Y,2016-01-08
P0002737,ORG,Mohammed,Smith,30/01/1947,AE854215C,mohammed.smith597@example.co.uk,07496617163,102 Robinson Street,Leeds,LS1 4AP,14,N,2010-01-20
P0002738,PERSON,Isla,Wright,28/02/1945,SL694780B,ISLA.WRIGHT712@EXAMPLE.CO.UK,07584269829,93 Walker Street,London,EC1A 1BB,,N,2019-03-17
P0002739,PERSON,Isla,Smith,02/08/1956,SJ575156B,ISLA.SMITH967@EXAMPLE.CO.UK,07739482694,124 Jones Street,Manchester,M1 1AE,289,Y,2008-02-16
P0002740,PERSON,Sophie,Khan,01/10/1990,ZH267029C,SOPHIE.KHAN176@EXAMPLE.CO.UK,07100092658,107 Taylor Street,Cardiff,CF10 1EP,192,Y,2016-07-20
P0002741,PERSON,Mohammed,Patel,14/02/2002,NC384002B,mohammed.patel608@example.co.uk,07875098966,11 Patel Street,Cardiff,CF10 1EP,314,N,2009-11-14
P0002742,PERSON,Amelia,Green,22/10/2003,BC431172B,amelia.green874@example.co.uk,07859921062,29 Baker Street,London,EC1A 1BB,469,N,2021-09-16
P0002743,PERSON,Fatima,Jones,22/07/1953,LW608281D,fatima.jones494@example.co.uk,07451472868,66 Hughes Street,Cardiff,CF10 1EP,,N,2015-06-15
P0002744,PERSON,Wei,Williams,03/06/1968,LB505578C,wei.williams484@example.co.uk,07843296327,129 Walker Street,Glasgow,,,N,2024-05-07
P0002745,PERSON,Ingrid,OBrien,18/02/1963,EE414687A,ingrid.obrien901@example.co.uk,07496311664,247 Green Street,Manchester,M1 1AE,443,Y,2009-09-11
P0002746,PERSON,Daniel,Wright,18/03/2000,PW873866D,daniel.wright805@example.co.uk,07450146178,228 Jones Street,Glasgow,G1 1XQ,,Y,2024-06-18
P0002747,PERSON,Grace,Taylor,28/10/1966,GR617666A,grace.taylor928@example.co.uk,07165052740,180 Murphy Street,Bristol,BS1 4ST,,N,2009-06-14
P0002748,ORG,Mohammed,Brown,24/05/1960,RX364310D,MOHAMMED.BROWN449@EXAMPLE.CO.UK,07253523120,66 Taylor Street,York,YO1 6GA,,Y,2020-08-20
P0002749,PERSON,Sean,Brown,13/06/1966,SA146233D,sean.brown154@example.co.uk,07384196863,57 Walker Street,London,EC1A 1BB,316,Y,2018-08-05
P0002750,PERSON,Harry,Davies,19/06/1993,NL227400D,harry.davies767@example.co.uk,07446223799,10 Smith Street,Norwich,NR1 3QQ,339,N,2017-09-12
P0002751,ORG,James,Taylor,15/09/2001,XA105708D,james.taylor852@example.co.uk,07694420243,65 Wilson Street,Norwich,NR1 3QQ,,Y,2016-03-31
P0002752,ORG,Priya,Robinson,10/03/1979,BS548653D,PRIYA.ROBINSON106@EXAMPLE.CO.UK,07199148985,155 Wilson Street,York,YO1 6GA,,N,2011-12-19
P0002753,PERSON,Aoife,Davies,10/11/1966,GE479983B,aoife.davies601@example.co.uk,07289736257,191 Murphy Street,Manchester,M1 1AE,344,Y,2019-12-29
P0002754,PERSON,Isla,Johnson,07/12/1977,WZ207225B,isla.johnson977@example.co.uk,07148252716,89 Baker Street,Norwich,NR1 3QQ,,Y,2014-01-01
P0002755,PERSON,Grace,Robinson,05/05/1996,XA195005B,grace.robinson900@example.co.uk,07277352067,88 Clarke Street,Cardiff,CF10 1EP,,N,2009-05-13
P0002756,PERSON,Aoife,Johnson,23/03/1977,TB930605A,aoife.johnson99@example.co.uk,07796785416,44 Jones Street,London,EC1A 1BB,118,N,2016-12-06
P0002757,PERSON,Isla,Robinson,02/08/1945,ZE433488A,isla.robinson232@example.co.uk,07506717065,193 Taylor Street,Glasgow,G1 1XQ,226,Y,2017-04-09
P0002758,PERSON,Harry,Baker,30/05/1976,JR997456A,HARRY.BAKER897@EXAMPLE.CO.UK,07486273395,63 Clarke Street,Glasgow,G1 1XQ,,Y,2012-03-20
P0002759,PERSON,Harry,Jones,08/07/1995,,harry.jones152@example.co.uk,07121066875,100 Hall Street,Birmingham,B1 1AA,379,Y,2021-09-26
P0002760,ORG,Lars,Green,18/07/1981,TE956921B,lars.green840@example.co.uk,07408709218,229 Brown Street,Leeds,LS1 4AP,,N,2009-02-20
P0002761,PERSON,James,Walker,11/12/1974,KZ342680A,james.walker331@example.co.uk,07397054142,111 Jones Street,York,YO1 6GA,483,Y,2015-01-09
P0002762,ORG,Fatima,Smith,07/08/2003,BR389322B,fatima.smith547@example.co.uk,07769820320,204 Smith Street,Reading,RG1 1LX,492,Y,2018-06-26
P0002763,PERSON,Chloe,Jones,03/01/1997,,chloe.jones851@example.co.uk,07235815722,126 Hughes Street,Glasgow,G1 1XQ,240,Y,2011-08-02
P0002764,PERSON,Lars,Walker,02/08/1963,BN761208A,lars.walker378@example.co.uk,07226989739,230 Hall Street,Manchester,M1 1AE,,Y,2015-05-09
P0002765,PERSON,Ingrid,OBrien,21/10/1966,,INGRID.OBRIEN494@EXAMPLE.CO.UK,07620458691,79 Smith Street,Leeds,LS1 4AP,295,Y,2019-06-14
P0002766,PERSON,Emily,Hughes,15/03/1969,AP827154B,emily.hughes803@example.co.uk,07487329196,19 OBrien Street,London,EC1A 1BB,195,N,2009-04-04
P0002767,PERSON,Sophie,Johnson,23/07/1969,WW805153C,SOPHIE.JOHNSON161@EXAMPLE.CO.UK,07488097136,32 Johnson Street,Bristol,BS1 4ST,3,N,2021-12-16
P0002768,PERSON,Sophie,Hughes,23/12/1996,ME233353A,sophie.hughes274@example.co.uk,07985638385,1 Wright Street,Manchester,M1 1AE,497,Y,2008-12-07
P0002769,ORG,Thomas,Murphy,28/01/1946,GW526944B,thomas.murphy340@example.co.uk,07510893200,144 Baker Street,Cardiff,CF10 1EP,160,N,2021-02-04
P0002770,PERSON,Thomas,Robinson,14/04/1960,GP286822B,thomas.robinson524@example.co.uk,07503161995,14 Murphy Street,Norwich,NR1 3QQ,,Y,2017-03-24
P0002771,PERSON,Oliver,Robinson,06/04/1947,JM745555A,OLIVER.ROBINSON153@EXAMPLE.CO.UK,07436014343,138 Taylor Street,Bristol,BS1 4ST,144,Y,2017-08-25
P0002772,PERSON,Wei,Baker,05/10/1965,JC789739C,wei.baker891@example.co.uk,07438354619,178 Hall Street,Leeds,LS1 4AP,364,N,2014-04-12
P0002773,PERSON,Priya,Walker,07/07/1989,EM500004B,priya.walker779@example.co.uk,07215737589,137 Robinson Street,Manchester,M1 1AE,164,Y,2020-12-25
P0002774,PERSON,Ingrid,Walker,23/06/1960,JK952425B,ingrid.walker246@example.co.uk,07663879513,162 Davies Street,London,EC1A 1BB,97,Y,2020-10-13
P0002775,PERSON,Wei,Smith,09/01/1953,AL106047A,wei.smith333@example.co.uk,07363237339,199 Green Street,London,EC1A 1BB,,N,2016-07-06
P0002776,PERSON,Fatima,Hughes,15/03/1967,HT429754D,fatima.hughes479@example.co.uk,07750660729,108 Walker Street,London,EC1A 1BB,,Y,2019-04-17
P0002777,PERSON,James,Murphy,28/05/1958,WG311023B,james.murphy995@example.co.uk,07146344679,145 Robinson Street,Norwich,NR1 3QQ,279,Y,2021-08-26
P0002778,PERSON,Daniel,Green,24/03/1955,EX826030D,DANIEL.GREEN302@EXAMPLE.CO.UK,07103415494,145 Hughes Street,Norwich,NR1 3QQ,,Y,2022-09-19
P0002779,PERSON,Fatima,Johnson,22/03/1976,CS670889D,FATIMA.JOHNSON472@EXAMPLE.CO.UK,07506305563,199 Clarke Street,York,YO1 6GA,446,N,2019-04-23
P0002780,PERSON,Sean,Taylor,27/04/1954,LR438192A,sean.taylor499@example.co.uk,07933483778,20 Robinson Street,Reading,ZZ99 9ZZ,,Y,2011-07-08
P0002781,ORG,Grace,Brown,25/09/1999,JE143293A,grace.brown626@example.co.uk,07383901428,144 Smith Street,Reading,RG1 1LX,,Y,2015-10-03
P0002782,ORG,Thomas,Patel,12/08/1987,LY358666B,THOMAS.PATEL467@EXAMPLE.CO.UK,07954608196,82 Green Street,York,YO1 6GA,241,Y,2023-07-10
P0002783,PERSON,Lars,Williams,16/09/1974,AS837392D,lars.williams62@example.co.uk,07545626488,77 Jones Street,Birmingham,B1 1AA,,Y,2022-05-09
P0002784,PERSON,Chloe,Baker,02/10/1982,XA982758B,chloe.baker651@example.co.uk,07285733700,237 OBrien Street,Bristol,BS1 4ST,498,N,2013-05-29
P0002785,PERSON,Lars,Brown,15/05/1951,CN924725C,lars.brown429@example.co.uk,07783548003,26 Davies Street,York,YO1 6GA,288,Y,2017-11-10
P0002786,PERSON,George,Taylor,14/06/1965,NR244205C,george.taylor839@example.co.uk,07746702697,71 Patel Street,Birmingham,B1 1AA,,Y,2010-06-30
P0002787,PERSON,Ingrid,Green,08/04/1954,ZW528345D,INGRID.GREEN461@EXAMPLE.CO.UK,07666803568,80 Smith Street,Leeds,LS1 4AP,56,N,2017-11-17
P0002788,PERSON,Sean,Patel,22/02/2004,ST408598D,sean.patel938@example.co.uk,07249158290,30 Hall Street,Cardiff,CF10 1EP,,Y,2018-11-23
P0002789,PERSON,Sean,OBrien,07/05/1978,GL450329D,sean.obrien352@example.co.uk,07287393275,157 Wilson Street,Birmingham,B1 1AA,,Y,2009-03-25
P0002790,PERSON,Lars,Wilson,19/02/1952,AE429707C,LARS.WILSON736@EXAMPLE.CO.UK,07654871160,42 Robinson Street,Cardiff,CF10 1EP,438,N,2013-03-26
P0002791,PERSON,Aoife,Walker,10/03/2000,JY798780D,AOIFE.WALKER551@EXAMPLE.CO.UK,07484562259,166 Patel Street,York,YO1 6GA,,Y,2019-03-28
P0002792,PERSON,Fatima,Wilson,05/07/1990,OW381736A,fatima.wilson423@example.co.uk,07435175235,52 Wright Street,Cardiff,CF10 1EP,,Y,2009-10-10
P0002793,PERSON,Grace,Baker,09/06/1954,,grace.baker421@example.co.uk,07156142819,187 Taylor Street,Birmingham,B1 1AA,356,Y,2017-08-06
P0002794,PERSON,Fatima,Khan,08/01/1975,BZ998782A,FATIMA.KHAN652@EXAMPLE.CO.UK,07741337179,28 Walker Street,London,EC1A 1BB,346,Y,2022-12-08
P0002795,PERSON,Daniel,OBrien,18/09/1967,,daniel.obrien348@example.co.uk,07657194014,223 Patel Street,Bristol,BS1 4ST,,N,2010-12-03
P0002796,PERSON,Ingrid,Khan,21/05/1998,HG456384D,ingrid.khan708@example.co.uk,07985332407,51 Jones Street,Birmingham,B1 1AA,,Y,2012-06-12
P0002797,ORG,Emily,Brown,06/12/1976,EB885890D,EMILY.BROWN407@EXAMPLE.CO.UK,07671460685,174 Clarke Street,Glasgow,G1 1XQ,195,N,2009-06-22
P0002798,PERSON,Sophie,Wright,12/05/1948,RL284700B,sophie.wright219@example.co.uk,07551537513,233 Patel Street,Bristol,ZZ99 9ZZ,,Y,2020-11-25
P0002799,ORG,Grace,Walker,12/05/1970,,grace.walker144@example.co.uk,07306656322,73 Wright Street,Cardiff,CF10 1EP,,N,2023-01-26
P0002800,PERSON,Thomas,Taylor,30/04/1947,OJ851880D,thomas.taylor422@example.co.uk,07743714270,164 Green Street,London,EC1A 1BB,,Y,2015-02-05
P0002801,PERSON,Daniel,Wilson,28/04/1945,WH899749B,DANIEL.WILSON267@EXAMPLE.CO.UK,07206268132,103 Patel Street,Manchester,M1 1AE,,N,2008-06-16
P0002802,PERSON,Isla,Williams,08/02/1994,MK338971B,isla.williams983@example.co.uk,07431874845,89 Robinson Street,Norwich,NR1 3QQ,126,Y,2019-03-10
P0002803,PERSON,Grace,Jones,17/06/1966,PL750490D,GRACE.JONES878@EXAMPLE.CO.UK,07947411733,190 Hughes Street,Norwich,NR1 3QQ,,Y,2014-08-20
P0002804,PERSON,Sophie,Baker,29/11/1940,AB725409D,sophie.baker420@example.co.uk,07413067903,45 Hall Street,Norwich,NR1 3QQ,,Y,2020-12-25
P0002805,PERSON,Daniel,Davies,03/12/1945,OX465589D,daniel.davies389@example.co.uk,07154022819,248 Wilson Street,Bristol,BS1 4ST,,Y,2021-04-12
P0002806,PERSON,Amelia,Smith,19/09/1970,WL339698C,amelia.smith659@example.co.uk,07476608092,229 Clarke Street,Glasgow,G1 1XQ,147,Y,2010-08-16
P0002807,PERSON,Harry,Davies,24/09/1965,AX909681A,harry.davies210@example.co.uk,07800415473,56 Taylor Street,Bristol,BS1 4ST,210,N,2013-05-14
P0002808,ORG,Daniel,OBrien,03/10/1994,LN749464A,daniel.obrien665@example.co.uk,07324703259,177 Brown Street,Bristol,BS1 4ST,104,Y,2011-09-01
P0002809,PERSON,Amelia,Brown,27/05/1946,WC434848C,AMELIA.BROWN187@EXAMPLE.CO.UK,07632346191,250 Green Street,Cardiff,CF10 1EP,181,Y,2012-11-16
P0002810,PERSON,Lars,Robinson,25/08/1944,,lars.robinson500@example.co.uk,07792901223,185 Smith Street,London,EC1A 1BB,,Y,2010-12-02
P0002811,PERSON,Wei,Johnson,22/08/1956,JG548174C,wei.johnson455@example.co.uk,07103561236,246 Wright Street,Cardiff,CF10 1EP,,Y,2009-03-06
P0002812,PERSON,Thomas,Wright,06/08/1943,KT733618D,thomas.wright493@example.co.uk,07453058814,42 Johnson Street,York,YO1 6GA,,Y,2021-12-11
P0002813,PERSON,Fatima,Johnson,18/11/1974,EZ671838B,fatima.johnson580@example.co.uk,07489040368,116 Baker Street,Manchester,M1 1AE,255,Y,2011-09-18
P0002814,ORG,Wei,Williams,01/04/1994,ZZ428893B,wei.williams19@example.co.uk,07405007298,115 Green Street,Manchester,M1 1AE,,N,2019-01-30
P0002815,PERSON,Sophie,Murphy,31/08/1997,SZ911663B,SOPHIE.MURPHY340@EXAMPLE.CO.UK,07814190870,55 Khan Street,Leeds,LS1 4AP,77,N,2015-05-23
P0002816,PERSON,Wei,Taylor,15/04/1995,BG218027A,wei.taylor852@example.co.uk,07943849161,12 Wilson Street,Cardiff,CF10 1EP,,Y,2017-07-06
P0002817,PERSON,Grace,Hall,07/07/1990,BA468086A,grace.hall366@example.co.uk,07449596675,59 Hughes Street,York,YO1 6GA,,N,2009-03-13
P0002818,PERSON,Fatima,Johnson,28/07/1948,PJ278891D,fatima.johnson629@example.co.uk,07989114906,176 Wilson Street,London,EC1A 1BB,311,N,2019-03-03
P0002819,PERSON,Grace,Clarke,20/10/1956,JC180437C,GRACE.CLARKE184@EXAMPLE.CO.UK,07379331167,195 Johnson Street,Cardiff,CF10 1EP,,Y,2011-01-02
P0002820,PERSON,James,Robinson,04/03/1969,ML785914C,james.robinson457@example.co.uk,07958230557,30 Baker Street,Reading,RG1 1LX,,N,2016-06-03
P0002821,PERSON,Thomas,OBrien,15/11/2000,LA702615B,thomas.obrien589@example.co.uk,07579700228,241 Taylor Street,Cardiff,CF10 1EP,,N,2018-02-07
P0002822,PERSON,Isla,Walker,13/05/1987,XG466555A,isla.walker340@example.co.uk,07227331697,203 Smith Street,London,EC1A 1BB,,N,2010-01-04
P0002823,PERSON,Aoife,Walker,19/08/1980,OS550504A,aoife.walker134@example.co.uk,07965457423,104 Robinson Street,London,EC1A 1BB,104,Y,2008-03-19
P0002824,ORG,Amelia,OBrien,23/11/1944,AH511263C,amelia.obrien734@example.co.uk,07506400651,178 Khan Street,Bristol,BS1 4ST,204,Y,2017-05-27
P0002825,PERSON,Wei,Murphy,01/02/1981,MC901651A,wei.murphy904@example.co.uk,07565167115,134 OBrien Street,Leeds,LS1 4AP,43,Y,2024-11-14
P0002826,PERSON,Harry,Davies,10/11/1961,HE425707D,harry.davies56@example.co.uk,07548998815,215 Brown Street,Reading,RG1 1LX,,N,2015-07-02
P0002827,PERSON,Isla,Robinson,18/09/1959,HY725382A,isla.robinson857@example.co.uk,07861649743,136 Taylor Street,London,EC1A 1BB,,Y,2017-05-16
P0002828,PERSON,Harry,Baker,27/02/1958,BW216971A,harry.baker64@example.co.uk,07230735991,102 Hall Street,Reading,RG1 1LX,,Y,2017-09-20
P0002829,PERSON,Lars,Jones,02/10/1969,YW564587D,lars.jones591@example.co.uk,07211571550,153 Baker Street,London,EC1A 1BB,45,N,2017-04-01
P0002830,PERSON,Lars,Jones,06/12/1990,ZS967588A,lars.jones953@example.co.uk,07260604372,155 Hughes Street,Reading,RG1 1LX,68,Y,2019-07-05
P0002831,PERSON,Ingrid,Green,22/05/1986,WG368398B,ingrid.green319@example.co.uk,07767568122,104 Hughes Street,Norwich,NR1 3QQ,16,N,2020-01-24
P0002832,PERSON,Fatima,Wilson,07/02/1980,,fatima.wilson260@example.co.uk,07138391316,146 Robinson Street,York,YO1 6GA,,Y,2015-04-11
P0002833,PERSON,Thomas,Wright,14/11/1969,JR574299B,thomas.wright605@example.co.uk,07194326881,17 OBrien Street,Glasgow,ZZ99 9ZZ,,Y,2024-05-31
P0002834,PERSON,Sean,Taylor,07/11/1964,PM738715A,sean.taylor19@example.co.uk,07582518456,21 Walker Street,York,YO1 6GA,148,N,2009-04-03
P0002835,PERSON,Daniel,Patel,13/02/2000,OZ528147B,daniel.patel656@example.co.uk,07678407944,22 Davies Street,Birmingham,B1 1AA,221,Y,2022-08-29
P0002836,PERSON,Chloe,Taylor,15/09/1972,YA127612C,chloe.taylor109@example.co.uk,07737954453,13 Khan Street,York,YO1 6GA,125,Y,2014-11-05
P0002837,PERSON,Grace,Hall,25/06/1963,ZK746161C,grace.hall62@example.co.uk,07630980188,144 Baker Street,Glasgow,G1 1XQ,483,N,2023-10-10
P0002838,PERSON,Amelia,Hall,07/07/2001,,amelia.hall165@example.co.uk,07557362522,246 Jones Street,Cardiff,CF10 1EP,,Y,2019-09-21
P0002839,PERSON,Amelia,Khan,29/08/1967,PE207821D,amelia.khan881@example.co.uk,07835337068,39 Hall Street,Manchester,M1 1AE,,Y,2008-01-17
P0002840,PERSON,Fatima,Wright,01/07/1944,XG393738A,FATIMA.WRIGHT571@EXAMPLE.CO.UK,07795283504,123 Wright Street,London,EC1A 1BB,,N,2021-03-21
P0002841,PERSON,Mohammed,Wright,06/11/1955,WS196850D,mohammed.wright292@example.co.uk,07699562399,156 Walker Street,London,EC1A1BB,,Y,2011-06-01
P0002842,PERSON,Grace,Hall,02/04/1967,LZ983748C,grace.hall649@example.co.uk,07327491981,47 Murphy Street,Norwich,NR1 3QQ,312,Y,2020-11-03
P0002843,PERSON,Oliver,Taylor,24/11/1940,GG564589D,oliver.taylor140@example.co.uk,07608389993,15 Green Street,Cardiff,CF10 1EP,,Y,2014-11-11
P0002844,PERSON,Emily,Walker,29/05/1985,LJ827842C,EMILY.WALKER177@EXAMPLE.CO.UK,07945936578,47 Taylor Street,Leeds,LS1 4AP,,Y,2022-03-18
P0002845,PERSON,James,Brown,30/10/1950,OE320957C,james.brown321@example.co.uk,07965419442,250 Davies Street,Glasgow,G1 1XQ,,Y,2012-08-04
P0002846,PERSON,Ingrid,Murphy,01/04/1941,HN256923B,INGRID.MURPHY517@EXAMPLE.CO.UK,07352036715,65 Williams Street,Leeds,LS1 4AP,365,Y,2012-08-02
P0002847,PERSON,Daniel,Murphy,17/04/1983,XA614674B,daniel.murphy811@example.co.uk,07501349501,5 Smith Street,Reading,RG1 1LX,,Y,2013-10-22
P0002848,PERSON,Mohammed,OBrien,19/08/2004,ZM143691D,mohammed.obrien536@example.co.uk,07680952225,41 Hughes Street,London,EC1A 1BB,,Y,2016-03-11
P0002849,PERSON,Priya,Hughes,15/07/1979,AS889238B,priya.hughes767@example.co.uk,07487837107,223 Hughes Street,Birmingham,B1 1AA,15,N,2024-03-27
P0002850,PERSON,George,Clarke,29/09/1941,GS250581B,george.clarke537@example.co.uk,07813386484,22 Walker Street,London,EC1A 1BB,,N,2016-05-15
P0002851,PERSON,James,Taylor,27/07/1947,AJ976132C,james.taylor379@example.co.uk,07990595036,232 Khan Street,Leeds,LS1 4AP,,N,2017-12-14
P0002852,PERSON,Ingrid,OBrien,24/01/1974,TC347851D,ingrid.obrien872@example.co.uk,07731199947,138 Wright Street,York,YO1 6GA,,Y,2008-09-11
P0002853,PERSON,Mohammed,Davies,20/05/1985,HG786520B,mohammed.davies189@example.co.uk,07756853918,100 OBrien Street,York,YO1 6GA,,Y,2024-10-08
P0002854,PERSON,Priya,Johnson,17/11/1997,NR262201B,PRIYA.JOHNSON499@EXAMPLE.CO.UK,07681594661,247 Johnson Street,Cardiff,CF10 1EP,,N,2017-02-23
P0002855,PERSON,Thomas,Patel,19/10/1951,BT178823D,THOMAS.PATEL603@EXAMPLE.CO.UK,07882642298,111 Baker Street,Reading,RG1 1LX,,Y,2022-08-17
P0002856,ORG,George,Hall,21/09/1993,WJ643895B,george.hall270@example.co.uk,07175809633,98 Williams Street,Glasgow,G1 1XQ,379,N,2019-07-31
P0002857,PERSON,Wei,Smith,19/06/1967,EB357390D,wei.smith711@example.co.uk,07780727917,4 Murphy Street,Birmingham,B1 1AA,261,Y,2015-06-21
P0002858,PERSON,Fatima,Wilson,06/05/1968,GJ434604B,fatima.wilson642@example.co.uk,07686583533,158 Baker Street,London,EC1A 1BB,,Y,2008-01-14
P0002859,PERSON,Aoife,Hughes,24/07/1986,AT204293C,aoife.hughes959@example.co.uk,07287281864,235 Johnson Street,Cardiff,CF10 1EP,134,N,2008-07-29
P0002860,ORG,Isla,Walker,15/11/1985,ML920041C,ISLA.WALKER31@EXAMPLE.CO.UK,07994057476,125 Williams Street,York,YO1 6GA,17,N,2012-06-13
P0002861,PERSON,Emily,Walker,19/01/2004,XK913460A,emily.walker728@example.co.uk,07181521724,176 Hughes Street,Norwich,NR1 3QQ,461,Y,2014-10-29
P0002862,ORG,Isla,Hughes,25/08/1966,TN908828D,isla.hughes716@example.co.uk,07945145562,67 Wilson Street,Leeds,N/A,,Y,2010-09-22
P0002863,PERSON,Aoife,Jones,23/11/1945,ZC848054B,AOIFE.JONES831@EXAMPLE.CO.UK,07271250122,247 Clarke Street,York,YO1 6GA,137,Y,2023-07-07
P0002864,PERSON,Lars,Khan,11/10/1974,,lars.khan8@example.co.uk,07580789494,202 Smith Street,Leeds,ZZ99 9ZZ,,Y,2023-10-10
P0002865,PERSON,Isla,Williams,24/04/1984,XN740714B,ISLA.WILLIAMS877@EXAMPLE.CO.UK,07334768389,7 Patel Street,Glasgow,G1 1XQ,,Y,2015-09-19
P0002866,PERSON,Harry,Robinson,09/01/1955,YP336188A,harry.robinson898@example.co.uk,07119974523,250 Taylor Street,Cardiff,CF10 1EP,,Y,2022-10-10
P0002867,PERSON,Emily,OBrien,12/10/1945,AC325788D,emily.obrien231@example.co.uk,07289651793,8 Baker Street,Cardiff,CF10 1EP,,Y,2020-07-23
P0002868,PERSON,Amelia,Hall,19/12/1967,PC838739B,amelia.hall6@example.co.uk,07138498726,240 Robinson Street,Manchester,M1 1AE,,Y,2019-01-04
P0002869,PERSON,Emily,Jones,07/10/1996,XA554982B,emily.jones761@example.co.uk,07476701689,59 Davies Street,Bristol,BS1 4ST,486,N,2016-02-16
P0002870,PERSON,James,Brown,01/02/1976,,james.brown728@example.co.uk,07995003952,148 Patel Street,Birmingham,B1 1AA,96,Y,2010-09-06
P0002871,PERSON,Ingrid,Davies,09/03/1943,EJ332090B,INGRID.DAVIES900@EXAMPLE.CO.UK,07524993430,114 Johnson Street,Glasgow,G1 1XQ,58,Y,2021-02-25
P0002872,PERSON,Harry,Khan,04/01/1940,RS453825B,HARRY.KHAN490@EXAMPLE.CO.UK,07153566541,57 Clarke Street,Bristol,BS1 4ST,193,Y,2019-08-10
P0002873,PERSON,Priya,Wright,07/12/1964,AA129008C,PRIYA.WRIGHT206@EXAMPLE.CO.UK,07252055725,175 Clarke Street,Leeds,LS1 4AP,131,Y,2008-12-24
P0002874,PERSON,Amelia,Khan,16/08/1978,AK705600C,amelia.khan532@example.co.uk,07497465251,223 Murphy Street,Leeds,LS1 4AP,,Y,2023-02-24
P0002875,PERSON,Grace,Clarke,19/10/1965,ZA247266B,GRACE.CLARKE659@EXAMPLE.CO.UK,07201922063,97 Murphy Street,Birmingham,N/A,305,Y,2019-09-18
P0002876,PERSON,Aoife,Hall,16/08/1940,OB578609C,AOIFE.HALL416@EXAMPLE.CO.UK,07897765935,149 Wilson Street,London,EC1A 1BB,,Y,2018-05-08
P0002877,PERSON,Ingrid,Murphy,15/11/1941,GX757766C,ingrid.murphy288@example.co.uk,07887448494,155 Walker Street,Cardiff,CF10 1EP,6,Y,2020-01-24
P0002878,PERSON,Aoife,Wright,09/10/1954,XW184235A,aoife.wright11@example.co.uk,07511730119,201 OBrien Street,Birmingham,B1 1AA,18,Y,2018-12-10
P0002879,PERSON,Wei,Khan,06/12/1947,TE819562D,wei.khan259@example.co.uk,07461975300,56 Taylor Street,Bristol,BS1 4ST,,N,2016-02-24
P0002880,PERSON,Daniel,Murphy,10/11/1971,AS853820C,daniel.murphy16@example.co.uk,07310237971,250 OBrien Street,York,YO1 6GA,301,Y,2013-09-14
P0002881,PERSON,Harry,Robinson,19/09/2001,ZA692962B,HARRY.ROBINSON143@EXAMPLE.CO.UK,07160866685,166 Hughes Street,Reading,RG1 1LX,291,Y,2023-12-02
P0002882,PERSON,Fatima,Khan,25/08/1979,EW162126D,FATIMA.KHAN43@EXAMPLE.CO.UK,07286251901,93 Wilson Street,Birmingham,B1 1AA,226,Y,2012-07-14
P0002883,PERSON,Amelia,Johnson,03/11/1962,AZ463256C,amelia.johnson761@example.co.uk,07628051684,95 Patel Street,Manchester,M1 1AE,,Y,2010-02-27
P0002884,PERSON,Wei,Davies,17/04/1980,XE567257B,wei.davies629@example.co.uk,07326867425,194 Hall Street,London,EC1A 1BB,487,N,2021-11-14
P0002885,PERSON,Sophie,Smith,23/09/1988,EG951639A,sophie.smith168@example.co.uk,07510993574,73 Clarke Street,Reading,RG1 1LX,74,Y,2017-03-02
P0002886,PERSON,Ingrid,Clarke,20/04/1963,BY374185C,INGRID.CLARKE475@EXAMPLE.CO.UK,07830681548,20 Khan Street,York,YO1 6GA,281,Y,2020-11-11
P0002887,PERSON,Daniel,Baker,04/12/1953,HX552911A,DANIEL.BAKER365@EXAMPLE.CO.UK,07659384102,89 OBrien Street,Norwich,NR1 3QQ,101,N,2010-05-27
P0002888,PERSON,Thomas,Davies,07/06/1987,,THOMAS.DAVIES693@EXAMPLE.CO.UK,07822175904,223 Green Street,Birmingham,B1 1AA,,N,2015-07-26
P0002889,PERSON,Daniel,Brown,25/02/1988,BP294695B,daniel.brown781@example.co.uk,07928252878,226 Jones Street,Manchester,M1 1AE,35,N,2015-08-07
P0002890,PERSON,George,Smith,07/11/1978,BK689312C,GEORGE.SMITH501@EXAMPLE.CO.UK,07892015604,111 Wright Street,Leeds,LS1 4AP,260,Y,2017-01-04
P0002891,PERSON,Daniel,Williams,12/06/2002,NA985625D,daniel.williams706@example.co.uk,07721309446,118 Jones Street,Manchester,M1 1AE,87,Y,2018-11-17
P0002892,PERSON,Grace,Khan,02/04/1971,EM359243D,grace.khan959@example.co.uk,07605543803,54 Green Street,Bristol,M1  1AE,,Y,2013-07-05
P0002893,PERSON,Sophie,OBrien,07/06/1973,ZH690553D,SOPHIE.OBRIEN424@EXAMPLE.CO.UK,07539093019,59 Wilson Street,Norwich,NR1 3QQ,,N,2012-11-24
P0002894,PERSON,Emily,Patel,26/06/1960,YB442323D,emily.patel501@example.co.uk,07444826501,175 Brown Street,London,EC1A 1BB,194,N,2013-12-15
P0002895,PERSON,Amelia,Davies,25/08/1967,KG705342D,amelia.davies196@example.co.uk,07846432838,141 Taylor Street,London,EC1A 1BB,235,Y,2024-10-15
P0002896,PERSON,Fatima,Jones,12/10/1971,,fatima.jones830@example.co.uk,07299807817,222 Davies Street,Manchester,M1 1AE,,Y,2013-05-22
P0002897,PERSON,Lars,Patel,09/05/1999,CX375559B,LARS.PATEL221@EXAMPLE.CO.UK,07302338290,89 Wright Street,Norwich,NR1 3QQ,,N,2017-10-23
P0002898,ORG,Aoife,Williams,22/02/1977,HA566861B,AOIFE.WILLIAMS128@EXAMPLE.CO.UK,07678400761,124 Davies Street,Manchester,M1 1AE,,N,2014-12-31
P0002899,PERSON,Sophie,Patel,12/01/1969,JC783574A,sophie.patel955@example.co.uk,07649600944,137 OBrien Street,Glasgow,G1 1XQ,,Y,2017-01-26
P0002900,PERSON,Wei,Davies,21/06/1982,XJ147550A,WEI.DAVIES653@EXAMPLE.CO.UK,07817147607,94 Wright Street,London,N/A,,Y,2010-05-02
P0002901,PERSON,Wei,Murphy,24/11/1978,LC632944A,wei.murphy11@example.co.uk,07820473719,34 Khan Street,York,YO1 6GA,152,Y,2017-01-07
P0002902,PERSON,Emily,Green,08/04/1987,PB950946D,EMILY.GREEN801@EXAMPLE.CO.UK,07967969402,112 Johnson Street,Birmingham,B1 1AA,,Y,2020-08-25
P0002903,PERSON,George,Taylor,26/04/1986,JX880587A,george.taylor88@example.co.uk,07107253373,167 Davies Street,Leeds,LS1 4AP,188,Y,2022-05-27
P0002904,PERSON,Sean,Davies,12/11/1964,LZ293904D,SEAN.DAVIES582@EXAMPLE.CO.UK,07841351594,250 Walker Street,Manchester,M1 1AE,,Y,2010-02-23
P0002905,PERSON,George,Davies,14/08/1982,XE685384A,george.davies665@example.co.uk,07322847361,169 Baker Street,Birmingham,B1 1AA,,Y,2023-06-10
P0002906,PERSON,Sean,Green,06/05/1962,,SEAN.GREEN35@EXAMPLE.CO.UK,07356110896,63 Hughes Street,Birmingham,B1 1AA,84,Y,2024-04-13
P0002907,PERSON,Ingrid,Hughes,28/10/1980,AW267629D,ingrid.hughes414@example.co.uk,07836274901,65 Hughes Street,London,EC1A 1BB,,Y,2008-02-01
P0002908,PERSON,Mohammed,Smith,07/04/1962,WK565808B,mohammed.smith602@example.co.uk,07679870832,85 Baker Street,Manchester,M1 1AE,183,Y,2024-12-21
P0002909,PERSON,Oliver,Green,05/12/1953,LS699966C,OLIVER.GREEN989@EXAMPLE.CO.UK,07440055920,63 Walker Street,Birmingham,B1 1AA,,Y,2024-05-08
P0002910,PERSON,Harry,Davies,22/08/1955,EC457208D,harry.davies44@example.co.uk,07821584999,213 Wilson Street,Norwich,NR1 3QQ,,Y,2009-03-01
P0002911,PERSON,Wei,Wright,27/07/1989,CL837939A,wei.wright31@example.co.uk,07702755421,228 Smith Street,Manchester,M1 1AE,,Y,2017-10-24
P0002912,PERSON,Sophie,Wilson,02/05/1943,MX445743D,SOPHIE.WILSON576@EXAMPLE.CO.UK,07976472450,115 Green Street,Leeds,LS1 4AP,,Y,2020-06-22
P0002913,PERSON,Fatima,Taylor,12/01/1983,RA837670D,fatima.taylor949@example.co.uk,07302115903,157 OBrien Street,Leeds,LS1 4AP,,Y,2023-10-31
P0002914,PERSON,Isla,Walker,31/12/1989,RZ675437C,isla.walker583@example.co.uk,07545826722,104 Davies Street,Reading,,,Y,2018-09-01
P0002915,PERSON,Priya,Walker,06/09/1947,TW650062C,priya.walker928@example.co.uk,07838726141,157 Patel Street,York,YO1 6GA,230,N,2019-04-30
P0002916,PERSON,Isla,Walker,12/08/1946,XZ274269B,isla.walker549@example.co.uk,07505154731,10 Khan Street,York,YO1 6GA,129,Y,2013-12-27
P0002917,PERSON,Mohammed,Smith,13/05/1956,TX281464C,mohammed.smith360@example.co.uk,07731053440,143 Green Street,Cardiff,CF10 1EP,,N,2016-12-04
P0002918,PERSON,Sophie,Smith,02/01/1961,KX959243A,sophie.smith449@example.co.uk,07627042684,66 Taylor Street,Cardiff,CF10 1EP,,Y,2017-10-20
P0002919,PERSON,Chloe,Green,10/11/1940,,chloe.green525@example.co.uk,07209170862,158 Baker Street,Cardiff,CF10 1EP,364,Y,2008-01-26
P0002920,PERSON,Ingrid,Hughes,27/07/1958,BH809096D,ingrid.hughes640@example.co.uk,07731416976,75 Wilson Street,Leeds,LS1 4AP,5,Y,2008-12-16
P0002921,PERSON,Amelia,Clarke,04/07/1973,JG682215A,amelia.clarke460@example.co.uk,07836034998,233 Wright Street,Glasgow,G1 1XQ,51,Y,2024-12-02
P0002922,PERSON,James,OBrien,17/05/1975,ME153260D,JAMES.OBRIEN61@EXAMPLE.CO.UK,07130796804,192 Walker Street,Glasgow,G1 1XQ,,N,2010-08-11
P0002923,PERSON,Fatima,Taylor,18/03/1999,HM406049C,fatima.taylor352@example.co.uk,07597166718,180 Baker Street,Leeds,LS1 4AP,,Y,2009-11-24
P0002924,ORG,Grace,Johnson,24/08/1960,NP375625D,grace.johnson778@example.co.uk,07512859663,143 Johnson Street,Cardiff,CF10 1EP,32,Y,2012-01-19
P0002925,PERSON,Fatima,Smith,09/06/1973,MZ556376D,fatima.smith200@example.co.uk,07153879296,140 Brown Street,Leeds,LS1 4AP,,Y,2015-03-08
P0002926,PERSON,Sean,Green,01/04/1943,KM652015D,SEAN.GREEN296@EXAMPLE.CO.UK,07213062937,36 Clarke Street,Manchester,M1 1AE,212,Y,2020-08-23
P0002927,PERSON,Isla,Robinson,12/12/1994,AM408602B,isla.robinson58@example.co.uk,07175328662,176 Wilson Street,Birmingham,B1 1AA,,Y,2012-06-04
P0002928,PERSON,Thomas,OBrien,21/08/1969,TH459282D,thomas.obrien852@example.co.uk,07911514586,143 Wright Street,Norwich,NR1 3QQ,,Y,2013-08-06
P0002929,PERSON,Oliver,Clarke,22/06/1997,SC778796C,OLIVER.CLARKE215@EXAMPLE.CO.UK,07945573123,14 Khan Street,Cardiff,CF10 1EP,,Y,2016-12-12
P0002930,PERSON,Ingrid,Robinson,10/05/1983,JG854464B,INGRID.ROBINSON978@EXAMPLE.CO.UK,07745831123,99 Wright Street,Cardiff,CF10 1EP,,Y,2009-10-13
P0002931,PERSON,Daniel,Walker,25/04/1982,GA978167C,daniel.walker322@example.co.uk,07819424186,7 Wilson Street,Glasgow,G1 1XQ,34,Y,2022-01-03
P0002932,PERSON,Thomas,Khan,31/03/1958,YL226963B,thomas.khan574@example.co.uk,07515411243,125 Patel Street,York,YO1 6GA,,N,2019-09-07
P0002933,PERSON,Fatima,Hughes,20/03/1994,WS343212A,fatima.hughes598@example.co.uk,07418920692,32 Green Street,Cardiff,CF10 1EP,423,Y,2015-04-04
P0002934,PERSON,Daniel,Jones,29/11/1995,LH580291A,daniel.jones293@example.co.uk,07489017894,77 Patel Street,Reading,,97,Y,2011-05-18
P0002935,PERSON,Ingrid,Green,16/12/1976,HY598339C,ingrid.green66@example.co.uk,07590027750,82 Taylor Street,London,EC1A 1BB,,N,2013-07-05
P0002936,PERSON,Chloe,Brown,28/08/1962,AK429406D,chloe.brown391@example.co.uk,07742452008,156 Brown Street,London,EC1A 1BB,,Y,2008-06-01
P0002937,PERSON,Aoife,Murphy,28/12/1987,AE300686B,aoife.murphy507@example.co.uk,07744921930,161 Wilson Street,Norwich,NR1 3QQ,,N,2016-10-30
P0002938,PERSON,Lars,Hall,23/11/1982,CW915484D,LARS.HALL709@EXAMPLE.CO.UK,07532992011,47 Walker Street,Bristol,BS1 4ST,31,Y,2017-11-10
P0002939,PERSON,Sean,Walker,12/04/1946,XE353535A,sean.walker414@example.co.uk,07252915407,191 Walker Street,Leeds,LS1 4AP,,Y,2023-05-12
P0002940,PERSON,Chloe,Hughes,20/10/1977,LZ610143D,CHLOE.HUGHES311@EXAMPLE.CO.UK,07435868458,58 Clarke Street,London,EC1A 1BB,125,Y,2013-07-28
P0002941,PERSON,Thomas,Baker,19/04/1998,HB667148A,thomas.baker345@example.co.uk,07852296799,46 Hughes Street,Bristol,BS1 4ST,361,Y,2013-09-17
P0002942,PERSON,Sean,Wilson,14/10/1987,OK504038C,SEAN.WILSON10@EXAMPLE.CO.UK,07779661983,91 Clarke Street,London,EC1A 1BB,214,Y,2021-11-18
P0002943,PERSON,Fatima,Hall,16/07/1943,NG945306C,FATIMA.HALL40@EXAMPLE.CO.UK,07392469946,229 Brown Street,Manchester,M1 1AE,244,N,2022-04-17
P0002944,PERSON,Lars,OBrien,11/02/1986,RC783308B,lars.obrien707@example.co.uk,07974211019,235 Baker Street,Bristol,BS1 4ST,,N,2012-06-04
P0002945,PERSON,Isla,Davies,11/06/1961,GA198229C,ISLA.DAVIES849@EXAMPLE.CO.UK,07444115309,115 Clarke Street,Glasgow,G1 1XQ,272,N,2009-11-18
P0002946,PERSON,Fatima,Wilson,11/08/1991,,FATIMA.WILSON862@EXAMPLE.CO.UK,07429553326,17 Wright Street,Glasgow,M1  1AE,181,N,2022-12-28
P0002947,PERSON,Emily,Walker,25/01/1973,OM550351A,EMILY.WALKER847@EXAMPLE.CO.UK,07807692515,205 Jones Street,Birmingham,B1 1AA,,Y,2020-02-24
P0002948,PERSON,Thomas,Walker,25/10/1980,,thomas.walker692@example.co.uk,07982720184,193 Hughes Street,Birmingham,B1 1AA,269,Y,2023-10-27
P0002949,PERSON,Sean,Hall,10/04/1950,NL965653B,sean.hall915@example.co.uk,07867813373,247 Walker Street,Bristol,BS1 4ST,23,Y,2019-12-14
P0002950,PERSON,Fatima,Smith,17/07/1984,WM846172D,fatima.smith711@example.co.uk,07178365911,63 Patel Street,York,YO1 6GA,42,N,2018-05-22
P0002951,PERSON,Thomas,Hall,30/11/1947,LB895043C,thomas.hall516@example.co.uk,07438516393,197 Patel Street,Glasgow,N/A,224,Y,2015-11-18
P0002952,PERSON,Amelia,Williams,02/05/1945,OZ576402B,amelia.williams412@example.co.uk,07267003805,85 Davies Street,Reading,M1  1AE,226,N,2013-03-15
P0002953,ORG,Sophie,OBrien,04/01/1988,LL974434B,sophie.obrien280@example.co.uk,07838686473,83 Patel Street,Cardiff,CF10 1EP,,Y,2009-05-16
P0002954,ORG,Daniel,Wilson,26/11/1958,XW354737A,daniel.wilson111@example.co.uk,07467509483,176 Johnson Street,Reading,RG1 1LX,348,Y,2008-11-06
P0002955,PERSON,Isla,Patel,17/11/1996,PG126327C,isla.patel749@example.co.uk,07925677851,182 Murphy Street,Leeds,LS1 4AP,240,N,2024-04-03
P0002956,PERSON,Wei,Williams,21/04/1985,SY825030B,wei.williams309@example.co.uk,07970015374,59 Hall Street,Reading,RG1 1LX,274,Y,2021-01-07
P0002957,PERSON,Grace,Johnson,05/06/1946,WP898867D,grace.johnson31@example.co.uk,07669893639,236 Wilson Street,Reading,RG1 1LX,7,N,2019-11-15
P0002958,PERSON,James,Baker,06/07/1970,SX308222A,james.baker494@example.co.uk,07176435126,144 Hall Street,Birmingham,B1 1AA,,Y,2016-02-08
P0002959,PERSON,Daniel,Hughes,26/03/1966,RH801826C,daniel.hughes414@example.co.uk,07505003577,164 Robinson Street,London,EC1A 1BB,319,Y,2012-09-09
P0002960,PERSON,Emily,Robinson,01/12/1948,SN156051A,emily.robinson962@example.co.uk,07137104573,125 OBrien Street,York,YO1 6GA,,N,2022-11-14
P0002961,PERSON,Harry,Jones,13/08/1962,JZ121883D,harry.jones410@example.co.uk,07672268920,65 Wright Street,Reading,RG1 1LX,,N,2012-04-06
P0002962,PERSON,Chloe,Wilson,19/09/1943,LA815199D,CHLOE.WILSON153@EXAMPLE.CO.UK,07208707490,147 Wright Street,Bristol,BS1 4ST,,Y,2020-02-22
P0002963,PERSON,Chloe,Smith,02/11/1950,HC870676D,chloe.smith70@example.co.uk,07776670268,65 Williams Street,Birmingham,ZZ99 9ZZ,,N,2009-11-07
P0002964,ORG,Wei,Walker,01/06/1999,YK463402B,wei.walker431@example.co.uk,07551293718,94 Williams Street,Bristol,BS1 4ST,80,N,2023-11-11
P0002965,PERSON,James,Green,31/03/1962,WK287143A,james.green109@example.co.uk,07710680231,240 Jones Street,Leeds,EC1A1BB,,Y,2019-01-15
P0002966,PERSON,Grace,Taylor,18/05/1974,XR125376C,GRACE.TAYLOR898@EXAMPLE.CO.UK,07812365471,61 Brown Street,Cardiff,CF10 1EP,323,Y,2011-02-23
P0002967,PERSON,George,Williams,23/12/1966,,GEORGE.WILLIAMS392@EXAMPLE.CO.UK,07522469349,16 Walker Street,Bristol,BS1 4ST,,Y,2022-06-10
P0002968,PERSON,Isla,Wright,26/08/1980,XE141266A,isla.wright542@example.co.uk,07965778485,156 Smith Street,York,YO1 6GA,418,Y,2013-10-08
P0002969,PERSON,Ingrid,Hall,28/10/1987,OR384608D,ingrid.hall738@example.co.uk,07828004237,110 OBrien Street,London,EC1A 1BB,,Y,2016-04-22
P0002970,PERSON,Lars,Murphy,11/05/1980,SN763990C,lars.murphy607@example.co.uk,07747684891,22 Smith Street,London,EC1A 1BB,487,N,2021-11-10
P0002971,PERSON,Chloe,Baker,22/02/1996,NH327763A,chloe.baker223@example.co.uk,07410324741,81 Johnson Street,Norwich,NR1 3QQ,1,Y,2012-10-02
P0002972,PERSON,James,Patel,22/11/1994,AA261391D,james.patel838@example.co.uk,07603167998,90 OBrien Street,York,YO1 6GA,,Y,2015-10-15
P0002973,PERSON,George,Hall,13/12/1978,WG458087A,GEORGE.HALL825@EXAMPLE.CO.UK,07978962380,37 Johnson Street,Bristol,BS1 4ST,,Y,2015-10-29
P0002974,ORG,Sean,Wilson,19/01/1948,AY903913A,sean.wilson487@example.co.uk,07903891062,236 Patel Street,Birmingham,B1 1AA,,Y,2022-04-17
P0002975,PERSON,James,Green,09/01/2002,OX121703C,james.green528@example.co.uk,07348748878,16 Clarke Street,Cardiff,CF10 1EP,,N,2023-04-14
P0002976,PERSON,Lars,Wright,20/05/1951,EA692096A,lars.wright95@example.co.uk,07808140795,224 Robinson Street,Manchester,M1 1AE,69,N,2017-08-14
P0002977,PERSON,Isla,Murphy,19/07/1951,SE176222A,isla.murphy88@example.co.uk,07107054682,240 Clarke Street,Glasgow,G1 1XQ,350,Y,2019-10-18
P0002978,PERSON,Fatima,Patel,09/08/1977,ZM548508C,FATIMA.PATEL756@EXAMPLE.CO.UK,07601022486,75 Wilson Street,Bristol,BS1 4ST,,Y,2015-02-14
P0002979,PERSON,Lars,Robinson,28/01/1974,TK813571C,LARS.ROBINSON552@EXAMPLE.CO.UK,07772686821,231 Clarke Street,Reading,RG1 1LX,380,Y,2024-04-06
P0002980,PERSON,Emily,Davies,27/11/1998,,emily.davies492@example.co.uk,07865022816,166 Jones Street,London,EC1A 1BB,21,Y,2022-06-28
P0002981,ORG,Amelia,Murphy,14/10/1997,KG334458A,amelia.murphy787@example.co.uk,07623625328,234 Wright Street,Manchester,M1 1AE,,Y,2024-02-05
P0002982,ORG,Daniel,Walker,03/10/1946,OK341281C,DANIEL.WALKER719@EXAMPLE.CO.UK,07234974559,237 Baker Street,Manchester,M1 1AE,,Y,2008-05-21
P0002983,PERSON,Fatima,Wilson,13/02/1989,PB793779B,FATIMA.WILSON753@EXAMPLE.CO.UK,07718140148,137 Jones Street,York,YO1 6GA,367,Y,2009-11-17
P0002984,PERSON,Sean,Johnson,07/08/1963,NS653070A,sean.johnson954@example.co.uk,07660816886,128 Robinson Street,Leeds,LS1 4AP,280,Y,2024-12-25
P0002985,PERSON,Isla,Khan,17/09/1983,SR251252A,isla.khan149@example.co.uk,07626963366,191 Khan Street,Bristol,BS1 4ST,,Y,2021-11-04
P0002986,PERSON,Fatima,Khan,01/11/1984,KM647872D,FATIMA.KHAN309@EXAMPLE.CO.UK,07872270615,244 Wilson Street,Birmingham,B1 1AA,,Y,2015-07-12
P0002987,PERSON,Sophie,Walker,15/04/2000,LX927978B,sophie.walker173@example.co.uk,07570382766,123 Johnson Street,York,YO1 6GA,487,Y,2012-03-13
P0002988,PERSON,Mohammed,Hughes,17/08/1948,LA368545A,mohammed.hughes134@example.co.uk,07897022836,65 Patel Street,York,YO1 6GA,,N,2018-06-27
P0002989,PERSON,Fatima,OBrien,23/02/2004,NE532247B,FATIMA.OBRIEN187@EXAMPLE.CO.UK,07498043252,19 Robinson Street,Birmingham,B1 1AA,,Y,2016-05-01
P0002990,PERSON,Harry,Green,26/08/1966,NA756006A,harry.green336@example.co.uk,07572039520,67 OBrien Street,Bristol,BS1 4ST,87,N,2008-12-22
P0002991,PERSON,Ingrid,Walker,20/08/1977,KE287485D,ingrid.walker320@example.co.uk,07631933606,138 Davies Street,York,YO1 6GA,,Y,2021-08-09
P0002992,PERSON,Grace,Green,31/10/1955,XY224462D,grace.green653@example.co.uk,07812276826,49 Murphy Street,Birmingham,B1 1AA,,N,2014-12-08
P0002993,PERSON,Sophie,Wright,11/01/1978,EZ787641A,SOPHIE.WRIGHT717@EXAMPLE.CO.UK,07207177694,75 Robinson Street,Glasgow,G1 1XQ,,N,2020-09-28
P0002994,PERSON,Amelia,Wilson,06/10/1991,XA806950A,AMELIA.WILSON519@EXAMPLE.CO.UK,07609840402,19 Williams Street,Leeds,LS1 4AP,178,N,2018-12-26
P0002995,PERSON,Sophie,OBrien,22/07/1974,AZ200780D,SOPHIE.OBRIEN663@EXAMPLE.CO.UK,07623399087,146 Patel Street,York,YO1 6GA,,Y,2019-10-20
P0002996,PERSON,James,Johnson,01/08/1942,BR374123A,james.johnson813@example.co.uk,07920171581,100 OBrien Street,York,YO1 6GA,325,Y,2014-08-17
P0002997,PERSON,Oliver,Williams,23/04/2002,RN682061D,oliver.williams579@example.co.uk,07663369897,4 Wilson Street,Leeds,LS1 4AP,,Y,2016-08-18
P0002998,PERSON,Mohammed,Walker,03/01/1956,XA801630A,mohammed.walker424@example.co.uk,07925068813,142 Hughes Street,London,EC1A 1BB,,Y,2023-09-05
P0002999,PERSON,Isla,Smith,16/01/1940,WW760213B,isla.smith341@example.co.uk,07803995554,217 Williams Street,Leeds,LS1 4AP,,Y,2024-12-13
P0003000,PERSON,George,Smith,03/10/1980,RZ873786B,george.smith73@example.co.uk,07320190621,224 Baker Street,London,EC1A 1BB,,Y,2022-07-10
P0003001,PERSON,Wei,Wilson,14/02/1950,YY162399D,WEI.WILSON376@EXAMPLE.CO.UK,07936013448,174 Williams Street,Bristol,BS1 4ST,123,Y,2011-01-03
P0003002,ORG,Chloe,Wilson,23/04/2002,RJ448266B,chloe.wilson609@example.co.uk,07279845195,181 Clarke Street,Bristol,BS1 4ST,27,Y,2021-01-24
P0003003,PERSON,Aoife,Wright,07/11/1997,ZG908712B,aoife.wright671@example.co.uk,07485963544,93 Hughes Street,Bristol,BS1 4ST,,Y,2018-03-20
P0003004,PERSON,Harry,Hughes,07/04/1998,ZE555790A,harry.hughes227@example.co.uk,07128716609,90 OBrien Street,Bristol,BS1 4ST,167,N,2020-06-13
P0003005,PERSON,Ingrid,Murphy,28/08/1958,ZB927843C,INGRID.MURPHY19@EXAMPLE.CO.UK,07602528569,145 OBrien Street,Birmingham,B1 1AA,,Y,2011-07-08
P0003006,PERSON,Oliver,Wilson,23/08/1981,NL667709A,oliver.wilson611@example.co.uk,07703898550,244 Hall Street,York,YO1 6GA,145,N,2018-08-12
P0003007,PERSON,Emily,Hughes,29/01/1965,LB982552A,emily.hughes346@example.co.uk,07287164237,108 Wilson Street,York,YO1 6GA,,Y,2019-08-04
P0003008,PERSON,Wei,Murphy,13/06/1988,AB684526A,wei.murphy861@example.co.uk,07961319091,6 Taylor Street,London,EC1A 1BB,362,Y,2019-03-01
P0003009,PERSON,Grace,Johnson,30/12/1998,ZG446214C,grace.johnson681@example.co.uk,07848934428,195 Murphy Street,Glasgow,G1 1XQ,,N,2017-06-16
P0003010,PERSON,Sean,Smith,30/12/2002,AE455950A,SEAN.SMITH705@EXAMPLE.CO.UK,07326628143,98 Williams Street,York,YO1 6GA,174,Y,2012-03-13
P0003011,PERSON,Grace,Hall,29/11/1997,,grace.hall700@example.co.uk,07470391258,30 Baker Street,Bristol,BS1 4ST,,Y,2016-10-25
P0003012,PERSON,Lars,Williams,28/08/1967,TW267075C,lars.williams712@example.co.uk,07620118093,74 Robinson Street,Bristol,BS1 4ST,,Y,2009-03-21
P0003013,PERSON,Aoife,Johnson,25/11/1969,EB138748D,AOIFE.JOHNSON451@EXAMPLE.CO.UK,07788208510,118 Khan Street,Birmingham,B1 1AA,,Y,2023-02-19
P0003014,PERSON,Amelia,Hughes,15/04/1941,HJ116158C,amelia.hughes840@example.co.uk,07705237435,123 Murphy Street,Bristol,BS1 4ST,,Y,2012-10-25
P0003015,PERSON,Fatima,Green,15/07/1998,SP863015C,fatima.green769@example.co.uk,07456335281,131 Walker Street,Birmingham,B1 1AA,472,Y,2016-08-13
P0003016,PERSON,Aoife,Murphy,12/03/1942,TX275955D,aoife.murphy743@example.co.uk,07647769638,122 Brown Street,Cardiff,CF10 1EP,,Y,2009-02-24
P0003017,PERSON,Oliver,Wilson,22/10/1970,KM566326C,OLIVER.WILSON361@EXAMPLE.CO.UK,07385084132,163 Hughes Street,Bristol,BS1 4ST,200,Y,2018-03-17
P0003018,PERSON,James,Khan,11/08/1950,JJ605814A,james.khan706@example.co.uk,07459556707,167 Brown Street,Bristol,BS1 4ST,187,N,2019-09-20
P0003019,PERSON,Sophie,Baker,04/05/1975,OP441513C,SOPHIE.BAKER664@EXAMPLE.CO.UK,07717258154,135 Brown Street,Manchester,M1 1AE,,Y,2013-07-09
P0003020,ORG,Harry,Khan,13/11/1946,CC645052A,harry.khan631@example.co.uk,07866467334,178 Clarke Street,Reading,RG1 1LX,,Y,2018-05-02
P0003021,ORG,Grace,Johnson,01/01/1974,WN732935B,grace.johnson53@example.co.uk,07377340792,58 Walker Street,Bristol,BS1 4ST,,Y,2014-01-31
P0003022,PERSON,Ingrid,Patel,24/03/1994,XZ322544D,INGRID.PATEL211@EXAMPLE.CO.UK,07778447354,189 Taylor Street,Bristol,BS1 4ST,,N,2019-10-22
P0003023,PERSON,Ingrid,Robinson,15/05/1974,CS765299C,INGRID.ROBINSON315@EXAMPLE.CO.UK,07172310077,232 Robinson Street,Glasgow,G1 1XQ,191,N,2024-07-04
P0003024,PERSON,Oliver,Smith,27/10/1968,TM165134B,oliver.smith199@example.co.uk,07958777483,137 Khan Street,Manchester,M1 1AE,497,N,2021-12-06
P0003025,PERSON,Priya,Green,21/08/1979,HS640908A,PRIYA.GREEN434@EXAMPLE.CO.UK,07632573506,133 Davies Street,Reading,RG1 1LX,333,Y,2012-09-13
P0003026,ORG,Sophie,Hughes,06/05/2002,KL443704B,SOPHIE.HUGHES707@EXAMPLE.CO.UK,07970704376,95 Hughes Street,Leeds,LS1 4AP,38,Y,2024-10-19
P0003027,PERSON,Emily,Khan,06/03/1971,HT383106B,emily.khan327@example.co.uk,07941067633,73 Hall Street,Norwich,NR1 3QQ,19,Y,2017-03-26
P0003028,PERSON,George,Williams,24/06/1984,BG650149A,GEORGE.WILLIAMS718@EXAMPLE.CO.UK,07508386051,1 Wright Street,London,EC1A 1BB,,Y,2014-08-27
P0003029,ORG,Thomas,Johnson,17/08/1958,OR391223A,thomas.johnson287@example.co.uk,07785388322,46 Baker Street,Cardiff,M1  1AE,,N,2022-11-22
P0003030,PERSON,Ingrid,Jones,07/05/1955,LK468054A,ingrid.jones339@example.co.uk,07797525011,51 Clarke Street,Birmingham,B1 1AA,,N,2016-03-16
P0003031,PERSON,Oliver,Patel,17/02/1999,GK450016C,oliver.patel320@example.co.uk,07265104059,225 Wilson Street,York,YO1 6GA,455,Y,2015-03-02
P0003032,ORG,Priya,Davies,29/01/1944,ZA104475C,priya.davies783@example.co.uk,07669970965,234 Hall Street,Cardiff,CF10 1EP,,Y,2016-02-28
P0003033,PERSON,Emily,Johnson,15/01/1964,KK450715C,emily.johnson53@example.co.uk,07531477903,62 Hughes Street,York,YO1 6GA,114,Y,2020-06-11
P0003034,PERSON,Amelia,Hughes,20/10/1953,MX928592D,amelia.hughes570@example.co.uk,07145465557,12 Murphy Street,Bristol,BS1 4ST,,N,2018-12-14
P0003035,PERSON,George,Johnson,24/01/1987,PA706082C,GEORGE.JOHNSON4@EXAMPLE.CO.UK,07370441839,117 Murphy Street,Norwich,NR1 3QQ,482,Y,2018-03-16
P0003036,PERSON,Mohammed,Smith,20/11/1969,ZB776882D,mohammed.smith423@example.co.uk,07526173180,223 Baker Street,Cardiff,CF10 1EP,,Y,2024-10-16
P0003037,PERSON,Harry,Wilson,12/02/1958,,harry.wilson174@example.co.uk,07841097160,17 Baker Street,Bristol,BS1 4ST,,Y,2008-10-31
P0003038,PERSON,Fatima,Baker,08/02/1982,NZ182348A,fatima.baker859@example.co.uk,07871741746,38 Jones Street,Manchester,M1 1AE,,N,2011-06-15
P0003039,PERSON,Aoife,Clarke,05/10/1949,EL102074B,aoife.clarke137@example.co.uk,07454211595,77 Williams Street,Birmingham,B1 1AA,,Y,2024-07-22
P0003040,PERSON,Chloe,Williams,29/04/1955,BA128552A,CHLOE.WILLIAMS295@EXAMPLE.CO.UK,07580596348,135 Hall Street,Leeds,ZZ99 9ZZ,,Y,2022-10-14
P0003041,PERSON,Emily,Patel,02/06/1999,EK451955B,emily.patel242@example.co.uk,07748718399,83 Clarke Street,Glasgow,G1 1XQ,,Y,2018-11-14
P0003042,PERSON,Fatima,Wilson,14/10/1992,MB904911D,fatima.wilson288@example.co.uk,07489662082,56 Clarke Street,York,YO1 6GA,,Y,2014-03-03
P0003043,PERSON,James,Green,22/12/1956,KR157409B,james.green1@example.co.uk,07301528943,233 Brown Street,Norwich,EC1A1BB,,N,2015-07-02
P0003044,PERSON,Fatima,Wright,15/12/2004,JS296103B,FATIMA.WRIGHT168@EXAMPLE.CO.UK,07971504801,154 Green Street,Cardiff,CF10 1EP,,Y,2023-11-15
P0003045,PERSON,Lars,Robinson,15/07/1957,CL553170B,lars.robinson557@example.co.uk,07277976841,48 Wilson Street,Birmingham,B1 1AA,356,N,2013-01-01
P0003046,ORG,George,Hughes,28/08/2004,HJ454262A,george.hughes806@example.co.uk,07621135641,175 Smith Street,Manchester,M1 1AE,,N,2023-10-27
P0003047,PERSON,Grace,Jones,06/07/2004,NH294536B,GRACE.JONES704@EXAMPLE.CO.UK,07496941956,100 Robinson Street,Manchester,M1 1AE,,Y,2019-09-19
P0003048,PERSON,Daniel,Davies,11/08/1991,LS263859B,DANIEL.DAVIES724@EXAMPLE.CO.UK,07592934108,72 Brown Street,Leeds,LS1 4AP,440,Y,2012-05-30
P0003049,PERSON,Mohammed,Green,07/01/1961,ZC866891A,mohammed.green213@example.co.uk,07918668577,9 Baker Street,York,YO1 6GA,,Y,2014-01-04
P0003050,PERSON,Mohammed,Green,06/04/1983,OW235382B,MOHAMMED.GREEN371@EXAMPLE.CO.UK,07849625054,175 Johnson Street,Reading,RG1 1LX,,Y,2018-10-23
P0003051,PERSON,James,Green,20/10/1977,MR814364D,JAMES.GREEN895@EXAMPLE.CO.UK,07872122938,162 Murphy Street,Manchester,M1 1AE,259,Y,2021-11-25
P0003052,PERSON,Sophie,Patel,19/02/1989,XR699131B,sophie.patel256@example.co.uk,07249678866,118 Smith Street,Glasgow,G1 1XQ,,N,2015-06-20
P0003053,PERSON,Harry,Murphy,24/12/1996,BP472335D,HARRY.MURPHY685@EXAMPLE.CO.UK,07425646003,19 Williams Street,Bristol,BS1 4ST,289,Y,2017-02-25
P0003054,ORG,Lars,Walker,07/11/1997,BN696035D,lars.walker520@example.co.uk,07138013241,64 Johnson Street,London,EC1A 1BB,,Y,2013-12-24
P0003055,PERSON,Emily,Khan,23/02/1969,LK247044D,emily.khan778@example.co.uk,07416680621,57 Khan Street,Leeds,LS1 4AP,,N,2023-08-07
P0003056,PERSON,George,Wright,21/05/1946,EB738264A,george.wright354@example.co.uk,07541589104,137 Davies Street,Birmingham,B1 1AA,238,Y,2008-09-04
P0003057,PERSON,Chloe,Murphy,07/08/1961,HR389024D,CHLOE.MURPHY745@EXAMPLE.CO.UK,07689509602,119 Jones Street,Manchester,M1 1AE,,Y,2022-08-04
P0003058,ORG,Wei,Khan,13/04/1965,SA582557A,wei.khan168@example.co.uk,07885696443,18 Jones Street,York,YO1 6GA,,Y,2014-08-08
P0003059,PERSON,Grace,Hughes,30/10/1940,EX605797C,grace.hughes381@example.co.uk,07801058571,6 Smith Street,Cardiff,CF10 1EP,,Y,2021-02-06
P0003060,PERSON,Amelia,Jones,08/01/1999,MZ281391A,AMELIA.JONES993@EXAMPLE.CO.UK,07745264550,54 Smith Street,London,EC1A 1BB,,N,2017-04-16
P0003061,PERSON,Grace,Jones,07/10/1963,LJ178685A,grace.jones88@example.co.uk,07497787418,202 Smith Street,Birmingham,B1 1AA,349,Y,2016-03-04
P0003062,PERSON,Sean,Hughes,18/11/1980,OE380256A,SEAN.HUGHES563@EXAMPLE.CO.UK,07344753208,89 Taylor Street,Glasgow,M1  1AE,379,Y,2008-06-21
P0003063,PERSON,Daniel,Murphy,21/10/1950,CN916250B,daniel.murphy273@example.co.uk,07223328139,27 OBrien Street,Birmingham,B1 1AA,165,Y,2009-10-11
P0003064,PERSON,Fatima,Wilson,30/03/1982,LE137498D,FATIMA.WILSON867@EXAMPLE.CO.UK,07552970400,247 OBrien Street,Manchester,M1 1AE,,Y,2013-09-17
P0003065,PERSON,Ingrid,Wilson,29/06/1968,TC295971B,INGRID.WILSON357@EXAMPLE.CO.UK,07255726441,83 Jones Street,Leeds,LS1 4AP,,Y,2014-11-13
P0003066,PERSON,Mohammed,Wilson,21/12/1966,ZS807005B,mohammed.wilson949@example.co.uk,07347213984,209 Davies Street,London,EC1A 1BB,113,Y,2010-03-23
P0003067,PERSON,James,Baker,02/10/1998,EL910122A,JAMES.BAKER628@EXAMPLE.CO.UK,07738964003,157 Hughes Street,Reading,RG1 1LX,,Y,2024-02-14
P0003068,PERSON,Chloe,Robinson,15/06/2003,HX646084D,chloe.robinson114@example.co.uk,07428461721,188 Taylor Street,Reading,RG1 1LX,,Y,2021-04-04
P0003069,PERSON,Thomas,Hall,16/06/1953,BG524856D,THOMAS.HALL820@EXAMPLE.CO.UK,07286521303,123 Davies Street,Glasgow,G1 1XQ,281,Y,2023-12-02
P0003070,PERSON,Fatima,Hall,28/04/1975,BN173473B,fatima.hall861@example.co.uk,07883391408,35 Robinson Street,Cardiff,CF10 1EP,,Y,2014-01-29
P0003071,PERSON,George,Smith,23/03/1978,ST632255A,GEORGE.SMITH505@EXAMPLE.CO.UK,07103269187,131 Williams Street,Norwich,NR1 3QQ,,Y,2009-03-16
P0003072,PERSON,Sean,Hall,06/01/1960,JE472732D,sean.hall649@example.co.uk,07158800680,144 Wilson Street,Glasgow,G1 1XQ,,Y,2017-09-11
P0003073,PERSON,Wei,Taylor,27/09/2003,YN869128A,wei.taylor397@example.co.uk,07509477931,165 Clarke Street,Birmingham,M1  1AE,117,Y,2023-04-18
P0003074,PERSON,Aoife,Walker,11/08/1992,,AOIFE.WALKER434@EXAMPLE.CO.UK,07823066479,62 Hall Street,Manchester,M1 1AE,480,Y,2020-09-26
P0003075,PERSON,Emily,Wright,31/01/1975,RK943368B,EMILY.WRIGHT920@EXAMPLE.CO.UK,07726222285,153 Murphy Street,Norwich,NR1 3QQ,292,Y,2016-10-08
P0003076,PERSON,Wei,Wright,01/06/1978,,WEI.WRIGHT9@EXAMPLE.CO.UK,07992793033,236 Jones Street,Glasgow,G1 1XQ,,Y,2009-03-12
P0003077,PERSON,Aoife,Johnson,11/11/1943,WB468558C,aoife.johnson427@example.co.uk,07416747754,80 Taylor Street,Reading,RG1 1LX,,Y,2024-10-17
P0003078,PERSON,Grace,Taylor,18/05/1951,HZ739652A,grace.taylor268@example.co.uk,07199012129,149 Brown Street,Leeds,LS1 4AP,262,N,2019-04-27
P0003079,PERSON,Sophie,Khan,04/11/1994,AK240438A,sophie.khan899@example.co.uk,07399663341,145 Taylor Street,York,YO1 6GA,,N,2018-09-22
P0003080,ORG,Fatima,Robinson,10/11/1969,LJ965838D,fatima.robinson381@example.co.uk,07313756178,189 Brown Street,London,EC1A 1BB,,Y,2017-12-30
P0003081,PERSON,Priya,Williams,29/11/1955,BJ711568A,PRIYA.WILLIAMS636@EXAMPLE.CO.UK,07632256143,75 Green Street,Glasgow,N/A,393,Y,2016-01-28
P0003082,PERSON,Wei,Wright,11/12/1972,,wei.wright874@example.co.uk,07377789002,170 Wright Street,Leeds,LS1 4AP,,Y,2021-06-03
P0003083,PERSON,Harry,Wright,04/02/1940,,harry.wright531@example.co.uk,07127670363,54 Wright Street,Manchester,M1 1AE,,Y,2008-01-18
P0003084,PERSON,Sophie,Smith,06/05/1962,KL201540D,SOPHIE.SMITH650@EXAMPLE.CO.UK,07835899591,158 Smith Street,Birmingham,B1 1AA,,Y,2015-10-17
P0003085,PERSON,Ingrid,Hughes,23/12/1987,AW515490C,ingrid.hughes826@example.co.uk,07743411329,13 Patel Street,Glasgow,G1 1XQ,250,Y,2021-03-26
P0003086,PERSON,Grace,Clarke,15/05/2004,ST238657D,GRACE.CLARKE77@EXAMPLE.CO.UK,07465584666,69 Jones Street,Cardiff,CF10 1EP,188,Y,2016-07-22
P0003087,PERSON,James,Wilson,09/12/1986,YG195440C,james.wilson666@example.co.uk,07644540187,207 Clarke Street,Bristol,BS1 4ST,,N,2022-01-05
P0003088,PERSON,Daniel,Johnson,22/03/1957,ZC658095A,DANIEL.JOHNSON685@EXAMPLE.CO.UK,07680996937,76 Green Street,Reading,RG1 1LX,,Y,2009-11-21
P0003089,PERSON,Grace,Khan,17/11/1962,PB750620A,grace.khan230@example.co.uk,07570681857,87 Davies Street,Leeds,LS1 4AP,,N,2018-06-29
P0003090,PERSON,Chloe,Khan,22/09/1979,HZ116816A,CHLOE.KHAN402@EXAMPLE.CO.UK,07737414902,43 Wright Street,Leeds,LS1 4AP,461,Y,2015-09-01
P0003091,PERSON,Emily,Johnson,02/07/1966,HE892192D,emily.johnson410@example.co.uk,07889360227,2 Hughes Street,Manchester,M1 1AE,,N,2017-03-03
P0003092,PERSON,Oliver,Taylor,08/10/1941,WH839960C,OLIVER.TAYLOR388@EXAMPLE.CO.UK,07496768729,217 Walker Street,Cardiff,CF10 1EP,284,Y,2010-12-07
P0003093,PERSON,Daniel,Johnson,13/12/1989,,daniel.johnson838@example.co.uk,07875133147,76 OBrien Street,Glasgow,G1 1XQ,301,Y,2013-03-20
P0003094,PERSON,Daniel,Green,31/10/1975,PA648588A,daniel.green199@example.co.uk,07415909271,156 Hughes Street,York,YO1 6GA,,Y,2008-12-22
P0003095,PERSON,Harry,Hall,19/10/2003,KC461290B,HARRY.HALL415@EXAMPLE.CO.UK,07117882591,120 Hall Street,Glasgow,G1 1XQ,,N,2010-05-05
P0003096,PERSON,Chloe,Jones,24/02/1966,CP165132B,chloe.jones723@example.co.uk,07356353572,239 Patel Street,York,YO1 6GA,,N,2009-07-31
P0003097,PERSON,Emily,Hall,09/05/1987,CX318874B,emily.hall153@example.co.uk,07701368324,134 Brown Street,Reading,RG1 1LX,105,Y,2019-01-08
P0003098,PERSON,Grace,Williams,28/05/1971,GB960650B,grace.williams25@example.co.uk,07986986857,173 Jones Street,Norwich,NR1 3QQ,,Y,2009-03-30
P0003099,PERSON,Lars,Hughes,19/05/1978,,lars.hughes458@example.co.uk,07905202765,82 Wright Street,Norwich,NR1 3QQ,286,N,2022-04-15
P0003100,PERSON,Wei,Jones,09/07/1998,CL289544C,wei.jones226@example.co.uk,07190768774,92 Taylor Street,Cardiff,CF10 1EP,,N,2024-06-22
P0003101,PERSON,Isla,Williams,01/04/1995,HL784282B,isla.williams324@example.co.uk,07685916309,88 Taylor Street,Cardiff,CF10 1EP,,Y,2011-08-19
P0003102,PERSON,Lars,Murphy,13/06/1984,PA183913D,lars.murphy486@example.co.uk,07922367716,23 Hall Street,Leeds,LS1 4AP,57,Y,2008-07-29
P0003103,PERSON,Oliver,Jones,07/10/1992,NS969253B,oliver.jones159@example.co.uk,07367797880,161 Green Street,Glasgow,G1 1XQ,,Y,2018-09-25
P0003104,ORG,Wei,OBrien,22/05/1963,EM461287A,wei.obrien1@example.co.uk,07585013387,70 Smith Street,Birmingham,B1 1AA,87,N,2019-12-04
P0003105,PERSON,Emily,Walker,11/12/1971,PW479526D,EMILY.WALKER817@EXAMPLE.CO.UK,07497107053,195 Patel Street,Cardiff,CF10 1EP,,Y,2013-10-18
P0003106,ORG,James,Davies,11/05/1967,SP750300C,james.davies599@example.co.uk,07528756113,169 Khan Street,York,YO1 6GA,309,Y,2011-10-20
P0003107,PERSON,Emily,Jones,21/11/1991,PP628825B,emily.jones269@example.co.uk,07923760742,182 Smith Street,Norwich,,,Y,2020-08-10
P0003108,PERSON,Lars,Clarke,05/01/2002,KX666413C,lars.clarke895@example.co.uk,07257565968,222 Hughes Street,Reading,RG1 1LX,58,Y,2015-12-03
P0003109,PERSON,Sean,Davies,07/05/1964,SK675788C,sean.davies668@example.co.uk,07289772449,206 Patel Street,Bristol,BS1 4ST,,Y,2021-10-19
P0003110,PERSON,Thomas,Green,30/08/1940,ZY767178A,thomas.green309@example.co.uk,07584664735,103 Johnson Street,Cardiff,CF10 1EP,,N,2013-09-19
P0003111,PERSON,Emily,Wright,07/11/1954,XT302929D,emily.wright315@example.co.uk,07676617403,22 OBrien Street,Norwich,NR1 3QQ,,N,2010-10-01
P0003112,ORG,Wei,Wilson,30/10/1945,KX857591D,WEI.WILSON759@EXAMPLE.CO.UK,07413278861,6 Johnson Street,Norwich,NR1 3QQ,59,N,2020-10-06
P0003113,PERSON,Sophie,Clarke,21/02/1978,PY648112D,sophie.clarke426@example.co.uk,07522288364,45 Taylor Street,Manchester,M1 1AE,,Y,2012-01-15
P0003114,PERSON,Grace,Robinson,03/02/1991,XS561331A,grace.robinson998@example.co.uk,07589460445,27 Clarke Street,Birmingham,B1 1AA,479,N,2010-01-23
P0003115,PERSON,Thomas,Hughes,18/09/1999,OH301621C,thomas.hughes585@example.co.uk,07741727651,129 Jones Street,Glasgow,G1 1XQ,186,N,2008-07-31
P0003116,PERSON,Chloe,Johnson,23/03/1966,LG399842D,chloe.johnson777@example.co.uk,07978629655,194 Brown Street,Manchester,M1 1AE,,N,2015-10-04
P0003117,PERSON,Mohammed,Hughes,28/08/1956,NC566213A,mohammed.hughes879@example.co.uk,07102067859,116 Smith Street,Birmingham,B1 1AA,,Y,2018-08-03
P0003118,PERSON,Fatima,Hall,17/09/1957,MN355630B,FATIMA.HALL847@EXAMPLE.CO.UK,07417813802,42 Murphy Street,Manchester,M1 1AE,,Y,2008-03-07
P0003119,PERSON,Isla,Murphy,18/12/1961,NM832019D,isla.murphy249@example.co.uk,07925993451,220 Hall Street,Birmingham,B1 1AA,,Y,2020-12-28
P0003120,PERSON,Daniel,Hall,18/02/1972,KE837025D,DANIEL.HALL870@EXAMPLE.CO.UK,07560200751,137 Williams Street,Reading,RG1 1LX,,Y,2012-05-26
P0003121,PERSON,Emily,Jones,03/01/1946,PJ923763D,emily.jones921@example.co.uk,07761508599,131 Hughes Street,Bristol,BS1 4ST,364,Y,2013-03-02
P0003122,PERSON,Fatima,Hughes,24/11/1978,MM707700A,FATIMA.HUGHES241@EXAMPLE.CO.UK,07533582715,239 Johnson Street,Cardiff,CF10 1EP,154,N,2017-04-02
P0003123,PERSON,Lars,Johnson,24/08/1990,,LARS.JOHNSON143@EXAMPLE.CO.UK,07723376319,76 Williams Street,London,EC1A 1BB,,Y,2011-02-22
P0003124,PERSON,Amelia,Taylor,07/02/1995,NB551796D,amelia.taylor850@example.co.uk,07281982233,16 Baker Street,Birmingham,B1 1AA,,Y,2012-08-23
P0003125,ORG,Sean,Wright,21/01/1952,GZ745072B,sean.wright896@example.co.uk,07981160806,249 Hall Street,Manchester,M1 1AE,298,N,2008-12-01
P0003126,ORG,Sophie,Murphy,25/03/1940,RC555686A,sophie.murphy800@example.co.uk,07516878072,132 Jones Street,Glasgow,G1 1XQ,,N,2008-11-08
P0003127,PERSON,Grace,Smith,19/07/1940,WA183094B,GRACE.SMITH886@EXAMPLE.CO.UK,07394428002,55 Davies Street,Glasgow,G1 1XQ,,Y,2016-01-09
P0003128,PERSON,Ingrid,Patel,02/08/1957,OL702214C,ingrid.patel191@example.co.uk,07893647512,168 Hall Street,Manchester,M1 1AE,,Y,2009-11-02
P0003129,ORG,Ingrid,Hall,01/09/1949,BC346355D,INGRID.HALL611@EXAMPLE.CO.UK,07626246201,165 Walker Street,Cardiff,CF10 1EP,156,Y,2023-09-08
P0003130,PERSON,Daniel,Williams,15/08/1941,PA697710A,daniel.williams931@example.co.uk,07180023290,108 Hughes Street,Glasgow,G1 1XQ,486,Y,2024-12-17
P0003131,PERSON,Amelia,OBrien,11/05/1999,OJ787050C,amelia.obrien222@example.co.uk,07629248747,54 Williams Street,Cardiff,M1  1AE,,Y,2021-01-31
P0003132,PERSON,Fatima,Jones,15/06/1950,AP331146B,fatima.jones381@example.co.uk,07469246963,248 Walker Street,Leeds,LS1 4AP,,N,2014-11-30
P0003133,ORG,Aoife,Green,21/05/1990,LS389695C,aoife.green663@example.co.uk,07204440915,175 Clarke Street,York,,,Y,2012-09-18
P0003134,PERSON,Emily,Khan,01/11/1942,ME184464B,emily.khan864@example.co.uk,07708603793,26 Smith Street,Glasgow,G1 1XQ,,Y,2022-06-11
P0003135,PERSON,Daniel,Taylor,24/03/2002,OG176027C,daniel.taylor406@example.co.uk,07506660027,136 Jones Street,Cardiff,CF10 1EP,63,Y,2012-03-29
P0003136,PERSON,Chloe,Patel,14/12/1952,GN911244C,chloe.patel605@example.co.uk,07949080234,52 Hall Street,London,N/A,92,N,2020-03-17
P0003137,PERSON,Oliver,Johnson,27/11/1982,BP678580D,oliver.johnson25@example.co.uk,07838495306,79 Hughes Street,Leeds,LS1 4AP,258,Y,2023-07-09
P0003138,PERSON,Oliver,Robinson,10/08/1962,AZ466031A,oliver.robinson533@example.co.uk,07115309027,82 Jones Street,Norwich,NR1 3QQ,,N,2020-05-31
P0003139,PERSON,Sophie,Davies,25/09/2003,,sophie.davies865@example.co.uk,07652660764,210 Murphy Street,Cardiff,CF10 1EP,214,Y,2022-09-27
P0003140,PERSON,Sophie,Williams,09/03/2001,YM811337C,SOPHIE.WILLIAMS197@EXAMPLE.CO.UK,07450929359,227 Davies Street,Bristol,BS1 4ST,,Y,2016-08-21
P0003141,PERSON,Harry,OBrien,25/05/1972,YY567087A,HARRY.OBRIEN442@EXAMPLE.CO.UK,07162874250,157 Johnson Street,Manchester,M1 1AE,,Y,2010-09-19
P0003142,PERSON,Mohammed,Williams,28/10/1992,MX345556B,MOHAMMED.WILLIAMS262@EXAMPLE.CO.UK,07855281162,10 Hall Street,Manchester,M1 1AE,64,Y,2015-09-09
P0003143,PERSON,Harry,Walker,08/11/1946,YM641342A,harry.walker135@example.co.uk,07784094172,16 Smith Street,Manchester,M1 1AE,,Y,2011-09-11
P0003144,PERSON,George,Davies,10/06/2002,OR782139D,george.davies24@example.co.uk,07300531849,57 Green Street,Manchester,M1 1AE,263,N,2012-04-23
P0003145,PERSON,Wei,Hughes,31/07/1967,HX123724D,WEI.HUGHES102@EXAMPLE.CO.UK,07747198448,165 Jones Street,Bristol,BS1 4ST,,Y,2012-06-24
P0003146,PERSON,Sean,Baker,24/06/1997,LH650196A,sean.baker14@example.co.uk,07348499614,102 Williams Street,Glasgow,G1 1XQ,,Y,2017-12-29
P0003147,PERSON,Ingrid,Wilson,11/09/1947,EB973126C,ingrid.wilson27@example.co.uk,07475623387,190 Robinson Street,York,YO1 6GA,,N,2020-11-03
P0003148,PERSON,Sean,Taylor,22/06/1973,OH752952D,SEAN.TAYLOR348@EXAMPLE.CO.UK,07773149346,82 Williams Street,Glasgow,G1 1XQ,322,Y,2018-11-08
P0003149,PERSON,George,Williams,29/06/1989,HZ660716A,george.williams313@example.co.uk,07124153564,229 Williams Street,Birmingham,B1 1AA,,Y,2022-06-07
P0003150,PERSON,Lars,Wilson,12/06/1974,BM755485C,lars.wilson322@example.co.uk,07653722268,193 Brown Street,Manchester,M1 1AE,453,N,2013-06-23
P0003151,PERSON,Sophie,Khan,22/07/1972,,SOPHIE.KHAN982@EXAMPLE.CO.UK,07248706839,72 Taylor Street,Cardiff,CF10 1EP,90,Y,2008-05-04
P0003152,PERSON,Sophie,Brown,03/12/1958,MK587558D,sophie.brown68@example.co.uk,07826883683,8 Murphy Street,Bristol,BS1 4ST,322,Y,2021-11-03
P0003153,PERSON,Harry,Williams,02/12/1982,YT518907D,harry.williams989@example.co.uk,07890307176,248 Hughes Street,Norwich,ZZ99 9ZZ,203,N,2023-08-10
P0003154,PERSON,Emily,Murphy,21/02/1976,,EMILY.MURPHY688@EXAMPLE.CO.UK,07116554450,219 Robinson Street,Reading,RG1 1LX,363,Y,2014-07-03
P0003155,PERSON,Chloe,Hall,13/02/1974,YS630610A,chloe.hall463@example.co.uk,07575552384,29 Brown Street,Birmingham,B1 1AA,,Y,2014-05-04
P0003156,PERSON,Ingrid,OBrien,12/04/1944,GW954127A,ingrid.obrien674@example.co.uk,07252889073,33 Murphy Street,Glasgow,G1 1XQ,,N,2024-04-05
P0003157,PERSON,Isla,Davies,21/03/1998,KJ217134D,isla.davies735@example.co.uk,07179865338,111 Clarke Street,Birmingham,B1 1AA,488,N,2021-12-08
P0003158,PERSON,Ingrid,Khan,04/11/2000,ZX946296C,ingrid.khan315@example.co.uk,07950196257,29 Brown Street,Cardiff,CF10 1EP,,Y,2020-03-23
P0003159,PERSON,Lars,Williams,09/07/1961,OX520112A,LARS.WILLIAMS597@EXAMPLE.CO.UK,07423652273,34 Johnson Street,London,EC1A 1BB,327,Y,2011-12-27
P0003160,PERSON,Grace,OBrien,15/09/1985,SC951909C,grace.obrien551@example.co.uk,07692085631,128 Murphy Street,Bristol,BS1 4ST,,N,2019-08-23
P0003161,PERSON,James,Murphy,19/12/1997,TX370710C,JAMES.MURPHY711@EXAMPLE.CO.UK,07164904246,40 Wright Street,Norwich,NR1 3QQ,,N,2019-06-01
P0003162,PERSON,Chloe,Patel,02/04/1955,PR548544A,CHLOE.PATEL283@EXAMPLE.CO.UK,07678460106,194 Clarke Street,Bristol,BS1 4ST,,N,2024-06-23
P0003163,PERSON,Lars,Brown,21/09/1950,TT775929B,LARS.BROWN552@EXAMPLE.CO.UK,07578245216,119 Khan Street,York,YO1 6GA,,Y,2017-10-29
P0003164,PERSON,Sean,Khan,19/08/1973,EX969825A,sean.khan718@example.co.uk,07632047423,84 Khan Street,Birmingham,B1 1AA,,Y,2012-10-15
P0003165,PERSON,Mohammed,Patel,30/04/1996,AT730328A,mohammed.patel786@example.co.uk,07574556744,165 Jones Street,Glasgow,G1 1XQ,205,N,2022-02-24
P0003166,PERSON,Priya,OBrien,18/11/1958,LE258704D,PRIYA.OBRIEN28@EXAMPLE.CO.UK,07477357740,151 Wilson Street,London,EC1A 1BB,,Y,2012-02-11
P0003167,PERSON,Daniel,Green,23/01/1972,NH442376A,daniel.green392@example.co.uk,07410008270,163 Green Street,Norwich,NR1 3QQ,,Y,2015-03-12
P0003168,PERSON,Harry,Clarke,20/08/1967,MG629830B,harry.clarke935@example.co.uk,07125416540,48 Williams Street,Birmingham,B1 1AA,486,Y,2009-08-19
P0003169,PERSON,James,Walker,31/03/1966,HB968878A,james.walker927@example.co.uk,07651417911,119 Walker Street,Reading,RG1 1LX,,Y,2017-03-22
P0003170,PERSON,Lars,Davies,25/05/1979,EZ459107D,lars.davies175@example.co.uk,07768007112,50 Wilson Street,Glasgow,N/A,415,Y,2024-06-05
P0003171,PERSON,James,Walker,01/03/1971,NY645088C,JAMES.WALKER43@EXAMPLE.CO.UK,07477138455,33 Johnson Street,Cardiff,CF10 1EP,,Y,2021-01-06
P0003172,PERSON,Thomas,Taylor,13/04/1949,BY697402D,thomas.taylor928@example.co.uk,07901804303,9 Khan Street,London,EC1A 1BB,,Y,2017-03-28
P0003173,ORG,Harry,Davies,24/09/1956,ER595742B,harry.davies99@example.co.uk,07537812171,8 OBrien Street,Glasgow,G1 1XQ,,Y,2015-12-07
P0003174,PERSON,Isla,Taylor,11/04/1964,,isla.taylor696@example.co.uk,07407950685,56 Taylor Street,Leeds,LS1 4AP,203,N,2009-01-05
P0003175,PERSON,Lars,Robinson,08/02/1955,ZN631273B,lars.robinson170@example.co.uk,07622523836,239 Khan Street,Birmingham,B1 1AA,,Y,2024-04-26
P0003176,PERSON,Wei,Jones,12/05/1947,WT323792A,WEI.JONES498@EXAMPLE.CO.UK,07168440288,207 Johnson Street,Cardiff,CF10 1EP,,Y,2015-11-07
P0003177,PERSON,Emily,Baker,29/06/1953,GJ588067D,emily.baker968@example.co.uk,07389651882,74 Hughes Street,Leeds,LS1 4AP,,N,2016-11-30
P0003178,PERSON,Isla,Wilson,05/09/1963,BL985247A,isla.wilson286@example.co.uk,07865479453,44 Walker Street,York,YO1 6GA,82,Y,2024-03-27
P0003179,PERSON,Priya,OBrien,10/08/1996,YW158396B,PRIYA.OBRIEN319@EXAMPLE.CO.UK,07419797541,172 Clarke Street,Birmingham,B1 1AA,,Y,2016-08-24
P0003180,PERSON,Chloe,Jones,24/12/1967,RP376339C,CHLOE.JONES485@EXAMPLE.CO.UK,07903406787,12 Patel Street,Cardiff,CF10 1EP,,Y,2018-06-05
P0003181,PERSON,Oliver,Wilson,09/06/1995,JN533642B,OLIVER.WILSON677@EXAMPLE.CO.UK,07584368812,210 Wilson Street,Cardiff,CF10 1EP,468,N,2014-02-24
P0003182,PERSON,Wei,Patel,14/03/1969,CC713572A,wei.patel828@example.co.uk,07443839941,193 Clarke Street,Cardiff,N/A,,N,2011-12-12
P0003183,PERSON,Emily,Clarke,13/07/1983,NE288435C,emily.clarke620@example.co.uk,07284002049,175 Robinson Street,Manchester,M1 1AE,216,Y,2021-01-17
P0003184,PERSON,Amelia,Clarke,18/07/1993,GP358749C,AMELIA.CLARKE299@EXAMPLE.CO.UK,07575753573,85 Wright Street,Birmingham,B1 1AA,,N,2016-10-02
P0003185,PERSON,Amelia,Wright,09/05/1976,OX958005B,amelia.wright384@example.co.uk,07115097684,128 Baker Street,Norwich,NR1 3QQ,,Y,2013-04-08
P0003186,PERSON,Grace,Jones,03/02/1986,EP973677B,grace.jones206@example.co.uk,07545224931,134 Clarke Street,Leeds,LS1 4AP,160,Y,2019-08-11
P0003187,PERSON,James,Green,26/12/1941,,JAMES.GREEN493@EXAMPLE.CO.UK,07971412843,37 Wright Street,Reading,RG1 1LX,,N,2008-04-20
P0003188,PERSON,Chloe,Johnson,27/01/2002,XB346271B,chloe.johnson419@example.co.uk,07193410822,68 Williams Street,London,EC1A 1BB,80,Y,2012-11-03
P0003189,PERSON,Ingrid,Khan,01/05/1980,GS858950C,ingrid.khan844@example.co.uk,07451895659,67 Wilson Street,Birmingham,B1 1AA,,Y,2017-05-05
P0003190,PERSON,Harry,Hall,07/02/1962,WJ248173C,HARRY.HALL747@EXAMPLE.CO.UK,07606085633,45 Hughes Street,Leeds,LS1 4AP,41,Y,2021-11-02
P0003191,PERSON,Priya,Hall,24/01/1985,,priya.hall108@example.co.uk,07979243431,193 Smith Street,Cardiff,CF10 1EP,,Y,2020-08-03
P0003192,PERSON,Oliver,Patel,28/09/1941,LM445306B,OLIVER.PATEL640@EXAMPLE.CO.UK,07485895211,155 Patel Street,Leeds,LS1 4AP,423,Y,2018-12-16
P0003193,PERSON,Isla,Williams,09/11/2001,NP349679B,isla.williams721@example.co.uk,07934451787,25 Clarke Street,Norwich,NR1 3QQ,,Y,2020-12-21
P0003194,PERSON,George,Wilson,03/11/1990,PN954393A,george.wilson955@example.co.uk,07686956662,103 Wilson Street,Norwich,NR1 3QQ,128,N,2014-08-23
P0003195,PERSON,Daniel,OBrien,13/07/1949,NT439431B,daniel.obrien231@example.co.uk,07536051138,102 Khan Street,Leeds,LS1 4AP,,N,2018-09-28
P0003196,PERSON,Amelia,Taylor,08/12/1985,,AMELIA.TAYLOR88@EXAMPLE.CO.UK,07891152698,147 Brown Street,Leeds,LS1 4AP,,Y,2009-12-15
P0003197,PERSON,Aoife,Patel,07/11/1975,RZ828823C,aoife.patel338@example.co.uk,07945859656,17 Clarke Street,Glasgow,G1 1XQ,,Y,2024-07-15
P0003198,PERSON,Fatima,Murphy,13/11/1971,ZR964803D,fatima.murphy635@example.co.uk,07535910243,16 Wilson Street,Reading,RG1 1LX,,Y,2016-06-25
P0003199,PERSON,Thomas,Khan,29/04/1991,MK572186A,thomas.khan727@example.co.uk,07311636860,228 Patel Street,Reading,RG1 1LX,,N,2014-08-28
P0003200,PERSON,Chloe,Brown,05/07/1977,LL255099B,CHLOE.BROWN160@EXAMPLE.CO.UK,07299640673,175 Khan Street,Cardiff,CF10 1EP,432,Y,2022-06-25
