policy_no,party_id,product_cd,product_name,broker_id,channel,inception_dt,expiry_dt,policy_status,annual_premium_gbp,ipt_rate,payment_plan,uw_year,source_system
ALB-PET-0000001,P0000936,PET,Pet,BRK0046,DIRECT,2022-07-30,2023-07-30,IF,3100.09,0.12,MONTHLY_DD,2022,POLARIS
ALB-HOM-0000002,P0002309,HOM,Home Buildings & Contents,BRK0049,DIRECT,2019-07-24,2020-07-23,IF,757.02,0.12,MONTHLY_DD,2019,POLARIS
ALB-CLB-0000003,P0002397,CLB,Commercial Liability,BRK0029,BROKER,2021-12-28,2022-12-28,IF,11647.48,0.12,MONTHLY_DD,2021,LEGACY_PAS
ALB-CPM-0000004,P0000723,CPM,Commercial Property,BRK0009,BROKER,2024-06-01,2025-06-01,IF,5518.41,0.12,MONTHLY_DD,2024,POLARIS
ALB-PET-0000005,P0000115,PET,Pet,BRK0050,BROKER,2024-11-16,2025-11-16,EX,2168.03,0.12,ANNUAL,2024,POLARIS
ALB-HOM-0000006,P0001162,HOM,Home Buildings & Contents,,DIRECT,2022-04-15,2023-04-15,IF,1027.16,0.12,PREMIUM_FINANCE,2022,POLARIS
ALB-CLB-0000007,P0001260,CLB,Commercial Liability,BRK0046,BROKER,2022-08-25,2023-08-25,IF,8660.2,0.12,ANNUAL,2022,POLARIS
ALB-PET-0000008,P0000565,PET,Pet,,BROKER,2019-01-01,2020-01-01,IF,652.39,0.12,MONTHLY_DD,2019,POLARIS
ALB-PET-0000009,P0003029,PET,Pet,,BROKER,2024-07-10,2025-07-10,IF,1651.88,0.12,PREMIUM_FINANCE,2024,LEGACY_PAS
ALB-TRV-0000010,P0000487,TRV,Annual Travel,,BROKER,2025-08-28,2026-08-28,RN,3734.1,0.12,MONTHLY_DD,2025,POLARIS
ALB-CLB-0000011,P0003076,CLB,Commercial Liability,,AGGREGATOR,2025-01-26,2026-01-26,IF,11296.6,0.12,ANNUAL,2025,LEGACY_PAS
ALB-MOT-0000012,P0000623,MOT,Private Motor,,DIRECT,2025-01-06,2026-01-06,EX,821.6,0.12,PREMIUM_FINANCE,2025,POLARIS
ALB-HOM-0000013,P0002331,HOM,Home Buildings & Contents,BRK0041,DIRECT,2020-06-19,2021-06-19,IF,3913.03,0.12,ANNUAL,2020,POLARIS
ALB-CPM-0000014,P0000112,CPM,Commercial Property,,DIRECT,2018-09-06,2019-09-06,IF,12872.45,0.12,PREMIUM_FINANCE,2018,LEGACY_PAS
ALB-TRV-0000015,P0002785,TRV,Annual Travel,,DIRECT,2018-01-26,2019-01-26,CN,744.55,0.12,MONTHLY_DD,2018,LEGACY_PAS
ALB-PET-0000016,P0000983,PET,Pet,,DIRECT,2022-09-29,2023-09-29,IF,2830.61,0.12,MONTHLY_DD,2022,POLARIS
ALB-TRV-0000017,P0003197,TRV,Annual Travel,BRK0037,DIRECT,2025-10-13,2026-10-13,IF,1750.58,0.12,ANNUAL,2025,LEGACY_PAS
ALB-HOM-0000018,P0002718,HOM,Home Buildings & Contents,,BROKER,2020-08-06,2021-08-06,RN,1234.96,0.12,ANNUAL,2020,POLARIS
ALB-MOT-0000019,P0002552,MOT,Private Motor,,BROKER,2020-12-06,2021-12-06,IF,2620.96,0.12,ANNUAL,2020,POLARIS
ALB-TRV-0000020,P0003143,TRV,Annual Travel,BRK0022,BROKER,2019-07-22,2020-07-21,RN,1692.76,0.12,PREMIUM_FINANCE,2019,LEGACY_PAS
ALB-MOT-0000021,P0000368,MOT,Private Motor,BRK0059,DIRECT,2022-04-18,2023-04-18,EX,2112.94,0.12,MONTHLY_DD,2022,LEGACY_PAS
ALB-HOM-0000022,P0001311,HOM,Home Buildings & Contents,,DIRECT,2026-07-15,2027-07-15,IF,2872.78,0.12,MONTHLY_DD,2026,POLARIS
ALB-CPM-0000023,P0002523,CPM,Commercial Property,BRK0023,DIRECT,2025-11-24,2026-11-24,IF,14177.24,0.12,MONTHLY_DD,2025,POLARIS
ALB-CLB-0000024,P0000007,CLB,Commercial Liability,,AGGREGATOR,2019-04-04,2020-04-03,EX,10470.15,0.12,MONTHLY_DD,2019,POLARIS
ALB-PET-0000025,P0001241,PET,Pet,BRK0029,BROKER,2024-03-05,2025-03-05,CN,2154.98,0.12,ANNUAL,2024,LEGACY_PAS
ALB-CPM-0000026,P0002832,CPM,Commercial Property,BRK0007,DIRECT,2023-03-25,2024-03-24,IF,3286.13,0.12,MONTHLY_DD,2023,POLARIS
ALB-MOT-0000027,P0002508,MOT,Private Motor,,DIRECT,2019-07-03,2020-07-02,IF,1189.59,0.12,PREMIUM_FINANCE,2019,POLARIS
ALB-MOT-0000028,P0000305,MOT,Private Motor,BRK0004,BROKER,2020-05-05,2021-05-05,IF,2958.37,0.12,MONTHLY_DD,2020,POLARIS
ALB-MOT-0000029,P0000277,MOT,Private Motor,BRK0039,BROKER,2019-09-08,2020-09-07,EX,3722.98,0.12,PREMIUM_FINANCE,2019,POLARIS
ALB-MOT-0000030,P0001464,MOT,Private Motor,,BROKER,2019-09-30,2020-09-29,IF,2042.5,0.12,MONTHLY_DD,2019,LEGACY_PAS
ALB-CLB-0000031,P0002684,CLB,Commercial Liability,BRK0023,BROKER,2020-05-16,2021-05-16,IF,954.96,0.12,ANNUAL,2020,POLARIS
ALB-CPM-0000032,P0002182,CPM,Commercial Property,BRK0027,BROKER,2024-11-08,2025-11-08,IF,13378.84,0.12,PREMIUM_FINANCE,2024,POLARIS
ALB-CPM-0000033,P0001493,CPM,Commercial Property,,BROKER,2026-01-15,2027-01-15,IF,3121.57,0.12,ANNUAL,2026,POLARIS
ALB-MOT-0000034,P0000654,MOT,Private Motor,,AGGREGATOR,2024-07-03,2025-07-03,EX,2583.67,0.12,ANNUAL,2024,LEGACY_PAS
ALB-PET-0000035,P0002322,PET,Pet,BRK0014,DIRECT,2021-05-01,2022-05-01,IF,1380.18,0.12,MONTHLY_DD,2021,POLARIS
ALB-CPM-0000036,P0001851,CPM,Commercial Property,,AGGREGATOR,2025-12-18,2026-12-18,EX,3097.51,0.12,MONTHLY_DD,2025,POLARIS
ALB-PET-0000037,P0001755,PET,Pet,,BROKER,2023-08-01,2024-07-31,IF,2525.9,0.12,MONTHLY_DD,2023,LEGACY_PAS
ALB-MOT-0000038,P0001318,MOT,Private Motor,,BROKER,2024-04-15,2025-04-15,IF,1648.73,0.12,MONTHLY_DD,2024,LEGACY_PAS
ALB-PET-0000039,P0001694,PET,Pet,,BROKER,2021-10-12,2022-10-12,IF,1683.71,0.12,ANNUAL,2021,LEGACY_PAS
ALB-TRV-0000040,P0001358,TRV,Annual Travel,BRK0017,BROKER,2023-08-23,2024-08-22,RN,1427.83,0.12,MONTHLY_DD,2023,POLARIS
ALB-CLB-0000041,P0000190,CLB,Commercial Liability,,BROKER,2024-02-13,2025-02-12,IF,11557.53,0.12,ANNUAL,2024,LEGACY_PAS
ALB-HOM-0000042,P0001597,HOM,Home Buildings & Contents,BRK0024,BROKER,2023-09-09,2024-09-08,LP,3471.99,0.12,ANNUAL,2023,POLARIS
ALB-TRV-0000043,P0003126,TRV,Annual Travel,,BROKER,2021-09-14,2022-09-14,IF,3390.48,0.12,MONTHLY_DD,2021,POLARIS
ALB-MOT-0000044,P0000716,MOT,Private Motor,BRK0012,DIRECT,2020-01-26,2021-01-25,LP,3450.1,0.12,MONTHLY_DD,2020,POLARIS
ALB-TRV-0000045,P0002867,TRV,Annual Travel,BRK0047,BROKER,2019-07-05,2020-07-04,EX,1699.69,0.12,PREMIUM_FINANCE,2019,POLARIS
ALB-CPM-0000046,P0001080,CPM,Commercial Property,BRK0044,DIRECT,2023-04-15,2024-04-14,RN,5063.66,0.12,ANNUAL,2023,POLARIS
ALB-CPM-0000047,P0002296,CPM,Commercial Property,BRK0041,AGGREGATOR,2020-09-11,2021-09-11,LP,8314.85,0.12,ANNUAL,2020,POLARIS
ALB-PET-0000048,P0002707,PET,Pet,,AGGREGATOR,2024-05-25,2025-05-25,RN,3540.66,0.12,ANNUAL,2024,POLARIS
ALB-PET-0000049,P0000913,PET,Pet,BRK0009,DIRECT,2026-07-18,2027-07-18,RN,2592.19,0.12,MONTHLY_DD,2026,POLARIS
ALB-HOM-0000050,P0000325,HOM,Home Buildings & Contents,BRK0032,DIRECT,2018-01-29,2019-01-29,RN,357.53,0.12,MONTHLY_DD,2018,POLARIS
ALB-MOT-0000051,P0003139,MOT,Private Motor,BRK0014,BROKER,2019-05-17,2020-05-16,IF,3772.62,0.12,ANNUAL,2019,POLARIS
ALB-MOT-0000052,P0002941,MOT,Private Motor,,DIRECT,2018-08-09,2019-08-09,IF,191.75,0.12,MONTHLY_DD,2018,POLARIS
ALB-CPM-0000053,P0000418,CPM,Commercial Property,BRK0002,AGGREGATOR,2025-05-04,2026-05-04,RN,9759.17,0.12,ANNUAL,2025,POLARIS
ALB-CPM-0000054,P0003181,CPM,Commercial Property,BRK0039,DIRECT,2020-05-01,2021-05-01,IF,10090.5,0.12,ANNUAL,2020,POLARIS
ALB-HOM-0000055,P0001228,HOM,Home Buildings & Contents,,AGGREGATOR,2018-03-10,2019-03-10,LP,3817.46,0.12,ANNUAL,2018,POLARIS
ALB-PET-0000056,P0001668,PET,Pet,BRK0012,BROKER,2021-01-16,2022-01-16,RN,3529.3,0.12,ANNUAL,2021,POLARIS
ALB-PET-0000057,P0000490,PET,Pet,BRK0054,BROKER,2019-05-10,2020-05-09,RN,2486.54,0.12,MONTHLY_DD,2019,POLARIS
ALB-CPM-0000058,P0001814,CPM,Commercial Property,,BROKER,2022-04-02,2023-04-02,LP,1046.9,0.12,PREMIUM_FINANCE,2022,POLARIS
ALB-MOT-0000059,P0001129,MOT,Private Motor,BRK0035,BROKER,2020-05-15,2021-05-15,LP,3461.42,0.12,PREMIUM_FINANCE,2020,POLARIS
ALB-PET-0000060,P0002462,PET,Pet,BRK0011,BROKER,2026-09-16,2027-09-16,CN,2543.63,0.12,MONTHLY_DD,2026,POLARIS
ALB-CPM-0000061,P0002389,CPM,Commercial Property,,BROKER,2019-06-23,2020-06-22,EX,6481.12,0.12,ANNUAL,2019,POLARIS
ALB-PET-0000062,P0002751,PET,Pet,,DIRECT,2024-09-15,2025-09-15,IF,3743.4,0.12,MONTHLY_DD,2024,POLARIS
ALB-HOM-0000063,P0000045,HOM,Home Buildings & Contents,,BROKER,2025-12-24,2026-12-24,IF,3453.31,0.12,MONTHLY_DD,2025,LEGACY_PAS
ALB-CPM-0000064,P0001497,CPM,Commercial Property,BRK0050,BROKER,2025-12-11,2026-12-11,CN,8840.37,0.12,MONTHLY_DD,2025,POLARIS
ALB-CPM-0000065,P0000798,CPM,Commercial Property,BRK0031,BROKER,2021-11-18,2022-11-18,EX,9922.48,0.12,PREMIUM_FINANCE,2021,POLARIS
ALB-CPM-0000066,P0001101,CPM,Commercial Property,,AGGREGATOR,2025-10-08,2026-10-08,IF,10934.66,0.12,MONTHLY_DD,2025,LEGACY_PAS
ALB-CPM-0000067,P0000463,CPM,Commercial Property,,DIRECT,2023-10-14,2024-10-13,IF,11653.25,0.12,ANNUAL,2023,LEGACY_PAS
ALB-TRV-0000068,P0000958,TRV,Annual Travel,BRK0013,BROKER,2024-11-03,2025-11-03,IF,2867.38,0.12,ANNUAL,2024,POLARIS
ALB-TRV-0000069,P0002579,TRV,Annual Travel,,BROKER,2018-02-21,2019-02-21,LP,3710.74,0.12,MONTHLY_DD,2018,LEGACY_PAS
ALB-HOM-0000070,P0001705,HOM,Home Buildings & Contents,,DIRECT,2020-10-03,2021-10-03,LP,2130.96,0.12,PREMIUM_FINANCE,2020,LEGACY_PAS
ALB-CLB-0000071,P0000787,CLB,Commercial Liability,BRK0010,BROKER,2019-12-07,2020-12-06,IF,1340.7,0.12,ANNUAL,2019,POLARIS
ALB-CLB-0000072,P0001204,CLB,Commercial Liability,,DIRECT,2026-01-12,2027-01-12,IF,5105.06,0.12,PREMIUM_FINANCE,2026,POLARIS
ALB-PET-0000073,P0001702,PET,Pet,,AGGREGATOR,2024-07-28,2025-07-28,IF,627.87,0.12,PREMIUM_FINANCE,2024,POLARIS
ALB-CPM-0000074,P0001396,CPM,Commercial Property,,BROKER,2024-08-18,2025-08-18,IF,10525.47,0.12,ANNUAL,2024,POLARIS
ALB-MOT-0000075,P0003133,MOT,Private Motor,,DIRECT,2023-08-05,2024-08-04,IF,680.1,0.12,PREMIUM_FINANCE,2023,POLARIS
ALB-MOT-0000076,P0002568,MOT,Private Motor,BRK0003,BROKER,2020-09-04,2021-09-04,RN,2897.38,0.12,PREMIUM_FINANCE,2020,POLARIS
ALB-CLB-0000077,P0001399,CLB,Commercial Liability,,DIRECT,2025-06-27,2026-06-27,RN,3029.87,0.12,MONTHLY_DD,2025,POLARIS
ALB-CPM-0000078,P0001424,CPM,Commercial Property,,BROKER,2019-04-17,2020-04-16,IF,7676.73,0.12,MONTHLY_DD,2019,POLARIS
ALB-CPM-0000079,P0000639,CPM,Commercial Property,BRK0019,BROKER,2025-09-22,2026-09-22,RN,6517.68,0.12,ANNUAL,2025,POLARIS
ALB-MOT-0000080,P0001851,MOT,Private Motor,BRK0007,AGGREGATOR,2025-02-09,2026-02-09,IF,839.8,0.12,ANNUAL,2025,POLARIS
ALB-CLB-0000081,P0003175,CLB,Commercial Liability,,DIRECT,2022-03-27,2023-03-27,IF,10746.81,0.12,ANNUAL,2022,POLARIS
ALB-HOM-0000082,P0002356,HOM,Home Buildings & Contents,,BROKER,2019-04-22,2020-04-21,LP,1165.86,0.12,PREMIUM_FINANCE,2019,POLARIS
ALB-PET-0000083,P0001110,PET,Pet,,AGGREGATOR,2024-10-17,2025-10-17,IF,3874.66,0.12,MONTHLY_DD,2024,POLARIS
ALB-CPM-0000084,P0000544,CPM,Commercial Property,BRK0038,AGGREGATOR,2018-12-05,2019-12-05,CN,8039.84,0.12,ANNUAL,2018,POLARIS
ALB-CPM-0000085,P0002956,CPM,Commercial Property,BRK0030,AGGREGATOR,2021-02-12,2022-02-12,LP,6809.23,0.12,MONTHLY_DD,2021,LEGACY_PAS
ALB-TRV-0000086,P0001184,TRV,Annual Travel,BRK0007,BROKER,2020-10-23,2021-10-23,CN,1412.67,0.12,ANNUAL,2020,POLARIS
ALB-CPM-0000087,P0001054,CPM,Commercial Property,BRK0056,BROKER,2018-01-08,2019-01-08,EX,12073.26,0.12,ANNUAL,2018,POLARIS
ALB-TRV-0000088,P0001488,TRV,Annual Travel,,BROKER,2021-06-21,2022-06-21,RN,3388.82,0.12,ANNUAL,2021,LEGACY_PAS
ALB-CPM-0000089,P0003098,CPM,Commercial Property,BRK0056,BROKER,2023-12-28,2024-12-27,LP,6172.23,0.12,MONTHLY_DD,2023,POLARIS
ALB-PET-0000090,P0000102,PET,Pet,BRK0010,BROKER,2020-09-02,2021-09-02,EX,2092.15,0.12,PREMIUM_FINANCE,2020,POLARIS
ALB-TRV-0000091,P0003183,TRV,Annual Travel,BRK0034,BROKER,2025-11-19,2026-11-19,RN,3992.69,0.12,ANNUAL,2025,POLARIS
ALB-CLB-0000092,P0000543,CLB,Commercial Liability,,BROKER,2026-09-19,2027-09-19,EX,11011.02,0.12,ANNUAL,2026,POLARIS
ALB-PET-0000093,P0000673,PET,Pet,BRK0034,DIRECT,2026-07-21,2027-07-21,EX,186.03,0.12,ANNUAL,2026,POLARIS
ALB-TRV-0000094,P0001180,TRV,Annual Travel,,AGGREGATOR,2019-07-17,2020-07-16,IF,4098.12,0.12,ANNUAL,2019,POLARIS
ALB-CPM-0000095,P0000282,CPM,Commercial Property,BRK0044,BROKER,2023-06-02,2024-06-01,IF,12211.01,0.12,MONTHLY_DD,2023,POLARIS
ALB-CPM-0000096,P0002441,CPM,Commercial Property,BRK0030,BROKER,2024-03-31,2025-03-31,LP,8446.35,0.12,PREMIUM_FINANCE,2024,POLARIS
ALB-CPM-0000097,P0000003,CPM,Commercial Property,,BROKER,2021-10-30,2022-10-30,EX,3291.9,0.12,MONTHLY_DD,2021,POLARIS
ALB-TRV-0000098,P0000735,TRV,Annual Travel,,AGGREGATOR,2020-07-16,2021-07-16,IF,532.19,0.12,MONTHLY_DD,2020,POLARIS
ALB-CLB-0000099,P0000410,CLB,Commercial Liability,BRK0046,DIRECT,2018-09-07,2019-09-07,RN,5507.58,0.12,MONTHLY_DD,2018,LEGACY_PAS
ALB-CPM-0000100,P0000383,CPM,Commercial Property,,BROKER,2019-05-17,2020-05-16,EX,11872.04,0.12,MONTHLY_DD,2019,POLARIS
ALB-CPM-0000101,P0002912,CPM,Commercial Property,BRK0017,BROKER,2020-08-21,2021-08-21,IF,11604.99,0.12,MONTHLY_DD,2020,POLARIS
ALB-PET-0000102,P0002687,PET,Pet,BRK0037,DIRECT,2021-10-22,2022-10-22,IF,1420.97,0.12,MONTHLY_DD,2021,LEGACY_PAS
ALB-HOM-0000103,P0001822,HOM,Home Buildings & Contents,,DIRECT,2025-01-05,2026-01-05,IF,382.95,0.12,PREMIUM_FINANCE,2025,POLARIS
ALB-PET-0000104,P0000608,PET,Pet,,AGGREGATOR,2026-09-11,2027-09-11,IF,2699.12,0.12,PREMIUM_FINANCE,2026,POLARIS
ALB-CLB-0000105,P0000332,CLB,Commercial Liability,BRK0013,BROKER,2026-04-21,2027-04-21,EX,7095.82,0.12,ANNUAL,2026,POLARIS
ALB-CPM-0000106,P0002694,CPM,Commercial Property,,BROKER,2025-05-08,2026-05-08,CN,7636.17,0.12,MONTHLY_DD,2025,POLARIS
ALB-CLB-0000107,P0002347,CLB,Commercial Liability,BRK0059,AGGREGATOR,2018-04-27,2019-04-27,EX,2301.96,0.12,ANNUAL,2018,POLARIS
ALB-CPM-0000108,P0002211,CPM,Commercial Property,BRK0020,AGGREGATOR,2022-11-04,2023-11-04,EX,14484.29,0.12,MONTHLY_DD,2022,POLARIS
ALB-HOM-0000109,P0002700,HOM,Home Buildings & Contents,BRK0040,BROKER,2023-04-13,2024-04-12,LP,4185.5,0.12,PREMIUM_FINANCE,2023,POLARIS
ALB-CPM-0000110,P0002337,CPM,Commercial Property,,DIRECT,2025-01-18,2026-01-18,CN,5634.17,0.12,ANNUAL,2025,LEGACY_PAS
ALB-TRV-0000111,P0002317,TRV,Annual Travel,BRK0023,AGGREGATOR,2023-07-13,2024-07-12,RN,1614.49,0.12,ANNUAL,2023,POLARIS
ALB-MOT-0000112,P0002191,MOT,Private Motor,BRK0010,BROKER,2018-08-04,2019-08-04,IF,1372.97,0.12,ANNUAL,2018,POLARIS
ALB-HOM-0000113,P0000518,HOM,Home Buildings & Contents,BRK0006,BROKER,2019-02-03,2020-02-03,IF,1544.81,0.12,ANNUAL,2019,POLARIS
ALB-CPM-0000114,P0001684,CPM,Commercial Property,BRK0060,AGGREGATOR,2021-11-29,2022-11-29,RN,5023.43,0.12,PREMIUM_FINANCE,2021,POLARIS
ALB-TRV-0000115,P0001107,TRV,Annual Travel,,BROKER,2025-03-01,2026-03-01,CN,546.13,0.12,PREMIUM_FINANCE,2025,POLARIS
ALB-HOM-0000116,P0001591,HOM,Home Buildings & Contents,BRK0005,DIRECT,2018-07-14,2019-07-14,EX,610.76,0.12,ANNUAL,2018,POLARIS
ALB-HOM-0000117,P0001944,HOM,Home Buildings & Contents,BRK0034,AGGREGATOR,2021-09-14,2022-09-14,CN,555.35,0.12,MONTHLY_DD,2021,POLARIS
ALB-CLB-0000118,P0003091,CLB,Commercial Liability,BRK0002,BROKER,2018-12-21,2019-12-21,IF,5985.74,0.12,ANNUAL,2018,POLARIS
ALB-CPM-0000119,P0001208,CPM,Commercial Property,BRK0010,DIRECT,2026-02-08,2027-02-08,EX,10148.2,0.12,ANNUAL,2026,LEGACY_PAS
ALB-PET-0000120,P0001612,PET,Pet,BRK0052,BROKER,2026-06-22,2027-06-22,LP,1299.85,0.12,MONTHLY_DD,2026,POLARIS
ALB-CPM-0000121,P0001450,CPM,Commercial Property,BRK0048,AGGREGATOR,2018-08-08,2019-08-08,IF,5390.26,0.12,PREMIUM_FINANCE,2018,POLARIS
ALB-TRV-0000122,P0000836,TRV,Annual Travel,BRK0056,BROKER,2019-10-15,2020-10-14,EX,1207.66,0.12,PREMIUM_FINANCE,2019,POLARIS
ALB-TRV-0000123,P0002859,TRV,Annual Travel,BRK0001,BROKER,2022-05-16,2023-05-16,IF,1402.61,0.12,ANNUAL,2022,LEGACY_PAS
ALB-HOM-0000124,P0000681,HOM,Home Buildings & Contents,BRK0039,DIRECT,2021-04-20,2022-04-20,LP,866.21,0.12,ANNUAL,2021,LEGACY_PAS
ALB-PET-0000125,P0001501,PET,Pet,BRK0031,BROKER,2024-10-11,2025-10-11,IF,391.45,0.12,PREMIUM_FINANCE,2024,LEGACY_PAS
ALB-MOT-0000126,P0001631,MOT,Private Motor,,DIRECT,2025-10-16,2026-10-16,RN,1346.0,0.12,MONTHLY_DD,2025,LEGACY_PAS
ALB-MOT-0000127,P0000284,MOT,Private Motor,,BROKER,2022-10-20,2023-10-20,IF,1578.87,0.12,PREMIUM_FINANCE,2022,POLARIS
ALB-MOT-0000128,P0000759,MOT,Private Motor,,BROKER,2019-01-28,2020-01-28,CN,2749.51,0.12,PREMIUM_FINANCE,2019,POLARIS
ALB-PET-0000129,P0000383,PET,Pet,,BROKER,2018-04-04,2019-04-04,LP,1229.68,0.12,PREMIUM_FINANCE,2018,POLARIS
ALB-TRV-0000130,P0002150,TRV,Annual Travel,BRK0034,DIRECT,2024-02-23,2025-02-22,IF,3414.48,0.12,ANNUAL,2024,POLARIS
ALB-CLB-0000131,P0002059,CLB,Commercial Liability,,BROKER,2020-07-08,2021-07-08,IF,5142.06,0.12,MONTHLY_DD,2020,POLARIS
ALB-CLB-0000132,P0002315,CLB,Commercial Liability,BRK0011,DIRECT,2023-06-02,2024-06-01,IF,5546.64,0.12,MONTHLY_DD,2023,POLARIS
ALB-PET-0000133,P0003149,PET,Pet,BRK0026,DIRECT,2020-05-22,2021-05-22,IF,853.66,0.12,MONTHLY_DD,2020,POLARIS
ALB-CPM-0000134,P0002753,CPM,Commercial Property,,DIRECT,2021-09-04,2022-09-04,IF,10377.45,0.12,MONTHLY_DD,2021,POLARIS
ALB-HOM-0000135,P0001972,HOM,Home Buildings & Contents,BRK0022,DIRECT,2026-07-23,2027-07-23,IF,408.04,0.12,MONTHLY_DD,2026,POLARIS
ALB-CPM-0000136,P0001799,CPM,Commercial Property,BRK0007,BROKER,2025-07-26,2026-07-26,CN,13098.54,0.12,PREMIUM_FINANCE,2025,POLARIS
ALB-CLB-0000137,P0000912,CLB,Commercial Liability,BRK0046,DIRECT,2019-10-13,2020-10-12,CN,6437.09,0.12,MONTHLY_DD,2019,POLARIS
ALB-HOM-0000138,P0001378,HOM,Home Buildings & Contents,,DIRECT,2020-06-05,2021-06-05,IF,604.11,0.12,MONTHLY_DD,2020,POLARIS
ALB-CPM-0000139,P0001508,CPM,Commercial Property,,DIRECT,2025-03-09,2026-03-09,IF,5106.62,0.12,MONTHLY_DD,2025,POLARIS
ALB-HOM-0000140,P0001501,HOM,Home Buildings & Contents,BRK0015,DIRECT,2020-01-12,2021-01-11,IF,3067.68,0.12,ANNUAL,2020,POLARIS
ALB-PET-0000141,P0001669,PET,Pet,BRK0046,DIRECT,2026-11-12,2027-11-12,EX,2679.55,0.12,PREMIUM_FINANCE,2026,POLARIS
ALB-MOT-0000142,P0002695,MOT,Private Motor,,BROKER,2020-05-15,2021-05-15,IF,1498.99,0.12,MONTHLY_DD,2020,POLARIS
ALB-CLB-0000143,P0002905,CLB,Commercial Liability,BRK0003,BROKER,2026-08-29,2027-08-29,CN,8007.05,0.12,ANNUAL,2026,POLARIS
ALB-MOT-0000144,P0000777,MOT,Private Motor,BRK0030,BROKER,2026-06-01,2027-06-01,IF,3021.75,0.12,ANNUAL,2026,LEGACY_PAS
ALB-MOT-0000145,P0002421,MOT,Private Motor,BRK0014,AGGREGATOR,2024-03-10,2025-03-10,RN,3394.74,0.12,ANNUAL,2024,POLARIS
ALB-HOM-0000146,P0002340,HOM,Home Buildings & Contents,BRK0060,BROKER,2023-01-07,2024-01-07,IF,860.96,0.12,ANNUAL,2023,LEGACY_PAS
ALB-CPM-0000147,P0002611,CPM,Commercial Property,BRK0039,DIRECT,2025-04-23,2026-04-23,CN,7252.03,0.12,ANNUAL,2025,POLARIS
ALB-PET-0000148,P0000542,PET,Pet,BRK0056,BROKER,2025-01-23,2026-01-23,LP,3325.63,0.12,ANNUAL,2025,POLARIS
ALB-PET-0000149,P0002158,PET,Pet,BRK0004,AGGREGATOR,2026-10-27,2027-10-27,IF,2004.14,0.12,ANNUAL,2026,LEGACY_PAS
ALB-HOM-0000150,P0003074,HOM,Home Buildings & Contents,BRK0054,BROKER,2019-06-27,2020-06-26,LP,860.48,0.12,PREMIUM_FINANCE,2019,POLARIS
ALB-MOT-0000151,P0001306,MOT,Private Motor,,DIRECT,2026-05-11,2027-05-11,IF,3889.27,0.12,PREMIUM_FINANCE,2026,LEGACY_PAS
ALB-TRV-0000152,P0003007,TRV,Annual Travel,BRK0001,DIRECT,2024-05-08,2025-05-08,IF,1259.81,0.12,PREMIUM_FINANCE,2024,POLARIS
ALB-TRV-0000153,P0002123,TRV,Annual Travel,BRK0020,BROKER,2018-09-23,2019-09-23,IF,4122.55,0.12,MONTHLY_DD,2018,LEGACY_PAS
ALB-HOM-0000154,P0001744,HOM,Home Buildings & Contents,BRK0037,BROKER,2020-01-06,2021-01-05,RN,3169.61,0.12,MONTHLY_DD,2020,LEGACY_PAS
ALB-PET-0000155,P0002417,PET,Pet,BRK0007,BROKER,2023-09-08,2024-09-07,RN,668.6,0.12,PREMIUM_FINANCE,2023,POLARIS
ALB-PET-0000156,P0000639,PET,Pet,BRK0021,BROKER,2020-11-03,2021-11-03,EX,3342.51,0.12,PREMIUM_FINANCE,2020,LEGACY_PAS
ALB-HOM-0000157,P0003027,HOM,Home Buildings & Contents,,BROKER,2026-01-11,2027-01-11,IF,2263.39,0.12,ANNUAL,2026,LEGACY_PAS
ALB-CPM-0000158,P0002608,CPM,Commercial Property,BRK0054,AGGREGATOR,2018-07-26,2019-07-26,IF,7195.13,0.12,ANNUAL,2018,LEGACY_PAS
ALB-HOM-0000159,P0001206,HOM,Home Buildings & Contents,BRK0024,BROKER,2020-10-28,2021-10-28,LP,736.04,0.12,ANNUAL,2020,POLARIS
ALB-PET-0000160,P0001313,PET,Pet,,AGGREGATOR,2023-08-24,2024-08-23,IF,3970.96,0.12,ANNUAL,2023,POLARIS
ALB-MOT-0000161,P0001641,MOT,Private Motor,BRK0016,BROKER,2025-09-28,2026-09-28,IF,3403.97,0.12,MONTHLY_DD,2025,POLARIS
ALB-TRV-0000162,P0002999,TRV,Annual Travel,BRK0048,BROKER,2021-02-21,2022-02-21,IF,3735.35,0.12,ANNUAL,2021,LEGACY_PAS
ALB-MOT-0000163,P0002519,MOT,Private Motor,,BROKER,2018-06-29,2019-06-29,EX,3791.91,0.12,MONTHLY_DD,2018,LEGACY_PAS
ALB-TRV-0000164,P0001710,TRV,Annual Travel,BRK0003,DIRECT,2023-01-14,2024-01-14,LP,1936.71,0.12,PREMIUM_FINANCE,2023,LEGACY_PAS
ALB-CLB-0000165,P0001779,CLB,Commercial Liability,,DIRECT,2021-07-01,2022-07-01,CN,9046.93,0.12,ANNUAL,2021,LEGACY_PAS
ALB-TRV-0000166,P0000504,TRV,Annual Travel,,AGGREGATOR,2021-05-04,2022-05-04,CN,2573.33,0.12,PREMIUM_FINANCE,2021,POLARIS
ALB-CLB-0000167,P0001085,CLB,Commercial Liability,BRK0008,BROKER,2021-06-01,2022-06-01,EX,5472.51,0.12,PREMIUM_FINANCE,2021,POLARIS
ALB-PET-0000168,P0000456,PET,Pet,,BROKER,2020-03-20,2021-03-20,IF,2051.67,0.12,PREMIUM_FINANCE,2020,POLARIS
ALB-HOM-0000169,P0001902,HOM,Home Buildings & Contents,,DIRECT,2019-08-22,2020-08-21,EX,3302.94,0.12,MONTHLY_DD,2019,POLARIS
ALB-CLB-0000170,P0003098,CLB,Commercial Liability,,DIRECT,2023-12-29,2024-12-28,RN,2432.23,0.12,MONTHLY_DD,2023,POLARIS
ALB-CLB-0000171,P0001755,CLB,Commercial Liability,BRK0058,DIRECT,2021-06-04,2022-06-04,IF,4501.18,0.12,MONTHLY_DD,2021,POLARIS
ALB-PET-0000172,P0000411,PET,Pet,,AGGREGATOR,2020-08-15,2021-08-15,IF,1491.96,0.12,ANNUAL,2020,LEGACY_PAS
ALB-CPM-0000173,P0000825,CPM,Commercial Property,BRK0016,BROKER,2024-03-15,2025-03-15,IF,14397.56,0.12,PREMIUM_FINANCE,2024,LEGACY_PAS
ALB-PET-0000174,P0000895,PET,Pet,,DIRECT,2022-05-07,2023-05-07,IF,3432.41,0.12,MONTHLY_DD,2022,LEGACY_PAS
ALB-TRV-0000175,P0003135,TRV,Annual Travel,BRK0058,DIRECT,2022-02-03,2023-02-03,CN,2876.8,0.12,MONTHLY_DD,2022,LEGACY_PAS
ALB-CLB-0000176,P0000906,CLB,Commercial Liability,BRK0041,BROKER,2024-11-23,2025-11-23,RN,2220.5,0.12,ANNUAL,2024,LEGACY_PAS
ALB-PET-0000177,P0000320,PET,Pet,BRK0020,AGGREGATOR,2025-07-15,2026-07-15,RN,4082.68,0.12,ANNUAL,2025,POLARIS
ALB-CPM-0000178,P0003067,CPM,Commercial Property,BRK0023,BROKER,2019-03-19,2020-03-18,RN,12416.84,0.12,ANNUAL,2019,POLARIS
ALB-PET-0000179,P0000464,PET,Pet,BRK0003,DIRECT,2024-02-12,2025-02-11,RN,3084.13,0.12,ANNUAL,2024,POLARIS
ALB-TRV-0000180,P0002459,TRV,Annual Travel,BRK0048,DIRECT,2025-02-24,2026-02-24,IF,1663.88,0.12,MONTHLY_DD,2025,POLARIS
ALB-MOT-0000181,P0001519,MOT,Private Motor,,BROKER,2018-06-07,2019-06-07,LP,2606.47,0.12,MONTHLY_DD,2018,LEGACY_PAS
ALB-HOM-0000182,P0001208,HOM,Home Buildings & Contents,BRK0049,BROKER,2018-03-03,2019-03-03,IF,2026.91,0.12,ANNUAL,2018,POLARIS
ALB-HOM-0000183,P0001185,HOM,Home Buildings & Contents,BRK0054,DIRECT,2023-01-03,2024-01-03,RN,2706.61,0.12,ANNUAL,2023,LEGACY_PAS
ALB-TRV-0000184,P0000676,TRV,Annual Travel,,BROKER,2022-12-29,2023-12-29,IF,1089.83,0.12,ANNUAL,2022,LEGACY_PAS
ALB-PET-0000185,P0001880,PET,Pet,,AGGREGATOR,2020-07-25,2021-07-25,EX,2201.81,0.12,PREMIUM_FINANCE,2020,POLARIS
ALB-HOM-0000186,P0001091,HOM,Home Buildings & Contents,BRK0002,DIRECT,2022-11-04,2023-11-04,LP,1353.19,0.12,MONTHLY_DD,2022,LEGACY_PAS
ALB-TRV-0000187,P0002993,TRV,Annual Travel,,AGGREGATOR,2019-04-04,2020-04-03,IF,978.98,0.12,MONTHLY_DD,2019,LEGACY_PAS
ALB-TRV-0000188,P0000260,TRV,Annual Travel,,DIRECT,2023-07-30,2024-07-29,IF,3091.34,0.12,PREMIUM_FINANCE,2023,LEGACY_PAS
ALB-PET-0000189,P0000210,PET,Pet,BRK0051,DIRECT,2023-12-21,2024-12-20,IF,2087.79,0.12,MONTHLY_DD,2023,POLARIS
ALB-CPM-0000190,P0002082,CPM,Commercial Property,BRK0053,DIRECT,2023-06-07,2024-06-06,CN,2908.42,0.12,PREMIUM_FINANCE,2023,POLARIS
ALB-CPM-0000191,P0002416,CPM,Commercial Property,BRK0045,BROKER,2020-01-02,2021-01-01,IF,11852.38,0.12,MONTHLY_DD,2020,LEGACY_PAS
ALB-MOT-0000192,P0000621,MOT,Private Motor,BRK0026,BROKER,2018-03-29,2019-03-29,IF,1386.83,0.12,MONTHLY_DD,2018,LEGACY_PAS
ALB-CPM-0000193,P0001825,CPM,Commercial Property,BRK0054,DIRECT,2021-08-10,2022-08-10,CN,5860.73,0.12,MONTHLY_DD,2021,POLARIS
ALB-CPM-0000194,P0002540,CPM,Commercial Property,,DIRECT,2022-04-07,2023-04-07,IF,2431.7,0.12,PREMIUM_FINANCE,2022,POLARIS
ALB-PET-0000195,P0002321,PET,Pet,,BROKER,2026-12-26,2027-12-26,IF,3916.42,0.12,MONTHLY_DD,2026,LEGACY_PAS
ALB-PET-0000196,P0002681,PET,Pet,BRK0043,BROKER,2026-04-12,2027-04-12,IF,965.23,0.12,MONTHLY_DD,2026,POLARIS
ALB-TRV-0000197,P0000845,TRV,Annual Travel,BRK0023,BROKER,2023-06-20,2024-06-19,LP,1057.15,0.12,ANNUAL,2023,LEGACY_PAS
ALB-MOT-0000198,P0002005,MOT,Private Motor,,BROKER,2019-05-19,2020-05-18,IF,561.78,0.12,ANNUAL,2019,POLARIS
ALB-HOM-0000199,P0002733,HOM,Home Buildings & Contents,,AGGREGATOR,2022-02-03,2023-02-03,RN,1833.25,0.12,MONTHLY_DD,2022,POLARIS
ALB-PET-0000200,P0000355,PET,Pet,BRK0057,DIRECT,2022-10-23,2023-10-23,RN,1432.09,0.12,ANNUAL,2022,LEGACY_PAS
ALB-PET-0000201,P0000947,PET,Pet,,DIRECT,2025-09-03,2026-09-03,EX,1047.32,0.12,MONTHLY_DD,2025,POLARIS
ALB-PET-0000202,P0000232,PET,Pet,,AGGREGATOR,2026-10-15,2027-10-15,CN,2344.84,0.12,ANNUAL,2026,POLARIS
ALB-HOM-0000203,P0001983,HOM,Home Buildings & Contents,,BROKER,2024-11-07,2025-11-07,IF,1308.1,0.12,ANNUAL,2024,POLARIS
ALB-MOT-0000204,P0000632,MOT,Private Motor,BRK0043,DIRECT,2025-03-23,2026-03-23,RN,747.62,0.12,MONTHLY_DD,2025,POLARIS
ALB-HOM-0000205,P0001202,HOM,Home Buildings & Contents,BRK0015,BROKER,2025-06-23,2026-06-23,LP,2115.28,0.12,MONTHLY_DD,2025,POLARIS
ALB-CPM-0000206,P0002839,CPM,Commercial Property,BRK0053,BROKER,2022-12-06,2023-12-06,EX,11163.23,0.12,MONTHLY_DD,2022,POLARIS
ALB-HOM-0000207,P0002629,HOM,Home Buildings & Contents,,DIRECT,2026-03-21,2027-03-21,RN,4062.55,0.12,MONTHLY_DD,2026,POLARIS
ALB-TRV-0000208,P0000323,TRV,Annual Travel,BRK0058,BROKER,2021-03-15,2022-03-15,CN,1131.02,0.12,ANNUAL,2021,LEGACY_PAS
ALB-CPM-0000209,P0002898,CPM,Commercial Property,BRK0054,BROKER,2021-07-25,2022-07-25,IF,1030.79,0.12,MONTHLY_DD,2021,POLARIS
ALB-CLB-0000210,P0002840,CLB,Commercial Liability,,BROKER,2026-10-21,2027-10-21,IF,4084.59,0.12,ANNUAL,2026,POLARIS
ALB-CPM-0000211,P0000502,CPM,Commercial Property,,BROKER,2021-08-25,2022-08-25,EX,2664.72,0.12,ANNUAL,2021,POLARIS
ALB-MOT-0000212,P0002848,MOT,Private Motor,,AGGREGATOR,2022-12-09,2023-12-09,LP,1146.61,0.12,ANNUAL,2022,POLARIS
ALB-PET-0000213,P0002094,PET,Pet,,BROKER,2025-08-23,2026-08-23,IF,1269.2,0.12,ANNUAL,2025,POLARIS
ALB-CLB-0000214,P0001381,CLB,Commercial Liability,BRK0059,BROKER,2026-07-24,2027-07-24,EX,6971.76,0.12,MONTHLY_DD,2026,POLARIS
ALB-CLB-0000215,P0001721,CLB,Commercial Liability,BRK0026,BROKER,2026-11-16,2027-11-16,IF,2040.9,0.12,MONTHLY_DD,2026,LEGACY_PAS
ALB-HOM-0000216,P0000909,HOM,Home Buildings & Contents,BRK0023,BROKER,2025-11-30,2026-11-30,IF,339.83,0.12,MONTHLY_DD,2025,POLARIS
ALB-TRV-0000217,P0000229,TRV,Annual Travel,BRK0030,DIRECT,2018-08-28,2019-08-28,IF,3823.36,0.12,ANNUAL,2018,POLARIS
ALB-CPM-0000218,P0001584,CPM,Commercial Property,,DIRECT,2025-03-09,2026-03-09,LP,901.28,0.12,MONTHLY_DD,2025,LEGACY_PAS
ALB-CPM-0000219,P0001724,CPM,Commercial Property,,BROKER,2024-11-29,2025-11-29,IF,5500.21,0.12,ANNUAL,2024,LEGACY_PAS
ALB-PET-0000220,P0002034,PET,Pet,BRK0018,BROKER,2019-03-16,2020-03-15,RN,1223.94,0.12,MONTHLY_DD,2019,POLARIS
ALB-TRV-0000221,P0002330,TRV,Annual Travel,BRK0051,DIRECT,2023-11-02,2024-11-01,IF,3572.03,0.12,ANNUAL,2023,POLARIS
ALB-CPM-0000222,P0000276,CPM,Commercial Property,BRK0007,BROKER,2025-05-27,2026-05-27,LP,738.76,0.12,ANNUAL,2025,LEGACY_PAS
ALB-CPM-0000223,P0000499,CPM,Commercial Property,,BROKER,2020-06-01,2021-06-01,LP,8814.88,0.12,MONTHLY_DD,2020,POLARIS
ALB-HOM-0000224,P0002359,HOM,Home Buildings & Contents,,BROKER,2024-04-08,2025-04-08,CN,605.25,0.12,MONTHLY_DD,2024,POLARIS
ALB-MOT-0000225,P0001362,MOT,Private Motor,BRK0024,BROKER,2019-02-03,2020-02-03,CN,4019.49,0.12,MONTHLY_DD,2019,POLARIS
ALB-CPM-0000226,P0000132,CPM,Commercial Property,BRK0009,BROKER,2022-11-01,2023-11-01,LP,10249.3,0.12,ANNUAL,2022,POLARIS
ALB-PET-0000227,P0000355,PET,Pet,BRK0007,AGGREGATOR,2019-06-12,2020-06-11,LP,2650.99,0.12,PREMIUM_FINANCE,2019,POLARIS
ALB-PET-0000228,P0001788,PET,Pet,BRK0005,BROKER,2026-11-25,2027-11-25,LP,2139.72,0.12,PREMIUM_FINANCE,2026,LEGACY_PAS
ALB-PET-0000229,P0001888,PET,Pet,BRK0051,DIRECT,2024-05-21,2025-05-21,IF,1141.94,0.12,MONTHLY_DD,2024,POLARIS
ALB-PET-0000230,P0000747,PET,Pet,BRK0024,BROKER,2021-11-04,2022-11-04,RN,4008.86,0.12,PREMIUM_FINANCE,2021,LEGACY_PAS
ALB-TRV-0000231,P0001313,TRV,Annual Travel,BRK0025,BROKER,2026-06-14,2027-06-14,EX,2696.69,0.12,ANNUAL,2026,POLARIS
ALB-PET-0000232,P0000392,PET,Pet,BRK0006,AGGREGATOR,2020-10-28,2021-10-28,RN,961.06,0.12,PREMIUM_FINANCE,2020,POLARIS
ALB-HOM-0000233,P0000498,HOM,Home Buildings & Contents,BRK0001,DIRECT,2026-10-18,2027-10-18,IF,935.07,0.12,ANNUAL,2026,POLARIS
ALB-CPM-0000234,P0002600,CPM,Commercial Property,,BROKER,2022-12-12,2023-12-12,IF,4872.42,0.12,ANNUAL,2022,LEGACY_PAS
ALB-HOM-0000235,P0002208,HOM,Home Buildings & Contents,,BROKER,2019-04-16,2020-04-15,RN,3753.18,0.12,PREMIUM_FINANCE,2019,POLARIS
ALB-HOM-0000236,P0000434,HOM,Home Buildings & Contents,,AGGREGATOR,2021-09-13,2022-09-13,EX,2230.62,0.12,ANNUAL,2021,POLARIS
ALB-PET-0000237,P0003191,PET,Pet,BRK0020,DIRECT,2018-08-26,2019-08-26,IF,441.8,0.12,ANNUAL,2018,POLARIS
ALB-CLB-0000238,P0002887,CLB,Commercial Liability,BRK0028,DIRECT,2022-08-31,2023-08-31,IF,6512.99,0.12,ANNUAL,2022,POLARIS
ALB-PET-0000239,P0001092,PET,Pet,BRK0011,BROKER,2023-05-18,2024-05-17,EX,494.41,0.12,ANNUAL,2023,LEGACY_PAS
ALB-CLB-0000240,P0002852,CLB,Commercial Liability,BRK0024,DIRECT,2020-10-16,2021-10-16,IF,12325.38,0.12,PREMIUM_FINANCE,2020,POLARIS
ALB-CLB-0000241,P0002992,CLB,Commercial Liability,BRK0027,DIRECT,2024-12-17,2025-12-17,EX,6561.65,0.12,PREMIUM_FINANCE,2024,LEGACY_PAS
ALB-TRV-0000242,P0001725,TRV,Annual Travel,,BROKER,2025-01-31,2026-01-31,IF,1129.97,0.12,ANNUAL,2025,LEGACY_PAS
ALB-TRV-0000243,P0001995,TRV,Annual Travel,,AGGREGATOR,2020-11-14,2021-11-14,IF,561.73,0.12,MONTHLY_DD,2020,POLARIS
ALB-TRV-0000244,P0002398,TRV,Annual Travel,BRK0046,BROKER,2019-05-15,2020-05-14,LP,3242.9,0.12,ANNUAL,2019,POLARIS
ALB-MOT-0000245,P0001128,MOT,Private Motor,,BROKER,2024-12-23,2025-12-23,LP,1528.03,0.12,MONTHLY_DD,2024,POLARIS
ALB-HOM-0000246,P0001990,HOM,Home Buildings & Contents,,BROKER,2025-09-16,2026-09-16,LP,723.54,0.12,ANNUAL,2025,POLARIS
ALB-TRV-0000247,P0001628,TRV,Annual Travel,BRK0033,AGGREGATOR,2021-02-26,2022-02-26,EX,3003.34,0.12,MONTHLY_DD,2021,LEGACY_PAS
ALB-CLB-0000248,P0002042,CLB,Commercial Liability,BRK0020,BROKER,2025-03-16,2026-03-16,RN,8030.16,0.12,MONTHLY_DD,2025,LEGACY_PAS
ALB-CPM-0000249,P0002014,CPM,Commercial Property,BRK0006,BROKER,2026-03-20,2027-03-20,EX,7175.97,0.12,PREMIUM_FINANCE,2026,POLARIS
ALB-PET-0000250,P0002465,PET,Pet,BRK0025,DIRECT,2022-09-03,2023-09-03,IF,3667.46,0.12,PREMIUM_FINANCE,2022,POLARIS
ALB-CLB-0000251,P0000923,CLB,Commercial Liability,BRK0056,DIRECT,2026-01-18,2027-01-18,RN,5615.71,0.12,PREMIUM_FINANCE,2026,LEGACY_PAS
ALB-HOM-0000252,P0000837,HOM,Home Buildings & Contents,BRK0034,AGGREGATOR,2026-07-18,2027-07-18,RN,2257.32,0.12,MONTHLY_DD,2026,POLARIS
ALB-CPM-0000253,P0002484,CPM,Commercial Property,BRK0025,AGGREGATOR,2023-11-22,2024-11-21,IF,879.61,0.12,ANNUAL,2023,POLARIS
ALB-PET-0000254,P0000204,PET,Pet,,BROKER,2019-07-27,2020-07-26,IF,568.49,0.12,MONTHLY_DD,2019,POLARIS
ALB-HOM-0000255,P0000390,HOM,Home Buildings & Contents,BRK0024,BROKER,2020-06-03,2021-06-03,IF,3553.4,0.12,ANNUAL,2020,LEGACY_PAS
ALB-CPM-0000256,P0002583,CPM,Commercial Property,BRK0018,DIRECT,2022-09-07,2023-09-07,EX,1624.12,0.12,PREMIUM_FINANCE,2022,POLARIS
ALB-CLB-0000257,P0000675,CLB,Commercial Liability,BRK0034,AGGREGATOR,2024-08-16,2025-08-16,RN,4865.4,0.12,MONTHLY_DD,2024,POLARIS
ALB-CLB-0000258,P0000588,CLB,Commercial Liability,BRK0008,AGGREGATOR,2026-06-04,2027-06-04,RN,6415.25,0.12,PREMIUM_FINANCE,2026,POLARIS
ALB-CLB-0000259,P0001229,CLB,Commercial Liability,BRK0015,AGGREGATOR,2021-08-07,2022-08-07,IF,1590.21,0.12,ANNUAL,2021,LEGACY_PAS
ALB-CPM-0000260,P0002725,CPM,Commercial Property,BRK0054,DIRECT,2025-01-11,2026-01-11,IF,13003.13,0.12,PREMIUM_FINANCE,2025,LEGACY_PAS
ALB-HOM-0000261,P0001486,HOM,Home Buildings & Contents,BRK0034,DIRECT,2018-09-29,2019-09-29,IF,4138.82,0.12,MONTHLY_DD,2018,POLARIS
ALB-MOT-0000262,P0000196,MOT,Private Motor,BRK0014,BROKER,2019-12-20,2020-12-19,IF,4107.78,0.12,ANNUAL,2019,LEGACY_PAS
ALB-CLB-0000263,P0002011,CLB,Commercial Liability,,BROKER,2020-10-13,2021-10-13,IF,3508.12,0.12,ANNUAL,2020,LEGACY_PAS
ALB-MOT-0000264,P0001802,MOT,Private Motor,,BROKER,2023-10-01,2024-09-30,RN,2119.04,0.12,ANNUAL,2023,POLARIS
ALB-CPM-0000265,P0001922,CPM,Commercial Property,BRK0010,AGGREGATOR,2025-05-24,2026-05-24,CN,10861.46,0.12,MONTHLY_DD,2025,POLARIS
ALB-MOT-0000266,P0000144,MOT,Private Motor,BRK0009,BROKER,2023-07-21,2024-07-20,IF,3767.21,0.12,ANNUAL,2023,POLARIS
ALB-PET-0000267,P0001967,PET,Pet,BRK0016,BROKER,2018-03-23,2019-03-23,LP,2151.15,0.12,ANNUAL,2018,POLARIS
ALB-CLB-0000268,P0002714,CLB,Commercial Liability,,BROKER,2021-01-29,2022-01-29,RN,12117.73,0.12,MONTHLY_DD,2021,POLARIS
ALB-CPM-0000269,P0000378,CPM,Commercial Property,BRK0031,BROKER,2022-06-12,2023-06-12,IF,7403.63,0.12,MONTHLY_DD,2022,LEGACY_PAS
ALB-CLB-0000270,P0002177,CLB,Commercial Liability,,AGGREGATOR,2022-11-11,2023-11-11,CN,6762.76,0.12,ANNUAL,2022,POLARIS
ALB-TRV-0000271,P0002853,TRV,Annual Travel,BRK0012,BROKER,2023-03-10,2024-03-09,IF,3734.72,0.12,MONTHLY_DD,2023,LEGACY_PAS
ALB-CLB-0000272,P0002844,CLB,Commercial Liability,,BROKER,2024-10-14,2025-10-14,CN,7561.65,0.12,MONTHLY_DD,2024,LEGACY_PAS
ALB-CLB-0000273,P0002005,CLB,Commercial Liability,BRK0056,BROKER,2018-02-16,2019-02-16,IF,3039.67,0.12,ANNUAL,2018,POLARIS
ALB-HOM-0000274,P0001380,HOM,Home Buildings & Contents,,BROKER,2022-12-18,2023-12-18,RN,3587.78,0.12,PREMIUM_FINANCE,2022,POLARIS
ALB-TRV-0000275,P0002233,TRV,Annual Travel,,AGGREGATOR,2023-08-13,2024-08-12,RN,340.75,0.12,MONTHLY_DD,2023,LEGACY_PAS
ALB-PET-0000276,P0002311,PET,Pet,,BROKER,2026-04-10,2027-04-10,RN,2827.92,0.12,MONTHLY_DD,2026,LEGACY_PAS
ALB-CPM-0000277,P0001246,CPM,Commercial Property,,BROKER,2025-04-21,2026-04-21,RN,10436.15,0.12,ANNUAL,2025,POLARIS
ALB-HOM-0000278,P0002382,HOM,Home Buildings & Contents,BRK0031,BROKER,2019-11-15,2020-11-14,IF,3633.09,0.12,MONTHLY_DD,2019,POLARIS
ALB-CLB-0000279,P0001525,CLB,Commercial Liability,,BROKER,2026-11-21,2027-11-21,RN,5808.31,0.12,MONTHLY_DD,2026,LEGACY_PAS
ALB-HOM-0000280,P0001329,HOM,Home Buildings & Contents,,BROKER,2018-01-18,2019-01-18,RN,1227.86,0.12,ANNUAL,2018,POLARIS
ALB-HOM-0000281,P0000912,HOM,Home Buildings & Contents,BRK0017,BROKER,2019-09-07,2020-09-06,IF,4113.43,0.12,ANNUAL,2019,POLARIS
ALB-HOM-0000282,P0003083,HOM,Home Buildings & Contents,BRK0018,AGGREGATOR,2025-10-06,2026-10-06,CN,3118.3,0.12,ANNUAL,2025,LEGACY_PAS
ALB-CLB-0000283,P0002650,CLB,Commercial Liability,BRK0043,AGGREGATOR,2022-12-22,2023-12-22,IF,4660.64,0.12,MONTHLY_DD,2022,POLARIS
ALB-PET-0000284,P0002694,PET,Pet,,BROKER,2023-07-06,2024-07-05,IF,189.81,0.12,MONTHLY_DD,2023,POLARIS
ALB-MOT-0000285,P0001972,MOT,Private Motor,BRK0055,DIRECT,2018-09-07,2019-09-07,IF,1205.37,0.12,MONTHLY_DD,2018,POLARIS
ALB-CLB-0000286,P0000464,CLB,Commercial Liability,,BROKER,2023-02-27,2024-02-27,LP,3996.79,0.12,MONTHLY_DD,2023,POLARIS
ALB-CLB-0000287,P0003100,CLB,Commercial Liability,BRK0033,BROKER,2020-07-05,2021-07-05,LP,9252.26,0.12,ANNUAL,2020,POLARIS
ALB-CPM-0000288,P0001760,CPM,Commercial Property,BRK0038,DIRECT,2023-09-30,2024-09-29,IF,10756.48,0.12,ANNUAL,2023,POLARIS
ALB-HOM-0000289,P0001833,HOM,Home Buildings & Contents,BRK0059,AGGREGATOR,2024-04-01,2025-04-01,EX,1923.41,0.12,ANNUAL,2024,LEGACY_PAS
ALB-PET-0000290,P0001022,PET,Pet,,DIRECT,2018-06-02,2019-06-02,RN,3508.32,0.12,MONTHLY_DD,2018,POLARIS
ALB-HOM-0000291,P0002010,HOM,Home Buildings & Contents,BRK0034,BROKER,2026-03-21,2027-03-21,RN,714.94,0.12,PREMIUM_FINANCE,2026,POLARIS
ALB-TRV-0000292,P0002445,TRV,Annual Travel,,BROKER,2018-05-05,2019-05-05,LP,3916.84,0.12,PREMIUM_FINANCE,2018,LEGACY_PAS
ALB-PET-0000293,P0002969,PET,Pet,,BROKER,2018-08-24,2019-08-24,RN,2044.07,0.12,MONTHLY_DD,2018,POLARIS
ALB-MOT-0000294,P0002190,MOT,Private Motor,,BROKER,2018-08-20,2019-08-20,IF,1950.27,0.12,MONTHLY_DD,2018,LEGACY_PAS
ALB-CLB-0000295,P0001816,CLB,Commercial Liability,BRK0005,AGGREGATOR,2025-12-26,2026-12-26,IF,9096.68,0.12,ANNUAL,2025,POLARIS
ALB-PET-0000296,P0001794,PET,Pet,,BROKER,2022-10-29,2023-10-29,RN,3345.04,0.12,ANNUAL,2022,POLARIS
ALB-PET-0000297,P0001991,PET,Pet,BRK0025,BROKER,2018-06-25,2019-06-25,LP,814.48,0.12,MONTHLY_DD,2018,POLARIS
ALB-CPM-0000298,P0001146,CPM,Commercial Property,BRK0034,DIRECT,2025-10-09,2026-10-09,RN,3272.42,0.12,MONTHLY_DD,2025,POLARIS
ALB-TRV-0000299,P0002198,TRV,Annual Travel,BRK0002,BROKER,2026-06-17,2027-06-17,IF,1030.13,0.12,PREMIUM_FINANCE,2026,LEGACY_PAS
ALB-PET-0000300,P0000748,PET,Pet,BRK0031,DIRECT,2023-03-29,2024-03-28,IF,999.65,0.12,PREMIUM_FINANCE,2023,POLARIS
ALB-PET-0000301,P0002144,PET,Pet,,DIRECT,2018-05-22,2019-05-22,IF,742.28,0.12,PREMIUM_FINANCE,2018,POLARIS
ALB-CLB-0000302,P0002917,CLB,Commercial Liability,BRK0038,DIRECT,2021-12-24,2022-12-24,RN,12914.19,0.12,MONTHLY_DD,2021,POLARIS
ALB-CLB-0000303,P0001777,CLB,Commercial Liability,,DIRECT,2025-11-07,2026-11-07,RN,11662.69,0.12,PREMIUM_FINANCE,2025,POLARIS
ALB-PET-0000304,P0000068,PET,Pet,BRK0049,BROKER,2018-09-23,2019-09-23,EX,2657.7,0.12,ANNUAL,2018,LEGACY_PAS
ALB-PET-0000305,P0001998,PET,Pet,,BROKER,2021-01-24,2022-01-24,IF,1334.13,0.12,ANNUAL,2021,POLARIS
ALB-TRV-0000306,P0002316,TRV,Annual Travel,,DIRECT,2019-02-15,2020-02-15,LP,2139.03,0.12,MONTHLY_DD,2019,POLARIS
ALB-HOM-0000307,P0000613,HOM,Home Buildings & Contents,,DIRECT,2019-08-03,2020-08-02,LP,1416.05,0.12,ANNUAL,2019,LEGACY_PAS
ALB-HOM-0000308,P0000992,HOM,Home Buildings & Contents,BRK0050,BROKER,2018-05-20,2019-05-20,IF,2177.05,0.12,ANNUAL,2018,LEGACY_PAS
ALB-CPM-0000309,P0001719,CPM,Commercial Property,,BROKER,2023-04-11,2024-04-10,LP,10378.71,0.12,MONTHLY_DD,2023,POLARIS
ALB-MOT-0000310,P0001308,MOT,Private Motor,BRK0039,DIRECT,2020-10-29,2021-10-29,IF,3680.77,0.12,ANNUAL,2020,POLARIS
ALB-HOM-0000311,P0000289,HOM,Home Buildings & Contents,BRK0001,BROKER,2026-07-17,2027-07-17,EX,330.67,0.12,MONTHLY_DD,2026,LEGACY_PAS
ALB-CLB-0000312,P0002531,CLB,Commercial Liability,,BROKER,2018-11-28,2019-11-28,EX,5778.89,0.12,MONTHLY_DD,2018,LEGACY_PAS
ALB-HOM-0000313,P0002711,HOM,Home Buildings & Contents,BRK0028,BROKER,2019-08-12,2020-08-11,EX,1209.67,0.12,ANNUAL,2019,POLARIS
ALB-CLB-0000314,P0001244,CLB,Commercial Liability,,BROKER,2024-01-05,2025-01-04,EX,4979.61,0.12,PREMIUM_FINANCE,2024,POLARIS
ALB-CLB-0000315,P0001531,CLB,Commercial Liability,BRK0014,AGGREGATOR,2018-12-16,2019-12-16,EX,6286.51,0.12,ANNUAL,2018,POLARIS
ALB-CPM-0000316,P0001778,CPM,Commercial Property,BRK0048,DIRECT,2021-09-01,2022-09-01,RN,1215.2,0.12,MONTHLY_DD,2021,POLARIS
ALB-MOT-0000317,P0002902,MOT,Private Motor,BRK0058,BROKER,2018-02-23,2019-02-23,CN,3485.33,0.12,MONTHLY_DD,2018,LEGACY_PAS
ALB-TRV-0000318,P0002126,TRV,Annual Travel,,BROKER,2021-04-08,2022-04-08,IF,3423.82,0.12,PREMIUM_FINANCE,2021,LEGACY_PAS
ALB-TRV-0000319,P0002814,TRV,Annual Travel,BRK0005,BROKER,2024-06-25,2025-06-25,CN,1101.39,0.12,ANNUAL,2024,POLARIS
ALB-CPM-0000320,P0002128,CPM,Commercial Property,BRK0033,DIRECT,2024-10-03,2025-10-03,LP,13135.38,0.12,PREMIUM_FINANCE,2024,POLARIS
ALB-HOM-0000321,P0002629,HOM,Home Buildings & Contents,BRK0023,BROKER,2024-03-13,2025-03-13,IF,1629.69,0.12,ANNUAL,2024,POLARIS
ALB-CLB-0000322,P0000778,CLB,Commercial Liability,BRK0017,DIRECT,2019-03-14,2020-03-13,RN,2737.26,0.12,MONTHLY_DD,2019,LEGACY_PAS
ALB-CPM-0000323,P0002164,CPM,Commercial Property,BRK0036,AGGREGATOR,2022-09-21,2023-09-21,IF,9258.57,0.12,ANNUAL,2022,POLARIS
ALB-CPM-0000324,P0000991,CPM,Commercial Property,BRK0050,BROKER,2022-10-19,2023-10-19,IF,4961.47,0.12,MONTHLY_DD,2022,LEGACY_PAS
ALB-CLB-0000325,P0000211,CLB,Commercial Liability,BRK0003,BROKER,2022-03-07,2023-03-07,IF,7065.04,0.12,ANNUAL,2022,POLARIS
ALB-MOT-0000326,P0002977,MOT,Private Motor,,BROKER,2022-03-02,2023-03-02,IF,207.25,0.12,MONTHLY_DD,2022,LEGACY_PAS
ALB-MOT-0000327,P0001478,MOT,Private Motor,,DIRECT,2019-02-03,2020-02-03,IF,3756.05,0.12,ANNUAL,2019,POLARIS
ALB-TRV-0000328,P0001709,TRV,Annual Travel,,AGGREGATOR,2025-01-17,2026-01-17,IF,1692.12,0.12,PREMIUM_FINANCE,2025,POLARIS
ALB-CPM-0000329,P0001430,CPM,Commercial Property,,DIRECT,2018-03-27,2019-03-27,CN,12625.68,0.12,MONTHLY_DD,2018,POLARIS
ALB-HOM-0000330,P0002354,HOM,Home Buildings & Contents,BRK0060,DIRECT,2023-05-05,2024-05-04,RN,4068.81,0.12,MONTHLY_DD,2023,POLARIS
ALB-CPM-0000331,P0000623,CPM,Commercial Property,,BROKER,2024-08-28,2025-08-28,IF,3313.07,0.12,MONTHLY_DD,2024,LEGACY_PAS
ALB-TRV-0000332,P0002998,TRV,Annual Travel,BRK0059,DIRECT,2018-03-16,2019-03-16,RN,288.16,0.12,MONTHLY_DD,2018,LEGACY_PAS
ALB-PET-0000333,P0003152,PET,Pet,BRK0007,BROKER,2020-02-07,2021-02-06,IF,2802.31,0.12,MONTHLY_DD,2020,POLARIS
ALB-CLB-0000334,P0001790,CLB,Commercial Liability,BRK0013,AGGREGATOR,2022-09-03,2023-09-03,LP,2510.57,0.12,PREMIUM_FINANCE,2022,POLARIS
ALB-HOM-0000335,P0000898,HOM,Home Buildings & Contents,BRK0017,BROKER,2018-01-31,2019-01-31,RN,4130.97,0.12,ANNUAL,2018,POLARIS
ALB-MOT-0000336,P0003147,MOT,Private Motor,BRK0057,BROKER,2020-04-29,2021-04-29,IF,1051.81,0.12,MONTHLY_DD,2020,POLARIS
ALB-TRV-0000337,P0001493,TRV,Annual Travel,BRK0027,DIRECT,2021-08-03,2022-08-03,IF,3793.5,0.12,ANNUAL,2021,POLARIS
ALB-CPM-0000338,P0001367,CPM,Commercial Property,,DIRECT,2018-06-16,2019-06-16,IF,10697.5,0.12,ANNUAL,2018,LEGACY_PAS
ALB-HOM-0000339,P0003088,HOM,Home Buildings & Contents,BRK0058,BROKER,2024-02-09,2025-02-08,IF,2065.86,0.12,ANNUAL,2024,POLARIS
ALB-CLB-0000340,P0000905,CLB,Commercial Liability,,BROKER,2024-02-05,2025-02-04,EX,11130.94,0.12,ANNUAL,2024,POLARIS
ALB-TRV-0000341,P0001970,TRV,Annual Travel,BRK0060,DIRECT,2024-12-18,2025-12-18,EX,3043.94,0.12,ANNUAL,2024,POLARIS
ALB-CPM-0000342,P0002173,CPM,Commercial Property,,DIRECT,2019-04-14,2020-04-13,IF,11290.74,0.12,ANNUAL,2019,POLARIS
ALB-TRV-0000343,P0001752,TRV,Annual Travel,BRK0008,BROKER,2019-01-15,2020-01-15,EX,2824.42,0.12,ANNUAL,2019,LEGACY_PAS
ALB-PET-0000344,P0001666,PET,Pet,BRK0035,DIRECT,2022-08-27,2023-08-27,CN,3841.01,0.12,ANNUAL,2022,LEGACY_PAS
ALB-PET-0000345,P0002733,PET,Pet,BRK0032,AGGREGATOR,2020-08-20,2021-08-20,CN,2727.84,0.12,MONTHLY_DD,2020,POLARIS
ALB-CPM-0000346,P0002476,CPM,Commercial Property,,BROKER,2021-12-13,2022-12-13,RN,1270.89,0.12,PREMIUM_FINANCE,2021,LEGACY_PAS
ALB-CPM-0000347,P0000955,CPM,Commercial Property,BRK0018,DIRECT,2019-02-23,2020-02-23,CN,3176.75,0.12,ANNUAL,2019,POLARIS
ALB-CLB-0000348,P0002157,CLB,Commercial Liability,BRK0034,BROKER,2022-05-25,2023-05-25,IF,6045.93,0.12,ANNUAL,2022,POLARIS
ALB-CLB-0000349,P0000245,CLB,Commercial Liability,,BROKER,2022-03-13,2023-03-13,LP,3454.75,0.12,ANNUAL,2022,POLARIS
ALB-PET-0000350,P0000807,PET,Pet,BRK0001,BROKER,2022-11-01,2023-11-01,IF,619.29,0.12,MONTHLY_DD,2022,POLARIS
ALB-PET-0000351,P0001217,PET,Pet,BRK0011,DIRECT,2023-02-12,2024-02-12,EX,2502.11,0.12,ANNUAL,2023,POLARIS
ALB-MOT-0000352,P0003061,MOT,Private Motor,,AGGREGATOR,2023-05-31,2024-05-30,LP,486.09,0.12,MONTHLY_DD,2023,LEGACY_PAS
ALB-CPM-0000353,P0001419,CPM,Commercial Property,,AGGREGATOR,2024-02-16,2025-02-15,IF,13954.3,0.12,ANNUAL,2024,POLARIS
ALB-CLB-0000354,P0000883,CLB,Commercial Liability,,BROKER,2025-11-28,2026-11-28,LP,10425.78,0.12,MONTHLY_DD,2025,POLARIS
ALB-MOT-0000355,P0001122,MOT,Private Motor,BRK0027,BROKER,2023-01-24,2024-01-24,IF,2096.23,0.12,MONTHLY_DD,2023,POLARIS
ALB-TRV-0000356,P0001800,TRV,Annual Travel,BRK0033,AGGREGATOR,2024-08-12,2025-08-12,RN,3591.35,0.12,MONTHLY_DD,2024,POLARIS
ALB-MOT-0000357,P0001347,MOT,Private Motor,BRK0021,BROKER,2018-12-20,2019-12-20,RN,2581.23,0.12,PREMIUM_FINANCE,2018,POLARIS
ALB-MOT-0000358,P0001186,MOT,Private Motor,BRK0020,DIRECT,2022-02-20,2023-02-20,EX,2245.77,0.12,ANNUAL,2022,LEGACY_PAS
ALB-MOT-0000359,P0003168,MOT,Private Motor,,BROKER,2025-07-10,2026-07-10,RN,3760.82,0.12,MONTHLY_DD,2025,POLARIS
ALB-PET-0000360,P0001254,PET,Pet,,AGGREGATOR,2020-05-19,2021-05-19,EX,2158.86,0.12,ANNUAL,2020,LEGACY_PAS
ALB-CPM-0000361,P0001562,CPM,Commercial Property,BRK0044,AGGREGATOR,2019-01-27,2020-01-27,IF,13866.82,0.12,PREMIUM_FINANCE,2019,POLARIS
ALB-HOM-0000362,P0001942,HOM,Home Buildings & Contents,BRK0001,DIRECT,2020-02-09,2021-02-08,RN,3780.19,0.12,ANNUAL,2020,POLARIS
ALB-TRV-0000363,P0002578,TRV,Annual Travel,BRK0037,BROKER,2023-09-07,2024-09-06,IF,2666.96,0.12,MONTHLY_DD,2023,POLARIS
ALB-PET-0000364,P0001226,PET,Pet,BRK0055,DIRECT,2019-02-21,2020-02-21,IF,1620.9,0.12,ANNUAL,2019,POLARIS
ALB-CPM-0000365,P0000776,CPM,Commercial Property,BRK0056,BROKER,2023-06-16,2024-06-15,EX,6028.1,0.12,MONTHLY_DD,2023,POLARIS
ALB-CPM-0000366,P0000320,CPM,Commercial Property,BRK0057,BROKER,2018-07-23,2019-07-23,RN,4024.3,0.12,PREMIUM_FINANCE,2018,POLARIS
ALB-TRV-0000367,P0000574,TRV,Annual Travel,,AGGREGATOR,2026-01-01,2027-01-01,IF,965.42,0.12,MONTHLY_DD,2026,POLARIS
ALB-PET-0000368,P0000072,PET,Pet,BRK0016,BROKER,2026-02-11,2027-02-11,EX,1287.4,0.12,ANNUAL,2026,POLARIS
ALB-PET-0000369,P0001072,PET,Pet,,DIRECT,2025-12-31,2026-12-31,LP,2889.78,0.12,PREMIUM_FINANCE,2025,POLARIS
ALB-MOT-0000370,P0000865,MOT,Private Motor,BRK0046,AGGREGATOR,2018-04-27,2019-04-27,IF,2745.36,0.12,PREMIUM_FINANCE,2018,POLARIS
ALB-HOM-0000371,P0000682,HOM,Home Buildings & Contents,,BROKER,2026-10-09,2027-10-09,RN,3527.56,0.12,ANNUAL,2026,POLARIS
ALB-TRV-0000372,P0002659,TRV,Annual Travel,BRK0023,BROKER,2018-07-03,2019-07-03,IF,373.25,0.12,PREMIUM_FINANCE,2018,POLARIS
ALB-CLB-0000373,P0003104,CLB,Commercial Liability,,AGGREGATOR,2022-02-08,2023-02-08,IF,3528.86,0.12,ANNUAL,2022,POLARIS
ALB-TRV-0000374,P0002308,TRV,Annual Travel,BRK0044,DIRECT,2020-02-17,2021-02-16,LP,3570.75,0.12,PREMIUM_FINANCE,2020,POLARIS
ALB-HOM-0000375,P0001213,HOM,Home Buildings & Contents,BRK0002,DIRECT,2022-09-20,2023-09-20,IF,1706.98,0.12,MONTHLY_DD,2022,POLARIS
ALB-PET-0000376,P0001914,PET,Pet,,BROKER,2018-02-15,2019-02-15,LP,540.65,0.12,PREMIUM_FINANCE,2018,POLARIS
ALB-MOT-0000377,P0000374,MOT,Private Motor,BRK0024,BROKER,2024-10-26,2025-10-26,RN,537.85,0.12,MONTHLY_DD,2024,LEGACY_PAS
ALB-HOM-0000378,P0003118,HOM,Home Buildings & Contents,,BROKER,2025-10-30,2026-10-30,IF,1339.91,0.12,ANNUAL,2025,POLARIS
ALB-CLB-0000379,P0003083,CLB,Commercial Liability,BRK0014,BROKER,2024-06-13,2025-06-13,LP,2983.27,0.12,MONTHLY_DD,2024,LEGACY_PAS
ALB-CPM-0000380,P0000769,CPM,Commercial Property,BRK0057,AGGREGATOR,2025-04-01,2026-04-01,RN,13627.79,0.12,MONTHLY_DD,2025,POLARIS
ALB-CLB-0000381,P0000262,CLB,Commercial Liability,BRK0018,DIRECT,2023-05-31,2024-05-30,IF,7469.98,0.12,MONTHLY_DD,2023,POLARIS
ALB-MOT-0000382,P0001289,MOT,Private Motor,BRK0057,DIRECT,2019-10-28,2020-10-27,RN,3303.33,0.12,ANNUAL,2019,POLARIS
ALB-HOM-0000383,P0002196,HOM,Home Buildings & Contents,,BROKER,2022-10-20,2023-10-20,RN,1882.16,0.12,ANNUAL,2022,POLARIS
ALB-HOM-0000384,P0000687,HOM,Home Buildings & Contents,,DIRECT,2025-01-13,2026-01-13,IF,1082.49,0.12,MONTHLY_DD,2025,POLARIS
ALB-CLB-0000385,P0000862,CLB,Commercial Liability,BRK0019,DIRECT,2026-09-18,2027-09-18,LP,4312.41,0.12,ANNUAL,2026,LEGACY_PAS
ALB-CLB-0000386,P0001182,CLB,Commercial Liability,BRK0037,DIRECT,2026-09-12,2027-09-12,LP,11246.13,0.12,MONTHLY_DD,2026,POLARIS
ALB-CPM-0000387,P0001741,CPM,Commercial Property,BRK0056,BROKER,2020-03-31,2021-03-31,RN,2419.63,0.12,ANNUAL,2020,LEGACY_PAS
ALB-CLB-0000388,P0001400,CLB,Commercial Liability,,BROKER,2020-10-16,2021-10-16,EX,5408.5,0.12,MONTHLY_DD,2020,POLARIS
ALB-TRV-0000389,P0001174,TRV,Annual Travel,,AGGREGATOR,2022-09-17,2023-09-17,EX,265.43,0.12,MONTHLY_DD,2022,POLARIS
ALB-CLB-0000390,P0002920,CLB,Commercial Liability,BRK0023,BROKER,2019-09-14,2020-09-13,EX,4228.48,0.12,ANNUAL,2019,LEGACY_PAS
ALB-CPM-0000391,P0000071,CPM,Commercial Property,,AGGREGATOR,2018-07-10,2019-07-10,LP,1711.08,0.12,ANNUAL,2018,LEGACY_PAS
ALB-HOM-0000392,P0002932,HOM,Home Buildings & Contents,BRK0007,AGGREGATOR,2020-05-08,2021-05-08,RN,4043.93,0.12,MONTHLY_DD,2020,POLARIS
ALB-HOM-0000393,P0000559,HOM,Home Buildings & Contents,BRK0009,AGGREGATOR,2019-09-20,2020-09-19,RN,3843.11,0.12,MONTHLY_DD,2019,POLARIS
ALB-TRV-0000394,P0000546,TRV,Annual Travel,BRK0021,BROKER,2026-05-05,2027-05-05,EX,693.01,0.12,MONTHLY_DD,2026,POLARIS
ALB-PET-0000395,P0000149,PET,Pet,BRK0056,BROKER,2021-08-11,2022-08-11,IF,2663.83,0.12,MONTHLY_DD,2021,LEGACY_PAS
ALB-MOT-0000396,P0003137,MOT,Private Motor,,BROKER,2025-08-13,2026-08-13,IF,1598.87,0.12,MONTHLY_DD,2025,POLARIS
ALB-HOM-0000397,P0000802,HOM,Home Buildings & Contents,BRK0018,BROKER,2025-12-02,2026-12-02,LP,944.5,0.12,MONTHLY_DD,2025,POLARIS
ALB-TRV-0000398,P0002938,TRV,Annual Travel,BRK0057,AGGREGATOR,2026-04-04,2027-04-04,RN,936.87,0.12,MONTHLY_DD,2026,POLARIS
ALB-HOM-0000399,P0001014,HOM,Home Buildings & Contents,BRK0022,BROKER,2020-03-31,2021-03-31,LP,582.79,0.12,PREMIUM_FINANCE,2020,LEGACY_PAS
ALB-TRV-0000400,P0002989,TRV,Annual Travel,BRK0057,BROKER,2022-11-26,2023-11-26,RN,829.8,0.12,ANNUAL,2022,POLARIS
ALB-CLB-0000401,P0000090,CLB,Commercial Liability,,DIRECT,2024-07-17,2025-07-17,IF,9389.05,0.12,MONTHLY_DD,2024,LEGACY_PAS
ALB-CLB-0000402,P0002457,CLB,Commercial Liability,BRK0037,AGGREGATOR,2022-03-09,2023-03-09,IF,10420.79,0.12,MONTHLY_DD,2022,POLARIS
ALB-CLB-0000403,P0000891,CLB,Commercial Liability,,BROKER,2023-11-19,2024-11-18,EX,14680.02,0.12,PREMIUM_FINANCE,2023,POLARIS
ALB-CLB-0000404,P0002302,CLB,Commercial Liability,BRK0043,BROKER,2023-02-28,2024-02-28,IF,2286.18,0.12,MONTHLY_DD,2023,POLARIS
ALB-PET-0000405,P0000582,PET,Pet,,BROKER,2019-01-08,2020-01-08,IF,634.58,0.12,MONTHLY_DD,2019,LEGACY_PAS
ALB-HOM-0000406,P0001856,HOM,Home Buildings & Contents,BRK0009,DIRECT,2021-09-26,2022-09-26,IF,846.6,0.12,PREMIUM_FINANCE,2021,POLARIS
ALB-TRV-0000407,P0001673,TRV,Annual Travel,BRK0053,DIRECT,2023-08-17,2024-08-16,IF,3748.03,0.12,MONTHLY_DD,2023,POLARIS
ALB-TRV-0000408,P0000365,TRV,Annual Travel,,BROKER,2019-10-24,2020-10-23,EX,418.68,0.12,PREMIUM_FINANCE,2019,LEGACY_PAS
ALB-CLB-0000409,P0001249,CLB,Commercial Liability,,AGGREGATOR,2024-11-27,2025-11-27,IF,7125.52,0.12,MONTHLY_DD,2024,POLARIS
ALB-CLB-0000410,P0001189,CLB,Commercial Liability,BRK0005,DIRECT,2020-04-03,2021-04-03,IF,5412.58,0.12,PREMIUM_FINANCE,2020,POLARIS
ALB-HOM-0000411,P0002709,HOM,Home Buildings & Contents,BRK0041,DIRECT,2023-03-04,2024-03-03,IF,1845.69,0.12,MONTHLY_DD,2023,POLARIS
ALB-CPM-0000412,P0001569,CPM,Commercial Property,,BROKER,2023-01-23,2024-01-23,RN,14540.41,0.12,ANNUAL,2023,POLARIS
ALB-PET-0000413,P0000409,PET,Pet,,BROKER,2024-05-12,2025-05-12,IF,1520.36,0.12,MONTHLY_DD,2024,LEGACY_PAS
ALB-TRV-0000414,P0002246,TRV,Annual Travel,,DIRECT,2018-07-05,2019-07-05,IF,2763.64,0.12,PREMIUM_FINANCE,2018,POLARIS
ALB-CLB-0000415,P0000183,CLB,Commercial Liability,,DIRECT,2021-01-21,2022-01-21,IF,8709.65,0.12,PREMIUM_FINANCE,2021,POLARIS
ALB-MOT-0000416,P0001299,MOT,Private Motor,BRK0023,DIRECT,2026-12-14,2027-12-14,EX,3175.52,0.12,MONTHLY_DD,2026,POLARIS
ALB-CLB-0000417,P0000325,CLB,Commercial Liability,BRK0011,AGGREGATOR,2020-09-18,2021-09-18,LP,7372.33,0.12,MONTHLY_DD,2020,LEGACY_PAS
ALB-PET-0000418,P0001699,PET,Pet,BRK0029,BROKER,2018-10-23,2019-10-23,EX,870.47,0.12,MONTHLY_DD,2018,POLARIS
ALB-CPM-0000419,P0002865,CPM,Commercial Property,BRK0060,DIRECT,2026-04-19,2027-04-19,EX,4645.3,0.12,ANNUAL,2026,POLARIS
ALB-MOT-0000420,P0001039,MOT,Private Motor,,BROKER,2024-01-09,2025-01-08,EX,2003.27,0.12,ANNUAL,2024,POLARIS
ALB-CLB-0000421,P0002340,CLB,Commercial Liability,BRK0042,BROKER,2025-11-14,2026-11-14,CN,11958.4,0.12,MONTHLY_DD,2025,POLARIS
ALB-CPM-0000422,P0001772,CPM,Commercial Property,,BROKER,2019-12-26,2020-12-25,IF,2007.41,0.12,ANNUAL,2019,LEGACY_PAS
ALB-TRV-0000423,P0003151,TRV,Annual Travel,BRK0050,DIRECT,2022-05-16,2023-05-16,IF,1223.83,0.12,MONTHLY_DD,2022,POLARIS
ALB-MOT-0000424,P0000662,MOT,Private Motor,,DIRECT,2024-10-26,2025-10-26,LP,2061.55,0.12,MONTHLY_DD,2024,POLARIS
ALB-CLB-0000425,P0000416,CLB,Commercial Liability,BRK0014,BROKER,2021-07-27,2022-07-27,RN,1682.45,0.12,MONTHLY_DD,2021,POLARIS
ALB-HOM-0000426,P0001435,HOM,Home Buildings & Contents,BRK0004,BROKER,2020-09-06,2021-09-06,RN,2085.31,0.12,MONTHLY_DD,2020,POLARIS
ALB-PET-0000427,P0001961,PET,Pet,BRK0006,BROKER,2024-03-04,2025-03-04,RN,3269.95,0.12,ANNUAL,2024,POLARIS
ALB-HOM-0000428,P0000944,HOM,Home Buildings & Contents,,BROKER,2020-07-19,2021-07-19,IF,982.79,0.12,ANNUAL,2020,LEGACY_PAS
ALB-PET-0000429,P0001703,PET,Pet,BRK0060,AGGREGATOR,2022-12-28,2023-12-28,LP,3863.13,0.12,ANNUAL,2022,POLARIS
ALB-CPM-0000430,P0000375,CPM,Commercial Property,,DIRECT,2022-08-26,2023-08-26,RN,9215.35,0.12,MONTHLY_DD,2022,POLARIS
ALB-CLB-0000431,P0001689,CLB,Commercial Liability,,BROKER,2022-11-06,2023-11-06,IF,5807.12,0.12,PREMIUM_FINANCE,2022,POLARIS
ALB-CLB-0000432,P0000846,CLB,Commercial Liability,BRK0005,BROKER,2025-04-29,2026-04-29,EX,10358.29,0.12,ANNUAL,2025,POLARIS
ALB-TRV-0000433,P0002907,TRV,Annual Travel,BRK0057,AGGREGATOR,2022-11-05,2023-11-05,RN,1012.76,0.12,ANNUAL,2022,POLARIS
ALB-PET-0000434,P0001235,PET,Pet,BRK0009,AGGREGATOR,2019-11-23,2020-11-22,IF,3214.56,0.12,MONTHLY_DD,2019,LEGACY_PAS
ALB-CLB-0000435,P0002096,CLB,Commercial Liability,BRK0049,DIRECT,2021-08-07,2022-08-07,LP,12221.84,0.12,ANNUAL,2021,POLARIS
ALB-PET-0000436,P0001665,PET,Pet,,BROKER,2022-11-30,2023-11-30,RN,2390.12,0.12,ANNUAL,2022,POLARIS
ALB-MOT-0000437,P0002033,MOT,Private Motor,BRK0006,BROKER,2025-08-31,2026-08-31,IF,206.19,0.12,PREMIUM_FINANCE,2025,LEGACY_PAS
ALB-CLB-0000438,P0003024,CLB,Commercial Liability,BRK0030,DIRECT,2018-11-09,2019-11-09,IF,1205.59,0.12,ANNUAL,2018,LEGACY_PAS
ALB-MOT-0000439,P0001369,MOT,Private Motor,,AGGREGATOR,2019-03-15,2020-03-14,IF,749.79,0.12,MONTHLY_DD,2019,POLARIS
ALB-MOT-0000440,P0001036,MOT,Private Motor,,DIRECT,2018-03-09,2019-03-09,LP,683.98,0.12,ANNUAL,2018,LEGACY_PAS
ALB-HOM-0000441,P0001219,HOM,Home Buildings & Contents,BRK0056,BROKER,2023-03-18,2024-03-17,EX,3116.03,0.12,PREMIUM_FINANCE,2023,POLARIS
ALB-HOM-0000442,P0001167,HOM,Home Buildings & Contents,,BROKER,2022-05-07,2023-05-07,RN,2228.87,0.12,PREMIUM_FINANCE,2022,POLARIS
ALB-TRV-0000443,P0001253,TRV,Annual Travel,BRK0033,BROKER,2023-05-18,2024-05-17,RN,3906.53,0.12,ANNUAL,2023,LEGACY_PAS
ALB-CLB-0000444,P0000365,CLB,Commercial Liability,,DIRECT,2020-08-10,2021-08-10,IF,2495.56,0.12,PREMIUM_FINANCE,2020,LEGACY_PAS
ALB-MOT-0000445,P0000553,MOT,Private Motor,BRK0056,BROKER,2023-01-27,2024-01-27,IF,2756.75,0.12,MONTHLY_DD,2023,POLARIS
ALB-CPM-0000446,P0001215,CPM,Commercial Property,BRK0020,DIRECT,2021-03-05,2022-03-05,RN,12689.5,0.12,ANNUAL,2021,LEGACY_PAS
ALB-CLB-0000447,P0001704,CLB,Commercial Liability,BRK0021,AGGREGATOR,2018-06-20,2019-06-20,CN,8294.25,0.12,ANNUAL,2018,POLARIS
ALB-CPM-0000448,P0001716,CPM,Commercial Property,BRK0021,DIRECT,2020-01-24,2021-01-23,CN,14287.63,0.12,ANNUAL,2020,LEGACY_PAS
ALB-MOT-0000449,P0003086,MOT,Private Motor,,BROKER,2024-05-05,2025-05-05,EX,1717.8,0.12,ANNUAL,2024,LEGACY_PAS
ALB-CLB-0000450,P0000648,CLB,Commercial Liability,BRK0059,DIRECT,2021-10-13,2022-10-13,EX,6986.76,0.12,ANNUAL,2021,LEGACY_PAS
ALB-CPM-0000451,P0001735,CPM,Commercial Property,,BROKER,2018-03-03,2019-03-03,IF,12082.36,0.12,MONTHLY_DD,2018,LEGACY_PAS
ALB-CLB-0000452,P0003018,CLB,Commercial Liability,BRK0031,BROKER,2026-07-16,2027-07-16,LP,1732.41,0.12,PREMIUM_FINANCE,2026,POLARIS
ALB-CPM-0000453,P0000960,CPM,Commercial Property,BRK0022,DIRECT,2025-01-05,2026-01-05,CN,5732.32,0.12,PREMIUM_FINANCE,2025,POLARIS
ALB-CPM-0000454,P0000571,CPM,Commercial Property,BRK0010,BROKER,2025-01-08,2026-01-08,IF,14030.81,0.12,MONTHLY_DD,2025,POLARIS
ALB-CPM-0000455,P0003015,CPM,Commercial Property,,BROKER,2019-09-07,2020-09-06,IF,8739.17,0.12,ANNUAL,2019,POLARIS
ALB-CLB-0000456,P0000988,CLB,Commercial Liability,,BROKER,2026-07-29,2027-07-29,EX,8826.67,0.12,MONTHLY_DD,2026,POLARIS
ALB-TRV-0000457,P0002710,TRV,Annual Travel,BRK0029,AGGREGATOR,2024-09-30,2025-09-30,IF,2396.2,0.12,PREMIUM_FINANCE,2024,POLARIS
ALB-CLB-0000458,P0000032,CLB,Commercial Liability,BRK0025,AGGREGATOR,2024-03-08,2025-03-08,LP,3195.57,0.12,MONTHLY_DD,2024,LEGACY_PAS
ALB-MOT-0000459,P0001348,MOT,Private Motor,BRK0022,BROKER,2021-06-01,2022-06-01,IF,1226.08,0.12,ANNUAL,2021,LEGACY_PAS
ALB-MOT-0000460,P0000636,MOT,Private Motor,,AGGREGATOR,2022-04-15,2023-04-15,RN,1423.89,0.12,MONTHLY_DD,2022,LEGACY_PAS
ALB-CLB-0000461,P0002517,CLB,Commercial Liability,BRK0012,AGGREGATOR,2019-05-21,2020-05-20,RN,10521.64,0.12,MONTHLY_DD,2019,POLARIS
ALB-MOT-0000462,P0000042,MOT,Private Motor,BRK0008,AGGREGATOR,2023-10-22,2024-10-21,IF,3886.81,0.12,PREMIUM_FINANCE,2023,POLARIS
ALB-MOT-0000463,P0002252,MOT,Private Motor,,DIRECT,2026-06-19,2027-06-19,EX,2997.02,0.12,ANNUAL,2026,POLARIS
ALB-PET-0000464,P0002563,PET,Pet,BRK0022,BROKER,2018-01-06,2019-01-06,EX,3207.23,0.12,ANNUAL,2018,POLARIS
ALB-TRV-0000465,P0000700,TRV,Annual Travel,BRK0057,DIRECT,2019-02-01,2020-02-01,CN,2554.2,0.12,ANNUAL,2019,LEGACY_PAS
ALB-CLB-0000466,P0001151,CLB,Commercial Liability,,BROKER,2020-12-16,2021-12-16,LP,2198.46,0.12,ANNUAL,2020,POLARIS
ALB-TRV-0000467,P0002802,TRV,Annual Travel,,DIRECT,2020-01-03,2021-01-02,IF,414.03,0.12,PREMIUM_FINANCE,2020,POLARIS
ALB-CLB-0000468,P0002682,CLB,Commercial Liability,BRK0032,BROKER,2022-10-19,2023-10-19,IF,4014.21,0.12,PREMIUM_FINANCE,2022,POLARIS
ALB-CLB-0000469,P0002917,CLB,Commercial Liability,BRK0011,BROKER,2021-04-20,2022-04-20,IF,4047.59,0.12,PREMIUM_FINANCE,2021,POLARIS
ALB-MOT-0000470,P0001097,MOT,Private Motor,,DIRECT,2026-01-22,2027-01-22,IF,1627.7,0.12,MONTHLY_DD,2026,POLARIS
ALB-HOM-0000471,P0001768,HOM,Home Buildings & Contents,,BROKER,2021-07-13,2022-07-13,RN,474.55,0.12,MONTHLY_DD,2021,POLARIS
ALB-TRV-0000472,P0001777,TRV,Annual Travel,,BROKER,2023-08-12,2024-08-11,IF,2105.03,0.12,PREMIUM_FINANCE,2023,POLARIS
ALB-MOT-0000473,P0000412,MOT,Private Motor,,DIRECT,2019-12-30,2020-12-29,CN,2788.51,0.12,PREMIUM_FINANCE,2019,LEGACY_PAS
ALB-CLB-0000474,P0001397,CLB,Commercial Liability,BRK0059,BROKER,2019-05-10,2020-05-09,CN,8381.35,0.12,PREMIUM_FINANCE,2019,POLARIS
ALB-MOT-0000475,P0001573,MOT,Private Motor,BRK0022,DIRECT,2019-06-24,2020-06-23,IF,3177.09,0.12,MONTHLY_DD,2019,POLARIS
ALB-CPM-0000476,P0000668,CPM,Commercial Property,,DIRECT,2024-08-22,2025-08-22,IF,11669.2,0.12,PREMIUM_FINANCE,2024,POLARIS
ALB-TRV-0000477,P0001379,TRV,Annual Travel,,BROKER,2020-07-22,2021-07-22,CN,1784.42,0.12,ANNUAL,2020,POLARIS
ALB-CPM-0000478,P0002298,CPM,Commercial Property,BRK0018,AGGREGATOR,2020-01-08,2021-01-07,RN,13238.36,0.12,MONTHLY_DD,2020,POLARIS
ALB-MOT-0000479,P0001884,MOT,Private Motor,,DIRECT,2024-02-12,2025-02-11,IF,2655.05,0.12,ANNUAL,2024,POLARIS
ALB-CLB-0000480,P0001818,CLB,Commercial Liability,,DIRECT,2018-07-07,2019-07-07,IF,1878.29,0.12,MONTHLY_DD,2018,POLARIS
ALB-CLB-0000481,P0000007,CLB,Commercial Liability,BRK0007,BROKER,2024-03-22,2025-03-22,IF,14669.9,0.12,MONTHLY_DD,2024,POLARIS
ALB-HOM-0000482,P0002094,HOM,Home Buildings & Contents,,BROKER,2021-06-28,2022-06-28,RN,3620.14,0.12,ANNUAL,2021,POLARIS
ALB-PET-0000483,P0001211,PET,Pet,BRK0010,DIRECT,2022-04-13,2023-04-13,RN,2320.75,0.12,MONTHLY_DD,2022,POLARIS
ALB-MOT-0000484,P0002375,MOT,Private Motor,BRK0034,DIRECT,2026-07-13,2027-07-13,IF,547.58,0.12,MONTHLY_DD,2026,POLARIS
ALB-MOT-0000485,P0001474,MOT,Private Motor,BRK0006,BROKER,2018-09-08,2019-09-08,IF,2666.19,0.12,ANNUAL,2018,POLARIS
ALB-TRV-0000486,P0003179,TRV,Annual Travel,,BROKER,2022-05-18,2023-05-18,IF,196.7,0.12,MONTHLY_DD,2022,POLARIS
ALB-PET-0000487,P0003006,PET,Pet,,BROKER,2022-08-22,2023-08-22,IF,2954.29,0.12,MONTHLY_DD,2022,POLARIS
ALB-CPM-0000488,P0002455,CPM,Commercial Property,BRK0054,AGGREGATOR,2023-06-25,2024-06-24,IF,4984.97,0.12,MONTHLY_DD,2023,POLARIS
ALB-TRV-0000489,P0002352,TRV,Annual Travel,BRK0017,BROKER,2024-10-11,2025-10-11,IF,3318.58,0.12,ANNUAL,2024,POLARIS
ALB-TRV-0000490,P0001267,TRV,Annual Travel,BRK0037,BROKER,2026-06-24,2027-06-24,RN,513.43,0.12,ANNUAL,2026,LEGACY_PAS
ALB-MOT-0000491,P0000626,MOT,Private Motor,BRK0043,AGGREGATOR,2025-12-06,2026-12-06,EX,479.01,0.12,MONTHLY_DD,2025,LEGACY_PAS
ALB-TRV-0000492,P0000449,TRV,Annual Travel,BRK0040,BROKER,2026-04-02,2027-04-02,LP,3654.28,0.12,MONTHLY_DD,2026,POLARIS
ALB-TRV-0000493,P0001599,TRV,Annual Travel,BRK0007,DIRECT,2023-11-29,2024-11-28,EX,1155.99,0.12,MONTHLY_DD,2023,LEGACY_PAS
ALB-HOM-0000494,P0002360,HOM,Home Buildings & Contents,,DIRECT,2021-11-17,2022-11-17,RN,1185.77,0.12,ANNUAL,2021,LEGACY_PAS
ALB-MOT-0000495,P0001972,MOT,Private Motor,BRK0053,AGGREGATOR,2026-09-26,2027-09-26,EX,1652.07,0.12,ANNUAL,2026,POLARIS
ALB-PET-0000496,P0001591,PET,Pet,BRK0028,BROKER,2022-04-23,2023-04-23,EX,2965.67,0.12,ANNUAL,2022,POLARIS
ALB-TRV-0000497,P0001373,TRV,Annual Travel,BRK0008,BROKER,2026-09-02,2027-09-02,CN,630.75,0.12,PREMIUM_FINANCE,2026,POLARIS
ALB-CLB-0000498,P0002140,CLB,Commercial Liability,BRK0037,BROKER,2025-05-15,2026-05-15,IF,5379.99,0.12,ANNUAL,2025,POLARIS
ALB-CPM-0000499,P0002586,CPM,Commercial Property,BRK0047,AGGREGATOR,2020-01-31,2021-01-30,CN,13070.55,0.12,ANNUAL,2020,POLARIS
ALB-PET-0000500,P0000321,PET,Pet,,BROKER,2018-04-26,2019-04-26,LP,3860.96,0.12,ANNUAL,2018,LEGACY_PAS
ALB-CPM-0000501,P0002573,CPM,Commercial Property,BRK0005,DIRECT,2025-03-29,2026-03-29,IF,1293.69,0.12,MONTHLY_DD,2025,POLARIS
ALB-CPM-0000502,P0002604,CPM,Commercial Property,,BROKER,2026-04-21,2027-04-21,EX,11208.38,0.12,PREMIUM_FINANCE,2026,POLARIS
ALB-CLB-0000503,P0002470,CLB,Commercial Liability,,BROKER,2023-07-25,2024-07-24,RN,3681.71,0.12,MONTHLY_DD,2023,POLARIS
ALB-HOM-0000504,P0000985,HOM,Home Buildings & Contents,BRK0001,BROKER,2024-07-15,2025-07-15,RN,3502.13,0.12,ANNUAL,2024,POLARIS
ALB-PET-0000505,P0001722,PET,Pet,,DIRECT,2024-03-19,2025-03-19,IF,3136.17,0.12,PREMIUM_FINANCE,2024,POLARIS
ALB-MOT-0000506,P0001246,MOT,Private Motor,BRK0023,BROKER,2021-10-21,2022-10-21,IF,3137.84,0.12,MONTHLY_DD,2021,POLARIS
ALB-MOT-0000507,P0002449,MOT,Private Motor,,BROKER,2024-11-06,2025-11-06,IF,406.35,0.12,MONTHLY_DD,2024,POLARIS
ALB-HOM-0000508,P0001602,HOM,Home Buildings & Contents,BRK0037,AGGREGATOR,2022-06-06,2023-06-06,RN,453.36,0.12,MONTHLY_DD,2022,POLARIS
ALB-TRV-0000509,P0002137,TRV,Annual Travel,BRK0027,DIRECT,2020-12-28,2021-12-28,RN,2353.95,0.12,PREMIUM_FINANCE,2020,POLARIS
ALB-HOM-0000510,P0002870,HOM,Home Buildings & Contents,BRK0005,BROKER,2022-05-12,2023-05-12,EX,2880.51,0.12,MONTHLY_DD,2022,POLARIS
ALB-TRV-0000511,P0002449,TRV,Annual Travel,BRK0044,DIRECT,2026-01-11,2027-01-11,EX,2473.58,0.12,MONTHLY_DD,2026,POLARIS
ALB-PET-0000512,P0001465,PET,Pet,,DIRECT,2025-12-07,2026-12-07,RN,2648.73,0.12,ANNUAL,2025,POLARIS
ALB-CLB-0000513,P0000395,CLB,Commercial Liability,,DIRECT,2019-07-21,2020-07-20,IF,12342.14,0.12,MONTHLY_DD,2019,POLARIS
ALB-TRV-0000514,P0002185,TRV,Annual Travel,BRK0017,BROKER,2021-10-15,2022-10-15,EX,344.58,0.12,PREMIUM_FINANCE,2021,POLARIS
ALB-CLB-0000515,P0003043,CLB,Commercial Liability,,BROKER,2026-02-02,2027-02-02,EX,8127.34,0.12,MONTHLY_DD,2026,POLARIS
ALB-MOT-0000516,P0001508,MOT,Private Motor,,BROKER,2019-02-20,2020-02-20,IF,2487.4,0.12,MONTHLY_DD,2019,POLARIS
ALB-CLB-0000517,P0001141,CLB,Commercial Liability,BRK0018,AGGREGATOR,2018-11-27,2019-11-27,IF,2997.13,0.12,PREMIUM_FINANCE,2018,LEGACY_PAS
ALB-HOM-0000518,P0001269,HOM,Home Buildings & Contents,BRK0049,AGGREGATOR,2024-03-11,2025-03-11,EX,3183.53,0.12,PREMIUM_FINANCE,2024,POLARIS
ALB-TRV-0000519,P0001200,TRV,Annual Travel,,BROKER,2019-12-26,2020-12-25,IF,2322.45,0.12,ANNUAL,2019,POLARIS
ALB-HOM-0000520,P0003083,HOM,Home Buildings & Contents,,BROKER,2020-06-02,2021-06-02,IF,833.48,0.12,MONTHLY_DD,2020,POLARIS
ALB-PET-0000521,P0000991,PET,Pet,,BROKER,2021-07-28,2022-07-28,CN,1425.74,0.12,PREMIUM_FINANCE,2021,LEGACY_PAS
ALB-MOT-0000522,P0000732,MOT,Private Motor,,BROKER,2026-05-20,2027-05-20,EX,348.82,0.12,PREMIUM_FINANCE,2026,POLARIS
ALB-MOT-0000523,P0001715,MOT,Private Motor,BRK0051,AGGREGATOR,2023-06-19,2024-06-18,RN,3066.17,0.12,MONTHLY_DD,2023,POLARIS
ALB-MOT-0000524,P0002542,MOT,Private Motor,,AGGREGATOR,2025-10-18,2026-10-18,EX,2475.96,0.12,MONTHLY_DD,2025,LEGACY_PAS
ALB-PET-0000525,P0002052,PET,Pet,BRK0037,BROKER,2022-06-14,2023-06-14,IF,453.96,0.12,ANNUAL,2022,POLARIS
ALB-PET-0000526,P0002928,PET,Pet,BRK0026,BROKER,2022-07-13,2023-07-13,LP,835.22,0.12,ANNUAL,2022,LEGACY_PAS
ALB-CPM-0000527,P0002564,CPM,Commercial Property,BRK0059,AGGREGATOR,2018-05-18,2019-05-18,IF,993.59,0.12,PREMIUM_FINANCE,2018,POLARIS
ALB-MOT-0000528,P0000096,MOT,Private Motor,BRK0028,AGGREGATOR,2018-08-13,2019-08-13,LP,1377.22,0.12,PREMIUM_FINANCE,2018,POLARIS
ALB-MOT-0000529,P0000976,MOT,Private Motor,BRK0028,BROKER,2022-03-14,2023-03-14,LP,3781.83,0.12,PREMIUM_FINANCE,2022,LEGACY_PAS
ALB-HOM-0000530,P0000090,HOM,Home Buildings & Contents,BRK0059,DIRECT,2019-04-11,2020-04-10,RN,2353.52,0.12,MONTHLY_DD,2019,POLARIS
ALB-TRV-0000531,P0000795,TRV,Annual Travel,BRK0026,DIRECT,2018-04-30,2019-04-30,IF,1091.85,0.12,ANNUAL,2018,LEGACY_PAS
ALB-HOM-0000532,P0001870,HOM,Home Buildings & Contents,,BROKER,2018-01-20,2019-01-20,LP,1050.5,0.12,PREMIUM_FINANCE,2018,POLARIS
ALB-HOM-0000533,P0003179,HOM,Home Buildings & Contents,BRK0024,BROKER,2020-07-20,2021-07-20,RN,3762.49,0.12,MONTHLY_DD,2020,LEGACY_PAS
ALB-TRV-0000534,P0001540,TRV,Annual Travel,BRK0049,BROKER,2024-02-12,2025-02-11,IF,3519.65,0.12,ANNUAL,2024,POLARIS
ALB-CPM-0000535,P0002301,CPM,Commercial Property,,BROKER,2023-09-13,2024-09-12,EX,10875.24,0.12,MONTHLY_DD,2023,POLARIS
ALB-TRV-0000536,P0001171,TRV,Annual Travel,,DIRECT,2026-11-23,2027-11-23,IF,1541.82,0.12,ANNUAL,2026,POLARIS
ALB-CLB-0000537,P0000360,CLB,Commercial Liability,BRK0017,BROKER,2024-07-10,2025-07-10,IF,2565.27,0.12,MONTHLY_DD,2024,LEGACY_PAS
ALB-CLB-0000538,P0002527,CLB,Commercial Liability,BRK0012,DIRECT,2024-04-10,2025-04-10,EX,1913.2,0.12,MONTHLY_DD,2024,LEGACY_PAS
ALB-MOT-0000539,P0001337,MOT,Private Motor,BRK0017,AGGREGATOR,2018-12-21,2019-12-21,RN,2111.78,0.12,ANNUAL,2018,POLARIS
ALB-CLB-0000540,P0001960,CLB,Commercial Liability,BRK0013,DIRECT,2023-06-11,2024-06-10,IF,6890.39,0.12,MONTHLY_DD,2023,POLARIS
ALB-HOM-0000541,P0000075,HOM,Home Buildings & Contents,,AGGREGATOR,2018-10-03,2019-10-03,RN,1944.15,0.12,PREMIUM_FINANCE,2018,POLARIS
ALB-TRV-0000542,P0002329,TRV,Annual Travel,BRK0034,DIRECT,2018-08-13,2019-08-13,EX,2862.81,0.12,MONTHLY_DD,2018,LEGACY_PAS
ALB-CLB-0000543,P0001159,CLB,Commercial Liability,,DIRECT,2019-12-17,2020-12-16,EX,5280.29,0.12,PREMIUM_FINANCE,2019,POLARIS
ALB-TRV-0000544,P0001213,TRV,Annual Travel,BRK0050,BROKER,2019-12-20,2020-12-19,IF,460.08,0.12,ANNUAL,2019,LEGACY_PAS
ALB-MOT-0000545,P0001303,MOT,Private Motor,BRK0005,DIRECT,2021-11-18,2022-11-18,IF,713.21,0.12,ANNUAL,2021,POLARIS
ALB-CPM-0000546,P0002575,CPM,Commercial Property,BRK0048,AGGREGATOR,2023-08-18,2024-08-17,RN,7443.87,0.12,MONTHLY_DD,2023,POLARIS
ALB-MOT-0000547,P0001290,MOT,Private Motor,,DIRECT,2025-03-02,2026-03-02,IF,3549.24,0.12,ANNUAL,2025,POLARIS
ALB-CLB-0000548,P0003139,CLB,Commercial Liability,BRK0007,AGGREGATOR,2021-12-04,2022-12-04,RN,9270.14,0.12,PREMIUM_FINANCE,2021,POLARIS
ALB-HOM-0000549,P0002835,HOM,Home Buildings & Contents,BRK0025,AGGREGATOR,2020-01-24,2021-01-23,IF,492.94,0.12,ANNUAL,2020,POLARIS
ALB-CLB-0000550,P0002696,CLB,Commercial Liability,BRK0051,AGGREGATOR,2024-09-28,2025-09-28,IF,7472.49,0.12,ANNUAL,2024,POLARIS
ALB-CPM-0000551,P0001554,CPM,Commercial Property,BRK0052,AGGREGATOR,2020-09-03,2021-09-03,IF,13865.47,0.12,MONTHLY_DD,2020,POLARIS
ALB-MOT-0000552,P0002673,MOT,Private Motor,,DIRECT,2023-08-12,2024-08-11,IF,755.37,0.12,ANNUAL,2023,LEGACY_PAS
ALB-PET-0000553,P0002186,PET,Pet,,BROKER,2022-12-19,2023-12-19,EX,1446.48,0.12,MONTHLY_DD,2022,POLARIS
ALB-CLB-0000554,P0002813,CLB,Commercial Liability,,BROKER,2020-06-06,2021-06-06,IF,3169.24,0.12,ANNUAL,2020,POLARIS
ALB-CPM-0000555,P0000272,CPM,Commercial Property,BRK0052,DIRECT,2026-11-19,2027-11-19,CN,4021.5,0.12,ANNUAL,2026,POLARIS
ALB-CPM-0000556,P0001468,CPM,Commercial Property,BRK0034,AGGREGATOR,2023-10-03,2024-10-02,RN,8007.92,0.12,MONTHLY_DD,2023,POLARIS
ALB-PET-0000557,P0001857,PET,Pet,BRK0007,AGGREGATOR,2023-09-22,2024-09-21,IF,1526.31,0.12,ANNUAL,2023,POLARIS
ALB-PET-0000558,P0000589,PET,Pet,BRK0037,DIRECT,2021-05-09,2022-05-09,IF,2632.82,0.12,MONTHLY_DD,2021,POLARIS
ALB-TRV-0000559,P0000252,TRV,Annual Travel,BRK0034,BROKER,2022-06-24,2023-06-24,EX,292.95,0.12,ANNUAL,2022,POLARIS
ALB-PET-0000560,P0001744,PET,Pet,,AGGREGATOR,2022-07-19,2023-07-19,LP,1513.03,0.12,MONTHLY_DD,2022,POLARIS
ALB-PET-0000561,P0001097,PET,Pet,,BROKER,2026-07-07,2027-07-07,IF,3829.84,0.12,MONTHLY_DD,2026,POLARIS
ALB-CLB-0000562,P0000573,CLB,Commercial Liability,BRK0016,DIRECT,2018-06-25,2019-06-25,RN,3060.69,0.12,PREMIUM_FINANCE,2018,POLARIS
ALB-CLB-0000563,P0000378,CLB,Commercial Liability,,BROKER,2018-11-24,2019-11-24,IF,1165.51,0.12,MONTHLY_DD,2018,LEGACY_PAS
ALB-CLB-0000564,P0002644,CLB,Commercial Liability,BRK0003,BROKER,2023-09-11,2024-09-10,IF,3587.69,0.12,PREMIUM_FINANCE,2023,LEGACY_PAS
ALB-PET-0000565,P0002742,PET,Pet,BRK0035,AGGREGATOR,2019-11-08,2020-11-07,EX,2143.99,0.12,MONTHLY_DD,2019,POLARIS
ALB-CPM-0000566,P0000317,CPM,Commercial Property,BRK0047,BROKER,2018-08-09,2019-08-09,LP,3523.38,0.12,MONTHLY_DD,2018,POLARIS
ALB-CPM-0000567,P0001902,CPM,Commercial Property,BRK0017,AGGREGATOR,2026-05-18,2027-05-18,IF,2891.96,0.12,ANNUAL,2026,POLARIS
ALB-HOM-0000568,P0002605,HOM,Home Buildings & Contents,,BROKER,2018-11-14,2019-11-14,CN,3464.5,0.12,PREMIUM_FINANCE,2018,POLARIS
ALB-PET-0000569,P0002720,PET,Pet,,BROKER,2020-11-20,2021-11-20,IF,3055.31,0.12,ANNUAL,2020,POLARIS
ALB-CPM-0000570,P0001405,CPM,Commercial Property,,DIRECT,2019-12-14,2020-12-13,IF,6579.18,0.12,MONTHLY_DD,2019,POLARIS
ALB-HOM-0000571,P0002235,HOM,Home Buildings & Contents,BRK0043,AGGREGATOR,2019-07-22,2020-07-21,IF,554.56,0.12,ANNUAL,2019,LEGACY_PAS
ALB-CPM-0000572,P0001498,CPM,Commercial Property,,DIRECT,2023-08-18,2024-08-17,RN,3379.97,0.12,ANNUAL,2023,POLARIS
ALB-MOT-0000573,P0001095,MOT,Private Motor,BRK0043,BROKER,2019-06-07,2020-06-06,EX,3268.81,0.12,PREMIUM_FINANCE,2019,POLARIS
ALB-CLB-0000574,P0002539,CLB,Commercial Liability,,BROKER,2025-07-26,2026-07-26,LP,10755.3,0.12,PREMIUM_FINANCE,2025,POLARIS
ALB-PET-0000575,P0002920,PET,Pet,BRK0039,AGGREGATOR,2021-05-15,2022-05-15,LP,3997.13,0.12,ANNUAL,2021,POLARIS
ALB-PET-0000576,P0000452,PET,Pet,BRK0032,BROKER,2026-06-19,2027-06-19,LP,1849.17,0.12,MONTHLY_DD,2026,POLARIS
ALB-TRV-0000577,P0000645,TRV,Annual Travel,BRK0015,DIRECT,2021-04-26,2022-04-26,IF,3095.33,0.12,ANNUAL,2021,POLARIS
ALB-PET-0000578,P0001175,PET,Pet,BRK0037,BROKER,2023-10-05,2024-10-04,IF,580.17,0.12,PREMIUM_FINANCE,2023,POLARIS
ALB-CPM-0000579,P0001413,CPM,Commercial Property,,DIRECT,2025-12-26,2026-12-26,RN,5948.65,0.12,MONTHLY_DD,2025,POLARIS
ALB-TRV-0000580,P0000768,TRV,Annual Travel,BRK0008,DIRECT,2025-02-09,2026-02-09,IF,801.55,0.12,ANNUAL,2025,POLARIS
ALB-HOM-0000581,P0001798,HOM,Home Buildings & Contents,BRK0028,AGGREGATOR,2023-10-16,2024-10-15,EX,2380.35,0.12,PREMIUM_FINANCE,2023,LEGACY_PAS
ALB-CLB-0000582,P0002925,CLB,Commercial Liability,BRK0040,AGGREGATOR,2021-06-13,2022-06-13,RN,7575.45,0.12,MONTHLY_DD,2021,POLARIS
ALB-CLB-0000583,P0002983,CLB,Commercial Liability,BRK0041,AGGREGATOR,2025-08-30,2026-08-30,RN,8554.22,0.12,ANNUAL,2025,POLARIS
ALB-HOM-0000584,P0002914,HOM,Home Buildings & Contents,BRK0002,BROKER,2021-11-16,2022-11-16,IF,939.4,0.12,PREMIUM_FINANCE,2021,LEGACY_PAS
ALB-TRV-0000585,P0002084,TRV,Annual Travel,BRK0056,BROKER,2018-01-22,2019-01-22,LP,4041.34,0.12,ANNUAL,2018,POLARIS
ALB-HOM-0000586,P0000966,HOM,Home Buildings & Contents,BRK0046,BROKER,2026-05-30,2027-05-30,IF,2358.0,0.12,PREMIUM_FINANCE,2026,POLARIS
ALB-CPM-0000587,P0002340,CPM,Commercial Property,,BROKER,2018-05-05,2019-05-05,IF,6018.42,0.12,PREMIUM_FINANCE,2018,LEGACY_PAS
ALB-TRV-0000588,P0001172,TRV,Annual Travel,,AGGREGATOR,2024-01-07,2025-01-06,IF,3431.57,0.12,MONTHLY_DD,2024,POLARIS
ALB-TRV-0000589,P0000499,TRV,Annual Travel,BRK0004,DIRECT,2020-02-24,2021-02-23,RN,3357.99,0.12,MONTHLY_DD,2020,POLARIS
ALB-PET-0000590,P0002059,PET,Pet,BRK0059,BROKER,2023-03-08,2024-03-07,LP,3310.94,0.12,MONTHLY_DD,2023,POLARIS
ALB-MOT-0000591,P0001427,MOT,Private Motor,BRK0026,AGGREGATOR,2019-09-22,2020-09-21,LP,3796.83,0.12,PREMIUM_FINANCE,2019,POLARIS
ALB-MOT-0000592,P0001897,MOT,Private Motor,,BROKER,2025-09-30,2026-09-30,LP,1584.88,0.12,ANNUAL,2025,LEGACY_PAS
ALB-CPM-0000593,P0001751,CPM,Commercial Property,BRK0058,BROKER,2020-11-19,2021-11-19,CN,9574.44,0.12,MONTHLY_DD,2020,POLARIS
ALB-CLB-0000594,P0001625,CLB,Commercial Liability,,AGGREGATOR,2025-05-27,2026-05-27,LP,4208.58,0.12,ANNUAL,2025,LEGACY_PAS
ALB-MOT-0000595,P0001250,MOT,Private Motor,BRK0045,BROKER,2018-03-13,2019-03-13,IF,3814.07,0.12,MONTHLY_DD,2018,LEGACY_PAS
ALB-HOM-0000596,P0001078,HOM,Home Buildings & Contents,BRK0049,BROKER,2023-01-07,2024-01-07,RN,2146.2,0.12,MONTHLY_DD,2023,POLARIS
ALB-HOM-0000597,P0000740,HOM,Home Buildings & Contents,,DIRECT,2021-08-24,2022-08-24,CN,3964.98,0.12,ANNUAL,2021,POLARIS
ALB-HOM-0000598,P0003157,HOM,Home Buildings & Contents,BRK0016,BROKER,2025-03-15,2026-03-15,LP,3681.12,0.12,ANNUAL,2025,POLARIS
ALB-TRV-0000599,P0000486,TRV,Annual Travel,,AGGREGATOR,2023-07-16,2024-07-15,IF,2036.52,0.12,MONTHLY_DD,2023,POLARIS
ALB-MOT-0000600,P0002669,MOT,Private Motor,BRK0008,DIRECT,2018-05-27,2019-05-27,IF,1593.02,0.12,ANNUAL,2018,POLARIS
ALB-TRV-0000601,P0001099,TRV,Annual Travel,,BROKER,2024-10-27,2025-10-27,LP,2685.06,0.12,ANNUAL,2024,POLARIS
ALB-PET-0000602,P0000350,PET,Pet,,BROKER,2018-08-18,2019-08-18,IF,4081.49,0.12,PREMIUM_FINANCE,2018,POLARIS
ALB-CLB-0000603,P0001311,CLB,Commercial Liability,BRK0002,DIRECT,2021-11-24,2022-11-24,RN,10142.37,0.12,ANNUAL,2021,LEGACY_PAS
ALB-PET-0000604,P0001888,PET,Pet,BRK0049,BROKER,2019-02-08,2020-02-08,EX,1032.2,0.12,MONTHLY_DD,2019,POLARIS
ALB-TRV-0000605,P0000789,TRV,Annual Travel,BRK0025,DIRECT,2018-08-11,2019-08-11,LP,2340.76,0.12,MONTHLY_DD,2018,POLARIS
ALB-HOM-0000606,P0002735,HOM,Home Buildings & Contents,BRK0058,DIRECT,2025-01-28,2026-01-28,RN,1163.1,0.12,PREMIUM_FINANCE,2025,POLARIS
ALB-HOM-0000607,P0001265,HOM,Home Buildings & Contents,,AGGREGATOR,2024-11-28,2025-11-28,IF,4003.42,0.12,MONTHLY_DD,2024,POLARIS
ALB-HOM-0000608,P0001839,HOM,Home Buildings & Contents,BRK0004,BROKER,2020-07-25,2021-07-25,CN,2138.36,0.12,ANNUAL,2020,POLARIS
ALB-CLB-0000609,P0001207,CLB,Commercial Liability,BRK0006,DIRECT,2024-05-03,2025-05-03,RN,3216.67,0.12,MONTHLY_DD,2024,LEGACY_PAS
ALB-CLB-0000610,P0000676,CLB,Commercial Liability,,AGGREGATOR,2025-04-08,2026-04-08,RN,5041.65,0.12,MONTHLY_DD,2025,LEGACY_PAS
ALB-MOT-0000611,P0003071,MOT,Private Motor,BRK0040,AGGREGATOR,2022-11-14,2023-11-14,LP,1388.72,0.12,ANNUAL,2022,LEGACY_PAS
ALB-TRV-0000612,P0001574,TRV,Annual Travel,BRK0036,DIRECT,2019-02-15,2020-02-15,IF,3142.83,0.12,PREMIUM_FINANCE,2019,LEGACY_PAS
ALB-PET-0000613,P0001970,PET,Pet,BRK0016,BROKER,2023-08-21,2024-08-20,IF,1061.88,0.12,MONTHLY_DD,2023,POLARIS
ALB-CLB-0000614,P0000812,CLB,Commercial Liability,BRK0009,DIRECT,2022-03-26,2023-03-26,IF,14105.8,0.12,MONTHLY_DD,2022,LEGACY_PAS
ALB-CPM-0000615,P0000387,CPM,Commercial Property,BRK0026,DIRECT,2025-09-11,2026-09-11,IF,9905.87,0.12,ANNUAL,2025,LEGACY_PAS
ALB-PET-0000616,P0002702,PET,Pet,BRK0044,BROKER,2026-12-16,2027-12-16,RN,1715.83,0.12,ANNUAL,2026,LEGACY_PAS
ALB-CPM-0000617,P0003145,CPM,Commercial Property,,DIRECT,2026-07-11,2027-07-11,RN,2785.12,0.12,ANNUAL,2026,POLARIS
ALB-CPM-0000618,P0001433,CPM,Commercial Property,,BROKER,2018-08-30,2019-08-30,LP,10591.1,0.12,MONTHLY_DD,2018,LEGACY_PAS
ALB-CLB-0000619,P0001041,CLB,Commercial Liability,,DIRECT,2021-04-02,2022-04-02,RN,10746.8,0.12,ANNUAL,2021,POLARIS
ALB-CPM-0000620,P0002284,CPM,Commercial Property,,AGGREGATOR,2020-09-10,2021-09-10,EX,13203.72,0.12,MONTHLY_DD,2020,LEGACY_PAS
ALB-TRV-0000621,P0001855,TRV,Annual Travel,BRK0054,DIRECT,2023-09-04,2024-09-03,CN,1340.0,0.12,PREMIUM_FINANCE,2023,POLARIS
ALB-MOT-0000622,P0002056,MOT,Private Motor,BRK0032,BROKER,2024-03-31,2025-03-31,IF,2841.84,0.12,ANNUAL,2024,POLARIS
ALB-MOT-0000623,P0001166,MOT,Private Motor,,BROKER,2019-12-16,2020-12-15,IF,3863.95,0.12,MONTHLY_DD,2019,POLARIS
ALB-PET-0000624,P0003101,PET,Pet,BRK0041,DIRECT,2019-03-09,2020-03-08,RN,2645.64,0.12,ANNUAL,2019,POLARIS
ALB-MOT-0000625,P0003079,MOT,Private Motor,,DIRECT,2019-01-05,2020-01-05,IF,417.1,0.12,MONTHLY_DD,2019,POLARIS
ALB-CPM-0000626,P0002243,CPM,Commercial Property,BRK0053,AGGREGATOR,2018-03-17,2019-03-17,IF,742.94,0.12,PREMIUM_FINANCE,2018,LEGACY_PAS
ALB-HOM-0000627,P0002338,HOM,Home Buildings & Contents,,AGGREGATOR,2019-03-23,2020-03-22,IF,2737.68,0.12,MONTHLY_DD,2019,POLARIS
ALB-HOM-0000628,P0002016,HOM,Home Buildings & Contents,,AGGREGATOR,2020-12-27,2021-12-27,IF,2773.3,0.12,ANNUAL,2020,POLARIS
ALB-CLB-0000629,P0002996,CLB,Commercial Liability,BRK0058,DIRECT,2021-06-24,2022-06-24,IF,8697.87,0.12,MONTHLY_DD,2021,LEGACY_PAS
ALB-TRV-0000630,P0000846,TRV,Annual Travel,BRK0003,AGGREGATOR,2021-09-06,2022-09-06,RN,1961.38,0.12,MONTHLY_DD,2021,POLARIS
ALB-CPM-0000631,P0001194,CPM,Commercial Property,,DIRECT,2023-03-05,2024-03-04,LP,10304.93,0.12,MONTHLY_DD,2023,POLARIS
ALB-HOM-0000632,P0002093,HOM,Home Buildings & Contents,,BROKER,2020-07-01,2021-07-01,EX,3749.77,0.12,MONTHLY_DD,2020,POLARIS
ALB-CLB-0000633,P0002191,CLB,Commercial Liability,BRK0025,BROKER,2026-09-25,2027-09-25,RN,8276.37,0.12,MONTHLY_DD,2026,POLARIS
ALB-CLB-0000634,P0001578,CLB,Commercial Liability,,AGGREGATOR,2024-06-09,2025-06-09,CN,12903.35,0.12,PREMIUM_FINANCE,2024,POLARIS
ALB-CPM-0000635,P0002766,CPM,Commercial Property,BRK0059,AGGREGATOR,2025-02-10,2026-02-10,IF,11671.38,0.12,ANNUAL,2025,POLARIS
ALB-PET-0000636,P0001738,PET,Pet,BRK0059,AGGREGATOR,2024-09-11,2025-09-11,IF,2847.7,0.12,MONTHLY_DD,2024,POLARIS
ALB-CLB-0000637,P0002834,CLB,Commercial Liability,BRK0030,BROKER,2026-11-20,2027-11-20,CN,7762.95,0.12,MONTHLY_DD,2026,POLARIS
ALB-HOM-0000638,P0000546,HOM,Home Buildings & Contents,BRK0058,BROKER,2025-05-09,2026-05-09,LP,3316.97,0.12,ANNUAL,2025,POLARIS
ALB-CLB-0000639,P0001158,CLB,Commercial Liability,BRK0036,DIRECT,2019-01-18,2020-01-18,EX,10744.88,0.12,PREMIUM_FINANCE,2019,POLARIS
ALB-HOM-0000640,P0001830,HOM,Home Buildings & Contents,BRK0054,BROKER,2025-03-25,2026-03-25,CN,3816.92,0.12,MONTHLY_DD,2025,LEGACY_PAS
ALB-MOT-0000641,P0000637,MOT,Private Motor,BRK0016,BROKER,2023-02-27,2024-02-27,EX,3954.19,0.12,MONTHLY_DD,2023,POLARIS
ALB-CLB-0000642,P0001798,CLB,Commercial Liability,BRK0057,BROKER,2024-04-14,2025-04-14,RN,11870.76,0.12,ANNUAL,2024,LEGACY_PAS
ALB-HOM-0000643,P0002770,HOM,Home Buildings & Contents,,AGGREGATOR,2024-08-07,2025-08-07,LP,1573.0,0.12,MONTHLY_DD,2024,POLARIS
ALB-MOT-0000644,P0000893,MOT,Private Motor,,BROKER,2023-09-29,2024-09-28,RN,1045.46,0.12,MONTHLY_DD,2023,POLARIS
ALB-CLB-0000645,P0000281,CLB,Commercial Liability,BRK0013,DIRECT,2025-07-16,2026-07-16,RN,10849.4,0.12,MONTHLY_DD,2025,POLARIS
ALB-HOM-0000646,P0001156,HOM,Home Buildings & Contents,BRK0032,BROKER,2026-09-01,2027-09-01,IF,2691.11,0.12,PREMIUM_FINANCE,2026,POLARIS
ALB-PET-0000647,P0002237,PET,Pet,BRK0029,DIRECT,2024-01-26,2025-01-25,LP,2141.72,0.12,ANNUAL,2024,POLARIS
ALB-PET-0000648,P0002586,PET,Pet,BRK0054,DIRECT,2024-07-27,2025-07-27,IF,1209.52,0.12,MONTHLY_DD,2024,POLARIS
ALB-PET-0000649,P0002528,PET,Pet,,DIRECT,2019-03-04,2020-03-03,IF,747.93,0.12,ANNUAL,2019,POLARIS
ALB-MOT-0000650,P0001090,MOT,Private Motor,,BROKER,2023-09-02,2024-09-01,RN,839.09,0.12,PREMIUM_FINANCE,2023,POLARIS
ALB-PET-0000651,P0000414,PET,Pet,,DIRECT,2022-06-19,2023-06-19,IF,428.7,0.12,MONTHLY_DD,2022,POLARIS
ALB-MOT-0000652,P0000456,MOT,Private Motor,BRK0039,BROKER,2021-01-01,2022-01-01,CN,3057.56,0.12,PREMIUM_FINANCE,2021,POLARIS
ALB-CPM-0000653,P0000322,CPM,Commercial Property,BRK0012,BROKER,2024-10-27,2025-10-27,RN,10033.43,0.12,ANNUAL,2024,POLARIS
ALB-TRV-0000654,P0002654,TRV,Annual Travel,BRK0007,AGGREGATOR,2018-05-13,2019-05-13,IF,947.02,0.12,MONTHLY_DD,2018,POLARIS
ALB-MOT-0000655,P0001210,MOT,Private Motor,BRK0027,AGGREGATOR,2023-05-31,2024-05-30,EX,1212.19,0.12,ANNUAL,2023,POLARIS
ALB-HOM-0000656,P0000352,HOM,Home Buildings & Contents,BRK0038,BROKER,2020-10-10,2021-10-10,EX,3933.09,0.12,MONTHLY_DD,2020,LEGACY_PAS
ALB-CPM-0000657,P0003056,CPM,Commercial Property,BRK0045,BROKER,2018-12-23,2019-12-23,IF,6408.03,0.12,ANNUAL,2018,POLARIS
ALB-PET-0000658,P0002929,PET,Pet,BRK0019,BROKER,2023-09-16,2024-09-15,IF,256.69,0.12,ANNUAL,2023,LEGACY_PAS
ALB-CLB-0000659,P0001299,CLB,Commercial Liability,BRK0015,BROKER,2018-01-06,2019-01-06,IF,8602.88,0.12,MONTHLY_DD,2018,LEGACY_PAS
ALB-TRV-0000660,P0002668,TRV,Annual Travel,,BROKER,2024-11-17,2025-11-17,IF,3428.57,0.12,MONTHLY_DD,2024,POLARIS
ALB-PET-0000661,P0000852,PET,Pet,BRK0055,BROKER,2018-09-22,2019-09-22,IF,1555.55,0.12,PREMIUM_FINANCE,2018,POLARIS
ALB-MOT-0000662,P0002392,MOT,Private Motor,,DIRECT,2025-09-07,2026-09-07,CN,1048.61,0.12,MONTHLY_DD,2025,POLARIS
ALB-CLB-0000663,P0001439,CLB,Commercial Liability,BRK0057,BROKER,2026-06-28,2027-06-28,IF,7956.76,0.12,ANNUAL,2026,POLARIS
ALB-PET-0000664,P0002913,PET,Pet,,BROKER,2025-02-22,2026-02-22,LP,1643.24,0.12,PREMIUM_FINANCE,2025,POLARIS
ALB-PET-0000665,P0000142,PET,Pet,BRK0050,AGGREGATOR,2024-12-07,2025-12-07,LP,596.91,0.12,PREMIUM_FINANCE,2024,POLARIS
ALB-HOM-0000666,P0003084,HOM,Home Buildings & Contents,BRK0040,DIRECT,2023-10-17,2024-10-16,IF,2077.63,0.12,MONTHLY_DD,2023,POLARIS
ALB-PET-0000667,P0000071,PET,Pet,BRK0014,BROKER,2018-07-19,2019-07-19,EX,562.16,0.12,MONTHLY_DD,2018,LEGACY_PAS
ALB-HOM-0000668,P0002699,HOM,Home Buildings & Contents,,BROKER,2026-12-24,2027-12-24,IF,1457.68,0.12,MONTHLY_DD,2026,POLARIS
ALB-MOT-0000669,P0003059,MOT,Private Motor,,DIRECT,2019-04-01,2020-03-31,EX,3648.53,0.12,PREMIUM_FINANCE,2019,LEGACY_PAS
ALB-CPM-0000670,P0000574,CPM,Commercial Property,BRK0002,BROKER,2026-08-18,2027-08-18,LP,11505.02,0.12,PREMIUM_FINANCE,2026,LEGACY_PAS
ALB-CPM-0000671,P0000462,CPM,Commercial Property,,BROKER,2020-05-17,2021-05-17,EX,14598.82,0.12,ANNUAL,2020,POLARIS
ALB-TRV-0000672,P0000366,TRV,Annual Travel,BRK0001,BROKER,2023-01-18,2024-01-18,IF,2921.58,0.12,PREMIUM_FINANCE,2023,POLARIS
ALB-CPM-0000673,P0000577,CPM,Commercial Property,,DIRECT,2019-09-04,2020-09-03,IF,13939.25,0.12,ANNUAL,2019,POLARIS
ALB-MOT-0000674,P0000845,MOT,Private Motor,,DIRECT,2022-03-10,2023-03-10,IF,1915.72,0.12,MONTHLY_DD,2022,POLARIS
ALB-PET-0000675,P0001275,PET,Pet,BRK0060,AGGREGATOR,2025-10-30,2026-10-30,CN,268.35,0.12,MONTHLY_DD,2025,POLARIS
ALB-PET-0000676,P0000425,PET,Pet,,BROKER,2026-11-24,2027-11-24,IF,2175.64,0.12,ANNUAL,2026,POLARIS
ALB-HOM-0000677,P0002205,HOM,Home Buildings & Contents,BRK0036,BROKER,2018-11-14,2019-11-14,RN,696.91,0.12,PREMIUM_FINANCE,2018,POLARIS
ALB-HOM-0000678,P0001538,HOM,Home Buildings & Contents,BRK0042,BROKER,2024-09-14,2025-09-14,RN,1031.97,0.12,PREMIUM_FINANCE,2024,LEGACY_PAS
ALB-CLB-0000679,P0002703,CLB,Commercial Liability,,BROKER,2025-03-13,2026-03-13,IF,3875.79,0.12,PREMIUM_FINANCE,2025,LEGACY_PAS
ALB-HOM-0000680,P0001034,HOM,Home Buildings & Contents,BRK0014,BROKER,2022-11-08,2023-11-08,IF,4139.47,0.12,MONTHLY_DD,2022,POLARIS
ALB-MOT-0000681,P0001030,MOT,Private Motor,BRK0032,AGGREGATOR,2021-04-17,2022-04-17,IF,728.21,0.12,MONTHLY_DD,2021,POLARIS
ALB-MOT-0000682,P0002503,MOT,Private Motor,BRK0028,BROKER,2021-02-10,2022-02-10,IF,1317.79,0.12,ANNUAL,2021,POLARIS
ALB-TRV-0000683,P0001410,TRV,Annual Travel,BRK0021,BROKER,2024-07-29,2025-07-29,IF,3123.15,0.12,ANNUAL,2024,POLARIS
ALB-CLB-0000684,P0001011,CLB,Commercial Liability,,DIRECT,2019-06-10,2020-06-09,IF,12390.11,0.12,ANNUAL,2019,POLARIS
ALB-CPM-0000685,P0002363,CPM,Commercial Property,BRK0045,DIRECT,2022-02-20,2023-02-20,IF,702.61,0.12,MONTHLY_DD,2022,LEGACY_PAS
ALB-TRV-0000686,P0001081,TRV,Annual Travel,,DIRECT,2019-07-13,2020-07-12,LP,3332.42,0.12,ANNUAL,2019,POLARIS
ALB-PET-0000687,P0000729,PET,Pet,BRK0012,BROKER,2026-11-17,2027-11-17,LP,596.2,0.12,ANNUAL,2026,POLARIS
ALB-TRV-0000688,P0001838,TRV,Annual Travel,BRK0031,BROKER,2019-05-27,2020-05-26,IF,3660.87,0.12,MONTHLY_DD,2019,POLARIS
ALB-TRV-0000689,P0000530,TRV,Annual Travel,,DIRECT,2019-04-25,2020-04-24,IF,3901.11,0.12,MONTHLY_DD,2019,POLARIS
ALB-TRV-0000690,P0003079,TRV,Annual Travel,,AGGREGATOR,2024-02-29,2025-02-28,IF,386.36,0.12,MONTHLY_DD,2024,POLARIS
ALB-CLB-0000691,P0001942,CLB,Commercial Liability,BRK0012,BROKER,2023-08-20,2024-08-19,EX,8987.15,0.12,ANNUAL,2023,LEGACY_PAS
ALB-HOM-0000692,P0001460,HOM,Home Buildings & Contents,,BROKER,2025-01-08,2026-01-08,IF,2779.9,0.12,ANNUAL,2025,POLARIS
ALB-PET-0000693,P0002781,PET,Pet,,BROKER,2023-07-05,2024-07-04,RN,1030.55,0.12,MONTHLY_DD,2023,POLARIS
ALB-MOT-0000694,P0002377,MOT,Private Motor,,AGGREGATOR,2019-11-18,2020-11-17,IF,271.46,0.12,ANNUAL,2019,POLARIS
ALB-PET-0000695,P0000558,PET,Pet,,AGGREGATOR,2023-03-14,2024-03-13,RN,3354.45,0.12,ANNUAL,2023,LEGACY_PAS
ALB-CLB-0000696,P0002832,CLB,Commercial Liability,BRK0003,BROKER,2025-06-26,2026-06-26,IF,3608.28,0.12,PREMIUM_FINANCE,2025,POLARIS
ALB-MOT-0000697,P0002257,MOT,Private Motor,BRK0031,DIRECT,2025-04-11,2026-04-11,RN,2760.18,0.12,ANNUAL,2025,POLARIS
ALB-MOT-0000698,P0001422,MOT,Private Motor,BRK0033,DIRECT,2022-04-05,2023-04-05,RN,776.65,0.12,PREMIUM_FINANCE,2022,LEGACY_PAS
ALB-CPM-0000699,P0001513,CPM,Commercial Property,BRK0023,BROKER,2019-10-25,2020-10-24,EX,1333.29,0.12,ANNUAL,2019,POLARIS
ALB-TRV-0000700,P0002090,TRV,Annual Travel,BRK0040,DIRECT,2022-04-19,2023-04-19,EX,266.57,0.12,PREMIUM_FINANCE,2022,POLARIS
ALB-MOT-0000701,P0001150,MOT,Private Motor,,AGGREGATOR,2019-02-26,2020-02-26,CN,622.12,0.12,ANNUAL,2019,POLARIS
ALB-CLB-0000702,P0002052,CLB,Commercial Liability,BRK0044,AGGREGATOR,2023-06-24,2024-06-23,IF,2400.46,0.12,MONTHLY_DD,2023,LEGACY_PAS
ALB-PET-0000703,P0000598,PET,Pet,BRK0014,BROKER,2024-10-02,2025-10-02,RN,2214.68,0.12,ANNUAL,2024,POLARIS
ALB-CLB-0000704,P0002312,CLB,Commercial Liability,BRK0032,BROKER,2025-09-17,2026-09-17,IF,13589.8,0.12,ANNUAL,2025,LEGACY_PAS
ALB-HOM-0000705,P0002692,HOM,Home Buildings & Contents,,DIRECT,2026-03-18,2027-03-18,CN,2953.34,0.12,PREMIUM_FINANCE,2026,POLARIS
ALB-TRV-0000706,P0001328,TRV,Annual Travel,,DIRECT,2018-12-01,2019-12-01,CN,1394.12,0.12,ANNUAL,2018,POLARIS
ALB-CPM-0000707,P0000362,CPM,Commercial Property,,BROKER,2018-12-08,2019-12-08,LP,10546.03,0.12,ANNUAL,2018,POLARIS
ALB-PET-0000708,P0000913,PET,Pet,BRK0013,BROKER,2024-12-31,2025-12-31,IF,2694.57,0.12,PREMIUM_FINANCE,2024,LEGACY_PAS
ALB-PET-0000709,P0000355,PET,Pet,BRK0028,BROKER,2021-08-05,2022-08-05,RN,3080.86,0.12,PREMIUM_FINANCE,2021,POLARIS
ALB-CLB-0000710,P0002698,CLB,Commercial Liability,BRK0008,BROKER,2021-01-19,2022-01-19,LP,8255.52,0.12,ANNUAL,2021,LEGACY_PAS
ALB-MOT-0000711,P0000475,MOT,Private Motor,,DIRECT,2025-10-25,2026-10-25,RN,2190.9,0.12,MONTHLY_DD,2025,LEGACY_PAS
ALB-HOM-0000712,P0002556,HOM,Home Buildings & Contents,BRK0008,BROKER,2026-02-18,2027-02-18,LP,1487.47,0.12,ANNUAL,2026,POLARIS
ALB-PET-0000713,P0001733,PET,Pet,BRK0029,AGGREGATOR,2024-02-26,2025-02-25,IF,1076.57,0.12,ANNUAL,2024,LEGACY_PAS
ALB-CLB-0000714,P0000003,CLB,Commercial Liability,BRK0007,BROKER,2019-01-16,2020-01-16,RN,1447.37,0.12,MONTHLY_DD,2019,POLARIS
ALB-PET-0000715,P0000743,PET,Pet,,AGGREGATOR,2021-01-16,2022-01-16,IF,1725.44,0.12,MONTHLY_DD,2021,LEGACY_PAS
ALB-CLB-0000716,P0000329,CLB,Commercial Liability,BRK0038,BROKER,2023-10-06,2024-10-05,RN,9864.62,0.12,MONTHLY_DD,2023,POLARIS
ALB-MOT-0000717,P0001335,MOT,Private Motor,,BROKER,2023-01-18,2024-01-18,RN,1572.35,0.12,MONTHLY_DD,2023,LEGACY_PAS
ALB-HOM-0000718,P0002628,HOM,Home Buildings & Contents,BRK0039,BROKER,2021-01-09,2022-01-09,IF,3049.1,0.12,PREMIUM_FINANCE,2021,POLARIS
ALB-MOT-0000719,P0001118,MOT,Private Motor,BRK0001,BROKER,2023-11-19,2024-11-18,IF,3711.3,0.12,ANNUAL,2023,POLARIS
ALB-CPM-0000720,P0000383,CPM,Commercial Property,,AGGREGATOR,2024-01-04,2025-01-03,LP,3278.07,0.12,ANNUAL,2024,POLARIS
ALB-HOM-0000721,P0003107,HOM,Home Buildings & Contents,,AGGREGATOR,2022-05-14,2023-05-14,CN,1338.01,0.12,ANNUAL,2022,POLARIS
ALB-MOT-0000722,P0001422,MOT,Private Motor,BRK0028,BROKER,2021-10-11,2022-10-11,RN,2490.06,0.12,MONTHLY_DD,2021,POLARIS
ALB-MOT-0000723,P0001833,MOT,Private Motor,BRK0007,BROKER,2018-08-24,2019-08-24,RN,1955.28,0.12,PREMIUM_FINANCE,2018,POLARIS
ALB-MOT-0000724,P0000665,MOT,Private Motor,BRK0038,BROKER,2024-01-23,2025-01-22,IF,1044.86,0.12,MONTHLY_DD,2024,LEGACY_PAS
ALB-CPM-0000725,P0000802,CPM,Commercial Property,,BROKER,2020-02-10,2021-02-09,IF,5755.98,0.12,MONTHLY_DD,2020,POLARIS
ALB-HOM-0000726,P0002314,HOM,Home Buildings & Contents,BRK0010,DIRECT,2020-11-13,2021-11-13,EX,4020.94,0.12,MONTHLY_DD,2020,POLARIS
ALB-MOT-0000727,P0002999,MOT,Private Motor,,DIRECT,2018-01-30,2019-01-30,RN,3888.41,0.12,ANNUAL,2018,LEGACY_PAS
ALB-CLB-0000728,P0002569,CLB,Commercial Liability,BRK0041,AGGREGATOR,2020-09-03,2021-09-03,IF,1768.61,0.12,ANNUAL,2020,POLARIS
ALB-MOT-0000729,P0002152,MOT,Private Motor,,BROKER,2023-03-17,2024-03-16,LP,696.89,0.12,ANNUAL,2023,POLARIS
ALB-MOT-0000730,P0000467,MOT,Private Motor,,BROKER,2025-04-03,2026-04-03,LP,3535.6,0.12,MONTHLY_DD,2025,POLARIS
ALB-MOT-0000731,P0001486,MOT,Private Motor,,BROKER,2024-02-13,2025-02-12,IF,4189.9,0.12,ANNUAL,2024,POLARIS
ALB-MOT-0000732,P0002867,MOT,Private Motor,BRK0023,DIRECT,2018-09-08,2019-09-08,IF,2826.98,0.12,PREMIUM_FINANCE,2018,POLARIS
ALB-HOM-0000733,P0000379,HOM,Home Buildings & Contents,BRK0052,AGGREGATOR,2021-10-18,2022-10-18,IF,3695.54,0.12,MONTHLY_DD,2021,LEGACY_PAS
ALB-MOT-0000734,P0001446,MOT,Private Motor,,DIRECT,2024-09-03,2025-09-03,IF,1202.15,0.12,PREMIUM_FINANCE,2024,POLARIS
ALB-CLB-0000735,P0002701,CLB,Commercial Liability,,BROKER,2020-12-19,2021-12-19,IF,12989.6,0.12,PREMIUM_FINANCE,2020,POLARIS
ALB-TRV-0000736,P0002341,TRV,Annual Travel,BRK0008,BROKER,2019-11-28,2020-11-27,RN,3892.96,0.12,ANNUAL,2019,LEGACY_PAS
ALB-TRV-0000737,P0002520,TRV,Annual Travel,,AGGREGATOR,2026-09-14,2027-09-14,EX,3156.35,0.12,MONTHLY_DD,2026,POLARIS
ALB-TRV-0000738,P0001874,TRV,Annual Travel,,AGGREGATOR,2022-05-18,2023-05-18,LP,2133.99,0.12,MONTHLY_DD,2022,POLARIS
ALB-MOT-0000739,P0000986,MOT,Private Motor,BRK0026,AGGREGATOR,2026-08-05,2027-08-05,IF,2548.68,0.12,ANNUAL,2026,POLARIS
ALB-HOM-0000740,P0000420,HOM,Home Buildings & Contents,BRK0036,BROKER,2021-02-10,2022-02-10,IF,414.73,0.12,ANNUAL,2021,POLARIS
ALB-TRV-0000741,P0002556,TRV,Annual Travel,BRK0010,BROKER,2026-03-30,2027-03-30,RN,3695.07,0.12,MONTHLY_DD,2026,POLARIS
ALB-HOM-0000742,P0000702,HOM,Home Buildings & Contents,,BROKER,2024-10-23,2025-10-23,RN,1619.66,0.12,MONTHLY_DD,2024,POLARIS
ALB-HOM-0000743,P0001833,HOM,Home Buildings & Contents,,BROKER,2022-09-03,2023-09-03,IF,2209.84,0.12,MONTHLY_DD,2022,POLARIS
ALB-PET-0000744,P0000778,PET,Pet,,AGGREGATOR,2025-05-09,2026-05-09,CN,3949.78,0.12,PREMIUM_FINANCE,2025,POLARIS
ALB-HOM-0000745,P0002257,HOM,Home Buildings & Contents,BRK0041,AGGREGATOR,2020-05-25,2021-05-25,IF,3294.06,0.12,ANNUAL,2020,POLARIS
ALB-HOM-0000746,P0002802,HOM,Home Buildings & Contents,,BROKER,2018-06-26,2019-06-26,IF,4189.95,0.12,ANNUAL,2018,LEGACY_PAS
ALB-CPM-0000747,P0000385,CPM,Commercial Property,BRK0008,DIRECT,2026-08-25,2027-08-25,EX,11834.75,0.12,ANNUAL,2026,POLARIS
ALB-HOM-0000748,P0002078,HOM,Home Buildings & Contents,,DIRECT,2021-08-19,2022-08-19,EX,894.38,0.12,PREMIUM_FINANCE,2021,POLARIS
ALB-MOT-0000749,P0002812,MOT,Private Motor,,BROKER,2026-09-17,2027-09-17,RN,2362.56,0.12,ANNUAL,2026,POLARIS
ALB-PET-0000750,P0000454,PET,Pet,BRK0017,BROKER,2019-09-07,2020-09-06,CN,3679.34,0.12,MONTHLY_DD,2019,LEGACY_PAS
ALB-TRV-0000751,P0001550,TRV,Annual Travel,BRK0009,BROKER,2020-03-06,2021-03-06,RN,1021.14,0.12,MONTHLY_DD,2020,LEGACY_PAS
ALB-CPM-0000752,P0002921,CPM,Commercial Property,BRK0006,AGGREGATOR,2018-07-09,2019-07-09,RN,1975.83,0.12,PREMIUM_FINANCE,2018,LEGACY_PAS
ALB-PET-0000753,P0001370,PET,Pet,,AGGREGATOR,2023-06-28,2024-06-27,IF,3446.12,0.12,PREMIUM_FINANCE,2023,LEGACY_PAS
ALB-HOM-0000754,P0000412,HOM,Home Buildings & Contents,,BROKER,2019-03-02,2020-03-01,RN,945.55,0.12,ANNUAL,2019,POLARIS
ALB-CPM-0000755,P0001922,CPM,Commercial Property,BRK0045,DIRECT,2025-12-31,2026-12-31,IF,13314.64,0.12,MONTHLY_DD,2025,LEGACY_PAS
ALB-CLB-0000756,P0001790,CLB,Commercial Liability,BRK0023,BROKER,2022-05-10,2023-05-10,EX,11255.78,0.12,MONTHLY_DD,2022,POLARIS
ALB-MOT-0000757,P0001989,MOT,Private Motor,,DIRECT,2026-05-30,2027-05-30,IF,1097.18,0.12,MONTHLY_DD,2026,POLARIS
ALB-TRV-0000758,P0002589,TRV,Annual Travel,,DIRECT,2021-10-27,2022-10-27,IF,4117.55,0.12,ANNUAL,2021,LEGACY_PAS
ALB-HOM-0000759,P0000194,HOM,Home Buildings & Contents,BRK0029,BROKER,2020-01-28,2021-01-27,IF,896.62,0.12,PREMIUM_FINANCE,2020,POLARIS
ALB-CLB-0000760,P0000890,CLB,Commercial Liability,,BROKER,2026-03-10,2027-03-10,IF,11877.95,0.12,ANNUAL,2026,POLARIS
ALB-TRV-0000761,P0002541,TRV,Annual Travel,BRK0021,BROKER,2025-01-11,2026-01-11,LP,3869.72,0.12,PREMIUM_FINANCE,2025,POLARIS
ALB-MOT-0000762,P0003081,MOT,Private Motor,BRK0047,BROKER,2026-11-25,2027-11-25,EX,3923.23,0.12,PREMIUM_FINANCE,2026,POLARIS
ALB-HOM-0000763,P0001052,HOM,Home Buildings & Contents,,DIRECT,2018-07-14,2019-07-14,RN,3050.38,0.12,ANNUAL,2018,LEGACY_PAS
ALB-HOM-0000764,P0002841,HOM,Home Buildings & Contents,,BROKER,2018-11-04,2019-11-04,IF,341.29,0.12,MONTHLY_DD,2018,POLARIS
ALB-MOT-0000765,P0000147,MOT,Private Motor,BRK0022,AGGREGATOR,2021-09-20,2022-09-20,IF,3892.53,0.12,PREMIUM_FINANCE,2021,POLARIS
ALB-CLB-0000766,P0001641,CLB,Commercial Liability,,BROKER,2021-11-19,2022-11-19,IF,3447.32,0.12,MONTHLY_DD,2021,POLARIS
ALB-TRV-0000767,P0000555,TRV,Annual Travel,,AGGREGATOR,2026-08-31,2027-08-31,LP,2307.78,0.12,MONTHLY_DD,2026,POLARIS
ALB-HOM-0000768,P0001395,HOM,Home Buildings & Contents,BRK0060,BROKER,2020-01-13,2021-01-12,IF,2305.79,0.12,MONTHLY_DD,2020,POLARIS
ALB-CLB-0000769,P0002971,CLB,Commercial Liability,BRK0020,BROKER,2022-11-20,2023-11-20,IF,7286.76,0.12,ANNUAL,2022,POLARIS
ALB-CPM-0000770,P0000673,CPM,Commercial Property,,BROKER,2024-05-10,2025-05-10,IF,6591.52,0.12,MONTHLY_DD,2024,POLARIS
ALB-HOM-0000771,P0002801,HOM,Home Buildings & Contents,,AGGREGATOR,2020-11-27,2021-11-27,RN,2519.5,0.12,ANNUAL,2020,POLARIS
ALB-CLB-0000772,P0000140,CLB,Commercial Liability,BRK0008,DIRECT,2023-09-18,2024-09-17,IF,11975.97,0.12,ANNUAL,2023,POLARIS
ALB-PET-0000773,P0002924,PET,Pet,BRK0030,DIRECT,2025-08-13,2026-08-13,IF,2483.37,0.12,MONTHLY_DD,2025,POLARIS
ALB-CPM-0000774,P0001245,CPM,Commercial Property,,AGGREGATOR,2021-12-25,2022-12-25,CN,6188.78,0.12,ANNUAL,2021,LEGACY_PAS
ALB-CLB-0000775,P0000330,CLB,Commercial Liability,BRK0040,DIRECT,2020-12-11,2021-12-11,IF,9484.55,0.12,ANNUAL,2020,POLARIS
ALB-MOT-0000776,P0002941,MOT,Private Motor,BRK0018,BROKER,2023-05-19,2024-05-18,IF,995.98,0.12,MONTHLY_DD,2023,POLARIS
ALB-CLB-0000777,P0001154,CLB,Commercial Liability,BRK0039,BROKER,2022-06-13,2023-06-13,IF,11409.16,0.12,ANNUAL,2022,LEGACY_PAS
ALB-HOM-0000778,P0002612,HOM,Home Buildings & Contents,,BROKER,2021-10-04,2022-10-04,LP,3308.68,0.12,PREMIUM_FINANCE,2021,POLARIS
ALB-TRV-0000779,P0001693,TRV,Annual Travel,BRK0040,AGGREGATOR,2022-12-13,2023-12-13,RN,2862.17,0.12,MONTHLY_DD,2022,POLARIS
ALB-CPM-0000780,P0002505,CPM,Commercial Property,BRK0004,DIRECT,2026-02-16,2027-02-16,IF,6262.69,0.12,ANNUAL,2026,LEGACY_PAS
ALB-CPM-0000781,P0000869,CPM,Commercial Property,,DIRECT,2019-04-20,2020-04-19,CN,1857.07,0.12,PREMIUM_FINANCE,2019,POLARIS
ALB-CPM-0000782,P0000648,CPM,Commercial Property,,BROKER,2025-09-02,2026-09-02,RN,1809.84,0.12,PREMIUM_FINANCE,2025,POLARIS
ALB-HOM-0000783,P0001813,HOM,Home Buildings & Contents,,BROKER,2024-12-24,2025-12-24,RN,2319.53,0.12,ANNUAL,2024,POLARIS
ALB-PET-0000784,P0000488,PET,Pet,BRK0033,BROKER,2019-01-20,2020-01-20,LP,1245.79,0.12,MONTHLY_DD,2019,POLARIS
ALB-MOT-0000785,P0000660,MOT,Private Motor,BRK0011,DIRECT,2023-04-07,2024-04-06,EX,3019.04,0.12,PREMIUM_FINANCE,2023,POLARIS
ALB-CPM-0000786,P0000943,CPM,Commercial Property,,BROKER,2019-05-20,2020-05-19,EX,4921.64,0.12,PREMIUM_FINANCE,2019,POLARIS
ALB-PET-0000787,P0002906,PET,Pet,,BROKER,2024-08-24,2025-08-24,RN,1558.67,0.12,ANNUAL,2024,LEGACY_PAS
ALB-CPM-0000788,P0001000,CPM,Commercial Property,,BROKER,2020-12-07,2021-12-07,IF,4624.73,0.12,MONTHLY_DD,2020,POLARIS
ALB-CLB-0000789,P0002528,CLB,Commercial Liability,BRK0007,BROKER,2026-12-20,2027-12-20,RN,14139.26,0.12,ANNUAL,2026,POLARIS
ALB-CPM-0000790,P0001466,CPM,Commercial Property,,BROKER,2020-09-30,2021-09-30,IF,8705.18,0.12,PREMIUM_FINANCE,2020,LEGACY_PAS
ALB-HOM-0000791,P0002678,HOM,Home Buildings & Contents,,BROKER,2019-09-13,2020-09-12,LP,842.98,0.12,ANNUAL,2019,POLARIS
ALB-CPM-0000792,P0001670,CPM,Commercial Property,,BROKER,2022-12-02,2023-12-02,IF,11868.03,0.12,MONTHLY_DD,2022,POLARIS
ALB-CPM-0000793,P0000651,CPM,Commercial Property,BRK0044,AGGREGATOR,2019-11-06,2020-11-05,IF,6381.27,0.12,MONTHLY_DD,2019,POLARIS
ALB-TRV-0000794,P0002717,TRV,Annual Travel,BRK0043,BROKER,2023-06-21,2024-06-20,IF,2957.03,0.12,ANNUAL,2023,LEGACY_PAS
ALB-CPM-0000795,P0001434,CPM,Commercial Property,BRK0022,AGGREGATOR,2018-03-16,2019-03-16,LP,2615.56,0.12,ANNUAL,2018,POLARIS
ALB-PET-0000796,P0000909,PET,Pet,BRK0028,DIRECT,2025-09-05,2026-09-05,EX,1915.24,0.12,MONTHLY_DD,2025,POLARIS
ALB-PET-0000797,P0002600,PET,Pet,,BROKER,2022-11-16,2023-11-16,IF,271.94,0.12,ANNUAL,2022,POLARIS
ALB-CLB-0000798,P0002538,CLB,Commercial Liability,,DIRECT,2020-12-02,2021-12-02,EX,5279.89,0.12,ANNUAL,2020,LEGACY_PAS
ALB-PET-0000799,P0001422,PET,Pet,BRK0060,DIRECT,2021-08-04,2022-08-04,EX,834.15,0.12,MONTHLY_DD,2021,LEGACY_PAS
ALB-PET-0000800,P0002260,PET,Pet,,DIRECT,2021-12-11,2022-12-11,IF,799.61,0.12,MONTHLY_DD,2021,POLARIS
ALB-HOM-0000801,P0002142,HOM,Home Buildings & Contents,BRK0036,DIRECT,2026-02-26,2027-02-26,IF,2039.58,0.12,MONTHLY_DD,2026,POLARIS
ALB-HOM-0000802,P0002376,HOM,Home Buildings & Contents,,DIRECT,2026-11-24,2027-11-24,LP,2318.94,0.12,MONTHLY_DD,2026,LEGACY_PAS
ALB-CPM-0000803,P0002071,CPM,Commercial Property,,BROKER,2023-12-05,2024-12-04,IF,1068.17,0.12,MONTHLY_DD,2023,LEGACY_PAS
ALB-CPM-0000804,P0000738,CPM,Commercial Property,BRK0021,BROKER,2021-11-12,2022-11-12,IF,5014.76,0.12,ANNUAL,2021,LEGACY_PAS
ALB-PET-0000805,P0000423,PET,Pet,,BROKER,2026-08-01,2027-08-01,IF,3512.44,0.12,MONTHLY_DD,2026,POLARIS
ALB-TRV-0000806,P0000664,TRV,Annual Travel,BRK0043,AGGREGATOR,2020-12-03,2021-12-03,LP,3782.31,0.12,MONTHLY_DD,2020,POLARIS
ALB-CLB-0000807,P0000751,CLB,Commercial Liability,,BROKER,2024-12-16,2025-12-16,IF,11695.52,0.12,MONTHLY_DD,2024,POLARIS
ALB-TRV-0000808,P0001814,TRV,Annual Travel,BRK0017,DIRECT,2026-03-27,2027-03-27,RN,3576.1,0.12,MONTHLY_DD,2026,LEGACY_PAS
ALB-CPM-0000809,P0003164,CPM,Commercial Property,BRK0053,BROKER,2018-04-12,2019-04-12,LP,12790.44,0.12,MONTHLY_DD,2018,POLARIS
ALB-MOT-0000810,P0002593,MOT,Private Motor,,BROKER,2021-06-16,2022-06-16,IF,1415.34,0.12,MONTHLY_DD,2021,LEGACY_PAS
ALB-TRV-0000811,P0002123,TRV,Annual Travel,,BROKER,2023-06-22,2024-06-21,CN,3232.78,0.12,MONTHLY_DD,2023,POLARIS
ALB-HOM-0000812,P0002412,HOM,Home Buildings & Contents,BRK0041,DIRECT,2019-07-03,2020-07-02,RN,3938.76,0.12,ANNUAL,2019,POLARIS
ALB-CPM-0000813,P0002272,CPM,Commercial Property,BRK0026,DIRECT,2021-02-28,2022-02-28,LP,4965.71,0.12,ANNUAL,2021,LEGACY_PAS
ALB-CPM-0000814,P0002833,CPM,Commercial Property,BRK0007,AGGREGATOR,2021-06-23,2022-06-23,RN,9650.64,0.12,MONTHLY_DD,2021,LEGACY_PAS
ALB-CPM-0000815,P0000762,CPM,Commercial Property,,BROKER,2021-05-21,2022-05-21,IF,13003.35,0.12,PREMIUM_FINANCE,2021,POLARIS
ALB-PET-0000816,P0001776,PET,Pet,BRK0025,DIRECT,2020-09-18,2021-09-18,CN,1305.3,0.12,MONTHLY_DD,2020,POLARIS
ALB-HOM-0000817,P0001717,HOM,Home Buildings & Contents,BRK0005,DIRECT,2025-09-02,2026-09-02,IF,1699.21,0.12,MONTHLY_DD,2025,POLARIS
ALB-CPM-0000818,P0001659,CPM,Commercial Property,,BROKER,2022-02-20,2023-02-20,RN,5857.38,0.12,PREMIUM_FINANCE,2022,POLARIS
ALB-TRV-0000819,P0002139,TRV,Annual Travel,BRK0016,BROKER,2021-05-17,2022-05-17,RN,839.03,0.12,MONTHLY_DD,2021,POLARIS
ALB-MOT-0000820,P0000360,MOT,Private Motor,,AGGREGATOR,2019-05-18,2020-05-17,EX,288.82,0.12,MONTHLY_DD,2019,POLARIS
ALB-PET-0000821,P0000481,PET,Pet,BRK0006,BROKER,2024-05-30,2025-05-30,LP,451.83,0.12,ANNUAL,2024,LEGACY_PAS
ALB-TRV-0000822,P0002650,TRV,Annual Travel,BRK0021,DIRECT,2021-06-05,2022-06-05,RN,2995.08,0.12,MONTHLY_DD,2021,POLARIS
ALB-PET-0000823,P0002409,PET,Pet,BRK0005,BROKER,2019-06-15,2020-06-14,IF,2192.61,0.12,ANNUAL,2019,POLARIS
ALB-PET-0000824,P0000632,PET,Pet,,DIRECT,2026-09-29,2027-09-29,RN,215.17,0.12,ANNUAL,2026,POLARIS
ALB-CLB-0000825,P0002120,CLB,Commercial Liability,BRK0045,BROKER,2026-10-27,2027-10-27,IF,4418.0,0.12,ANNUAL,2026,POLARIS
ALB-CLB-0000826,P0001269,CLB,Commercial Liability,,BROKER,2023-03-07,2024-03-06,IF,3053.37,0.12,ANNUAL,2023,LEGACY_PAS
ALB-TRV-0000827,P0001197,TRV,Annual Travel,,BROKER,2022-07-20,2023-07-20,IF,2695.93,0.12,MONTHLY_DD,2022,POLARIS
ALB-HOM-0000828,P0001881,HOM,Home Buildings & Contents,,DIRECT,2019-06-23,2020-06-22,CN,3290.67,0.12,MONTHLY_DD,2019,POLARIS
ALB-CPM-0000829,P0000105,CPM,Commercial Property,,BROKER,2022-08-08,2023-08-08,EX,4018.48,0.12,MONTHLY_DD,2022,POLARIS
ALB-TRV-0000830,P0002385,TRV,Annual Travel,BRK0058,DIRECT,2022-01-14,2023-01-14,EX,368.13,0.12,MONTHLY_DD,2022,LEGACY_PAS
ALB-PET-0000831,P0002947,PET,Pet,BRK0009,DIRECT,2022-05-14,2023-05-14,LP,2572.62,0.12,ANNUAL,2022,LEGACY_PAS
ALB-TRV-0000832,P0000630,TRV,Annual Travel,,DIRECT,2023-10-21,2024-10-20,IF,2962.76,0.12,PREMIUM_FINANCE,2023,LEGACY_PAS
ALB-PET-0000833,P0002532,PET,Pet,BRK0030,DIRECT,2019-03-22,2020-03-21,LP,2907.65,0.12,ANNUAL,2019,POLARIS
ALB-PET-0000834,P0000336,PET,Pet,BRK0058,DIRECT,2020-08-18,2021-08-18,EX,2724.58,0.12,PREMIUM_FINANCE,2020,POLARIS
ALB-HOM-0000835,P0002212,HOM,Home Buildings & Contents,,BROKER,2020-10-17,2021-10-17,LP,769.14,0.12,MONTHLY_DD,2020,POLARIS
ALB-CPM-0000836,P0001936,CPM,Commercial Property,,BROKER,2018-02-05,2019-02-05,IF,7407.83,0.12,ANNUAL,2018,POLARIS
ALB-HOM-0000837,P0001285,HOM,Home Buildings & Contents,,BROKER,2018-01-20,2019-01-20,RN,779.92,0.12,MONTHLY_DD,2018,POLARIS
ALB-MOT-0000838,P0002554,MOT,Private Motor,BRK0014,DIRECT,2020-04-18,2021-04-18,CN,1467.4,0.12,PREMIUM_FINANCE,2020,LEGACY_PAS
ALB-HOM-0000839,P0000613,HOM,Home Buildings & Contents,BRK0018,BROKER,2019-11-13,2020-11-12,RN,1086.52,0.12,MONTHLY_DD,2019,POLARIS
ALB-CPM-0000840,P0000238,CPM,Commercial Property,,BROKER,2020-05-27,2021-05-27,RN,13773.07,0.12,MONTHLY_DD,2020,POLARIS
ALB-CPM-0000841,P0001111,CPM,Commercial Property,BRK0013,BROKER,2025-07-04,2026-07-04,IF,10063.33,0.12,MONTHLY_DD,2025,LEGACY_PAS
ALB-TRV-0000842,P0001741,TRV,Annual Travel,BRK0033,DIRECT,2019-05-05,2020-05-04,RN,2459.63,0.12,MONTHLY_DD,2019,POLARIS
ALB-MOT-0000843,P0000601,MOT,Private Motor,,BROKER,2020-09-09,2021-09-09,RN,1973.29,0.12,PREMIUM_FINANCE,2020,LEGACY_PAS
ALB-PET-0000844,P0000331,PET,Pet,BRK0009,BROKER,2021-11-13,2022-11-13,LP,3498.14,0.12,ANNUAL,2021,POLARIS
ALB-CPM-0000845,P0001082,CPM,Commercial Property,,AGGREGATOR,2024-11-05,2025-11-05,EX,9592.77,0.12,MONTHLY_DD,2024,POLARIS
ALB-CLB-0000846,P0000718,CLB,Commercial Liability,BRK0014,BROKER,2021-11-06,2022-11-06,RN,12734.42,0.12,MONTHLY_DD,2021,LEGACY_PAS
ALB-MOT-0000847,P0002654,MOT,Private Motor,,AGGREGATOR,2023-11-20,2024-11-19,IF,4112.8,0.12,ANNUAL,2023,POLARIS
ALB-TRV-0000848,P0000214,TRV,Annual Travel,BRK0001,DIRECT,2025-05-22,2026-05-22,IF,2785.42,0.12,MONTHLY_DD,2025,POLARIS
ALB-CLB-0000849,P0001781,CLB,Commercial Liability,,BROKER,2025-06-13,2026-06-13,IF,11329.58,0.12,MONTHLY_DD,2025,LEGACY_PAS
ALB-CLB-0000850,P0000384,CLB,Commercial Liability,,BROKER,2026-03-24,2027-03-24,EX,5092.72,0.12,ANNUAL,2026,POLARIS
ALB-TRV-0000851,P0000868,TRV,Annual Travel,BRK0035,DIRECT,2026-08-03,2027-08-03,EX,4065.31,0.12,PREMIUM_FINANCE,2026,POLARIS
ALB-CLB-0000852,P0001193,CLB,Commercial Liability,BRK0054,BROKER,2018-08-18,2019-08-18,IF,8989.59,0.12,MONTHLY_DD,2018,LEGACY_PAS
ALB-TRV-0000853,P0000692,TRV,Annual Travel,,AGGREGATOR,2026-04-13,2027-04-13,EX,661.59,0.12,MONTHLY_DD,2026,POLARIS
ALB-PET-0000854,P0000634,PET,Pet,,BROKER,2024-01-25,2025-01-24,IF,2489.21,0.12,ANNUAL,2024,POLARIS
ALB-PET-0000855,P0001862,PET,Pet,BRK0029,BROKER,2022-10-14,2023-10-14,IF,1988.49,0.12,ANNUAL,2022,LEGACY_PAS
ALB-MOT-0000856,P0002840,MOT,Private Motor,BRK0045,BROKER,2018-09-18,2019-09-18,IF,1471.14,0.12,MONTHLY_DD,2018,POLARIS
ALB-PET-0000857,P0001015,PET,Pet,,AGGREGATOR,2019-04-04,2020-04-03,IF,1862.91,0.12,ANNUAL,2019,POLARIS
ALB-CPM-0000858,P0002481,CPM,Commercial Property,BRK0008,DIRECT,2024-04-27,2025-04-27,EX,11681.84,0.12,MONTHLY_DD,2024,POLARIS
ALB-CLB-0000859,P0003026,CLB,Commercial Liability,BRK0019,AGGREGATOR,2023-10-12,2024-10-11,IF,885.34,0.12,MONTHLY_DD,2023,POLARIS
ALB-CLB-0000860,P0002763,CLB,Commercial Liability,BRK0015,BROKER,2026-03-11,2027-03-11,IF,13572.25,0.12,PREMIUM_FINANCE,2026,POLARIS
ALB-PET-0000861,P0000494,PET,Pet,,BROKER,2025-12-05,2026-12-05,IF,2932.21,0.12,MONTHLY_DD,2025,POLARIS
ALB-CPM-0000862,P0000942,CPM,Commercial Property,BRK0053,AGGREGATOR,2018-02-10,2019-02-10,IF,5824.32,0.12,MONTHLY_DD,2018,POLARIS
ALB-CLB-0000863,P0000619,CLB,Commercial Liability,,BROKER,2024-05-28,2025-05-28,IF,10399.54,0.12,PREMIUM_FINANCE,2024,POLARIS
ALB-CPM-0000864,P0003001,CPM,Commercial Property,,DIRECT,2019-03-20,2020-03-19,CN,8243.5,0.12,PREMIUM_FINANCE,2019,POLARIS
ALB-CLB-0000865,P0000566,CLB,Commercial Liability,,DIRECT,2019-12-28,2020-12-27,RN,2503.75,0.12,MONTHLY_DD,2019,POLARIS
ALB-HOM-0000866,P0002138,HOM,Home Buildings & Contents,BRK0014,AGGREGATOR,2026-12-27,2027-12-27,LP,2491.68,0.12,ANNUAL,2026,POLARIS
ALB-MOT-0000867,P0000732,MOT,Private Motor,BRK0059,BROKER,2021-02-06,2022-02-06,EX,3518.55,0.12,ANNUAL,2021,POLARIS
ALB-TRV-0000868,P0000261,TRV,Annual Travel,BRK0026,BROKER,2024-06-28,2025-06-28,IF,2477.13,0.12,MONTHLY_DD,2024,POLARIS
ALB-CPM-0000869,P0002509,CPM,Commercial Property,BRK0053,BROKER,2026-05-30,2027-05-30,IF,12917.45,0.12,ANNUAL,2026,POLARIS
ALB-MOT-0000870,P0000336,MOT,Private Motor,BRK0012,BROKER,2019-03-10,2020-03-09,IF,2868.98,0.12,PREMIUM_FINANCE,2019,POLARIS
ALB-MOT-0000871,P0003017,MOT,Private Motor,BRK0033,BROKER,2023-08-27,2024-08-26,LP,2292.22,0.12,PREMIUM_FINANCE,2023,POLARIS
ALB-CLB-0000872,P0000661,CLB,Commercial Liability,,BROKER,2026-03-17,2027-03-17,RN,14364.19,0.12,PREMIUM_FINANCE,2026,POLARIS
ALB-CLB-0000873,P0000470,CLB,Commercial Liability,,DIRECT,2021-11-09,2022-11-09,CN,2994.21,0.12,PREMIUM_FINANCE,2021,POLARIS
ALB-MOT-0000874,P0000989,MOT,Private Motor,BRK0025,BROKER,2019-05-09,2020-05-08,LP,1070.86,0.12,PREMIUM_FINANCE,2019,POLARIS
ALB-TRV-0000875,P0001712,TRV,Annual Travel,BRK0030,BROKER,2022-12-04,2023-12-04,LP,3374.39,0.12,ANNUAL,2022,POLARIS
ALB-PET-0000876,P0002869,PET,Pet,,AGGREGATOR,2022-07-27,2023-07-27,IF,938.54,0.12,PREMIUM_FINANCE,2022,POLARIS
ALB-PET-0000877,P0001804,PET,Pet,,BROKER,2026-07-09,2027-07-09,LP,2647.29,0.12,MONTHLY_DD,2026,POLARIS
ALB-CLB-0000878,P0001789,CLB,Commercial Liability,,DIRECT,2024-09-05,2025-09-05,RN,1950.45,0.12,MONTHLY_DD,2024,POLARIS
ALB-CPM-0000879,P0000516,CPM,Commercial Property,BRK0050,BROKER,2019-01-18,2020-01-18,LP,7387.65,0.12,ANNUAL,2019,LEGACY_PAS
ALB-CPM-0000880,P0000009,CPM,Commercial Property,BRK0055,DIRECT,2018-09-21,2019-09-21,IF,810.78,0.12,MONTHLY_DD,2018,LEGACY_PAS
ALB-CPM-0000881,P0000479,CPM,Commercial Property,,BROKER,2019-10-03,2020-10-02,LP,3491.28,0.12,MONTHLY_DD,2019,POLARIS
ALB-HOM-0000882,P0000196,HOM,Home Buildings & Contents,BRK0040,BROKER,2020-01-22,2021-01-21,IF,407.33,0.12,MONTHLY_DD,2020,POLARIS
ALB-PET-0000883,P0001945,PET,Pet,,BROKER,2025-04-10,2026-04-10,IF,1663.99,0.12,PREMIUM_FINANCE,2025,LEGACY_PAS
ALB-HOM-0000884,P0001976,HOM,Home Buildings & Contents,BRK0012,BROKER,2022-12-23,2023-12-23,RN,2167.04,0.12,MONTHLY_DD,2022,LEGACY_PAS
ALB-CLB-0000885,P0002986,CLB,Commercial Liability,BRK0027,AGGREGATOR,2023-02-26,2024-02-26,EX,1696.83,0.12,MONTHLY_DD,2023,POLARIS
ALB-CPM-0000886,P0003157,CPM,Commercial Property,,BROKER,2026-05-13,2027-05-13,IF,12832.97,0.12,ANNUAL,2026,POLARIS
ALB-HOM-0000887,P0002179,HOM,Home Buildings & Contents,BRK0021,AGGREGATOR,2020-02-22,2021-02-21,RN,523.31,0.12,MONTHLY_DD,2020,LEGACY_PAS
ALB-MOT-0000888,P0000837,MOT,Private Motor,BRK0002,DIRECT,2024-02-09,2025-02-08,RN,3635.4,0.12,ANNUAL,2024,LEGACY_PAS
ALB-MOT-0000889,P0000722,MOT,Private Motor,,AGGREGATOR,2019-10-23,2020-10-22,EX,1053.38,0.12,MONTHLY_DD,2019,POLARIS
ALB-TRV-0000890,P0001780,TRV,Annual Travel,BRK0011,DIRECT,2018-11-04,2019-11-04,IF,4039.46,0.12,MONTHLY_DD,2018,LEGACY_PAS
ALB-HOM-0000891,P0002490,HOM,Home Buildings & Contents,,DIRECT,2020-02-26,2021-02-25,IF,704.74,0.12,ANNUAL,2020,POLARIS
ALB-HOM-0000892,P0002755,HOM,Home Buildings & Contents,BRK0002,DIRECT,2026-12-11,2027-12-11,RN,3731.09,0.12,ANNUAL,2026,POLARIS
ALB-HOM-0000893,P0002856,HOM,Home Buildings & Contents,BRK0005,DIRECT,2018-08-28,2019-08-28,IF,1167.19,0.12,MONTHLY_DD,2018,POLARIS
ALB-PET-0000894,P0000629,PET,Pet,BRK0059,DIRECT,2023-05-27,2024-05-26,EX,1777.3,0.12,MONTHLY_DD,2023,POLARIS
ALB-MOT-0000895,P0000790,MOT,Private Motor,BRK0040,BROKER,2023-07-01,2024-06-30,IF,3177.87,0.12,PREMIUM_FINANCE,2023,POLARIS
ALB-TRV-0000896,P0000873,TRV,Annual Travel,,BROKER,2022-08-31,2023-08-31,EX,2922.52,0.12,ANNUAL,2022,LEGACY_PAS
ALB-CLB-0000897,P0000417,CLB,Commercial Liability,,AGGREGATOR,2024-09-05,2025-09-05,LP,7589.96,0.12,ANNUAL,2024,POLARIS
ALB-MOT-0000898,P0001337,MOT,Private Motor,,AGGREGATOR,2024-12-29,2025-12-29,IF,2225.18,0.12,MONTHLY_DD,2024,POLARIS
ALB-PET-0000899,P0002101,PET,Pet,BRK0026,DIRECT,2019-01-09,2020-01-09,EX,1234.74,0.12,MONTHLY_DD,2019,POLARIS
ALB-HOM-0000900,P0002384,HOM,Home Buildings & Contents,BRK0054,BROKER,2025-10-13,2026-10-13,IF,3941.79,0.12,PREMIUM_FINANCE,2025,POLARIS
ALB-CPM-0000901,P0002900,CPM,Commercial Property,,BROKER,2024-12-03,2025-12-03,RN,2588.42,0.12,MONTHLY_DD,2024,POLARIS
ALB-MOT-0000902,P0001315,MOT,Private Motor,BRK0046,AGGREGATOR,2019-06-12,2020-06-11,EX,1532.03,0.12,MONTHLY_DD,2019,LEGACY_PAS
ALB-TRV-0000903,P0000757,TRV,Annual Travel,,DIRECT,2019-11-23,2020-11-22,IF,3718.61,0.12,ANNUAL,2019,POLARIS
ALB-HOM-0000904,P0000049,HOM,Home Buildings & Contents,BRK0022,BROKER,2025-08-21,2026-08-21,IF,2497.81,0.12,MONTHLY_DD,2025,LEGACY_PAS
ALB-HOM-0000905,P0000609,HOM,Home Buildings & Contents,BRK0037,BROKER,2024-12-09,2025-12-09,IF,2861.21,0.12,MONTHLY_DD,2024,LEGACY_PAS
ALB-HOM-0000906,P0001668,HOM,Home Buildings & Contents,BRK0031,DIRECT,2024-02-05,2025-02-04,IF,1893.38,0.12,ANNUAL,2024,POLARIS
ALB-MOT-0000907,P0002369,MOT,Private Motor,BRK0047,BROKER,2023-02-24,2024-02-24,IF,3075.42,0.12,ANNUAL,2023,POLARIS
ALB-TRV-0000908,P0000891,TRV,Annual Travel,BRK0017,BROKER,2018-10-10,2019-10-10,IF,2864.71,0.12,MONTHLY_DD,2018,POLARIS
ALB-PET-0000909,P0002505,PET,Pet,BRK0034,BROKER,2022-04-16,2023-04-16,IF,2854.48,0.12,ANNUAL,2022,LEGACY_PAS
ALB-CPM-0000910,P0001112,CPM,Commercial Property,,DIRECT,2020-01-06,2021-01-05,CN,8196.04,0.12,ANNUAL,2020,POLARIS
ALB-HOM-0000911,P0002431,HOM,Home Buildings & Contents,BRK0020,AGGREGATOR,2021-12-31,2022-12-31,EX,509.67,0.12,PREMIUM_FINANCE,2021,POLARIS
ALB-TRV-0000912,P0000776,TRV,Annual Travel,BRK0035,BROKER,2024-12-21,2025-12-21,IF,2352.1,0.12,PREMIUM_FINANCE,2024,POLARIS
ALB-PET-0000913,P0002708,PET,Pet,BRK0039,BROKER,2020-07-26,2021-07-26,IF,2985.97,0.12,MONTHLY_DD,2020,POLARIS
ALB-MOT-0000914,P0000269,MOT,Private Motor,BRK0060,DIRECT,2024-01-26,2025-01-25,LP,1236.3,0.12,MONTHLY_DD,2024,POLARIS
ALB-CPM-0000915,P0002795,CPM,Commercial Property,BRK0034,DIRECT,2022-06-15,2023-06-15,IF,3156.24,0.12,MONTHLY_DD,2022,POLARIS
ALB-CPM-0000916,P0001373,CPM,Commercial Property,,BROKER,2021-08-03,2022-08-03,IF,7281.52,0.12,MONTHLY_DD,2021,POLARIS
ALB-TRV-0000917,P0000334,TRV,Annual Travel,,BROKER,2025-12-23,2026-12-23,IF,2732.47,0.12,ANNUAL,2025,POLARIS
ALB-CPM-0000918,P0003076,CPM,Commercial Property,,BROKER,2024-03-17,2025-03-17,IF,9690.08,0.12,ANNUAL,2024,POLARIS
ALB-CPM-0000919,P0001854,CPM,Commercial Property,BRK0031,AGGREGATOR,2026-07-30,2027-07-30,IF,5104.92,0.12,MONTHLY_DD,2026,POLARIS
ALB-CLB-0000920,P0002134,CLB,Commercial Liability,,DIRECT,2026-11-30,2027-11-30,IF,5403.78,0.12,ANNUAL,2026,LEGACY_PAS
ALB-PET-0000921,P0001697,PET,Pet,BRK0030,DIRECT,2026-06-11,2027-06-11,EX,1111.2,0.12,ANNUAL,2026,LEGACY_PAS
ALB-CLB-0000922,P0000291,CLB,Commercial Liability,BRK0059,BROKER,2021-08-10,2022-08-10,IF,2745.22,0.12,MONTHLY_DD,2021,LEGACY_PAS
ALB-HOM-0000923,P0001569,HOM,Home Buildings & Contents,BRK0006,DIRECT,2022-05-16,2023-05-16,IF,3220.78,0.12,PREMIUM_FINANCE,2022,POLARIS
ALB-HOM-0000924,P0002408,HOM,Home Buildings & Contents,BRK0053,BROKER,2018-04-19,2019-04-19,IF,1489.45,0.12,MONTHLY_DD,2018,LEGACY_PAS
ALB-TRV-0000925,P0002922,TRV,Annual Travel,,DIRECT,2018-06-10,2019-06-10,IF,2938.64,0.12,ANNUAL,2018,POLARIS
ALB-PET-0000926,P0001986,PET,Pet,BRK0013,DIRECT,2021-09-09,2022-09-09,LP,2345.68,0.12,ANNUAL,2021,POLARIS
ALB-CPM-0000927,P0001079,CPM,Commercial Property,BRK0021,AGGREGATOR,2020-10-16,2021-10-16,LP,5662.21,0.12,MONTHLY_DD,2020,POLARIS
ALB-HOM-0000928,P0002582,HOM,Home Buildings & Contents,BRK0028,BROKER,2026-05-11,2027-05-11,IF,3947.55,0.12,ANNUAL,2026,POLARIS
ALB-MOT-0000929,P0002859,MOT,Private Motor,,AGGREGATOR,2018-05-24,2019-05-24,RN,266.2,0.12,ANNUAL,2018,POLARIS
ALB-CLB-0000930,P0000688,CLB,Commercial Liability,BRK0001,DIRECT,2022-09-09,2023-09-09,IF,12576.57,0.12,MONTHLY_DD,2022,POLARIS
ALB-PET-0000931,P0001052,PET,Pet,,BROKER,2025-10-13,2026-10-13,RN,3010.72,0.12,PREMIUM_FINANCE,2025,LEGACY_PAS
ALB-TRV-0000932,P0002846,TRV,Annual Travel,,DIRECT,2026-09-23,2027-09-23,IF,194.14,0.12,ANNUAL,2026,LEGACY_PAS
ALB-MOT-0000933,P0001452,MOT,Private Motor,,BROKER,2026-07-02,2027-07-02,IF,715.11,0.12,PREMIUM_FINANCE,2026,POLARIS
ALB-PET-0000934,P0001870,PET,Pet,BRK0038,BROKER,2024-07-26,2025-07-26,EX,808.21,0.12,ANNUAL,2024,POLARIS
ALB-TRV-0000935,P0000477,TRV,Annual Travel,,BROKER,2019-11-16,2020-11-15,IF,2616.27,0.12,ANNUAL,2019,LEGACY_PAS
ALB-TRV-0000936,P0000199,TRV,Annual Travel,,AGGREGATOR,2025-08-26,2026-08-26,IF,1942.88,0.12,ANNUAL,2025,POLARIS
ALB-PET-0000937,P0000906,PET,Pet,BRK0048,BROKER,2024-04-09,2025-04-09,EX,1246.63,0.12,MONTHLY_DD,2024,LEGACY_PAS
ALB-MOT-0000938,P0000829,MOT,Private Motor,,AGGREGATOR,2019-06-25,2020-06-24,EX,1074.97,0.12,ANNUAL,2019,POLARIS
ALB-HOM-0000939,P0001546,HOM,Home Buildings & Contents,,AGGREGATOR,2019-02-27,2020-02-27,CN,1332.61,0.12,PREMIUM_FINANCE,2019,POLARIS
ALB-MOT-0000940,P0001428,MOT,Private Motor,,BROKER,2021-05-06,2022-05-06,IF,1306.39,0.12,ANNUAL,2021,POLARIS
ALB-HOM-0000941,P0002293,HOM,Home Buildings & Contents,,BROKER,2020-02-16,2021-02-15,RN,2004.63,0.12,MONTHLY_DD,2020,POLARIS
ALB-MOT-0000942,P0001611,MOT,Private Motor,,AGGREGATOR,2019-10-15,2020-10-14,CN,1345.28,0.12,PREMIUM_FINANCE,2019,POLARIS
ALB-PET-0000943,P0001474,PET,Pet,BRK0005,DIRECT,2021-12-28,2022-12-28,LP,4132.91,0.12,MONTHLY_DD,2021,POLARIS
ALB-PET-0000944,P0000332,PET,Pet,BRK0013,AGGREGATOR,2025-08-03,2026-08-03,RN,2550.63,0.12,ANNUAL,2025,POLARIS
ALB-MOT-0000945,P0000031,MOT,Private Motor,BRK0032,BROKER,2026-09-05,2027-09-05,RN,1646.48,0.12,MONTHLY_DD,2026,POLARIS
ALB-PET-0000946,P0001188,PET,Pet,BRK0021,BROKER,2022-01-17,2023-01-17,LP,2541.37,0.12,PREMIUM_FINANCE,2022,POLARIS
ALB-CLB-0000947,P0000154,CLB,Commercial Liability,BRK0041,BROKER,2026-07-15,2027-07-15,IF,8302.07,0.12,ANNUAL,2026,LEGACY_PAS
ALB-MOT-0000948,P0001760,MOT,Private Motor,,BROKER,2021-03-25,2022-03-25,EX,448.09,0.12,PREMIUM_FINANCE,2021,POLARIS
ALB-CPM-0000949,P0001669,CPM,Commercial Property,BRK0058,BROKER,2023-06-11,2024-06-10,RN,5606.17,0.12,ANNUAL,2023,POLARIS
ALB-HOM-0000950,P0001228,HOM,Home Buildings & Contents,BRK0046,DIRECT,2021-11-22,2022-11-22,LP,1511.22,0.12,PREMIUM_FINANCE,2021,POLARIS
ALB-MOT-0000951,P0002529,MOT,Private Motor,BRK0007,BROKER,2026-05-16,2027-05-16,RN,3423.4,0.12,ANNUAL,2026,LEGACY_PAS
ALB-TRV-0000952,P0001568,TRV,Annual Travel,BRK0056,AGGREGATOR,2020-05-29,2021-05-29,RN,757.13,0.12,MONTHLY_DD,2020,POLARIS
ALB-TRV-0000953,P0000135,TRV,Annual Travel,BRK0032,BROKER,2018-02-07,2019-02-07,CN,1189.77,0.12,ANNUAL,2018,LEGACY_PAS
ALB-CLB-0000954,P0003185,CLB,Commercial Liability,BRK0057,DIRECT,2020-02-09,2021-02-08,EX,9532.24,0.12,ANNUAL,2020,POLARIS
ALB-CLB-0000955,P0001493,CLB,Commercial Liability,BRK0020,DIRECT,2019-07-23,2020-07-22,IF,7167.56,0.12,MONTHLY_DD,2019,POLARIS
ALB-TRV-0000956,P0001830,TRV,Annual Travel,BRK0022,BROKER,2019-06-16,2020-06-15,RN,1179.61,0.12,ANNUAL,2019,LEGACY_PAS
ALB-HOM-0000957,P0001258,HOM,Home Buildings & Contents,BRK0052,BROKER,2024-04-06,2025-04-06,IF,2980.96,0.12,ANNUAL,2024,POLARIS
ALB-PET-0000958,P0000853,PET,Pet,,DIRECT,2023-12-09,2024-12-08,IF,1127.25,0.12,PREMIUM_FINANCE,2023,POLARIS
ALB-MOT-0000959,P0000012,MOT,Private Motor,BRK0024,AGGREGATOR,2020-12-01,2021-12-01,EX,1831.58,0.12,PREMIUM_FINANCE,2020,POLARIS
ALB-CPM-0000960,P0000231,CPM,Commercial Property,BRK0021,DIRECT,2021-08-31,2022-08-31,LP,13281.44,0.12,ANNUAL,2021,POLARIS
ALB-MOT-0000961,P0000431,MOT,Private Motor,,BROKER,2019-05-11,2020-05-10,LP,258.84,0.12,ANNUAL,2019,LEGACY_PAS
ALB-CPM-0000962,P0002392,CPM,Commercial Property,,AGGREGATOR,2018-08-07,2019-08-07,CN,8895.52,0.12,ANNUAL,2018,POLARIS
ALB-CLB-0000963,P0001675,CLB,Commercial Liability,BRK0026,DIRECT,2018-03-22,2019-03-22,IF,8073.34,0.12,MONTHLY_DD,2018,POLARIS
ALB-CPM-0000964,P0001341,CPM,Commercial Property,BRK0030,BROKER,2025-07-10,2026-07-10,IF,2920.02,0.12,MONTHLY_DD,2025,POLARIS
ALB-CLB-0000965,P0001501,CLB,Commercial Liability,BRK0010,DIRECT,2022-11-16,2023-11-16,CN,13097.46,0.12,MONTHLY_DD,2022,POLARIS
ALB-CPM-0000966,P0000355,CPM,Commercial Property,,AGGREGATOR,2020-05-10,2021-05-10,IF,5688.99,0.12,ANNUAL,2020,POLARIS
ALB-HOM-0000967,P0000767,HOM,Home Buildings & Contents,,BROKER,2019-01-05,2020-01-05,IF,413.23,0.12,ANNUAL,2019,LEGACY_PAS
ALB-CPM-0000968,P0001125,CPM,Commercial Property,BRK0002,DIRECT,2024-02-21,2025-02-20,RN,10324.92,0.12,MONTHLY_DD,2024,POLARIS
ALB-TRV-0000969,P0001870,TRV,Annual Travel,BRK0019,DIRECT,2023-01-15,2024-01-15,RN,663.23,0.12,MONTHLY_DD,2023,LEGACY_PAS
ALB-TRV-0000970,P0000874,TRV,Annual Travel,,BROKER,2019-08-24,2020-08-23,LP,4178.6,0.12,ANNUAL,2019,POLARIS
ALB-HOM-0000971,P0001913,HOM,Home Buildings & Contents,BRK0028,BROKER,2025-01-31,2026-01-31,IF,2122.15,0.12,PREMIUM_FINANCE,2025,LEGACY_PAS
ALB-PET-0000972,P0001780,PET,Pet,,BROKER,2024-01-06,2025-01-05,IF,754.27,0.12,ANNUAL,2024,LEGACY_PAS
ALB-TRV-0000973,P0002579,TRV,Annual Travel,,AGGREGATOR,2024-12-22,2025-12-22,RN,452.69,0.12,MONTHLY_DD,2024,POLARIS
ALB-CLB-0000974,P0000117,CLB,Commercial Liability,,AGGREGATOR,2020-09-29,2021-09-29,LP,11227.55,0.12,PREMIUM_FINANCE,2020,LEGACY_PAS
ALB-CLB-0000975,P0002742,CLB,Commercial Liability,,AGGREGATOR,2025-10-12,2026-10-12,EX,5019.33,0.12,MONTHLY_DD,2025,LEGACY_PAS
ALB-CPM-0000976,P0001673,CPM,Commercial Property,BRK0002,BROKER,2023-03-30,2024-03-29,IF,9410.55,0.12,ANNUAL,2023,LEGACY_PAS
ALB-PET-0000977,P0001422,PET,Pet,,AGGREGATOR,2022-01-30,2023-01-30,CN,354.34,0.12,MONTHLY_DD,2022,POLARIS
ALB-TRV-0000978,P0002135,TRV,Annual Travel,,BROKER,2026-12-02,2027-12-02,LP,3689.27,0.12,MONTHLY_DD,2026,POLARIS
ALB-TRV-0000979,P0000263,TRV,Annual Travel,BRK0030,AGGREGATOR,2018-10-22,2019-10-22,LP,1942.29,0.12,PREMIUM_FINANCE,2018,LEGACY_PAS
ALB-CPM-0000980,P0001699,CPM,Commercial Property,BRK0042,AGGREGATOR,2020-05-25,2021-05-25,RN,5640.65,0.12,ANNUAL,2020,POLARIS
ALB-CLB-0000981,P0001534,CLB,Commercial Liability,,BROKER,2018-10-11,2019-10-11,CN,6311.19,0.12,MONTHLY_DD,2018,POLARIS
ALB-PET-0000982,P0001011,PET,Pet,BRK0009,DIRECT,2026-07-26,2027-07-26,IF,1809.94,0.12,MONTHLY_DD,2026,POLARIS
ALB-CLB-0000983,P0001219,CLB,Commercial Liability,,DIRECT,2023-01-07,2024-01-07,IF,10961.06,0.12,ANNUAL,2023,LEGACY_PAS
ALB-CLB-0000984,P0000132,CLB,Commercial Liability,,BROKER,2023-04-25,2024-04-24,CN,2402.92,0.12,PREMIUM_FINANCE,2023,POLARIS
ALB-HOM-0000985,P0000742,HOM,Home Buildings & Contents,BRK0040,DIRECT,2018-05-27,2019-05-27,CN,995.34,0.12,PREMIUM_FINANCE,2018,POLARIS
ALB-CLB-0000986,P0001679,CLB,Commercial Liability,,BROKER,2020-10-26,2021-10-26,EX,3505.17,0.12,ANNUAL,2020,LEGACY_PAS
ALB-MOT-0000987,P0003020,MOT,Private Motor,BRK0050,AGGREGATOR,2025-03-31,2026-03-31,LP,3558.54,0.12,MONTHLY_DD,2025,POLARIS
ALB-CLB-0000988,P0001583,CLB,Commercial Liability,BRK0032,DIRECT,2023-02-07,2024-02-07,EX,9802.93,0.12,PREMIUM_FINANCE,2023,POLARIS
ALB-PET-0000989,P0002796,PET,Pet,BRK0036,BROKER,2021-05-17,2022-05-17,EX,1633.73,0.12,PREMIUM_FINANCE,2021,POLARIS
ALB-TRV-0000990,P0001198,TRV,Annual Travel,BRK0017,AGGREGATOR,2018-01-15,2019-01-15,EX,2501.01,0.12,ANNUAL,2018,POLARIS
ALB-PET-0000991,P0000088,PET,Pet,,BROKER,2021-02-13,2022-02-13,LP,1987.3,0.12,PREMIUM_FINANCE,2021,POLARIS
ALB-CLB-0000992,P0002280,CLB,Commercial Liability,BRK0027,DIRECT,2022-04-25,2023-04-25,LP,9493.22,0.12,ANNUAL,2022,POLARIS
ALB-HOM-0000993,P0001365,HOM,Home Buildings & Contents,BRK0030,AGGREGATOR,2026-06-15,2027-06-15,RN,2402.29,0.12,MONTHLY_DD,2026,LEGACY_PAS
ALB-CPM-0000994,P0001805,CPM,Commercial Property,,BROKER,2020-10-21,2021-10-21,LP,5508.48,0.12,MONTHLY_DD,2020,POLARIS
ALB-HOM-0000995,P0000542,HOM,Home Buildings & Contents,,BROKER,2022-12-22,2023-12-22,LP,4117.33,0.12,MONTHLY_DD,2022,POLARIS
ALB-TRV-0000996,P0003103,TRV,Annual Travel,BRK0049,DIRECT,2023-06-10,2024-06-09,IF,890.89,0.12,PREMIUM_FINANCE,2023,POLARIS
ALB-PET-0000997,P0001111,PET,Pet,BRK0032,BROKER,2019-05-19,2020-05-18,LP,2546.77,0.12,ANNUAL,2019,LEGACY_PAS
ALB-CPM-0000998,P0000032,CPM,Commercial Property,BRK0013,AGGREGATOR,2020-02-27,2021-02-26,IF,3564.95,0.12,MONTHLY_DD,2020,POLARIS
ALB-CPM-0000999,P0002746,CPM,Commercial Property,,BROKER,2020-11-15,2021-11-15,IF,6882.18,0.12,ANNUAL,2020,LEGACY_PAS
ALB-HOM-0001000,P0001885,HOM,Home Buildings & Contents,,BROKER,2021-10-14,2022-10-14,IF,1217.53,0.12,ANNUAL,2021,POLARIS
ALB-CPM-0001001,P0002131,CPM,Commercial Property,,AGGREGATOR,2023-09-19,2024-09-18,CN,9785.3,0.12,ANNUAL,2023,LEGACY_PAS
ALB-HOM-0001002,P0003200,HOM,Home Buildings & Contents,BRK0060,BROKER,2021-10-10,2022-10-10,IF,4027.61,0.12,MONTHLY_DD,2021,POLARIS
ALB-HOM-0001003,P0000031,HOM,Home Buildings & Contents,BRK0060,BROKER,2020-07-31,2021-07-31,RN,2158.45,0.12,ANNUAL,2020,POLARIS
ALB-CLB-0001004,P0002024,CLB,Commercial Liability,BRK0051,BROKER,2025-12-27,2026-12-27,RN,5343.01,0.12,MONTHLY_DD,2025,POLARIS
ALB-CLB-0001005,P0000657,CLB,Commercial Liability,,BROKER,2018-07-04,2019-07-04,IF,4926.81,0.12,PREMIUM_FINANCE,2018,POLARIS
ALB-HOM-0001006,P0000194,HOM,Home Buildings & Contents,,DIRECT,2020-07-15,2021-07-15,LP,2370.88,0.12,ANNUAL,2020,LEGACY_PAS
ALB-PET-0001007,P0000861,PET,Pet,BRK0047,BROKER,2018-05-15,2019-05-15,CN,683.6,0.12,MONTHLY_DD,2018,POLARIS
ALB-CPM-0001008,P0001702,CPM,Commercial Property,,DIRECT,2021-02-20,2022-02-20,RN,3285.35,0.12,MONTHLY_DD,2021,LEGACY_PAS
ALB-MOT-0001009,P0002525,MOT,Private Motor,,AGGREGATOR,2024-10-17,2025-10-17,RN,2358.87,0.12,ANNUAL,2024,POLARIS
ALB-PET-0001010,P0002635,PET,Pet,BRK0011,DIRECT,2021-04-18,2022-04-18,CN,3097.52,0.12,MONTHLY_DD,2021,POLARIS
ALB-CPM-0001011,P0001292,CPM,Commercial Property,BRK0033,DIRECT,2021-06-30,2022-06-30,EX,2827.24,0.12,MONTHLY_DD,2021,POLARIS
ALB-TRV-0001012,P0001629,TRV,Annual Travel,BRK0033,AGGREGATOR,2022-06-27,2023-06-27,IF,3450.39,0.12,MONTHLY_DD,2022,POLARIS
ALB-CLB-0001013,P0001064,CLB,Commercial Liability,,BROKER,2019-04-06,2020-04-05,IF,3053.35,0.12,ANNUAL,2019,POLARIS
ALB-CLB-0001014,P0001062,CLB,Commercial Liability,,BROKER,2024-06-08,2025-06-08,IF,13635.26,0.12,ANNUAL,2024,LEGACY_PAS
ALB-CLB-0001015,P0001521,CLB,Commercial Liability,BRK0012,AGGREGATOR,2021-01-12,2022-01-12,EX,6212.15,0.12,MONTHLY_DD,2021,POLARIS
ALB-CLB-0001016,P0002657,CLB,Commercial Liability,BRK0052,BROKER,2021-01-25,2022-01-25,EX,13169.91,0.12,ANNUAL,2021,POLARIS
ALB-PET-0001017,P0001068,PET,Pet,BRK0043,DIRECT,2022-08-20,2023-08-20,IF,2452.38,0.12,MONTHLY_DD,2022,POLARIS
ALB-CLB-0001018,P0001371,CLB,Commercial Liability,,AGGREGATOR,2023-12-19,2024-12-18,IF,10548.69,0.12,MONTHLY_DD,2023,LEGACY_PAS
ALB-TRV-0001019,P0001995,TRV,Annual Travel,BRK0048,AGGREGATOR,2018-05-29,2019-05-29,IF,1896.16,0.12,MONTHLY_DD,2018,POLARIS
ALB-PET-0001020,P0000688,PET,Pet,BRK0059,BROKER,2024-05-01,2025-05-01,EX,2927.27,0.12,ANNUAL,2024,POLARIS
ALB-TRV-0001021,P0002376,TRV,Annual Travel,BRK0010,BROKER,2024-07-09,2025-07-09,LP,3298.03,0.12,ANNUAL,2024,POLARIS
ALB-CLB-0001022,P0001173,CLB,Commercial Liability,BRK0022,DIRECT,2024-09-04,2025-09-04,IF,7291.29,0.12,MONTHLY_DD,2024,POLARIS
ALB-HOM-0001023,P0002127,HOM,Home Buildings & Contents,BRK0043,DIRECT,2018-12-11,2019-12-11,LP,502.67,0.12,MONTHLY_DD,2018,POLARIS
ALB-TRV-0001024,P0001080,TRV,Annual Travel,,BROKER,2023-11-18,2024-11-17,EX,3531.67,0.12,ANNUAL,2023,POLARIS
ALB-MOT-0001025,P0000355,MOT,Private Motor,BRK0036,AGGREGATOR,2022-07-13,2023-07-13,RN,1189.09,0.12,ANNUAL,2022,POLARIS
ALB-MOT-0001026,P0002742,MOT,Private Motor,BRK0008,BROKER,2023-08-28,2024-08-27,LP,2057.09,0.12,MONTHLY_DD,2023,POLARIS
ALB-PET-0001027,P0001894,PET,Pet,BRK0038,AGGREGATOR,2018-03-27,2019-03-27,IF,1272.9,0.12,MONTHLY_DD,2018,POLARIS
ALB-CLB-0001028,P0002941,CLB,Commercial Liability,,AGGREGATOR,2024-09-30,2025-09-30,RN,5109.62,0.12,PREMIUM_FINANCE,2024,POLARIS
ALB-MOT-0001029,P0001600,MOT,Private Motor,BRK0019,BROKER,2021-06-29,2022-06-29,IF,3773.89,0.12,PREMIUM_FINANCE,2021,LEGACY_PAS
ALB-CLB-0001030,P0002146,CLB,Commercial Liability,BRK0042,DIRECT,2021-09-09,2022-09-09,EX,12542.3,0.12,ANNUAL,2021,POLARIS
ALB-MOT-0001031,P0002293,MOT,Private Motor,,BROKER,2018-07-22,2019-07-22,LP,1569.56,0.12,ANNUAL,2018,POLARIS
ALB-MOT-0001032,P0000478,MOT,Private Motor,,BROKER,2018-05-02,2019-05-02,IF,3670.56,0.12,ANNUAL,2018,LEGACY_PAS
ALB-CPM-0001033,P0000618,CPM,Commercial Property,BRK0047,DIRECT,2025-01-10,2026-01-10,IF,10022.01,0.12,MONTHLY_DD,2025,LEGACY_PAS
ALB-HOM-0001034,P0001640,HOM,Home Buildings & Contents,BRK0036,BROKER,2019-02-15,2020-02-15,LP,391.4,0.12,MONTHLY_DD,2019,POLARIS
ALB-HOM-0001035,P0002769,HOM,Home Buildings & Contents,BRK0002,AGGREGATOR,2026-04-09,2027-04-09,RN,3498.45,0.12,ANNUAL,2026,POLARIS
ALB-PET-0001036,P0001587,PET,Pet,BRK0024,DIRECT,2019-09-06,2020-09-05,LP,2303.53,0.12,MONTHLY_DD,2019,LEGACY_PAS
ALB-TRV-0001037,P0002060,TRV,Annual Travel,BRK0052,BROKER,2022-06-20,2023-06-20,EX,2844.58,0.12,PREMIUM_FINANCE,2022,LEGACY_PAS
ALB-PET-0001038,P0002843,PET,Pet,BRK0037,BROKER,2018-11-07,2019-11-07,EX,503.53,0.12,ANNUAL,2018,LEGACY_PAS
ALB-TRV-0001039,P0000837,TRV,Annual Travel,BRK0022,BROKER,2018-06-23,2019-06-23,LP,767.78,0.12,ANNUAL,2018,LEGACY_PAS
ALB-TRV-0001040,P0000860,TRV,Annual Travel,,DIRECT,2019-01-01,2020-01-01,IF,3581.36,0.12,MONTHLY_DD,2019,POLARIS
ALB-TRV-0001041,P0001313,TRV,Annual Travel,,DIRECT,2019-02-25,2020-02-25,EX,1918.46,0.12,MONTHLY_DD,2019,POLARIS
ALB-CPM-0001042,P0001239,CPM,Commercial Property,BRK0028,BROKER,2023-07-12,2024-07-11,EX,11020.09,0.12,ANNUAL,2023,POLARIS
ALB-PET-0001043,P0002499,PET,Pet,BRK0058,DIRECT,2023-10-09,2024-10-08,IF,3415.7,0.12,MONTHLY_DD,2023,POLARIS
ALB-TRV-0001044,P0001781,TRV,Annual Travel,BRK0051,BROKER,2023-08-23,2024-08-22,IF,3870.34,0.12,MONTHLY_DD,2023,POLARIS
ALB-PET-0001045,P0000562,PET,Pet,BRK0014,BROKER,2024-12-06,2025-12-06,RN,1531.08,0.12,MONTHLY_DD,2024,LEGACY_PAS
ALB-CPM-0001046,P0002507,CPM,Commercial Property,BRK0051,DIRECT,2024-04-25,2025-04-25,IF,5949.48,0.12,PREMIUM_FINANCE,2024,LEGACY_PAS
ALB-CLB-0001047,P0000458,CLB,Commercial Liability,,BROKER,2022-03-01,2023-03-01,LP,12997.06,0.12,ANNUAL,2022,LEGACY_PAS
ALB-HOM-0001048,P0003032,HOM,Home Buildings & Contents,BRK0044,BROKER,2022-05-29,2023-05-29,RN,1986.67,0.12,ANNUAL,2022,POLARIS
ALB-PET-0001049,P0001775,PET,Pet,BRK0026,DIRECT,2024-01-14,2025-01-13,EX,265.8,0.12,MONTHLY_DD,2024,POLARIS
ALB-PET-0001050,P0001695,PET,Pet,BRK0045,BROKER,2021-05-23,2022-05-23,IF,1456.42,0.12,MONTHLY_DD,2021,POLARIS
ALB-CPM-0001051,P0002892,CPM,Commercial Property,,DIRECT,2025-06-26,2026-06-26,LP,3568.58,0.12,PREMIUM_FINANCE,2025,LEGACY_PAS
ALB-MOT-0001052,P0000864,MOT,Private Motor,BRK0032,DIRECT,2021-03-09,2022-03-09,EX,915.98,0.12,PREMIUM_FINANCE,2021,POLARIS
ALB-MOT-0001053,P0000762,MOT,Private Motor,,DIRECT,2021-05-22,2022-05-22,RN,1972.82,0.12,MONTHLY_DD,2021,POLARIS
ALB-MOT-0001054,P0003100,MOT,Private Motor,BRK0045,DIRECT,2019-12-16,2020-12-15,IF,1527.32,0.12,PREMIUM_FINANCE,2019,POLARIS
ALB-CLB-0001055,P0002025,CLB,Commercial Liability,BRK0012,DIRECT,2023-04-14,2024-04-13,LP,5512.72,0.12,MONTHLY_DD,2023,POLARIS
ALB-CPM-0001056,P0000532,CPM,Commercial Property,BRK0001,DIRECT,2019-09-26,2020-09-25,EX,1585.75,0.12,ANNUAL,2019,POLARIS
ALB-CLB-0001057,P0001095,CLB,Commercial Liability,BRK0047,AGGREGATOR,2018-01-29,2019-01-29,LP,13137.0,0.12,MONTHLY_DD,2018,POLARIS
ALB-MOT-0001058,P0000321,MOT,Private Motor,BRK0027,DIRECT,2020-07-14,2021-07-14,RN,2344.99,0.12,MONTHLY_DD,2020,POLARIS
ALB-HOM-0001059,P0002237,HOM,Home Buildings & Contents,BRK0001,DIRECT,2026-09-02,2027-09-02,IF,1081.54,0.12,MONTHLY_DD,2026,POLARIS
ALB-CPM-0001060,P0001023,CPM,Commercial Property,,DIRECT,2020-03-20,2021-03-20,CN,13543.85,0.12,PREMIUM_FINANCE,2020,POLARIS
ALB-TRV-0001061,P0002880,TRV,Annual Travel,BRK0044,BROKER,2018-10-15,2019-10-15,IF,3967.3,0.12,MONTHLY_DD,2018,LEGACY_PAS
ALB-MOT-0001062,P0001723,MOT,Private Motor,BRK0042,BROKER,2025-07-05,2026-07-05,LP,2334.47,0.12,ANNUAL,2025,LEGACY_PAS
ALB-PET-0001063,P0002468,PET,Pet,,DIRECT,2025-06-02,2026-06-02,EX,3390.97,0.12,ANNUAL,2025,POLARIS
ALB-CPM-0001064,P0003042,CPM,Commercial Property,,BROKER,2023-07-02,2024-07-01,LP,8782.47,0.12,MONTHLY_DD,2023,LEGACY_PAS
ALB-CLB-0001065,P0000862,CLB,Commercial Liability,,AGGREGATOR,2025-04-14,2026-04-14,IF,1534.02,0.12,MONTHLY_DD,2025,LEGACY_PAS
ALB-MOT-0001066,P0002820,MOT,Private Motor,,BROKER,2018-01-30,2019-01-30,RN,1103.29,0.12,PREMIUM_FINANCE,2018,LEGACY_PAS
ALB-PET-0001067,P0002039,PET,Pet,BRK0040,AGGREGATOR,2026-04-21,2027-04-21,IF,1132.77,0.12,ANNUAL,2026,POLARIS
ALB-CPM-0001068,P0002085,CPM,Commercial Property,BRK0022,BROKER,2020-04-13,2021-04-13,IF,13859.53,0.12,ANNUAL,2020,POLARIS
ALB-PET-0001069,P0003106,PET,Pet,BRK0031,DIRECT,2019-01-13,2020-01-13,CN,2194.7,0.12,ANNUAL,2019,POLARIS
ALB-CPM-0001070,P0000535,CPM,Commercial Property,,BROKER,2025-07-08,2026-07-08,RN,1778.02,0.12,PREMIUM_FINANCE,2025,POLARIS
ALB-MOT-0001071,P0000384,MOT,Private Motor,BRK0037,DIRECT,2021-04-11,2022-04-11,RN,3150.57,0.12,ANNUAL,2021,LEGACY_PAS
ALB-MOT-0001072,P0001271,MOT,Private Motor,,BROKER,2018-04-26,2019-04-26,LP,3657.6,0.12,ANNUAL,2018,POLARIS
ALB-TRV-0001073,P0002814,TRV,Annual Travel,,BROKER,2020-04-12,2021-04-12,IF,3866.26,0.12,MONTHLY_DD,2020,POLARIS
ALB-CPM-0001074,P0000272,CPM,Commercial Property,BRK0044,AGGREGATOR,2023-04-04,2024-04-03,CN,7215.09,0.12,MONTHLY_DD,2023,POLARIS
ALB-TRV-0001075,P0001922,TRV,Annual Travel,BRK0027,BROKER,2025-02-08,2026-02-08,RN,3001.71,0.12,PREMIUM_FINANCE,2025,POLARIS
ALB-CPM-0001076,P0003148,CPM,Commercial Property,,BROKER,2023-07-10,2024-07-09,IF,10611.55,0.12,ANNUAL,2023,LEGACY_PAS
ALB-MOT-0001077,P0001265,MOT,Private Motor,,BROKER,2018-07-12,2019-07-12,LP,2298.97,0.12,MONTHLY_DD,2018,POLARIS
ALB-TRV-0001078,P0000194,TRV,Annual Travel,BRK0055,AGGREGATOR,2021-11-12,2022-11-12,IF,2104.58,0.12,PREMIUM_FINANCE,2021,POLARIS
ALB-CPM-0001079,P0000623,CPM,Commercial Property,,BROKER,2023-10-06,2024-10-05,IF,1221.73,0.12,ANNUAL,2023,POLARIS
ALB-CPM-0001080,P0001716,CPM,Commercial Property,BRK0042,DIRECT,2018-04-09,2019-04-09,IF,1236.13,0.12,ANNUAL,2018,LEGACY_PAS
ALB-CLB-0001081,P0001945,CLB,Commercial Liability,BRK0019,BROKER,2018-02-28,2019-02-28,EX,2399.49,0.12,PREMIUM_FINANCE,2018,LEGACY_PAS
ALB-CPM-0001082,P0001803,CPM,Commercial Property,BRK0015,BROKER,2024-02-03,2025-02-02,CN,5293.69,0.12,PREMIUM_FINANCE,2024,POLARIS
ALB-PET-0001083,P0001042,PET,Pet,BRK0042,BROKER,2019-04-19,2020-04-18,IF,2908.48,0.12,ANNUAL,2019,LEGACY_PAS
ALB-HOM-0001084,P0000245,HOM,Home Buildings & Contents,BRK0053,BROKER,2023-05-22,2024-05-21,LP,240.6,0.12,MONTHLY_DD,2023,POLARIS
ALB-TRV-0001085,P0000097,TRV,Annual Travel,,AGGREGATOR,2019-12-14,2020-12-13,RN,2870.31,0.12,ANNUAL,2019,LEGACY_PAS
ALB-CPM-0001086,P0002082,CPM,Commercial Property,,BROKER,2020-04-06,2021-04-06,IF,14633.54,0.12,ANNUAL,2020,POLARIS
ALB-PET-0001087,P0001400,PET,Pet,,DIRECT,2020-06-19,2021-06-19,CN,1403.75,0.12,MONTHLY_DD,2020,POLARIS
ALB-PET-0001088,P0000620,PET,Pet,BRK0027,DIRECT,2021-11-18,2022-11-18,LP,1999.49,0.12,MONTHLY_DD,2021,POLARIS
ALB-MOT-0001089,P0000945,MOT,Private Motor,,DIRECT,2021-01-20,2022-01-20,CN,1052.3,0.12,PREMIUM_FINANCE,2021,LEGACY_PAS
ALB-MOT-0001090,P0002243,MOT,Private Motor,,BROKER,2023-08-14,2024-08-13,IF,2843.82,0.12,ANNUAL,2023,LEGACY_PAS
ALB-CPM-0001091,P0000514,CPM,Commercial Property,,DIRECT,2019-09-15,2020-09-14,IF,12424.09,0.12,MONTHLY_DD,2019,POLARIS
ALB-MOT-0001092,P0002508,MOT,Private Motor,,BROKER,2024-05-21,2025-05-21,LP,3260.04,0.12,ANNUAL,2024,POLARIS
ALB-CPM-0001093,P0000722,CPM,Commercial Property,,BROKER,2020-04-18,2021-04-18,LP,5991.06,0.12,MONTHLY_DD,2020,POLARIS
ALB-MOT-0001094,P0002694,MOT,Private Motor,BRK0024,BROKER,2019-10-03,2020-10-02,EX,219.21,0.12,MONTHLY_DD,2019,LEGACY_PAS
ALB-CLB-0001095,P0002762,CLB,Commercial Liability,BRK0005,BROKER,2024-06-19,2025-06-19,EX,2782.42,0.12,ANNUAL,2024,LEGACY_PAS
ALB-TRV-0001096,P0001147,TRV,Annual Travel,BRK0039,BROKER,2021-08-25,2022-08-25,IF,939.26,0.12,MONTHLY_DD,2021,POLARIS
ALB-MOT-0001097,P0000183,MOT,Private Motor,BRK0033,AGGREGATOR,2026-03-10,2027-03-10,IF,3110.39,0.12,ANNUAL,2026,POLARIS
ALB-MOT-0001098,P0001822,MOT,Private Motor,BRK0048,BROKER,2026-12-28,2027-12-28,LP,1873.06,0.12,MONTHLY_DD,2026,LEGACY_PAS
ALB-MOT-0001099,P0003177,MOT,Private Motor,,DIRECT,2022-12-13,2023-12-13,CN,1422.18,0.12,ANNUAL,2022,POLARIS
ALB-HOM-0001100,P0001473,HOM,Home Buildings & Contents,,AGGREGATOR,2025-04-18,2026-04-18,LP,3596.14,0.12,ANNUAL,2025,POLARIS
ALB-HOM-0001101,P0001341,HOM,Home Buildings & Contents,,BROKER,2024-02-16,2025-02-15,IF,3379.32,0.12,PREMIUM_FINANCE,2024,LEGACY_PAS
ALB-CLB-0001102,P0002626,CLB,Commercial Liability,BRK0054,DIRECT,2018-07-12,2019-07-12,IF,5030.9,0.12,PREMIUM_FINANCE,2018,POLARIS
ALB-PET-0001103,P0000934,PET,Pet,BRK0048,BROKER,2018-06-06,2019-06-06,RN,923.87,0.12,PREMIUM_FINANCE,2018,POLARIS
ALB-PET-0001104,P0002012,PET,Pet,,AGGREGATOR,2025-03-27,2026-03-27,RN,3007.23,0.12,PREMIUM_FINANCE,2025,POLARIS
ALB-CPM-0001105,P0002574,CPM,Commercial Property,,BROKER,2025-07-22,2026-07-22,IF,12364.7,0.12,ANNUAL,2025,POLARIS
ALB-CPM-0001106,P0000572,CPM,Commercial Property,,AGGREGATOR,2025-12-14,2026-12-14,RN,1652.15,0.12,MONTHLY_DD,2025,LEGACY_PAS
ALB-TRV-0001107,P0002012,TRV,Annual Travel,,BROKER,2025-04-16,2026-04-16,RN,931.38,0.12,MONTHLY_DD,2025,LEGACY_PAS
ALB-CPM-0001108,P0000815,CPM,Commercial Property,BRK0054,BROKER,2025-07-14,2026-07-14,EX,2750.55,0.12,PREMIUM_FINANCE,2025,POLARIS
ALB-TRV-0001109,P0002663,TRV,Annual Travel,,BROKER,2018-01-23,2019-01-23,CN,3447.88,0.12,MONTHLY_DD,2018,POLARIS
ALB-PET-0001110,P0000898,PET,Pet,,DIRECT,2024-12-28,2025-12-28,IF,628.71,0.12,MONTHLY_DD,2024,POLARIS
ALB-CPM-0001111,P0001594,CPM,Commercial Property,,AGGREGATOR,2023-04-11,2024-04-10,IF,3732.3,0.12,ANNUAL,2023,LEGACY_PAS
ALB-MOT-0001112,P0002584,MOT,Private Motor,BRK0035,BROKER,2019-08-08,2020-08-07,RN,1093.73,0.12,MONTHLY_DD,2019,POLARIS
ALB-MOT-0001113,P0002488,MOT,Private Motor,BRK0024,AGGREGATOR,2018-10-15,2019-10-15,IF,1384.65,0.12,MONTHLY_DD,2018,LEGACY_PAS
ALB-MOT-0001114,P0000690,MOT,Private Motor,BRK0048,AGGREGATOR,2022-09-02,2023-09-02,EX,1194.45,0.12,ANNUAL,2022,POLARIS
ALB-PET-0001115,P0000874,PET,Pet,BRK0022,AGGREGATOR,2020-12-04,2021-12-04,EX,2729.48,0.12,ANNUAL,2020,POLARIS
ALB-CPM-0001116,P0000939,CPM,Commercial Property,BRK0026,BROKER,2019-08-19,2020-08-18,RN,8133.42,0.12,PREMIUM_FINANCE,2019,POLARIS
ALB-PET-0001117,P0002381,PET,Pet,BRK0015,DIRECT,2025-09-03,2026-09-03,RN,3623.31,0.12,PREMIUM_FINANCE,2025,LEGACY_PAS
ALB-PET-0001118,P0000500,PET,Pet,BRK0020,BROKER,2022-04-09,2023-04-09,IF,1559.77,0.12,MONTHLY_DD,2022,POLARIS
ALB-CLB-0001119,P0003117,CLB,Commercial Liability,BRK0004,BROKER,2026-01-04,2027-01-04,EX,12270.59,0.12,PREMIUM_FINANCE,2026,POLARIS
ALB-HOM-0001120,P0000914,HOM,Home Buildings & Contents,,BROKER,2026-06-08,2027-06-08,IF,423.4,0.12,PREMIUM_FINANCE,2026,POLARIS
ALB-PET-0001121,P0002845,PET,Pet,BRK0040,BROKER,2018-04-27,2019-04-27,IF,1597.32,0.12,ANNUAL,2018,LEGACY_PAS
ALB-HOM-0001122,P0000678,HOM,Home Buildings & Contents,BRK0033,BROKER,2026-02-01,2027-02-01,LP,665.16,0.12,ANNUAL,2026,POLARIS
ALB-PET-0001123,P0000098,PET,Pet,BRK0034,DIRECT,2026-05-15,2027-05-15,LP,553.5,0.12,ANNUAL,2026,POLARIS
ALB-PET-0001124,P0002605,PET,Pet,,BROKER,2024-06-26,2025-06-26,IF,2484.31,0.12,ANNUAL,2024,LEGACY_PAS
ALB-MOT-0001125,P0002627,MOT,Private Motor,BRK0003,BROKER,2026-02-05,2027-02-05,IF,3666.23,0.12,PREMIUM_FINANCE,2026,LEGACY_PAS
ALB-MOT-0001126,P0001676,MOT,Private Motor,BRK0047,BROKER,2020-08-09,2021-08-09,IF,1227.75,0.12,ANNUAL,2020,LEGACY_PAS
ALB-PET-0001127,P0001318,PET,Pet,BRK0019,DIRECT,2021-11-22,2022-11-22,LP,3195.48,0.12,ANNUAL,2021,POLARIS
ALB-PET-0001128,P0002649,PET,Pet,,BROKER,2023-03-13,2024-03-12,EX,2849.9,0.12,MONTHLY_DD,2023,POLARIS
ALB-HOM-0001129,P0000554,HOM,Home Buildings & Contents,,DIRECT,2026-06-06,2027-06-06,LP,3916.06,0.12,MONTHLY_DD,2026,POLARIS
ALB-CLB-0001130,P0002181,CLB,Commercial Liability,BRK0001,DIRECT,2022-02-06,2023-02-06,LP,9618.65,0.12,PREMIUM_FINANCE,2022,POLARIS
ALB-PET-0001131,P0001835,PET,Pet,BRK0055,AGGREGATOR,2021-07-22,2022-07-22,LP,1286.12,0.12,MONTHLY_DD,2021,POLARIS
ALB-MOT-0001132,P0001522,MOT,Private Motor,BRK0054,DIRECT,2023-06-22,2024-06-21,IF,945.05,0.12,ANNUAL,2023,POLARIS
ALB-HOM-0001133,P0003171,HOM,Home Buildings & Contents,BRK0007,BROKER,2022-03-11,2023-03-11,LP,1107.01,0.12,ANNUAL,2022,POLARIS
ALB-MOT-0001134,P0002658,MOT,Private Motor,,BROKER,2024-10-25,2025-10-25,EX,2312.4,0.12,MONTHLY_DD,2024,LEGACY_PAS
ALB-HOM-0001135,P0001608,HOM,Home Buildings & Contents,BRK0045,BROKER,2019-09-04,2020-09-03,IF,379.78,0.12,PREMIUM_FINANCE,2019,POLARIS
ALB-CLB-0001136,P0001083,CLB,Commercial Liability,BRK0021,AGGREGATOR,2021-04-07,2022-04-07,RN,6199.04,0.12,ANNUAL,2021,POLARIS
ALB-PET-0001137,P0001013,PET,Pet,BRK0052,BROKER,2018-07-09,2019-07-09,IF,3529.14,0.12,ANNUAL,2018,POLARIS
ALB-CPM-0001138,P0002811,CPM,Commercial Property,,DIRECT,2020-04-13,2021-04-13,IF,13935.6,0.12,ANNUAL,2020,LEGACY_PAS
ALB-HOM-0001139,P0002456,HOM,Home Buildings & Contents,,AGGREGATOR,2022-01-30,2023-01-30,IF,3037.11,0.12,ANNUAL,2022,POLARIS
ALB-PET-0001140,P0001330,PET,Pet,,BROKER,2019-09-05,2020-09-04,LP,1855.34,0.12,ANNUAL,2019,POLARIS
ALB-CLB-0001141,P0002471,CLB,Commercial Liability,BRK0014,BROKER,2019-10-10,2020-10-09,EX,10966.01,0.12,MONTHLY_DD,2019,POLARIS
ALB-HOM-0001142,P0001800,HOM,Home Buildings & Contents,,BROKER,2020-02-03,2021-02-02,CN,663.77,0.12,MONTHLY_DD,2020,POLARIS
ALB-CPM-0001143,P0001429,CPM,Commercial Property,BRK0048,BROKER,2021-02-08,2022-02-08,CN,4829.54,0.12,MONTHLY_DD,2021,POLARIS
ALB-TRV-0001144,P0000917,TRV,Annual Travel,,DIRECT,2026-03-15,2027-03-15,CN,2546.95,0.12,MONTHLY_DD,2026,POLARIS
ALB-HOM-0001145,P0001634,HOM,Home Buildings & Contents,BRK0058,BROKER,2026-11-19,2027-11-19,CN,1163.64,0.12,MONTHLY_DD,2026,POLARIS
ALB-CPM-0001146,P0001908,CPM,Commercial Property,,DIRECT,2023-12-14,2024-12-13,EX,3062.77,0.12,PREMIUM_FINANCE,2023,POLARIS
ALB-TRV-0001147,P0000313,TRV,Annual Travel,,AGGREGATOR,2023-08-11,2024-08-10,RN,1002.3,0.12,ANNUAL,2023,POLARIS
ALB-CPM-0001148,P0000445,CPM,Commercial Property,,BROKER,2023-02-02,2024-02-02,RN,11236.54,0.12,MONTHLY_DD,2023,LEGACY_PAS
ALB-TRV-0001149,P0002155,TRV,Annual Travel,BRK0004,BROKER,2022-11-29,2023-11-29,IF,3154.12,0.12,MONTHLY_DD,2022,LEGACY_PAS
ALB-TRV-0001150,P0002559,TRV,Annual Travel,BRK0022,AGGREGATOR,2020-05-19,2021-05-19,IF,3318.69,0.12,ANNUAL,2020,POLARIS
ALB-CPM-0001151,P0001837,CPM,Commercial Property,,DIRECT,2025-08-02,2026-08-02,IF,11289.74,0.12,MONTHLY_DD,2025,LEGACY_PAS
ALB-CLB-0001152,P0001633,CLB,Commercial Liability,BRK0047,DIRECT,2019-02-11,2020-02-11,IF,6420.93,0.12,MONTHLY_DD,2019,POLARIS
ALB-CPM-0001153,P0001823,CPM,Commercial Property,,BROKER,2019-06-28,2020-06-27,RN,8223.34,0.12,PREMIUM_FINANCE,2019,POLARIS
ALB-TRV-0001154,P0003050,TRV,Annual Travel,BRK0015,AGGREGATOR,2023-01-30,2024-01-30,CN,1107.29,0.12,ANNUAL,2023,POLARIS
ALB-MOT-0001155,P0000047,MOT,Private Motor,BRK0001,DIRECT,2026-11-12,2027-11-12,CN,1632.21,0.12,ANNUAL,2026,LEGACY_PAS
ALB-HOM-0001156,P0002091,HOM,Home Buildings & Contents,BRK0021,AGGREGATOR,2026-10-04,2027-10-04,RN,384.56,0.12,MONTHLY_DD,2026,POLARIS
ALB-CLB-0001157,P0000019,CLB,Commercial Liability,BRK0042,AGGREGATOR,2023-04-06,2024-04-05,RN,14493.14,0.12,MONTHLY_DD,2023,LEGACY_PAS
ALB-CLB-0001158,P0002200,CLB,Commercial Liability,BRK0046,BROKER,2022-07-05,2023-07-05,IF,7897.01,0.12,MONTHLY_DD,2022,POLARIS
ALB-CPM-0001159,P0000701,CPM,Commercial Property,BRK0010,BROKER,2025-03-09,2026-03-09,IF,13156.01,0.12,PREMIUM_FINANCE,2025,POLARIS
ALB-TRV-0001160,P0001205,TRV,Annual Travel,BRK0031,DIRECT,2022-11-10,2023-11-10,IF,2980.13,0.12,ANNUAL,2022,POLARIS
ALB-HOM-0001161,P0001677,HOM,Home Buildings & Contents,BRK0059,BROKER,2022-07-11,2023-07-11,IF,2181.43,0.12,PREMIUM_FINANCE,2022,POLARIS
ALB-CPM-0001162,P0003089,CPM,Commercial Property,,BROKER,2019-12-21,2020-12-20,IF,14263.91,0.12,MONTHLY_DD,2019,LEGACY_PAS
ALB-TRV-0001163,P0000767,TRV,Annual Travel,BRK0036,BROKER,2024-09-18,2025-09-18,IF,1808.99,0.12,MONTHLY_DD,2024,LEGACY_PAS
ALB-TRV-0001164,P0000687,TRV,Annual Travel,,AGGREGATOR,2020-05-08,2021-05-08,CN,2462.86,0.12,MONTHLY_DD,2020,POLARIS
ALB-MOT-0001165,P0001872,MOT,Private Motor,BRK0004,DIRECT,2026-02-07,2027-02-07,CN,1474.19,0.12,ANNUAL,2026,POLARIS
ALB-CLB-0001166,P0001591,CLB,Commercial Liability,BRK0046,DIRECT,2021-09-02,2022-09-02,CN,8891.81,0.12,ANNUAL,2021,POLARIS
ALB-CPM-0001167,P0002053,CPM,Commercial Property,BRK0015,AGGREGATOR,2018-11-15,2019-11-15,LP,6395.73,0.12,ANNUAL,2018,LEGACY_PAS
ALB-MOT-0001168,P0000118,MOT,Private Motor,BRK0043,BROKER,2023-01-09,2024-01-09,RN,2068.88,0.12,ANNUAL,2023,POLARIS
ALB-HOM-0001169,P0002656,HOM,Home Buildings & Contents,BRK0033,BROKER,2025-09-22,2026-09-22,LP,1417.98,0.12,ANNUAL,2025,POLARIS
ALB-MOT-0001170,P0000578,MOT,Private Motor,BRK0022,DIRECT,2024-10-03,2025-10-03,IF,844.08,0.12,MONTHLY_DD,2024,POLARIS
ALB-HOM-0001171,P0000445,HOM,Home Buildings & Contents,BRK0053,DIRECT,2026-04-23,2027-04-23,EX,273.22,0.12,ANNUAL,2026,POLARIS
ALB-HOM-0001172,P0000327,HOM,Home Buildings & Contents,BRK0022,DIRECT,2024-05-20,2025-05-20,CN,1519.86,0.12,ANNUAL,2024,LEGACY_PAS
ALB-TRV-0001173,P0001309,TRV,Annual Travel,BRK0039,AGGREGATOR,2026-01-13,2027-01-13,RN,1065.57,0.12,ANNUAL,2026,POLARIS
ALB-TRV-0001174,P0000724,TRV,Annual Travel,BRK0044,AGGREGATOR,2019-08-28,2020-08-27,RN,2656.04,0.12,ANNUAL,2019,LEGACY_PAS
ALB-CLB-0001175,P0002719,CLB,Commercial Liability,,AGGREGATOR,2020-02-24,2021-02-23,LP,2027.56,0.12,MONTHLY_DD,2020,POLARIS
ALB-CPM-0001176,P0000727,CPM,Commercial Property,BRK0019,BROKER,2023-08-12,2024-08-11,EX,13872.05,0.12,MONTHLY_DD,2023,POLARIS
ALB-TRV-0001177,P0000088,TRV,Annual Travel,BRK0037,BROKER,2024-09-14,2025-09-14,RN,3162.17,0.12,MONTHLY_DD,2024,POLARIS
ALB-PET-0001178,P0000246,PET,Pet,,BROKER,2021-05-27,2022-05-27,RN,2169.68,0.12,MONTHLY_DD,2021,POLARIS
ALB-MOT-0001179,P0002517,MOT,Private Motor,BRK0021,DIRECT,2022-04-26,2023-04-26,LP,3795.52,0.12,ANNUAL,2022,POLARIS
ALB-CLB-0001180,P0000583,CLB,Commercial Liability,,BROKER,2023-03-02,2024-03-01,CN,7439.11,0.12,PREMIUM_FINANCE,2023,POLARIS
ALB-PET-0001181,P0002047,PET,Pet,,BROKER,2018-11-07,2019-11-07,LP,2218.4,0.12,MONTHLY_DD,2018,POLARIS
ALB-CPM-0001182,P0000740,CPM,Commercial Property,BRK0058,BROKER,2023-01-24,2024-01-24,RN,1387.41,0.12,MONTHLY_DD,2023,POLARIS
ALB-CPM-0001183,P0000951,CPM,Commercial Property,BRK0043,AGGREGATOR,2018-01-14,2019-01-14,EX,4186.71,0.12,ANNUAL,2018,POLARIS
ALB-CLB-0001184,P0003174,CLB,Commercial Liability,,BROKER,2022-09-08,2023-09-08,LP,9705.56,0.12,ANNUAL,2022,LEGACY_PAS
ALB-HOM-0001185,P0001082,HOM,Home Buildings & Contents,BRK0045,AGGREGATOR,2020-04-20,2021-04-20,CN,3925.72,0.12,MONTHLY_DD,2020,POLARIS
ALB-TRV-0001186,P0002239,TRV,Annual Travel,,BROKER,2019-12-14,2020-12-13,LP,2970.45,0.12,MONTHLY_DD,2019,POLARIS
ALB-PET-0001187,P0000939,PET,Pet,BRK0042,BROKER,2019-11-16,2020-11-15,EX,435.69,0.12,MONTHLY_DD,2019,LEGACY_PAS
ALB-HOM-0001188,P0001993,HOM,Home Buildings & Contents,,BROKER,2019-11-24,2020-11-23,LP,520.04,0.12,PREMIUM_FINANCE,2019,POLARIS
ALB-MOT-0001189,P0000778,MOT,Private Motor,,BROKER,2019-12-29,2020-12-28,IF,781.54,0.12,PREMIUM_FINANCE,2019,POLARIS
ALB-CLB-0001190,P0001941,CLB,Commercial Liability,BRK0015,BROKER,2025-11-08,2026-11-08,IF,2236.05,0.12,MONTHLY_DD,2025,LEGACY_PAS
ALB-PET-0001191,P0000161,PET,Pet,,BROKER,2022-04-21,2023-04-21,RN,1269.0,0.12,ANNUAL,2022,POLARIS
ALB-TRV-0001192,P0002315,TRV,Annual Travel,,BROKER,2021-09-12,2022-09-12,IF,1093.25,0.12,MONTHLY_DD,2021,POLARIS
ALB-MOT-0001193,P0002737,MOT,Private Motor,,DIRECT,2026-11-08,2027-11-08,CN,3911.78,0.12,MONTHLY_DD,2026,POLARIS
ALB-CPM-0001194,P0000539,CPM,Commercial Property,BRK0049,BROKER,2023-08-28,2024-08-27,IF,8937.82,0.12,PREMIUM_FINANCE,2023,POLARIS
ALB-PET-0001195,P0002735,PET,Pet,,BROKER,2026-11-02,2027-11-02,LP,1050.65,0.12,ANNUAL,2026,POLARIS
ALB-HOM-0001196,P0001224,HOM,Home Buildings & Contents,BRK0018,BROKER,2018-05-23,2019-05-23,IF,2205.47,0.12,ANNUAL,2018,POLARIS
ALB-CPM-0001197,P0000479,CPM,Commercial Property,BRK0022,BROKER,2022-12-14,2023-12-14,LP,14641.57,0.12,ANNUAL,2022,POLARIS
ALB-MOT-0001198,P0000992,MOT,Private Motor,,BROKER,2022-04-04,2023-04-04,EX,339.22,0.12,MONTHLY_DD,2022,LEGACY_PAS
ALB-PET-0001199,P0002937,PET,Pet,,BROKER,2023-12-31,2024-12-30,EX,3457.02,0.12,ANNUAL,2023,LEGACY_PAS
ALB-HOM-0001200,P0000392,HOM,Home Buildings & Contents,,DIRECT,2023-12-11,2024-12-10,CN,4168.71,0.12,PREMIUM_FINANCE,2023,LEGACY_PAS
ALB-HOM-0001201,P0003170,HOM,Home Buildings & Contents,BRK0022,BROKER,2019-05-27,2020-05-26,IF,2980.34,0.12,ANNUAL,2019,POLARIS
ALB-TRV-0001202,P0001567,TRV,Annual Travel,,DIRECT,2023-04-18,2024-04-17,LP,2933.23,0.12,ANNUAL,2023,POLARIS
ALB-CPM-0001203,P0000535,CPM,Commercial Property,BRK0001,BROKER,2019-08-27,2020-08-26,RN,10263.32,0.12,PREMIUM_FINANCE,2019,POLARIS
ALB-PET-0001204,P0002746,PET,Pet,BRK0045,AGGREGATOR,2025-01-10,2026-01-10,IF,1992.88,0.12,ANNUAL,2025,POLARIS
ALB-PET-0001205,P0002054,PET,Pet,BRK0033,AGGREGATOR,2021-08-16,2022-08-16,IF,2261.0,0.12,PREMIUM_FINANCE,2021,LEGACY_PAS
ALB-CLB-0001206,P0003169,CLB,Commercial Liability,BRK0051,DIRECT,2018-06-29,2019-06-29,IF,1337.74,0.12,MONTHLY_DD,2018,POLARIS
ALB-CPM-0001207,P0002483,CPM,Commercial Property,BRK0057,BROKER,2024-06-25,2025-06-25,IF,9641.7,0.12,ANNUAL,2024,POLARIS
ALB-HOM-0001208,P0000159,HOM,Home Buildings & Contents,BRK0041,BROKER,2026-11-04,2027-11-04,IF,3218.88,0.12,ANNUAL,2026,POLARIS
ALB-HOM-0001209,P0002637,HOM,Home Buildings & Contents,,BROKER,2019-03-08,2020-03-07,EX,2296.03,0.12,ANNUAL,2019,LEGACY_PAS
ALB-TRV-0001210,P0001905,TRV,Annual Travel,BRK0006,BROKER,2020-03-05,2021-03-05,IF,4021.52,0.12,ANNUAL,2020,LEGACY_PAS
ALB-HOM-0001211,P0000903,HOM,Home Buildings & Contents,BRK0004,BROKER,2020-04-10,2021-04-10,EX,3386.06,0.12,MONTHLY_DD,2020,POLARIS
ALB-HOM-0001212,P0001448,HOM,Home Buildings & Contents,BRK0054,DIRECT,2024-01-24,2025-01-23,IF,3015.23,0.12,MONTHLY_DD,2024,POLARIS
ALB-HOM-0001213,P0000919,HOM,Home Buildings & Contents,,DIRECT,2022-03-11,2023-03-11,IF,1179.31,0.12,MONTHLY_DD,2022,LEGACY_PAS
ALB-CLB-0001214,P0003157,CLB,Commercial Liability,,BROKER,2026-10-02,2027-10-02,EX,874.5,0.12,MONTHLY_DD,2026,POLARIS
ALB-HOM-0001215,P0000399,HOM,Home Buildings & Contents,,AGGREGATOR,2025-07-14,2026-07-14,CN,535.02,0.12,ANNUAL,2025,POLARIS
ALB-CLB-0001216,P0001270,CLB,Commercial Liability,,DIRECT,2023-10-08,2024-10-07,LP,846.41,0.12,MONTHLY_DD,2023,POLARIS
ALB-MOT-0001217,P0002832,MOT,Private Motor,BRK0007,BROKER,2022-05-12,2023-05-12,CN,556.31,0.12,MONTHLY_DD,2022,POLARIS
ALB-TRV-0001218,P0003047,TRV,Annual Travel,,AGGREGATOR,2020-08-06,2021-08-06,IF,2671.73,0.12,MONTHLY_DD,2020,POLARIS
ALB-MOT-0001219,P0001613,MOT,Private Motor,BRK0003,BROKER,2023-01-05,2024-01-05,IF,2163.53,0.12,ANNUAL,2023,POLARIS
ALB-MOT-0001220,P0001223,MOT,Private Motor,BRK0029,DIRECT,2021-03-08,2022-03-08,IF,262.41,0.12,PREMIUM_FINANCE,2021,LEGACY_PAS
ALB-HOM-0001221,P0002622,HOM,Home Buildings & Contents,BRK0022,BROKER,2025-05-10,2026-05-10,LP,983.94,0.12,ANNUAL,2025,POLARIS
ALB-PET-0001222,P0000065,PET,Pet,,DIRECT,2020-09-05,2021-09-05,IF,821.04,0.12,MONTHLY_DD,2020,POLARIS
ALB-TRV-0001223,P0001415,TRV,Annual Travel,,DIRECT,2021-04-17,2022-04-17,IF,2633.21,0.12,MONTHLY_DD,2021,POLARIS
ALB-HOM-0001224,P0000845,HOM,Home Buildings & Contents,BRK0033,AGGREGATOR,2018-05-23,2019-05-23,RN,2282.14,0.12,ANNUAL,2018,LEGACY_PAS
ALB-CLB-0001225,P0002371,CLB,Commercial Liability,,AGGREGATOR,2024-09-09,2025-09-09,IF,8018.63,0.12,ANNUAL,2024,POLARIS
ALB-CPM-0001226,P0000463,CPM,Commercial Property,,BROKER,2023-04-08,2024-04-07,EX,1429.8,0.12,MONTHLY_DD,2023,POLARIS
ALB-HOM-0001227,P0002546,HOM,Home Buildings & Contents,,BROKER,2020-12-27,2021-12-27,CN,2035.47,0.12,PREMIUM_FINANCE,2020,LEGACY_PAS
ALB-HOM-0001228,P0001148,HOM,Home Buildings & Contents,BRK0012,BROKER,2021-09-29,2022-09-29,CN,2222.84,0.12,MONTHLY_DD,2021,POLARIS
ALB-TRV-0001229,P0002557,TRV,Annual Travel,BRK0046,DIRECT,2024-05-28,2025-05-28,IF,2699.59,0.12,MONTHLY_DD,2024,POLARIS
ALB-HOM-0001230,P0000609,HOM,Home Buildings & Contents,BRK0046,BROKER,2023-07-09,2024-07-08,IF,3657.04,0.12,ANNUAL,2023,POLARIS
ALB-HOM-0001231,P0000945,HOM,Home Buildings & Contents,BRK0026,DIRECT,2021-06-06,2022-06-06,EX,3904.76,0.12,MONTHLY_DD,2021,POLARIS
ALB-TRV-0001232,P0001465,TRV,Annual Travel,BRK0060,BROKER,2024-08-07,2025-08-07,CN,781.09,0.12,PREMIUM_FINANCE,2024,LEGACY_PAS
ALB-CPM-0001233,P0001666,CPM,Commercial Property,BRK0055,AGGREGATOR,2022-01-08,2023-01-08,LP,2992.56,0.12,MONTHLY_DD,2022,POLARIS
ALB-HOM-0001234,P0001133,HOM,Home Buildings & Contents,BRK0049,BROKER,2025-01-18,2026-01-18,LP,2894.35,0.12,PREMIUM_FINANCE,2025,POLARIS
ALB-HOM-0001235,P0001606,HOM,Home Buildings & Contents,BRK0020,DIRECT,2018-12-08,2019-12-08,RN,1266.05,0.12,ANNUAL,2018,POLARIS
ALB-PET-0001236,P0000445,PET,Pet,BRK0028,BROKER,2019-08-23,2020-08-22,LP,1854.3,0.12,ANNUAL,2019,POLARIS
ALB-HOM-0001237,P0001217,HOM,Home Buildings & Contents,BRK0030,AGGREGATOR,2018-04-20,2019-04-20,EX,288.82,0.12,PREMIUM_FINANCE,2018,LEGACY_PAS
ALB-PET-0001238,P0000042,PET,Pet,BRK0046,BROKER,2026-09-11,2027-09-11,LP,468.52,0.12,MONTHLY_DD,2026,POLARIS
ALB-TRV-0001239,P0001957,TRV,Annual Travel,BRK0031,DIRECT,2022-04-05,2023-04-05,CN,2605.12,0.12,PREMIUM_FINANCE,2022,POLARIS
ALB-CLB-0001240,P0003162,CLB,Commercial Liability,BRK0051,DIRECT,2019-12-23,2020-12-22,EX,3006.06,0.12,ANNUAL,2019,POLARIS
ALB-CLB-0001241,P0002014,CLB,Commercial Liability,BRK0049,DIRECT,2022-08-16,2023-08-16,CN,14250.69,0.12,ANNUAL,2022,LEGACY_PAS
ALB-PET-0001242,P0000654,PET,Pet,BRK0029,DIRECT,2026-01-03,2027-01-03,RN,3663.87,0.12,MONTHLY_DD,2026,POLARIS
ALB-MOT-0001243,P0002069,MOT,Private Motor,BRK0036,BROKER,2024-07-15,2025-07-15,IF,3613.35,0.12,PREMIUM_FINANCE,2024,POLARIS
ALB-CLB-0001244,P0000370,CLB,Commercial Liability,BRK0054,AGGREGATOR,2018-02-13,2019-02-13,IF,1148.02,0.12,ANNUAL,2018,LEGACY_PAS
ALB-CPM-0001245,P0001609,CPM,Commercial Property,,BROKER,2020-12-26,2021-12-26,RN,1054.91,0.12,ANNUAL,2020,LEGACY_PAS
ALB-TRV-0001246,P0001424,TRV,Annual Travel,,DIRECT,2024-11-26,2025-11-26,IF,3618.55,0.12,MONTHLY_DD,2024,LEGACY_PAS
ALB-HOM-0001247,P0000285,HOM,Home Buildings & Contents,,DIRECT,2018-04-15,2019-04-15,IF,625.6,0.12,MONTHLY_DD,2018,POLARIS
ALB-PET-0001248,P0003076,PET,Pet,BRK0038,BROKER,2023-03-18,2024-03-17,LP,211.17,0.12,ANNUAL,2023,POLARIS
ALB-HOM-0001249,P0003052,HOM,Home Buildings & Contents,BRK0002,BROKER,2025-06-10,2026-06-10,IF,1708.77,0.12,MONTHLY_DD,2025,POLARIS
ALB-HOM-0001250,P0000296,HOM,Home Buildings & Contents,BRK0009,AGGREGATOR,2023-04-19,2024-04-18,RN,1510.83,0.12,ANNUAL,2023,LEGACY_PAS
ALB-CLB-0001251,P0001497,CLB,Commercial Liability,BRK0035,DIRECT,2018-10-05,2019-10-05,IF,14444.25,0.12,PREMIUM_FINANCE,2018,POLARIS
ALB-PET-0001252,P0002259,PET,Pet,,BROKER,2024-10-06,2025-10-06,EX,734.55,0.12,PREMIUM_FINANCE,2024,POLARIS
ALB-MOT-0001253,P0001295,MOT,Private Motor,BRK0025,DIRECT,2026-05-17,2027-05-17,CN,268.13,0.12,ANNUAL,2026,POLARIS
ALB-CPM-0001254,P0000182,CPM,Commercial Property,BRK0041,AGGREGATOR,2021-07-17,2022-07-17,RN,9653.38,0.12,MONTHLY_DD,2021,POLARIS
ALB-CLB-0001255,P0002157,CLB,Commercial Liability,BRK0032,BROKER,2023-09-26,2024-09-25,IF,2814.63,0.12,ANNUAL,2023,POLARIS
ALB-TRV-0001256,P0003068,TRV,Annual Travel,BRK0035,DIRECT,2022-07-07,2023-07-07,EX,3469.04,0.12,PREMIUM_FINANCE,2022,POLARIS
ALB-PET-0001257,P0000384,PET,Pet,BRK0028,AGGREGATOR,2024-11-22,2025-11-22,RN,1763.3,0.12,MONTHLY_DD,2024,LEGACY_PAS
ALB-TRV-0001258,P0002924,TRV,Annual Travel,,BROKER,2024-03-10,2025-03-10,IF,3256.95,0.12,ANNUAL,2024,LEGACY_PAS
ALB-HOM-0001259,P0002862,HOM,Home Buildings & Contents,BRK0016,DIRECT,2022-04-22,2023-04-22,CN,3156.3,0.12,ANNUAL,2022,POLARIS
ALB-CLB-0001260,P0003121,CLB,Commercial Liability,BRK0045,BROKER,2026-09-03,2027-09-03,IF,8935.63,0.12,ANNUAL,2026,POLARIS
ALB-TRV-0001261,P0000581,TRV,Annual Travel,,AGGREGATOR,2023-03-23,2024-03-22,RN,3301.01,0.12,MONTHLY_DD,2023,LEGACY_PAS
ALB-MOT-0001262,P0000265,MOT,Private Motor,BRK0005,AGGREGATOR,2026-08-10,2027-08-10,IF,1587.51,0.12,PREMIUM_FINANCE,2026,POLARIS
ALB-PET-0001263,P0001569,PET,Pet,BRK0028,BROKER,2025-07-14,2026-07-14,IF,1943.72,0.12,MONTHLY_DD,2025,LEGACY_PAS
ALB-TRV-0001264,P0000312,TRV,Annual Travel,BRK0007,AGGREGATOR,2024-02-10,2025-02-09,IF,3999.72,0.12,ANNUAL,2024,POLARIS
ALB-MOT-0001265,P0000932,MOT,Private Motor,BRK0030,DIRECT,2023-01-28,2024-01-28,IF,2355.71,0.12,MONTHLY_DD,2023,POLARIS
ALB-HOM-0001266,P0002033,HOM,Home Buildings & Contents,,DIRECT,2018-02-21,2019-02-21,IF,2541.41,0.12,PREMIUM_FINANCE,2018,POLARIS
ALB-HOM-0001267,P0001528,HOM,Home Buildings & Contents,,BROKER,2019-03-09,2020-03-08,RN,3696.5,0.12,MONTHLY_DD,2019,POLARIS
ALB-PET-0001268,P0002194,PET,Pet,BRK0020,AGGREGATOR,2020-03-11,2021-03-11,CN,1883.34,0.12,MONTHLY_DD,2020,POLARIS
ALB-CPM-0001269,P0001605,CPM,Commercial Property,BRK0037,BROKER,2021-01-25,2022-01-25,IF,4902.47,0.12,ANNUAL,2021,LEGACY_PAS
ALB-TRV-0001270,P0002957,TRV,Annual Travel,,DIRECT,2020-03-17,2021-03-17,RN,443.82,0.12,MONTHLY_DD,2020,POLARIS
ALB-CLB-0001271,P0001921,CLB,Commercial Liability,BRK0013,DIRECT,2019-06-21,2020-06-20,RN,5466.85,0.12,ANNUAL,2019,LEGACY_PAS
ALB-HOM-0001272,P0000929,HOM,Home Buildings & Contents,BRK0058,BROKER,2026-10-13,2027-10-13,RN,4055.36,0.12,MONTHLY_DD,2026,LEGACY_PAS
ALB-CPM-0001273,P0001164,CPM,Commercial Property,BRK0026,DIRECT,2023-08-08,2024-08-07,IF,11480.95,0.12,MONTHLY_DD,2023,POLARIS
ALB-TRV-0001274,P0002390,TRV,Annual Travel,BRK0054,BROKER,2021-04-25,2022-04-25,EX,2188.05,0.12,PREMIUM_FINANCE,2021,POLARIS
ALB-PET-0001275,P0000930,PET,Pet,,AGGREGATOR,2018-06-09,2019-06-09,RN,613.02,0.12,MONTHLY_DD,2018,LEGACY_PAS
ALB-MOT-0001276,P0001410,MOT,Private Motor,,AGGREGATOR,2018-12-23,2019-12-23,CN,1450.59,0.12,ANNUAL,2018,POLARIS
ALB-MOT-0001277,P0001690,MOT,Private Motor,,AGGREGATOR,2019-09-17,2020-09-16,IF,2545.07,0.12,PREMIUM_FINANCE,2019,POLARIS
ALB-CPM-0001278,P0001702,CPM,Commercial Property,,DIRECT,2022-09-16,2023-09-16,EX,2917.2,0.12,MONTHLY_DD,2022,LEGACY_PAS
ALB-HOM-0001279,P0000979,HOM,Home Buildings & Contents,,AGGREGATOR,2019-12-19,2020-12-18,CN,894.5,0.12,ANNUAL,2019,POLARIS
ALB-HOM-0001280,P0002117,HOM,Home Buildings & Contents,,DIRECT,2021-06-01,2022-06-01,IF,2517.96,0.12,PREMIUM_FINANCE,2021,POLARIS
ALB-CPM-0001281,P0001937,CPM,Commercial Property,BRK0024,AGGREGATOR,2025-09-20,2026-09-20,RN,2852.38,0.12,MONTHLY_DD,2025,POLARIS
ALB-CLB-0001282,P0002967,CLB,Commercial Liability,BRK0053,AGGREGATOR,2023-04-04,2024-04-03,CN,839.17,0.12,ANNUAL,2023,POLARIS
ALB-CLB-0001283,P0002405,CLB,Commercial Liability,BRK0051,BROKER,2026-08-16,2027-08-16,IF,5649.74,0.12,ANNUAL,2026,POLARIS
ALB-PET-0001284,P0000441,PET,Pet,,BROKER,2018-06-22,2019-06-22,IF,2752.43,0.12,ANNUAL,2018,POLARIS
ALB-MOT-0001285,P0000821,MOT,Private Motor,,DIRECT,2018-05-10,2019-05-10,IF,1685.46,0.12,MONTHLY_DD,2018,LEGACY_PAS
ALB-CPM-0001286,P0001375,CPM,Commercial Property,,AGGREGATOR,2020-01-17,2021-01-16,IF,12762.62,0.12,ANNUAL,2020,POLARIS
ALB-CLB-0001287,P0001420,CLB,Commercial Liability,BRK0042,BROKER,2025-08-12,2026-08-12,RN,7359.95,0.12,ANNUAL,2025,POLARIS
ALB-CPM-0001288,P0000340,CPM,Commercial Property,BRK0010,BROKER,2025-05-20,2026-05-20,EX,3597.14,0.12,ANNUAL,2025,LEGACY_PAS
ALB-TRV-0001289,P0002251,TRV,Annual Travel,BRK0047,BROKER,2019-12-10,2020-12-09,IF,2188.28,0.12,MONTHLY_DD,2019,POLARIS
ALB-CLB-0001290,P0000113,CLB,Commercial Liability,,DIRECT,2026-01-17,2027-01-17,EX,8481.55,0.12,ANNUAL,2026,POLARIS
ALB-TRV-0001291,P0001777,TRV,Annual Travel,BRK0022,DIRECT,2019-03-22,2020-03-21,IF,343.7,0.12,PREMIUM_FINANCE,2019,POLARIS
ALB-CPM-0001292,P0001495,CPM,Commercial Property,,DIRECT,2024-10-31,2025-10-31,RN,11150.82,0.12,MONTHLY_DD,2024,POLARIS
ALB-CLB-0001293,P0002236,CLB,Commercial Liability,BRK0011,BROKER,2019-02-21,2020-02-21,CN,6566.45,0.12,PREMIUM_FINANCE,2019,LEGACY_PAS
ALB-CPM-0001294,P0000158,CPM,Commercial Property,BRK0016,AGGREGATOR,2022-03-21,2023-03-21,EX,10265.94,0.12,MONTHLY_DD,2022,POLARIS
ALB-TRV-0001295,P0002339,TRV,Annual Travel,BRK0058,BROKER,2020-08-25,2021-08-25,RN,1226.15,0.12,MONTHLY_DD,2020,POLARIS
ALB-MOT-0001296,P0001625,MOT,Private Motor,BRK0045,BROKER,2026-06-29,2027-06-29,LP,3208.14,0.12,ANNUAL,2026,LEGACY_PAS
ALB-CLB-0001297,P0002321,CLB,Commercial Liability,BRK0008,DIRECT,2021-05-24,2022-05-24,EX,5002.27,0.12,MONTHLY_DD,2021,POLARIS
ALB-TRV-0001298,P0001759,TRV,Annual Travel,BRK0015,BROKER,2019-01-01,2020-01-01,CN,2593.62,0.12,PREMIUM_FINANCE,2019,POLARIS
ALB-CPM-0001299,P0000740,CPM,Commercial Property,,DIRECT,2022-03-10,2023-03-10,IF,13531.95,0.12,PREMIUM_FINANCE,2022,POLARIS
ALB-HOM-0001300,P0003130,HOM,Home Buildings & Contents,,DIRECT,2019-07-06,2020-07-05,CN,1756.12,0.12,ANNUAL,2019,POLARIS
ALB-TRV-0001301,P0000615,TRV,Annual Travel,,DIRECT,2025-07-02,2026-07-02,RN,316.25,0.12,MONTHLY_DD,2025,POLARIS
ALB-CPM-0001302,P0002147,CPM,Commercial Property,BRK0022,DIRECT,2020-05-26,2021-05-26,EX,1499.74,0.12,ANNUAL,2020,POLARIS
ALB-HOM-0001303,P0001926,HOM,Home Buildings & Contents,BRK0018,BROKER,2024-09-27,2025-09-27,EX,2594.99,0.12,PREMIUM_FINANCE,2024,POLARIS
ALB-PET-0001304,P0002300,PET,Pet,BRK0008,BROKER,2024-07-27,2025-07-27,IF,1586.21,0.12,MONTHLY_DD,2024,LEGACY_PAS
ALB-TRV-0001305,P0001439,TRV,Annual Travel,BRK0033,BROKER,2023-07-06,2024-07-05,EX,926.78,0.12,ANNUAL,2023,POLARIS
ALB-CPM-0001306,P0001018,CPM,Commercial Property,,BROKER,2021-07-02,2022-07-02,IF,1979.82,0.12,PREMIUM_FINANCE,2021,LEGACY_PAS
ALB-CLB-0001307,P0002574,CLB,Commercial Liability,BRK0057,BROKER,2020-02-04,2021-02-03,IF,4352.79,0.12,MONTHLY_DD,2020,POLARIS
ALB-CLB-0001308,P0002938,CLB,Commercial Liability,BRK0023,DIRECT,2022-06-27,2023-06-27,IF,13354.99,0.12,ANNUAL,2022,POLARIS
ALB-CPM-0001309,P0000216,CPM,Commercial Property,BRK0035,BROKER,2023-07-03,2024-07-02,CN,10492.68,0.12,MONTHLY_DD,2023,LEGACY_PAS
ALB-HOM-0001310,P0002298,HOM,Home Buildings & Contents,BRK0019,BROKER,2021-11-28,2022-11-28,CN,1536.59,0.12,PREMIUM_FINANCE,2021,LEGACY_PAS
ALB-TRV-0001311,P0002902,TRV,Annual Travel,BRK0023,BROKER,2019-11-30,2020-11-29,IF,1697.32,0.12,ANNUAL,2019,POLARIS
ALB-CPM-0001312,P0000157,CPM,Commercial Property,,BROKER,2022-08-23,2023-08-23,IF,14071.66,0.12,MONTHLY_DD,2022,POLARIS
ALB-HOM-0001313,P0001394,HOM,Home Buildings & Contents,BRK0017,BROKER,2023-10-24,2024-10-23,LP,1958.21,0.12,ANNUAL,2023,LEGACY_PAS
ALB-TRV-0001314,P0001467,TRV,Annual Travel,BRK0024,DIRECT,2018-08-31,2019-08-31,LP,1911.84,0.12,ANNUAL,2018,POLARIS
ALB-HOM-0001315,P0002981,HOM,Home Buildings & Contents,,BROKER,2026-11-08,2027-11-08,EX,3565.12,0.12,ANNUAL,2026,POLARIS
ALB-CLB-0001316,P0001764,CLB,Commercial Liability,,AGGREGATOR,2024-06-17,2025-06-17,EX,9287.63,0.12,ANNUAL,2024,LEGACY_PAS
ALB-CLB-0001317,P0000285,CLB,Commercial Liability,,BROKER,2022-11-28,2023-11-28,IF,1838.9,0.12,ANNUAL,2022,POLARIS
ALB-TRV-0001318,P0000293,TRV,Annual Travel,BRK0053,BROKER,2023-06-27,2024-06-26,IF,3843.2,0.12,ANNUAL,2023,LEGACY_PAS
ALB-MOT-0001319,P0000325,MOT,Private Motor,BRK0014,BROKER,2026-10-24,2027-10-24,IF,831.34,0.12,ANNUAL,2026,POLARIS
ALB-CPM-0001320,P0003131,CPM,Commercial Property,BRK0037,BROKER,2018-12-21,2019-12-21,IF,3814.99,0.12,PREMIUM_FINANCE,2018,LEGACY_PAS
ALB-PET-0001321,P0000273,PET,Pet,,DIRECT,2026-12-26,2027-12-26,CN,4156.89,0.12,MONTHLY_DD,2026,POLARIS
ALB-TRV-0001322,P0000220,TRV,Annual Travel,BRK0035,DIRECT,2020-08-05,2021-08-05,IF,2544.26,0.12,PREMIUM_FINANCE,2020,POLARIS
ALB-MOT-0001323,P0001890,MOT,Private Motor,BRK0010,AGGREGATOR,2020-05-11,2021-05-11,EX,4092.0,0.12,MONTHLY_DD,2020,POLARIS
ALB-MOT-0001324,P0002066,MOT,Private Motor,,AGGREGATOR,2026-04-26,2027-04-26,RN,236.48,0.12,MONTHLY_DD,2026,POLARIS
ALB-HOM-0001325,P0001154,HOM,Home Buildings & Contents,BRK0057,BROKER,2026-01-20,2027-01-20,RN,2016.11,0.12,MONTHLY_DD,2026,POLARIS
ALB-CPM-0001326,P0001008,CPM,Commercial Property,BRK0055,BROKER,2024-12-05,2025-12-05,EX,3278.33,0.12,ANNUAL,2024,POLARIS
ALB-TRV-0001327,P0002929,TRV,Annual Travel,,BROKER,2025-01-12,2026-01-12,RN,1186.07,0.12,MONTHLY_DD,2025,LEGACY_PAS
ALB-PET-0001328,P0001469,PET,Pet,BRK0017,BROKER,2021-02-25,2022-02-25,EX,2877.82,0.12,ANNUAL,2021,POLARIS
ALB-PET-0001329,P0002074,PET,Pet,BRK0039,BROKER,2026-11-22,2027-11-22,IF,435.53,0.12,PREMIUM_FINANCE,2026,POLARIS
ALB-CPM-0001330,P0000006,CPM,Commercial Property,BRK0022,DIRECT,2025-06-14,2026-06-14,RN,8163.51,0.12,MONTHLY_DD,2025,LEGACY_PAS
ALB-CPM-0001331,P0003068,CPM,Commercial Property,,DIRECT,2022-11-11,2023-11-11,IF,12222.79,0.12,MONTHLY_DD,2022,POLARIS
ALB-PET-0001332,P0001388,PET,Pet,BRK0033,DIRECT,2023-08-08,2024-08-07,EX,4092.64,0.12,MONTHLY_DD,2023,LEGACY_PAS
ALB-CPM-0001333,P0001782,CPM,Commercial Property,BRK0006,AGGREGATOR,2020-07-09,2021-07-09,IF,2450.37,0.12,MONTHLY_DD,2020,POLARIS
ALB-MOT-0001334,P0002719,MOT,Private Motor,,DIRECT,2026-11-23,2027-11-23,IF,639.01,0.12,MONTHLY_DD,2026,POLARIS
ALB-TRV-0001335,P0001168,TRV,Annual Travel,BRK0045,BROKER,2024-07-06,2025-07-06,LP,990.16,0.12,PREMIUM_FINANCE,2024,LEGACY_PAS
ALB-PET-0001336,P0002851,PET,Pet,,DIRECT,2025-08-08,2026-08-08,LP,1741.08,0.12,ANNUAL,2025,POLARIS
ALB-PET-0001337,P0001110,PET,Pet,BRK0037,AGGREGATOR,2021-10-29,2022-10-29,IF,2957.89,0.12,ANNUAL,2021,POLARIS
ALB-TRV-0001338,P0002846,TRV,Annual Travel,BRK0031,DIRECT,2018-09-25,2019-09-25,EX,3977.31,0.12,MONTHLY_DD,2018,LEGACY_PAS
ALB-HOM-0001339,P0001202,HOM,Home Buildings & Contents,,AGGREGATOR,2021-08-04,2022-08-04,IF,3630.52,0.12,ANNUAL,2021,POLARIS
ALB-CLB-0001340,P0001568,CLB,Commercial Liability,BRK0013,DIRECT,2025-04-19,2026-04-19,CN,12238.04,0.12,ANNUAL,2025,POLARIS
ALB-HOM-0001341,P0001445,HOM,Home Buildings & Contents,BRK0047,BROKER,2021-10-25,2022-10-25,RN,2447.67,0.12,ANNUAL,2021,POLARIS
ALB-PET-0001342,P0002963,PET,Pet,,AGGREGATOR,2019-04-10,2020-04-09,IF,1090.24,0.12,MONTHLY_DD,2019,POLARIS
ALB-HOM-0001343,P0001100,HOM,Home Buildings & Contents,BRK0023,BROKER,2019-07-01,2020-06-30,IF,1288.95,0.12,MONTHLY_DD,2019,POLARIS
ALB-HOM-0001344,P0002116,HOM,Home Buildings & Contents,BRK0051,BROKER,2025-05-14,2026-05-14,EX,3445.52,0.12,ANNUAL,2025,POLARIS
ALB-TRV-0001345,P0002305,TRV,Annual Travel,BRK0030,AGGREGATOR,2019-05-10,2020-05-09,RN,2386.05,0.12,MONTHLY_DD,2019,LEGACY_PAS
ALB-PET-0001346,P0001743,PET,Pet,,DIRECT,2022-09-01,2023-09-01,IF,1608.07,0.12,PREMIUM_FINANCE,2022,POLARIS
ALB-MOT-0001347,P0001069,MOT,Private Motor,,BROKER,2020-04-12,2021-04-12,EX,2137.51,0.12,MONTHLY_DD,2020,POLARIS
ALB-MOT-0001348,P0001255,MOT,Private Motor,BRK0020,BROKER,2022-09-08,2023-09-08,IF,4020.4,0.12,ANNUAL,2022,POLARIS
ALB-CPM-0001349,P0001626,CPM,Commercial Property,BRK0005,BROKER,2020-08-09,2021-08-09,IF,9435.39,0.12,MONTHLY_DD,2020,POLARIS
ALB-MOT-0001350,P0000717,MOT,Private Motor,BRK0002,AGGREGATOR,2025-04-19,2026-04-19,IF,2365.02,0.12,ANNUAL,2025,POLARIS
ALB-TRV-0001351,P0001450,TRV,Annual Travel,,DIRECT,2025-01-12,2026-01-12,RN,1978.66,0.12,MONTHLY_DD,2025,POLARIS
ALB-CLB-0001352,P0001672,CLB,Commercial Liability,BRK0007,AGGREGATOR,2018-07-15,2019-07-15,IF,12188.04,0.12,ANNUAL,2018,LEGACY_PAS
ALB-TRV-0001353,P0002984,TRV,Annual Travel,BRK0022,AGGREGATOR,2025-08-05,2026-08-05,IF,418.03,0.12,ANNUAL,2025,LEGACY_PAS
ALB-MOT-0001354,P0003052,MOT,Private Motor,,AGGREGATOR,2023-09-29,2024-09-28,CN,366.59,0.12,ANNUAL,2023,POLARIS
ALB-CPM-0001355,P0000496,CPM,Commercial Property,,BROKER,2026-10-21,2027-10-21,RN,8891.76,0.12,ANNUAL,2026,POLARIS
ALB-PET-0001356,P0002157,PET,Pet,BRK0015,BROKER,2021-12-23,2022-12-23,IF,3891.37,0.12,PREMIUM_FINANCE,2021,LEGACY_PAS
ALB-HOM-0001357,P0000021,HOM,Home Buildings & Contents,,BROKER,2020-07-02,2021-07-02,IF,3683.29,0.12,MONTHLY_DD,2020,POLARIS
ALB-MOT-0001358,P0000433,MOT,Private Motor,BRK0002,AGGREGATOR,2024-04-05,2025-04-05,IF,2328.99,0.12,ANNUAL,2024,POLARIS
ALB-MOT-0001359,P0001858,MOT,Private Motor,BRK0017,BROKER,2024-11-05,2025-11-05,IF,3799.53,0.12,PREMIUM_FINANCE,2024,POLARIS
ALB-MOT-0001360,P0002736,MOT,Private Motor,,BROKER,2025-12-10,2026-12-10,IF,745.17,0.12,MONTHLY_DD,2025,POLARIS
ALB-CLB-0001361,P0003035,CLB,Commercial Liability,BRK0018,BROKER,2023-01-19,2024-01-19,IF,7879.56,0.12,MONTHLY_DD,2023,POLARIS
ALB-PET-0001362,P0001122,PET,Pet,BRK0014,AGGREGATOR,2023-09-04,2024-09-03,IF,1483.29,0.12,PREMIUM_FINANCE,2023,POLARIS
ALB-MOT-0001363,P0000900,MOT,Private Motor,BRK0025,DIRECT,2018-06-21,2019-06-21,IF,207.72,0.12,PREMIUM_FINANCE,2018,POLARIS
ALB-CLB-0001364,P0001166,CLB,Commercial Liability,,AGGREGATOR,2019-12-25,2020-12-24,IF,11110.39,0.12,PREMIUM_FINANCE,2019,POLARIS
ALB-MOT-0001365,P0002577,MOT,Private Motor,BRK0009,DIRECT,2024-08-25,2025-08-25,IF,3203.12,0.12,ANNUAL,2024,POLARIS
ALB-CPM-0001366,P0002960,CPM,Commercial Property,BRK0020,BROKER,2019-02-23,2020-02-23,RN,10954.34,0.12,MONTHLY_DD,2019,POLARIS
ALB-TRV-0001367,P0000969,TRV,Annual Travel,,BROKER,2018-07-01,2019-07-01,RN,2719.34,0.12,MONTHLY_DD,2018,POLARIS
ALB-CLB-0001368,P0001868,CLB,Commercial Liability,,AGGREGATOR,2022-02-13,2023-02-13,IF,3950.62,0.12,ANNUAL,2022,POLARIS
ALB-HOM-0001369,P0003034,HOM,Home Buildings & Contents,,BROKER,2019-06-01,2020-05-31,IF,2332.41,0.12,PREMIUM_FINANCE,2019,POLARIS
ALB-CPM-0001370,P0000231,CPM,Commercial Property,,BROKER,2023-06-18,2024-06-17,IF,13389.55,0.12,PREMIUM_FINANCE,2023,LEGACY_PAS
ALB-HOM-0001371,P0002648,HOM,Home Buildings & Contents,BRK0024,BROKER,2022-04-08,2023-04-08,IF,1090.27,0.12,ANNUAL,2022,LEGACY_PAS
ALB-CPM-0001372,P0001519,CPM,Commercial Property,BRK0039,AGGREGATOR,2021-05-02,2022-05-02,IF,5003.32,0.12,ANNUAL,2021,POLARIS
ALB-TRV-0001373,P0001025,TRV,Annual Travel,BRK0021,AGGREGATOR,2024-04-25,2025-04-25,IF,2874.72,0.12,MONTHLY_DD,2024,LEGACY_PAS
ALB-TRV-0001374,P0001913,TRV,Annual Travel,,BROKER,2022-01-16,2023-01-16,IF,3854.42,0.12,ANNUAL,2022,POLARIS
ALB-CLB-0001375,P0000336,CLB,Commercial Liability,,BROKER,2021-09-04,2022-09-04,IF,9246.04,0.12,ANNUAL,2021,POLARIS
ALB-HOM-0001376,P0001764,HOM,Home Buildings & Contents,BRK0010,DIRECT,2024-08-28,2025-08-28,LP,1266.67,0.12,MONTHLY_DD,2024,LEGACY_PAS
ALB-CPM-0001377,P0000173,CPM,Commercial Property,BRK0060,BROKER,2021-05-16,2022-05-16,IF,3079.0,0.12,PREMIUM_FINANCE,2021,LEGACY_PAS
ALB-CPM-0001378,P0002758,CPM,Commercial Property,,BROKER,2024-02-21,2025-02-20,LP,7147.55,0.12,ANNUAL,2024,POLARIS
ALB-TRV-0001379,P0000981,TRV,Annual Travel,BRK0021,BROKER,2019-09-03,2020-09-02,IF,3064.39,0.12,MONTHLY_DD,2019,POLARIS
ALB-CPM-0001380,P0000282,CPM,Commercial Property,BRK0055,DIRECT,2022-12-27,2023-12-27,RN,8760.74,0.12,ANNUAL,2022,LEGACY_PAS
ALB-PET-0001381,P0002797,PET,Pet,BRK0021,BROKER,2019-10-30,2020-10-29,IF,1461.52,0.12,MONTHLY_DD,2019,POLARIS
ALB-PET-0001382,P0000492,PET,Pet,BRK0004,BROKER,2021-01-11,2022-01-11,IF,1351.88,0.12,MONTHLY_DD,2021,POLARIS
ALB-HOM-0001383,P0001176,HOM,Home Buildings & Contents,BRK0026,DIRECT,2018-01-10,2019-01-10,EX,2240.91,0.12,MONTHLY_DD,2018,POLARIS
ALB-PET-0001384,P0000487,PET,Pet,,DIRECT,2021-05-14,2022-05-14,LP,1638.42,0.12,MONTHLY_DD,2021,POLARIS
ALB-HOM-0001385,P0002372,HOM,Home Buildings & Contents,BRK0044,BROKER,2020-10-13,2021-10-13,CN,1514.47,0.12,ANNUAL,2020,POLARIS
ALB-CPM-0001386,P0000069,CPM,Commercial Property,BRK0034,BROKER,2024-02-14,2025-02-13,IF,6652.35,0.12,ANNUAL,2024,POLARIS
ALB-CLB-0001387,P0001314,CLB,Commercial Liability,,BROKER,2025-05-28,2026-05-28,RN,14263.63,0.12,MONTHLY_DD,2025,LEGACY_PAS
ALB-TRV-0001388,P0001042,TRV,Annual Travel,,BROKER,2022-08-11,2023-08-11,LP,3744.08,0.12,PREMIUM_FINANCE,2022,POLARIS
ALB-MOT-0001389,P0001282,MOT,Private Motor,BRK0002,BROKER,2021-12-26,2022-12-26,IF,2293.9,0.12,ANNUAL,2021,POLARIS
ALB-CLB-0001390,P0002009,CLB,Commercial Liability,,DIRECT,2018-08-05,2019-08-05,IF,4512.35,0.12,ANNUAL,2018,POLARIS
ALB-CPM-0001391,P0001753,CPM,Commercial Property,BRK0057,BROKER,2020-09-29,2021-09-29,IF,3794.62,0.12,ANNUAL,2020,POLARIS
ALB-CPM-0001392,P0003082,CPM,Commercial Property,,DIRECT,2023-10-30,2024-10-29,IF,9448.74,0.12,ANNUAL,2023,POLARIS
ALB-PET-0001393,P0000769,PET,Pet,BRK0056,BROKER,2025-02-12,2026-02-12,RN,262.79,0.12,PREMIUM_FINANCE,2025,POLARIS
ALB-TRV-0001394,P0000510,TRV,Annual Travel,BRK0029,AGGREGATOR,2022-03-20,2023-03-20,EX,1682.63,0.12,PREMIUM_FINANCE,2022,POLARIS
ALB-PET-0001395,P0001069,PET,Pet,,AGGREGATOR,2021-10-10,2022-10-10,RN,952.08,0.12,ANNUAL,2021,POLARIS
ALB-HOM-0001396,P0002568,HOM,Home Buildings & Contents,,DIRECT,2018-10-30,2019-10-30,LP,2938.13,0.12,ANNUAL,2018,LEGACY_PAS
ALB-HOM-0001397,P0000167,HOM,Home Buildings & Contents,,AGGREGATOR,2024-02-01,2025-01-31,RN,948.48,0.12,MONTHLY_DD,2024,LEGACY_PAS
ALB-CLB-0001398,P0001828,CLB,Commercial Liability,,DIRECT,2023-08-08,2024-08-07,CN,8495.55,0.12,PREMIUM_FINANCE,2023,POLARIS
ALB-TRV-0001399,P0002261,TRV,Annual Travel,BRK0028,DIRECT,2018-02-14,2019-02-14,LP,1853.58,0.12,MONTHLY_DD,2018,LEGACY_PAS
ALB-MOT-0001400,P0000804,MOT,Private Motor,BRK0058,DIRECT,2022-11-11,2023-11-11,IF,2581.58,0.12,MONTHLY_DD,2022,POLARIS
ALB-CPM-0001401,P0001202,CPM,Commercial Property,BRK0024,BROKER,2026-05-15,2027-05-15,IF,12515.36,0.12,PREMIUM_FINANCE,2026,POLARIS
ALB-CPM-0001402,P0001543,CPM,Commercial Property,,DIRECT,2023-10-18,2024-10-17,RN,4361.4,0.12,ANNUAL,2023,POLARIS
ALB-TRV-0001403,P0000880,TRV,Annual Travel,BRK0053,AGGREGATOR,2019-12-30,2020-12-29,EX,3081.07,0.12,MONTHLY_DD,2019,POLARIS
ALB-CPM-0001404,P0001511,CPM,Commercial Property,BRK0014,BROKER,2021-02-26,2022-02-26,RN,2779.77,0.12,ANNUAL,2021,POLARIS
ALB-CLB-0001405,P0000458,CLB,Commercial Liability,,AGGREGATOR,2024-10-27,2025-10-27,IF,9865.48,0.12,ANNUAL,2024,POLARIS
ALB-CPM-0001406,P0000939,CPM,Commercial Property,BRK0023,BROKER,2021-12-24,2022-12-24,IF,5754.28,0.12,MONTHLY_DD,2021,LEGACY_PAS
ALB-CLB-0001407,P0001911,CLB,Commercial Liability,BRK0051,BROKER,2022-03-24,2023-03-24,EX,1920.01,0.12,ANNUAL,2022,POLARIS
ALB-TRV-0001408,P0002026,TRV,Annual Travel,,DIRECT,2026-07-19,2027-07-19,LP,3505.49,0.12,ANNUAL,2026,POLARIS
ALB-CLB-0001409,P0000219,CLB,Commercial Liability,BRK0007,BROKER,2020-01-02,2021-01-01,RN,6159.91,0.12,ANNUAL,2020,POLARIS
ALB-CPM-0001410,P0001060,CPM,Commercial Property,BRK0010,BROKER,2024-08-24,2025-08-24,IF,6322.52,0.12,MONTHLY_DD,2024,POLARIS
ALB-CPM-0001411,P0002001,CPM,Commercial Property,BRK0023,BROKER,2018-10-15,2019-10-15,IF,11549.61,0.12,ANNUAL,2018,LEGACY_PAS
ALB-HOM-0001412,P0002035,HOM,Home Buildings & Contents,BRK0005,DIRECT,2020-11-20,2021-11-20,IF,1415.71,0.12,ANNUAL,2020,LEGACY_PAS
ALB-MOT-0001413,P0003085,MOT,Private Motor,,BROKER,2018-04-11,2019-04-11,IF,891.41,0.12,ANNUAL,2018,POLARIS
ALB-TRV-0001414,P0000116,TRV,Annual Travel,,BROKER,2022-06-18,2023-06-18,EX,714.06,0.12,MONTHLY_DD,2022,POLARIS
ALB-PET-0001415,P0001212,PET,Pet,BRK0019,BROKER,2019-04-01,2020-03-31,IF,3122.18,0.12,MONTHLY_DD,2019,LEGACY_PAS
ALB-PET-0001416,P0001992,PET,Pet,BRK0046,DIRECT,2026-08-18,2027-08-18,EX,2717.84,0.12,ANNUAL,2026,LEGACY_PAS
ALB-TRV-0001417,P0001177,TRV,Annual Travel,,BROKER,2024-03-31,2025-03-31,LP,3594.04,0.12,MONTHLY_DD,2024,POLARIS
ALB-TRV-0001418,P0002583,TRV,Annual Travel,,DIRECT,2023-11-21,2024-11-20,EX,3233.01,0.12,MONTHLY_DD,2023,POLARIS
ALB-MOT-0001419,P0002636,MOT,Private Motor,,DIRECT,2025-02-05,2026-02-05,IF,3689.61,0.12,ANNUAL,2025,LEGACY_PAS
ALB-MOT-0001420,P0001264,MOT,Private Motor,BRK0038,BROKER,2021-06-09,2022-06-09,IF,3859.57,0.12,PREMIUM_FINANCE,2021,POLARIS
ALB-CPM-0001421,P0000189,CPM,Commercial Property,,BROKER,2023-11-06,2024-11-05,RN,3750.63,0.12,ANNUAL,2023,POLARIS
ALB-CPM-0001422,P0002427,CPM,Commercial Property,BRK0029,DIRECT,2022-01-15,2023-01-15,LP,7611.77,0.12,ANNUAL,2022,POLARIS
ALB-TRV-0001423,P0001253,TRV,Annual Travel,BRK0017,DIRECT,2020-05-08,2021-05-08,CN,1364.08,0.12,PREMIUM_FINANCE,2020,POLARIS
ALB-MOT-0001424,P0001022,MOT,Private Motor,BRK0054,BROKER,2018-12-07,2019-12-07,IF,3994.83,0.12,ANNUAL,2018,LEGACY_PAS
ALB-MOT-0001425,P0002176,MOT,Private Motor,,DIRECT,2021-12-09,2022-12-09,EX,2531.24,0.12,ANNUAL,2021,POLARIS
ALB-CPM-0001426,P0002983,CPM,Commercial Property,,AGGREGATOR,2023-11-28,2024-11-27,IF,1095.61,0.12,ANNUAL,2023,POLARIS
ALB-MOT-0001427,P0001522,MOT,Private Motor,,BROKER,2018-10-20,2019-10-20,IF,2534.37,0.12,MONTHLY_DD,2018,POLARIS
ALB-PET-0001428,P0001173,PET,Pet,BRK0043,BROKER,2023-01-16,2024-01-16,IF,501.47,0.12,PREMIUM_FINANCE,2023,LEGACY_PAS
ALB-CLB-0001429,P0003097,CLB,Commercial Liability,BRK0031,BROKER,2020-05-28,2021-05-28,CN,4544.23,0.12,MONTHLY_DD,2020,POLARIS
ALB-HOM-0001430,P0001137,HOM,Home Buildings & Contents,BRK0022,DIRECT,2020-07-01,2021-07-01,IF,1941.69,0.12,PREMIUM_FINANCE,2020,LEGACY_PAS
ALB-MOT-0001431,P0002663,MOT,Private Motor,,BROKER,2022-12-14,2023-12-14,LP,1111.85,0.12,MONTHLY_DD,2022,POLARIS
ALB-CPM-0001432,P0001075,CPM,Commercial Property,BRK0054,BROKER,2023-02-09,2024-02-09,IF,6943.41,0.12,MONTHLY_DD,2023,POLARIS
ALB-PET-0001433,P0001447,PET,Pet,BRK0051,DIRECT,2025-02-18,2026-02-18,LP,553.7,0.12,ANNUAL,2025,POLARIS
ALB-TRV-0001434,P0000888,TRV,Annual Travel,BRK0031,AGGREGATOR,2018-08-06,2019-08-06,EX,2110.28,0.12,ANNUAL,2018,LEGACY_PAS
ALB-HOM-0001435,P0002766,HOM,Home Buildings & Contents,,BROKER,2024-10-23,2025-10-23,EX,3376.05,0.12,PREMIUM_FINANCE,2024,POLARIS
ALB-PET-0001436,P0002893,PET,Pet,,BROKER,2018-11-30,2019-11-30,IF,3366.09,0.12,MONTHLY_DD,2018,LEGACY_PAS
ALB-MOT-0001437,P0001099,MOT,Private Motor,BRK0052,AGGREGATOR,2018-04-25,2019-04-25,RN,3099.89,0.12,MONTHLY_DD,2018,POLARIS
ALB-HOM-0001438,P0003152,HOM,Home Buildings & Contents,,BROKER,2018-03-19,2019-03-19,CN,3700.43,0.12,ANNUAL,2018,POLARIS
ALB-CLB-0001439,P0000153,CLB,Commercial Liability,BRK0022,DIRECT,2024-11-26,2025-11-26,RN,8255.05,0.12,MONTHLY_DD,2024,POLARIS
ALB-CPM-0001440,P0000432,CPM,Commercial Property,,BROKER,2023-08-09,2024-08-08,IF,12538.84,0.12,MONTHLY_DD,2023,POLARIS
ALB-CLB-0001441,P0001069,CLB,Commercial Liability,,BROKER,2024-07-22,2025-07-22,EX,2323.85,0.12,PREMIUM_FINANCE,2024,POLARIS
ALB-CLB-0001442,P0000202,CLB,Commercial Liability,BRK0054,DIRECT,2024-06-14,2025-06-14,RN,6682.41,0.12,ANNUAL,2024,LEGACY_PAS
ALB-HOM-0001443,P0002255,HOM,Home Buildings & Contents,,BROKER,2018-04-05,2019-04-05,IF,2417.82,0.12,MONTHLY_DD,2018,POLARIS
ALB-PET-0001444,P0002507,PET,Pet,,BROKER,2018-09-05,2019-09-05,IF,3642.44,0.12,MONTHLY_DD,2018,POLARIS
ALB-TRV-0001445,P0000075,TRV,Annual Travel,BRK0035,DIRECT,2023-10-08,2024-10-07,CN,2421.39,0.12,ANNUAL,2023,POLARIS
ALB-TRV-0001446,P0003149,TRV,Annual Travel,,DIRECT,2024-01-01,2024-12-31,RN,1272.78,0.12,ANNUAL,2024,POLARIS
ALB-TRV-0001447,P0002519,TRV,Annual Travel,BRK0025,DIRECT,2022-08-12,2023-08-12,RN,2021.26,0.12,ANNUAL,2022,POLARIS
ALB-HOM-0001448,P0000385,HOM,Home Buildings & Contents,,DIRECT,2026-07-14,2027-07-14,LP,4056.02,0.12,MONTHLY_DD,2026,LEGACY_PAS
ALB-CPM-0001449,P0001568,CPM,Commercial Property,BRK0058,DIRECT,2024-12-08,2025-12-08,IF,1967.91,0.12,MONTHLY_DD,2024,POLARIS
ALB-MOT-0001450,P0000090,MOT,Private Motor,BRK0041,BROKER,2019-03-12,2020-03-11,IF,4115.32,0.12,MONTHLY_DD,2019,LEGACY_PAS
ALB-HOM-0001451,P0000255,HOM,Home Buildings & Contents,,DIRECT,2020-06-24,2021-06-24,RN,1969.4,0.12,PREMIUM_FINANCE,2020,POLARIS
ALB-MOT-0001452,P0002201,MOT,Private Motor,,BROKER,2021-04-25,2022-04-25,LP,1757.7,0.12,MONTHLY_DD,2021,LEGACY_PAS
ALB-CLB-0001453,P0000754,CLB,Commercial Liability,BRK0023,DIRECT,2022-09-27,2023-09-27,IF,8554.96,0.12,MONTHLY_DD,2022,LEGACY_PAS
ALB-HOM-0001454,P0001463,HOM,Home Buildings & Contents,BRK0037,DIRECT,2022-12-17,2023-12-17,IF,657.49,0.12,ANNUAL,2022,POLARIS
ALB-HOM-0001455,P0001823,HOM,Home Buildings & Contents,BRK0026,BROKER,2022-12-05,2023-12-05,CN,3385.31,0.12,PREMIUM_FINANCE,2022,LEGACY_PAS
ALB-MOT-0001456,P0002653,MOT,Private Motor,,BROKER,2022-01-30,2023-01-30,EX,2181.02,0.12,ANNUAL,2022,POLARIS
ALB-PET-0001457,P0003176,PET,Pet,,AGGREGATOR,2022-03-14,2023-03-14,EX,3500.6,0.12,MONTHLY_DD,2022,POLARIS
ALB-CLB-0001458,P0000017,CLB,Commercial Liability,BRK0008,AGGREGATOR,2022-06-30,2023-06-30,RN,2582.17,0.12,PREMIUM_FINANCE,2022,POLARIS
ALB-CLB-0001459,P0002372,CLB,Commercial Liability,BRK0047,DIRECT,2022-09-16,2023-09-16,RN,8844.54,0.12,ANNUAL,2022,POLARIS
ALB-TRV-0001460,P0000288,TRV,Annual Travel,,BROKER,2020-05-19,2021-05-19,RN,2655.46,0.12,ANNUAL,2020,LEGACY_PAS
ALB-MOT-0001461,P0000599,MOT,Private Motor,BRK0046,BROKER,2019-11-14,2020-11-13,LP,2313.2,0.12,ANNUAL,2019,POLARIS
ALB-MOT-0001462,P0002000,MOT,Private Motor,BRK0056,BROKER,2026-08-08,2027-08-08,RN,3700.61,0.12,MONTHLY_DD,2026,LEGACY_PAS
ALB-CLB-0001463,P0001230,CLB,Commercial Liability,BRK0060,AGGREGATOR,2019-12-10,2020-12-09,EX,4620.87,0.12,MONTHLY_DD,2019,POLARIS
ALB-MOT-0001464,P0000585,MOT,Private Motor,BRK0055,BROKER,2018-03-30,2019-03-30,EX,4186.12,0.12,ANNUAL,2018,POLARIS
ALB-PET-0001465,P0002991,PET,Pet,BRK0051,DIRECT,2026-09-14,2027-09-14,LP,1239.33,0.12,ANNUAL,2026,POLARIS
ALB-MOT-0001466,P0002106,MOT,Private Motor,BRK0059,BROKER,2024-02-11,2025-02-10,IF,3301.05,0.12,ANNUAL,2024,POLARIS
ALB-CLB-0001467,P0002256,CLB,Commercial Liability,,BROKER,2020-06-08,2021-06-08,EX,13749.35,0.12,ANNUAL,2020,LEGACY_PAS
ALB-HOM-0001468,P0002251,HOM,Home Buildings & Contents,BRK0052,DIRECT,2023-07-17,2024-07-16,RN,2935.9,0.12,MONTHLY_DD,2023,LEGACY_PAS
ALB-CPM-0001469,P0000397,CPM,Commercial Property,,BROKER,2023-07-14,2024-07-13,IF,8391.47,0.12,MONTHLY_DD,2023,POLARIS
ALB-HOM-0001470,P0000640,HOM,Home Buildings & Contents,,BROKER,2020-02-18,2021-02-17,IF,2339.71,0.12,PREMIUM_FINANCE,2020,POLARIS
ALB-PET-0001471,P0001670,PET,Pet,,DIRECT,2023-03-07,2024-03-06,IF,2980.12,0.12,MONTHLY_DD,2023,POLARIS
ALB-CPM-0001472,P0001483,CPM,Commercial Property,BRK0027,BROKER,2024-02-10,2025-02-09,EX,4828.99,0.12,ANNUAL,2024,POLARIS
ALB-MOT-0001473,P0001413,MOT,Private Motor,,BROKER,2018-12-08,2019-12-08,IF,2867.06,0.12,MONTHLY_DD,2018,LEGACY_PAS
ALB-CPM-0001474,P0000470,CPM,Commercial Property,BRK0012,DIRECT,2019-03-07,2020-03-06,IF,6390.84,0.12,ANNUAL,2019,LEGACY_PAS
ALB-CPM-0001475,P0001638,CPM,Commercial Property,,BROKER,2025-04-13,2026-04-13,EX,2923.25,0.12,MONTHLY_DD,2025,POLARIS
ALB-MOT-0001476,P0002995,MOT,Private Motor,,BROKER,2019-10-03,2020-10-02,IF,963.57,0.12,ANNUAL,2019,POLARIS
ALB-PET-0001477,P0001152,PET,Pet,,BROKER,2020-05-28,2021-05-28,IF,1616.34,0.12,MONTHLY_DD,2020,LEGACY_PAS
ALB-CLB-0001478,P0002176,CLB,Commercial Liability,,DIRECT,2022-05-19,2023-05-19,IF,13987.28,0.12,MONTHLY_DD,2022,POLARIS
ALB-PET-0001479,P0003142,PET,Pet,,AGGREGATOR,2026-11-16,2027-11-16,EX,2020.94,0.12,MONTHLY_DD,2026,POLARIS
ALB-CPM-0001480,P0002276,CPM,Commercial Property,BRK0025,BROKER,2023-07-04,2024-07-03,IF,13496.25,0.12,ANNUAL,2023,POLARIS
ALB-CLB-0001481,P0001180,CLB,Commercial Liability,BRK0028,DIRECT,2021-12-20,2022-12-20,RN,8745.08,0.12,ANNUAL,2021,POLARIS
ALB-MOT-0001482,P0002568,MOT,Private Motor,BRK0030,DIRECT,2020-11-07,2021-11-07,IF,547.87,0.12,MONTHLY_DD,2020,LEGACY_PAS
ALB-CLB-0001483,P0001789,CLB,Commercial Liability,,BROKER,2022-04-08,2023-04-08,CN,9037.29,0.12,ANNUAL,2022,POLARIS
ALB-CPM-0001484,P0000909,CPM,Commercial Property,,DIRECT,2021-04-10,2022-04-10,IF,2241.42,0.12,ANNUAL,2021,POLARIS
ALB-CLB-0001485,P0001705,CLB,Commercial Liability,BRK0009,BROKER,2021-05-02,2022-05-02,LP,8634.3,0.12,MONTHLY_DD,2021,LEGACY_PAS
ALB-TRV-0001486,P0000399,TRV,Annual Travel,BRK0055,DIRECT,2026-02-14,2027-02-14,EX,379.24,0.12,PREMIUM_FINANCE,2026,POLARIS
ALB-PET-0001487,P0000668,PET,Pet,,AGGREGATOR,2019-04-26,2020-04-25,IF,2741.42,0.12,MONTHLY_DD,2019,POLARIS
ALB-TRV-0001488,P0001261,TRV,Annual Travel,,BROKER,2022-06-05,2023-06-05,IF,2113.98,0.12,ANNUAL,2022,LEGACY_PAS
ALB-TRV-0001489,P0000183,TRV,Annual Travel,BRK0041,DIRECT,2020-04-29,2021-04-29,IF,3934.76,0.12,MONTHLY_DD,2020,POLARIS
ALB-TRV-0001490,P0002448,TRV,Annual Travel,BRK0025,DIRECT,2021-07-16,2022-07-16,EX,2031.54,0.12,MONTHLY_DD,2021,POLARIS
ALB-PET-0001491,P0001808,PET,Pet,,BROKER,2024-06-13,2025-06-13,LP,1063.36,0.12,PREMIUM_FINANCE,2024,LEGACY_PAS
ALB-PET-0001492,P0002976,PET,Pet,BRK0008,BROKER,2018-02-19,2019-02-19,IF,1393.06,0.12,MONTHLY_DD,2018,LEGACY_PAS
ALB-CLB-0001493,P0000818,CLB,Commercial Liability,,DIRECT,2019-07-11,2020-07-10,EX,4621.58,0.12,ANNUAL,2019,POLARIS
ALB-MOT-0001494,P0000390,MOT,Private Motor,BRK0040,BROKER,2018-03-08,2019-03-08,IF,2245.04,0.12,ANNUAL,2018,LEGACY_PAS
ALB-CPM-0001495,P0000411,CPM,Commercial Property,,BROKER,2024-04-15,2025-04-15,IF,5775.74,0.12,ANNUAL,2024,POLARIS
ALB-CPM-0001496,P0000351,CPM,Commercial Property,,DIRECT,2020-07-18,2021-07-18,RN,5602.69,0.12,ANNUAL,2020,POLARIS
ALB-HOM-0001497,P0002208,HOM,Home Buildings & Contents,BRK0023,BROKER,2026-08-02,2027-08-02,IF,248.45,0.12,PREMIUM_FINANCE,2026,POLARIS
ALB-HOM-0001498,P0002695,HOM,Home Buildings & Contents,BRK0059,BROKER,2021-08-17,2022-08-17,IF,4048.61,0.12,ANNUAL,2021,POLARIS
ALB-CPM-0001499,P0002861,CPM,Commercial Property,,BROKER,2021-05-06,2022-05-06,IF,10873.72,0.12,MONTHLY_DD,2021,POLARIS
ALB-MOT-0001500,P0001317,MOT,Private Motor,,DIRECT,2020-02-23,2021-02-22,EX,580.51,0.12,ANNUAL,2020,POLARIS
ALB-PET-0001501,P0002349,PET,Pet,BRK0050,BROKER,2024-06-11,2025-06-11,RN,3850.98,0.12,ANNUAL,2024,POLARIS
ALB-MOT-0001502,P0001800,MOT,Private Motor,,BROKER,2022-11-11,2023-11-11,IF,1477.07,0.12,ANNUAL,2022,POLARIS
ALB-CLB-0001503,P0000448,CLB,Commercial Liability,BRK0043,BROKER,2023-04-11,2024-04-10,LP,3509.07,0.12,MONTHLY_DD,2023,POLARIS
ALB-TRV-0001504,P0000819,TRV,Annual Travel,,DIRECT,2018-10-18,2019-10-18,EX,1255.41,0.12,ANNUAL,2018,POLARIS
ALB-CLB-0001505,P0000290,CLB,Commercial Liability,,DIRECT,2022-09-10,2023-09-10,IF,5013.51,0.12,PREMIUM_FINANCE,2022,POLARIS
ALB-TRV-0001506,P0001206,TRV,Annual Travel,BRK0032,BROKER,2024-03-15,2025-03-15,RN,894.5,0.12,ANNUAL,2024,POLARIS
ALB-CPM-0001507,P0000856,CPM,Commercial Property,,BROKER,2026-07-27,2027-07-27,EX,5555.84,0.12,MONTHLY_DD,2026,POLARIS
ALB-HOM-0001508,P0001890,HOM,Home Buildings & Contents,BRK0052,AGGREGATOR,2018-12-27,2019-12-27,IF,611.18,0.12,MONTHLY_DD,2018,LEGACY_PAS
ALB-PET-0001509,P0000757,PET,Pet,BRK0025,BROKER,2020-03-21,2021-03-21,IF,2858.8,0.12,MONTHLY_DD,2020,LEGACY_PAS
ALB-TRV-0001510,P0002845,TRV,Annual Travel,BRK0056,BROKER,2020-01-01,2020-12-31,IF,1092.51,0.12,MONTHLY_DD,2020,POLARIS
ALB-TRV-0001511,P0001194,TRV,Annual Travel,BRK0036,BROKER,2026-03-01,2027-03-01,IF,707.1,0.12,MONTHLY_DD,2026,POLARIS
ALB-PET-0001512,P0001851,PET,Pet,BRK0031,BROKER,2020-06-19,2021-06-19,RN,1891.15,0.12,ANNUAL,2020,POLARIS
ALB-HOM-0001513,P0002807,HOM,Home Buildings & Contents,BRK0028,AGGREGATOR,2022-02-22,2023-02-22,IF,4042.02,0.12,ANNUAL,2022,LEGACY_PAS
ALB-MOT-0001514,P0001435,MOT,Private Motor,,BROKER,2023-08-16,2024-08-15,IF,192.92,0.12,MONTHLY_DD,2023,POLARIS
ALB-PET-0001515,P0001344,PET,Pet,BRK0059,AGGREGATOR,2023-09-23,2024-09-22,LP,2215.19,0.12,PREMIUM_FINANCE,2023,POLARIS
ALB-CLB-0001516,P0000814,CLB,Commercial Liability,BRK0022,BROKER,2021-10-26,2022-10-26,LP,7474.83,0.12,PREMIUM_FINANCE,2021,POLARIS
ALB-CPM-0001517,P0003022,CPM,Commercial Property,BRK0044,DIRECT,2018-09-11,2019-09-11,RN,2421.21,0.12,ANNUAL,2018,LEGACY_PAS
ALB-TRV-0001518,P0001018,TRV,Annual Travel,,BROKER,2022-10-12,2023-10-12,IF,958.98,0.12,MONTHLY_DD,2022,POLARIS
ALB-CLB-0001519,P0000732,CLB,Commercial Liability,BRK0022,BROKER,2023-10-28,2024-10-27,IF,3503.89,0.12,ANNUAL,2023,POLARIS
ALB-MOT-0001520,P0000744,MOT,Private Motor,,DIRECT,2021-03-22,2022-03-22,IF,3036.8,0.12,ANNUAL,2021,POLARIS
ALB-PET-0001521,P0002335,PET,Pet,BRK0048,DIRECT,2019-10-23,2020-10-22,EX,4142.3,0.12,PREMIUM_FINANCE,2019,POLARIS
ALB-MOT-0001522,P0002094,MOT,Private Motor,,DIRECT,2026-08-14,2027-08-14,IF,1855.03,0.12,ANNUAL,2026,POLARIS
ALB-CPM-0001523,P0000720,CPM,Commercial Property,BRK0002,BROKER,2025-05-18,2026-05-18,RN,4921.76,0.12,MONTHLY_DD,2025,POLARIS
ALB-TRV-0001524,P0001382,TRV,Annual Travel,,DIRECT,2023-11-11,2024-11-10,EX,817.04,0.12,ANNUAL,2023,LEGACY_PAS
ALB-HOM-0001525,P0000536,HOM,Home Buildings & Contents,BRK0014,DIRECT,2021-08-24,2022-08-24,CN,1811.87,0.12,ANNUAL,2021,LEGACY_PAS
ALB-CPM-0001526,P0002730,CPM,Commercial Property,,BROKER,2022-05-14,2023-05-14,IF,10477.38,0.12,MONTHLY_DD,2022,POLARIS
ALB-CPM-0001527,P0000450,CPM,Commercial Property,,DIRECT,2019-07-17,2020-07-16,RN,7246.52,0.12,MONTHLY_DD,2019,POLARIS
ALB-PET-0001528,P0001051,PET,Pet,BRK0013,DIRECT,2022-09-15,2023-09-15,LP,3033.22,0.12,MONTHLY_DD,2022,LEGACY_PAS
ALB-TRV-0001529,P0002223,TRV,Annual Travel,BRK0031,DIRECT,2023-08-28,2024-08-27,EX,1729.86,0.12,MONTHLY_DD,2023,POLARIS
ALB-MOT-0001530,P0002115,MOT,Private Motor,BRK0059,BROKER,2025-01-29,2026-01-29,IF,2755.79,0.12,PREMIUM_FINANCE,2025,LEGACY_PAS
ALB-TRV-0001531,P0001887,TRV,Annual Travel,,AGGREGATOR,2019-05-27,2020-05-26,RN,3102.47,0.12,ANNUAL,2019,LEGACY_PAS
ALB-MOT-0001532,P0001079,MOT,Private Motor,,BROKER,2026-02-11,2027-02-11,IF,1375.93,0.12,MONTHLY_DD,2026,POLARIS
ALB-PET-0001533,P0002059,PET,Pet,,BROKER,2021-06-25,2022-06-25,IF,3289.13,0.12,MONTHLY_DD,2021,POLARIS
ALB-MOT-0001534,P0000816,MOT,Private Motor,BRK0010,BROKER,2025-09-02,2026-09-02,RN,1695.57,0.12,PREMIUM_FINANCE,2025,POLARIS
ALB-CPM-0001535,P0002714,CPM,Commercial Property,BRK0029,AGGREGATOR,2020-11-24,2021-11-24,LP,13506.0,0.12,MONTHLY_DD,2020,POLARIS
ALB-PET-0001536,P0000120,PET,Pet,,AGGREGATOR,2022-01-19,2023-01-19,IF,3939.31,0.12,PREMIUM_FINANCE,2022,POLARIS
ALB-MOT-0001537,P0001527,MOT,Private Motor,,AGGREGATOR,2019-10-23,2020-10-22,IF,3505.03,0.12,MONTHLY_DD,2019,POLARIS
ALB-TRV-0001538,P0001263,TRV,Annual Travel,,BROKER,2022-03-13,2023-03-13,EX,3196.92,0.12,ANNUAL,2022,POLARIS
ALB-TRV-0001539,P0003182,TRV,Annual Travel,BRK0056,BROKER,2018-04-07,2019-04-07,IF,349.74,0.12,ANNUAL,2018,POLARIS
ALB-MOT-0001540,P0001486,MOT,Private Motor,,BROKER,2022-03-24,2023-03-24,CN,924.54,0.12,PREMIUM_FINANCE,2022,POLARIS
ALB-CPM-0001541,P0001508,CPM,Commercial Property,,DIRECT,2019-05-06,2020-05-05,CN,14324.67,0.12,MONTHLY_DD,2019,LEGACY_PAS
ALB-PET-0001542,P0002707,PET,Pet,,AGGREGATOR,2018-12-06,2019-12-06,RN,3626.86,0.12,MONTHLY_DD,2018,LEGACY_PAS
ALB-HOM-0001543,P0001534,HOM,Home Buildings & Contents,BRK0012,BROKER,2020-12-19,2021-12-19,IF,1635.96,0.12,MONTHLY_DD,2020,POLARIS
ALB-CLB-0001544,P0002328,CLB,Commercial Liability,BRK0060,BROKER,2025-01-02,2026-01-02,RN,7910.21,0.12,PREMIUM_FINANCE,2025,POLARIS
ALB-TRV-0001545,P0002505,TRV,Annual Travel,,DIRECT,2023-05-31,2024-05-30,CN,911.81,0.12,ANNUAL,2023,POLARIS
ALB-PET-0001546,P0001310,PET,Pet,BRK0047,AGGREGATOR,2021-03-12,2022-03-12,IF,3562.87,0.12,MONTHLY_DD,2021,POLARIS
ALB-CPM-0001547,P0000729,CPM,Commercial Property,,DIRECT,2019-03-30,2020-03-29,IF,7720.84,0.12,MONTHLY_DD,2019,POLARIS
ALB-PET-0001548,P0002671,PET,Pet,BRK0041,BROKER,2025-08-01,2026-08-01,EX,1127.52,0.12,ANNUAL,2025,POLARIS
ALB-CLB-0001549,P0000015,CLB,Commercial Liability,,BROKER,2018-11-01,2019-11-01,IF,9190.42,0.12,PREMIUM_FINANCE,2018,LEGACY_PAS
ALB-TRV-0001550,P0001954,TRV,Annual Travel,,BROKER,2020-02-13,2021-02-12,IF,3733.2,0.12,PREMIUM_FINANCE,2020,POLARIS
ALB-CLB-0001551,P0001426,CLB,Commercial Liability,BRK0036,DIRECT,2022-09-30,2023-09-30,RN,12417.77,0.12,ANNUAL,2022,POLARIS
ALB-MOT-0001552,P0002013,MOT,Private Motor,BRK0055,DIRECT,2020-08-27,2021-08-27,RN,1034.62,0.12,MONTHLY_DD,2020,POLARIS
ALB-CLB-0001553,P0001581,CLB,Commercial Liability,BRK0060,DIRECT,2023-09-26,2024-09-25,RN,2270.06,0.12,PREMIUM_FINANCE,2023,POLARIS
ALB-MOT-0001554,P0000928,MOT,Private Motor,BRK0012,BROKER,2023-12-17,2024-12-16,RN,1814.37,0.12,MONTHLY_DD,2023,POLARIS
ALB-MOT-0001555,P0003006,MOT,Private Motor,BRK0001,BROKER,2023-01-02,2024-01-02,IF,1276.07,0.12,ANNUAL,2023,POLARIS
ALB-CPM-0001556,P0001531,CPM,Commercial Property,BRK0054,BROKER,2026-12-05,2027-12-05,RN,11945.53,0.12,ANNUAL,2026,POLARIS
ALB-PET-0001557,P0002410,PET,Pet,BRK0001,AGGREGATOR,2025-07-13,2026-07-13,LP,2454.33,0.12,PREMIUM_FINANCE,2025,POLARIS
ALB-TRV-0001558,P0000204,TRV,Annual Travel,BRK0045,BROKER,2020-12-31,2021-12-31,EX,4187.92,0.12,PREMIUM_FINANCE,2020,POLARIS
ALB-PET-0001559,P0002788,PET,Pet,BRK0021,AGGREGATOR,2020-07-25,2021-07-25,CN,4071.94,0.12,ANNUAL,2020,POLARIS
ALB-CLB-0001560,P0001066,CLB,Commercial Liability,BRK0044,DIRECT,2018-05-04,2019-05-04,CN,13962.99,0.12,ANNUAL,2018,POLARIS
ALB-MOT-0001561,P0000262,MOT,Private Motor,,AGGREGATOR,2020-07-27,2021-07-27,EX,3773.06,0.12,MONTHLY_DD,2020,POLARIS
ALB-TRV-0001562,P0000306,TRV,Annual Travel,,BROKER,2025-02-24,2026-02-24,RN,2734.88,0.12,PREMIUM_FINANCE,2025,POLARIS
ALB-HOM-0001563,P0003096,HOM,Home Buildings & Contents,,DIRECT,2020-12-12,2021-12-12,IF,3275.96,0.12,MONTHLY_DD,2020,POLARIS
ALB-MOT-0001564,P0001968,MOT,Private Motor,,BROKER,2026-04-27,2027-04-27,EX,2142.72,0.12,PREMIUM_FINANCE,2026,POLARIS
ALB-MOT-0001565,P0002297,MOT,Private Motor,,DIRECT,2022-04-23,2023-04-23,LP,1900.53,0.12,ANNUAL,2022,POLARIS
ALB-PET-0001566,P0000115,PET,Pet,BRK0018,BROKER,2019-01-27,2020-01-27,IF,1101.03,0.12,MONTHLY_DD,2019,POLARIS
ALB-CLB-0001567,P0001204,CLB,Commercial Liability,BRK0059,DIRECT,2021-02-22,2022-02-22,IF,9357.61,0.12,MONTHLY_DD,2021,LEGACY_PAS
ALB-PET-0001568,P0000786,PET,Pet,BRK0019,BROKER,2020-07-11,2021-07-11,IF,944.4,0.12,ANNUAL,2020,POLARIS
ALB-HOM-0001569,P0000641,HOM,Home Buildings & Contents,BRK0017,BROKER,2021-04-04,2022-04-04,LP,502.6,0.12,PREMIUM_FINANCE,2021,LEGACY_PAS
ALB-HOM-0001570,P0000426,HOM,Home Buildings & Contents,,BROKER,2022-08-27,2023-08-27,LP,2456.62,0.12,MONTHLY_DD,2022,POLARIS
ALB-HOM-0001571,P0002606,HOM,Home Buildings & Contents,,DIRECT,2023-04-17,2024-04-16,IF,1002.7,0.12,MONTHLY_DD,2023,LEGACY_PAS
ALB-PET-0001572,P0002238,PET,Pet,,AGGREGATOR,2022-07-29,2023-07-29,IF,3902.16,0.12,ANNUAL,2022,LEGACY_PAS
ALB-CLB-0001573,P0002092,CLB,Commercial Liability,,AGGREGATOR,2021-01-26,2022-01-26,IF,14148.69,0.12,MONTHLY_DD,2021,POLARIS
ALB-CPM-0001574,P0002728,CPM,Commercial Property,,BROKER,2022-10-23,2023-10-23,IF,2089.72,0.12,MONTHLY_DD,2022,LEGACY_PAS
ALB-CPM-0001575,P0002656,CPM,Commercial Property,,DIRECT,2020-11-10,2021-11-10,RN,699.64,0.12,ANNUAL,2020,LEGACY_PAS
ALB-PET-0001576,P0002058,PET,Pet,,BROKER,2020-10-22,2021-10-22,RN,3072.4,0.12,MONTHLY_DD,2020,POLARIS
ALB-MOT-0001577,P0001943,MOT,Private Motor,BRK0044,BROKER,2026-10-18,2027-10-18,IF,1732.41,0.12,PREMIUM_FINANCE,2026,LEGACY_PAS
ALB-TRV-0001578,P0002279,TRV,Annual Travel,BRK0029,BROKER,2018-02-23,2019-02-23,CN,4194.12,0.12,MONTHLY_DD,2018,POLARIS
ALB-MOT-0001579,P0002092,MOT,Private Motor,,BROKER,2026-10-21,2027-10-21,EX,2378.26,0.12,MONTHLY_DD,2026,POLARIS
ALB-MOT-0001580,P0002163,MOT,Private Motor,BRK0042,DIRECT,2019-04-06,2020-04-05,IF,1325.24,0.12,ANNUAL,2019,LEGACY_PAS
ALB-PET-0001581,P0001046,PET,Pet,BRK0026,BROKER,2020-08-01,2021-08-01,CN,3569.12,0.12,ANNUAL,2020,LEGACY_PAS
ALB-MOT-0001582,P0002845,MOT,Private Motor,,BROKER,2024-04-24,2025-04-24,LP,1513.91,0.12,MONTHLY_DD,2024,POLARIS
ALB-CLB-0001583,P0002811,CLB,Commercial Liability,,DIRECT,2026-10-26,2027-10-26,IF,5605.15,0.12,ANNUAL,2026,POLARIS
ALB-MOT-0001584,P0001462,MOT,Private Motor,,BROKER,2021-05-13,2022-05-13,CN,873.95,0.12,ANNUAL,2021,POLARIS
ALB-CPM-0001585,P0002099,CPM,Commercial Property,BRK0027,BROKER,2026-05-25,2027-05-25,RN,14332.36,0.12,MONTHLY_DD,2026,POLARIS
ALB-TRV-0001586,P0001876,TRV,Annual Travel,BRK0028,DIRECT,2019-11-10,2020-11-09,IF,2218.43,0.12,PREMIUM_FINANCE,2019,POLARIS
ALB-PET-0001587,P0000321,PET,Pet,BRK0047,BROKER,2024-04-27,2025-04-27,IF,1335.11,0.12,PREMIUM_FINANCE,2024,POLARIS
ALB-TRV-0001588,P0001899,TRV,Annual Travel,,DIRECT,2025-12-24,2026-12-24,EX,2555.28,0.12,ANNUAL,2025,LEGACY_PAS
ALB-HOM-0001589,P0001849,HOM,Home Buildings & Contents,,BROKER,2018-12-29,2019-12-29,IF,3368.0,0.12,PREMIUM_FINANCE,2018,LEGACY_PAS
ALB-PET-0001590,P0002701,PET,Pet,BRK0008,DIRECT,2024-07-05,2025-07-05,IF,1507.4,0.12,ANNUAL,2024,POLARIS
ALB-CPM-0001591,P0001211,CPM,Commercial Property,BRK0053,BROKER,2021-01-27,2022-01-27,IF,911.45,0.12,PREMIUM_FINANCE,2021,POLARIS
ALB-TRV-0001592,P0002407,TRV,Annual Travel,,DIRECT,2026-08-31,2027-08-31,RN,3529.0,0.12,ANNUAL,2026,POLARIS
ALB-HOM-0001593,P0002068,HOM,Home Buildings & Contents,BRK0025,AGGREGATOR,2019-01-30,2020-01-30,LP,3188.79,0.12,MONTHLY_DD,2019,POLARIS
ALB-CPM-0001594,P0002729,CPM,Commercial Property,,DIRECT,2022-01-28,2023-01-28,EX,8163.07,0.12,PREMIUM_FINANCE,2022,POLARIS
ALB-PET-0001595,P0000591,PET,Pet,BRK0046,AGGREGATOR,2020-07-03,2021-07-03,LP,3833.92,0.12,MONTHLY_DD,2020,POLARIS
ALB-PET-0001596,P0001529,PET,Pet,,BROKER,2024-08-03,2025-08-03,IF,301.02,0.12,ANNUAL,2024,POLARIS
ALB-HOM-0001597,P0001924,HOM,Home Buildings & Contents,BRK0002,BROKER,2026-06-10,2027-06-10,CN,3553.35,0.12,ANNUAL,2026,POLARIS
ALB-CLB-0001598,P0001651,CLB,Commercial Liability,,DIRECT,2022-11-21,2023-11-21,IF,6039.08,0.12,MONTHLY_DD,2022,POLARIS
ALB-PET-0001599,P0000938,PET,Pet,,BROKER,2019-11-24,2020-11-23,RN,3674.06,0.12,ANNUAL,2019,POLARIS
ALB-PET-0001600,P0002811,PET,Pet,,DIRECT,2021-04-05,2022-04-05,IF,192.02,0.12,MONTHLY_DD,2021,LEGACY_PAS
ALB-CPM-0001601,P0002159,CPM,Commercial Property,,AGGREGATOR,2021-09-21,2022-09-21,EX,14301.18,0.12,PREMIUM_FINANCE,2021,POLARIS
ALB-CLB-0001602,P0000316,CLB,Commercial Liability,,BROKER,2026-04-22,2027-04-22,IF,10954.06,0.12,ANNUAL,2026,POLARIS
ALB-PET-0001603,P0000862,PET,Pet,BRK0023,DIRECT,2025-10-01,2026-10-01,RN,1572.19,0.12,ANNUAL,2025,POLARIS
ALB-MOT-0001604,P0001058,MOT,Private Motor,,BROKER,2026-09-12,2027-09-12,IF,3258.83,0.12,PREMIUM_FINANCE,2026,POLARIS
ALB-MOT-0001605,P0000884,MOT,Private Motor,,DIRECT,2022-10-06,2023-10-06,LP,3059.12,0.12,ANNUAL,2022,POLARIS
ALB-MOT-0001606,P0000226,MOT,Private Motor,BRK0054,AGGREGATOR,2018-09-13,2019-09-13,IF,1951.34,0.12,ANNUAL,2018,POLARIS
ALB-CLB-0001607,P0000544,CLB,Commercial Liability,BRK0024,AGGREGATOR,2018-06-10,2019-06-10,IF,12921.99,0.12,MONTHLY_DD,2018,POLARIS
ALB-PET-0001608,P0002193,PET,Pet,BRK0036,DIRECT,2022-09-12,2023-09-12,RN,205.87,0.12,ANNUAL,2022,POLARIS
ALB-CPM-0001609,P0002052,CPM,Commercial Property,BRK0004,BROKER,2023-08-19,2024-08-18,IF,12028.72,0.12,ANNUAL,2023,LEGACY_PAS
ALB-CLB-0001610,P0002300,CLB,Commercial Liability,BRK0039,BROKER,2022-12-27,2023-12-27,EX,2682.6,0.12,PREMIUM_FINANCE,2022,POLARIS
ALB-HOM-0001611,P0001823,HOM,Home Buildings & Contents,BRK0051,BROKER,2021-02-16,2022-02-16,RN,3757.41,0.12,ANNUAL,2021,LEGACY_PAS
ALB-MOT-0001612,P0002927,MOT,Private Motor,BRK0018,DIRECT,2018-07-03,2019-07-03,RN,3350.28,0.12,MONTHLY_DD,2018,POLARIS
ALB-MOT-0001613,P0001435,MOT,Private Motor,BRK0008,BROKER,2022-11-24,2023-11-24,EX,3346.63,0.12,ANNUAL,2022,POLARIS
ALB-HOM-0001614,P0001312,HOM,Home Buildings & Contents,BRK0004,DIRECT,2022-07-21,2023-07-21,IF,672.81,0.12,MONTHLY_DD,2022,POLARIS
ALB-CLB-0001615,P0002862,CLB,Commercial Liability,BRK0005,DIRECT,2026-05-17,2027-05-17,CN,2604.27,0.12,ANNUAL,2026,POLARIS
ALB-PET-0001616,P0001291,PET,Pet,,DIRECT,2023-03-10,2024-03-09,IF,1059.44,0.12,MONTHLY_DD,2023,LEGACY_PAS
ALB-PET-0001617,P0000856,PET,Pet,,BROKER,2024-03-20,2025-03-20,EX,1097.04,0.12,PREMIUM_FINANCE,2024,POLARIS
ALB-HOM-0001618,P0001573,HOM,Home Buildings & Contents,BRK0022,BROKER,2022-03-04,2023-03-04,RN,1751.65,0.12,MONTHLY_DD,2022,LEGACY_PAS
ALB-HOM-0001619,P0002769,HOM,Home Buildings & Contents,BRK0035,BROKER,2018-02-01,2019-02-01,IF,3348.07,0.12,ANNUAL,2018,LEGACY_PAS
ALB-PET-0001620,P0000014,PET,Pet,BRK0028,AGGREGATOR,2022-10-22,2023-10-22,IF,291.43,0.12,PREMIUM_FINANCE,2022,LEGACY_PAS
ALB-PET-0001621,P0002346,PET,Pet,BRK0034,DIRECT,2026-05-03,2027-05-03,RN,453.6,0.12,MONTHLY_DD,2026,POLARIS
ALB-TRV-0001622,P0002220,TRV,Annual Travel,BRK0008,BROKER,2021-08-21,2022-08-21,IF,1899.99,0.12,ANNUAL,2021,POLARIS
ALB-CPM-0001623,P0000294,CPM,Commercial Property,,AGGREGATOR,2023-05-19,2024-05-18,RN,12938.96,0.12,ANNUAL,2023,LEGACY_PAS
ALB-CLB-0001624,P0001577,CLB,Commercial Liability,BRK0043,DIRECT,2018-11-03,2019-11-03,IF,1553.03,0.12,MONTHLY_DD,2018,LEGACY_PAS
ALB-CPM-0001625,P0002153,CPM,Commercial Property,BRK0046,BROKER,2025-08-03,2026-08-03,IF,5013.42,0.12,ANNUAL,2025,LEGACY_PAS
ALB-CPM-0001626,P0002561,CPM,Commercial Property,BRK0002,BROKER,2020-09-10,2021-09-10,CN,3617.49,0.12,ANNUAL,2020,LEGACY_PAS
ALB-HOM-0001627,P0002662,HOM,Home Buildings & Contents,,DIRECT,2026-12-18,2027-12-18,RN,1964.43,0.12,PREMIUM_FINANCE,2026,POLARIS
ALB-TRV-0001628,P0003042,TRV,Annual Travel,,DIRECT,2022-02-14,2023-02-14,IF,3162.79,0.12,ANNUAL,2022,POLARIS
ALB-CPM-0001629,P0002254,CPM,Commercial Property,BRK0050,BROKER,2021-06-15,2022-06-15,IF,1072.85,0.12,PREMIUM_FINANCE,2021,LEGACY_PAS
ALB-TRV-0001630,P0000791,TRV,Annual Travel,BRK0016,AGGREGATOR,2022-04-28,2023-04-28,IF,1381.62,0.12,PREMIUM_FINANCE,2022,POLARIS
ALB-CLB-0001631,P0001043,CLB,Commercial Liability,BRK0024,BROKER,2021-08-01,2022-08-01,IF,10677.32,0.12,PREMIUM_FINANCE,2021,POLARIS
ALB-HOM-0001632,P0001048,HOM,Home Buildings & Contents,,BROKER,2019-11-24,2020-11-23,RN,4192.31,0.12,PREMIUM_FINANCE,2019,LEGACY_PAS
ALB-HOM-0001633,P0003017,HOM,Home Buildings & Contents,,AGGREGATOR,2019-08-29,2020-08-28,IF,1447.5,0.12,ANNUAL,2019,LEGACY_PAS
ALB-HOM-0001634,P0002673,HOM,Home Buildings & Contents,,AGGREGATOR,2018-02-14,2019-02-14,IF,580.15,0.12,ANNUAL,2018,POLARIS
ALB-CLB-0001635,P0002688,CLB,Commercial Liability,,AGGREGATOR,2020-09-26,2021-09-26,RN,13883.01,0.12,MONTHLY_DD,2020,LEGACY_PAS
ALB-MOT-0001636,P0002542,MOT,Private Motor,,DIRECT,2023-09-27,2024-09-26,IF,4004.34,0.12,ANNUAL,2023,POLARIS
ALB-HOM-0001637,P0003032,HOM,Home Buildings & Contents,BRK0002,AGGREGATOR,2018-11-09,2019-11-09,CN,487.92,0.12,MONTHLY_DD,2018,POLARIS
ALB-CPM-0001638,P0000201,CPM,Commercial Property,BRK0003,DIRECT,2023-05-29,2024-05-28,RN,3630.54,0.12,PREMIUM_FINANCE,2023,POLARIS
ALB-CPM-0001639,P0002659,CPM,Commercial Property,,AGGREGATOR,2018-12-04,2019-12-04,RN,9175.67,0.12,PREMIUM_FINANCE,2018,POLARIS
ALB-CPM-0001640,P0000074,CPM,Commercial Property,,DIRECT,2019-09-20,2020-09-19,RN,6356.68,0.12,MONTHLY_DD,2019,POLARIS
ALB-HOM-0001641,P0001090,HOM,Home Buildings & Contents,,AGGREGATOR,2020-04-15,2021-04-15,LP,3889.85,0.12,MONTHLY_DD,2020,POLARIS
ALB-HOM-0001642,P0002222,HOM,Home Buildings & Contents,BRK0035,DIRECT,2022-02-21,2023-02-21,RN,2435.45,0.12,MONTHLY_DD,2022,POLARIS
ALB-TRV-0001643,P0002429,TRV,Annual Travel,BRK0004,BROKER,2023-08-12,2024-08-11,IF,1819.58,0.12,ANNUAL,2023,POLARIS
ALB-HOM-0001644,P0000650,HOM,Home Buildings & Contents,,DIRECT,2025-05-11,2026-05-11,IF,2491.01,0.12,ANNUAL,2025,POLARIS
ALB-CLB-0001645,P0000116,CLB,Commercial Liability,,BROKER,2026-02-19,2027-02-19,EX,8843.63,0.12,PREMIUM_FINANCE,2026,POLARIS
ALB-PET-0001646,P0001985,PET,Pet,,AGGREGATOR,2020-11-13,2021-11-13,EX,3380.19,0.12,MONTHLY_DD,2020,POLARIS
ALB-MOT-0001647,P0002263,MOT,Private Motor,BRK0050,AGGREGATOR,2019-01-07,2020-01-07,IF,1735.2,0.12,ANNUAL,2019,POLARIS
ALB-CLB-0001648,P0002652,CLB,Commercial Liability,,BROKER,2024-10-21,2025-10-21,LP,5355.66,0.12,MONTHLY_DD,2024,POLARIS
ALB-CLB-0001649,P0002150,CLB,Commercial Liability,,DIRECT,2019-03-13,2020-03-12,IF,11607.79,0.12,ANNUAL,2019,POLARIS
ALB-PET-0001650,P0001136,PET,Pet,,BROKER,2020-09-16,2021-09-16,IF,2458.08,0.12,MONTHLY_DD,2020,LEGACY_PAS
ALB-HOM-0001651,P0000779,HOM,Home Buildings & Contents,BRK0005,BROKER,2020-12-03,2021-12-03,IF,1968.66,0.12,MONTHLY_DD,2020,LEGACY_PAS
ALB-TRV-0001652,P0002430,TRV,Annual Travel,BRK0043,BROKER,2022-07-30,2023-07-30,CN,4008.34,0.12,ANNUAL,2022,POLARIS
ALB-MOT-0001653,P0002398,MOT,Private Motor,,BROKER,2023-11-19,2024-11-18,LP,3399.45,0.12,ANNUAL,2023,POLARIS
ALB-MOT-0001654,P0000477,MOT,Private Motor,BRK0014,AGGREGATOR,2020-11-17,2021-11-17,EX,3954.18,0.12,ANNUAL,2020,LEGACY_PAS
ALB-TRV-0001655,P0002414,TRV,Annual Travel,BRK0023,BROKER,2018-02-17,2019-02-17,IF,1590.05,0.12,PREMIUM_FINANCE,2018,POLARIS
ALB-MOT-0001656,P0001484,MOT,Private Motor,BRK0052,DIRECT,2024-09-05,2025-09-05,LP,1340.59,0.12,MONTHLY_DD,2024,LEGACY_PAS
ALB-CPM-0001657,P0001179,CPM,Commercial Property,,BROKER,2025-05-18,2026-05-18,LP,10182.12,0.12,ANNUAL,2025,POLARIS
ALB-CLB-0001658,P0001801,CLB,Commercial Liability,BRK0042,BROKER,2021-07-19,2022-07-19,IF,7992.29,0.12,MONTHLY_DD,2021,POLARIS
ALB-CLB-0001659,P0000049,CLB,Commercial Liability,BRK0015,DIRECT,2018-05-29,2019-05-29,EX,8803.9,0.12,ANNUAL,2018,POLARIS
ALB-CLB-0001660,P0002523,CLB,Commercial Liability,BRK0052,AGGREGATOR,2026-07-24,2027-07-24,IF,7220.32,0.12,ANNUAL,2026,POLARIS
ALB-CPM-0001661,P0000027,CPM,Commercial Property,BRK0051,BROKER,2025-12-05,2026-12-05,LP,1385.36,0.12,MONTHLY_DD,2025,POLARIS
ALB-HOM-0001662,P0000818,HOM,Home Buildings & Contents,BRK0057,AGGREGATOR,2020-03-08,2021-03-08,CN,3976.29,0.12,MONTHLY_DD,2020,LEGACY_PAS
ALB-CLB-0001663,P0001925,CLB,Commercial Liability,BRK0028,DIRECT,2019-07-04,2020-07-03,EX,7479.62,0.12,ANNUAL,2019,LEGACY_PAS
ALB-HOM-0001664,P0001459,HOM,Home Buildings & Contents,BRK0008,AGGREGATOR,2026-05-10,2027-05-10,IF,3248.03,0.12,ANNUAL,2026,POLARIS
ALB-PET-0001665,P0002133,PET,Pet,BRK0006,BROKER,2019-09-16,2020-09-15,IF,3809.44,0.12,MONTHLY_DD,2019,LEGACY_PAS
ALB-CLB-0001666,P0002893,CLB,Commercial Liability,BRK0027,BROKER,2021-10-10,2022-10-10,RN,7866.79,0.12,ANNUAL,2021,LEGACY_PAS
ALB-MOT-0001667,P0000551,MOT,Private Motor,BRK0056,DIRECT,2026-05-29,2027-05-29,LP,542.98,0.12,MONTHLY_DD,2026,POLARIS
ALB-PET-0001668,P0003044,PET,Pet,BRK0037,BROKER,2018-07-09,2019-07-09,IF,2227.52,0.12,MONTHLY_DD,2018,LEGACY_PAS
ALB-CPM-0001669,P0000443,CPM,Commercial Property,BRK0006,DIRECT,2018-11-02,2019-11-02,CN,10319.54,0.12,PREMIUM_FINANCE,2018,LEGACY_PAS
ALB-HOM-0001670,P0000423,HOM,Home Buildings & Contents,BRK0035,DIRECT,2026-05-31,2027-05-31,IF,1267.89,0.12,ANNUAL,2026,POLARIS
ALB-PET-0001671,P0000897,PET,Pet,BRK0029,DIRECT,2020-05-09,2021-05-09,CN,1237.84,0.12,MONTHLY_DD,2020,POLARIS
ALB-TRV-0001672,P0002166,TRV,Annual Travel,,BROKER,2025-02-21,2026-02-21,RN,971.7,0.12,ANNUAL,2025,POLARIS
ALB-TRV-0001673,P0001364,TRV,Annual Travel,,BROKER,2019-03-31,2020-03-30,IF,2963.3,0.12,ANNUAL,2019,POLARIS
ALB-CPM-0001674,P0001865,CPM,Commercial Property,,DIRECT,2020-04-07,2021-04-07,IF,10310.76,0.12,MONTHLY_DD,2020,POLARIS
ALB-TRV-0001675,P0000779,TRV,Annual Travel,,BROKER,2022-12-21,2023-12-21,RN,2928.47,0.12,ANNUAL,2022,LEGACY_PAS
ALB-HOM-0001676,P0000655,HOM,Home Buildings & Contents,BRK0043,DIRECT,2022-12-03,2023-12-03,IF,2927.32,0.12,ANNUAL,2022,POLARIS
ALB-CLB-0001677,P0001026,CLB,Commercial Liability,,BROKER,2021-10-09,2022-10-09,EX,8235.03,0.12,ANNUAL,2021,POLARIS
ALB-PET-0001678,P0000998,PET,Pet,BRK0016,BROKER,2024-04-27,2025-04-27,LP,3880.34,0.12,MONTHLY_DD,2024,POLARIS
ALB-PET-0001679,P0003103,PET,Pet,BRK0001,BROKER,2020-12-01,2021-12-01,LP,2194.01,0.12,ANNUAL,2020,POLARIS
ALB-CPM-0001680,P0002807,CPM,Commercial Property,BRK0030,BROKER,2024-06-20,2025-06-20,RN,10423.49,0.12,ANNUAL,2024,POLARIS
ALB-CLB-0001681,P0001663,CLB,Commercial Liability,,DIRECT,2022-09-08,2023-09-08,EX,14303.74,0.12,PREMIUM_FINANCE,2022,POLARIS
ALB-TRV-0001682,P0000768,TRV,Annual Travel,,BROKER,2024-01-11,2025-01-10,LP,962.63,0.12,MONTHLY_DD,2024,LEGACY_PAS
ALB-CPM-0001683,P0002024,CPM,Commercial Property,BRK0048,DIRECT,2023-10-28,2024-10-27,RN,10684.1,0.12,MONTHLY_DD,2023,POLARIS
ALB-MOT-0001684,P0000750,MOT,Private Motor,BRK0016,AGGREGATOR,2023-08-10,2024-08-09,LP,3110.28,0.12,MONTHLY_DD,2023,POLARIS
ALB-MOT-0001685,P0000054,MOT,Private Motor,BRK0033,DIRECT,2026-06-29,2027-06-29,IF,3714.87,0.12,ANNUAL,2026,POLARIS
ALB-HOM-0001686,P0002785,HOM,Home Buildings & Contents,,BROKER,2026-01-09,2027-01-09,EX,1701.53,0.12,PREMIUM_FINANCE,2026,LEGACY_PAS
ALB-CLB-0001687,P0001685,CLB,Commercial Liability,BRK0042,AGGREGATOR,2020-03-02,2021-03-02,LP,12444.03,0.12,ANNUAL,2020,POLARIS
ALB-TRV-0001688,P0002657,TRV,Annual Travel,,BROKER,2023-03-24,2024-03-23,LP,3655.28,0.12,PREMIUM_FINANCE,2023,LEGACY_PAS
ALB-PET-0001689,P0000048,PET,Pet,BRK0002,BROKER,2024-06-25,2025-06-25,IF,2106.18,0.12,PREMIUM_FINANCE,2024,LEGACY_PAS
ALB-PET-0001690,P0000920,PET,Pet,,BROKER,2026-12-13,2027-12-13,EX,2840.54,0.12,ANNUAL,2026,POLARIS
ALB-PET-0001691,P0002900,PET,Pet,BRK0008,BROKER,2020-02-28,2021-02-27,LP,2830.91,0.12,MONTHLY_DD,2020,LEGACY_PAS
ALB-CLB-0001692,P0000730,CLB,Commercial Liability,,AGGREGATOR,2021-01-21,2022-01-21,RN,8163.64,0.12,MONTHLY_DD,2021,LEGACY_PAS
ALB-CPM-0001693,P0001651,CPM,Commercial Property,BRK0057,BROKER,2026-08-20,2027-08-20,IF,7548.16,0.12,MONTHLY_DD,2026,POLARIS
ALB-HOM-0001694,P0000447,HOM,Home Buildings & Contents,,BROKER,2019-09-11,2020-09-10,IF,731.31,0.12,MONTHLY_DD,2019,POLARIS
ALB-PET-0001695,P0000196,PET,Pet,BRK0032,DIRECT,2022-04-23,2023-04-23,IF,3856.37,0.12,ANNUAL,2022,POLARIS
ALB-MOT-0001696,P0002826,MOT,Private Motor,BRK0035,AGGREGATOR,2020-08-27,2021-08-27,CN,3110.87,0.12,ANNUAL,2020,POLARIS
ALB-MOT-0001697,P0001265,MOT,Private Motor,,DIRECT,2024-11-28,2025-11-28,LP,1296.59,0.12,ANNUAL,2024,LEGACY_PAS
ALB-PET-0001698,P0001484,PET,Pet,BRK0050,AGGREGATOR,2022-02-09,2023-02-09,IF,2701.76,0.12,MONTHLY_DD,2022,POLARIS
ALB-CLB-0001699,P0002899,CLB,Commercial Liability,,BROKER,2023-12-12,2024-12-11,IF,2430.08,0.12,MONTHLY_DD,2023,POLARIS
ALB-MOT-0001700,P0000901,MOT,Private Motor,BRK0021,DIRECT,2025-01-16,2026-01-16,IF,586.08,0.12,MONTHLY_DD,2025,POLARIS
ALB-HOM-0001701,P0002371,HOM,Home Buildings & Contents,,BROKER,2022-07-28,2023-07-28,IF,3435.28,0.12,ANNUAL,2022,LEGACY_PAS
ALB-CPM-0001702,P0000508,CPM,Commercial Property,BRK0046,AGGREGATOR,2019-07-14,2020-07-13,IF,4674.78,0.12,MONTHLY_DD,2019,POLARIS
ALB-MOT-0001703,P0000253,MOT,Private Motor,,BROKER,2018-04-15,2019-04-15,IF,899.15,0.12,PREMIUM_FINANCE,2018,LEGACY_PAS
ALB-CPM-0001704,P0000891,CPM,Commercial Property,,BROKER,2024-06-24,2025-06-24,RN,2539.93,0.12,PREMIUM_FINANCE,2024,POLARIS
ALB-PET-0001705,P0000494,PET,Pet,BRK0007,DIRECT,2020-02-04,2021-02-03,RN,1454.12,0.12,MONTHLY_DD,2020,LEGACY_PAS
ALB-TRV-0001706,P0000348,TRV,Annual Travel,BRK0055,DIRECT,2019-01-17,2020-01-17,IF,3236.04,0.12,ANNUAL,2019,POLARIS
ALB-MOT-0001707,P0000377,MOT,Private Motor,BRK0043,DIRECT,2021-09-08,2022-09-08,RN,2199.67,0.12,PREMIUM_FINANCE,2021,LEGACY_PAS
ALB-CPM-0001708,P0002712,CPM,Commercial Property,,DIRECT,2018-12-30,2019-12-30,CN,13746.4,0.12,PREMIUM_FINANCE,2018,LEGACY_PAS
ALB-CLB-0001709,P0002536,CLB,Commercial Liability,,BROKER,2021-06-01,2022-06-01,LP,2348.86,0.12,MONTHLY_DD,2021,POLARIS
ALB-TRV-0001710,P0000356,TRV,Annual Travel,BRK0042,DIRECT,2022-07-24,2023-07-24,IF,2851.56,0.12,PREMIUM_FINANCE,2022,POLARIS
ALB-PET-0001711,P0001425,PET,Pet,,AGGREGATOR,2020-05-06,2021-05-06,LP,3451.73,0.12,ANNUAL,2020,POLARIS
ALB-PET-0001712,P0000006,PET,Pet,BRK0053,BROKER,2025-07-24,2026-07-24,EX,3450.77,0.12,ANNUAL,2025,POLARIS
ALB-CLB-0001713,P0000597,CLB,Commercial Liability,BRK0041,BROKER,2025-01-06,2026-01-06,IF,990.64,0.12,MONTHLY_DD,2025,POLARIS
ALB-HOM-0001714,P0001508,HOM,Home Buildings & Contents,BRK0030,BROKER,2025-04-08,2026-04-08,LP,2443.72,0.12,PREMIUM_FINANCE,2025,LEGACY_PAS
ALB-MOT-0001715,P0000518,MOT,Private Motor,BRK0045,DIRECT,2026-05-03,2027-05-03,EX,1447.93,0.12,MONTHLY_DD,2026,POLARIS
ALB-TRV-0001716,P0003121,TRV,Annual Travel,,BROKER,2022-12-27,2023-12-27,EX,468.39,0.12,PREMIUM_FINANCE,2022,LEGACY_PAS
ALB-PET-0001717,P0001273,PET,Pet,BRK0037,BROKER,2025-11-28,2026-11-28,IF,1097.69,0.12,ANNUAL,2025,POLARIS
ALB-CLB-0001718,P0002657,CLB,Commercial Liability,BRK0003,BROKER,2019-11-08,2020-11-07,IF,9495.88,0.12,ANNUAL,2019,POLARIS
ALB-CPM-0001719,P0001743,CPM,Commercial Property,BRK0008,DIRECT,2023-09-19,2024-09-18,RN,8383.94,0.12,PREMIUM_FINANCE,2023,LEGACY_PAS
ALB-CLB-0001720,P0002915,CLB,Commercial Liability,,BROKER,2019-07-13,2020-07-12,CN,2613.57,0.12,ANNUAL,2019,POLARIS
ALB-MOT-0001721,P0003074,MOT,Private Motor,BRK0017,BROKER,2022-10-22,2023-10-22,EX,3338.23,0.12,ANNUAL,2022,POLARIS
ALB-CLB-0001722,P0001769,CLB,Commercial Liability,BRK0034,BROKER,2025-04-26,2026-04-26,IF,5448.31,0.12,MONTHLY_DD,2025,POLARIS
ALB-PET-0001723,P0001190,PET,Pet,,DIRECT,2025-03-26,2026-03-26,LP,2364.56,0.12,ANNUAL,2025,POLARIS
ALB-PET-0001724,P0000146,PET,Pet,,DIRECT,2025-06-11,2026-06-11,LP,1390.48,0.12,PREMIUM_FINANCE,2025,POLARIS
ALB-HOM-0001725,P0000508,HOM,Home Buildings & Contents,,BROKER,2022-06-28,2023-06-28,RN,562.81,0.12,PREMIUM_FINANCE,2022,POLARIS
ALB-CPM-0001726,P0000787,CPM,Commercial Property,,BROKER,2021-05-04,2022-05-04,CN,924.31,0.12,MONTHLY_DD,2021,POLARIS
ALB-HOM-0001727,P0000808,HOM,Home Buildings & Contents,,AGGREGATOR,2019-04-28,2020-04-27,IF,3042.95,0.12,MONTHLY_DD,2019,POLARIS
ALB-CLB-0001728,P0000178,CLB,Commercial Liability,BRK0013,BROKER,2022-01-27,2023-01-27,IF,5385.97,0.12,ANNUAL,2022,POLARIS
ALB-TRV-0001729,P0001468,TRV,Annual Travel,BRK0053,BROKER,2021-12-31,2022-12-31,LP,3453.38,0.12,ANNUAL,2021,POLARIS
ALB-PET-0001730,P0002481,PET,Pet,,AGGREGATOR,2018-05-23,2019-05-23,IF,3699.93,0.12,MONTHLY_DD,2018,POLARIS
ALB-CLB-0001731,P0002886,CLB,Commercial Liability,,BROKER,2024-04-26,2025-04-26,LP,11808.89,0.12,ANNUAL,2024,POLARIS
ALB-CPM-0001732,P0001108,CPM,Commercial Property,BRK0007,AGGREGATOR,2018-12-22,2019-12-22,IF,8035.08,0.12,PREMIUM_FINANCE,2018,POLARIS
ALB-CPM-0001733,P0001167,CPM,Commercial Property,BRK0033,BROKER,2021-04-18,2022-04-18,EX,13423.48,0.12,MONTHLY_DD,2021,POLARIS
ALB-CPM-0001734,P0002733,CPM,Commercial Property,BRK0059,AGGREGATOR,2023-02-24,2024-02-24,EX,4793.42,0.12,MONTHLY_DD,2023,LEGACY_PAS
ALB-HOM-0001735,P0003037,HOM,Home Buildings & Contents,BRK0042,BROKER,2018-01-15,2019-01-15,EX,2652.81,0.12,MONTHLY_DD,2018,LEGACY_PAS
ALB-TRV-0001736,P0001246,TRV,Annual Travel,BRK0057,BROKER,2023-12-17,2024-12-16,LP,1706.94,0.12,MONTHLY_DD,2023,LEGACY_PAS
ALB-CLB-0001737,P0002074,CLB,Commercial Liability,BRK0054,DIRECT,2018-09-18,2019-09-18,IF,10775.93,0.12,ANNUAL,2018,POLARIS
ALB-MOT-0001738,P0000429,MOT,Private Motor,BRK0016,AGGREGATOR,2023-08-27,2024-08-26,RN,3699.49,0.12,PREMIUM_FINANCE,2023,POLARIS
ALB-PET-0001739,P0001541,PET,Pet,BRK0015,BROKER,2022-02-19,2023-02-19,IF,3761.68,0.12,PREMIUM_FINANCE,2022,POLARIS
ALB-HOM-0001740,P0002782,HOM,Home Buildings & Contents,BRK0023,BROKER,2020-04-09,2021-04-09,IF,3608.72,0.12,ANNUAL,2020,POLARIS
ALB-PET-0001741,P0002579,PET,Pet,BRK0006,BROKER,2026-06-27,2027-06-27,IF,1801.37,0.12,ANNUAL,2026,LEGACY_PAS
ALB-HOM-0001742,P0001815,HOM,Home Buildings & Contents,,BROKER,2021-10-25,2022-10-25,RN,4116.41,0.12,MONTHLY_DD,2021,POLARIS
ALB-PET-0001743,P0000609,PET,Pet,,DIRECT,2026-06-19,2027-06-19,RN,2018.01,0.12,ANNUAL,2026,LEGACY_PAS
ALB-PET-0001744,P0001735,PET,Pet,,BROKER,2022-09-01,2023-09-01,LP,3200.04,0.12,ANNUAL,2022,POLARIS
ALB-PET-0001745,P0001569,PET,Pet,BRK0004,BROKER,2021-10-25,2022-10-25,RN,640.54,0.12,PREMIUM_FINANCE,2021,POLARIS
ALB-CPM-0001746,P0001599,CPM,Commercial Property,BRK0038,DIRECT,2020-07-12,2021-07-12,RN,14267.37,0.12,PREMIUM_FINANCE,2020,POLARIS
ALB-HOM-0001747,P0001161,HOM,Home Buildings & Contents,,BROKER,2022-09-29,2023-09-29,RN,872.02,0.12,MONTHLY_DD,2022,LEGACY_PAS
ALB-TRV-0001748,P0000845,TRV,Annual Travel,,BROKER,2024-09-17,2025-09-17,LP,1964.8,0.12,MONTHLY_DD,2024,POLARIS
ALB-TRV-0001749,P0001013,TRV,Annual Travel,,AGGREGATOR,2026-04-17,2027-04-17,EX,645.4,0.12,PREMIUM_FINANCE,2026,POLARIS
ALB-CLB-0001750,P0003165,CLB,Commercial Liability,,BROKER,2018-07-04,2019-07-04,IF,4608.38,0.12,ANNUAL,2018,POLARIS
ALB-MOT-0001751,P0002831,MOT,Private Motor,,AGGREGATOR,2022-10-20,2023-10-20,LP,3425.47,0.12,MONTHLY_DD,2022,LEGACY_PAS
ALB-CLB-0001752,P0002571,CLB,Commercial Liability,BRK0020,BROKER,2018-08-15,2019-08-15,RN,6156.17,0.12,MONTHLY_DD,2018,LEGACY_PAS
ALB-MOT-0001753,P0001542,MOT,Private Motor,BRK0026,BROKER,2023-11-13,2024-11-12,LP,1671.21,0.12,MONTHLY_DD,2023,POLARIS
ALB-HOM-0001754,P0001540,HOM,Home Buildings & Contents,BRK0028,BROKER,2025-06-01,2026-06-01,IF,1318.08,0.12,ANNUAL,2025,POLARIS
ALB-CLB-0001755,P0002547,CLB,Commercial Liability,BRK0022,AGGREGATOR,2019-08-04,2020-08-03,IF,3777.59,0.12,MONTHLY_DD,2019,POLARIS
ALB-MOT-0001756,P0002488,MOT,Private Motor,BRK0032,AGGREGATOR,2022-03-28,2023-03-28,EX,3299.69,0.12,MONTHLY_DD,2022,POLARIS
ALB-CLB-0001757,P0000669,CLB,Commercial Liability,BRK0017,BROKER,2020-03-10,2021-03-10,IF,10654.75,0.12,MONTHLY_DD,2020,POLARIS
ALB-TRV-0001758,P0003045,TRV,Annual Travel,,BROKER,2025-01-19,2026-01-19,IF,1205.7,0.12,ANNUAL,2025,LEGACY_PAS
ALB-HOM-0001759,P0003036,HOM,Home Buildings & Contents,,AGGREGATOR,2020-03-12,2021-03-12,IF,3858.11,0.12,ANNUAL,2020,POLARIS
ALB-CLB-0001760,P0001093,CLB,Commercial Liability,BRK0035,DIRECT,2020-12-11,2021-12-11,RN,1858.92,0.12,ANNUAL,2020,POLARIS
ALB-CLB-0001761,P0002152,CLB,Commercial Liability,,AGGREGATOR,2018-10-27,2019-10-27,IF,9007.96,0.12,MONTHLY_DD,2018,LEGACY_PAS
ALB-HOM-0001762,P0002302,HOM,Home Buildings & Contents,BRK0001,BROKER,2020-04-14,2021-04-14,RN,3239.5,0.12,ANNUAL,2020,POLARIS
ALB-TRV-0001763,P0001613,TRV,Annual Travel,BRK0054,DIRECT,2023-06-03,2024-06-02,IF,956.95,0.12,MONTHLY_DD,2023,POLARIS
ALB-CPM-0001764,P0002456,CPM,Commercial Property,BRK0026,DIRECT,2020-03-27,2021-03-27,RN,6053.61,0.12,ANNUAL,2020,POLARIS
ALB-PET-0001765,P0002478,PET,Pet,BRK0013,BROKER,2022-09-03,2023-09-03,LP,527.56,0.12,MONTHLY_DD,2022,LEGACY_PAS
ALB-PET-0001766,P0001806,PET,Pet,,BROKER,2023-12-03,2024-12-02,IF,2412.32,0.12,ANNUAL,2023,LEGACY_PAS
ALB-PET-0001767,P0003154,PET,Pet,BRK0042,AGGREGATOR,2019-02-05,2020-02-05,EX,478.99,0.12,ANNUAL,2019,LEGACY_PAS
ALB-HOM-0001768,P0001628,HOM,Home Buildings & Contents,BRK0027,BROKER,2021-09-04,2022-09-04,IF,1584.78,0.12,PREMIUM_FINANCE,2021,LEGACY_PAS
ALB-PET-0001769,P0000053,PET,Pet,BRK0001,BROKER,2026-10-21,2027-10-21,RN,259.84,0.12,MONTHLY_DD,2026,LEGACY_PAS
ALB-CPM-0001770,P0002786,CPM,Commercial Property,BRK0017,DIRECT,2023-11-12,2024-11-11,LP,7451.09,0.12,PREMIUM_FINANCE,2023,POLARIS
ALB-CPM-0001771,P0003127,CPM,Commercial Property,BRK0039,DIRECT,2020-09-25,2021-09-25,RN,1567.72,0.12,ANNUAL,2020,POLARIS
ALB-PET-0001772,P0000942,PET,Pet,BRK0018,BROKER,2025-07-04,2026-07-04,IF,3651.05,0.12,PREMIUM_FINANCE,2025,LEGACY_PAS
ALB-CPM-0001773,P0003188,CPM,Commercial Property,,BROKER,2018-04-06,2019-04-06,IF,10965.79,0.12,ANNUAL,2018,POLARIS
ALB-CPM-0001774,P0003059,CPM,Commercial Property,BRK0023,DIRECT,2021-08-13,2022-08-13,IF,1684.44,0.12,MONTHLY_DD,2021,POLARIS
ALB-PET-0001775,P0001209,PET,Pet,BRK0004,BROKER,2026-03-23,2027-03-23,RN,1886.89,0.12,ANNUAL,2026,LEGACY_PAS
ALB-HOM-0001776,P0001685,HOM,Home Buildings & Contents,,AGGREGATOR,2022-11-29,2023-11-29,RN,1930.48,0.12,ANNUAL,2022,LEGACY_PAS
ALB-CPM-0001777,P0000814,CPM,Commercial Property,BRK0049,DIRECT,2021-12-13,2022-12-13,IF,9483.92,0.12,MONTHLY_DD,2021,LEGACY_PAS
ALB-MOT-0001778,P0002592,MOT,Private Motor,,BROKER,2026-11-24,2027-11-24,IF,2900.19,0.12,ANNUAL,2026,LEGACY_PAS
ALB-HOM-0001779,P0001755,HOM,Home Buildings & Contents,BRK0008,AGGREGATOR,2024-11-01,2025-11-01,IF,3102.28,0.12,ANNUAL,2024,POLARIS
ALB-TRV-0001780,P0001515,TRV,Annual Travel,,BROKER,2018-12-29,2019-12-29,CN,875.56,0.12,ANNUAL,2018,POLARIS
ALB-HOM-0001781,P0000283,HOM,Home Buildings & Contents,BRK0034,DIRECT,2025-03-06,2026-03-06,RN,190.47,0.12,MONTHLY_DD,2025,LEGACY_PAS
ALB-CPM-0001782,P0002719,CPM,Commercial Property,BRK0020,DIRECT,2023-01-14,2024-01-14,IF,14460.92,0.12,ANNUAL,2023,LEGACY_PAS
ALB-CLB-0001783,P0000489,CLB,Commercial Liability,,BROKER,2018-07-25,2019-07-25,RN,9623.92,0.12,ANNUAL,2018,LEGACY_PAS
ALB-TRV-0001784,P0002365,TRV,Annual Travel,BRK0015,DIRECT,2018-06-16,2019-06-16,RN,1933.36,0.12,ANNUAL,2018,LEGACY_PAS
ALB-HOM-0001785,P0003148,HOM,Home Buildings & Contents,BRK0005,BROKER,2021-02-11,2022-02-11,IF,2814.03,0.12,MONTHLY_DD,2021,LEGACY_PAS
ALB-CLB-0001786,P0001486,CLB,Commercial Liability,BRK0027,DIRECT,2025-03-19,2026-03-19,CN,3538.08,0.12,ANNUAL,2025,LEGACY_PAS
ALB-MOT-0001787,P0002756,MOT,Private Motor,BRK0002,BROKER,2020-09-20,2021-09-20,LP,1036.47,0.12,ANNUAL,2020,POLARIS
ALB-PET-0001788,P0002064,PET,Pet,BRK0027,DIRECT,2022-12-13,2023-12-13,IF,4141.05,0.12,ANNUAL,2022,POLARIS
ALB-CLB-0001789,P0000849,CLB,Commercial Liability,BRK0033,DIRECT,2026-05-17,2027-05-17,IF,2430.04,0.12,ANNUAL,2026,POLARIS
ALB-PET-0001790,P0000037,PET,Pet,BRK0059,BROKER,2019-07-14,2020-07-13,IF,3975.39,0.12,ANNUAL,2019,POLARIS
ALB-CPM-0001791,P0002948,CPM,Commercial Property,,AGGREGATOR,2026-03-29,2027-03-29,IF,2881.18,0.12,MONTHLY_DD,2026,POLARIS
ALB-CPM-0001792,P0002030,CPM,Commercial Property,,DIRECT,2021-11-18,2022-11-18,RN,3918.31,0.12,PREMIUM_FINANCE,2021,POLARIS
ALB-TRV-0001793,P0001977,TRV,Annual Travel,BRK0002,DIRECT,2026-04-02,2027-04-02,IF,697.4,0.12,ANNUAL,2026,POLARIS
ALB-TRV-0001794,P0002069,TRV,Annual Travel,,BROKER,2026-12-01,2027-12-01,RN,3585.75,0.12,MONTHLY_DD,2026,POLARIS
ALB-CPM-0001795,P0002150,CPM,Commercial Property,BRK0058,DIRECT,2019-11-16,2020-11-15,IF,6974.98,0.12,ANNUAL,2019,POLARIS
ALB-CPM-0001796,P0000671,CPM,Commercial Property,,DIRECT,2020-10-03,2021-10-03,IF,7832.08,0.12,ANNUAL,2020,POLARIS
ALB-HOM-0001797,P0001092,HOM,Home Buildings & Contents,,BROKER,2024-02-06,2025-02-05,IF,3300.11,0.12,PREMIUM_FINANCE,2024,POLARIS
ALB-CLB-0001798,P0001082,CLB,Commercial Liability,,DIRECT,2023-09-24,2024-09-23,RN,3899.74,0.12,PREMIUM_FINANCE,2023,LEGACY_PAS
ALB-MOT-0001799,P0002195,MOT,Private Motor,,BROKER,2026-08-27,2027-08-27,LP,1657.81,0.12,MONTHLY_DD,2026,POLARIS
ALB-CPM-0001800,P0002977,CPM,Commercial Property,BRK0049,AGGREGATOR,2024-03-12,2025-03-12,EX,11414.13,0.12,MONTHLY_DD,2024,LEGACY_PAS
ALB-CLB-0001801,P0003102,CLB,Commercial Liability,BRK0039,AGGREGATOR,2020-10-29,2021-10-29,IF,1190.32,0.12,MONTHLY_DD,2020,POLARIS
ALB-CPM-0001802,P0003018,CPM,Commercial Property,,DIRECT,2025-01-18,2026-01-18,RN,13658.17,0.12,ANNUAL,2025,LEGACY_PAS
ALB-MOT-0001803,P0002644,MOT,Private Motor,BRK0017,BROKER,2026-03-14,2027-03-14,IF,3917.92,0.12,PREMIUM_FINANCE,2026,POLARIS
ALB-TRV-0001804,P0002822,TRV,Annual Travel,,AGGREGATOR,2023-07-23,2024-07-22,RN,1215.88,0.12,MONTHLY_DD,2023,POLARIS
ALB-MOT-0001805,P0002270,MOT,Private Motor,BRK0023,DIRECT,2021-11-12,2022-11-12,RN,3406.49,0.12,MONTHLY_DD,2021,POLARIS
ALB-PET-0001806,P0000764,PET,Pet,BRK0017,BROKER,2024-07-05,2025-07-05,IF,2376.43,0.12,ANNUAL,2024,POLARIS
ALB-HOM-0001807,P0002348,HOM,Home Buildings & Contents,BRK0031,BROKER,2019-02-05,2020-02-05,CN,339.73,0.12,MONTHLY_DD,2019,LEGACY_PAS
ALB-PET-0001808,P0002988,PET,Pet,,BROKER,2022-04-06,2023-04-06,IF,3932.28,0.12,MONTHLY_DD,2022,POLARIS
ALB-CLB-0001809,P0000425,CLB,Commercial Liability,,AGGREGATOR,2023-08-06,2024-08-05,EX,10136.16,0.12,MONTHLY_DD,2023,LEGACY_PAS
ALB-PET-0001810,P0000123,PET,Pet,BRK0012,AGGREGATOR,2022-07-02,2023-07-02,IF,3716.42,0.12,MONTHLY_DD,2022,LEGACY_PAS
ALB-HOM-0001811,P0000131,HOM,Home Buildings & Contents,,AGGREGATOR,2026-08-12,2027-08-12,IF,3209.22,0.12,MONTHLY_DD,2026,POLARIS
ALB-PET-0001812,P0000954,PET,Pet,BRK0014,BROKER,2023-05-23,2024-05-22,RN,1864.73,0.12,MONTHLY_DD,2023,POLARIS
ALB-MOT-0001813,P0000595,MOT,Private Motor,BRK0036,BROKER,2019-04-01,2020-03-31,RN,3062.04,0.12,ANNUAL,2019,POLARIS
ALB-CPM-0001814,P0002504,CPM,Commercial Property,BRK0046,BROKER,2023-09-09,2024-09-08,EX,4828.65,0.12,MONTHLY_DD,2023,POLARIS
ALB-TRV-0001815,P0002435,TRV,Annual Travel,,AGGREGATOR,2023-10-02,2024-10-01,IF,817.88,0.12,MONTHLY_DD,2023,LEGACY_PAS
ALB-CPM-0001816,P0002184,CPM,Commercial Property,BRK0008,BROKER,2025-01-29,2026-01-29,IF,2653.25,0.12,MONTHLY_DD,2025,POLARIS
ALB-HOM-0001817,P0000674,HOM,Home Buildings & Contents,BRK0046,AGGREGATOR,2020-07-14,2021-07-14,LP,2228.56,0.12,ANNUAL,2020,POLARIS
ALB-HOM-0001818,P0000752,HOM,Home Buildings & Contents,BRK0021,AGGREGATOR,2021-01-21,2022-01-21,IF,3837.43,0.12,MONTHLY_DD,2021,LEGACY_PAS
ALB-TRV-0001819,P0000421,TRV,Annual Travel,,AGGREGATOR,2019-07-03,2020-07-02,IF,1750.02,0.12,PREMIUM_FINANCE,2019,POLARIS
ALB-CPM-0001820,P0000265,CPM,Commercial Property,,BROKER,2022-02-17,2023-02-17,IF,4406.48,0.12,MONTHLY_DD,2022,POLARIS
ALB-MOT-0001821,P0000830,MOT,Private Motor,BRK0039,DIRECT,2025-09-18,2026-09-18,IF,4084.36,0.12,ANNUAL,2025,LEGACY_PAS
ALB-CPM-0001822,P0001904,CPM,Commercial Property,BRK0048,DIRECT,2026-06-04,2027-06-04,IF,11616.93,0.12,MONTHLY_DD,2026,POLARIS
ALB-CLB-0001823,P0002812,CLB,Commercial Liability,,BROKER,2021-02-22,2022-02-22,CN,13866.44,0.12,ANNUAL,2021,POLARIS
ALB-CLB-0001824,P0000187,CLB,Commercial Liability,,AGGREGATOR,2023-10-02,2024-10-01,EX,3791.52,0.12,MONTHLY_DD,2023,POLARIS
ALB-CLB-0001825,P0001156,CLB,Commercial Liability,BRK0060,AGGREGATOR,2025-03-06,2026-03-06,IF,9713.13,0.12,MONTHLY_DD,2025,POLARIS
ALB-PET-0001826,P0002248,PET,Pet,,DIRECT,2019-10-14,2020-10-13,CN,1384.17,0.12,PREMIUM_FINANCE,2019,POLARIS
ALB-TRV-0001827,P0002030,TRV,Annual Travel,BRK0049,DIRECT,2023-03-31,2024-03-30,LP,1922.59,0.12,MONTHLY_DD,2023,POLARIS
ALB-PET-0001828,P0001278,PET,Pet,BRK0020,AGGREGATOR,2025-03-28,2026-03-28,IF,2558.59,0.12,PREMIUM_FINANCE,2025,LEGACY_PAS
ALB-CLB-0001829,P0000819,CLB,Commercial Liability,BRK0026,DIRECT,2020-04-10,2021-04-10,RN,3276.55,0.12,PREMIUM_FINANCE,2020,POLARIS
ALB-CLB-0001830,P0002461,CLB,Commercial Liability,,DIRECT,2021-05-10,2022-05-10,IF,8537.82,0.12,ANNUAL,2021,POLARIS
ALB-TRV-0001831,P0000576,TRV,Annual Travel,BRK0009,BROKER,2020-08-14,2021-08-14,IF,2517.86,0.12,MONTHLY_DD,2020,POLARIS
ALB-PET-0001832,P0001754,PET,Pet,,DIRECT,2025-11-26,2026-11-26,IF,2313.73,0.12,MONTHLY_DD,2025,LEGACY_PAS
ALB-PET-0001833,P0000052,PET,Pet,BRK0008,DIRECT,2019-08-31,2020-08-30,LP,2232.32,0.12,ANNUAL,2019,LEGACY_PAS
ALB-PET-0001834,P0001748,PET,Pet,,BROKER,2019-09-16,2020-09-15,EX,444.06,0.12,ANNUAL,2019,POLARIS
ALB-PET-0001835,P0001034,PET,Pet,,AGGREGATOR,2020-06-15,2021-06-15,RN,3395.97,0.12,MONTHLY_DD,2020,LEGACY_PAS
ALB-TRV-0001836,P0001737,TRV,Annual Travel,,AGGREGATOR,2021-12-05,2022-12-05,IF,3867.57,0.12,MONTHLY_DD,2021,POLARIS
ALB-TRV-0001837,P0000777,TRV,Annual Travel,BRK0058,AGGREGATOR,2018-07-16,2019-07-16,IF,449.79,0.12,PREMIUM_FINANCE,2018,POLARIS
ALB-PET-0001838,P0002933,PET,Pet,,AGGREGATOR,2023-06-04,2024-06-03,CN,1600.25,0.12,PREMIUM_FINANCE,2023,POLARIS
ALB-CLB-0001839,P0001404,CLB,Commercial Liability,BRK0007,BROKER,2023-01-30,2024-01-30,RN,10307.03,0.12,MONTHLY_DD,2023,LEGACY_PAS
ALB-CPM-0001840,P0002821,CPM,Commercial Property,BRK0007,DIRECT,2021-12-06,2022-12-06,EX,10430.29,0.12,MONTHLY_DD,2021,POLARIS
ALB-MOT-0001841,P0002239,MOT,Private Motor,,DIRECT,2023-08-16,2024-08-15,RN,3402.92,0.12,ANNUAL,2023,POLARIS
ALB-CPM-0001842,P0000490,CPM,Commercial Property,,BROKER,2025-01-26,2026-01-26,EX,2585.81,0.12,ANNUAL,2025,POLARIS
ALB-MOT-0001843,P0001897,MOT,Private Motor,,AGGREGATOR,2024-06-13,2025-06-13,IF,497.72,0.12,PREMIUM_FINANCE,2024,LEGACY_PAS
ALB-MOT-0001844,P0000040,MOT,Private Motor,,DIRECT,2018-03-18,2019-03-18,IF,2138.46,0.12,MONTHLY_DD,2018,POLARIS
ALB-PET-0001845,P0002686,PET,Pet,BRK0004,BROKER,2022-11-10,2023-11-10,RN,3410.08,0.12,MONTHLY_DD,2022,POLARIS
ALB-TRV-0001846,P0002220,TRV,Annual Travel,,DIRECT,2018-09-17,2019-09-17,EX,1396.41,0.12,ANNUAL,2018,LEGACY_PAS
ALB-CLB-0001847,P0001884,CLB,Commercial Liability,,BROKER,2021-04-16,2022-04-16,IF,7255.0,0.12,PREMIUM_FINANCE,2021,POLARIS
ALB-MOT-0001848,P0000971,MOT,Private Motor,BRK0006,AGGREGATOR,2026-02-12,2027-02-12,EX,1285.75,0.12,ANNUAL,2026,POLARIS
ALB-TRV-0001849,P0001517,TRV,Annual Travel,,BROKER,2025-11-28,2026-11-28,LP,4127.01,0.12,ANNUAL,2025,POLARIS
ALB-TRV-0001850,P0000958,TRV,Annual Travel,,BROKER,2019-07-03,2020-07-02,IF,557.55,0.12,PREMIUM_FINANCE,2019,POLARIS
ALB-TRV-0001851,P0002087,TRV,Annual Travel,BRK0026,AGGREGATOR,2022-11-26,2023-11-26,IF,771.87,0.12,PREMIUM_FINANCE,2022,POLARIS
ALB-MOT-0001852,P0002257,MOT,Private Motor,BRK0022,BROKER,2020-04-07,2021-04-07,IF,1750.31,0.12,MONTHLY_DD,2020,POLARIS
ALB-CPM-0001853,P0001431,CPM,Commercial Property,,DIRECT,2020-02-04,2021-02-03,LP,4142.25,0.12,MONTHLY_DD,2020,LEGACY_PAS
ALB-CPM-0001854,P0002868,CPM,Commercial Property,,DIRECT,2019-08-03,2020-08-02,IF,10275.55,0.12,MONTHLY_DD,2019,POLARIS
ALB-HOM-0001855,P0000888,HOM,Home Buildings & Contents,BRK0009,DIRECT,2024-05-15,2025-05-15,IF,2156.14,0.12,ANNUAL,2024,LEGACY_PAS
ALB-HOM-0001856,P0002535,HOM,Home Buildings & Contents,BRK0050,BROKER,2025-11-21,2026-11-21,LP,2018.87,0.12,MONTHLY_DD,2025,POLARIS
ALB-PET-0001857,P0001307,PET,Pet,,BROKER,2021-02-26,2022-02-26,IF,3904.26,0.12,ANNUAL,2021,POLARIS
ALB-HOM-0001858,P0000462,HOM,Home Buildings & Contents,,BROKER,2022-09-21,2023-09-21,EX,2670.71,0.12,PREMIUM_FINANCE,2022,LEGACY_PAS
ALB-CPM-0001859,P0001227,CPM,Commercial Property,BRK0045,BROKER,2024-11-20,2025-11-20,EX,4533.31,0.12,ANNUAL,2024,LEGACY_PAS
ALB-CPM-0001860,P0001881,CPM,Commercial Property,,DIRECT,2024-05-03,2025-05-03,IF,11194.57,0.12,PREMIUM_FINANCE,2024,POLARIS
ALB-PET-0001861,P0003178,PET,Pet,,BROKER,2026-06-03,2027-06-03,EX,1554.18,0.12,PREMIUM_FINANCE,2026,POLARIS
ALB-TRV-0001862,P0000880,TRV,Annual Travel,,DIRECT,2020-04-30,2021-04-30,IF,1773.9,0.12,ANNUAL,2020,POLARIS
ALB-PET-0001863,P0001048,PET,Pet,,BROKER,2021-01-27,2022-01-27,RN,2094.75,0.12,ANNUAL,2021,LEGACY_PAS
ALB-MOT-0001864,P0001289,MOT,Private Motor,BRK0039,BROKER,2021-04-03,2022-04-03,RN,2741.28,0.12,PREMIUM_FINANCE,2021,POLARIS
ALB-HOM-0001865,P0000395,HOM,Home Buildings & Contents,BRK0020,DIRECT,2021-11-17,2022-11-17,LP,2234.01,0.12,ANNUAL,2021,POLARIS
ALB-CPM-0001866,P0000070,CPM,Commercial Property,,DIRECT,2024-06-16,2025-06-16,IF,7771.76,0.12,ANNUAL,2024,POLARIS
ALB-MOT-0001867,P0001065,MOT,Private Motor,BRK0037,BROKER,2018-11-10,2019-11-10,IF,3644.39,0.12,MONTHLY_DD,2018,LEGACY_PAS
ALB-HOM-0001868,P0001755,HOM,Home Buildings & Contents,BRK0001,BROKER,2023-07-02,2024-07-01,IF,687.96,0.12,PREMIUM_FINANCE,2023,POLARIS
ALB-HOM-0001869,P0002648,HOM,Home Buildings & Contents,,DIRECT,2019-04-03,2020-04-02,RN,272.49,0.12,MONTHLY_DD,2019,LEGACY_PAS
ALB-MOT-0001870,P0001342,MOT,Private Motor,,BROKER,2026-12-10,2027-12-10,LP,2950.4,0.12,ANNUAL,2026,POLARIS
ALB-MOT-0001871,P0003119,MOT,Private Motor,,BROKER,2020-09-20,2021-09-20,EX,1867.71,0.12,PREMIUM_FINANCE,2020,LEGACY_PAS
ALB-MOT-0001872,P0000309,MOT,Private Motor,,BROKER,2025-05-14,2026-05-14,IF,413.95,0.12,PREMIUM_FINANCE,2025,LEGACY_PAS
ALB-CLB-0001873,P0002540,CLB,Commercial Liability,,BROKER,2022-01-28,2023-01-28,IF,2730.53,0.12,PREMIUM_FINANCE,2022,POLARIS
ALB-CPM-0001874,P0002286,CPM,Commercial Property,BRK0043,BROKER,2024-04-03,2025-04-03,RN,7291.29,0.12,MONTHLY_DD,2024,LEGACY_PAS
ALB-CLB-0001875,P0001485,CLB,Commercial Liability,BRK0020,BROKER,2021-04-04,2022-04-04,IF,14517.37,0.12,ANNUAL,2021,POLARIS
ALB-HOM-0001876,P0002166,HOM,Home Buildings & Contents,,BROKER,2023-10-30,2024-10-29,RN,1730.69,0.12,ANNUAL,2023,POLARIS
ALB-MOT-0001877,P0001033,MOT,Private Motor,BRK0036,DIRECT,2024-03-11,2025-03-11,RN,2396.79,0.12,MONTHLY_DD,2024,LEGACY_PAS
ALB-PET-0001878,P0002992,PET,Pet,,DIRECT,2023-06-29,2024-06-28,EX,2542.14,0.12,PREMIUM_FINANCE,2023,POLARIS
ALB-HOM-0001879,P0002809,HOM,Home Buildings & Contents,,AGGREGATOR,2018-08-01,2019-08-01,LP,1550.75,0.12,PREMIUM_FINANCE,2018,POLARIS
ALB-MOT-0001880,P0002664,MOT,Private Motor,BRK0052,BROKER,2022-04-04,2023-04-04,IF,2408.03,0.12,ANNUAL,2022,LEGACY_PAS
ALB-HOM-0001881,P0002540,HOM,Home Buildings & Contents,BRK0002,BROKER,2019-10-22,2020-10-21,IF,1819.35,0.12,MONTHLY_DD,2019,POLARIS
ALB-HOM-0001882,P0002054,HOM,Home Buildings & Contents,BRK0006,DIRECT,2022-09-03,2023-09-03,CN,2560.67,0.12,ANNUAL,2022,LEGACY_PAS
ALB-CLB-0001883,P0002874,CLB,Commercial Liability,BRK0049,DIRECT,2025-10-30,2026-10-30,EX,9025.78,0.12,ANNUAL,2025,POLARIS
ALB-CPM-0001884,P0003104,CPM,Commercial Property,,BROKER,2025-05-04,2026-05-04,LP,12354.6,0.12,ANNUAL,2025,POLARIS
ALB-HOM-0001885,P0000661,HOM,Home Buildings & Contents,BRK0045,DIRECT,2026-05-03,2027-05-03,IF,2762.23,0.12,MONTHLY_DD,2026,POLARIS
ALB-CLB-0001886,P0002644,CLB,Commercial Liability,BRK0027,DIRECT,2020-01-26,2021-01-25,IF,8104.62,0.12,ANNUAL,2020,POLARIS
ALB-HOM-0001887,P0002829,HOM,Home Buildings & Contents,BRK0005,DIRECT,2019-09-01,2020-08-31,CN,736.33,0.12,MONTHLY_DD,2019,POLARIS
ALB-HOM-0001888,P0000759,HOM,Home Buildings & Contents,,AGGREGATOR,2018-03-09,2019-03-09,RN,2290.19,0.12,MONTHLY_DD,2018,LEGACY_PAS
ALB-CLB-0001889,P0000314,CLB,Commercial Liability,,DIRECT,2019-08-04,2020-08-03,IF,2546.42,0.12,MONTHLY_DD,2019,LEGACY_PAS
ALB-PET-0001890,P0001702,PET,Pet,BRK0029,AGGREGATOR,2019-06-07,2020-06-06,EX,562.45,0.12,ANNUAL,2019,POLARIS
ALB-CLB-0001891,P0000193,CLB,Commercial Liability,,BROKER,2021-11-26,2022-11-26,LP,1114.46,0.12,MONTHLY_DD,2021,LEGACY_PAS
ALB-PET-0001892,P0000479,PET,Pet,,BROKER,2023-08-29,2024-08-28,IF,3410.07,0.12,MONTHLY_DD,2023,LEGACY_PAS
ALB-MOT-0001893,P0001323,MOT,Private Motor,,DIRECT,2025-06-13,2026-06-13,LP,611.26,0.12,ANNUAL,2025,LEGACY_PAS
ALB-HOM-0001894,P0000466,HOM,Home Buildings & Contents,BRK0034,BROKER,2023-08-26,2024-08-25,RN,3255.68,0.12,MONTHLY_DD,2023,POLARIS
ALB-MOT-0001895,P0002319,MOT,Private Motor,BRK0038,BROKER,2024-08-09,2025-08-09,RN,2422.02,0.12,MONTHLY_DD,2024,POLARIS
ALB-CPM-0001896,P0000441,CPM,Commercial Property,BRK0017,BROKER,2019-01-17,2020-01-17,IF,5834.13,0.12,MONTHLY_DD,2019,LEGACY_PAS
ALB-TRV-0001897,P0000496,TRV,Annual Travel,BRK0036,BROKER,2021-07-26,2022-07-26,LP,438.14,0.12,PREMIUM_FINANCE,2021,POLARIS
ALB-PET-0001898,P0000981,PET,Pet,BRK0015,AGGREGATOR,2024-09-07,2025-09-07,IF,819.96,0.12,MONTHLY_DD,2024,POLARIS
ALB-CPM-0001899,P0001938,CPM,Commercial Property,,DIRECT,2024-12-04,2025-12-04,LP,5610.26,0.12,PREMIUM_FINANCE,2024,POLARIS
ALB-TRV-0001900,P0001262,TRV,Annual Travel,,AGGREGATOR,2021-10-14,2022-10-14,IF,3289.65,0.12,PREMIUM_FINANCE,2021,POLARIS
ALB-CLB-0001901,P0001459,CLB,Commercial Liability,,BROKER,2022-09-24,2023-09-24,IF,9728.84,0.12,ANNUAL,2022,POLARIS
ALB-CLB-0001902,P0002586,CLB,Commercial Liability,BRK0007,DIRECT,2022-02-20,2023-02-20,RN,5281.34,0.12,ANNUAL,2022,POLARIS
ALB-MOT-0001903,P0001929,MOT,Private Motor,BRK0058,BROKER,2022-12-18,2023-12-18,CN,1630.6,0.12,ANNUAL,2022,LEGACY_PAS
ALB-MOT-0001904,P0000293,MOT,Private Motor,BRK0050,DIRECT,2025-12-16,2026-12-16,IF,3980.95,0.12,ANNUAL,2025,POLARIS
ALB-CLB-0001905,P0002884,CLB,Commercial Liability,BRK0033,BROKER,2021-11-30,2022-11-30,IF,6124.69,0.12,MONTHLY_DD,2021,LEGACY_PAS
ALB-MOT-0001906,P0002197,MOT,Private Motor,,DIRECT,2018-02-08,2019-02-08,LP,3922.86,0.12,PREMIUM_FINANCE,2018,LEGACY_PAS
ALB-CPM-0001907,P0001757,CPM,Commercial Property,BRK0046,BROKER,2018-01-03,2019-01-03,IF,7956.54,0.12,ANNUAL,2018,LEGACY_PAS
ALB-CPM-0001908,P0001219,CPM,Commercial Property,BRK0038,BROKER,2019-02-12,2020-02-12,IF,13665.1,0.12,MONTHLY_DD,2019,POLARIS
ALB-TRV-0001909,P0001638,TRV,Annual Travel,,BROKER,2019-12-16,2020-12-15,IF,1051.03,0.12,PREMIUM_FINANCE,2019,POLARIS
ALB-HOM-0001910,P0002927,HOM,Home Buildings & Contents,BRK0045,AGGREGATOR,2023-12-29,2024-12-28,EX,1117.53,0.12,MONTHLY_DD,2023,LEGACY_PAS
ALB-PET-0001911,P0001307,PET,Pet,,BROKER,2020-01-09,2021-01-08,RN,3574.02,0.12,MONTHLY_DD,2020,POLARIS
ALB-HOM-0001912,P0000365,HOM,Home Buildings & Contents,,BROKER,2022-02-22,2023-02-22,RN,2611.21,0.12,PREMIUM_FINANCE,2022,POLARIS
ALB-MOT-0001913,P0000240,MOT,Private Motor,,AGGREGATOR,2020-04-19,2021-04-19,IF,1154.85,0.12,MONTHLY_DD,2020,POLARIS
ALB-MOT-0001914,P0001823,MOT,Private Motor,,BROKER,2026-12-25,2027-12-25,EX,2075.61,0.12,MONTHLY_DD,2026,POLARIS
ALB-HOM-0001915,P0002372,HOM,Home Buildings & Contents,BRK0050,BROKER,2024-05-30,2025-05-30,EX,414.9,0.12,MONTHLY_DD,2024,LEGACY_PAS
ALB-PET-0001916,P0002271,PET,Pet,,AGGREGATOR,2018-07-19,2019-07-19,CN,388.27,0.12,PREMIUM_FINANCE,2018,POLARIS
ALB-CPM-0001917,P0000107,CPM,Commercial Property,,BROKER,2026-08-22,2027-08-22,IF,10546.38,0.12,PREMIUM_FINANCE,2026,LEGACY_PAS
ALB-CPM-0001918,P0001706,CPM,Commercial Property,BRK0024,DIRECT,2024-05-11,2025-05-11,IF,11942.42,0.12,MONTHLY_DD,2024,LEGACY_PAS
ALB-CPM-0001919,P0002134,CPM,Commercial Property,BRK0029,DIRECT,2023-02-08,2024-02-08,IF,9609.58,0.12,ANNUAL,2023,POLARIS
ALB-HOM-0001920,P0000110,HOM,Home Buildings & Contents,,AGGREGATOR,2021-01-03,2022-01-03,CN,1829.45,0.12,MONTHLY_DD,2021,LEGACY_PAS
ALB-TRV-0001921,P0000782,TRV,Annual Travel,BRK0055,BROKER,2024-05-24,2025-05-24,RN,3240.15,0.12,PREMIUM_FINANCE,2024,LEGACY_PAS
ALB-MOT-0001922,P0000798,MOT,Private Motor,BRK0055,DIRECT,2019-04-20,2020-04-19,LP,823.99,0.12,MONTHLY_DD,2019,POLARIS
ALB-CPM-0001923,P0001059,CPM,Commercial Property,BRK0006,BROKER,2022-03-07,2023-03-07,LP,5097.29,0.12,MONTHLY_DD,2022,LEGACY_PAS
ALB-CLB-0001924,P0003161,CLB,Commercial Liability,BRK0023,AGGREGATOR,2021-04-18,2022-04-18,LP,12432.15,0.12,ANNUAL,2021,POLARIS
ALB-MOT-0001925,P0001940,MOT,Private Motor,BRK0031,BROKER,2021-08-17,2022-08-17,EX,3024.89,0.12,MONTHLY_DD,2021,LEGACY_PAS
ALB-TRV-0001926,P0000611,TRV,Annual Travel,BRK0010,DIRECT,2024-01-13,2025-01-12,IF,402.0,0.12,MONTHLY_DD,2024,POLARIS
ALB-HOM-0001927,P0001306,HOM,Home Buildings & Contents,BRK0060,DIRECT,2022-07-15,2023-07-15,EX,877.6,0.12,MONTHLY_DD,2022,POLARIS
ALB-CLB-0001928,P0001495,CLB,Commercial Liability,,DIRECT,2023-07-10,2024-07-09,IF,7136.67,0.12,PREMIUM_FINANCE,2023,LEGACY_PAS
ALB-HOM-0001929,P0001838,HOM,Home Buildings & Contents,,BROKER,2022-02-13,2023-02-13,IF,289.03,0.12,MONTHLY_DD,2022,LEGACY_PAS
ALB-TRV-0001930,P0002109,TRV,Annual Travel,BRK0010,AGGREGATOR,2026-01-17,2027-01-17,RN,2522.86,0.12,MONTHLY_DD,2026,POLARIS
ALB-MOT-0001931,P0001420,MOT,Private Motor,,BROKER,2019-03-27,2020-03-26,IF,3895.21,0.12,MONTHLY_DD,2019,POLARIS
ALB-PET-0001932,P0000935,PET,Pet,BRK0013,DIRECT,2023-02-22,2024-02-22,IF,2667.51,0.12,MONTHLY_DD,2023,LEGACY_PAS
ALB-TRV-0001933,P0001983,TRV,Annual Travel,BRK0033,AGGREGATOR,2022-01-16,2023-01-16,RN,2219.16,0.12,PREMIUM_FINANCE,2022,LEGACY_PAS
ALB-MOT-0001934,P0001548,MOT,Private Motor,BRK0023,BROKER,2022-09-21,2023-09-21,IF,3003.99,0.12,ANNUAL,2022,POLARIS
ALB-PET-0001935,P0002216,PET,Pet,,AGGREGATOR,2024-06-07,2025-06-07,IF,649.13,0.12,ANNUAL,2024,LEGACY_PAS
ALB-PET-0001936,P0001717,PET,Pet,BRK0043,BROKER,2018-08-27,2019-08-27,CN,4025.51,0.12,ANNUAL,2018,POLARIS
ALB-CPM-0001937,P0002120,CPM,Commercial Property,BRK0006,BROKER,2021-10-03,2022-10-03,LP,12601.27,0.12,MONTHLY_DD,2021,POLARIS
ALB-TRV-0001938,P0001286,TRV,Annual Travel,BRK0001,AGGREGATOR,2022-03-28,2023-03-28,LP,1172.94,0.12,PREMIUM_FINANCE,2022,POLARIS
ALB-TRV-0001939,P0002208,TRV,Annual Travel,BRK0047,BROKER,2026-07-13,2027-07-13,RN,829.31,0.12,MONTHLY_DD,2026,POLARIS
ALB-HOM-0001940,P0001188,HOM,Home Buildings & Contents,,AGGREGATOR,2022-12-28,2023-12-28,IF,672.55,0.12,MONTHLY_DD,2022,POLARIS
ALB-CLB-0001941,P0001881,CLB,Commercial Liability,BRK0006,AGGREGATOR,2019-07-13,2020-07-12,IF,8679.36,0.12,MONTHLY_DD,2019,POLARIS
ALB-TRV-0001942,P0002192,TRV,Annual Travel,BRK0007,BROKER,2023-04-27,2024-04-26,RN,1713.92,0.12,MONTHLY_DD,2023,LEGACY_PAS
ALB-PET-0001943,P0000540,PET,Pet,,DIRECT,2022-01-29,2023-01-29,IF,3871.06,0.12,ANNUAL,2022,LEGACY_PAS
ALB-TRV-0001944,P0003163,TRV,Annual Travel,BRK0001,BROKER,2021-10-06,2022-10-06,IF,3662.62,0.12,ANNUAL,2021,POLARIS
ALB-PET-0001945,P0001787,PET,Pet,BRK0041,DIRECT,2022-09-06,2023-09-06,IF,1185.74,0.12,PREMIUM_FINANCE,2022,POLARIS
ALB-HOM-0001946,P0000255,HOM,Home Buildings & Contents,BRK0020,BROKER,2022-12-18,2023-12-18,IF,3964.28,0.12,MONTHLY_DD,2022,POLARIS
ALB-CLB-0001947,P0000323,CLB,Commercial Liability,,BROKER,2019-10-25,2020-10-24,IF,8400.55,0.12,PREMIUM_FINANCE,2019,POLARIS
ALB-TRV-0001948,P0001441,TRV,Annual Travel,,AGGREGATOR,2026-04-29,2027-04-29,CN,727.43,0.12,PREMIUM_FINANCE,2026,POLARIS
ALB-MOT-0001949,P0002545,MOT,Private Motor,,AGGREGATOR,2020-10-10,2021-10-10,RN,1701.57,0.12,PREMIUM_FINANCE,2020,LEGACY_PAS
ALB-CPM-0001950,P0000692,CPM,Commercial Property,,BROKER,2019-10-17,2020-10-16,RN,6722.6,0.12,ANNUAL,2019,LEGACY_PAS
ALB-CLB-0001951,P0000346,CLB,Commercial Liability,,DIRECT,2018-11-11,2019-11-11,IF,5778.88,0.12,ANNUAL,2018,POLARIS
ALB-CPM-0001952,P0003078,CPM,Commercial Property,BRK0036,BROKER,2021-03-23,2022-03-23,CN,4682.43,0.12,MONTHLY_DD,2021,POLARIS
ALB-HOM-0001953,P0002009,HOM,Home Buildings & Contents,BRK0060,DIRECT,2019-11-25,2020-11-24,EX,1513.63,0.12,ANNUAL,2019,LEGACY_PAS
ALB-CPM-0001954,P0001112,CPM,Commercial Property,BRK0030,DIRECT,2026-07-12,2027-07-12,EX,8228.67,0.12,ANNUAL,2026,POLARIS
ALB-HOM-0001955,P0002995,HOM,Home Buildings & Contents,BRK0025,AGGREGATOR,2024-02-04,2025-02-03,IF,2189.64,0.12,MONTHLY_DD,2024,LEGACY_PAS
ALB-PET-0001956,P0001175,PET,Pet,BRK0025,BROKER,2021-06-23,2022-06-23,IF,3981.09,0.12,PREMIUM_FINANCE,2021,POLARIS
ALB-MOT-0001957,P0000165,MOT,Private Motor,,AGGREGATOR,2021-06-24,2022-06-24,IF,2920.17,0.12,PREMIUM_FINANCE,2021,LEGACY_PAS
ALB-TRV-0001958,P0001111,TRV,Annual Travel,BRK0006,BROKER,2019-04-18,2020-04-17,IF,326.41,0.12,ANNUAL,2019,POLARIS
ALB-HOM-0001959,P0002297,HOM,Home Buildings & Contents,,DIRECT,2021-01-10,2022-01-10,IF,2667.06,0.12,ANNUAL,2021,POLARIS
ALB-HOM-0001960,P0001311,HOM,Home Buildings & Contents,BRK0037,BROKER,2019-06-05,2020-06-04,EX,2462.83,0.12,MONTHLY_DD,2019,LEGACY_PAS
ALB-CPM-0001961,P0002488,CPM,Commercial Property,,DIRECT,2018-07-29,2019-07-29,IF,8079.08,0.12,MONTHLY_DD,2018,LEGACY_PAS
ALB-HOM-0001962,P0002101,HOM,Home Buildings & Contents,,DIRECT,2021-02-03,2022-02-03,IF,1368.09,0.12,ANNUAL,2021,POLARIS
ALB-HOM-0001963,P0000017,HOM,Home Buildings & Contents,,BROKER,2026-02-19,2027-02-19,IF,1996.35,0.12,MONTHLY_DD,2026,POLARIS
ALB-PET-0001964,P0002212,PET,Pet,,BROKER,2023-07-02,2024-07-01,IF,473.21,0.12,MONTHLY_DD,2023,POLARIS
ALB-TRV-0001965,P0002805,TRV,Annual Travel,BRK0009,BROKER,2019-11-20,2020-11-19,IF,1675.85,0.12,ANNUAL,2019,POLARIS
ALB-PET-0001966,P0001408,PET,Pet,BRK0040,BROKER,2022-05-16,2023-05-16,IF,2219.54,0.12,ANNUAL,2022,POLARIS
ALB-PET-0001967,P0000699,PET,Pet,BRK0024,BROKER,2018-09-08,2019-09-08,LP,211.6,0.12,MONTHLY_DD,2018,POLARIS
ALB-CPM-0001968,P0001843,CPM,Commercial Property,BRK0032,BROKER,2019-04-17,2020-04-16,IF,2758.87,0.12,PREMIUM_FINANCE,2019,LEGACY_PAS
ALB-HOM-0001969,P0000982,HOM,Home Buildings & Contents,,BROKER,2023-11-04,2024-11-03,RN,3904.23,0.12,MONTHLY_DD,2023,POLARIS
ALB-HOM-0001970,P0000632,HOM,Home Buildings & Contents,BRK0036,AGGREGATOR,2023-08-20,2024-08-19,LP,3129.7,0.12,ANNUAL,2023,POLARIS
ALB-MOT-0001971,P0000186,MOT,Private Motor,BRK0011,DIRECT,2026-10-12,2027-10-12,RN,1078.29,0.12,MONTHLY_DD,2026,POLARIS
ALB-HOM-0001972,P0000685,HOM,Home Buildings & Contents,,AGGREGATOR,2025-05-29,2026-05-29,RN,346.73,0.12,ANNUAL,2025,POLARIS
ALB-CPM-0001973,P0000568,CPM,Commercial Property,,BROKER,2021-02-17,2022-02-17,IF,2677.46,0.12,ANNUAL,2021,LEGACY_PAS
ALB-TRV-0001974,P0001174,TRV,Annual Travel,BRK0020,DIRECT,2019-09-04,2020-09-03,RN,1174.68,0.12,ANNUAL,2019,POLARIS
ALB-CLB-0001975,P0003168,CLB,Commercial Liability,,BROKER,2025-07-16,2026-07-16,IF,2545.48,0.12,ANNUAL,2025,POLARIS
ALB-CPM-0001976,P0001450,CPM,Commercial Property,,AGGREGATOR,2020-05-27,2021-05-27,IF,4458.45,0.12,ANNUAL,2020,POLARIS
ALB-CLB-0001977,P0002078,CLB,Commercial Liability,BRK0048,DIRECT,2018-12-09,2019-12-09,LP,7883.7,0.12,PREMIUM_FINANCE,2018,POLARIS
ALB-CLB-0001978,P0002997,CLB,Commercial Liability,BRK0028,AGGREGATOR,2019-08-06,2020-08-05,IF,12061.8,0.12,ANNUAL,2019,POLARIS
ALB-HOM-0001979,P0001518,HOM,Home Buildings & Contents,BRK0049,DIRECT,2019-07-17,2020-07-16,RN,2223.29,0.12,MONTHLY_DD,2019,LEGACY_PAS
ALB-CPM-0001980,P0002531,CPM,Commercial Property,,DIRECT,2018-05-28,2019-05-28,CN,12185.79,0.12,MONTHLY_DD,2018,POLARIS
ALB-MOT-0001981,P0001507,MOT,Private Motor,,DIRECT,2021-02-02,2022-02-02,EX,1561.38,0.12,ANNUAL,2021,LEGACY_PAS
ALB-CPM-0001982,P0000578,CPM,Commercial Property,BRK0036,BROKER,2025-03-30,2026-03-30,RN,3760.51,0.12,MONTHLY_DD,2025,POLARIS
ALB-CPM-0001983,P0001040,CPM,Commercial Property,BRK0045,BROKER,2020-05-23,2021-05-23,IF,10104.98,0.12,MONTHLY_DD,2020,LEGACY_PAS
ALB-TRV-0001984,P0000897,TRV,Annual Travel,BRK0058,BROKER,2024-01-27,2025-01-26,IF,1112.08,0.12,PREMIUM_FINANCE,2024,LEGACY_PAS
ALB-HOM-0001985,P0001352,HOM,Home Buildings & Contents,BRK0025,DIRECT,2019-04-12,2020-04-11,IF,3867.99,0.12,MONTHLY_DD,2019,POLARIS
ALB-TRV-0001986,P0001442,TRV,Annual Travel,,BROKER,2018-05-24,2019-05-24,IF,610.44,0.12,MONTHLY_DD,2018,POLARIS
ALB-HOM-0001987,P0002212,HOM,Home Buildings & Contents,BRK0011,DIRECT,2020-07-31,2021-07-31,CN,1090.56,0.12,MONTHLY_DD,2020,POLARIS
ALB-MOT-0001988,P0000071,MOT,Private Motor,BRK0050,BROKER,2020-04-23,2021-04-23,IF,2395.19,0.12,MONTHLY_DD,2020,LEGACY_PAS
ALB-MOT-0001989,P0000341,MOT,Private Motor,BRK0060,DIRECT,2020-08-12,2021-08-12,IF,3483.57,0.12,MONTHLY_DD,2020,POLARIS
ALB-TRV-0001990,P0000341,TRV,Annual Travel,BRK0009,DIRECT,2020-07-24,2021-07-24,EX,2351.08,0.12,MONTHLY_DD,2020,POLARIS
ALB-CPM-0001991,P0001626,CPM,Commercial Property,BRK0048,DIRECT,2022-06-02,2023-06-02,RN,12888.33,0.12,MONTHLY_DD,2022,POLARIS
ALB-MOT-0001992,P0001969,MOT,Private Motor,BRK0035,BROKER,2025-01-02,2026-01-02,RN,1840.88,0.12,ANNUAL,2025,POLARIS
ALB-CPM-0001993,P0002501,CPM,Commercial Property,,DIRECT,2023-01-30,2024-01-30,IF,6668.9,0.12,MONTHLY_DD,2023,LEGACY_PAS
ALB-MOT-0001994,P0002352,MOT,Private Motor,,BROKER,2018-12-20,2019-12-20,EX,697.41,0.12,MONTHLY_DD,2018,POLARIS
ALB-PET-0001995,P0000779,PET,Pet,,BROKER,2018-02-28,2019-02-28,CN,1164.18,0.12,ANNUAL,2018,LEGACY_PAS
ALB-PET-0001996,P0002485,PET,Pet,,BROKER,2023-08-13,2024-08-12,LP,948.29,0.12,MONTHLY_DD,2023,POLARIS
ALB-CLB-0001997,P0000994,CLB,Commercial Liability,BRK0013,BROKER,2026-06-24,2027-06-24,IF,6206.34,0.12,ANNUAL,2026,POLARIS
ALB-CPM-0001998,P0001606,CPM,Commercial Property,BRK0020,AGGREGATOR,2018-10-17,2019-10-17,CN,9935.41,0.12,MONTHLY_DD,2018,LEGACY_PAS
ALB-MOT-0001999,P0001389,MOT,Private Motor,,AGGREGATOR,2026-05-25,2027-05-25,IF,3512.17,0.12,PREMIUM_FINANCE,2026,LEGACY_PAS
ALB-HOM-0002000,P0002479,HOM,Home Buildings & Contents,,DIRECT,2020-02-25,2021-02-24,RN,3303.45,0.12,MONTHLY_DD,2020,POLARIS
ALB-MOT-0002001,P0000077,MOT,Private Motor,BRK0012,BROKER,2023-11-29,2024-11-28,IF,1312.88,0.12,ANNUAL,2023,POLARIS
ALB-CPM-0002002,P0002164,CPM,Commercial Property,,BROKER,2026-08-30,2027-08-30,EX,4936.07,0.12,MONTHLY_DD,2026,POLARIS
ALB-CPM-0002003,P0001096,CPM,Commercial Property,,AGGREGATOR,2023-02-26,2024-02-26,IF,13026.02,0.12,ANNUAL,2023,POLARIS
ALB-CLB-0002004,P0002644,CLB,Commercial Liability,,BROKER,2024-09-25,2025-09-25,IF,11359.02,0.12,PREMIUM_FINANCE,2024,LEGACY_PAS
ALB-CPM-0002005,P0000661,CPM,Commercial Property,BRK0049,BROKER,2019-08-17,2020-08-16,IF,6552.42,0.12,MONTHLY_DD,2019,POLARIS
ALB-HOM-0002006,P0002016,HOM,Home Buildings & Contents,,BROKER,2026-05-15,2027-05-15,EX,2425.94,0.12,MONTHLY_DD,2026,POLARIS
ALB-CLB-0002007,P0003060,CLB,Commercial Liability,,BROKER,2019-01-23,2020-01-23,IF,14233.69,0.12,MONTHLY_DD,2019,POLARIS
ALB-CPM-0002008,P0003055,CPM,Commercial Property,BRK0002,BROKER,2023-07-01,2024-06-30,CN,4885.91,0.12,MONTHLY_DD,2023,POLARIS
ALB-CPM-0002009,P0000138,CPM,Commercial Property,,BROKER,2022-11-28,2023-11-28,LP,14013.74,0.12,PREMIUM_FINANCE,2022,POLARIS
ALB-MOT-0002010,P0000988,MOT,Private Motor,BRK0005,DIRECT,2018-05-16,2019-05-16,IF,4019.07,0.12,PREMIUM_FINANCE,2018,LEGACY_PAS
ALB-PET-0002011,P0002590,PET,Pet,BRK0052,BROKER,2019-07-26,2020-07-25,IF,1043.14,0.12,MONTHLY_DD,2019,POLARIS
ALB-CLB-0002012,P0001973,CLB,Commercial Liability,BRK0025,AGGREGATOR,2020-01-02,2021-01-01,RN,5499.4,0.12,ANNUAL,2020,LEGACY_PAS
ALB-TRV-0002013,P0003185,TRV,Annual Travel,,AGGREGATOR,2022-03-06,2023-03-06,IF,2841.75,0.12,PREMIUM_FINANCE,2022,POLARIS
ALB-TRV-0002014,P0000341,TRV,Annual Travel,BRK0038,AGGREGATOR,2026-09-29,2027-09-29,CN,2857.08,0.12,ANNUAL,2026,POLARIS
ALB-TRV-0002015,P0000302,TRV,Annual Travel,,DIRECT,2018-12-01,2019-12-01,IF,2240.08,0.12,MONTHLY_DD,2018,POLARIS
ALB-TRV-0002016,P0000127,TRV,Annual Travel,,BROKER,2020-03-30,2021-03-30,RN,791.03,0.12,ANNUAL,2020,POLARIS
ALB-TRV-0002017,P0000988,TRV,Annual Travel,BRK0053,BROKER,2020-05-04,2021-05-04,RN,1964.55,0.12,MONTHLY_DD,2020,POLARIS
ALB-MOT-0002018,P0000418,MOT,Private Motor,BRK0009,BROKER,2019-08-12,2020-08-11,RN,3491.09,0.12,MONTHLY_DD,2019,LEGACY_PAS
ALB-CLB-0002019,P0000951,CLB,Commercial Liability,BRK0056,BROKER,2021-10-11,2022-10-11,RN,2547.47,0.12,ANNUAL,2021,LEGACY_PAS
ALB-HOM-0002020,P0003120,HOM,Home Buildings & Contents,BRK0041,BROKER,2019-08-14,2020-08-13,IF,486.07,0.12,PREMIUM_FINANCE,2019,POLARIS
ALB-PET-0002021,P0000023,PET,Pet,,BROKER,2022-04-10,2023-04-10,CN,3332.07,0.12,ANNUAL,2022,LEGACY_PAS
ALB-CLB-0002022,P0000443,CLB,Commercial Liability,BRK0016,BROKER,2025-02-25,2026-02-25,IF,14467.9,0.12,ANNUAL,2025,POLARIS
ALB-CPM-0002023,P0000961,CPM,Commercial Property,,DIRECT,2024-01-07,2025-01-06,CN,13742.32,0.12,MONTHLY_DD,2024,POLARIS
ALB-TRV-0002024,P0000411,TRV,Annual Travel,,BROKER,2024-10-12,2025-10-12,IF,1746.93,0.12,PREMIUM_FINANCE,2024,LEGACY_PAS
ALB-CLB-0002025,P0001608,CLB,Commercial Liability,BRK0008,DIRECT,2026-03-15,2027-03-15,RN,4737.92,0.12,ANNUAL,2026,LEGACY_PAS
ALB-CLB-0002026,P0001738,CLB,Commercial Liability,BRK0052,DIRECT,2026-01-01,2027-01-01,LP,2241.46,0.12,ANNUAL,2026,POLARIS
ALB-PET-0002027,P0002260,PET,Pet,BRK0051,BROKER,2026-10-23,2027-10-23,LP,2013.7,0.12,ANNUAL,2026,POLARIS
ALB-CLB-0002028,P0002450,CLB,Commercial Liability,,BROKER,2025-02-28,2026-02-28,EX,3204.55,0.12,PREMIUM_FINANCE,2025,POLARIS
ALB-CPM-0002029,P0001682,CPM,Commercial Property,BRK0046,BROKER,2026-06-10,2027-06-10,IF,10693.51,0.12,ANNUAL,2026,POLARIS
ALB-PET-0002030,P0001207,PET,Pet,BRK0007,BROKER,2023-01-27,2024-01-27,LP,4189.38,0.12,MONTHLY_DD,2023,POLARIS
ALB-HOM-0002031,P0001483,HOM,Home Buildings & Contents,BRK0009,DIRECT,2026-03-08,2027-03-08,LP,2279.38,0.12,ANNUAL,2026,LEGACY_PAS
ALB-TRV-0002032,P0001179,TRV,Annual Travel,BRK0005,DIRECT,2026-05-21,2027-05-21,IF,4018.26,0.12,MONTHLY_DD,2026,LEGACY_PAS
ALB-HOM-0002033,P0001947,HOM,Home Buildings & Contents,BRK0057,BROKER,2022-03-29,2023-03-29,CN,2007.3,0.12,PREMIUM_FINANCE,2022,POLARIS
ALB-MOT-0002034,P0003060,MOT,Private Motor,BRK0051,BROKER,2020-02-27,2021-02-26,IF,947.3,0.12,MONTHLY_DD,2020,POLARIS
ALB-CLB-0002035,P0000115,CLB,Commercial Liability,BRK0013,BROKER,2019-01-13,2020-01-13,IF,1881.61,0.12,MONTHLY_DD,2019,POLARIS
ALB-CPM-0002036,P0002335,CPM,Commercial Property,,AGGREGATOR,2021-10-19,2022-10-19,IF,767.93,0.12,MONTHLY_DD,2021,POLARIS
ALB-TRV-0002037,P0000209,TRV,Annual Travel,BRK0048,DIRECT,2020-03-29,2021-03-29,IF,2328.66,0.12,MONTHLY_DD,2020,POLARIS
ALB-TRV-0002038,P0002992,TRV,Annual Travel,,DIRECT,2021-01-14,2022-01-14,LP,1920.34,0.12,PREMIUM_FINANCE,2021,POLARIS
ALB-CLB-0002039,P0003176,CLB,Commercial Liability,BRK0026,BROKER,2022-09-24,2023-09-24,IF,6244.3,0.12,PREMIUM_FINANCE,2022,LEGACY_PAS
ALB-TRV-0002040,P0000807,TRV,Annual Travel,BRK0020,BROKER,2018-06-02,2019-06-02,IF,3335.0,0.12,ANNUAL,2018,POLARIS
ALB-CPM-0002041,P0001797,CPM,Commercial Property,BRK0034,BROKER,2023-07-12,2024-07-11,CN,11424.4,0.12,PREMIUM_FINANCE,2023,POLARIS
ALB-CPM-0002042,P0002610,CPM,Commercial Property,BRK0043,BROKER,2020-04-20,2021-04-20,CN,9430.72,0.12,PREMIUM_FINANCE,2020,POLARIS
ALB-PET-0002043,P0000796,PET,Pet,,DIRECT,2021-05-01,2022-05-01,EX,3987.81,0.12,MONTHLY_DD,2021,LEGACY_PAS
ALB-MOT-0002044,P0000634,MOT,Private Motor,BRK0052,BROKER,2020-04-26,2021-04-26,RN,1839.8,0.12,MONTHLY_DD,2020,POLARIS
ALB-HOM-0002045,P0001925,HOM,Home Buildings & Contents,BRK0028,AGGREGATOR,2022-06-09,2023-06-09,IF,2339.06,0.12,MONTHLY_DD,2022,POLARIS
ALB-CLB-0002046,P0001839,CLB,Commercial Liability,,BROKER,2024-10-19,2025-10-19,IF,13243.99,0.12,ANNUAL,2024,POLARIS
ALB-CLB-0002047,P0000969,CLB,Commercial Liability,,AGGREGATOR,2018-09-23,2019-09-23,RN,4549.37,0.12,ANNUAL,2018,LEGACY_PAS
ALB-CLB-0002048,P0000277,CLB,Commercial Liability,BRK0051,DIRECT,2025-04-19,2026-04-19,IF,5751.35,0.12,MONTHLY_DD,2025,POLARIS
ALB-TRV-0002049,P0000624,TRV,Annual Travel,BRK0022,BROKER,2025-05-10,2026-05-10,IF,3976.54,0.12,ANNUAL,2025,LEGACY_PAS
ALB-PET-0002050,P0002540,PET,Pet,,DIRECT,2026-01-24,2027-01-24,IF,2725.81,0.12,PREMIUM_FINANCE,2026,POLARIS
ALB-MOT-0002051,P0001573,MOT,Private Motor,BRK0006,DIRECT,2020-08-08,2021-08-08,IF,1247.89,0.12,ANNUAL,2020,LEGACY_PAS
ALB-CPM-0002052,P0001705,CPM,Commercial Property,,BROKER,2020-06-12,2021-06-12,IF,13700.18,0.12,ANNUAL,2020,POLARIS
ALB-CPM-0002053,P0000707,CPM,Commercial Property,BRK0049,BROKER,2018-05-08,2019-05-08,IF,3719.34,0.12,ANNUAL,2018,LEGACY_PAS
ALB-MOT-0002054,P0002092,MOT,Private Motor,BRK0007,DIRECT,2022-07-18,2023-07-18,IF,4093.93,0.12,PREMIUM_FINANCE,2022,POLARIS
ALB-CPM-0002055,P0001680,CPM,Commercial Property,BRK0027,BROKER,2019-04-10,2020-04-09,IF,13766.25,0.12,MONTHLY_DD,2019,POLARIS
ALB-CLB-0002056,P0001994,CLB,Commercial Liability,,AGGREGATOR,2024-08-03,2025-08-03,IF,1973.62,0.12,PREMIUM_FINANCE,2024,POLARIS
ALB-CLB-0002057,P0000068,CLB,Commercial Liability,BRK0023,BROKER,2026-03-25,2027-03-25,EX,14381.96,0.12,ANNUAL,2026,POLARIS
ALB-CPM-0002058,P0002852,CPM,Commercial Property,BRK0036,DIRECT,2023-12-15,2024-12-14,LP,14007.71,0.12,MONTHLY_DD,2023,POLARIS
ALB-MOT-0002059,P0001950,MOT,Private Motor,,BROKER,2022-08-06,2023-08-06,RN,2627.03,0.12,MONTHLY_DD,2022,POLARIS
ALB-CLB-0002060,P0002761,CLB,Commercial Liability,BRK0029,DIRECT,2018-03-19,2019-03-19,IF,2222.15,0.12,PREMIUM_FINANCE,2018,LEGACY_PAS
ALB-PET-0002061,P0001727,PET,Pet,BRK0036,BROKER,2026-12-06,2027-12-06,RN,208.15,0.12,ANNUAL,2026,POLARIS
ALB-MOT-0002062,P0001632,MOT,Private Motor,BRK0038,BROKER,2019-08-04,2020-08-03,IF,1835.14,0.12,ANNUAL,2019,POLARIS
ALB-HOM-0002063,P0001729,HOM,Home Buildings & Contents,BRK0007,DIRECT,2023-08-18,2024-08-17,LP,298.24,0.12,PREMIUM_FINANCE,2023,POLARIS
ALB-CPM-0002064,P0000624,CPM,Commercial Property,BRK0034,BROKER,2025-06-08,2026-06-08,IF,4668.18,0.12,ANNUAL,2025,POLARIS
ALB-MOT-0002065,P0002161,MOT,Private Motor,BRK0018,BROKER,2024-10-22,2025-10-22,IF,3297.56,0.12,ANNUAL,2024,LEGACY_PAS
ALB-CPM-0002066,P0002809,CPM,Commercial Property,,AGGREGATOR,2018-06-09,2019-06-09,CN,11114.26,0.12,MONTHLY_DD,2018,LEGACY_PAS
ALB-MOT-0002067,P0002501,MOT,Private Motor,BRK0012,DIRECT,2023-01-04,2024-01-04,IF,680.01,0.12,PREMIUM_FINANCE,2023,POLARIS
ALB-CLB-0002068,P0002057,CLB,Commercial Liability,BRK0026,DIRECT,2023-08-24,2024-08-23,IF,8839.66,0.12,MONTHLY_DD,2023,POLARIS
ALB-CLB-0002069,P0002582,CLB,Commercial Liability,,DIRECT,2020-05-11,2021-05-11,IF,3747.88,0.12,MONTHLY_DD,2020,POLARIS
ALB-CLB-0002070,P0000283,CLB,Commercial Liability,,BROKER,2023-09-24,2024-09-23,IF,5380.09,0.12,PREMIUM_FINANCE,2023,POLARIS
ALB-PET-0002071,P0002229,PET,Pet,BRK0005,BROKER,2019-11-02,2020-11-01,IF,3895.11,0.12,ANNUAL,2019,POLARIS
ALB-PET-0002072,P0000325,PET,Pet,,DIRECT,2021-06-27,2022-06-27,RN,3764.42,0.12,PREMIUM_FINANCE,2021,POLARIS
ALB-CLB-0002073,P0002556,CLB,Commercial Liability,,AGGREGATOR,2025-01-08,2026-01-08,LP,11439.09,0.12,PREMIUM_FINANCE,2025,POLARIS
ALB-HOM-0002074,P0002912,HOM,Home Buildings & Contents,,DIRECT,2018-03-12,2019-03-12,IF,323.24,0.12,PREMIUM_FINANCE,2018,POLARIS
ALB-CLB-0002075,P0003103,CLB,Commercial Liability,,BROKER,2019-11-15,2020-11-14,EX,4525.65,0.12,ANNUAL,2019,POLARIS
ALB-CPM-0002076,P0003107,CPM,Commercial Property,,BROKER,2020-05-06,2021-05-06,RN,10425.95,0.12,ANNUAL,2020,POLARIS
ALB-MOT-0002077,P0002343,MOT,Private Motor,BRK0018,BROKER,2020-12-12,2021-12-12,EX,2300.55,0.12,ANNUAL,2020,LEGACY_PAS
ALB-HOM-0002078,P0002396,HOM,Home Buildings & Contents,BRK0032,BROKER,2018-08-02,2019-08-02,CN,587.51,0.12,MONTHLY_DD,2018,POLARIS
ALB-CLB-0002079,P0002452,CLB,Commercial Liability,BRK0053,BROKER,2025-01-10,2026-01-10,RN,2709.14,0.12,ANNUAL,2025,POLARIS
ALB-MOT-0002080,P0002089,MOT,Private Motor,BRK0057,BROKER,2018-12-26,2019-12-26,CN,2353.54,0.12,PREMIUM_FINANCE,2018,LEGACY_PAS
ALB-CPM-0002081,P0000429,CPM,Commercial Property,,BROKER,2023-03-15,2024-03-14,EX,9436.44,0.12,MONTHLY_DD,2023,POLARIS
ALB-CPM-0002082,P0002280,CPM,Commercial Property,BRK0004,DIRECT,2018-03-17,2019-03-17,IF,13385.1,0.12,MONTHLY_DD,2018,LEGACY_PAS
ALB-PET-0002083,P0000956,PET,Pet,,BROKER,2018-04-05,2019-04-05,IF,783.23,0.12,MONTHLY_DD,2018,POLARIS
ALB-TRV-0002084,P0001874,TRV,Annual Travel,BRK0022,BROKER,2021-07-24,2022-07-24,IF,2634.93,0.12,ANNUAL,2021,POLARIS
ALB-CLB-0002085,P0002570,CLB,Commercial Liability,BRK0038,DIRECT,2025-04-24,2026-04-24,IF,12396.23,0.12,PREMIUM_FINANCE,2025,LEGACY_PAS
ALB-CLB-0002086,P0000706,CLB,Commercial Liability,BRK0016,BROKER,2019-04-19,2020-04-18,RN,8741.86,0.12,ANNUAL,2019,POLARIS
ALB-CPM-0002087,P0001125,CPM,Commercial Property,BRK0056,DIRECT,2019-08-17,2020-08-16,IF,8815.81,0.12,MONTHLY_DD,2019,POLARIS
ALB-TRV-0002088,P0001670,TRV,Annual Travel,BRK0048,BROKER,2026-09-14,2027-09-14,IF,2332.66,0.12,PREMIUM_FINANCE,2026,LEGACY_PAS
ALB-MOT-0002089,P0000643,MOT,Private Motor,,BROKER,2026-12-11,2027-12-11,RN,1961.3,0.12,ANNUAL,2026,POLARIS
ALB-MOT-0002090,P0001939,MOT,Private Motor,BRK0037,BROKER,2024-10-28,2025-10-28,IF,4009.2,0.12,ANNUAL,2024,POLARIS
ALB-TRV-0002091,P0002239,TRV,Annual Travel,BRK0044,AGGREGATOR,2021-07-08,2022-07-08,IF,1726.7,0.12,MONTHLY_DD,2021,POLARIS
ALB-CLB-0002092,P0002869,CLB,Commercial Liability,,BROKER,2025-04-19,2026-04-19,IF,7348.04,0.12,PREMIUM_FINANCE,2025,LEGACY_PAS
ALB-TRV-0002093,P0000117,TRV,Annual Travel,BRK0050,BROKER,2020-02-23,2021-02-22,IF,2970.07,0.12,ANNUAL,2020,POLARIS
ALB-MOT-0002094,P0000191,MOT,Private Motor,BRK0056,DIRECT,2024-10-17,2025-10-17,RN,2606.88,0.12,ANNUAL,2024,LEGACY_PAS
ALB-CPM-0002095,P0001120,CPM,Commercial Property,BRK0013,AGGREGATOR,2022-11-07,2023-11-07,IF,10255.2,0.12,PREMIUM_FINANCE,2022,POLARIS
ALB-CLB-0002096,P0001906,CLB,Commercial Liability,BRK0060,DIRECT,2018-12-17,2019-12-17,IF,8930.62,0.12,MONTHLY_DD,2018,LEGACY_PAS
ALB-HOM-0002097,P0002378,HOM,Home Buildings & Contents,,BROKER,2023-09-26,2024-09-25,RN,1627.12,0.12,MONTHLY_DD,2023,POLARIS
ALB-PET-0002098,P0001024,PET,Pet,,DIRECT,2026-02-20,2027-02-20,IF,1751.64,0.12,ANNUAL,2026,LEGACY_PAS
ALB-CLB-0002099,P0002960,CLB,Commercial Liability,BRK0013,BROKER,2018-07-13,2019-07-13,IF,12833.29,0.12,PREMIUM_FINANCE,2018,LEGACY_PAS
ALB-TRV-0002100,P0001410,TRV,Annual Travel,BRK0045,DIRECT,2026-06-11,2027-06-11,CN,2262.89,0.12,PREMIUM_FINANCE,2026,POLARIS
ALB-TRV-0002101,P0002994,TRV,Annual Travel,BRK0028,DIRECT,2023-07-21,2024-07-20,EX,2354.2,0.12,MONTHLY_DD,2023,POLARIS
ALB-PET-0002102,P0002926,PET,Pet,BRK0024,BROKER,2022-06-13,2023-06-13,IF,3295.75,0.12,PREMIUM_FINANCE,2022,POLARIS
ALB-HOM-0002103,P0000180,HOM,Home Buildings & Contents,,BROKER,2022-08-08,2023-08-08,EX,4018.55,0.12,PREMIUM_FINANCE,2022,POLARIS
ALB-TRV-0002104,P0001308,TRV,Annual Travel,BRK0024,BROKER,2018-10-18,2019-10-18,IF,2573.33,0.12,MONTHLY_DD,2018,POLARIS
ALB-HOM-0002105,P0001414,HOM,Home Buildings & Contents,BRK0029,BROKER,2026-10-08,2027-10-08,RN,2172.25,0.12,ANNUAL,2026,LEGACY_PAS
ALB-CPM-0002106,P0001368,CPM,Commercial Property,BRK0055,BROKER,2025-04-02,2026-04-02,IF,13793.29,0.12,MONTHLY_DD,2025,POLARIS
ALB-PET-0002107,P0000655,PET,Pet,,BROKER,2020-11-15,2021-11-15,IF,3302.85,0.12,PREMIUM_FINANCE,2020,LEGACY_PAS
ALB-PET-0002108,P0000611,PET,Pet,BRK0034,DIRECT,2018-04-30,2019-04-30,CN,735.84,0.12,PREMIUM_FINANCE,2018,LEGACY_PAS
ALB-HOM-0002109,P0000559,HOM,Home Buildings & Contents,BRK0048,AGGREGATOR,2026-05-13,2027-05-13,RN,962.14,0.12,PREMIUM_FINANCE,2026,POLARIS
ALB-CLB-0002110,P0000609,CLB,Commercial Liability,,DIRECT,2020-10-08,2021-10-08,RN,2264.13,0.12,MONTHLY_DD,2020,POLARIS
ALB-PET-0002111,P0002329,PET,Pet,,BROKER,2018-06-15,2019-06-15,IF,3503.92,0.12,MONTHLY_DD,2018,POLARIS
ALB-CPM-0002112,P0000717,CPM,Commercial Property,,BROKER,2020-04-09,2021-04-09,IF,8597.22,0.12,MONTHLY_DD,2020,POLARIS
ALB-CLB-0002113,P0002868,CLB,Commercial Liability,,DIRECT,2023-01-24,2024-01-24,IF,11925.53,0.12,ANNUAL,2023,POLARIS
ALB-HOM-0002114,P0002495,HOM,Home Buildings & Contents,BRK0029,BROKER,2026-11-30,2027-11-30,IF,2018.1,0.12,ANNUAL,2026,LEGACY_PAS
ALB-CLB-0002115,P0001118,CLB,Commercial Liability,BRK0058,BROKER,2022-05-14,2023-05-14,IF,3570.27,0.12,ANNUAL,2022,LEGACY_PAS
ALB-CPM-0002116,P0001990,CPM,Commercial Property,,BROKER,2019-12-21,2020-12-20,IF,8873.96,0.12,MONTHLY_DD,2019,POLARIS
ALB-TRV-0002117,P0000228,TRV,Annual Travel,,BROKER,2026-04-22,2027-04-22,RN,1196.81,0.12,MONTHLY_DD,2026,LEGACY_PAS
ALB-PET-0002118,P0001234,PET,Pet,,BROKER,2025-06-01,2026-06-01,IF,1735.89,0.12,PREMIUM_FINANCE,2025,POLARIS
ALB-MOT-0002119,P0000398,MOT,Private Motor,,BROKER,2018-12-16,2019-12-16,EX,1650.54,0.12,MONTHLY_DD,2018,POLARIS
ALB-TRV-0002120,P0001310,TRV,Annual Travel,,BROKER,2026-11-24,2027-11-24,EX,1349.08,0.12,ANNUAL,2026,POLARIS
ALB-PET-0002121,P0003054,PET,Pet,BRK0057,BROKER,2022-05-01,2023-05-01,IF,1868.17,0.12,MONTHLY_DD,2022,POLARIS
ALB-MOT-0002122,P0002911,MOT,Private Motor,,AGGREGATOR,2025-12-11,2026-12-11,IF,1910.93,0.12,ANNUAL,2025,LEGACY_PAS
ALB-PET-0002123,P0001811,PET,Pet,,AGGREGATOR,2018-05-18,2019-05-18,RN,1336.88,0.12,PREMIUM_FINANCE,2018,LEGACY_PAS
ALB-CPM-0002124,P0000446,CPM,Commercial Property,BRK0060,BROKER,2023-05-11,2024-05-10,RN,9141.22,0.12,MONTHLY_DD,2023,POLARIS
ALB-CPM-0002125,P0001041,CPM,Commercial Property,BRK0029,DIRECT,2018-11-30,2019-11-30,IF,10462.86,0.12,ANNUAL,2018,LEGACY_PAS
ALB-TRV-0002126,P0000665,TRV,Annual Travel,,BROKER,2021-08-10,2022-08-10,LP,2052.42,0.12,MONTHLY_DD,2021,POLARIS
ALB-HOM-0002127,P0000979,HOM,Home Buildings & Contents,,AGGREGATOR,2018-05-26,2019-05-26,IF,3397.25,0.12,MONTHLY_DD,2018,LEGACY_PAS
ALB-TRV-0002128,P0000795,TRV,Annual Travel,,DIRECT,2019-12-06,2020-12-05,RN,4125.44,0.12,PREMIUM_FINANCE,2019,LEGACY_PAS
ALB-CPM-0002129,P0001870,CPM,Commercial Property,BRK0006,BROKER,2024-12-26,2025-12-26,EX,1749.58,0.12,MONTHLY_DD,2024,LEGACY_PAS
ALB-MOT-0002130,P0001588,MOT,Private Motor,BRK0058,BROKER,2026-12-13,2027-12-13,LP,2590.39,0.12,MONTHLY_DD,2026,LEGACY_PAS
ALB-CPM-0002131,P0001768,CPM,Commercial Property,BRK0032,BROKER,2022-12-01,2023-12-01,RN,5987.31,0.12,ANNUAL,2022,POLARIS
ALB-HOM-0002132,P0002236,HOM,Home Buildings & Contents,BRK0004,BROKER,2022-07-26,2023-07-26,LP,1641.6,0.12,PREMIUM_FINANCE,2022,LEGACY_PAS
ALB-HOM-0002133,P0000455,HOM,Home Buildings & Contents,BRK0052,BROKER,2023-01-26,2024-01-26,IF,3100.57,0.12,MONTHLY_DD,2023,LEGACY_PAS
ALB-MOT-0002134,P0002666,MOT,Private Motor,BRK0007,DIRECT,2024-10-21,2025-10-21,CN,3213.47,0.12,MONTHLY_DD,2024,LEGACY_PAS
ALB-CPM-0002135,P0002325,CPM,Commercial Property,BRK0034,BROKER,2019-09-06,2020-09-05,RN,4272.88,0.12,ANNUAL,2019,POLARIS
ALB-MOT-0002136,P0001146,MOT,Private Motor,,BROKER,2021-08-20,2022-08-20,IF,1581.31,0.12,ANNUAL,2021,POLARIS
ALB-TRV-0002137,P0003017,TRV,Annual Travel,BRK0007,BROKER,2023-09-30,2024-09-29,CN,3702.78,0.12,MONTHLY_DD,2023,LEGACY_PAS
ALB-TRV-0002138,P0002058,TRV,Annual Travel,BRK0042,AGGREGATOR,2023-06-06,2024-06-05,IF,2998.58,0.12,MONTHLY_DD,2023,LEGACY_PAS
ALB-TRV-0002139,P0003111,TRV,Annual Travel,BRK0023,DIRECT,2024-03-22,2025-03-22,CN,4089.77,0.12,ANNUAL,2024,LEGACY_PAS
ALB-CLB-0002140,P0002308,CLB,Commercial Liability,,DIRECT,2024-04-24,2025-04-24,IF,7545.35,0.12,MONTHLY_DD,2024,POLARIS
ALB-HOM-0002141,P0001090,HOM,Home Buildings & Contents,,DIRECT,2019-04-27,2020-04-26,IF,504.37,0.12,ANNUAL,2019,LEGACY_PAS
ALB-CLB-0002142,P0002408,CLB,Commercial Liability,BRK0032,BROKER,2018-09-29,2019-09-29,LP,8051.34,0.12,MONTHLY_DD,2018,POLARIS
ALB-CPM-0002143,P0002486,CPM,Commercial Property,BRK0046,DIRECT,2026-12-10,2027-12-10,RN,3624.63,0.12,MONTHLY_DD,2026,LEGACY_PAS
ALB-TRV-0002144,P0000643,TRV,Annual Travel,,BROKER,2026-06-17,2027-06-17,CN,1414.62,0.12,MONTHLY_DD,2026,POLARIS
ALB-MOT-0002145,P0000868,MOT,Private Motor,BRK0043,BROKER,2018-12-23,2019-12-23,IF,714.51,0.12,MONTHLY_DD,2018,POLARIS
ALB-PET-0002146,P0000981,PET,Pet,,AGGREGATOR,2018-06-03,2019-06-03,EX,2020.01,0.12,MONTHLY_DD,2018,LEGACY_PAS
ALB-TRV-0002147,P0001988,TRV,Annual Travel,,BROKER,2022-11-21,2023-11-21,IF,2304.64,0.12,MONTHLY_DD,2022,POLARIS
ALB-PET-0002148,P0001573,PET,Pet,BRK0026,AGGREGATOR,2019-04-28,2020-04-27,IF,3027.39,0.12,ANNUAL,2019,POLARIS
ALB-TRV-0002149,P0002875,TRV,Annual Travel,BRK0047,BROKER,2019-08-11,2020-08-10,RN,1520.87,0.12,MONTHLY_DD,2019,POLARIS
ALB-MOT-0002150,P0000214,MOT,Private Motor,BRK0005,BROKER,2025-05-15,2026-05-15,IF,2271.73,0.12,MONTHLY_DD,2025,POLARIS
ALB-CLB-0002151,P0002432,CLB,Commercial Liability,,AGGREGATOR,2022-02-01,2023-02-01,LP,14153.53,0.12,MONTHLY_DD,2022,POLARIS
ALB-HOM-0002152,P0000703,HOM,Home Buildings & Contents,,DIRECT,2023-04-29,2024-04-28,IF,1528.02,0.12,ANNUAL,2023,LEGACY_PAS
ALB-TRV-0002153,P0002950,TRV,Annual Travel,BRK0025,AGGREGATOR,2018-02-11,2019-02-11,EX,2116.58,0.12,PREMIUM_FINANCE,2018,POLARIS
ALB-TRV-0002154,P0000228,TRV,Annual Travel,,DIRECT,2025-09-20,2026-09-20,RN,4004.94,0.12,PREMIUM_FINANCE,2025,LEGACY_PAS
ALB-TRV-0002155,P0002152,TRV,Annual Travel,,BROKER,2025-10-27,2026-10-27,IF,759.82,0.12,MONTHLY_DD,2025,POLARIS
ALB-TRV-0002156,P0001345,TRV,Annual Travel,BRK0020,BROKER,2021-06-06,2022-06-06,IF,270.01,0.12,MONTHLY_DD,2021,POLARIS
ALB-CLB-0002157,P0001304,CLB,Commercial Liability,BRK0045,BROKER,2019-06-22,2020-06-21,IF,947.95,0.12,ANNUAL,2019,LEGACY_PAS
ALB-CLB-0002158,P0002688,CLB,Commercial Liability,BRK0027,BROKER,2022-02-23,2023-02-23,EX,868.63,0.12,MONTHLY_DD,2022,POLARIS
ALB-CPM-0002159,P0003179,CPM,Commercial Property,BRK0026,BROKER,2020-01-19,2021-01-18,IF,8437.87,0.12,PREMIUM_FINANCE,2020,LEGACY_PAS
ALB-PET-0002160,P0000253,PET,Pet,,BROKER,2026-08-05,2027-08-05,IF,1650.69,0.12,PREMIUM_FINANCE,2026,LEGACY_PAS
ALB-MOT-0002161,P0001746,MOT,Private Motor,BRK0044,AGGREGATOR,2018-07-26,2019-07-26,RN,3027.9,0.12,ANNUAL,2018,LEGACY_PAS
ALB-CPM-0002162,P0002020,CPM,Commercial Property,BRK0055,BROKER,2024-12-09,2025-12-09,IF,5912.33,0.12,MONTHLY_DD,2024,LEGACY_PAS
ALB-CPM-0002163,P0001899,CPM,Commercial Property,,BROKER,2025-05-16,2026-05-16,IF,4879.4,0.12,MONTHLY_DD,2025,LEGACY_PAS
ALB-CLB-0002164,P0001477,CLB,Commercial Liability,BRK0040,BROKER,2025-04-15,2026-04-15,EX,6004.26,0.12,PREMIUM_FINANCE,2025,LEGACY_PAS
ALB-CLB-0002165,P0000478,CLB,Commercial Liability,,DIRECT,2018-11-12,2019-11-12,CN,3758.12,0.12,MONTHLY_DD,2018,POLARIS
ALB-HOM-0002166,P0000370,HOM,Home Buildings & Contents,BRK0044,BROKER,2019-12-13,2020-12-12,LP,2083.14,0.12,ANNUAL,2019,POLARIS
ALB-CPM-0002167,P0000291,CPM,Commercial Property,BRK0039,BROKER,2022-05-05,2023-05-05,RN,9908.05,0.12,ANNUAL,2022,POLARIS
ALB-HOM-0002168,P0001671,HOM,Home Buildings & Contents,,BROKER,2025-12-30,2026-12-30,LP,3234.54,0.12,MONTHLY_DD,2025,POLARIS
ALB-PET-0002169,P0000414,PET,Pet,,DIRECT,2020-01-24,2021-01-23,RN,2538.48,0.12,MONTHLY_DD,2020,LEGACY_PAS
ALB-HOM-0002170,P0000262,HOM,Home Buildings & Contents,BRK0022,BROKER,2021-10-06,2022-10-06,CN,2523.0,0.12,ANNUAL,2021,LEGACY_PAS
ALB-HOM-0002171,P0000489,HOM,Home Buildings & Contents,,BROKER,2022-10-03,2023-10-03,IF,2981.36,0.12,MONTHLY_DD,2022,POLARIS
ALB-MOT-0002172,P0001690,MOT,Private Motor,BRK0022,DIRECT,2026-06-10,2027-06-10,RN,3026.3,0.12,ANNUAL,2026,LEGACY_PAS
ALB-MOT-0002173,P0002930,MOT,Private Motor,BRK0051,BROKER,2025-02-19,2026-02-19,IF,541.26,0.12,ANNUAL,2025,LEGACY_PAS
ALB-PET-0002174,P0001514,PET,Pet,,DIRECT,2026-01-29,2027-01-29,IF,4132.06,0.12,ANNUAL,2026,POLARIS
ALB-PET-0002175,P0000213,PET,Pet,BRK0019,DIRECT,2022-01-05,2023-01-05,IF,2276.2,0.12,MONTHLY_DD,2022,POLARIS
ALB-MOT-0002176,P0002533,MOT,Private Motor,,BROKER,2025-12-09,2026-12-09,LP,3911.6,0.12,ANNUAL,2025,LEGACY_PAS
ALB-CLB-0002177,P0000448,CLB,Commercial Liability,BRK0048,BROKER,2026-04-24,2027-04-24,RN,5822.09,0.12,PREMIUM_FINANCE,2026,LEGACY_PAS
ALB-HOM-0002178,P0001992,HOM,Home Buildings & Contents,BRK0005,BROKER,2026-08-05,2027-08-05,RN,604.09,0.12,MONTHLY_DD,2026,POLARIS
ALB-TRV-0002179,P0000938,TRV,Annual Travel,BRK0018,AGGREGATOR,2022-09-30,2023-09-30,RN,884.4,0.12,ANNUAL,2022,LEGACY_PAS
ALB-CLB-0002180,P0002309,CLB,Commercial Liability,BRK0022,AGGREGATOR,2026-05-03,2027-05-03,EX,9534.62,0.12,PREMIUM_FINANCE,2026,LEGACY_PAS
ALB-TRV-0002181,P0001420,TRV,Annual Travel,BRK0045,BROKER,2018-06-05,2019-06-05,CN,1572.33,0.12,PREMIUM_FINANCE,2018,POLARIS
ALB-CPM-0002182,P0000599,CPM,Commercial Property,BRK0046,BROKER,2025-03-12,2026-03-12,IF,13737.94,0.12,ANNUAL,2025,LEGACY_PAS
ALB-HOM-0002183,P0001684,HOM,Home Buildings & Contents,BRK0051,AGGREGATOR,2024-11-23,2025-11-23,LP,2452.86,0.12,MONTHLY_DD,2024,POLARIS
ALB-MOT-0002184,P0001566,MOT,Private Motor,,BROKER,2021-08-21,2022-08-21,CN,213.91,0.12,ANNUAL,2021,POLARIS
ALB-CLB-0002185,P0002343,CLB,Commercial Liability,BRK0027,AGGREGATOR,2019-08-31,2020-08-30,IF,2742.58,0.12,PREMIUM_FINANCE,2019,LEGACY_PAS
ALB-MOT-0002186,P0000150,MOT,Private Motor,,BROKER,2025-10-12,2026-10-12,LP,2056.41,0.12,ANNUAL,2025,POLARIS
ALB-TRV-0002187,P0001354,TRV,Annual Travel,,BROKER,2019-07-21,2020-07-20,EX,937.43,0.12,ANNUAL,2019,POLARIS
ALB-CPM-0002188,P0002884,CPM,Commercial Property,BRK0051,BROKER,2018-09-15,2019-09-15,LP,12374.84,0.12,PREMIUM_FINANCE,2018,LEGACY_PAS
ALB-CLB-0002189,P0002719,CLB,Commercial Liability,,AGGREGATOR,2018-01-29,2019-01-29,RN,2319.8,0.12,ANNUAL,2018,POLARIS
ALB-MOT-0002190,P0002536,MOT,Private Motor,,BROKER,2022-01-07,2023-01-07,IF,3608.91,0.12,PREMIUM_FINANCE,2022,POLARIS
ALB-CLB-0002191,P0000549,CLB,Commercial Liability,BRK0024,AGGREGATOR,2025-10-15,2026-10-15,IF,1997.43,0.12,ANNUAL,2025,POLARIS
ALB-HOM-0002192,P0000138,HOM,Home Buildings & Contents,BRK0031,AGGREGATOR,2020-07-18,2021-07-18,IF,3995.23,0.12,MONTHLY_DD,2020,POLARIS
ALB-CPM-0002193,P0001721,CPM,Commercial Property,,BROKER,2025-04-27,2026-04-27,RN,12686.48,0.12,ANNUAL,2025,POLARIS
ALB-CPM-0002194,P0000219,CPM,Commercial Property,,AGGREGATOR,2025-05-31,2026-05-31,EX,738.01,0.12,MONTHLY_DD,2025,POLARIS
ALB-HOM-0002195,P0000701,HOM,Home Buildings & Contents,BRK0022,AGGREGATOR,2021-03-08,2022-03-08,LP,2299.29,0.12,MONTHLY_DD,2021,LEGACY_PAS
ALB-HOM-0002196,P0001058,HOM,Home Buildings & Contents,,BROKER,2021-03-05,2022-03-05,CN,552.92,0.12,ANNUAL,2021,POLARIS
ALB-PET-0002197,P0002567,PET,Pet,,BROKER,2023-07-10,2024-07-09,EX,343.96,0.12,ANNUAL,2023,LEGACY_PAS
ALB-CPM-0002198,P0001262,CPM,Commercial Property,BRK0004,BROKER,2021-02-24,2022-02-24,IF,7492.87,0.12,MONTHLY_DD,2021,POLARIS
ALB-HOM-0002199,P0001381,HOM,Home Buildings & Contents,,DIRECT,2024-04-28,2025-04-28,RN,3806.7,0.12,MONTHLY_DD,2024,POLARIS
ALB-CLB-0002200,P0002386,CLB,Commercial Liability,,BROKER,2025-09-06,2026-09-06,EX,3900.65,0.12,ANNUAL,2025,POLARIS
ALB-TRV-0002201,P0001459,TRV,Annual Travel,BRK0004,BROKER,2021-01-06,2022-01-06,CN,2792.42,0.12,PREMIUM_FINANCE,2021,POLARIS
ALB-MOT-0002202,P0000932,MOT,Private Motor,BRK0028,BROKER,2021-11-15,2022-11-15,IF,3199.81,0.12,ANNUAL,2021,POLARIS
ALB-HOM-0002203,P0002286,HOM,Home Buildings & Contents,,AGGREGATOR,2023-02-12,2024-02-12,IF,1813.68,0.12,PREMIUM_FINANCE,2023,POLARIS
ALB-CPM-0002204,P0000256,CPM,Commercial Property,BRK0050,BROKER,2025-02-10,2026-02-10,IF,10223.74,0.12,MONTHLY_DD,2025,POLARIS
ALB-CLB-0002205,P0001442,CLB,Commercial Liability,BRK0031,DIRECT,2020-02-26,2021-02-25,IF,7533.87,0.12,PREMIUM_FINANCE,2020,LEGACY_PAS
ALB-PET-0002206,P0000427,PET,Pet,,AGGREGATOR,2019-06-26,2020-06-25,IF,2972.79,0.12,ANNUAL,2019,POLARIS
ALB-HOM-0002207,P0002464,HOM,Home Buildings & Contents,BRK0013,AGGREGATOR,2022-09-16,2023-09-16,IF,2542.21,0.12,MONTHLY_DD,2022,POLARIS
ALB-MOT-0002208,P0000953,MOT,Private Motor,BRK0028,DIRECT,2018-04-07,2019-04-07,CN,2713.06,0.12,MONTHLY_DD,2018,LEGACY_PAS
ALB-PET-0002209,P0000797,PET,Pet,BRK0051,BROKER,2024-09-03,2025-09-03,IF,745.64,0.12,ANNUAL,2024,LEGACY_PAS
ALB-PET-0002210,P0001236,PET,Pet,BRK0026,BROKER,2020-10-17,2021-10-17,RN,3081.2,0.12,ANNUAL,2020,POLARIS
ALB-CPM-0002211,P0000854,CPM,Commercial Property,,BROKER,2026-09-13,2027-09-13,IF,6746.01,0.12,ANNUAL,2026,POLARIS
ALB-PET-0002212,P0000333,PET,Pet,,BROKER,2020-12-20,2021-12-20,IF,951.18,0.12,PREMIUM_FINANCE,2020,POLARIS
ALB-TRV-0002213,P0000566,TRV,Annual Travel,BRK0012,BROKER,2026-01-05,2027-01-05,IF,1557.3,0.12,ANNUAL,2026,POLARIS
ALB-TRV-0002214,P0000559,TRV,Annual Travel,,BROKER,2018-10-31,2019-10-31,EX,916.79,0.12,ANNUAL,2018,POLARIS
ALB-CLB-0002215,P0001203,CLB,Commercial Liability,,BROKER,2023-10-23,2024-10-22,IF,9187.47,0.12,PREMIUM_FINANCE,2023,LEGACY_PAS
ALB-CPM-0002216,P0002612,CPM,Commercial Property,,DIRECT,2021-03-16,2022-03-16,IF,7957.29,0.12,MONTHLY_DD,2021,LEGACY_PAS
ALB-TRV-0002217,P0001778,TRV,Annual Travel,,AGGREGATOR,2018-08-23,2019-08-23,EX,2979.73,0.12,PREMIUM_FINANCE,2018,POLARIS
ALB-CPM-0002218,P0002374,CPM,Commercial Property,BRK0029,BROKER,2024-07-21,2025-07-21,EX,10967.74,0.12,MONTHLY_DD,2024,POLARIS
ALB-CLB-0002219,P0001506,CLB,Commercial Liability,,AGGREGATOR,2018-12-22,2019-12-22,RN,4347.82,0.12,MONTHLY_DD,2018,LEGACY_PAS
ALB-MOT-0002220,P0001061,MOT,Private Motor,,DIRECT,2018-09-12,2019-09-12,IF,1199.29,0.12,PREMIUM_FINANCE,2018,POLARIS
ALB-HOM-0002221,P0000521,HOM,Home Buildings & Contents,,BROKER,2025-12-29,2026-12-29,CN,1382.55,0.12,MONTHLY_DD,2025,POLARIS
ALB-CLB-0002222,P0001263,CLB,Commercial Liability,,BROKER,2025-02-06,2026-02-06,LP,12919.18,0.12,MONTHLY_DD,2025,POLARIS
ALB-TRV-0002223,P0001972,TRV,Annual Travel,BRK0046,AGGREGATOR,2025-05-01,2026-05-01,IF,2680.09,0.12,ANNUAL,2025,POLARIS
ALB-TRV-0002224,P0002983,TRV,Annual Travel,BRK0027,DIRECT,2023-05-02,2024-05-01,RN,3297.95,0.12,ANNUAL,2023,POLARIS
ALB-HOM-0002225,P0001047,HOM,Home Buildings & Contents,,DIRECT,2026-07-10,2027-07-10,IF,1332.42,0.12,MONTHLY_DD,2026,POLARIS
ALB-PET-0002226,P0001323,PET,Pet,BRK0035,DIRECT,2020-07-26,2021-07-26,RN,1640.29,0.12,PREMIUM_FINANCE,2020,POLARIS
ALB-CLB-0002227,P0003008,CLB,Commercial Liability,BRK0018,BROKER,2023-12-09,2024-12-08,RN,13481.13,0.12,MONTHLY_DD,2023,POLARIS
ALB-CPM-0002228,P0003052,CPM,Commercial Property,BRK0014,DIRECT,2024-06-22,2025-06-22,IF,12813.11,0.12,MONTHLY_DD,2024,LEGACY_PAS
ALB-MOT-0002229,P0000507,MOT,Private Motor,,BROKER,2020-07-02,2021-07-02,EX,3416.22,0.12,PREMIUM_FINANCE,2020,POLARIS
ALB-MOT-0002230,P0000764,MOT,Private Motor,,DIRECT,2026-08-19,2027-08-19,IF,3768.96,0.12,MONTHLY_DD,2026,POLARIS
ALB-PET-0002231,P0000571,PET,Pet,BRK0044,BROKER,2019-01-10,2020-01-10,LP,2490.12,0.12,ANNUAL,2019,LEGACY_PAS
ALB-CPM-0002232,P0002713,CPM,Commercial Property,,BROKER,2023-10-20,2024-10-19,RN,4126.56,0.12,ANNUAL,2023,LEGACY_PAS
ALB-CPM-0002233,P0002675,CPM,Commercial Property,BRK0052,AGGREGATOR,2019-01-27,2020-01-27,IF,1407.2,0.12,PREMIUM_FINANCE,2019,POLARIS
ALB-CLB-0002234,P0002708,CLB,Commercial Liability,BRK0034,BROKER,2024-01-15,2025-01-14,RN,13288.94,0.12,ANNUAL,2024,POLARIS
ALB-MOT-0002235,P0002278,MOT,Private Motor,BRK0034,AGGREGATOR,2018-08-23,2019-08-23,RN,1709.74,0.12,ANNUAL,2018,LEGACY_PAS
ALB-HOM-0002236,P0002549,HOM,Home Buildings & Contents,BRK0016,AGGREGATOR,2022-03-29,2023-03-29,IF,3701.74,0.12,PREMIUM_FINANCE,2022,POLARIS
ALB-TRV-0002237,P0003170,TRV,Annual Travel,BRK0060,BROKER,2024-06-05,2025-06-05,IF,2460.91,0.12,PREMIUM_FINANCE,2024,POLARIS
ALB-MOT-0002238,P0000588,MOT,Private Motor,BRK0030,AGGREGATOR,2022-01-25,2023-01-25,IF,2421.28,0.12,ANNUAL,2022,POLARIS
ALB-TRV-0002239,P0000359,TRV,Annual Travel,BRK0031,AGGREGATOR,2020-01-27,2021-01-26,LP,2669.82,0.12,ANNUAL,2020,POLARIS
ALB-HOM-0002240,P0001493,HOM,Home Buildings & Contents,,BROKER,2020-05-10,2021-05-10,EX,339.96,0.12,ANNUAL,2020,LEGACY_PAS
ALB-PET-0002241,P0000547,PET,Pet,BRK0003,BROKER,2026-11-07,2027-11-07,IF,225.33,0.12,MONTHLY_DD,2026,POLARIS
ALB-CPM-0002242,P0001497,CPM,Commercial Property,BRK0020,DIRECT,2023-09-28,2024-09-27,IF,2680.51,0.12,MONTHLY_DD,2023,POLARIS
ALB-TRV-0002243,P0000260,TRV,Annual Travel,BRK0043,AGGREGATOR,2023-10-07,2024-10-06,EX,2210.35,0.12,ANNUAL,2023,POLARIS
ALB-HOM-0002244,P0001439,HOM,Home Buildings & Contents,,BROKER,2024-01-22,2025-01-21,IF,2107.07,0.12,PREMIUM_FINANCE,2024,POLARIS
ALB-CLB-0002245,P0001970,CLB,Commercial Liability,,AGGREGATOR,2020-02-17,2021-02-16,IF,12124.31,0.12,MONTHLY_DD,2020,POLARIS
ALB-TRV-0002246,P0001675,TRV,Annual Travel,BRK0017,DIRECT,2019-05-17,2020-05-16,LP,2491.64,0.12,MONTHLY_DD,2019,LEGACY_PAS
ALB-HOM-0002247,P0000362,HOM,Home Buildings & Contents,BRK0012,BROKER,2020-03-02,2021-03-02,EX,2122.19,0.12,MONTHLY_DD,2020,LEGACY_PAS
ALB-CLB-0002248,P0002506,CLB,Commercial Liability,BRK0004,BROKER,2023-03-04,2024-03-03,EX,13640.78,0.12,ANNUAL,2023,POLARIS
ALB-HOM-0002249,P0002769,HOM,Home Buildings & Contents,BRK0031,DIRECT,2022-06-12,2023-06-12,IF,474.43,0.12,MONTHLY_DD,2022,POLARIS
ALB-CPM-0002250,P0001388,CPM,Commercial Property,BRK0025,DIRECT,2026-03-19,2027-03-19,RN,2338.33,0.12,MONTHLY_DD,2026,POLARIS
ALB-CPM-0002251,P0002154,CPM,Commercial Property,BRK0002,BROKER,2025-11-22,2026-11-22,LP,8876.87,0.12,ANNUAL,2025,POLARIS
ALB-MOT-0002252,P0002158,MOT,Private Motor,BRK0009,AGGREGATOR,2023-05-03,2024-05-02,CN,4002.57,0.12,PREMIUM_FINANCE,2023,POLARIS
ALB-CLB-0002253,P0000272,CLB,Commercial Liability,BRK0059,BROKER,2020-01-18,2021-01-17,LP,13891.81,0.12,PREMIUM_FINANCE,2020,LEGACY_PAS
ALB-MOT-0002254,P0000789,MOT,Private Motor,,AGGREGATOR,2024-02-07,2025-02-06,RN,3376.93,0.12,MONTHLY_DD,2024,POLARIS
ALB-HOM-0002255,P0002713,HOM,Home Buildings & Contents,,AGGREGATOR,2023-04-11,2024-04-10,EX,2085.34,0.12,ANNUAL,2023,LEGACY_PAS
ALB-CLB-0002256,P0000466,CLB,Commercial Liability,BRK0026,BROKER,2021-10-19,2022-10-19,EX,7677.77,0.12,ANNUAL,2021,LEGACY_PAS
ALB-CPM-0002257,P0000515,CPM,Commercial Property,BRK0018,BROKER,2021-11-13,2022-11-13,RN,12804.62,0.12,MONTHLY_DD,2021,POLARIS
ALB-CLB-0002258,P0002064,CLB,Commercial Liability,BRK0048,DIRECT,2024-12-11,2025-12-11,RN,3932.12,0.12,MONTHLY_DD,2024,LEGACY_PAS
ALB-CLB-0002259,P0001798,CLB,Commercial Liability,BRK0038,BROKER,2021-07-20,2022-07-20,IF,13807.86,0.12,PREMIUM_FINANCE,2021,LEGACY_PAS
ALB-CPM-0002260,P0000267,CPM,Commercial Property,BRK0040,DIRECT,2023-09-25,2024-09-24,RN,10120.49,0.12,ANNUAL,2023,LEGACY_PAS
ALB-MOT-0002261,P0000953,MOT,Private Motor,BRK0027,BROKER,2024-07-25,2025-07-25,IF,3271.74,0.12,ANNUAL,2024,POLARIS
ALB-TRV-0002262,P0001036,TRV,Annual Travel,,DIRECT,2026-12-22,2027-12-22,CN,3104.6,0.12,ANNUAL,2026,POLARIS
ALB-MOT-0002263,P0000314,MOT,Private Motor,BRK0029,BROKER,2026-05-12,2027-05-12,RN,2953.84,0.12,MONTHLY_DD,2026,POLARIS
ALB-TRV-0002264,P0001930,TRV,Annual Travel,BRK0040,DIRECT,2021-08-25,2022-08-25,EX,1466.09,0.12,ANNUAL,2021,LEGACY_PAS
ALB-TRV-0002265,P0000267,TRV,Annual Travel,,BROKER,2026-01-17,2027-01-17,IF,318.2,0.12,MONTHLY_DD,2026,POLARIS
ALB-PET-0002266,P0003119,PET,Pet,,DIRECT,2022-09-01,2023-09-01,CN,1134.95,0.12,PREMIUM_FINANCE,2022,POLARIS
ALB-TRV-0002267,P0001645,TRV,Annual Travel,BRK0059,AGGREGATOR,2020-01-06,2021-01-05,RN,319.9,0.12,ANNUAL,2020,POLARIS
ALB-CLB-0002268,P0000242,CLB,Commercial Liability,,AGGREGATOR,2025-06-04,2026-06-04,RN,4205.92,0.12,PREMIUM_FINANCE,2025,POLARIS
ALB-PET-0002269,P0002001,PET,Pet,BRK0001,BROKER,2021-09-02,2022-09-02,IF,3951.26,0.12,MONTHLY_DD,2021,POLARIS
ALB-PET-0002270,P0000083,PET,Pet,,BROKER,2023-05-13,2024-05-12,RN,3688.49,0.12,MONTHLY_DD,2023,LEGACY_PAS
ALB-TRV-0002271,P0000636,TRV,Annual Travel,,BROKER,2020-09-18,2021-09-18,CN,188.77,0.12,MONTHLY_DD,2020,LEGACY_PAS
ALB-TRV-0002272,P0002567,TRV,Annual Travel,BRK0047,DIRECT,2018-09-29,2019-09-29,CN,1826.02,0.12,MONTHLY_DD,2018,POLARIS
ALB-CLB-0002273,P0000601,CLB,Commercial Liability,,DIRECT,2021-12-16,2022-12-16,RN,7502.67,0.12,ANNUAL,2021,POLARIS
ALB-HOM-0002274,P0000774,HOM,Home Buildings & Contents,,AGGREGATOR,2026-10-07,2027-10-07,CN,2932.75,0.12,ANNUAL,2026,LEGACY_PAS
ALB-HOM-0002275,P0002461,HOM,Home Buildings & Contents,BRK0044,BROKER,2025-08-12,2026-08-12,LP,1674.74,0.12,ANNUAL,2025,LEGACY_PAS
ALB-CLB-0002276,P0000697,CLB,Commercial Liability,,AGGREGATOR,2019-01-22,2020-01-22,IF,14605.18,0.12,PREMIUM_FINANCE,2019,POLARIS
ALB-TRV-0002277,P0001881,TRV,Annual Travel,,BROKER,2018-10-23,2019-10-23,RN,2145.06,0.12,MONTHLY_DD,2018,POLARIS
ALB-HOM-0002278,P0001024,HOM,Home Buildings & Contents,BRK0043,BROKER,2019-06-25,2020-06-24,IF,3948.27,0.12,MONTHLY_DD,2019,POLARIS
ALB-CLB-0002279,P0000350,CLB,Commercial Liability,,BROKER,2023-05-10,2024-05-09,LP,7902.58,0.12,ANNUAL,2023,POLARIS
ALB-TRV-0002280,P0000656,TRV,Annual Travel,BRK0002,BROKER,2022-08-28,2023-08-28,IF,1915.8,0.12,ANNUAL,2022,POLARIS
ALB-TRV-0002281,P0000495,TRV,Annual Travel,BRK0019,BROKER,2020-06-14,2021-06-14,EX,401.18,0.12,PREMIUM_FINANCE,2020,POLARIS
ALB-MOT-0002282,P0000493,MOT,Private Motor,,BROKER,2020-12-15,2021-12-15,EX,4124.02,0.12,ANNUAL,2020,POLARIS
ALB-HOM-0002283,P0002062,HOM,Home Buildings & Contents,,DIRECT,2018-01-27,2019-01-27,IF,2482.24,0.12,MONTHLY_DD,2018,POLARIS
ALB-TRV-0002284,P0000510,TRV,Annual Travel,BRK0016,DIRECT,2019-02-01,2020-02-01,EX,1415.19,0.12,ANNUAL,2019,POLARIS
ALB-CPM-0002285,P0003054,CPM,Commercial Property,,AGGREGATOR,2025-07-01,2026-07-01,RN,12025.39,0.12,ANNUAL,2025,POLARIS
ALB-CLB-0002286,P0003084,CLB,Commercial Liability,BRK0002,DIRECT,2020-09-25,2021-09-25,LP,14345.27,0.12,MONTHLY_DD,2020,POLARIS
ALB-HOM-0002287,P0001222,HOM,Home Buildings & Contents,BRK0013,AGGREGATOR,2021-12-21,2022-12-21,LP,446.75,0.12,ANNUAL,2021,POLARIS
ALB-CLB-0002288,P0000374,CLB,Commercial Liability,,BROKER,2019-10-06,2020-10-05,IF,5894.22,0.12,ANNUAL,2019,POLARIS
ALB-HOM-0002289,P0002536,HOM,Home Buildings & Contents,BRK0001,DIRECT,2018-01-06,2019-01-06,EX,2210.56,0.12,MONTHLY_DD,2018,LEGACY_PAS
ALB-MOT-0002290,P0002142,MOT,Private Motor,BRK0045,AGGREGATOR,2021-06-18,2022-06-18,CN,3211.82,0.12,PREMIUM_FINANCE,2021,POLARIS
ALB-TRV-0002291,P0000535,TRV,Annual Travel,,BROKER,2019-05-18,2020-05-17,IF,2875.27,0.12,ANNUAL,2019,LEGACY_PAS
ALB-CLB-0002292,P0000561,CLB,Commercial Liability,BRK0027,AGGREGATOR,2024-05-29,2025-05-29,CN,6115.62,0.12,MONTHLY_DD,2024,POLARIS
ALB-HOM-0002293,P0000104,HOM,Home Buildings & Contents,BRK0015,DIRECT,2021-03-10,2022-03-10,RN,961.42,0.12,PREMIUM_FINANCE,2021,POLARIS
ALB-CPM-0002294,P0001245,CPM,Commercial Property,BRK0035,BROKER,2020-08-22,2021-08-22,IF,6844.67,0.12,ANNUAL,2020,LEGACY_PAS
ALB-TRV-0002295,P0000342,TRV,Annual Travel,BRK0037,DIRECT,2022-12-18,2023-12-18,IF,1524.12,0.12,ANNUAL,2022,POLARIS
ALB-PET-0002296,P0002922,PET,Pet,BRK0035,AGGREGATOR,2026-09-27,2027-09-27,IF,1733.3,0.12,ANNUAL,2026,LEGACY_PAS
ALB-CPM-0002297,P0002439,CPM,Commercial Property,,DIRECT,2022-09-19,2023-09-19,IF,9304.68,0.12,ANNUAL,2022,POLARIS
ALB-MOT-0002298,P0000804,MOT,Private Motor,,DIRECT,2024-09-19,2025-09-19,IF,813.05,0.12,ANNUAL,2024,POLARIS
ALB-HOM-0002299,P0001423,HOM,Home Buildings & Contents,BRK0005,DIRECT,2018-10-15,2019-10-15,RN,1013.58,0.12,PREMIUM_FINANCE,2018,LEGACY_PAS
ALB-CLB-0002300,P0000977,CLB,Commercial Liability,,BROKER,2020-04-22,2021-04-22,LP,3201.49,0.12,MONTHLY_DD,2020,POLARIS
ALB-CPM-0002301,P0002398,CPM,Commercial Property,BRK0053,BROKER,2024-10-23,2025-10-23,LP,6237.44,0.12,ANNUAL,2024,POLARIS
ALB-CPM-0002302,P0001589,CPM,Commercial Property,BRK0035,DIRECT,2022-12-31,2023-12-31,CN,12433.35,0.12,MONTHLY_DD,2022,POLARIS
ALB-PET-0002303,P0002188,PET,Pet,BRK0006,DIRECT,2018-06-02,2019-06-02,RN,3367.6,0.12,PREMIUM_FINANCE,2018,LEGACY_PAS
ALB-PET-0002304,P0002249,PET,Pet,BRK0049,AGGREGATOR,2025-01-15,2026-01-15,IF,1032.97,0.12,MONTHLY_DD,2025,LEGACY_PAS
ALB-TRV-0002305,P0002898,TRV,Annual Travel,BRK0006,AGGREGATOR,2021-10-23,2022-10-23,LP,3459.78,0.12,MONTHLY_DD,2021,LEGACY_PAS
ALB-CLB-0002306,P0000623,CLB,Commercial Liability,BRK0059,DIRECT,2019-06-30,2020-06-29,EX,9469.04,0.12,ANNUAL,2019,POLARIS
ALB-HOM-0002307,P0002669,HOM,Home Buildings & Contents,,DIRECT,2018-05-23,2019-05-23,EX,3717.71,0.12,MONTHLY_DD,2018,POLARIS
ALB-CLB-0002308,P0002150,CLB,Commercial Liability,BRK0015,BROKER,2026-09-21,2027-09-21,RN,8425.14,0.12,MONTHLY_DD,2026,LEGACY_PAS
ALB-HOM-0002309,P0002232,HOM,Home Buildings & Contents,BRK0045,BROKER,2018-05-11,2019-05-11,IF,2065.16,0.12,PREMIUM_FINANCE,2018,POLARIS
ALB-PET-0002310,P0002671,PET,Pet,BRK0001,AGGREGATOR,2026-03-08,2027-03-08,IF,458.8,0.12,ANNUAL,2026,LEGACY_PAS
ALB-MOT-0002311,P0002970,MOT,Private Motor,BRK0027,DIRECT,2022-12-27,2023-12-27,IF,1730.55,0.12,MONTHLY_DD,2022,POLARIS
ALB-PET-0002312,P0000513,PET,Pet,BRK0049,AGGREGATOR,2021-02-14,2022-02-14,RN,227.23,0.12,MONTHLY_DD,2021,POLARIS
ALB-MOT-0002313,P0001858,MOT,Private Motor,,BROKER,2022-11-04,2023-11-04,IF,2555.22,0.12,MONTHLY_DD,2022,POLARIS
ALB-PET-0002314,P0001494,PET,Pet,,BROKER,2025-10-04,2026-10-04,RN,3981.55,0.12,MONTHLY_DD,2025,POLARIS
ALB-MOT-0002315,P0000667,MOT,Private Motor,BRK0021,BROKER,2018-05-29,2019-05-29,EX,1865.9,0.12,ANNUAL,2018,LEGACY_PAS
ALB-MOT-0002316,P0001033,MOT,Private Motor,,DIRECT,2023-05-29,2024-05-28,CN,1298.15,0.12,MONTHLY_DD,2023,POLARIS
ALB-TRV-0002317,P0002711,TRV,Annual Travel,,BROKER,2018-02-09,2019-02-09,RN,3814.2,0.12,ANNUAL,2018,POLARIS
ALB-PET-0002318,P0000722,PET,Pet,BRK0009,BROKER,2019-11-16,2020-11-15,IF,1384.68,0.12,ANNUAL,2019,POLARIS
ALB-CLB-0002319,P0000398,CLB,Commercial Liability,BRK0005,DIRECT,2023-04-16,2024-04-15,IF,6209.18,0.12,PREMIUM_FINANCE,2023,POLARIS
ALB-CPM-0002320,P0002139,CPM,Commercial Property,,AGGREGATOR,2020-09-21,2021-09-21,RN,8849.1,0.12,ANNUAL,2020,POLARIS
ALB-CLB-0002321,P0001135,CLB,Commercial Liability,,BROKER,2021-09-26,2022-09-26,EX,7653.36,0.12,MONTHLY_DD,2021,POLARIS
ALB-CPM-0002322,P0000894,CPM,Commercial Property,BRK0034,BROKER,2020-12-12,2021-12-12,LP,12851.54,0.12,ANNUAL,2020,LEGACY_PAS
ALB-MOT-0002323,P0003012,MOT,Private Motor,,BROKER,2024-05-13,2025-05-13,IF,638.04,0.12,ANNUAL,2024,POLARIS
ALB-CPM-0002324,P0000418,CPM,Commercial Property,BRK0054,BROKER,2021-09-08,2022-09-08,IF,6459.19,0.12,ANNUAL,2021,POLARIS
ALB-CLB-0002325,P0003065,CLB,Commercial Liability,,AGGREGATOR,2024-05-09,2025-05-09,LP,11174.43,0.12,MONTHLY_DD,2024,POLARIS
ALB-HOM-0002326,P0000961,HOM,Home Buildings & Contents,BRK0043,DIRECT,2020-03-16,2021-03-16,IF,2911.7,0.12,ANNUAL,2020,POLARIS
ALB-CPM-0002327,P0001337,CPM,Commercial Property,BRK0034,DIRECT,2019-10-24,2020-10-23,RN,12325.83,0.12,ANNUAL,2019,LEGACY_PAS
ALB-PET-0002328,P0000278,PET,Pet,,BROKER,2023-10-21,2024-10-20,RN,1480.34,0.12,ANNUAL,2023,POLARIS
ALB-PET-0002329,P0001653,PET,Pet,BRK0004,BROKER,2019-07-01,2020-06-30,CN,3711.92,0.12,ANNUAL,2019,POLARIS
ALB-PET-0002330,P0000157,PET,Pet,BRK0059,DIRECT,2023-11-17,2024-11-16,RN,1360.79,0.12,PREMIUM_FINANCE,2023,LEGACY_PAS
ALB-CPM-0002331,P0002216,CPM,Commercial Property,,BROKER,2019-03-22,2020-03-21,RN,9360.92,0.12,MONTHLY_DD,2019,POLARIS
ALB-TRV-0002332,P0002698,TRV,Annual Travel,BRK0002,AGGREGATOR,2023-06-25,2024-06-24,CN,2480.56,0.12,MONTHLY_DD,2023,LEGACY_PAS
ALB-HOM-0002333,P0000465,HOM,Home Buildings & Contents,,AGGREGATOR,2018-02-06,2019-02-06,IF,2003.83,0.12,MONTHLY_DD,2018,POLARIS
ALB-CLB-0002334,P0000402,CLB,Commercial Liability,,BROKER,2023-07-13,2024-07-12,RN,7213.97,0.12,PREMIUM_FINANCE,2023,POLARIS
ALB-MOT-0002335,P0000887,MOT,Private Motor,BRK0005,AGGREGATOR,2018-03-25,2019-03-25,RN,3121.39,0.12,PREMIUM_FINANCE,2018,POLARIS
ALB-PET-0002336,P0000746,PET,Pet,,BROKER,2022-02-14,2023-02-14,RN,1314.88,0.12,ANNUAL,2022,POLARIS
ALB-HOM-0002337,P0000479,HOM,Home Buildings & Contents,,DIRECT,2025-10-28,2026-10-28,RN,1894.79,0.12,MONTHLY_DD,2025,POLARIS
ALB-TRV-0002338,P0000124,TRV,Annual Travel,,DIRECT,2018-03-01,2019-03-01,RN,1420.2,0.12,PREMIUM_FINANCE,2018,POLARIS
ALB-PET-0002339,P0003148,PET,Pet,,AGGREGATOR,2018-12-30,2019-12-30,EX,2420.88,0.12,MONTHLY_DD,2018,POLARIS
ALB-CLB-0002340,P0000855,CLB,Commercial Liability,,DIRECT,2022-05-17,2023-05-17,RN,7785.56,0.12,PREMIUM_FINANCE,2022,POLARIS
ALB-PET-0002341,P0002990,PET,Pet,,DIRECT,2018-02-08,2019-02-08,IF,1361.49,0.12,PREMIUM_FINANCE,2018,POLARIS
ALB-MOT-0002342,P0000869,MOT,Private Motor,BRK0040,DIRECT,2025-09-15,2026-09-15,RN,3271.02,0.12,MONTHLY_DD,2025,POLARIS
ALB-TRV-0002343,P0001451,TRV,Annual Travel,,AGGREGATOR,2022-01-04,2023-01-04,IF,1082.01,0.12,PREMIUM_FINANCE,2022,POLARIS
ALB-PET-0002344,P0001863,PET,Pet,,DIRECT,2025-06-12,2026-06-12,CN,3579.27,0.12,ANNUAL,2025,LEGACY_PAS
ALB-CPM-0002345,P0002431,CPM,Commercial Property,BRK0046,AGGREGATOR,2018-11-17,2019-11-17,IF,8371.66,0.12,MONTHLY_DD,2018,POLARIS
ALB-TRV-0002346,P0000570,TRV,Annual Travel,BRK0009,AGGREGATOR,2020-08-19,2021-08-19,RN,3632.8,0.12,ANNUAL,2020,LEGACY_PAS
ALB-TRV-0002347,P0002163,TRV,Annual Travel,BRK0005,BROKER,2019-04-03,2020-04-02,EX,2060.62,0.12,PREMIUM_FINANCE,2019,LEGACY_PAS
ALB-CPM-0002348,P0001390,CPM,Commercial Property,BRK0023,BROKER,2019-03-01,2020-02-29,CN,7762.1,0.12,MONTHLY_DD,2019,POLARIS
ALB-PET-0002349,P0000770,PET,Pet,BRK0012,BROKER,2023-02-02,2024-02-02,EX,2331.46,0.12,ANNUAL,2023,LEGACY_PAS
ALB-CLB-0002350,P0000820,CLB,Commercial Liability,,BROKER,2026-09-28,2027-09-28,RN,7291.31,0.12,PREMIUM_FINANCE,2026,POLARIS
ALB-PET-0002351,P0000248,PET,Pet,BRK0015,BROKER,2023-02-18,2024-02-18,RN,2140.32,0.12,ANNUAL,2023,POLARIS
ALB-CPM-0002352,P0002912,CPM,Commercial Property,BRK0023,BROKER,2018-12-12,2019-12-12,IF,10178.19,0.12,ANNUAL,2018,POLARIS
ALB-MOT-0002353,P0000970,MOT,Private Motor,BRK0035,DIRECT,2020-01-06,2021-01-05,LP,3662.85,0.12,MONTHLY_DD,2020,POLARIS
ALB-HOM-0002354,P0000773,HOM,Home Buildings & Contents,,BROKER,2018-07-26,2019-07-26,IF,3530.67,0.12,PREMIUM_FINANCE,2018,POLARIS
ALB-PET-0002355,P0000040,PET,Pet,BRK0021,BROKER,2019-10-04,2020-10-03,RN,4124.67,0.12,ANNUAL,2019,POLARIS
ALB-PET-0002356,P0000565,PET,Pet,BRK0004,AGGREGATOR,2021-10-09,2022-10-09,IF,2653.87,0.12,MONTHLY_DD,2021,LEGACY_PAS
ALB-CPM-0002357,P0002824,CPM,Commercial Property,BRK0057,DIRECT,2025-08-16,2026-08-16,CN,6858.94,0.12,ANNUAL,2025,POLARIS
ALB-CLB-0002358,P0001134,CLB,Commercial Liability,BRK0008,DIRECT,2022-03-17,2023-03-17,IF,2023.2,0.12,PREMIUM_FINANCE,2022,POLARIS
ALB-TRV-0002359,P0002005,TRV,Annual Travel,,BROKER,2025-04-28,2026-04-28,IF,2268.93,0.12,MONTHLY_DD,2025,LEGACY_PAS
ALB-CPM-0002360,P0001926,CPM,Commercial Property,,BROKER,2026-07-23,2027-07-23,IF,810.9,0.12,MONTHLY_DD,2026,POLARIS
ALB-PET-0002361,P0000787,PET,Pet,BRK0032,BROKER,2024-03-28,2025-03-28,IF,2472.52,0.12,MONTHLY_DD,2024,POLARIS
ALB-TRV-0002362,P0000489,TRV,Annual Travel,BRK0029,AGGREGATOR,2021-12-13,2022-12-13,IF,2053.69,0.12,ANNUAL,2021,POLARIS
ALB-CLB-0002363,P0001713,CLB,Commercial Liability,BRK0013,BROKER,2025-10-14,2026-10-14,CN,7877.84,0.12,ANNUAL,2025,POLARIS
ALB-CLB-0002364,P0002495,CLB,Commercial Liability,BRK0014,DIRECT,2022-09-06,2023-09-06,RN,2258.5,0.12,PREMIUM_FINANCE,2022,POLARIS
ALB-CLB-0002365,P0000500,CLB,Commercial Liability,BRK0026,BROKER,2024-09-05,2025-09-05,RN,1439.9,0.12,MONTHLY_DD,2024,POLARIS
ALB-MOT-0002366,P0001184,MOT,Private Motor,,BROKER,2024-04-07,2025-04-07,RN,2192.62,0.12,MONTHLY_DD,2024,POLARIS
ALB-HOM-0002367,P0002349,HOM,Home Buildings & Contents,,DIRECT,2018-04-21,2019-04-21,IF,549.32,0.12,ANNUAL,2018,POLARIS
ALB-TRV-0002368,P0003155,TRV,Annual Travel,BRK0052,DIRECT,2018-03-12,2019-03-12,LP,1325.7,0.12,MONTHLY_DD,2018,LEGACY_PAS
ALB-HOM-0002369,P0001249,HOM,Home Buildings & Contents,BRK0051,AGGREGATOR,2019-07-23,2020-07-22,IF,1652.32,0.12,PREMIUM_FINANCE,2019,LEGACY_PAS
ALB-TRV-0002370,P0002919,TRV,Annual Travel,BRK0053,BROKER,2022-09-20,2023-09-20,CN,753.38,0.12,ANNUAL,2022,LEGACY_PAS
ALB-PET-0002371,P0001939,PET,Pet,,BROKER,2020-05-08,2021-05-08,LP,3353.31,0.12,ANNUAL,2020,POLARIS
ALB-HOM-0002372,P0001282,HOM,Home Buildings & Contents,BRK0059,BROKER,2026-11-06,2027-11-06,CN,1101.12,0.12,PREMIUM_FINANCE,2026,POLARIS
ALB-MOT-0002373,P0002355,MOT,Private Motor,BRK0009,DIRECT,2023-04-16,2024-04-15,RN,1282.06,0.12,MONTHLY_DD,2023,POLARIS
ALB-HOM-0002374,P0000011,HOM,Home Buildings & Contents,BRK0010,BROKER,2026-06-15,2027-06-15,EX,3941.96,0.12,MONTHLY_DD,2026,LEGACY_PAS
ALB-CLB-0002375,P0000034,CLB,Commercial Liability,,DIRECT,2020-07-29,2021-07-29,IF,12093.83,0.12,PREMIUM_FINANCE,2020,POLARIS
ALB-MOT-0002376,P0001942,MOT,Private Motor,BRK0004,DIRECT,2025-08-09,2026-08-09,IF,2893.84,0.12,ANNUAL,2025,POLARIS
ALB-MOT-0002377,P0003117,MOT,Private Motor,BRK0002,AGGREGATOR,2018-05-05,2019-05-05,LP,2287.47,0.12,ANNUAL,2018,POLARIS
ALB-CLB-0002378,P0002697,CLB,Commercial Liability,BRK0058,BROKER,2023-07-24,2024-07-23,RN,9673.68,0.12,MONTHLY_DD,2023,POLARIS
ALB-TRV-0002379,P0002621,TRV,Annual Travel,BRK0008,BROKER,2023-04-12,2024-04-11,IF,1800.49,0.12,ANNUAL,2023,LEGACY_PAS
ALB-TRV-0002380,P0002707,TRV,Annual Travel,,BROKER,2019-10-20,2020-10-19,EX,2249.56,0.12,MONTHLY_DD,2019,LEGACY_PAS
ALB-TRV-0002381,P0000916,TRV,Annual Travel,BRK0054,BROKER,2024-10-01,2025-10-01,IF,4062.84,0.12,ANNUAL,2024,LEGACY_PAS
ALB-CLB-0002382,P0003107,CLB,Commercial Liability,BRK0006,DIRECT,2024-01-02,2025-01-01,IF,13052.54,0.12,MONTHLY_DD,2024,POLARIS
ALB-PET-0002383,P0001944,PET,Pet,BRK0021,DIRECT,2021-07-31,2022-07-31,IF,706.35,0.12,MONTHLY_DD,2021,POLARIS
ALB-PET-0002384,P0000099,PET,Pet,BRK0055,BROKER,2019-03-31,2020-03-30,EX,876.6,0.12,ANNUAL,2019,POLARIS
ALB-MOT-0002385,P0000323,MOT,Private Motor,BRK0004,BROKER,2022-05-26,2023-05-26,EX,686.12,0.12,MONTHLY_DD,2022,POLARIS
ALB-MOT-0002386,P0002954,MOT,Private Motor,,BROKER,2025-07-08,2026-07-08,IF,2980.48,0.12,ANNUAL,2025,POLARIS
ALB-TRV-0002387,P0000999,TRV,Annual Travel,BRK0039,BROKER,2025-12-26,2026-12-26,IF,483.04,0.12,MONTHLY_DD,2025,POLARIS
ALB-MOT-0002388,P0002461,MOT,Private Motor,BRK0023,BROKER,2018-11-05,2019-11-05,IF,514.91,0.12,ANNUAL,2018,POLARIS
ALB-PET-0002389,P0001063,PET,Pet,BRK0036,BROKER,2023-10-15,2024-10-14,RN,271.84,0.12,PREMIUM_FINANCE,2023,POLARIS
ALB-TRV-0002390,P0001097,TRV,Annual Travel,,DIRECT,2021-04-06,2022-04-06,RN,3834.31,0.12,MONTHLY_DD,2021,POLARIS
ALB-PET-0002391,P0002155,PET,Pet,BRK0013,BROKER,2020-04-10,2021-04-10,IF,2123.69,0.12,ANNUAL,2020,POLARIS
ALB-CLB-0002392,P0000619,CLB,Commercial Liability,BRK0027,AGGREGATOR,2018-07-25,2019-07-25,LP,7131.38,0.12,MONTHLY_DD,2018,POLARIS
ALB-CLB-0002393,P0002184,CLB,Commercial Liability,BRK0046,DIRECT,2022-02-06,2023-02-06,CN,11518.68,0.12,PREMIUM_FINANCE,2022,POLARIS
ALB-HOM-0002394,P0001514,HOM,Home Buildings & Contents,BRK0044,DIRECT,2024-09-29,2025-09-29,IF,1747.51,0.12,ANNUAL,2024,POLARIS
ALB-CLB-0002395,P0000835,CLB,Commercial Liability,,BROKER,2021-04-11,2022-04-11,RN,8932.17,0.12,ANNUAL,2021,POLARIS
ALB-CPM-0002396,P0003144,CPM,Commercial Property,,BROKER,2026-09-10,2027-09-10,IF,3748.49,0.12,MONTHLY_DD,2026,POLARIS
ALB-MOT-0002397,P0000457,MOT,Private Motor,,AGGREGATOR,2022-02-26,2023-02-26,EX,1535.9,0.12,MONTHLY_DD,2022,POLARIS
ALB-HOM-0002398,P0002440,HOM,Home Buildings & Contents,BRK0025,AGGREGATOR,2025-02-21,2026-02-21,RN,3334.66,0.12,ANNUAL,2025,LEGACY_PAS
ALB-CLB-0002399,P0001656,CLB,Commercial Liability,BRK0022,DIRECT,2024-01-10,2025-01-09,EX,11738.72,0.12,MONTHLY_DD,2024,POLARIS
ALB-MOT-0002400,P0000510,MOT,Private Motor,BRK0023,BROKER,2023-03-17,2024-03-16,IF,2241.52,0.12,ANNUAL,2023,POLARIS
ALB-HOM-0002401,P0001952,HOM,Home Buildings & Contents,BRK0019,DIRECT,2019-07-01,2020-06-30,IF,1230.97,0.12,ANNUAL,2019,POLARIS
ALB-TRV-0002402,P0001827,TRV,Annual Travel,,DIRECT,2022-01-07,2023-01-07,EX,2485.91,0.12,ANNUAL,2022,POLARIS
ALB-PET-0002403,P0000847,PET,Pet,BRK0055,BROKER,2020-07-23,2021-07-23,LP,2966.53,0.12,MONTHLY_DD,2020,LEGACY_PAS
ALB-TRV-0002404,P0000950,TRV,Annual Travel,,BROKER,2025-12-02,2026-12-02,LP,1726.88,0.12,PREMIUM_FINANCE,2025,POLARIS
ALB-MOT-0002405,P0000745,MOT,Private Motor,BRK0050,BROKER,2020-12-04,2021-12-04,EX,4139.21,0.12,PREMIUM_FINANCE,2020,POLARIS
ALB-MOT-0002406,P0001035,MOT,Private Motor,BRK0051,AGGREGATOR,2020-10-31,2021-10-31,RN,3858.4,0.12,MONTHLY_DD,2020,POLARIS
ALB-CLB-0002407,P0000349,CLB,Commercial Liability,BRK0043,BROKER,2024-10-09,2025-10-09,EX,13741.25,0.12,ANNUAL,2024,LEGACY_PAS
ALB-CPM-0002408,P0000727,CPM,Commercial Property,,BROKER,2019-07-31,2020-07-30,RN,8440.82,0.12,ANNUAL,2019,POLARIS
ALB-CLB-0002409,P0003163,CLB,Commercial Liability,,AGGREGATOR,2020-12-26,2021-12-26,IF,7237.06,0.12,MONTHLY_DD,2020,POLARIS
ALB-MOT-0002410,P0002991,MOT,Private Motor,BRK0043,AGGREGATOR,2019-09-11,2020-09-10,RN,2044.45,0.12,MONTHLY_DD,2019,POLARIS
ALB-MOT-0002411,P0002770,MOT,Private Motor,,BROKER,2020-12-18,2021-12-18,EX,1098.62,0.12,MONTHLY_DD,2020,POLARIS
ALB-PET-0002412,P0002146,PET,Pet,BRK0058,BROKER,2018-11-30,2019-11-30,IF,465.07,0.12,MONTHLY_DD,2018,POLARIS
ALB-TRV-0002413,P0002023,TRV,Annual Travel,BRK0016,BROKER,2020-07-31,2021-07-31,EX,2368.96,0.12,MONTHLY_DD,2020,LEGACY_PAS
ALB-TRV-0002414,P0001902,TRV,Annual Travel,,DIRECT,2019-05-15,2020-05-14,IF,1555.9,0.12,MONTHLY_DD,2019,POLARIS
ALB-CPM-0002415,P0000782,CPM,Commercial Property,BRK0004,BROKER,2021-05-27,2022-05-27,IF,7937.47,0.12,ANNUAL,2021,POLARIS
ALB-CLB-0002416,P0000086,CLB,Commercial Liability,BRK0045,DIRECT,2023-05-15,2024-05-14,IF,6432.17,0.12,MONTHLY_DD,2023,POLARIS
ALB-PET-0002417,P0001562,PET,Pet,BRK0014,BROKER,2021-12-18,2022-12-18,IF,2257.91,0.12,PREMIUM_FINANCE,2021,LEGACY_PAS
ALB-TRV-0002418,P0001236,TRV,Annual Travel,BRK0029,BROKER,2022-06-27,2023-06-27,IF,956.29,0.12,MONTHLY_DD,2022,POLARIS
ALB-TRV-0002419,P0002368,TRV,Annual Travel,BRK0031,DIRECT,2020-12-16,2021-12-16,IF,3813.07,0.12,ANNUAL,2020,LEGACY_PAS
ALB-CPM-0002420,P0002330,CPM,Commercial Property,BRK0040,DIRECT,2024-03-11,2025-03-11,IF,7068.08,0.12,MONTHLY_DD,2024,POLARIS
ALB-MOT-0002421,P0001493,MOT,Private Motor,BRK0054,BROKER,2019-09-25,2020-09-24,IF,2665.01,0.12,ANNUAL,2019,LEGACY_PAS
ALB-CLB-0002422,P0002043,CLB,Commercial Liability,,BROKER,2018-08-19,2019-08-19,IF,7308.12,0.12,PREMIUM_FINANCE,2018,POLARIS
ALB-CLB-0002423,P0000544,CLB,Commercial Liability,BRK0018,BROKER,2023-10-27,2024-10-26,IF,8534.48,0.12,PREMIUM_FINANCE,2023,POLARIS
ALB-CPM-0002424,P0000804,CPM,Commercial Property,BRK0004,BROKER,2022-09-12,2023-09-12,IF,1911.11,0.12,ANNUAL,2022,LEGACY_PAS
ALB-CLB-0002425,P0002763,CLB,Commercial Liability,BRK0003,AGGREGATOR,2019-07-20,2020-07-19,EX,6946.6,0.12,ANNUAL,2019,LEGACY_PAS
ALB-CPM-0002426,P0002085,CPM,Commercial Property,,BROKER,2022-07-29,2023-07-29,IF,8478.48,0.12,MONTHLY_DD,2022,POLARIS
ALB-PET-0002427,P0002231,PET,Pet,BRK0025,DIRECT,2019-03-10,2020-03-09,CN,1231.49,0.12,MONTHLY_DD,2019,POLARIS
ALB-HOM-0002428,P0000682,HOM,Home Buildings & Contents,BRK0037,BROKER,2019-11-20,2020-11-19,LP,433.44,0.12,MONTHLY_DD,2019,POLARIS
ALB-HOM-0002429,P0001411,HOM,Home Buildings & Contents,BRK0045,BROKER,2023-12-07,2024-12-06,RN,942.32,0.12,MONTHLY_DD,2023,POLARIS
ALB-CPM-0002430,P0003133,CPM,Commercial Property,BRK0012,BROKER,2022-07-04,2023-07-04,IF,8282.7,0.12,ANNUAL,2022,LEGACY_PAS
ALB-PET-0002431,P0002644,PET,Pet,BRK0057,DIRECT,2022-08-17,2023-08-17,RN,3085.0,0.12,MONTHLY_DD,2022,POLARIS
ALB-CLB-0002432,P0002444,CLB,Commercial Liability,,DIRECT,2024-11-15,2025-11-15,IF,8149.58,0.12,MONTHLY_DD,2024,LEGACY_PAS
ALB-CLB-0002433,P0002450,CLB,Commercial Liability,,AGGREGATOR,2022-07-30,2023-07-30,IF,2642.71,0.12,ANNUAL,2022,POLARIS
ALB-PET-0002434,P0002584,PET,Pet,BRK0018,AGGREGATOR,2023-11-24,2024-11-23,RN,4161.99,0.12,PREMIUM_FINANCE,2023,POLARIS
ALB-MOT-0002435,P0000512,MOT,Private Motor,BRK0052,AGGREGATOR,2021-09-12,2022-09-12,EX,2792.3,0.12,MONTHLY_DD,2021,LEGACY_PAS
ALB-MOT-0002436,P0001247,MOT,Private Motor,,BROKER,2026-04-23,2027-04-23,IF,768.61,0.12,ANNUAL,2026,POLARIS
ALB-CLB-0002437,P0001324,CLB,Commercial Liability,,BROKER,2023-05-06,2024-05-05,CN,7991.89,0.12,ANNUAL,2023,LEGACY_PAS
ALB-TRV-0002438,P0002976,TRV,Annual Travel,BRK0029,BROKER,2020-09-27,2021-09-27,EX,2850.41,0.12,PREMIUM_FINANCE,2020,POLARIS
ALB-TRV-0002439,P0002845,TRV,Annual Travel,BRK0040,BROKER,2018-05-28,2019-05-28,IF,1651.97,0.12,MONTHLY_DD,2018,LEGACY_PAS
ALB-HOM-0002440,P0002524,HOM,Home Buildings & Contents,,DIRECT,2022-07-11,2023-07-11,EX,558.51,0.12,PREMIUM_FINANCE,2022,POLARIS
ALB-TRV-0002441,P0001335,TRV,Annual Travel,BRK0016,DIRECT,2025-11-19,2026-11-19,IF,1692.64,0.12,ANNUAL,2025,LEGACY_PAS
ALB-TRV-0002442,P0001767,TRV,Annual Travel,BRK0017,DIRECT,2025-10-10,2026-10-10,EX,1787.11,0.12,PREMIUM_FINANCE,2025,POLARIS
ALB-CLB-0002443,P0002306,CLB,Commercial Liability,,BROKER,2023-05-07,2024-05-06,IF,1611.11,0.12,MONTHLY_DD,2023,LEGACY_PAS
ALB-HOM-0002444,P0000693,HOM,Home Buildings & Contents,BRK0043,DIRECT,2019-04-11,2020-04-10,IF,4017.14,0.12,ANNUAL,2019,POLARIS
ALB-CPM-0002445,P0000913,CPM,Commercial Property,BRK0018,AGGREGATOR,2024-05-18,2025-05-18,IF,6964.64,0.12,ANNUAL,2024,LEGACY_PAS
ALB-TRV-0002446,P0002208,TRV,Annual Travel,BRK0051,BROKER,2020-09-28,2021-09-28,IF,1934.91,0.12,MONTHLY_DD,2020,LEGACY_PAS
ALB-PET-0002447,P0000570,PET,Pet,,BROKER,2019-09-16,2020-09-15,RN,2563.79,0.12,PREMIUM_FINANCE,2019,POLARIS
ALB-CPM-0002448,P0000914,CPM,Commercial Property,BRK0025,BROKER,2018-03-12,2019-03-12,EX,6939.36,0.12,ANNUAL,2018,LEGACY_PAS
ALB-MOT-0002449,P0002557,MOT,Private Motor,BRK0012,AGGREGATOR,2019-12-16,2020-12-15,IF,3707.15,0.12,MONTHLY_DD,2019,POLARIS
ALB-CLB-0002450,P0003175,CLB,Commercial Liability,,AGGREGATOR,2026-03-08,2027-03-08,EX,930.34,0.12,MONTHLY_DD,2026,POLARIS
ALB-MOT-0002451,P0001171,MOT,Private Motor,BRK0008,BROKER,2023-02-21,2024-02-21,LP,2955.27,0.12,MONTHLY_DD,2023,POLARIS
ALB-CPM-0002452,P0000373,CPM,Commercial Property,BRK0042,AGGREGATOR,2024-08-17,2025-08-17,IF,14665.73,0.12,PREMIUM_FINANCE,2024,POLARIS
ALB-CLB-0002453,P0000333,CLB,Commercial Liability,BRK0034,DIRECT,2026-10-10,2027-10-10,LP,5365.88,0.12,MONTHLY_DD,2026,POLARIS
ALB-MOT-0002454,P0001426,MOT,Private Motor,,BROKER,2026-11-16,2027-11-16,CN,1717.85,0.12,ANNUAL,2026,POLARIS
ALB-TRV-0002455,P0000902,TRV,Annual Travel,BRK0016,BROKER,2025-11-23,2026-11-23,LP,244.74,0.12,ANNUAL,2025,POLARIS
ALB-HOM-0002456,P0001195,HOM,Home Buildings & Contents,,BROKER,2024-10-08,2025-10-08,IF,515.96,0.12,MONTHLY_DD,2024,POLARIS
ALB-HOM-0002457,P0000920,HOM,Home Buildings & Contents,BRK0053,DIRECT,2025-10-06,2026-10-06,IF,2850.01,0.12,ANNUAL,2025,LEGACY_PAS
ALB-CPM-0002458,P0000290,CPM,Commercial Property,BRK0025,BROKER,2021-06-16,2022-06-16,LP,8133.19,0.12,MONTHLY_DD,2021,LEGACY_PAS
ALB-CLB-0002459,P0001012,CLB,Commercial Liability,,AGGREGATOR,2018-08-02,2019-08-02,LP,6081.44,0.12,MONTHLY_DD,2018,POLARIS
ALB-PET-0002460,P0000832,PET,Pet,,BROKER,2022-07-31,2023-07-31,RN,338.6,0.12,ANNUAL,2022,POLARIS
ALB-CLB-0002461,P0000460,CLB,Commercial Liability,,BROKER,2023-07-13,2024-07-12,CN,7270.22,0.12,ANNUAL,2023,LEGACY_PAS
ALB-CPM-0002462,P0001779,CPM,Commercial Property,BRK0050,AGGREGATOR,2024-02-17,2025-02-16,EX,6817.87,0.12,PREMIUM_FINANCE,2024,POLARIS
ALB-TRV-0002463,P0002245,TRV,Annual Travel,,AGGREGATOR,2022-05-15,2023-05-15,RN,2952.45,0.12,ANNUAL,2022,LEGACY_PAS
ALB-HOM-0002464,P0002650,HOM,Home Buildings & Contents,,DIRECT,2019-02-23,2020-02-23,RN,4180.43,0.12,MONTHLY_DD,2019,POLARIS
ALB-CPM-0002465,P0001628,CPM,Commercial Property,,DIRECT,2023-08-31,2024-08-30,IF,12975.27,0.12,MONTHLY_DD,2023,LEGACY_PAS
ALB-PET-0002466,P0003043,PET,Pet,,AGGREGATOR,2020-09-28,2021-09-28,EX,1391.71,0.12,ANNUAL,2020,POLARIS
ALB-TRV-0002467,P0000095,TRV,Annual Travel,BRK0029,BROKER,2020-07-07,2021-07-07,EX,3443.69,0.12,ANNUAL,2020,LEGACY_PAS
ALB-CLB-0002468,P0002545,CLB,Commercial Liability,BRK0060,BROKER,2025-11-20,2026-11-20,RN,735.6,0.12,ANNUAL,2025,POLARIS
ALB-PET-0002469,P0000068,PET,Pet,BRK0047,BROKER,2025-01-11,2026-01-11,IF,2723.67,0.12,ANNUAL,2025,POLARIS
ALB-CLB-0002470,P0002310,CLB,Commercial Liability,,DIRECT,2024-12-23,2025-12-23,IF,1283.96,0.12,MONTHLY_DD,2024,POLARIS
ALB-HOM-0002471,P0001715,HOM,Home Buildings & Contents,BRK0009,AGGREGATOR,2023-01-16,2024-01-16,IF,3810.01,0.12,ANNUAL,2023,POLARIS
ALB-CLB-0002472,P0003125,CLB,Commercial Liability,,DIRECT,2021-09-27,2022-09-27,CN,1731.74,0.12,ANNUAL,2021,POLARIS
ALB-PET-0002473,P0000759,PET,Pet,,DIRECT,2026-12-01,2027-12-01,RN,1317.97,0.12,ANNUAL,2026,LEGACY_PAS
ALB-PET-0002474,P0002900,PET,Pet,BRK0021,BROKER,2024-11-22,2025-11-22,EX,2156.72,0.12,MONTHLY_DD,2024,POLARIS
ALB-TRV-0002475,P0001534,TRV,Annual Travel,BRK0051,BROKER,2020-05-15,2021-05-15,EX,622.7,0.12,MONTHLY_DD,2020,POLARIS
ALB-CPM-0002476,P0002095,CPM,Commercial Property,BRK0054,AGGREGATOR,2020-11-23,2021-11-23,LP,14124.51,0.12,ANNUAL,2020,POLARIS
ALB-HOM-0002477,P0002023,HOM,Home Buildings & Contents,BRK0034,DIRECT,2022-10-30,2023-10-30,LP,2960.85,0.12,PREMIUM_FINANCE,2022,POLARIS
ALB-CLB-0002478,P0002782,CLB,Commercial Liability,BRK0043,AGGREGATOR,2023-12-09,2024-12-08,IF,3651.09,0.12,ANNUAL,2023,LEGACY_PAS
ALB-HOM-0002479,P0001431,HOM,Home Buildings & Contents,,DIRECT,2018-06-12,2019-06-12,IF,689.52,0.12,PREMIUM_FINANCE,2018,POLARIS
ALB-HOM-0002480,P0001188,HOM,Home Buildings & Contents,BRK0031,DIRECT,2025-07-08,2026-07-08,IF,2973.94,0.12,PREMIUM_FINANCE,2025,POLARIS
ALB-TRV-0002481,P0001545,TRV,Annual Travel,BRK0043,DIRECT,2025-05-14,2026-05-14,IF,2534.46,0.12,ANNUAL,2025,POLARIS
ALB-MOT-0002482,P0001784,MOT,Private Motor,BRK0008,BROKER,2022-04-19,2023-04-19,IF,653.53,0.12,MONTHLY_DD,2022,POLARIS
ALB-CLB-0002483,P0002191,CLB,Commercial Liability,BRK0012,BROKER,2023-11-02,2024-11-01,LP,9449.14,0.12,PREMIUM_FINANCE,2023,POLARIS
ALB-PET-0002484,P0001952,PET,Pet,BRK0059,AGGREGATOR,2026-06-25,2027-06-25,EX,824.04,0.12,PREMIUM_FINANCE,2026,POLARIS
ALB-PET-0002485,P0001177,PET,Pet,BRK0049,AGGREGATOR,2021-06-30,2022-06-30,IF,546.49,0.12,ANNUAL,2021,LEGACY_PAS
ALB-TRV-0002486,P0003051,TRV,Annual Travel,BRK0001,BROKER,2018-10-03,2019-10-03,LP,3489.62,0.12,PREMIUM_FINANCE,2018,POLARIS
ALB-CLB-0002487,P0001268,CLB,Commercial Liability,BRK0008,BROKER,2025-02-11,2026-02-11,IF,13748.27,0.12,PREMIUM_FINANCE,2025,POLARIS
ALB-CPM-0002488,P0002629,CPM,Commercial Property,BRK0007,AGGREGATOR,2026-06-08,2027-06-08,IF,13496.18,0.12,MONTHLY_DD,2026,POLARIS
ALB-MOT-0002489,P0001939,MOT,Private Motor,BRK0054,BROKER,2021-05-20,2022-05-20,CN,597.83,0.12,PREMIUM_FINANCE,2021,LEGACY_PAS
ALB-TRV-0002490,P0000524,TRV,Annual Travel,,BROKER,2018-09-11,2019-09-11,RN,1710.55,0.12,MONTHLY_DD,2018,LEGACY_PAS
ALB-MOT-0002491,P0003047,MOT,Private Motor,,BROKER,2025-03-09,2026-03-09,CN,1337.53,0.12,MONTHLY_DD,2025,LEGACY_PAS
ALB-PET-0002492,P0002925,PET,Pet,BRK0057,BROKER,2021-04-20,2022-04-20,IF,3087.15,0.12,MONTHLY_DD,2021,LEGACY_PAS
ALB-PET-0002493,P0002548,PET,Pet,BRK0008,AGGREGATOR,2026-11-24,2027-11-24,IF,2331.96,0.12,PREMIUM_FINANCE,2026,POLARIS
ALB-PET-0002494,P0003124,PET,Pet,BRK0016,DIRECT,2024-09-12,2025-09-12,RN,2876.35,0.12,ANNUAL,2024,POLARIS
ALB-PET-0002495,P0002029,PET,Pet,,AGGREGATOR,2025-11-03,2026-11-03,RN,2679.81,0.12,ANNUAL,2025,POLARIS
ALB-CPM-0002496,P0002380,CPM,Commercial Property,,BROKER,2026-08-28,2027-08-28,IF,4226.89,0.12,PREMIUM_FINANCE,2026,POLARIS
ALB-CPM-0002497,P0000363,CPM,Commercial Property,BRK0029,DIRECT,2023-06-25,2024-06-24,IF,8945.95,0.12,MONTHLY_DD,2023,LEGACY_PAS
ALB-CLB-0002498,P0002512,CLB,Commercial Liability,,BROKER,2026-06-08,2027-06-08,IF,9126.1,0.12,MONTHLY_DD,2026,POLARIS
ALB-TRV-0002499,P0000132,TRV,Annual Travel,BRK0054,DIRECT,2019-07-12,2020-07-11,IF,2843.4,0.12,ANNUAL,2019,POLARIS
ALB-TRV-0002500,P0001141,TRV,Annual Travel,,BROKER,2020-02-08,2021-02-07,IF,2814.55,0.12,MONTHLY_DD,2020,LEGACY_PAS
ALB-HOM-0002501,P0001775,HOM,Home Buildings & Contents,BRK0018,BROKER,2024-11-28,2025-11-28,IF,3023.56,0.12,PREMIUM_FINANCE,2024,LEGACY_PAS
ALB-PET-0002502,P0000554,PET,Pet,BRK0038,DIRECT,2021-12-23,2022-12-23,IF,2135.33,0.12,PREMIUM_FINANCE,2021,POLARIS
ALB-CPM-0002503,P0000429,CPM,Commercial Property,,DIRECT,2021-03-14,2022-03-14,RN,12718.32,0.12,ANNUAL,2021,LEGACY_PAS
ALB-CPM-0002504,P0000859,CPM,Commercial Property,BRK0005,BROKER,2024-05-07,2025-05-07,CN,6702.8,0.12,ANNUAL,2024,POLARIS
ALB-CLB-0002505,P0002807,CLB,Commercial Liability,,BROKER,2024-06-24,2025-06-24,RN,7079.71,0.12,ANNUAL,2024,POLARIS
ALB-CPM-0002506,P0001345,CPM,Commercial Property,BRK0003,AGGREGATOR,2022-01-30,2023-01-30,EX,9312.52,0.12,PREMIUM_FINANCE,2022,POLARIS
ALB-MOT-0002507,P0001266,MOT,Private Motor,BRK0025,BROKER,2023-09-13,2024-09-12,IF,3514.2,0.12,ANNUAL,2023,LEGACY_PAS
ALB-PET-0002508,P0001012,PET,Pet,BRK0030,BROKER,2019-07-08,2020-07-07,EX,1068.55,0.12,MONTHLY_DD,2019,POLARIS
ALB-MOT-0002509,P0002693,MOT,Private Motor,BRK0018,BROKER,2021-08-26,2022-08-26,CN,905.87,0.12,PREMIUM_FINANCE,2021,POLARIS
ALB-CLB-0002510,P0000531,CLB,Commercial Liability,BRK0052,BROKER,2022-11-19,2023-11-19,IF,6287.04,0.12,MONTHLY_DD,2022,POLARIS
ALB-PET-0002511,P0002499,PET,Pet,,DIRECT,2021-11-14,2022-11-14,RN,847.75,0.12,ANNUAL,2021,LEGACY_PAS
ALB-PET-0002512,P0001452,PET,Pet,BRK0056,BROKER,2026-10-25,2027-10-25,IF,2155.36,0.12,PREMIUM_FINANCE,2026,LEGACY_PAS
ALB-TRV-0002513,P0002168,TRV,Annual Travel,BRK0037,BROKER,2020-08-27,2021-08-27,CN,198.2,0.12,ANNUAL,2020,LEGACY_PAS
ALB-TRV-0002514,P0003017,TRV,Annual Travel,,BROKER,2025-04-06,2026-04-06,IF,3877.67,0.12,MONTHLY_DD,2025,POLARIS
ALB-CPM-0002515,P0003082,CPM,Commercial Property,BRK0051,DIRECT,2019-10-22,2020-10-21,IF,13661.51,0.12,ANNUAL,2019,LEGACY_PAS
ALB-TRV-0002516,P0003186,TRV,Annual Travel,BRK0035,BROKER,2020-09-29,2021-09-29,IF,3122.73,0.12,ANNUAL,2020,LEGACY_PAS
ALB-MOT-0002517,P0001228,MOT,Private Motor,BRK0055,AGGREGATOR,2022-12-08,2023-12-08,RN,3132.87,0.12,MONTHLY_DD,2022,LEGACY_PAS
ALB-CPM-0002518,P0001702,CPM,Commercial Property,BRK0034,BROKER,2019-09-14,2020-09-13,EX,4553.97,0.12,PREMIUM_FINANCE,2019,POLARIS
ALB-TRV-0002519,P0000464,TRV,Annual Travel,,AGGREGATOR,2026-06-23,2027-06-23,RN,2909.27,0.12,MONTHLY_DD,2026,POLARIS
ALB-PET-0002520,P0002627,PET,Pet,BRK0018,BROKER,2020-02-15,2021-02-14,RN,2916.98,0.12,ANNUAL,2020,LEGACY_PAS
ALB-MOT-0002521,P0001118,MOT,Private Motor,,DIRECT,2025-10-11,2026-10-11,IF,3527.19,0.12,PREMIUM_FINANCE,2025,LEGACY_PAS
ALB-PET-0002522,P0002615,PET,Pet,BRK0024,DIRECT,2020-05-28,2021-05-28,IF,3736.81,0.12,MONTHLY_DD,2020,POLARIS
ALB-TRV-0002523,P0002275,TRV,Annual Travel,BRK0041,DIRECT,2021-10-17,2022-10-17,IF,1267.03,0.12,ANNUAL,2021,POLARIS
ALB-PET-0002524,P0001214,PET,Pet,BRK0010,BROKER,2022-03-21,2023-03-21,CN,2236.31,0.12,PREMIUM_FINANCE,2022,POLARIS
ALB-MOT-0002525,P0001966,MOT,Private Motor,,DIRECT,2018-05-25,2019-05-25,RN,754.96,0.12,MONTHLY_DD,2018,POLARIS
ALB-PET-0002526,P0000832,PET,Pet,,DIRECT,2024-05-18,2025-05-18,LP,2019.03,0.12,MONTHLY_DD,2024,POLARIS
ALB-TRV-0002527,P0001573,TRV,Annual Travel,BRK0019,BROKER,2026-09-25,2027-09-25,RN,1615.72,0.12,MONTHLY_DD,2026,POLARIS
ALB-TRV-0002528,P0001680,TRV,Annual Travel,BRK0052,AGGREGATOR,2025-02-08,2026-02-08,EX,559.29,0.12,MONTHLY_DD,2025,POLARIS
ALB-CLB-0002529,P0000429,CLB,Commercial Liability,,DIRECT,2026-02-28,2027-02-28,IF,6362.34,0.12,ANNUAL,2026,POLARIS
ALB-CLB-0002530,P0001292,CLB,Commercial Liability,,BROKER,2023-11-05,2024-11-04,LP,14608.2,0.12,ANNUAL,2023,POLARIS
ALB-HOM-0002531,P0002749,HOM,Home Buildings & Contents,,AGGREGATOR,2023-09-21,2024-09-20,IF,1975.13,0.12,PREMIUM_FINANCE,2023,POLARIS
ALB-TRV-0002532,P0001934,TRV,Annual Travel,,AGGREGATOR,2023-02-11,2024-02-11,RN,313.37,0.12,MONTHLY_DD,2023,POLARIS
ALB-TRV-0002533,P0000248,TRV,Annual Travel,BRK0006,DIRECT,2022-11-29,2023-11-29,IF,742.61,0.12,MONTHLY_DD,2022,POLARIS
ALB-HOM-0002534,P0001732,HOM,Home Buildings & Contents,BRK0057,AGGREGATOR,2022-05-05,2023-05-05,LP,748.68,0.12,PREMIUM_FINANCE,2022,POLARIS
ALB-MOT-0002535,P0000536,MOT,Private Motor,,DIRECT,2020-11-14,2021-11-14,LP,3583.16,0.12,MONTHLY_DD,2020,POLARIS
ALB-CLB-0002536,P0002675,CLB,Commercial Liability,,BROKER,2022-08-26,2023-08-26,LP,3293.16,0.12,ANNUAL,2022,POLARIS
ALB-PET-0002537,P0002364,PET,Pet,,DIRECT,2024-06-09,2025-06-09,EX,2771.16,0.12,MONTHLY_DD,2024,POLARIS
ALB-CLB-0002538,P0001357,CLB,Commercial Liability,BRK0014,BROKER,2023-08-27,2024-08-26,IF,3121.4,0.12,MONTHLY_DD,2023,POLARIS
ALB-CLB-0002539,P0000416,CLB,Commercial Liability,BRK0027,BROKER,2025-11-15,2026-11-15,LP,8311.15,0.12,ANNUAL,2025,POLARIS
ALB-MOT-0002540,P0000253,MOT,Private Motor,,BROKER,2024-02-29,2025-02-28,LP,3778.27,0.12,MONTHLY_DD,2024,POLARIS
ALB-MOT-0002541,P0000920,MOT,Private Motor,BRK0010,BROKER,2026-08-29,2027-08-29,RN,396.93,0.12,ANNUAL,2026,POLARIS
ALB-CLB-0002542,P0001705,CLB,Commercial Liability,BRK0012,DIRECT,2021-10-17,2022-10-17,RN,12603.71,0.12,PREMIUM_FINANCE,2021,POLARIS
ALB-CLB-0002543,P0000029,CLB,Commercial Liability,BRK0033,BROKER,2022-01-12,2023-01-12,IF,640.67,0.12,ANNUAL,2022,POLARIS
ALB-CPM-0002544,P0002464,CPM,Commercial Property,BRK0031,BROKER,2026-09-20,2027-09-20,IF,2848.14,0.12,PREMIUM_FINANCE,2026,POLARIS
ALB-CPM-0002545,P0000611,CPM,Commercial Property,,BROKER,2020-01-31,2021-01-30,IF,10153.71,0.12,ANNUAL,2020,POLARIS
ALB-MOT-0002546,P0001708,MOT,Private Motor,BRK0002,DIRECT,2025-05-17,2026-05-17,IF,744.1,0.12,ANNUAL,2025,POLARIS
ALB-CLB-0002547,P0002708,CLB,Commercial Liability,,AGGREGATOR,2022-04-22,2023-04-22,IF,9828.43,0.12,ANNUAL,2022,POLARIS
ALB-PET-0002548,P0002926,PET,Pet,BRK0025,DIRECT,2023-03-17,2024-03-16,CN,3687.59,0.12,PREMIUM_FINANCE,2023,POLARIS
ALB-CPM-0002549,P0001411,CPM,Commercial Property,BRK0058,AGGREGATOR,2022-03-20,2023-03-20,IF,14147.86,0.12,PREMIUM_FINANCE,2022,POLARIS
ALB-CLB-0002550,P0001030,CLB,Commercial Liability,,DIRECT,2023-04-29,2024-04-28,IF,10488.04,0.12,ANNUAL,2023,POLARIS
ALB-PET-0002551,P0002811,PET,Pet,BRK0041,AGGREGATOR,2026-07-17,2027-07-17,RN,2320.8,0.12,MONTHLY_DD,2026,LEGACY_PAS
ALB-PET-0002552,P0002576,PET,Pet,BRK0019,DIRECT,2025-01-31,2026-01-31,CN,2014.24,0.12,ANNUAL,2025,POLARIS
ALB-MOT-0002553,P0001556,MOT,Private Motor,,DIRECT,2024-08-20,2025-08-20,IF,323.92,0.12,ANNUAL,2024,POLARIS
ALB-CPM-0002554,P0003174,CPM,Commercial Property,BRK0053,BROKER,2023-02-03,2024-02-03,IF,12870.25,0.12,MONTHLY_DD,2023,POLARIS
ALB-TRV-0002555,P0002023,TRV,Annual Travel,BRK0013,BROKER,2021-05-31,2022-05-31,EX,462.42,0.12,MONTHLY_DD,2021,POLARIS
ALB-CLB-0002556,P0002825,CLB,Commercial Liability,,BROKER,2026-10-22,2027-10-22,CN,6691.41,0.12,PREMIUM_FINANCE,2026,LEGACY_PAS
ALB-HOM-0002557,P0000989,HOM,Home Buildings & Contents,BRK0016,BROKER,2022-11-26,2023-11-26,IF,3622.65,0.12,PREMIUM_FINANCE,2022,LEGACY_PAS
ALB-TRV-0002558,P0002960,TRV,Annual Travel,BRK0054,DIRECT,2022-01-30,2023-01-30,RN,2050.79,0.12,MONTHLY_DD,2022,POLARIS
ALB-CLB-0002559,P0001048,CLB,Commercial Liability,BRK0052,DIRECT,2019-04-14,2020-04-13,LP,12664.86,0.12,ANNUAL,2019,POLARIS
ALB-TRV-0002560,P0001610,TRV,Annual Travel,BRK0036,BROKER,2018-08-26,2019-08-26,CN,2568.87,0.12,MONTHLY_DD,2018,POLARIS
ALB-TRV-0002561,P0003042,TRV,Annual Travel,BRK0027,BROKER,2026-08-02,2027-08-02,IF,2266.25,0.12,PREMIUM_FINANCE,2026,POLARIS
ALB-MOT-0002562,P0002371,MOT,Private Motor,BRK0013,DIRECT,2019-09-12,2020-09-11,RN,3832.83,0.12,ANNUAL,2019,POLARIS
ALB-CLB-0002563,P0003020,CLB,Commercial Liability,BRK0051,AGGREGATOR,2019-11-17,2020-11-16,RN,9085.14,0.12,ANNUAL,2019,LEGACY_PAS
ALB-HOM-0002564,P0001990,HOM,Home Buildings & Contents,BRK0059,BROKER,2026-05-20,2027-05-20,CN,3953.91,0.12,MONTHLY_DD,2026,POLARIS
ALB-PET-0002565,P0001978,PET,Pet,BRK0025,AGGREGATOR,2018-10-04,2019-10-04,RN,1684.98,0.12,PREMIUM_FINANCE,2018,POLARIS
ALB-CLB-0002566,P0002557,CLB,Commercial Liability,BRK0020,BROKER,2019-12-10,2020-12-09,RN,9365.02,0.12,MONTHLY_DD,2019,POLARIS
ALB-CLB-0002567,P0001813,CLB,Commercial Liability,BRK0036,AGGREGATOR,2021-07-31,2022-07-31,CN,5452.97,0.12,ANNUAL,2021,LEGACY_PAS
ALB-MOT-0002568,P0003120,MOT,Private Motor,,AGGREGATOR,2019-02-26,2020-02-26,IF,4131.43,0.12,ANNUAL,2019,POLARIS
ALB-CPM-0002569,P0002606,CPM,Commercial Property,,AGGREGATOR,2025-08-03,2026-08-03,RN,8458.97,0.12,ANNUAL,2025,POLARIS
ALB-PET-0002570,P0000696,PET,Pet,BRK0020,AGGREGATOR,2026-02-05,2027-02-05,RN,438.76,0.12,MONTHLY_DD,2026,POLARIS
ALB-CLB-0002571,P0001840,CLB,Commercial Liability,,DIRECT,2022-06-07,2023-06-07,IF,14678.56,0.12,ANNUAL,2022,POLARIS
ALB-HOM-0002572,P0002339,HOM,Home Buildings & Contents,,DIRECT,2023-07-28,2024-07-27,IF,2217.84,0.12,PREMIUM_FINANCE,2023,POLARIS
ALB-CPM-0002573,P0001511,CPM,Commercial Property,BRK0011,BROKER,2021-05-27,2022-05-27,EX,6986.25,0.12,PREMIUM_FINANCE,2021,POLARIS
ALB-HOM-0002574,P0002421,HOM,Home Buildings & Contents,,BROKER,2020-11-10,2021-11-10,LP,2042.51,0.12,MONTHLY_DD,2020,POLARIS
ALB-TRV-0002575,P0001008,TRV,Annual Travel,BRK0013,BROKER,2019-05-07,2020-05-06,EX,3985.13,0.12,PREMIUM_FINANCE,2019,POLARIS
ALB-TRV-0002576,P0002263,TRV,Annual Travel,,BROKER,2019-03-30,2020-03-29,IF,392.51,0.12,ANNUAL,2019,LEGACY_PAS
ALB-TRV-0002577,P0001800,TRV,Annual Travel,BRK0007,BROKER,2018-10-07,2019-10-07,IF,835.54,0.12,PREMIUM_FINANCE,2018,POLARIS
ALB-CLB-0002578,P0002875,CLB,Commercial Liability,BRK0041,AGGREGATOR,2024-02-06,2025-02-05,IF,5459.88,0.12,MONTHLY_DD,2024,POLARIS
ALB-TRV-0002579,P0002620,TRV,Annual Travel,,DIRECT,2021-11-17,2022-11-17,LP,3363.27,0.12,MONTHLY_DD,2021,POLARIS
ALB-HOM-0002580,P0003045,HOM,Home Buildings & Contents,,BROKER,2025-05-30,2026-05-30,IF,1315.05,0.12,PREMIUM_FINANCE,2025,POLARIS
ALB-CPM-0002581,P0001980,CPM,Commercial Property,,DIRECT,2026-12-04,2027-12-04,IF,10159.07,0.12,ANNUAL,2026,POLARIS
ALB-PET-0002582,P0002732,PET,Pet,,BROKER,2018-02-04,2019-02-04,IF,282.73,0.12,ANNUAL,2018,POLARIS
ALB-PET-0002583,P0001634,PET,Pet,BRK0021,BROKER,2019-01-23,2020-01-23,IF,4100.93,0.12,MONTHLY_DD,2019,LEGACY_PAS
ALB-CLB-0002584,P0002228,CLB,Commercial Liability,,BROKER,2018-08-17,2019-08-17,LP,10274.07,0.12,MONTHLY_DD,2018,POLARIS
ALB-TRV-0002585,P0002802,TRV,Annual Travel,BRK0028,BROKER,2023-05-21,2024-05-20,LP,926.87,0.12,MONTHLY_DD,2023,POLARIS
ALB-HOM-0002586,P0002951,HOM,Home Buildings & Contents,,AGGREGATOR,2024-01-21,2025-01-20,IF,277.94,0.12,MONTHLY_DD,2024,POLARIS
ALB-TRV-0002587,P0000959,TRV,Annual Travel,BRK0038,DIRECT,2023-12-10,2024-12-09,IF,3984.5,0.12,ANNUAL,2023,POLARIS
ALB-CLB-0002588,P0002541,CLB,Commercial Liability,,BROKER,2023-08-08,2024-08-07,LP,7002.41,0.12,ANNUAL,2023,POLARIS
ALB-MOT-0002589,P0002744,MOT,Private Motor,BRK0022,BROKER,2025-09-19,2026-09-19,LP,2646.58,0.12,MONTHLY_DD,2025,POLARIS
ALB-HOM-0002590,P0001973,HOM,Home Buildings & Contents,,BROKER,2019-02-21,2020-02-21,IF,1508.46,0.12,MONTHLY_DD,2019,POLARIS
ALB-MOT-0002591,P0001844,MOT,Private Motor,BRK0043,DIRECT,2023-06-09,2024-06-08,EX,3796.98,0.12,PREMIUM_FINANCE,2023,LEGACY_PAS
ALB-MOT-0002592,P0001495,MOT,Private Motor,BRK0034,DIRECT,2025-04-27,2026-04-27,EX,3193.51,0.12,PREMIUM_FINANCE,2025,POLARIS
ALB-HOM-0002593,P0001331,HOM,Home Buildings & Contents,BRK0023,BROKER,2024-08-11,2025-08-11,RN,1239.31,0.12,ANNUAL,2024,LEGACY_PAS
ALB-HOM-0002594,P0002648,HOM,Home Buildings & Contents,BRK0042,DIRECT,2020-11-21,2021-11-21,RN,2938.89,0.12,PREMIUM_FINANCE,2020,POLARIS
ALB-MOT-0002595,P0000816,MOT,Private Motor,,BROKER,2019-08-01,2020-07-31,IF,2823.56,0.12,ANNUAL,2019,POLARIS
ALB-HOM-0002596,P0000300,HOM,Home Buildings & Contents,BRK0038,BROKER,2019-07-08,2020-07-07,IF,2155.13,0.12,ANNUAL,2019,POLARIS
ALB-TRV-0002597,P0002860,TRV,Annual Travel,,BROKER,2025-05-06,2026-05-06,IF,2175.92,0.12,MONTHLY_DD,2025,LEGACY_PAS
ALB-MOT-0002598,P0000418,MOT,Private Motor,,DIRECT,2018-05-06,2019-05-06,CN,1968.45,0.12,PREMIUM_FINANCE,2018,LEGACY_PAS
ALB-TRV-0002599,P0001999,TRV,Annual Travel,BRK0060,BROKER,2022-04-09,2023-04-09,RN,1405.86,0.12,MONTHLY_DD,2022,POLARIS
ALB-PET-0002600,P0000993,PET,Pet,BRK0003,DIRECT,2025-08-09,2026-08-09,CN,2239.61,0.12,MONTHLY_DD,2025,POLARIS
ALB-MOT-0002601,P0002800,MOT,Private Motor,,BROKER,2020-03-26,2021-03-26,IF,4133.03,0.12,ANNUAL,2020,LEGACY_PAS
ALB-MOT-0002602,P0001337,MOT,Private Motor,BRK0047,AGGREGATOR,2022-09-23,2023-09-23,IF,421.83,0.12,ANNUAL,2022,LEGACY_PAS
ALB-TRV-0002603,P0000462,TRV,Annual Travel,,DIRECT,2020-08-25,2021-08-25,CN,3102.99,0.12,PREMIUM_FINANCE,2020,POLARIS
ALB-CLB-0002604,P0001450,CLB,Commercial Liability,,BROKER,2023-01-22,2024-01-22,RN,3936.04,0.12,PREMIUM_FINANCE,2023,POLARIS
ALB-PET-0002605,P0001004,PET,Pet,,BROKER,2025-06-05,2026-06-05,LP,3423.94,0.12,MONTHLY_DD,2025,POLARIS
ALB-TRV-0002606,P0000526,TRV,Annual Travel,BRK0041,DIRECT,2024-12-02,2025-12-02,RN,3970.89,0.12,ANNUAL,2024,POLARIS
ALB-CLB-0002607,P0001239,CLB,Commercial Liability,BRK0055,AGGREGATOR,2018-02-27,2019-02-27,IF,10702.3,0.12,ANNUAL,2018,POLARIS
ALB-CPM-0002608,P0000972,CPM,Commercial Property,BRK0050,DIRECT,2025-01-26,2026-01-26,CN,4351.42,0.12,MONTHLY_DD,2025,POLARIS
ALB-CPM-0002609,P0002284,CPM,Commercial Property,,DIRECT,2022-01-07,2023-01-07,RN,4494.0,0.12,MONTHLY_DD,2022,POLARIS
ALB-TRV-0002610,P0000375,TRV,Annual Travel,BRK0058,DIRECT,2018-09-20,2019-09-20,IF,3753.67,0.12,MONTHLY_DD,2018,POLARIS
ALB-CLB-0002611,P0000712,CLB,Commercial Liability,,BROKER,2019-11-14,2020-11-13,IF,8295.63,0.12,ANNUAL,2019,POLARIS
ALB-MOT-0002612,P0000944,MOT,Private Motor,,DIRECT,2018-09-09,2019-09-09,RN,1343.07,0.12,ANNUAL,2018,POLARIS
ALB-HOM-0002613,P0003081,HOM,Home Buildings & Contents,BRK0033,BROKER,2024-09-08,2025-09-08,IF,187.01,0.12,ANNUAL,2024,POLARIS
ALB-TRV-0002614,P0003154,TRV,Annual Travel,,BROKER,2021-12-27,2022-12-27,IF,259.8,0.12,ANNUAL,2021,POLARIS
ALB-TRV-0002615,P0002095,TRV,Annual Travel,,DIRECT,2018-01-29,2019-01-29,IF,831.68,0.12,ANNUAL,2018,POLARIS
ALB-PET-0002616,P0001153,PET,Pet,BRK0023,DIRECT,2020-08-04,2021-08-04,RN,1167.27,0.12,ANNUAL,2020,POLARIS
ALB-MOT-0002617,P0000968,MOT,Private Motor,BRK0049,BROKER,2018-05-24,2019-05-24,LP,4153.02,0.12,MONTHLY_DD,2018,POLARIS
ALB-TRV-0002618,P0000562,TRV,Annual Travel,BRK0050,BROKER,2025-05-14,2026-05-14,IF,1948.39,0.12,MONTHLY_DD,2025,POLARIS
ALB-MOT-0002619,P0002369,MOT,Private Motor,,BROKER,2021-01-28,2022-01-28,IF,211.59,0.12,ANNUAL,2021,LEGACY_PAS
ALB-PET-0002620,P0000257,PET,Pet,BRK0038,DIRECT,2020-10-13,2021-10-13,IF,1375.11,0.12,MONTHLY_DD,2020,POLARIS
ALB-CPM-0002621,P0000663,CPM,Commercial Property,,BROKER,2022-02-16,2023-02-16,IF,11618.25,0.12,MONTHLY_DD,2022,POLARIS
ALB-HOM-0002622,P0003084,HOM,Home Buildings & Contents,BRK0041,DIRECT,2024-01-04,2025-01-03,EX,227.81,0.12,MONTHLY_DD,2024,LEGACY_PAS
ALB-TRV-0002623,P0001503,TRV,Annual Travel,,DIRECT,2025-07-20,2026-07-20,IF,212.57,0.12,ANNUAL,2025,POLARIS
ALB-MOT-0002624,P0000210,MOT,Private Motor,,AGGREGATOR,2021-03-20,2022-03-20,RN,1804.6,0.12,MONTHLY_DD,2021,LEGACY_PAS
ALB-PET-0002625,P0001507,PET,Pet,,AGGREGATOR,2024-05-13,2025-05-13,EX,1231.94,0.12,ANNUAL,2024,LEGACY_PAS
ALB-CPM-0002626,P0000496,CPM,Commercial Property,,DIRECT,2023-03-13,2024-03-12,IF,9262.71,0.12,MONTHLY_DD,2023,LEGACY_PAS
ALB-CPM-0002627,P0002243,CPM,Commercial Property,,DIRECT,2021-02-18,2022-02-18,IF,3890.44,0.12,ANNUAL,2021,LEGACY_PAS
ALB-TRV-0002628,P0000284,TRV,Annual Travel,BRK0005,BROKER,2024-06-14,2025-06-14,RN,361.72,0.12,MONTHLY_DD,2024,POLARIS
ALB-TRV-0002629,P0002916,TRV,Annual Travel,BRK0012,AGGREGATOR,2019-08-23,2020-08-22,IF,2933.83,0.12,ANNUAL,2019,POLARIS
ALB-CLB-0002630,P0001495,CLB,Commercial Liability,,BROKER,2023-07-05,2024-07-04,LP,2435.29,0.12,MONTHLY_DD,2023,LEGACY_PAS
ALB-HOM-0002631,P0001966,HOM,Home Buildings & Contents,BRK0060,DIRECT,2023-03-05,2024-03-04,IF,2948.39,0.12,ANNUAL,2023,POLARIS
ALB-CPM-0002632,P0001448,CPM,Commercial Property,BRK0007,BROKER,2024-09-18,2025-09-18,IF,12961.16,0.12,ANNUAL,2024,POLARIS
ALB-CLB-0002633,P0001717,CLB,Commercial Liability,,BROKER,2023-08-12,2024-08-11,IF,4719.73,0.12,MONTHLY_DD,2023,POLARIS
ALB-CPM-0002634,P0000020,CPM,Commercial Property,BRK0041,DIRECT,2026-04-21,2027-04-21,IF,2837.27,0.12,PREMIUM_FINANCE,2026,POLARIS
ALB-TRV-0002635,P0002973,TRV,Annual Travel,,DIRECT,2026-06-27,2027-06-27,IF,283.98,0.12,PREMIUM_FINANCE,2026,POLARIS
ALB-HOM-0002636,P0000797,HOM,Home Buildings & Contents,BRK0052,DIRECT,2022-01-01,2023-01-01,LP,2223.53,0.12,MONTHLY_DD,2022,POLARIS
ALB-CPM-0002637,P0003169,CPM,Commercial Property,BRK0020,DIRECT,2024-01-03,2025-01-02,EX,14261.31,0.12,MONTHLY_DD,2024,POLARIS
ALB-PET-0002638,P0001348,PET,Pet,,BROKER,2018-10-29,2019-10-29,LP,904.78,0.12,ANNUAL,2018,POLARIS
ALB-TRV-0002639,P0000243,TRV,Annual Travel,BRK0051,DIRECT,2026-08-04,2027-08-04,RN,1183.64,0.12,MONTHLY_DD,2026,POLARIS
ALB-CPM-0002640,P0003168,CPM,Commercial Property,BRK0028,BROKER,2021-07-05,2022-07-05,CN,10303.91,0.12,PREMIUM_FINANCE,2021,POLARIS
ALB-CPM-0002641,P0002702,CPM,Commercial Property,BRK0046,BROKER,2022-07-24,2023-07-24,RN,6679.86,0.12,ANNUAL,2022,LEGACY_PAS
ALB-HOM-0002642,P0001628,HOM,Home Buildings & Contents,,BROKER,2023-01-17,2024-01-17,RN,3491.3,0.12,MONTHLY_DD,2023,POLARIS
ALB-MOT-0002643,P0000451,MOT,Private Motor,,BROKER,2026-08-21,2027-08-21,RN,3820.74,0.12,MONTHLY_DD,2026,POLARIS
ALB-TRV-0002644,P0002998,TRV,Annual Travel,BRK0035,AGGREGATOR,2018-03-16,2019-03-16,EX,980.05,0.12,ANNUAL,2018,POLARIS
ALB-TRV-0002645,P0002903,TRV,Annual Travel,BRK0025,DIRECT,2026-08-10,2027-08-10,CN,3079.84,0.12,ANNUAL,2026,POLARIS
ALB-CLB-0002646,P0001380,CLB,Commercial Liability,BRK0045,BROKER,2026-03-18,2027-03-18,RN,6243.06,0.12,ANNUAL,2026,LEGACY_PAS
ALB-CLB-0002647,P0000722,CLB,Commercial Liability,BRK0020,DIRECT,2024-01-16,2025-01-15,IF,12267.88,0.12,MONTHLY_DD,2024,LEGACY_PAS
ALB-CPM-0002648,P0002909,CPM,Commercial Property,BRK0016,AGGREGATOR,2022-08-01,2023-08-01,IF,12511.13,0.12,ANNUAL,2022,POLARIS
ALB-MOT-0002649,P0003002,MOT,Private Motor,BRK0043,DIRECT,2026-02-19,2027-02-19,IF,2903.29,0.12,ANNUAL,2026,POLARIS
ALB-CPM-0002650,P0001440,CPM,Commercial Property,,BROKER,2019-08-30,2020-08-29,IF,12657.0,0.12,MONTHLY_DD,2019,LEGACY_PAS
ALB-HOM-0002651,P0001029,HOM,Home Buildings & Contents,BRK0004,DIRECT,2021-06-07,2022-06-07,IF,3932.87,0.12,MONTHLY_DD,2021,LEGACY_PAS
ALB-CPM-0002652,P0002475,CPM,Commercial Property,BRK0017,DIRECT,2019-06-04,2020-06-03,EX,5535.48,0.12,ANNUAL,2019,POLARIS
ALB-CPM-0002653,P0003080,CPM,Commercial Property,,DIRECT,2026-10-04,2027-10-04,CN,11347.93,0.12,ANNUAL,2026,POLARIS
ALB-HOM-0002654,P0002119,HOM,Home Buildings & Contents,,BROKER,2021-12-15,2022-12-15,CN,4088.29,0.12,MONTHLY_DD,2021,POLARIS
ALB-CLB-0002655,P0002651,CLB,Commercial Liability,BRK0019,BROKER,2025-04-12,2026-04-12,IF,9077.85,0.12,ANNUAL,2025,POLARIS
ALB-CLB-0002656,P0002019,CLB,Commercial Liability,BRK0012,BROKER,2018-07-10,2019-07-10,IF,12880.43,0.12,ANNUAL,2018,POLARIS
ALB-TRV-0002657,P0002680,TRV,Annual Travel,BRK0045,DIRECT,2024-08-02,2025-08-02,EX,4121.72,0.12,PREMIUM_FINANCE,2024,POLARIS
ALB-MOT-0002658,P0000244,MOT,Private Motor,,BROKER,2022-02-04,2023-02-04,IF,1443.19,0.12,ANNUAL,2022,POLARIS
ALB-MOT-0002659,P0001933,MOT,Private Motor,,BROKER,2023-05-26,2024-05-25,IF,332.81,0.12,ANNUAL,2023,POLARIS
ALB-CLB-0002660,P0000142,CLB,Commercial Liability,BRK0008,BROKER,2024-06-13,2025-06-13,IF,14592.16,0.12,MONTHLY_DD,2024,LEGACY_PAS
ALB-TRV-0002661,P0002532,TRV,Annual Travel,BRK0012,BROKER,2019-05-18,2020-05-17,RN,2282.18,0.12,MONTHLY_DD,2019,POLARIS
ALB-PET-0002662,P0000371,PET,Pet,,BROKER,2022-07-28,2023-07-28,IF,2412.61,0.12,MONTHLY_DD,2022,POLARIS
ALB-CLB-0002663,P0001385,CLB,Commercial Liability,BRK0001,DIRECT,2018-03-14,2019-03-14,IF,5188.77,0.12,MONTHLY_DD,2018,LEGACY_PAS
ALB-PET-0002664,P0002121,PET,Pet,,DIRECT,2020-07-22,2021-07-22,IF,3469.71,0.12,PREMIUM_FINANCE,2020,POLARIS
ALB-CLB-0002665,P0002289,CLB,Commercial Liability,BRK0005,AGGREGATOR,2018-10-03,2019-10-03,RN,14120.26,0.12,ANNUAL,2018,POLARIS
ALB-TRV-0002666,P0002899,TRV,Annual Travel,,BROKER,2020-08-14,2021-08-14,IF,1341.45,0.12,PREMIUM_FINANCE,2020,POLARIS
ALB-CLB-0002667,P0000580,CLB,Commercial Liability,,BROKER,2023-06-27,2024-06-26,LP,6775.64,0.12,MONTHLY_DD,2023,LEGACY_PAS
ALB-CPM-0002668,P0000839,CPM,Commercial Property,BRK0038,BROKER,2026-05-12,2027-05-12,LP,12427.48,0.12,MONTHLY_DD,2026,POLARIS
ALB-CLB-0002669,P0000164,CLB,Commercial Liability,,BROKER,2020-05-09,2021-05-09,IF,7308.73,0.12,PREMIUM_FINANCE,2020,POLARIS
ALB-HOM-0002670,P0000007,HOM,Home Buildings & Contents,,BROKER,2024-11-28,2025-11-28,RN,1945.13,0.12,PREMIUM_FINANCE,2024,POLARIS
ALB-MOT-0002671,P0003112,MOT,Private Motor,BRK0046,DIRECT,2025-11-15,2026-11-15,LP,2114.36,0.12,ANNUAL,2025,POLARIS
ALB-CLB-0002672,P0002400,CLB,Commercial Liability,BRK0036,BROKER,2019-09-21,2020-09-20,IF,1243.5,0.12,ANNUAL,2019,POLARIS
ALB-CPM-0002673,P0000157,CPM,Commercial Property,BRK0017,BROKER,2023-08-25,2024-08-24,EX,5375.99,0.12,PREMIUM_FINANCE,2023,POLARIS
ALB-CPM-0002674,P0003122,CPM,Commercial Property,,DIRECT,2024-02-14,2025-02-13,CN,5075.99,0.12,MONTHLY_DD,2024,POLARIS
ALB-TRV-0002675,P0000593,TRV,Annual Travel,,AGGREGATOR,2020-07-23,2021-07-23,RN,1166.21,0.12,ANNUAL,2020,POLARIS
ALB-CPM-0002676,P0001962,CPM,Commercial Property,,BROKER,2024-09-26,2025-09-26,RN,1260.42,0.12,MONTHLY_DD,2024,LEGACY_PAS
ALB-TRV-0002677,P0000043,TRV,Annual Travel,BRK0048,AGGREGATOR,2020-06-02,2021-06-02,IF,1446.7,0.12,ANNUAL,2020,POLARIS
ALB-MOT-0002678,P0001651,MOT,Private Motor,BRK0030,BROKER,2020-11-11,2021-11-11,IF,1236.64,0.12,MONTHLY_DD,2020,POLARIS
ALB-HOM-0002679,P0001972,HOM,Home Buildings & Contents,BRK0012,BROKER,2020-07-12,2021-07-12,RN,3395.82,0.12,MONTHLY_DD,2020,POLARIS
ALB-CLB-0002680,P0002470,CLB,Commercial Liability,BRK0023,AGGREGATOR,2023-11-23,2024-11-22,RN,2276.27,0.12,MONTHLY_DD,2023,LEGACY_PAS
ALB-CPM-0002681,P0002096,CPM,Commercial Property,BRK0042,BROKER,2021-02-18,2022-02-18,RN,3344.51,0.12,ANNUAL,2021,LEGACY_PAS
ALB-CPM-0002682,P0001602,CPM,Commercial Property,BRK0040,BROKER,2018-02-15,2019-02-15,RN,6560.47,0.12,ANNUAL,2018,POLARIS
ALB-HOM-0002683,P0002978,HOM,Home Buildings & Contents,BRK0041,DIRECT,2026-09-04,2027-09-04,LP,2927.55,0.12,ANNUAL,2026,POLARIS
ALB-PET-0002684,P0001878,PET,Pet,BRK0003,BROKER,2021-08-27,2022-08-27,LP,4126.34,0.12,ANNUAL,2021,POLARIS
ALB-CLB-0002685,P0000116,CLB,Commercial Liability,,DIRECT,2018-09-22,2019-09-22,EX,12637.44,0.12,ANNUAL,2018,POLARIS
ALB-PET-0002686,P0001645,PET,Pet,BRK0047,DIRECT,2026-08-23,2027-08-23,CN,1953.98,0.12,MONTHLY_DD,2026,LEGACY_PAS
ALB-TRV-0002687,P0002067,TRV,Annual Travel,,AGGREGATOR,2019-05-19,2020-05-18,IF,219.94,0.12,MONTHLY_DD,2019,POLARIS
ALB-MOT-0002688,P0000537,MOT,Private Motor,BRK0022,BROKER,2018-06-11,2019-06-11,IF,1889.12,0.12,MONTHLY_DD,2018,LEGACY_PAS
ALB-TRV-0002689,P0001450,TRV,Annual Travel,,AGGREGATOR,2021-06-24,2022-06-24,RN,3286.75,0.12,MONTHLY_DD,2021,LEGACY_PAS
ALB-MOT-0002690,P0002618,MOT,Private Motor,,BROKER,2022-11-03,2023-11-03,LP,2460.48,0.12,ANNUAL,2022,POLARIS
ALB-MOT-0002691,P0002147,MOT,Private Motor,BRK0057,DIRECT,2026-01-28,2027-01-28,EX,2785.4,0.12,ANNUAL,2026,POLARIS
ALB-MOT-0002692,P0000838,MOT,Private Motor,,DIRECT,2021-12-17,2022-12-17,EX,205.43,0.12,ANNUAL,2021,POLARIS
ALB-CLB-0002693,P0001239,CLB,Commercial Liability,BRK0012,BROKER,2024-01-29,2025-01-28,IF,13178.8,0.12,ANNUAL,2024,POLARIS
ALB-CLB-0002694,P0000260,CLB,Commercial Liability,,AGGREGATOR,2022-12-14,2023-12-14,EX,4873.75,0.12,MONTHLY_DD,2022,POLARIS
ALB-CPM-0002695,P0003171,CPM,Commercial Property,BRK0044,DIRECT,2026-05-08,2027-05-08,EX,3259.92,0.12,PREMIUM_FINANCE,2026,LEGACY_PAS
ALB-CPM-0002696,P0001575,CPM,Commercial Property,,BROKER,2021-12-25,2022-12-25,LP,11244.89,0.12,ANNUAL,2021,LEGACY_PAS
ALB-CPM-0002697,P0003115,CPM,Commercial Property,BRK0046,BROKER,2020-02-18,2021-02-17,LP,6645.74,0.12,MONTHLY_DD,2020,POLARIS
ALB-CLB-0002698,P0001058,CLB,Commercial Liability,,BROKER,2025-08-20,2026-08-20,LP,731.53,0.12,MONTHLY_DD,2025,POLARIS
ALB-CPM-0002699,P0002295,CPM,Commercial Property,,BROKER,2023-09-19,2024-09-18,IF,11125.6,0.12,ANNUAL,2023,LEGACY_PAS
ALB-PET-0002700,P0001260,PET,Pet,BRK0012,BROKER,2023-07-26,2024-07-25,LP,3503.71,0.12,ANNUAL,2023,POLARIS
ALB-CPM-0002701,P0000639,CPM,Commercial Property,BRK0046,BROKER,2022-07-09,2023-07-09,LP,5326.66,0.12,MONTHLY_DD,2022,LEGACY_PAS
ALB-CPM-0002702,P0002581,CPM,Commercial Property,BRK0025,DIRECT,2019-10-20,2020-10-19,IF,1322.5,0.12,ANNUAL,2019,POLARIS
ALB-MOT-0002703,P0000176,MOT,Private Motor,BRK0013,BROKER,2025-11-21,2026-11-21,RN,1531.47,0.12,PREMIUM_FINANCE,2025,POLARIS
ALB-MOT-0002704,P0001891,MOT,Private Motor,,DIRECT,2025-03-31,2026-03-31,LP,1333.89,0.12,MONTHLY_DD,2025,POLARIS
ALB-HOM-0002705,P0003095,HOM,Home Buildings & Contents,BRK0021,DIRECT,2026-12-02,2027-12-02,EX,916.73,0.12,MONTHLY_DD,2026,LEGACY_PAS
ALB-TRV-0002706,P0001335,TRV,Annual Travel,BRK0011,DIRECT,2020-05-05,2021-05-05,RN,1064.92,0.12,ANNUAL,2020,POLARIS
ALB-MOT-0002707,P0001454,MOT,Private Motor,,BROKER,2019-07-10,2020-07-09,EX,1760.99,0.12,PREMIUM_FINANCE,2019,POLARIS
ALB-CLB-0002708,P0001089,CLB,Commercial Liability,BRK0051,DIRECT,2026-08-01,2027-08-01,CN,12484.85,0.12,ANNUAL,2026,POLARIS
ALB-TRV-0002709,P0001305,TRV,Annual Travel,BRK0001,BROKER,2024-10-02,2025-10-02,CN,2048.96,0.12,ANNUAL,2024,LEGACY_PAS
ALB-CPM-0002710,P0002533,CPM,Commercial Property,BRK0025,BROKER,2026-10-19,2027-10-19,RN,11632.67,0.12,PREMIUM_FINANCE,2026,POLARIS
ALB-HOM-0002711,P0002672,HOM,Home Buildings & Contents,BRK0046,DIRECT,2023-04-17,2024-04-16,EX,4107.13,0.12,PREMIUM_FINANCE,2023,POLARIS
ALB-PET-0002712,P0001233,PET,Pet,BRK0010,DIRECT,2024-02-16,2025-02-15,RN,2510.9,0.12,MONTHLY_DD,2024,POLARIS
ALB-CPM-0002713,P0000206,CPM,Commercial Property,BRK0021,AGGREGATOR,2018-04-03,2019-04-03,IF,14177.77,0.12,MONTHLY_DD,2018,POLARIS
ALB-HOM-0002714,P0001899,HOM,Home Buildings & Contents,BRK0052,BROKER,2019-03-25,2020-03-24,EX,269.34,0.12,ANNUAL,2019,LEGACY_PAS
ALB-CLB-0002715,P0001008,CLB,Commercial Liability,BRK0015,BROKER,2021-11-18,2022-11-18,IF,12693.61,0.12,MONTHLY_DD,2021,LEGACY_PAS
ALB-MOT-0002716,P0000001,MOT,Private Motor,,BROKER,2022-09-07,2023-09-07,IF,3377.63,0.12,MONTHLY_DD,2022,POLARIS
ALB-TRV-0002717,P0002910,TRV,Annual Travel,BRK0005,DIRECT,2018-05-09,2019-05-09,RN,3076.05,0.12,ANNUAL,2018,POLARIS
ALB-MOT-0002718,P0001309,MOT,Private Motor,,DIRECT,2018-03-28,2019-03-28,IF,3731.16,0.12,PREMIUM_FINANCE,2018,POLARIS
ALB-PET-0002719,P0001322,PET,Pet,,BROKER,2024-01-12,2025-01-11,EX,2446.82,0.12,PREMIUM_FINANCE,2024,POLARIS
ALB-TRV-0002720,P0000091,TRV,Annual Travel,,BROKER,2018-10-02,2019-10-02,IF,2931.38,0.12,PREMIUM_FINANCE,2018,POLARIS
ALB-CPM-0002721,P0002466,CPM,Commercial Property,,BROKER,2025-12-27,2026-12-27,IF,5043.79,0.12,MONTHLY_DD,2025,POLARIS
ALB-HOM-0002722,P0001640,HOM,Home Buildings & Contents,BRK0060,BROKER,2019-07-30,2020-07-29,IF,3552.1,0.12,MONTHLY_DD,2019,POLARIS
ALB-CLB-0002723,P0001905,CLB,Commercial Liability,BRK0039,AGGREGATOR,2021-02-28,2022-02-28,CN,9704.86,0.12,ANNUAL,2021,POLARIS
ALB-TRV-0002724,P0000906,TRV,Annual Travel,BRK0030,AGGREGATOR,2018-03-12,2019-03-12,LP,2757.86,0.12,MONTHLY_DD,2018,POLARIS
ALB-MOT-0002725,P0001775,MOT,Private Motor,,BROKER,2026-02-27,2027-02-27,IF,2659.13,0.12,ANNUAL,2026,LEGACY_PAS
ALB-HOM-0002726,P0002284,HOM,Home Buildings & Contents,,DIRECT,2018-10-17,2019-10-17,LP,821.68,0.12,PREMIUM_FINANCE,2018,POLARIS
ALB-CPM-0002727,P0000351,CPM,Commercial Property,BRK0028,AGGREGATOR,2025-12-03,2026-12-03,RN,6946.63,0.12,MONTHLY_DD,2025,POLARIS
ALB-PET-0002728,P0001101,PET,Pet,BRK0032,BROKER,2018-10-16,2019-10-16,IF,3968.63,0.12,ANNUAL,2018,LEGACY_PAS
ALB-PET-0002729,P0002741,PET,Pet,BRK0046,BROKER,2024-10-16,2025-10-16,RN,1479.33,0.12,PREMIUM_FINANCE,2024,LEGACY_PAS
ALB-TRV-0002730,P0002562,TRV,Annual Travel,,DIRECT,2025-02-18,2026-02-18,IF,2444.0,0.12,ANNUAL,2025,POLARIS
ALB-CLB-0002731,P0002801,CLB,Commercial Liability,BRK0035,BROKER,2022-04-06,2023-04-06,IF,5062.26,0.12,ANNUAL,2022,POLARIS
ALB-HOM-0002732,P0001296,HOM,Home Buildings & Contents,BRK0041,AGGREGATOR,2026-04-09,2027-04-09,LP,2645.75,0.12,ANNUAL,2026,POLARIS
ALB-CPM-0002733,P0000249,CPM,Commercial Property,,DIRECT,2020-02-18,2021-02-17,IF,14628.55,0.12,ANNUAL,2020,POLARIS
ALB-CPM-0002734,P0001711,CPM,Commercial Property,BRK0052,AGGREGATOR,2020-01-31,2021-01-30,CN,817.8,0.12,ANNUAL,2020,LEGACY_PAS
ALB-MOT-0002735,P0002277,MOT,Private Motor,BRK0053,BROKER,2020-04-26,2021-04-26,IF,2062.97,0.12,ANNUAL,2020,POLARIS
ALB-HOM-0002736,P0000916,HOM,Home Buildings & Contents,BRK0010,BROKER,2022-03-26,2023-03-26,IF,4105.21,0.12,MONTHLY_DD,2022,POLARIS
ALB-PET-0002737,P0003131,PET,Pet,BRK0055,BROKER,2026-11-28,2027-11-28,LP,2881.31,0.12,ANNUAL,2026,LEGACY_PAS
ALB-CLB-0002738,P0003096,CLB,Commercial Liability,,BROKER,2024-07-31,2025-07-31,RN,12179.97,0.12,MONTHLY_DD,2024,LEGACY_PAS
ALB-CLB-0002739,P0001191,CLB,Commercial Liability,BRK0014,BROKER,2024-11-14,2025-11-14,RN,7544.57,0.12,ANNUAL,2024,POLARIS
ALB-PET-0002740,P0001472,PET,Pet,,BROKER,2019-07-14,2020-07-13,RN,1209.17,0.12,MONTHLY_DD,2019,POLARIS
ALB-TRV-0002741,P0001462,TRV,Annual Travel,BRK0043,DIRECT,2021-12-26,2022-12-26,CN,3336.7,0.12,ANNUAL,2021,POLARIS
ALB-MOT-0002742,P0002353,MOT,Private Motor,BRK0048,AGGREGATOR,2022-11-16,2023-11-16,IF,3069.73,0.12,MONTHLY_DD,2022,POLARIS
ALB-CPM-0002743,P0002685,CPM,Commercial Property,BRK0060,AGGREGATOR,2023-08-18,2024-08-17,RN,11875.67,0.12,ANNUAL,2023,POLARIS
ALB-MOT-0002744,P0001819,MOT,Private Motor,,DIRECT,2018-02-24,2019-02-24,IF,2643.76,0.12,ANNUAL,2018,POLARIS
ALB-MOT-0002745,P0002255,MOT,Private Motor,BRK0024,BROKER,2019-09-19,2020-09-18,EX,3852.21,0.12,MONTHLY_DD,2019,LEGACY_PAS
ALB-HOM-0002746,P0001299,HOM,Home Buildings & Contents,BRK0052,AGGREGATOR,2019-04-17,2020-04-16,EX,1831.77,0.12,MONTHLY_DD,2019,LEGACY_PAS
ALB-PET-0002747,P0001234,PET,Pet,BRK0034,AGGREGATOR,2018-04-29,2019-04-29,RN,4132.84,0.12,MONTHLY_DD,2018,POLARIS
ALB-PET-0002748,P0001297,PET,Pet,BRK0024,AGGREGATOR,2024-12-28,2025-12-28,IF,2332.09,0.12,MONTHLY_DD,2024,POLARIS
ALB-HOM-0002749,P0001260,HOM,Home Buildings & Contents,BRK0019,BROKER,2021-07-31,2022-07-31,EX,2190.51,0.12,ANNUAL,2021,POLARIS
ALB-TRV-0002750,P0000787,TRV,Annual Travel,BRK0020,BROKER,2026-05-03,2027-05-03,IF,1842.52,0.12,PREMIUM_FINANCE,2026,POLARIS
ALB-CPM-0002751,P0000537,CPM,Commercial Property,,BROKER,2019-03-24,2020-03-23,LP,2511.73,0.12,ANNUAL,2019,POLARIS
ALB-CPM-0002752,P0002944,CPM,Commercial Property,BRK0031,BROKER,2021-09-05,2022-09-05,IF,4733.81,0.12,MONTHLY_DD,2021,POLARIS
ALB-CPM-0002753,P0000048,CPM,Commercial Property,,DIRECT,2018-04-15,2019-04-15,IF,5278.29,0.12,MONTHLY_DD,2018,POLARIS
ALB-MOT-0002754,P0000953,MOT,Private Motor,,AGGREGATOR,2020-10-09,2021-10-09,RN,3742.02,0.12,ANNUAL,2020,POLARIS
ALB-MOT-0002755,P0002996,MOT,Private Motor,BRK0044,DIRECT,2025-08-15,2026-08-15,RN,536.73,0.12,MONTHLY_DD,2025,LEGACY_PAS
ALB-CLB-0002756,P0001690,CLB,Commercial Liability,BRK0035,BROKER,2019-12-19,2020-12-18,EX,7704.85,0.12,ANNUAL,2019,POLARIS
ALB-CLB-0002757,P0000396,CLB,Commercial Liability,BRK0051,DIRECT,2022-03-23,2023-03-23,EX,7719.45,0.12,MONTHLY_DD,2022,LEGACY_PAS
ALB-PET-0002758,P0003120,PET,Pet,BRK0047,BROKER,2019-10-08,2020-10-07,IF,2892.31,0.12,MONTHLY_DD,2019,POLARIS
ALB-PET-0002759,P0000298,PET,Pet,BRK0060,BROKER,2026-07-01,2027-07-01,LP,2679.87,0.12,MONTHLY_DD,2026,POLARIS
ALB-CPM-0002760,P0002877,CPM,Commercial Property,BRK0005,AGGREGATOR,2018-10-02,2019-10-02,IF,12954.57,0.12,MONTHLY_DD,2018,POLARIS
ALB-CLB-0002761,P0001925,CLB,Commercial Liability,BRK0054,BROKER,2018-04-28,2019-04-28,IF,12496.37,0.12,MONTHLY_DD,2018,LEGACY_PAS
ALB-CPM-0002762,P0001871,CPM,Commercial Property,,DIRECT,2021-10-08,2022-10-08,IF,7928.84,0.12,PREMIUM_FINANCE,2021,POLARIS
ALB-MOT-0002763,P0000634,MOT,Private Motor,,AGGREGATOR,2025-12-23,2026-12-23,RN,3051.97,0.12,ANNUAL,2025,POLARIS
ALB-PET-0002764,P0001547,PET,Pet,,AGGREGATOR,2023-01-17,2024-01-17,IF,3988.98,0.12,PREMIUM_FINANCE,2023,POLARIS
ALB-CPM-0002765,P0002458,CPM,Commercial Property,BRK0060,DIRECT,2020-01-23,2021-01-22,IF,8128.28,0.12,PREMIUM_FINANCE,2020,POLARIS
ALB-MOT-0002766,P0000058,MOT,Private Motor,BRK0043,BROKER,2020-01-12,2021-01-11,RN,1651.6,0.12,MONTHLY_DD,2020,POLARIS
ALB-TRV-0002767,P0000681,TRV,Annual Travel,,AGGREGATOR,2020-12-15,2021-12-15,IF,1977.73,0.12,PREMIUM_FINANCE,2020,LEGACY_PAS
ALB-HOM-0002768,P0000344,HOM,Home Buildings & Contents,,BROKER,2019-03-17,2020-03-16,IF,1914.14,0.12,ANNUAL,2019,LEGACY_PAS
ALB-PET-0002769,P0001075,PET,Pet,BRK0041,BROKER,2022-11-04,2023-11-04,IF,1304.88,0.12,ANNUAL,2022,POLARIS
ALB-TRV-0002770,P0000723,TRV,Annual Travel,BRK0012,DIRECT,2021-07-31,2022-07-31,IF,3221.93,0.12,ANNUAL,2021,LEGACY_PAS
ALB-TRV-0002771,P0000800,TRV,Annual Travel,BRK0023,BROKER,2018-05-14,2019-05-14,EX,4034.49,0.12,ANNUAL,2018,POLARIS
ALB-CLB-0002772,P0000341,CLB,Commercial Liability,,AGGREGATOR,2020-01-26,2021-01-25,CN,2826.42,0.12,ANNUAL,2020,POLARIS
ALB-HOM-0002773,P0003190,HOM,Home Buildings & Contents,,DIRECT,2021-11-22,2022-11-22,LP,530.04,0.12,MONTHLY_DD,2021,POLARIS
ALB-HOM-0002774,P0000743,HOM,Home Buildings & Contents,BRK0006,AGGREGATOR,2020-09-04,2021-09-04,IF,1499.99,0.12,MONTHLY_DD,2020,POLARIS
ALB-PET-0002775,P0001977,PET,Pet,,DIRECT,2023-07-04,2024-07-03,IF,1351.21,0.12,PREMIUM_FINANCE,2023,LEGACY_PAS
ALB-MOT-0002776,P0002194,MOT,Private Motor,BRK0026,BROKER,2021-01-01,2022-01-01,CN,1665.17,0.12,MONTHLY_DD,2021,LEGACY_PAS
ALB-CPM-0002777,P0001093,CPM,Commercial Property,BRK0047,DIRECT,2026-03-09,2027-03-09,IF,7166.89,0.12,MONTHLY_DD,2026,POLARIS
ALB-TRV-0002778,P0001963,TRV,Annual Travel,BRK0056,DIRECT,2021-04-05,2022-04-05,IF,3896.45,0.12,MONTHLY_DD,2021,POLARIS
ALB-TRV-0002779,P0000627,TRV,Annual Travel,,DIRECT,2018-09-27,2019-09-27,RN,3913.85,0.12,PREMIUM_FINANCE,2018,POLARIS
ALB-HOM-0002780,P0002459,HOM,Home Buildings & Contents,,BROKER,2023-01-20,2024-01-20,LP,1318.98,0.12,MONTHLY_DD,2023,POLARIS
ALB-TRV-0002781,P0000490,TRV,Annual Travel,BRK0007,AGGREGATOR,2019-05-13,2020-05-12,IF,2237.77,0.12,MONTHLY_DD,2019,POLARIS
ALB-CLB-0002782,P0001187,CLB,Commercial Liability,,BROKER,2023-07-27,2024-07-26,RN,9889.01,0.12,ANNUAL,2023,POLARIS
ALB-MOT-0002783,P0000556,MOT,Private Motor,BRK0032,AGGREGATOR,2026-02-19,2027-02-19,LP,3107.41,0.12,MONTHLY_DD,2026,POLARIS
ALB-CLB-0002784,P0000231,CLB,Commercial Liability,BRK0009,DIRECT,2018-11-24,2019-11-24,IF,3830.76,0.12,MONTHLY_DD,2018,POLARIS
ALB-TRV-0002785,P0000213,TRV,Annual Travel,,BROKER,2023-05-15,2024-05-14,IF,1770.21,0.12,PREMIUM_FINANCE,2023,LEGACY_PAS
ALB-CLB-0002786,P0000272,CLB,Commercial Liability,BRK0036,BROKER,2022-07-07,2023-07-07,IF,12290.59,0.12,MONTHLY_DD,2022,POLARIS
ALB-CPM-0002787,P0003061,CPM,Commercial Property,,BROKER,2024-01-25,2025-01-24,LP,11693.47,0.12,ANNUAL,2024,POLARIS
ALB-CLB-0002788,P0001117,CLB,Commercial Liability,BRK0023,BROKER,2024-11-30,2025-11-30,LP,7821.72,0.12,MONTHLY_DD,2024,LEGACY_PAS
ALB-PET-0002789,P0003063,PET,Pet,,BROKER,2021-07-19,2022-07-19,IF,1855.84,0.12,MONTHLY_DD,2021,LEGACY_PAS
ALB-HOM-0002790,P0001822,HOM,Home Buildings & Contents,,BROKER,2019-03-21,2020-03-20,IF,871.24,0.12,MONTHLY_DD,2019,POLARIS
ALB-HOM-0002791,P0000872,HOM,Home Buildings & Contents,BRK0007,DIRECT,2018-12-29,2019-12-29,IF,1707.01,0.12,MONTHLY_DD,2018,POLARIS
ALB-HOM-0002792,P0001601,HOM,Home Buildings & Contents,,BROKER,2021-05-06,2022-05-06,IF,4041.92,0.12,MONTHLY_DD,2021,POLARIS
ALB-MOT-0002793,P0001986,MOT,Private Motor,BRK0054,DIRECT,2018-01-06,2019-01-06,IF,2804.09,0.12,MONTHLY_DD,2018,POLARIS
ALB-HOM-0002794,P0002863,HOM,Home Buildings & Contents,BRK0040,BROKER,2021-05-24,2022-05-24,IF,1401.69,0.12,PREMIUM_FINANCE,2021,POLARIS
ALB-MOT-0002795,P0000048,MOT,Private Motor,BRK0012,BROKER,2021-09-21,2022-09-21,IF,510.0,0.12,PREMIUM_FINANCE,2021,POLARIS
ALB-TRV-0002796,P0002188,TRV,Annual Travel,,BROKER,2019-04-26,2020-04-25,RN,576.1,0.12,MONTHLY_DD,2019,LEGACY_PAS
ALB-CPM-0002797,P0002979,CPM,Commercial Property,BRK0051,BROKER,2023-03-29,2024-03-28,IF,6439.16,0.12,ANNUAL,2023,POLARIS
ALB-CLB-0002798,P0003146,CLB,Commercial Liability,BRK0013,BROKER,2022-03-19,2023-03-19,EX,7273.93,0.12,MONTHLY_DD,2022,LEGACY_PAS
ALB-TRV-0002799,P0000101,TRV,Annual Travel,,BROKER,2019-01-25,2020-01-25,IF,2773.36,0.12,MONTHLY_DD,2019,POLARIS
ALB-CPM-0002800,P0000637,CPM,Commercial Property,BRK0052,DIRECT,2025-10-16,2026-10-16,LP,7237.17,0.12,ANNUAL,2025,LEGACY_PAS
ALB-HOM-0002801,P0000796,HOM,Home Buildings & Contents,BRK0034,DIRECT,2025-02-13,2026-02-13,CN,823.17,0.12,MONTHLY_DD,2025,POLARIS
ALB-CPM-0002802,P0000965,CPM,Commercial Property,BRK0004,BROKER,2020-05-28,2021-05-28,EX,9848.08,0.12,MONTHLY_DD,2020,POLARIS
ALB-CPM-0002803,P0003063,CPM,Commercial Property,BRK0007,BROKER,2023-11-10,2024-11-09,CN,5087.47,0.12,MONTHLY_DD,2023,LEGACY_PAS
ALB-CLB-0002804,P0000211,CLB,Commercial Liability,,AGGREGATOR,2021-06-27,2022-06-27,RN,5179.38,0.12,ANNUAL,2021,POLARIS
ALB-PET-0002805,P0000562,PET,Pet,,DIRECT,2024-03-29,2025-03-29,IF,1684.61,0.12,ANNUAL,2024,LEGACY_PAS
ALB-TRV-0002806,P0001388,TRV,Annual Travel,,BROKER,2019-01-14,2020-01-14,IF,1919.65,0.12,MONTHLY_DD,2019,LEGACY_PAS
ALB-CPM-0002807,P0001111,CPM,Commercial Property,,BROKER,2024-11-27,2025-11-27,CN,939.25,0.12,MONTHLY_DD,2024,LEGACY_PAS
ALB-CPM-0002808,P0001921,CPM,Commercial Property,,BROKER,2023-01-29,2024-01-29,IF,971.69,0.12,MONTHLY_DD,2023,LEGACY_PAS
ALB-MOT-0002809,P0001217,MOT,Private Motor,,AGGREGATOR,2018-04-10,2019-04-10,EX,2928.22,0.12,ANNUAL,2018,POLARIS
ALB-MOT-0002810,P0002220,MOT,Private Motor,,DIRECT,2023-04-28,2024-04-27,IF,621.86,0.12,MONTHLY_DD,2023,POLARIS
ALB-PET-0002811,P0001109,PET,Pet,,DIRECT,2019-10-23,2020-10-22,EX,1749.96,0.12,MONTHLY_DD,2019,LEGACY_PAS
ALB-CLB-0002812,P0000455,CLB,Commercial Liability,,DIRECT,2023-10-20,2024-10-19,IF,3005.81,0.12,ANNUAL,2023,POLARIS
ALB-PET-0002813,P0002659,PET,Pet,BRK0009,BROKER,2019-07-02,2020-07-01,IF,3965.26,0.12,PREMIUM_FINANCE,2019,POLARIS
ALB-TRV-0002814,P0001275,TRV,Annual Travel,,DIRECT,2020-10-04,2021-10-04,IF,2439.42,0.12,PREMIUM_FINANCE,2020,POLARIS
ALB-HOM-0002815,P0001034,HOM,Home Buildings & Contents,,BROKER,2022-11-29,2023-11-29,EX,3829.1,0.12,MONTHLY_DD,2022,LEGACY_PAS
ALB-CLB-0002816,P0002547,CLB,Commercial Liability,BRK0013,BROKER,2018-08-01,2019-08-01,LP,5268.62,0.12,MONTHLY_DD,2018,POLARIS
ALB-TRV-0002817,P0000968,TRV,Annual Travel,BRK0051,DIRECT,2020-07-20,2021-07-20,RN,3147.23,0.12,MONTHLY_DD,2020,LEGACY_PAS
ALB-CLB-0002818,P0001064,CLB,Commercial Liability,BRK0046,DIRECT,2020-06-06,2021-06-06,IF,6676.49,0.12,ANNUAL,2020,POLARIS
ALB-HOM-0002819,P0001396,HOM,Home Buildings & Contents,BRK0031,BROKER,2018-11-02,2019-11-02,RN,3325.07,0.12,PREMIUM_FINANCE,2018,POLARIS
ALB-MOT-0002820,P0001126,MOT,Private Motor,BRK0043,BROKER,2021-04-23,2022-04-23,CN,1847.25,0.12,MONTHLY_DD,2021,POLARIS
ALB-PET-0002821,P0001351,PET,Pet,BRK0046,BROKER,2022-09-18,2023-09-18,IF,3169.97,0.12,MONTHLY_DD,2022,LEGACY_PAS
ALB-CPM-0002822,P0001791,CPM,Commercial Property,,DIRECT,2021-12-06,2022-12-06,LP,4425.73,0.12,ANNUAL,2021,LEGACY_PAS
ALB-HOM-0002823,P0002362,HOM,Home Buildings & Contents,BRK0021,BROKER,2020-10-08,2021-10-08,IF,3755.65,0.12,MONTHLY_DD,2020,POLARIS
ALB-MOT-0002824,P0000726,MOT,Private Motor,BRK0013,BROKER,2025-06-18,2026-06-18,RN,1876.14,0.12,MONTHLY_DD,2025,LEGACY_PAS
ALB-CLB-0002825,P0001532,CLB,Commercial Liability,,DIRECT,2024-11-29,2025-11-29,IF,6524.19,0.12,ANNUAL,2024,LEGACY_PAS
ALB-PET-0002826,P0000950,PET,Pet,BRK0016,BROKER,2025-05-23,2026-05-23,IF,3570.38,0.12,PREMIUM_FINANCE,2025,POLARIS
ALB-MOT-0002827,P0001928,MOT,Private Motor,,AGGREGATOR,2020-09-14,2021-09-14,RN,931.49,0.12,MONTHLY_DD,2020,POLARIS
ALB-CPM-0002828,P0000935,CPM,Commercial Property,BRK0017,BROKER,2018-09-23,2019-09-23,IF,9195.85,0.12,MONTHLY_DD,2018,POLARIS
ALB-TRV-0002829,P0000523,TRV,Annual Travel,BRK0014,DIRECT,2022-05-23,2023-05-23,IF,3462.59,0.12,ANNUAL,2022,POLARIS
ALB-TRV-0002830,P0000494,TRV,Annual Travel,BRK0052,BROKER,2019-09-14,2020-09-13,CN,778.04,0.12,ANNUAL,2019,POLARIS
ALB-HOM-0002831,P0001431,HOM,Home Buildings & Contents,,AGGREGATOR,2020-01-06,2021-01-05,IF,2728.31,0.12,MONTHLY_DD,2020,POLARIS
ALB-MOT-0002832,P0002148,MOT,Private Motor,BRK0026,BROKER,2023-11-27,2024-11-26,IF,1272.42,0.12,MONTHLY_DD,2023,LEGACY_PAS
ALB-CLB-0002833,P0002500,CLB,Commercial Liability,BRK0048,BROKER,2022-06-06,2023-06-06,IF,10555.01,0.12,MONTHLY_DD,2022,POLARIS
ALB-MOT-0002834,P0003148,MOT,Private Motor,BRK0014,AGGREGATOR,2022-07-02,2023-07-02,IF,2138.21,0.12,ANNUAL,2022,POLARIS
ALB-MOT-0002835,P0000297,MOT,Private Motor,BRK0029,DIRECT,2020-09-08,2021-09-08,IF,3295.22,0.12,MONTHLY_DD,2020,POLARIS
ALB-HOM-0002836,P0000050,HOM,Home Buildings & Contents,BRK0032,BROKER,2020-02-03,2021-02-02,IF,836.13,0.12,ANNUAL,2020,POLARIS
ALB-CLB-0002837,P0002510,CLB,Commercial Liability,BRK0005,BROKER,2025-01-17,2026-01-17,EX,11294.01,0.12,MONTHLY_DD,2025,POLARIS
ALB-CLB-0002838,P0000039,CLB,Commercial Liability,,BROKER,2018-01-18,2019-01-18,EX,4690.68,0.12,MONTHLY_DD,2018,LEGACY_PAS
ALB-MOT-0002839,P0000287,MOT,Private Motor,,BROKER,2024-07-19,2025-07-19,IF,2057.65,0.12,PREMIUM_FINANCE,2024,LEGACY_PAS
ALB-CLB-0002840,P0001689,CLB,Commercial Liability,,AGGREGATOR,2020-08-08,2021-08-08,IF,5851.63,0.12,PREMIUM_FINANCE,2020,POLARIS
ALB-TRV-0002841,P0001432,TRV,Annual Travel,BRK0037,BROKER,2020-02-02,2021-02-01,IF,1682.04,0.12,ANNUAL,2020,POLARIS
ALB-TRV-0002842,P0000506,TRV,Annual Travel,BRK0038,BROKER,2023-06-15,2024-06-14,IF,4148.85,0.12,PREMIUM_FINANCE,2023,LEGACY_PAS
ALB-MOT-0002843,P0002255,MOT,Private Motor,BRK0006,BROKER,2025-05-23,2026-05-23,RN,1519.72,0.12,PREMIUM_FINANCE,2025,POLARIS
ALB-HOM-0002844,P0001009,HOM,Home Buildings & Contents,,BROKER,2021-11-10,2022-11-10,CN,3826.93,0.12,ANNUAL,2021,POLARIS
ALB-HOM-0002845,P0002597,HOM,Home Buildings & Contents,,DIRECT,2021-05-17,2022-05-17,EX,3907.64,0.12,ANNUAL,2021,POLARIS
ALB-TRV-0002846,P0002159,TRV,Annual Travel,BRK0023,DIRECT,2024-05-14,2025-05-14,IF,2165.12,0.12,ANNUAL,2024,POLARIS
ALB-PET-0002847,P0002879,PET,Pet,,DIRECT,2025-12-20,2026-12-20,CN,2516.59,0.12,PREMIUM_FINANCE,2025,POLARIS
ALB-MOT-0002848,P0003001,MOT,Private Motor,BRK0030,DIRECT,2024-04-07,2025-04-07,RN,2729.06,0.12,MONTHLY_DD,2024,LEGACY_PAS
ALB-CLB-0002849,P0002529,CLB,Commercial Liability,BRK0039,BROKER,2026-10-11,2027-10-11,IF,11407.48,0.12,ANNUAL,2026,LEGACY_PAS
ALB-CPM-0002850,P0002437,CPM,Commercial Property,BRK0004,BROKER,2025-06-10,2026-06-10,IF,7548.68,0.12,ANNUAL,2025,POLARIS
ALB-CPM-0002851,P0001239,CPM,Commercial Property,,DIRECT,2019-01-30,2020-01-30,IF,12148.88,0.12,ANNUAL,2019,LEGACY_PAS
ALB-CLB-0002852,P0002407,CLB,Commercial Liability,BRK0044,AGGREGATOR,2020-07-19,2021-07-19,IF,3607.96,0.12,PREMIUM_FINANCE,2020,POLARIS
ALB-PET-0002853,P0000882,PET,Pet,,DIRECT,2025-10-18,2026-10-18,LP,3263.93,0.12,MONTHLY_DD,2025,LEGACY_PAS
ALB-PET-0002854,P0000182,PET,Pet,,AGGREGATOR,2019-02-12,2020-02-12,RN,929.5,0.12,PREMIUM_FINANCE,2019,LEGACY_PAS
ALB-MOT-0002855,P0000431,MOT,Private Motor,,BROKER,2020-10-20,2021-10-20,RN,3947.22,0.12,ANNUAL,2020,POLARIS
ALB-MOT-0002856,P0001095,MOT,Private Motor,,DIRECT,2020-07-22,2021-07-22,EX,2989.96,0.12,ANNUAL,2020,POLARIS
ALB-MOT-0002857,P0002277,MOT,Private Motor,,DIRECT,2022-11-24,2023-11-24,RN,1291.8,0.12,ANNUAL,2022,POLARIS
ALB-HOM-0002858,P0002100,HOM,Home Buildings & Contents,BRK0001,BROKER,2018-10-14,2019-10-14,RN,2497.4,0.12,PREMIUM_FINANCE,2018,POLARIS
ALB-MOT-0002859,P0001177,MOT,Private Motor,,BROKER,2023-12-04,2024-12-03,IF,263.93,0.12,MONTHLY_DD,2023,POLARIS
ALB-MOT-0002860,P0002742,MOT,Private Motor,,AGGREGATOR,2021-10-24,2022-10-24,CN,253.59,0.12,MONTHLY_DD,2021,LEGACY_PAS
ALB-CPM-0002861,P0001581,CPM,Commercial Property,BRK0022,BROKER,2018-12-22,2019-12-22,IF,3847.24,0.12,ANNUAL,2018,POLARIS
ALB-PET-0002862,P0000385,PET,Pet,,DIRECT,2024-07-23,2025-07-23,IF,719.43,0.12,MONTHLY_DD,2024,POLARIS
ALB-CPM-0002863,P0002885,CPM,Commercial Property,BRK0011,DIRECT,2022-07-03,2023-07-03,IF,13168.54,0.12,MONTHLY_DD,2022,LEGACY_PAS
ALB-MOT-0002864,P0001822,MOT,Private Motor,BRK0021,AGGREGATOR,2024-08-30,2025-08-30,LP,1118.43,0.12,ANNUAL,2024,POLARIS
ALB-CLB-0002865,P0001812,CLB,Commercial Liability,BRK0017,AGGREGATOR,2020-03-26,2021-03-26,IF,7318.73,0.12,ANNUAL,2020,POLARIS
ALB-MOT-0002866,P0003076,MOT,Private Motor,,AGGREGATOR,2018-02-20,2019-02-20,EX,843.89,0.12,MONTHLY_DD,2018,POLARIS
ALB-PET-0002867,P0002906,PET,Pet,BRK0060,BROKER,2026-05-02,2027-05-02,EX,4017.61,0.12,ANNUAL,2026,POLARIS
ALB-TRV-0002868,P0000598,TRV,Annual Travel,,BROKER,2026-05-04,2027-05-04,RN,3022.81,0.12,ANNUAL,2026,POLARIS
ALB-TRV-0002869,P0002606,TRV,Annual Travel,BRK0017,DIRECT,2021-08-22,2022-08-22,LP,1930.34,0.12,ANNUAL,2021,POLARIS
ALB-CPM-0002870,P0001508,CPM,Commercial Property,BRK0001,BROKER,2018-01-05,2019-01-05,IF,8512.99,0.12,MONTHLY_DD,2018,POLARIS
ALB-CPM-0002871,P0002758,CPM,Commercial Property,BRK0020,BROKER,2020-07-06,2021-07-06,CN,3463.15,0.12,MONTHLY_DD,2020,POLARIS
ALB-MOT-0002872,P0002663,MOT,Private Motor,BRK0048,BROKER,2022-04-01,2023-04-01,IF,1437.63,0.12,MONTHLY_DD,2022,POLARIS
ALB-TRV-0002873,P0001603,TRV,Annual Travel,BRK0030,BROKER,2021-05-19,2022-05-19,IF,3599.59,0.12,MONTHLY_DD,2021,POLARIS
ALB-MOT-0002874,P0000950,MOT,Private Motor,BRK0051,BROKER,2018-02-21,2019-02-21,EX,2293.48,0.12,PREMIUM_FINANCE,2018,POLARIS
ALB-PET-0002875,P0002197,PET,Pet,,BROKER,2021-04-30,2022-04-30,IF,3214.87,0.12,PREMIUM_FINANCE,2021,LEGACY_PAS
ALB-CLB-0002876,P0002532,CLB,Commercial Liability,BRK0032,AGGREGATOR,2023-10-11,2024-10-10,IF,8295.92,0.12,MONTHLY_DD,2023,POLARIS
ALB-MOT-0002877,P0000215,MOT,Private Motor,BRK0058,DIRECT,2018-09-23,2019-09-23,IF,4168.24,0.12,MONTHLY_DD,2018,POLARIS
ALB-CLB-0002878,P0000919,CLB,Commercial Liability,,BROKER,2022-11-06,2023-11-06,CN,13348.34,0.12,ANNUAL,2022,POLARIS
ALB-TRV-0002879,P0000472,TRV,Annual Travel,,BROKER,2024-07-13,2025-07-13,IF,2927.25,0.12,MONTHLY_DD,2024,POLARIS
ALB-TRV-0002880,P0002390,TRV,Annual Travel,,BROKER,2024-07-06,2025-07-06,IF,1359.49,0.12,MONTHLY_DD,2024,LEGACY_PAS
ALB-TRV-0002881,P0001479,TRV,Annual Travel,BRK0006,BROKER,2019-05-28,2020-05-27,IF,3761.75,0.12,MONTHLY_DD,2019,POLARIS
ALB-PET-0002882,P0000137,PET,Pet,BRK0021,BROKER,2025-09-19,2026-09-19,EX,2566.22,0.12,MONTHLY_DD,2025,LEGACY_PAS
ALB-MOT-0002883,P0000147,MOT,Private Motor,BRK0012,BROKER,2026-05-20,2027-05-20,IF,1419.8,0.12,ANNUAL,2026,POLARIS
ALB-CPM-0002884,P0002780,CPM,Commercial Property,BRK0004,BROKER,2025-10-26,2026-10-26,RN,7819.95,0.12,ANNUAL,2025,POLARIS
ALB-CPM-0002885,P0000689,CPM,Commercial Property,BRK0034,DIRECT,2023-07-18,2024-07-17,EX,11335.37,0.12,PREMIUM_FINANCE,2023,LEGACY_PAS
ALB-CPM-0002886,P0001961,CPM,Commercial Property,BRK0057,AGGREGATOR,2026-02-13,2027-02-13,EX,3930.76,0.12,ANNUAL,2026,POLARIS
ALB-MOT-0002887,P0002887,MOT,Private Motor,BRK0011,BROKER,2026-10-28,2027-10-28,IF,3486.2,0.12,ANNUAL,2026,POLARIS
ALB-TRV-0002888,P0000553,TRV,Annual Travel,BRK0026,DIRECT,2018-06-01,2019-06-01,IF,3805.33,0.12,MONTHLY_DD,2018,POLARIS
ALB-HOM-0002889,P0003193,HOM,Home Buildings & Contents,BRK0041,BROKER,2019-11-16,2020-11-15,IF,3815.29,0.12,ANNUAL,2019,POLARIS
ALB-HOM-0002890,P0002263,HOM,Home Buildings & Contents,BRK0027,BROKER,2025-05-03,2026-05-03,RN,3225.86,0.12,MONTHLY_DD,2025,LEGACY_PAS
ALB-CLB-0002891,P0001661,CLB,Commercial Liability,BRK0013,BROKER,2025-11-20,2026-11-20,RN,6798.82,0.12,MONTHLY_DD,2025,LEGACY_PAS
ALB-CLB-0002892,P0002709,CLB,Commercial Liability,BRK0029,BROKER,2024-08-21,2025-08-21,CN,8475.29,0.12,ANNUAL,2024,POLARIS
ALB-CPM-0002893,P0002642,CPM,Commercial Property,BRK0048,BROKER,2026-02-22,2027-02-22,LP,9392.36,0.12,ANNUAL,2026,POLARIS
ALB-TRV-0002894,P0000641,TRV,Annual Travel,BRK0008,BROKER,2020-12-10,2021-12-10,IF,3922.76,0.12,ANNUAL,2020,LEGACY_PAS
ALB-PET-0002895,P0001958,PET,Pet,BRK0049,DIRECT,2020-09-17,2021-09-17,IF,2343.5,0.12,PREMIUM_FINANCE,2020,POLARIS
ALB-CLB-0002896,P0001757,CLB,Commercial Liability,,BROKER,2026-07-24,2027-07-24,EX,12565.8,0.12,ANNUAL,2026,POLARIS
ALB-PET-0002897,P0001644,PET,Pet,BRK0008,BROKER,2021-10-27,2022-10-27,RN,738.13,0.12,MONTHLY_DD,2021,LEGACY_PAS
ALB-CPM-0002898,P0001008,CPM,Commercial Property,BRK0023,BROKER,2022-08-01,2023-08-01,IF,9834.05,0.12,ANNUAL,2022,LEGACY_PAS
ALB-HOM-0002899,P0000253,HOM,Home Buildings & Contents,BRK0038,DIRECT,2019-08-11,2020-08-10,EX,1072.15,0.12,ANNUAL,2019,POLARIS
ALB-MOT-0002900,P0000742,MOT,Private Motor,,AGGREGATOR,2026-08-18,2027-08-18,EX,3019.68,0.12,ANNUAL,2026,POLARIS
ALB-PET-0002901,P0002903,PET,Pet,BRK0024,DIRECT,2019-07-28,2020-07-27,IF,877.34,0.12,PREMIUM_FINANCE,2019,POLARIS
ALB-TRV-0002902,P0001699,TRV,Annual Travel,,BROKER,2018-07-13,2019-07-13,IF,3774.37,0.12,MONTHLY_DD,2018,POLARIS
ALB-CLB-0002903,P0000409,CLB,Commercial Liability,,BROKER,2026-06-24,2027-06-24,IF,3902.74,0.12,ANNUAL,2026,LEGACY_PAS
ALB-HOM-0002904,P0000654,HOM,Home Buildings & Contents,,DIRECT,2021-12-24,2022-12-24,LP,1079.61,0.12,ANNUAL,2021,POLARIS
ALB-CLB-0002905,P0001761,CLB,Commercial Liability,BRK0046,BROKER,2021-10-04,2022-10-04,IF,11755.51,0.12,ANNUAL,2021,POLARIS
ALB-HOM-0002906,P0001620,HOM,Home Buildings & Contents,,AGGREGATOR,2023-09-13,2024-09-12,IF,1443.31,0.12,ANNUAL,2023,LEGACY_PAS
ALB-CLB-0002907,P0002544,CLB,Commercial Liability,BRK0017,BROKER,2023-06-21,2024-06-20,IF,10339.9,0.12,MONTHLY_DD,2023,LEGACY_PAS
ALB-MOT-0002908,P0002946,MOT,Private Motor,BRK0030,DIRECT,2024-09-12,2025-09-12,EX,1707.22,0.12,MONTHLY_DD,2024,POLARIS
ALB-MOT-0002909,P0001434,MOT,Private Motor,BRK0056,BROKER,2021-12-17,2022-12-17,RN,3160.55,0.12,PREMIUM_FINANCE,2021,LEGACY_PAS
ALB-PET-0002910,P0001689,PET,Pet,,DIRECT,2020-03-30,2021-03-30,LP,1552.43,0.12,MONTHLY_DD,2020,POLARIS
ALB-CLB-0002911,P0001496,CLB,Commercial Liability,,BROKER,2020-04-03,2021-04-03,RN,2809.25,0.12,ANNUAL,2020,POLARIS
ALB-HOM-0002912,P0001115,HOM,Home Buildings & Contents,BRK0006,BROKER,2025-04-18,2026-04-18,IF,2606.52,0.12,PREMIUM_FINANCE,2025,LEGACY_PAS
ALB-CPM-0002913,P0002797,CPM,Commercial Property,BRK0034,AGGREGATOR,2018-03-01,2019-03-01,IF,12058.83,0.12,ANNUAL,2018,POLARIS
ALB-CLB-0002914,P0001831,CLB,Commercial Liability,,DIRECT,2023-02-14,2024-02-14,CN,8817.64,0.12,ANNUAL,2023,LEGACY_PAS
ALB-TRV-0002915,P0002672,TRV,Annual Travel,,AGGREGATOR,2025-09-19,2026-09-19,IF,3646.88,0.12,MONTHLY_DD,2025,LEGACY_PAS
ALB-CLB-0002916,P0002532,CLB,Commercial Liability,BRK0046,BROKER,2024-04-23,2025-04-23,RN,7790.91,0.12,MONTHLY_DD,2024,POLARIS
ALB-MOT-0002917,P0000222,MOT,Private Motor,,DIRECT,2021-08-04,2022-08-04,IF,1799.36,0.12,MONTHLY_DD,2021,POLARIS
ALB-HOM-0002918,P0001258,HOM,Home Buildings & Contents,BRK0033,AGGREGATOR,2026-04-28,2027-04-28,RN,3558.19,0.12,ANNUAL,2026,POLARIS
ALB-TRV-0002919,P0000649,TRV,Annual Travel,BRK0031,DIRECT,2022-06-08,2023-06-08,CN,3120.64,0.12,ANNUAL,2022,POLARIS
ALB-TRV-0002920,P0002481,TRV,Annual Travel,,DIRECT,2020-01-29,2021-01-28,IF,1923.68,0.12,MONTHLY_DD,2020,POLARIS
ALB-CPM-0002921,P0000529,CPM,Commercial Property,,BROKER,2022-07-06,2023-07-06,IF,6404.71,0.12,ANNUAL,2022,LEGACY_PAS
ALB-CLB-0002922,P0001212,CLB,Commercial Liability,,BROKER,2018-02-10,2019-02-10,LP,3568.81,0.12,MONTHLY_DD,2018,POLARIS
ALB-CPM-0002923,P0002757,CPM,Commercial Property,BRK0054,DIRECT,2023-06-23,2024-06-22,IF,13536.13,0.12,MONTHLY_DD,2023,POLARIS
ALB-TRV-0002924,P0001073,TRV,Annual Travel,BRK0035,AGGREGATOR,2018-05-06,2019-05-06,IF,3899.7,0.12,MONTHLY_DD,2018,POLARIS
ALB-TRV-0002925,P0001217,TRV,Annual Travel,,DIRECT,2026-05-02,2027-05-02,RN,938.04,0.12,ANNUAL,2026,LEGACY_PAS
ALB-HOM-0002926,P0000312,HOM,Home Buildings & Contents,BRK0043,BROKER,2019-06-15,2020-06-14,IF,1389.72,0.12,PREMIUM_FINANCE,2019,POLARIS
ALB-MOT-0002927,P0001930,MOT,Private Motor,BRK0036,AGGREGATOR,2025-04-01,2026-04-01,EX,1573.67,0.12,PREMIUM_FINANCE,2025,POLARIS
ALB-HOM-0002928,P0001666,HOM,Home Buildings & Contents,BRK0056,BROKER,2026-02-10,2027-02-10,IF,2676.03,0.12,ANNUAL,2026,LEGACY_PAS
ALB-PET-0002929,P0002133,PET,Pet,BRK0013,DIRECT,2025-02-12,2026-02-12,IF,2787.27,0.12,ANNUAL,2025,POLARIS
ALB-HOM-0002930,P0000574,HOM,Home Buildings & Contents,BRK0032,BROKER,2026-06-30,2027-06-30,IF,2779.08,0.12,PREMIUM_FINANCE,2026,POLARIS
ALB-MOT-0002931,P0002333,MOT,Private Motor,BRK0002,AGGREGATOR,2020-03-16,2021-03-16,IF,790.43,0.12,MONTHLY_DD,2020,POLARIS
ALB-CPM-0002932,P0000505,CPM,Commercial Property,,DIRECT,2019-02-28,2020-02-28,EX,13657.25,0.12,ANNUAL,2019,POLARIS
ALB-CLB-0002933,P0000874,CLB,Commercial Liability,BRK0040,DIRECT,2023-09-28,2024-09-27,IF,5296.54,0.12,MONTHLY_DD,2023,LEGACY_PAS
ALB-CPM-0002934,P0000461,CPM,Commercial Property,BRK0055,BROKER,2025-08-28,2026-08-28,IF,7784.49,0.12,MONTHLY_DD,2025,POLARIS
ALB-PET-0002935,P0002699,PET,Pet,BRK0015,AGGREGATOR,2022-03-19,2023-03-19,IF,1450.37,0.12,ANNUAL,2022,LEGACY_PAS
ALB-CPM-0002936,P0001384,CPM,Commercial Property,BRK0023,DIRECT,2020-08-24,2021-08-24,EX,7093.93,0.12,MONTHLY_DD,2020,POLARIS
ALB-PET-0002937,P0002335,PET,Pet,,BROKER,2025-05-04,2026-05-04,EX,1160.94,0.12,ANNUAL,2025,POLARIS
ALB-CLB-0002938,P0002570,CLB,Commercial Liability,,AGGREGATOR,2020-10-11,2021-10-11,EX,3403.38,0.12,ANNUAL,2020,LEGACY_PAS
ALB-PET-0002939,P0003167,PET,Pet,,BROKER,2021-05-30,2022-05-30,IF,3119.96,0.12,PREMIUM_FINANCE,2021,POLARIS
ALB-CLB-0002940,P0000367,CLB,Commercial Liability,,BROKER,2019-12-23,2020-12-22,RN,8279.66,0.12,ANNUAL,2019,POLARIS
ALB-CLB-0002941,P0001495,CLB,Commercial Liability,,BROKER,2022-07-24,2023-07-24,CN,11772.37,0.12,MONTHLY_DD,2022,POLARIS
ALB-PET-0002942,P0002050,PET,Pet,,BROKER,2026-01-08,2027-01-08,IF,772.68,0.12,ANNUAL,2026,POLARIS
ALB-TRV-0002943,P0000835,TRV,Annual Travel,BRK0056,AGGREGATOR,2018-08-18,2019-08-18,IF,4000.45,0.12,MONTHLY_DD,2018,LEGACY_PAS
ALB-CLB-0002944,P0002682,CLB,Commercial Liability,,BROKER,2021-08-05,2022-08-05,IF,5656.33,0.12,ANNUAL,2021,POLARIS
ALB-HOM-0002945,P0001140,HOM,Home Buildings & Contents,BRK0020,BROKER,2020-06-22,2021-06-22,LP,2343.17,0.12,MONTHLY_DD,2020,POLARIS
ALB-CLB-0002946,P0002614,CLB,Commercial Liability,,BROKER,2024-03-23,2025-03-23,IF,11895.55,0.12,MONTHLY_DD,2024,POLARIS
ALB-MOT-0002947,P0000038,MOT,Private Motor,BRK0020,DIRECT,2025-07-12,2026-07-12,IF,279.94,0.12,MONTHLY_DD,2025,POLARIS
ALB-TRV-0002948,P0000417,TRV,Annual Travel,,BROKER,2021-06-03,2022-06-03,EX,2206.22,0.12,MONTHLY_DD,2021,POLARIS
ALB-CLB-0002949,P0002593,CLB,Commercial Liability,BRK0038,BROKER,2022-06-14,2023-06-14,LP,13421.77,0.12,ANNUAL,2022,POLARIS
ALB-PET-0002950,P0002904,PET,Pet,BRK0019,BROKER,2022-01-03,2023-01-03,IF,1675.24,0.12,MONTHLY_DD,2022,POLARIS
ALB-CPM-0002951,P0001296,CPM,Commercial Property,BRK0024,BROKER,2020-11-03,2021-11-03,IF,7648.54,0.12,MONTHLY_DD,2020,POLARIS
ALB-HOM-0002952,P0000092,HOM,Home Buildings & Contents,BRK0030,AGGREGATOR,2022-10-19,2023-10-19,RN,2891.72,0.12,MONTHLY_DD,2022,POLARIS
ALB-MOT-0002953,P0000725,MOT,Private Motor,BRK0029,BROKER,2019-06-28,2020-06-27,RN,2053.16,0.12,PREMIUM_FINANCE,2019,POLARIS
ALB-CPM-0002954,P0001814,CPM,Commercial Property,,BROKER,2021-05-02,2022-05-02,LP,2088.97,0.12,ANNUAL,2021,POLARIS
ALB-MOT-0002955,P0000378,MOT,Private Motor,BRK0009,AGGREGATOR,2022-06-28,2023-06-28,IF,1620.15,0.12,PREMIUM_FINANCE,2022,LEGACY_PAS
ALB-TRV-0002956,P0002289,TRV,Annual Travel,BRK0031,DIRECT,2019-11-15,2020-11-14,EX,2489.14,0.12,ANNUAL,2019,POLARIS
ALB-CLB-0002957,P0002628,CLB,Commercial Liability,,BROKER,2023-03-28,2024-03-27,IF,11486.75,0.12,ANNUAL,2023,POLARIS
ALB-HOM-0002958,P0000405,HOM,Home Buildings & Contents,BRK0025,BROKER,2018-11-15,2019-11-15,CN,3320.1,0.12,ANNUAL,2018,POLARIS
ALB-CPM-0002959,P0000842,CPM,Commercial Property,BRK0043,DIRECT,2024-05-31,2025-05-31,EX,7327.03,0.12,ANNUAL,2024,POLARIS
ALB-CPM-0002960,P0001819,CPM,Commercial Property,BRK0006,BROKER,2020-12-01,2021-12-01,EX,4092.84,0.12,PREMIUM_FINANCE,2020,LEGACY_PAS
ALB-TRV-0002961,P0001228,TRV,Annual Travel,BRK0025,DIRECT,2025-10-09,2026-10-09,IF,3466.48,0.12,MONTHLY_DD,2025,POLARIS
ALB-TRV-0002962,P0000026,TRV,Annual Travel,BRK0022,BROKER,2026-07-08,2027-07-08,CN,2031.53,0.12,ANNUAL,2026,POLARIS
ALB-MOT-0002963,P0000051,MOT,Private Motor,BRK0003,BROKER,2026-04-04,2027-04-04,IF,1478.09,0.12,MONTHLY_DD,2026,LEGACY_PAS
ALB-MOT-0002964,P0002737,MOT,Private Motor,BRK0031,DIRECT,2019-06-28,2020-06-27,IF,3113.55,0.12,ANNUAL,2019,POLARIS
ALB-PET-0002965,P0002125,PET,Pet,BRK0049,DIRECT,2022-11-13,2023-11-13,IF,2686.94,0.12,PREMIUM_FINANCE,2022,POLARIS
ALB-CPM-0002966,P0000252,CPM,Commercial Property,,AGGREGATOR,2021-07-04,2022-07-04,IF,1778.42,0.12,PREMIUM_FINANCE,2021,POLARIS
ALB-TRV-0002967,P0002156,TRV,Annual Travel,BRK0026,BROKER,2023-06-22,2024-06-21,IF,1296.6,0.12,PREMIUM_FINANCE,2023,POLARIS
ALB-CLB-0002968,P0000423,CLB,Commercial Liability,BRK0019,AGGREGATOR,2025-05-01,2026-05-01,IF,874.33,0.12,ANNUAL,2025,POLARIS
ALB-CLB-0002969,P0001407,CLB,Commercial Liability,,BROKER,2026-07-15,2027-07-15,IF,1294.66,0.12,MONTHLY_DD,2026,LEGACY_PAS
ALB-TRV-0002970,P0002570,TRV,Annual Travel,BRK0024,BROKER,2018-04-11,2019-04-11,IF,3067.53,0.12,ANNUAL,2018,LEGACY_PAS
ALB-CLB-0002971,P0001877,CLB,Commercial Liability,BRK0049,DIRECT,2020-02-15,2021-02-14,IF,5690.18,0.12,MONTHLY_DD,2020,LEGACY_PAS
ALB-MOT-0002972,P0002202,MOT,Private Motor,,BROKER,2020-10-03,2021-10-03,IF,417.79,0.12,PREMIUM_FINANCE,2020,POLARIS
ALB-CPM-0002973,P0003092,CPM,Commercial Property,,DIRECT,2018-08-13,2019-08-13,RN,7545.55,0.12,MONTHLY_DD,2018,POLARIS
ALB-CLB-0002974,P0000713,CLB,Commercial Liability,,BROKER,2022-09-08,2023-09-08,IF,13693.63,0.12,PREMIUM_FINANCE,2022,POLARIS
ALB-CLB-0002975,P0001403,CLB,Commercial Liability,BRK0041,DIRECT,2026-06-09,2027-06-09,RN,1665.79,0.12,ANNUAL,2026,LEGACY_PAS
ALB-HOM-0002976,P0001569,HOM,Home Buildings & Contents,BRK0043,AGGREGATOR,2021-04-20,2022-04-20,RN,2016.99,0.12,PREMIUM_FINANCE,2021,LEGACY_PAS
ALB-PET-0002977,P0000587,PET,Pet,,BROKER,2020-03-09,2021-03-09,CN,1906.5,0.12,ANNUAL,2020,POLARIS
ALB-PET-0002978,P0002205,PET,Pet,,BROKER,2023-11-16,2024-11-15,IF,213.25,0.12,MONTHLY_DD,2023,POLARIS
ALB-CPM-0002979,P0000258,CPM,Commercial Property,BRK0039,BROKER,2021-10-20,2022-10-20,LP,6400.33,0.12,MONTHLY_DD,2021,POLARIS
ALB-MOT-0002980,P0001245,MOT,Private Motor,BRK0049,BROKER,2024-02-17,2025-02-16,IF,329.74,0.12,MONTHLY_DD,2024,POLARIS
ALB-CLB-0002981,P0002678,CLB,Commercial Liability,BRK0030,BROKER,2021-11-13,2022-11-13,IF,6766.39,0.12,MONTHLY_DD,2021,POLARIS
ALB-CLB-0002982,P0002971,CLB,Commercial Liability,BRK0046,DIRECT,2024-03-20,2025-03-20,CN,5171.65,0.12,MONTHLY_DD,2024,POLARIS
ALB-HOM-0002983,P0002324,HOM,Home Buildings & Contents,BRK0025,AGGREGATOR,2025-12-05,2026-12-05,RN,1320.75,0.12,ANNUAL,2025,POLARIS
ALB-HOM-0002984,P0002783,HOM,Home Buildings & Contents,,BROKER,2019-03-21,2020-03-20,LP,2099.3,0.12,ANNUAL,2019,POLARIS
ALB-PET-0002985,P0001725,PET,Pet,,BROKER,2026-01-29,2027-01-29,EX,2112.22,0.12,ANNUAL,2026,POLARIS
ALB-CPM-0002986,P0002268,CPM,Commercial Property,BRK0037,AGGREGATOR,2021-09-06,2022-09-06,IF,8264.48,0.12,MONTHLY_DD,2021,POLARIS
ALB-MOT-0002987,P0000447,MOT,Private Motor,BRK0003,BROKER,2019-11-30,2020-11-29,IF,3674.81,0.12,PREMIUM_FINANCE,2019,POLARIS
ALB-MOT-0002988,P0002387,MOT,Private Motor,BRK0049,DIRECT,2023-01-10,2024-01-10,LP,2461.12,0.12,ANNUAL,2023,LEGACY_PAS
ALB-MOT-0002989,P0002461,MOT,Private Motor,BRK0056,AGGREGATOR,2022-10-01,2023-10-01,LP,1999.55,0.12,PREMIUM_FINANCE,2022,LEGACY_PAS
ALB-HOM-0002990,P0001892,HOM,Home Buildings & Contents,BRK0044,BROKER,2024-09-02,2025-09-02,RN,941.79,0.12,PREMIUM_FINANCE,2024,LEGACY_PAS
ALB-CLB-0002991,P0002064,CLB,Commercial Liability,BRK0026,DIRECT,2019-11-25,2020-11-24,LP,3042.12,0.12,MONTHLY_DD,2019,POLARIS
ALB-CPM-0002992,P0000850,CPM,Commercial Property,BRK0010,BROKER,2025-01-29,2026-01-29,LP,11317.03,0.12,MONTHLY_DD,2025,LEGACY_PAS
ALB-HOM-0002993,P0002092,HOM,Home Buildings & Contents,BRK0021,BROKER,2018-02-09,2019-02-09,IF,2767.75,0.12,ANNUAL,2018,LEGACY_PAS
ALB-HOM-0002994,P0000983,HOM,Home Buildings & Contents,BRK0038,BROKER,2019-01-07,2020-01-07,IF,3734.6,0.12,MONTHLY_DD,2019,LEGACY_PAS
ALB-CPM-0002995,P0002608,CPM,Commercial Property,,BROKER,2026-09-10,2027-09-10,IF,6219.57,0.12,MONTHLY_DD,2026,POLARIS
ALB-HOM-0002996,P0001179,HOM,Home Buildings & Contents,BRK0009,DIRECT,2022-08-09,2023-08-09,IF,2152.4,0.12,MONTHLY_DD,2022,POLARIS
ALB-PET-0002997,P0001464,PET,Pet,,DIRECT,2020-05-07,2021-05-07,EX,3901.18,0.12,MONTHLY_DD,2020,POLARIS
ALB-CLB-0002998,P0001262,CLB,Commercial Liability,BRK0013,BROKER,2026-11-10,2027-11-10,IF,1225.35,0.12,ANNUAL,2026,POLARIS
ALB-TRV-0002999,P0000405,TRV,Annual Travel,,BROKER,2024-03-15,2025-03-15,RN,414.92,0.12,ANNUAL,2024,LEGACY_PAS
ALB-TRV-0003000,P0003020,TRV,Annual Travel,BRK0060,BROKER,2024-08-30,2025-08-30,IF,1226.51,0.12,ANNUAL,2024,POLARIS
ALB-PET-0003001,P0002966,PET,Pet,BRK0008,AGGREGATOR,2026-10-03,2027-10-03,IF,3246.4,0.12,PREMIUM_FINANCE,2026,POLARIS
ALB-PET-0003002,P0000093,PET,Pet,,BROKER,2021-06-13,2022-06-13,IF,3167.82,0.12,ANNUAL,2021,POLARIS
ALB-CPM-0003003,P0001069,CPM,Commercial Property,BRK0010,DIRECT,2025-01-22,2026-01-22,RN,8810.33,0.12,ANNUAL,2025,LEGACY_PAS
ALB-TRV-0003004,P0000174,TRV,Annual Travel,,AGGREGATOR,2023-01-02,2024-01-02,RN,1673.57,0.12,PREMIUM_FINANCE,2023,POLARIS
ALB-CPM-0003005,P0002573,CPM,Commercial Property,BRK0044,BROKER,2018-12-17,2019-12-17,LP,3081.99,0.12,MONTHLY_DD,2018,POLARIS
ALB-TRV-0003006,P0002407,TRV,Annual Travel,,AGGREGATOR,2026-12-13,2027-12-13,IF,4187.84,0.12,ANNUAL,2026,LEGACY_PAS
ALB-TRV-0003007,P0002152,TRV,Annual Travel,BRK0026,BROKER,2019-09-03,2020-09-02,IF,1876.48,0.12,MONTHLY_DD,2019,POLARIS
ALB-TRV-0003008,P0002180,TRV,Annual Travel,,AGGREGATOR,2018-03-30,2019-03-30,IF,1133.2,0.12,PREMIUM_FINANCE,2018,LEGACY_PAS
ALB-CLB-0003009,P0000054,CLB,Commercial Liability,,BROKER,2023-08-06,2024-08-05,RN,6342.55,0.12,PREMIUM_FINANCE,2023,POLARIS
ALB-TRV-0003010,P0002807,TRV,Annual Travel,,BROKER,2022-10-31,2023-10-31,RN,1110.25,0.12,ANNUAL,2022,POLARIS
ALB-TRV-0003011,P0000783,TRV,Annual Travel,BRK0009,DIRECT,2021-05-14,2022-05-14,LP,3358.48,0.12,ANNUAL,2021,POLARIS
ALB-TRV-0003012,P0001067,TRV,Annual Travel,,DIRECT,2022-11-19,2023-11-19,IF,2445.3,0.12,PREMIUM_FINANCE,2022,POLARIS
ALB-CLB-0003013,P0000888,CLB,Commercial Liability,BRK0033,DIRECT,2025-09-16,2026-09-16,IF,3859.38,0.12,MONTHLY_DD,2025,POLARIS
ALB-CPM-0003014,P0000271,CPM,Commercial Property,BRK0030,BROKER,2024-08-01,2025-08-01,IF,7431.04,0.12,ANNUAL,2024,POLARIS
ALB-PET-0003015,P0000788,PET,Pet,,BROKER,2019-12-30,2020-12-29,RN,2014.12,0.12,ANNUAL,2019,POLARIS
ALB-MOT-0003016,P0002993,MOT,Private Motor,BRK0060,AGGREGATOR,2026-08-03,2027-08-03,IF,2049.7,0.12,MONTHLY_DD,2026,POLARIS
ALB-TRV-0003017,P0000544,TRV,Annual Travel,,AGGREGATOR,2018-11-06,2019-11-06,IF,327.65,0.12,MONTHLY_DD,2018,POLARIS
ALB-MOT-0003018,P0000340,MOT,Private Motor,BRK0004,BROKER,2020-07-28,2021-07-28,RN,991.52,0.12,ANNUAL,2020,POLARIS
ALB-CPM-0003019,P0000861,CPM,Commercial Property,,BROKER,2020-02-13,2021-02-12,IF,7324.21,0.12,MONTHLY_DD,2020,LEGACY_PAS
ALB-MOT-0003020,P0002053,MOT,Private Motor,BRK0049,DIRECT,2018-12-14,2019-12-14,IF,3152.63,0.12,ANNUAL,2018,POLARIS
ALB-TRV-0003021,P0002764,TRV,Annual Travel,BRK0053,AGGREGATOR,2025-06-20,2026-06-20,EX,2807.75,0.12,MONTHLY_DD,2025,POLARIS
ALB-MOT-0003022,P0002216,MOT,Private Motor,BRK0035,BROKER,2022-05-18,2023-05-18,EX,2664.73,0.12,MONTHLY_DD,2022,POLARIS
ALB-CLB-0003023,P0003092,CLB,Commercial Liability,BRK0044,BROKER,2020-02-02,2021-02-01,RN,2091.41,0.12,MONTHLY_DD,2020,POLARIS
ALB-CPM-0003024,P0000205,CPM,Commercial Property,BRK0056,DIRECT,2021-04-09,2022-04-09,CN,4550.65,0.12,PREMIUM_FINANCE,2021,POLARIS
ALB-CLB-0003025,P0002238,CLB,Commercial Liability,BRK0007,BROKER,2020-01-20,2021-01-19,RN,11151.37,0.12,ANNUAL,2020,LEGACY_PAS
ALB-CLB-0003026,P0000180,CLB,Commercial Liability,,BROKER,2025-05-31,2026-05-31,IF,14074.06,0.12,ANNUAL,2025,POLARIS
ALB-PET-0003027,P0002877,PET,Pet,BRK0045,BROKER,2025-05-03,2026-05-03,CN,1359.51,0.12,MONTHLY_DD,2025,LEGACY_PAS
ALB-HOM-0003028,P0000752,HOM,Home Buildings & Contents,,BROKER,2018-09-02,2019-09-02,EX,2248.05,0.12,ANNUAL,2018,LEGACY_PAS
ALB-CPM-0003029,P0000122,CPM,Commercial Property,,DIRECT,2024-07-18,2025-07-18,RN,9947.1,0.12,ANNUAL,2024,POLARIS
ALB-MOT-0003030,P0003029,MOT,Private Motor,BRK0049,AGGREGATOR,2022-07-19,2023-07-19,RN,2034.5,0.12,MONTHLY_DD,2022,POLARIS
ALB-CLB-0003031,P0000410,CLB,Commercial Liability,BRK0052,AGGREGATOR,2018-06-29,2019-06-29,RN,7847.93,0.12,ANNUAL,2018,POLARIS
ALB-TRV-0003032,P0001738,TRV,Annual Travel,BRK0043,BROKER,2026-10-26,2027-10-26,RN,467.02,0.12,MONTHLY_DD,2026,POLARIS
ALB-PET-0003033,P0001821,PET,Pet,BRK0049,BROKER,2022-02-13,2023-02-13,IF,965.45,0.12,MONTHLY_DD,2022,LEGACY_PAS
ALB-PET-0003034,P0002943,PET,Pet,BRK0013,BROKER,2019-01-03,2020-01-03,IF,3679.6,0.12,MONTHLY_DD,2019,LEGACY_PAS
ALB-HOM-0003035,P0000396,HOM,Home Buildings & Contents,BRK0052,BROKER,2025-03-28,2026-03-28,EX,3988.74,0.12,PREMIUM_FINANCE,2025,POLARIS
ALB-MOT-0003036,P0001587,MOT,Private Motor,BRK0029,BROKER,2024-02-04,2025-02-03,LP,1650.51,0.12,ANNUAL,2024,POLARIS
ALB-CPM-0003037,P0001915,CPM,Commercial Property,,DIRECT,2026-01-06,2027-01-06,RN,1150.41,0.12,MONTHLY_DD,2026,LEGACY_PAS
ALB-PET-0003038,P0001888,PET,Pet,BRK0016,AGGREGATOR,2021-11-27,2022-11-27,IF,3219.62,0.12,MONTHLY_DD,2021,POLARIS
ALB-MOT-0003039,P0000082,MOT,Private Motor,,DIRECT,2020-01-01,2020-12-31,IF,2467.76,0.12,MONTHLY_DD,2020,LEGACY_PAS
ALB-CPM-0003040,P0001092,CPM,Commercial Property,BRK0033,AGGREGATOR,2020-08-23,2021-08-23,IF,9493.52,0.12,PREMIUM_FINANCE,2020,POLARIS
ALB-MOT-0003041,P0000684,MOT,Private Motor,BRK0035,AGGREGATOR,2026-06-12,2027-06-12,EX,485.65,0.12,ANNUAL,2026,POLARIS
ALB-PET-0003042,P0002317,PET,Pet,,DIRECT,2018-07-21,2019-07-21,IF,3403.31,0.12,ANNUAL,2018,POLARIS
ALB-CLB-0003043,P0000385,CLB,Commercial Liability,,BROKER,2021-01-12,2022-01-12,EX,973.11,0.12,ANNUAL,2021,LEGACY_PAS
ALB-TRV-0003044,P0002259,TRV,Annual Travel,,BROKER,2018-02-16,2019-02-16,IF,2562.52,0.12,ANNUAL,2018,POLARIS
ALB-TRV-0003045,P0000068,TRV,Annual Travel,BRK0019,DIRECT,2020-10-27,2021-10-27,RN,3101.25,0.12,MONTHLY_DD,2020,POLARIS
ALB-CPM-0003046,P0002652,CPM,Commercial Property,BRK0025,BROKER,2024-07-01,2025-07-01,IF,13156.9,0.12,MONTHLY_DD,2024,POLARIS
ALB-CLB-0003047,P0000338,CLB,Commercial Liability,BRK0058,BROKER,2022-09-09,2023-09-09,IF,8481.4,0.12,ANNUAL,2022,POLARIS
ALB-TRV-0003048,P0000215,TRV,Annual Travel,BRK0053,DIRECT,2020-09-29,2021-09-29,LP,1531.08,0.12,MONTHLY_DD,2020,POLARIS
ALB-PET-0003049,P0002584,PET,Pet,BRK0050,AGGREGATOR,2020-06-30,2021-06-30,IF,1403.57,0.12,PREMIUM_FINANCE,2020,POLARIS
ALB-CLB-0003050,P0002102,CLB,Commercial Liability,BRK0054,BROKER,2018-09-16,2019-09-16,RN,9467.28,0.12,ANNUAL,2018,LEGACY_PAS
ALB-PET-0003051,P0000815,PET,Pet,,BROKER,2018-02-05,2019-02-05,EX,3916.25,0.12,ANNUAL,2018,LEGACY_PAS
ALB-CPM-0003052,P0001065,CPM,Commercial Property,BRK0051,DIRECT,2025-04-18,2026-04-18,LP,6025.66,0.12,ANNUAL,2025,LEGACY_PAS
ALB-PET-0003053,P0000102,PET,Pet,,DIRECT,2022-10-18,2023-10-18,LP,207.73,0.12,MONTHLY_DD,2022,POLARIS
ALB-MOT-0003054,P0002637,MOT,Private Motor,BRK0026,BROKER,2024-06-18,2025-06-18,RN,1274.77,0.12,MONTHLY_DD,2024,POLARIS
ALB-CPM-0003055,P0001675,CPM,Commercial Property,,BROKER,2018-07-08,2019-07-08,IF,8029.21,0.12,MONTHLY_DD,2018,POLARIS
ALB-TRV-0003056,P0002928,TRV,Annual Travel,BRK0056,AGGREGATOR,2026-11-22,2027-11-22,RN,1069.38,0.12,ANNUAL,2026,POLARIS
ALB-CPM-0003057,P0000162,CPM,Commercial Property,,DIRECT,2023-08-08,2024-08-07,LP,1087.91,0.12,ANNUAL,2023,POLARIS
ALB-CLB-0003058,P0002641,CLB,Commercial Liability,,BROKER,2018-03-15,2019-03-15,IF,10025.71,0.12,MONTHLY_DD,2018,POLARIS
ALB-CPM-0003059,P0001871,CPM,Commercial Property,,BROKER,2024-03-27,2025-03-27,IF,7999.51,0.12,MONTHLY_DD,2024,POLARIS
ALB-HOM-0003060,P0001457,HOM,Home Buildings & Contents,BRK0025,BROKER,2018-08-06,2019-08-06,RN,1357.57,0.12,ANNUAL,2018,POLARIS
ALB-TRV-0003061,P0000952,TRV,Annual Travel,,DIRECT,2023-09-14,2024-09-13,EX,541.1,0.12,PREMIUM_FINANCE,2023,POLARIS
ALB-TRV-0003062,P0002491,TRV,Annual Travel,,BROKER,2019-09-02,2020-09-01,EX,1156.94,0.12,PREMIUM_FINANCE,2019,POLARIS
ALB-CPM-0003063,P0001892,CPM,Commercial Property,,BROKER,2023-05-03,2024-05-02,IF,13732.37,0.12,ANNUAL,2023,LEGACY_PAS
ALB-CPM-0003064,P0000739,CPM,Commercial Property,BRK0010,BROKER,2022-09-04,2023-09-04,IF,9093.98,0.12,PREMIUM_FINANCE,2022,POLARIS
ALB-TRV-0003065,P0001389,TRV,Annual Travel,,DIRECT,2022-11-12,2023-11-12,RN,3267.09,0.12,MONTHLY_DD,2022,POLARIS
ALB-PET-0003066,P0000730,PET,Pet,,AGGREGATOR,2019-03-05,2020-03-04,CN,3993.91,0.12,MONTHLY_DD,2019,LEGACY_PAS
ALB-CPM-0003067,P0001649,CPM,Commercial Property,BRK0044,DIRECT,2018-06-27,2019-06-27,IF,8042.2,0.12,ANNUAL,2018,POLARIS
ALB-TRV-0003068,P0001620,TRV,Annual Travel,,BROKER,2025-10-01,2026-10-01,IF,1371.84,0.12,PREMIUM_FINANCE,2025,POLARIS
ALB-MOT-0003069,P0001937,MOT,Private Motor,BRK0054,BROKER,2023-05-01,2024-04-30,IF,1805.27,0.12,MONTHLY_DD,2023,POLARIS
ALB-TRV-0003070,P0001474,TRV,Annual Travel,,AGGREGATOR,2022-10-20,2023-10-20,CN,1579.11,0.12,ANNUAL,2022,LEGACY_PAS
ALB-CPM-0003071,P0002485,CPM,Commercial Property,,DIRECT,2023-09-02,2024-09-01,IF,4409.25,0.12,MONTHLY_DD,2023,POLARIS
ALB-MOT-0003072,P0000649,MOT,Private Motor,BRK0042,AGGREGATOR,2024-01-28,2025-01-27,RN,3563.8,0.12,PREMIUM_FINANCE,2024,POLARIS
ALB-CLB-0003073,P0001340,CLB,Commercial Liability,,BROKER,2023-09-26,2024-09-25,LP,5984.82,0.12,ANNUAL,2023,POLARIS
ALB-CPM-0003074,P0002062,CPM,Commercial Property,BRK0019,BROKER,2018-07-02,2019-07-02,IF,2161.76,0.12,PREMIUM_FINANCE,2018,POLARIS
ALB-TRV-0003075,P0002700,TRV,Annual Travel,BRK0043,AGGREGATOR,2024-12-30,2025-12-30,RN,1499.13,0.12,MONTHLY_DD,2024,LEGACY_PAS
ALB-TRV-0003076,P0003183,TRV,Annual Travel,BRK0053,DIRECT,2025-05-10,2026-05-10,IF,3125.42,0.12,MONTHLY_DD,2025,POLARIS
ALB-TRV-0003077,P0002118,TRV,Annual Travel,,AGGREGATOR,2019-03-19,2020-03-18,EX,1171.05,0.12,MONTHLY_DD,2019,POLARIS
ALB-PET-0003078,P0001928,PET,Pet,,AGGREGATOR,2025-06-18,2026-06-18,LP,1643.41,0.12,ANNUAL,2025,LEGACY_PAS
ALB-PET-0003079,P0002210,PET,Pet,BRK0013,BROKER,2025-02-02,2026-02-02,IF,3151.41,0.12,MONTHLY_DD,2025,LEGACY_PAS
ALB-CPM-0003080,P0002913,CPM,Commercial Property,BRK0018,DIRECT,2023-10-29,2024-10-28,IF,11268.68,0.12,ANNUAL,2023,LEGACY_PAS
ALB-CPM-0003081,P0001311,CPM,Commercial Property,,BROKER,2023-09-23,2024-09-22,EX,9103.06,0.12,ANNUAL,2023,POLARIS
ALB-TRV-0003082,P0002270,TRV,Annual Travel,,BROKER,2024-10-12,2025-10-12,EX,1177.27,0.12,PREMIUM_FINANCE,2024,POLARIS
ALB-CPM-0003083,P0001813,CPM,Commercial Property,BRK0004,DIRECT,2023-04-12,2024-04-11,IF,12793.33,0.12,ANNUAL,2023,POLARIS
ALB-HOM-0003084,P0002075,HOM,Home Buildings & Contents,BRK0025,DIRECT,2022-05-07,2023-05-07,RN,1914.34,0.12,PREMIUM_FINANCE,2022,LEGACY_PAS
ALB-CPM-0003085,P0001941,CPM,Commercial Property,,BROKER,2022-12-12,2023-12-12,EX,4475.89,0.12,ANNUAL,2022,LEGACY_PAS
ALB-PET-0003086,P0002038,PET,Pet,BRK0003,AGGREGATOR,2019-11-23,2020-11-22,IF,312.72,0.12,PREMIUM_FINANCE,2019,POLARIS
ALB-HOM-0003087,P0002679,HOM,Home Buildings & Contents,BRK0008,BROKER,2022-09-10,2023-09-10,EX,2950.01,0.12,MONTHLY_DD,2022,LEGACY_PAS
ALB-CPM-0003088,P0002196,CPM,Commercial Property,,DIRECT,2023-05-21,2024-05-20,EX,11181.96,0.12,MONTHLY_DD,2023,POLARIS
ALB-TRV-0003089,P0000614,TRV,Annual Travel,,BROKER,2026-04-02,2027-04-02,RN,1843.03,0.12,ANNUAL,2026,POLARIS
ALB-PET-0003090,P0002562,PET,Pet,,AGGREGATOR,2026-09-07,2027-09-07,IF,2104.44,0.12,MONTHLY_DD,2026,LEGACY_PAS
ALB-HOM-0003091,P0000580,HOM,Home Buildings & Contents,,AGGREGATOR,2018-03-04,2019-03-04,IF,4034.41,0.12,MONTHLY_DD,2018,POLARIS
ALB-PET-0003092,P0001694,PET,Pet,BRK0024,BROKER,2025-08-20,2026-08-20,EX,1561.46,0.12,ANNUAL,2025,POLARIS
ALB-CLB-0003093,P0000829,CLB,Commercial Liability,BRK0052,BROKER,2023-04-09,2024-04-08,IF,11660.0,0.12,ANNUAL,2023,POLARIS
ALB-HOM-0003094,P0001736,HOM,Home Buildings & Contents,BRK0020,DIRECT,2019-04-25,2020-04-24,IF,1488.9,0.12,MONTHLY_DD,2019,POLARIS
ALB-TRV-0003095,P0001103,TRV,Annual Travel,,DIRECT,2025-03-30,2026-03-30,IF,2754.98,0.12,MONTHLY_DD,2025,LEGACY_PAS
ALB-CLB-0003096,P0002023,CLB,Commercial Liability,,DIRECT,2021-08-11,2022-08-11,IF,14508.67,0.12,MONTHLY_DD,2021,LEGACY_PAS
ALB-PET-0003097,P0003145,PET,Pet,,AGGREGATOR,2025-07-03,2026-07-03,IF,1651.41,0.12,MONTHLY_DD,2025,POLARIS
ALB-MOT-0003098,P0001865,MOT,Private Motor,BRK0013,DIRECT,2018-02-19,2019-02-19,IF,245.69,0.12,MONTHLY_DD,2018,POLARIS
ALB-MOT-0003099,P0000372,MOT,Private Motor,,BROKER,2025-02-21,2026-02-21,IF,2695.51,0.12,MONTHLY_DD,2025,POLARIS
ALB-CPM-0003100,P0000861,CPM,Commercial Property,BRK0007,BROKER,2021-10-21,2022-10-21,IF,1134.28,0.12,MONTHLY_DD,2021,POLARIS
ALB-CLB-0003101,P0002925,CLB,Commercial Liability,BRK0045,BROKER,2022-02-24,2023-02-24,CN,4810.86,0.12,MONTHLY_DD,2022,LEGACY_PAS
ALB-TRV-0003102,P0000971,TRV,Annual Travel,,BROKER,2018-02-26,2019-02-26,RN,804.39,0.12,MONTHLY_DD,2018,POLARIS
ALB-CLB-0003103,P0001328,CLB,Commercial Liability,BRK0001,DIRECT,2025-05-25,2026-05-25,IF,4496.33,0.12,MONTHLY_DD,2025,POLARIS
ALB-CLB-0003104,P0000638,CLB,Commercial Liability,,DIRECT,2025-06-08,2026-06-08,RN,12134.82,0.12,PREMIUM_FINANCE,2025,POLARIS
ALB-CLB-0003105,P0002638,CLB,Commercial Liability,BRK0039,DIRECT,2026-02-19,2027-02-19,IF,14559.67,0.12,MONTHLY_DD,2026,POLARIS
ALB-PET-0003106,P0002692,PET,Pet,BRK0036,AGGREGATOR,2019-04-10,2020-04-09,EX,3841.61,0.12,MONTHLY_DD,2019,POLARIS
ALB-MOT-0003107,P0002402,MOT,Private Motor,BRK0048,BROKER,2018-05-19,2019-05-19,IF,1742.19,0.12,MONTHLY_DD,2018,POLARIS
ALB-CPM-0003108,P0001057,CPM,Commercial Property,BRK0021,BROKER,2024-12-10,2025-12-10,RN,801.29,0.12,ANNUAL,2024,POLARIS
ALB-HOM-0003109,P0000698,HOM,Home Buildings & Contents,BRK0029,BROKER,2020-09-14,2021-09-14,RN,1271.46,0.12,MONTHLY_DD,2020,POLARIS
ALB-TRV-0003110,P0001314,TRV,Annual Travel,BRK0032,DIRECT,2021-06-04,2022-06-04,EX,4150.83,0.12,MONTHLY_DD,2021,POLARIS
ALB-CPM-0003111,P0002378,CPM,Commercial Property,BRK0036,DIRECT,2023-01-27,2024-01-27,IF,12991.96,0.12,ANNUAL,2023,POLARIS
ALB-HOM-0003112,P0002839,HOM,Home Buildings & Contents,BRK0054,DIRECT,2019-03-23,2020-03-22,IF,2521.24,0.12,ANNUAL,2019,POLARIS
ALB-CLB-0003113,P0001544,CLB,Commercial Liability,BRK0015,BROKER,2025-07-23,2026-07-23,IF,5667.77,0.12,ANNUAL,2025,POLARIS
ALB-PET-0003114,P0002151,PET,Pet,,DIRECT,2026-05-27,2027-05-27,LP,1335.76,0.12,ANNUAL,2026,LEGACY_PAS
ALB-PET-0003115,P0001057,PET,Pet,BRK0035,AGGREGATOR,2023-06-18,2024-06-17,IF,3071.51,0.12,PREMIUM_FINANCE,2023,POLARIS
ALB-MOT-0003116,P0001504,MOT,Private Motor,BRK0012,BROKER,2025-10-08,2026-10-08,RN,1438.52,0.12,PREMIUM_FINANCE,2025,LEGACY_PAS
ALB-TRV-0003117,P0003034,TRV,Annual Travel,,BROKER,2026-05-21,2027-05-21,IF,3891.08,0.12,ANNUAL,2026,LEGACY_PAS
ALB-PET-0003118,P0001006,PET,Pet,BRK0007,BROKER,2025-05-26,2026-05-26,IF,2829.26,0.12,ANNUAL,2025,POLARIS
ALB-PET-0003119,P0000528,PET,Pet,BRK0050,DIRECT,2025-01-01,2026-01-01,IF,3558.97,0.12,PREMIUM_FINANCE,2025,LEGACY_PAS
ALB-MOT-0003120,P0001738,MOT,Private Motor,,BROKER,2026-01-18,2027-01-18,LP,3782.67,0.12,MONTHLY_DD,2026,POLARIS
ALB-CLB-0003121,P0001470,CLB,Commercial Liability,BRK0026,DIRECT,2024-02-08,2025-02-07,IF,7722.51,0.12,MONTHLY_DD,2024,LEGACY_PAS
ALB-TRV-0003122,P0000687,TRV,Annual Travel,BRK0036,BROKER,2018-05-08,2019-05-08,IF,2470.6,0.12,PREMIUM_FINANCE,2018,POLARIS
ALB-HOM-0003123,P0002763,HOM,Home Buildings & Contents,BRK0025,BROKER,2025-09-08,2026-09-08,RN,1799.16,0.12,MONTHLY_DD,2025,POLARIS
ALB-PET-0003124,P0003141,PET,Pet,BRK0016,BROKER,2026-10-04,2027-10-04,IF,2161.61,0.12,ANNUAL,2026,LEGACY_PAS
ALB-MOT-0003125,P0000533,MOT,Private Motor,,BROKER,2022-07-29,2023-07-29,EX,1300.56,0.12,PREMIUM_FINANCE,2022,LEGACY_PAS
ALB-HOM-0003126,P0001165,HOM,Home Buildings & Contents,BRK0014,AGGREGATOR,2021-10-07,2022-10-07,CN,2908.38,0.12,MONTHLY_DD,2021,POLARIS
ALB-CLB-0003127,P0002004,CLB,Commercial Liability,,BROKER,2020-12-23,2021-12-23,EX,4087.41,0.12,PREMIUM_FINANCE,2020,POLARIS
ALB-MOT-0003128,P0001355,MOT,Private Motor,,BROKER,2019-10-30,2020-10-29,IF,3458.25,0.12,MONTHLY_DD,2019,POLARIS
ALB-PET-0003129,P0002869,PET,Pet,BRK0015,BROKER,2021-11-25,2022-11-25,IF,3619.44,0.12,MONTHLY_DD,2021,LEGACY_PAS
ALB-TRV-0003130,P0002672,TRV,Annual Travel,,DIRECT,2026-09-23,2027-09-23,RN,1558.76,0.12,MONTHLY_DD,2026,POLARIS
ALB-PET-0003131,P0001933,PET,Pet,BRK0035,DIRECT,2018-12-09,2019-12-09,IF,1206.92,0.12,PREMIUM_FINANCE,2018,POLARIS
ALB-CPM-0003132,P0002815,CPM,Commercial Property,,BROKER,2023-01-24,2024-01-24,IF,2639.04,0.12,MONTHLY_DD,2023,POLARIS
ALB-CPM-0003133,P0002370,CPM,Commercial Property,BRK0044,DIRECT,2026-10-18,2027-10-18,IF,2810.48,0.12,MONTHLY_DD,2026,LEGACY_PAS
ALB-CLB-0003134,P0002776,CLB,Commercial Liability,,BROKER,2021-04-01,2022-04-01,IF,13712.68,0.12,MONTHLY_DD,2021,POLARIS
ALB-TRV-0003135,P0000011,TRV,Annual Travel,BRK0045,BROKER,2023-12-29,2024-12-28,IF,210.14,0.12,ANNUAL,2023,POLARIS
ALB-MOT-0003136,P0003121,MOT,Private Motor,BRK0042,BROKER,2023-02-03,2024-02-03,IF,2146.45,0.12,MONTHLY_DD,2023,POLARIS
ALB-HOM-0003137,P0000962,HOM,Home Buildings & Contents,BRK0008,BROKER,2018-12-27,2019-12-27,IF,2674.67,0.12,MONTHLY_DD,2018,LEGACY_PAS
ALB-PET-0003138,P0000012,PET,Pet,,DIRECT,2021-01-06,2022-01-06,IF,4186.38,0.12,ANNUAL,2021,POLARIS
ALB-TRV-0003139,P0003187,TRV,Annual Travel,,BROKER,2021-01-13,2022-01-13,EX,4078.86,0.12,MONTHLY_DD,2021,POLARIS
ALB-CLB-0003140,P0001583,CLB,Commercial Liability,BRK0005,DIRECT,2021-08-26,2022-08-26,IF,5734.92,0.12,ANNUAL,2021,POLARIS
ALB-CPM-0003141,P0001134,CPM,Commercial Property,,BROKER,2019-07-31,2020-07-30,RN,9993.2,0.12,MONTHLY_DD,2019,POLARIS
ALB-PET-0003142,P0001477,PET,Pet,,AGGREGATOR,2026-11-24,2027-11-24,RN,1246.47,0.12,PREMIUM_FINANCE,2026,LEGACY_PAS
ALB-PET-0003143,P0002813,PET,Pet,BRK0054,BROKER,2022-09-29,2023-09-29,EX,3622.35,0.12,ANNUAL,2022,POLARIS
ALB-CPM-0003144,P0000618,CPM,Commercial Property,BRK0001,BROKER,2024-04-19,2025-04-19,IF,3840.81,0.12,MONTHLY_DD,2024,LEGACY_PAS
ALB-PET-0003145,P0003057,PET,Pet,BRK0028,DIRECT,2026-09-09,2027-09-09,RN,3453.19,0.12,PREMIUM_FINANCE,2026,POLARIS
ALB-HOM-0003146,P0002742,HOM,Home Buildings & Contents,BRK0036,DIRECT,2020-04-28,2021-04-28,LP,835.42,0.12,ANNUAL,2020,POLARIS
ALB-CLB-0003147,P0000213,CLB,Commercial Liability,BRK0003,BROKER,2024-09-19,2025-09-19,IF,6720.93,0.12,MONTHLY_DD,2024,LEGACY_PAS
ALB-CLB-0003148,P0001740,CLB,Commercial Liability,BRK0045,DIRECT,2025-03-24,2026-03-24,EX,9770.78,0.12,ANNUAL,2025,LEGACY_PAS
ALB-CPM-0003149,P0002372,CPM,Commercial Property,,BROKER,2021-12-21,2022-12-21,CN,13401.57,0.12,MONTHLY_DD,2021,POLARIS
ALB-TRV-0003150,P0002132,TRV,Annual Travel,BRK0051,BROKER,2024-03-31,2025-03-31,RN,2736.55,0.12,ANNUAL,2024,POLARIS
ALB-CLB-0003151,P0000120,CLB,Commercial Liability,BRK0016,BROKER,2024-07-20,2025-07-20,IF,4180.91,0.12,PREMIUM_FINANCE,2024,LEGACY_PAS
ALB-CPM-0003152,P0001065,CPM,Commercial Property,,DIRECT,2025-06-12,2026-06-12,IF,1923.52,0.12,ANNUAL,2025,POLARIS
ALB-TRV-0003153,P0001138,TRV,Annual Travel,BRK0028,AGGREGATOR,2018-02-27,2019-02-27,IF,3212.91,0.12,PREMIUM_FINANCE,2018,POLARIS
ALB-MOT-0003154,P0002588,MOT,Private Motor,,DIRECT,2026-04-08,2027-04-08,CN,285.94,0.12,MONTHLY_DD,2026,POLARIS
ALB-CPM-0003155,P0002878,CPM,Commercial Property,,AGGREGATOR,2025-04-03,2026-04-03,EX,12748.27,0.12,ANNUAL,2025,LEGACY_PAS
ALB-HOM-0003156,P0000416,HOM,Home Buildings & Contents,BRK0025,DIRECT,2020-10-21,2021-10-21,IF,3382.3,0.12,ANNUAL,2020,POLARIS
ALB-MOT-0003157,P0001767,MOT,Private Motor,BRK0011,AGGREGATOR,2021-09-20,2022-09-20,RN,289.56,0.12,PREMIUM_FINANCE,2021,POLARIS
ALB-TRV-0003158,P0000420,TRV,Annual Travel,BRK0059,BROKER,2025-06-10,2026-06-10,IF,212.23,0.12,MONTHLY_DD,2025,POLARIS
ALB-TRV-0003159,P0002066,TRV,Annual Travel,BRK0001,DIRECT,2021-08-20,2022-08-20,IF,2447.59,0.12,MONTHLY_DD,2021,LEGACY_PAS
ALB-HOM-0003160,P0001974,HOM,Home Buildings & Contents,,BROKER,2021-10-28,2022-10-28,LP,2851.85,0.12,PREMIUM_FINANCE,2021,POLARIS
ALB-MOT-0003161,P0000642,MOT,Private Motor,,BROKER,2022-10-23,2023-10-23,IF,1341.55,0.12,ANNUAL,2022,POLARIS
ALB-PET-0003162,P0002310,PET,Pet,BRK0049,BROKER,2020-03-13,2021-03-13,EX,1625.31,0.12,MONTHLY_DD,2020,LEGACY_PAS
ALB-CPM-0003163,P0000128,CPM,Commercial Property,BRK0037,BROKER,2024-09-10,2025-09-10,LP,3367.39,0.12,PREMIUM_FINANCE,2024,POLARIS
ALB-CPM-0003164,P0002955,CPM,Commercial Property,,DIRECT,2024-09-16,2025-09-16,EX,8538.69,0.12,ANNUAL,2024,POLARIS
ALB-CLB-0003165,P0000512,CLB,Commercial Liability,BRK0044,BROKER,2018-07-08,2019-07-08,EX,3009.26,0.12,PREMIUM_FINANCE,2018,LEGACY_PAS
ALB-CLB-0003166,P0001444,CLB,Commercial Liability,,BROKER,2023-05-05,2024-05-04,IF,11064.17,0.12,ANNUAL,2023,POLARIS
ALB-CLB-0003167,P0000777,CLB,Commercial Liability,BRK0021,BROKER,2023-08-06,2024-08-05,CN,4998.8,0.12,MONTHLY_DD,2023,LEGACY_PAS
ALB-MOT-0003168,P0000230,MOT,Private Motor,BRK0019,DIRECT,2021-07-31,2022-07-31,IF,3466.94,0.12,MONTHLY_DD,2021,POLARIS
ALB-CPM-0003169,P0001380,CPM,Commercial Property,BRK0018,BROKER,2023-11-09,2024-11-08,IF,7451.43,0.12,ANNUAL,2023,LEGACY_PAS
ALB-TRV-0003170,P0002803,TRV,Annual Travel,BRK0020,BROKER,2022-06-26,2023-06-26,EX,2475.82,0.12,ANNUAL,2022,LEGACY_PAS
ALB-CLB-0003171,P0000733,CLB,Commercial Liability,BRK0042,AGGREGATOR,2020-03-13,2021-03-13,IF,4330.73,0.12,MONTHLY_DD,2020,POLARIS
ALB-HOM-0003172,P0001046,HOM,Home Buildings & Contents,BRK0037,BROKER,2023-06-25,2024-06-24,IF,3798.43,0.12,MONTHLY_DD,2023,POLARIS
ALB-PET-0003173,P0001228,PET,Pet,,BROKER,2025-08-14,2026-08-14,RN,3412.8,0.12,ANNUAL,2025,POLARIS
ALB-CPM-0003174,P0001787,CPM,Commercial Property,BRK0008,DIRECT,2024-07-31,2025-07-31,IF,10407.39,0.12,ANNUAL,2024,POLARIS
ALB-CPM-0003175,P0002151,CPM,Commercial Property,BRK0055,DIRECT,2018-08-30,2019-08-30,IF,909.5,0.12,MONTHLY_DD,2018,POLARIS
ALB-PET-0003176,P0000518,PET,Pet,BRK0054,BROKER,2018-05-07,2019-05-07,RN,692.33,0.12,PREMIUM_FINANCE,2018,POLARIS
ALB-HOM-0003177,P0002368,HOM,Home Buildings & Contents,BRK0058,DIRECT,2023-04-05,2024-04-04,IF,2272.47,0.12,ANNUAL,2023,POLARIS
ALB-HOM-0003178,P0000102,HOM,Home Buildings & Contents,BRK0035,BROKER,2025-12-31,2026-12-31,EX,2904.1,0.12,MONTHLY_DD,2025,LEGACY_PAS
ALB-TRV-0003179,P0001475,TRV,Annual Travel,BRK0016,DIRECT,2023-07-05,2024-07-04,IF,674.44,0.12,ANNUAL,2023,POLARIS
ALB-TRV-0003180,P0003156,TRV,Annual Travel,BRK0055,DIRECT,2025-05-08,2026-05-08,RN,1066.85,0.12,ANNUAL,2025,POLARIS
ALB-CPM-0003181,P0001675,CPM,Commercial Property,,AGGREGATOR,2019-11-11,2020-11-10,IF,8860.16,0.12,MONTHLY_DD,2019,POLARIS
ALB-TRV-0003182,P0001377,TRV,Annual Travel,BRK0004,DIRECT,2019-03-19,2020-03-18,RN,3991.49,0.12,ANNUAL,2019,POLARIS
ALB-PET-0003183,P0001265,PET,Pet,BRK0044,BROKER,2018-11-30,2019-11-30,IF,2569.84,0.12,ANNUAL,2018,POLARIS
ALB-TRV-0003184,P0002238,TRV,Annual Travel,BRK0044,DIRECT,2021-07-23,2022-07-23,EX,2335.45,0.12,PREMIUM_FINANCE,2021,POLARIS
ALB-CLB-0003185,P0002238,CLB,Commercial Liability,,AGGREGATOR,2020-09-26,2021-09-26,LP,885.58,0.12,ANNUAL,2020,LEGACY_PAS
ALB-CLB-0003186,P0000982,CLB,Commercial Liability,,DIRECT,2019-09-25,2020-09-24,EX,719.56,0.12,PREMIUM_FINANCE,2019,LEGACY_PAS
ALB-CLB-0003187,P0001547,CLB,Commercial Liability,BRK0015,AGGREGATOR,2020-01-27,2021-01-26,IF,7230.67,0.12,PREMIUM_FINANCE,2020,LEGACY_PAS
ALB-CPM-0003188,P0002431,CPM,Commercial Property,,BROKER,2019-06-12,2020-06-11,IF,4773.54,0.12,ANNUAL,2019,POLARIS
ALB-CPM-0003189,P0000707,CPM,Commercial Property,BRK0051,DIRECT,2024-02-28,2025-02-27,LP,10990.5,0.12,ANNUAL,2024,POLARIS
ALB-TRV-0003190,P0002477,TRV,Annual Travel,BRK0028,DIRECT,2023-04-20,2024-04-19,IF,1851.07,0.12,PREMIUM_FINANCE,2023,POLARIS
ALB-TRV-0003191,P0002748,TRV,Annual Travel,BRK0042,DIRECT,2022-09-20,2023-09-20,RN,366.45,0.12,MONTHLY_DD,2022,LEGACY_PAS
ALB-CLB-0003192,P0002306,CLB,Commercial Liability,BRK0012,DIRECT,2026-03-20,2027-03-20,EX,11301.96,0.12,MONTHLY_DD,2026,POLARIS
ALB-MOT-0003193,P0001155,MOT,Private Motor,BRK0044,BROKER,2019-10-13,2020-10-12,RN,1020.13,0.12,MONTHLY_DD,2019,POLARIS
ALB-TRV-0003194,P0001549,TRV,Annual Travel,,BROKER,2020-05-24,2021-05-24,LP,1542.36,0.12,MONTHLY_DD,2020,POLARIS
ALB-PET-0003195,P0002932,PET,Pet,BRK0007,DIRECT,2023-07-16,2024-07-15,LP,2944.68,0.12,ANNUAL,2023,POLARIS
ALB-PET-0003196,P0001829,PET,Pet,BRK0036,AGGREGATOR,2023-09-20,2024-09-19,EX,890.07,0.12,MONTHLY_DD,2023,POLARIS
ALB-TRV-0003197,P0001718,TRV,Annual Travel,,AGGREGATOR,2019-08-26,2020-08-25,IF,2910.82,0.12,MONTHLY_DD,2019,POLARIS
ALB-TRV-0003198,P0002905,TRV,Annual Travel,BRK0012,AGGREGATOR,2020-07-03,2021-07-03,LP,3161.36,0.12,ANNUAL,2020,POLARIS
ALB-CPM-0003199,P0001510,CPM,Commercial Property,BRK0051,AGGREGATOR,2025-09-12,2026-09-12,IF,992.67,0.12,MONTHLY_DD,2025,POLARIS
ALB-CPM-0003200,P0002212,CPM,Commercial Property,,DIRECT,2023-08-29,2024-08-28,IF,2420.34,0.12,MONTHLY_DD,2023,POLARIS
ALB-HOM-0003201,P0001126,HOM,Home Buildings & Contents,,BROKER,2025-01-11,2026-01-11,RN,1248.58,0.12,ANNUAL,2025,POLARIS
ALB-CLB-0003202,P0000750,CLB,Commercial Liability,BRK0003,BROKER,2018-09-10,2019-09-10,EX,14542.25,0.12,ANNUAL,2018,LEGACY_PAS
ALB-MOT-0003203,P0001509,MOT,Private Motor,BRK0049,DIRECT,2022-01-26,2023-01-26,IF,1236.17,0.12,ANNUAL,2022,POLARIS
ALB-TRV-0003204,P0002803,TRV,Annual Travel,,DIRECT,2022-05-29,2023-05-29,RN,1315.52,0.12,MONTHLY_DD,2022,POLARIS
ALB-CLB-0003205,P0001375,CLB,Commercial Liability,BRK0033,DIRECT,2018-02-01,2019-02-01,IF,5669.33,0.12,ANNUAL,2018,LEGACY_PAS
ALB-PET-0003206,P0000419,PET,Pet,BRK0003,DIRECT,2025-10-03,2026-10-03,IF,3377.14,0.12,ANNUAL,2025,POLARIS
ALB-PET-0003207,P0001862,PET,Pet,,AGGREGATOR,2025-10-14,2026-10-14,RN,1822.13,0.12,PREMIUM_FINANCE,2025,LEGACY_PAS
ALB-CLB-0003208,P0002549,CLB,Commercial Liability,BRK0053,BROKER,2022-08-25,2023-08-25,EX,13112.34,0.12,MONTHLY_DD,2022,POLARIS
ALB-CLB-0003209,P0001064,CLB,Commercial Liability,BRK0042,AGGREGATOR,2025-02-11,2026-02-11,IF,7454.08,0.12,ANNUAL,2025,POLARIS
ALB-TRV-0003210,P0002383,TRV,Annual Travel,,BROKER,2018-10-12,2019-10-12,IF,1844.02,0.12,MONTHLY_DD,2018,LEGACY_PAS
ALB-CLB-0003211,P0001823,CLB,Commercial Liability,BRK0008,DIRECT,2025-06-24,2026-06-24,LP,9710.6,0.12,PREMIUM_FINANCE,2025,LEGACY_PAS
ALB-MOT-0003212,P0002981,MOT,Private Motor,,BROKER,2025-03-09,2026-03-09,IF,2052.11,0.12,ANNUAL,2025,POLARIS
ALB-HOM-0003213,P0002336,HOM,Home Buildings & Contents,,BROKER,2020-12-29,2021-12-29,RN,400.22,0.12,MONTHLY_DD,2020,POLARIS
ALB-HOM-0003214,P0001082,HOM,Home Buildings & Contents,,DIRECT,2023-01-20,2024-01-20,CN,709.5,0.12,PREMIUM_FINANCE,2023,LEGACY_PAS
ALB-PET-0003215,P0002100,PET,Pet,BRK0043,BROKER,2020-01-01,2020-12-31,RN,656.39,0.12,MONTHLY_DD,2020,POLARIS
ALB-PET-0003216,P0001638,PET,Pet,,BROKER,2024-03-31,2025-03-31,EX,3496.31,0.12,PREMIUM_FINANCE,2024,POLARIS
ALB-CPM-0003217,P0002181,CPM,Commercial Property,BRK0058,AGGREGATOR,2020-08-04,2021-08-04,CN,1803.75,0.12,PREMIUM_FINANCE,2020,LEGACY_PAS
ALB-CLB-0003218,P0002102,CLB,Commercial Liability,BRK0010,BROKER,2023-05-10,2024-05-09,LP,14232.41,0.12,PREMIUM_FINANCE,2023,POLARIS
ALB-CPM-0003219,P0000701,CPM,Commercial Property,BRK0021,AGGREGATOR,2019-03-31,2020-03-30,EX,6180.86,0.12,ANNUAL,2019,POLARIS
ALB-MOT-0003220,P0003166,MOT,Private Motor,BRK0009,BROKER,2018-01-05,2019-01-05,IF,314.06,0.12,ANNUAL,2018,LEGACY_PAS
ALB-HOM-0003221,P0000572,HOM,Home Buildings & Contents,BRK0001,DIRECT,2023-12-01,2024-11-30,EX,2638.18,0.12,MONTHLY_DD,2023,POLARIS
ALB-HOM-0003222,P0001995,HOM,Home Buildings & Contents,BRK0015,DIRECT,2022-09-11,2023-09-11,IF,777.03,0.12,ANNUAL,2022,LEGACY_PAS
ALB-HOM-0003223,P0000627,HOM,Home Buildings & Contents,BRK0018,BROKER,2019-11-29,2020-11-28,RN,1477.66,0.12,ANNUAL,2019,POLARIS
ALB-MOT-0003224,P0001109,MOT,Private Motor,BRK0002,BROKER,2023-06-03,2024-06-02,EX,3164.36,0.12,PREMIUM_FINANCE,2023,POLARIS
ALB-CPM-0003225,P0002098,CPM,Commercial Property,BRK0002,DIRECT,2026-04-13,2027-04-13,IF,7007.06,0.12,PREMIUM_FINANCE,2026,POLARIS
ALB-HOM-0003226,P0003011,HOM,Home Buildings & Contents,BRK0053,DIRECT,2023-03-14,2024-03-13,IF,3023.4,0.12,ANNUAL,2023,POLARIS
ALB-CPM-0003227,P0002755,CPM,Commercial Property,BRK0050,BROKER,2020-02-03,2021-02-02,IF,9580.55,0.12,PREMIUM_FINANCE,2020,POLARIS
ALB-CPM-0003228,P0001873,CPM,Commercial Property,BRK0048,AGGREGATOR,2019-11-08,2020-11-07,CN,9331.19,0.12,ANNUAL,2019,POLARIS
ALB-TRV-0003229,P0002860,TRV,Annual Travel,BRK0048,BROKER,2021-04-01,2022-04-01,IF,1964.28,0.12,MONTHLY_DD,2021,LEGACY_PAS
ALB-CPM-0003230,P0000148,CPM,Commercial Property,,BROKER,2021-11-10,2022-11-10,IF,3419.77,0.12,PREMIUM_FINANCE,2021,LEGACY_PAS
ALB-MOT-0003231,P0000929,MOT,Private Motor,,DIRECT,2019-08-20,2020-08-19,EX,2264.24,0.12,PREMIUM_FINANCE,2019,LEGACY_PAS
ALB-MOT-0003232,P0002494,MOT,Private Motor,,DIRECT,2022-05-19,2023-05-19,RN,1451.68,0.12,ANNUAL,2022,POLARIS
ALB-CPM-0003233,P0002751,CPM,Commercial Property,,BROKER,2026-04-28,2027-04-28,IF,2291.53,0.12,MONTHLY_DD,2026,LEGACY_PAS
ALB-TRV-0003234,P0000295,TRV,Annual Travel,BRK0043,DIRECT,2020-01-21,2021-01-20,CN,912.39,0.12,MONTHLY_DD,2020,POLARIS
ALB-TRV-0003235,P0002741,TRV,Annual Travel,,BROKER,2020-06-09,2021-06-09,LP,953.33,0.12,ANNUAL,2020,POLARIS
ALB-PET-0003236,P0000062,PET,Pet,,BROKER,2021-12-27,2022-12-27,CN,1306.56,0.12,ANNUAL,2021,POLARIS
ALB-CPM-0003237,P0000827,CPM,Commercial Property,BRK0029,DIRECT,2025-04-09,2026-04-09,CN,9228.49,0.12,MONTHLY_DD,2025,POLARIS
ALB-CLB-0003238,P0002591,CLB,Commercial Liability,BRK0051,DIRECT,2024-02-24,2025-02-23,CN,10500.36,0.12,MONTHLY_DD,2024,POLARIS
ALB-MOT-0003239,P0000172,MOT,Private Motor,BRK0046,AGGREGATOR,2019-12-03,2020-12-02,CN,215.28,0.12,MONTHLY_DD,2019,POLARIS
ALB-TRV-0003240,P0002282,TRV,Annual Travel,,AGGREGATOR,2024-07-24,2025-07-24,IF,811.73,0.12,PREMIUM_FINANCE,2024,POLARIS
ALB-HOM-0003241,P0002915,HOM,Home Buildings & Contents,,BROKER,2023-06-02,2024-06-01,IF,262.94,0.12,PREMIUM_FINANCE,2023,LEGACY_PAS
ALB-MOT-0003242,P0000241,MOT,Private Motor,BRK0006,BROKER,2018-02-04,2019-02-04,LP,1055.96,0.12,MONTHLY_DD,2018,POLARIS
ALB-CPM-0003243,P0000711,CPM,Commercial Property,BRK0055,AGGREGATOR,2019-11-21,2020-11-20,IF,14119.8,0.12,PREMIUM_FINANCE,2019,POLARIS
ALB-MOT-0003244,P0002096,MOT,Private Motor,BRK0038,AGGREGATOR,2021-10-01,2022-10-01,IF,1346.94,0.12,MONTHLY_DD,2021,POLARIS
ALB-MOT-0003245,P0000227,MOT,Private Motor,BRK0023,AGGREGATOR,2022-06-02,2023-06-02,IF,1311.1,0.12,PREMIUM_FINANCE,2022,POLARIS
ALB-CPM-0003246,P0000910,CPM,Commercial Property,BRK0021,DIRECT,2023-05-30,2024-05-29,IF,7358.87,0.12,ANNUAL,2023,LEGACY_PAS
ALB-CLB-0003247,P0002908,CLB,Commercial Liability,,DIRECT,2018-07-30,2019-07-30,IF,9943.79,0.12,ANNUAL,2018,POLARIS
ALB-CPM-0003248,P0001536,CPM,Commercial Property,,BROKER,2023-05-29,2024-05-28,IF,4210.56,0.12,ANNUAL,2023,POLARIS
ALB-TRV-0003249,P0001194,TRV,Annual Travel,BRK0033,BROKER,2022-07-17,2023-07-17,IF,2131.08,0.12,ANNUAL,2022,POLARIS
ALB-MOT-0003250,P0002519,MOT,Private Motor,,BROKER,2018-03-01,2019-03-01,IF,1353.47,0.12,ANNUAL,2018,POLARIS
ALB-MOT-0003251,P0002625,MOT,Private Motor,BRK0042,BROKER,2024-10-07,2025-10-07,IF,284.01,0.12,MONTHLY_DD,2024,POLARIS
ALB-MOT-0003252,P0001119,MOT,Private Motor,BRK0052,BROKER,2024-11-28,2025-11-28,IF,1580.4,0.12,ANNUAL,2024,POLARIS
ALB-PET-0003253,P0000904,PET,Pet,,DIRECT,2023-08-10,2024-08-09,IF,1611.25,0.12,PREMIUM_FINANCE,2023,POLARIS
ALB-PET-0003254,P0000962,PET,Pet,BRK0006,DIRECT,2019-12-26,2020-12-25,LP,2748.51,0.12,MONTHLY_DD,2019,LEGACY_PAS
ALB-CLB-0003255,P0002324,CLB,Commercial Liability,BRK0042,DIRECT,2024-06-14,2025-06-14,IF,3776.47,0.12,MONTHLY_DD,2024,POLARIS
ALB-CLB-0003256,P0001416,CLB,Commercial Liability,,BROKER,2021-10-03,2022-10-03,CN,2733.48,0.12,ANNUAL,2021,LEGACY_PAS
ALB-MOT-0003257,P0002138,MOT,Private Motor,BRK0052,DIRECT,2022-10-02,2023-10-02,IF,2412.2,0.12,PREMIUM_FINANCE,2022,POLARIS
ALB-CLB-0003258,P0000959,CLB,Commercial Liability,BRK0043,DIRECT,2021-04-10,2022-04-10,LP,8723.66,0.12,MONTHLY_DD,2021,POLARIS
ALB-HOM-0003259,P0002314,HOM,Home Buildings & Contents,BRK0060,DIRECT,2019-09-15,2020-09-14,RN,3705.95,0.12,ANNUAL,2019,POLARIS
ALB-CLB-0003260,P0003192,CLB,Commercial Liability,BRK0029,BROKER,2022-04-30,2023-04-30,IF,2601.67,0.12,PREMIUM_FINANCE,2022,LEGACY_PAS
ALB-CLB-0003261,P0001601,CLB,Commercial Liability,BRK0003,DIRECT,2019-07-24,2020-07-23,IF,12425.88,0.12,MONTHLY_DD,2019,POLARIS
ALB-TRV-0003262,P0001934,TRV,Annual Travel,,AGGREGATOR,2018-06-05,2019-06-05,RN,4076.83,0.12,PREMIUM_FINANCE,2018,POLARIS
ALB-HOM-0003263,P0002804,HOM,Home Buildings & Contents,BRK0013,AGGREGATOR,2023-11-03,2024-11-02,IF,3957.84,0.12,MONTHLY_DD,2023,LEGACY_PAS
ALB-CPM-0003264,P0003042,CPM,Commercial Property,,BROKER,2023-11-03,2024-11-02,CN,12167.1,0.12,MONTHLY_DD,2023,POLARIS
ALB-CPM-0003265,P0001257,CPM,Commercial Property,BRK0047,BROKER,2025-05-10,2026-05-10,IF,2904.34,0.12,MONTHLY_DD,2025,LEGACY_PAS
ALB-MOT-0003266,P0002884,MOT,Private Motor,BRK0014,BROKER,2026-10-19,2027-10-19,IF,2608.49,0.12,MONTHLY_DD,2026,POLARIS
ALB-HOM-0003267,P0001459,HOM,Home Buildings & Contents,,AGGREGATOR,2018-10-01,2019-10-01,IF,2215.42,0.12,ANNUAL,2018,POLARIS
ALB-MOT-0003268,P0003154,MOT,Private Motor,,BROKER,2024-10-20,2025-10-20,CN,3917.75,0.12,PREMIUM_FINANCE,2024,LEGACY_PAS
ALB-CLB-0003269,P0003170,CLB,Commercial Liability,BRK0042,BROKER,2020-10-05,2021-10-05,IF,5742.84,0.12,ANNUAL,2020,LEGACY_PAS
ALB-TRV-0003270,P0002696,TRV,Annual Travel,BRK0060,AGGREGATOR,2026-04-09,2027-04-09,IF,3474.39,0.12,MONTHLY_DD,2026,LEGACY_PAS
ALB-MOT-0003271,P0002844,MOT,Private Motor,,BROKER,2019-05-10,2020-05-09,IF,2344.37,0.12,MONTHLY_DD,2019,LEGACY_PAS
ALB-PET-0003272,P0001453,PET,Pet,BRK0042,AGGREGATOR,2025-03-03,2026-03-03,CN,3950.06,0.12,MONTHLY_DD,2025,LEGACY_PAS
ALB-MOT-0003273,P0001352,MOT,Private Motor,BRK0041,DIRECT,2023-12-13,2024-12-12,IF,626.38,0.12,MONTHLY_DD,2023,POLARIS
ALB-MOT-0003274,P0000798,MOT,Private Motor,BRK0004,AGGREGATOR,2022-07-02,2023-07-02,LP,1573.81,0.12,MONTHLY_DD,2022,POLARIS
ALB-HOM-0003275,P0000249,HOM,Home Buildings & Contents,BRK0059,DIRECT,2025-01-11,2026-01-11,RN,1007.1,0.12,ANNUAL,2025,POLARIS
ALB-TRV-0003276,P0002839,TRV,Annual Travel,,AGGREGATOR,2018-11-12,2019-11-12,IF,975.14,0.12,PREMIUM_FINANCE,2018,POLARIS
ALB-HOM-0003277,P0000860,HOM,Home Buildings & Contents,BRK0005,DIRECT,2024-03-25,2025-03-25,LP,2078.47,0.12,MONTHLY_DD,2024,LEGACY_PAS
ALB-PET-0003278,P0002750,PET,Pet,BRK0041,AGGREGATOR,2022-10-22,2023-10-22,EX,3152.65,0.12,PREMIUM_FINANCE,2022,POLARIS
ALB-CPM-0003279,P0002939,CPM,Commercial Property,,BROKER,2024-05-16,2025-05-16,CN,5278.24,0.12,MONTHLY_DD,2024,POLARIS
ALB-CPM-0003280,P0000242,CPM,Commercial Property,BRK0013,AGGREGATOR,2018-05-06,2019-05-06,IF,11950.21,0.12,MONTHLY_DD,2018,LEGACY_PAS
ALB-PET-0003281,P0001050,PET,Pet,BRK0001,AGGREGATOR,2026-09-05,2027-09-05,IF,445.47,0.12,PREMIUM_FINANCE,2026,POLARIS
ALB-CLB-0003282,P0001262,CLB,Commercial Liability,,DIRECT,2021-12-08,2022-12-08,CN,3028.91,0.12,ANNUAL,2021,POLARIS
ALB-TRV-0003283,P0002535,TRV,Annual Travel,,DIRECT,2023-10-02,2024-10-01,RN,3189.23,0.12,MONTHLY_DD,2023,POLARIS
ALB-PET-0003284,P0000359,PET,Pet,BRK0027,DIRECT,2024-08-23,2025-08-23,IF,2949.82,0.12,PREMIUM_FINANCE,2024,POLARIS
ALB-CLB-0003285,P0000270,CLB,Commercial Liability,BRK0005,BROKER,2026-09-11,2027-09-11,EX,2210.87,0.12,ANNUAL,2026,POLARIS
ALB-CLB-0003286,P0000591,CLB,Commercial Liability,BRK0058,DIRECT,2019-03-31,2020-03-30,RN,14336.74,0.12,MONTHLY_DD,2019,POLARIS
ALB-MOT-0003287,P0000060,MOT,Private Motor,BRK0011,DIRECT,2026-06-19,2027-06-19,LP,1030.93,0.12,ANNUAL,2026,POLARIS
ALB-CPM-0003288,P0001441,CPM,Commercial Property,,DIRECT,2021-06-29,2022-06-29,LP,7761.89,0.12,ANNUAL,2021,POLARIS
ALB-PET-0003289,P0000136,PET,Pet,,BROKER,2024-08-15,2025-08-15,RN,233.26,0.12,ANNUAL,2024,POLARIS
ALB-CLB-0003290,P0000622,CLB,Commercial Liability,BRK0032,BROKER,2020-03-19,2021-03-19,IF,10466.25,0.12,PREMIUM_FINANCE,2020,POLARIS
ALB-MOT-0003291,P0002444,MOT,Private Motor,BRK0057,AGGREGATOR,2023-01-24,2024-01-24,IF,1183.26,0.12,PREMIUM_FINANCE,2023,LEGACY_PAS
ALB-PET-0003292,P0001354,PET,Pet,,DIRECT,2018-01-08,2019-01-08,RN,1304.18,0.12,MONTHLY_DD,2018,POLARIS
ALB-CPM-0003293,P0001708,CPM,Commercial Property,BRK0051,BROKER,2019-03-09,2020-03-08,IF,1409.55,0.12,PREMIUM_FINANCE,2019,POLARIS
ALB-HOM-0003294,P0002368,HOM,Home Buildings & Contents,,BROKER,2018-03-22,2019-03-22,LP,3092.05,0.12,MONTHLY_DD,2018,POLARIS
ALB-TRV-0003295,P0001358,TRV,Annual Travel,BRK0036,BROKER,2023-01-15,2024-01-15,IF,502.65,0.12,ANNUAL,2023,POLARIS
ALB-HOM-0003296,P0001107,HOM,Home Buildings & Contents,BRK0032,BROKER,2018-03-27,2019-03-27,LP,2088.3,0.12,PREMIUM_FINANCE,2018,POLARIS
ALB-HOM-0003297,P0003014,HOM,Home Buildings & Contents,BRK0037,AGGREGATOR,2024-10-07,2025-10-07,EX,1326.17,0.12,MONTHLY_DD,2024,LEGACY_PAS
ALB-CLB-0003298,P0002638,CLB,Commercial Liability,BRK0059,AGGREGATOR,2018-12-31,2019-12-31,IF,8059.44,0.12,MONTHLY_DD,2018,POLARIS
ALB-TRV-0003299,P0002447,TRV,Annual Travel,,DIRECT,2019-12-11,2020-12-10,EX,3259.94,0.12,MONTHLY_DD,2019,POLARIS
ALB-TRV-0003300,P0000790,TRV,Annual Travel,,BROKER,2023-05-08,2024-05-07,IF,1772.46,0.12,ANNUAL,2023,POLARIS
ALB-PET-0003301,P0002102,PET,Pet,BRK0018,BROKER,2025-05-27,2026-05-27,RN,612.35,0.12,MONTHLY_DD,2025,POLARIS
ALB-PET-0003302,P0001846,PET,Pet,,BROKER,2024-09-02,2025-09-02,EX,2198.0,0.12,MONTHLY_DD,2024,LEGACY_PAS
ALB-CLB-0003303,P0003172,CLB,Commercial Liability,BRK0033,DIRECT,2022-07-20,2023-07-20,RN,14614.28,0.12,MONTHLY_DD,2022,LEGACY_PAS
ALB-MOT-0003304,P0003075,MOT,Private Motor,,BROKER,2025-03-14,2026-03-14,IF,1810.13,0.12,PREMIUM_FINANCE,2025,POLARIS
ALB-HOM-0003305,P0001720,HOM,Home Buildings & Contents,BRK0012,AGGREGATOR,2024-10-19,2025-10-19,LP,1395.39,0.12,PREMIUM_FINANCE,2024,POLARIS
ALB-PET-0003306,P0003014,PET,Pet,BRK0032,BROKER,2023-06-16,2024-06-15,EX,590.57,0.12,ANNUAL,2023,LEGACY_PAS
ALB-CPM-0003307,P0001183,CPM,Commercial Property,,BROKER,2018-03-23,2019-03-23,LP,11517.18,0.12,PREMIUM_FINANCE,2018,LEGACY_PAS
ALB-CPM-0003308,P0001264,CPM,Commercial Property,,DIRECT,2021-04-21,2022-04-21,RN,10697.11,0.12,ANNUAL,2021,POLARIS
ALB-CLB-0003309,P0001076,CLB,Commercial Liability,BRK0036,DIRECT,2025-10-07,2026-10-07,CN,8173.74,0.12,MONTHLY_DD,2025,POLARIS
ALB-TRV-0003310,P0001877,TRV,Annual Travel,BRK0056,DIRECT,2024-07-18,2025-07-18,IF,2451.29,0.12,PREMIUM_FINANCE,2024,LEGACY_PAS
ALB-MOT-0003311,P0002611,MOT,Private Motor,,AGGREGATOR,2023-05-25,2024-05-24,LP,645.15,0.12,PREMIUM_FINANCE,2023,POLARIS
ALB-CLB-0003312,P0002408,CLB,Commercial Liability,BRK0017,BROKER,2024-08-22,2025-08-22,IF,1423.07,0.12,ANNUAL,2024,LEGACY_PAS
ALB-CPM-0003313,P0002633,CPM,Commercial Property,BRK0057,DIRECT,2023-04-02,2024-04-01,IF,1421.15,0.12,PREMIUM_FINANCE,2023,POLARIS
ALB-TRV-0003314,P0000206,TRV,Annual Travel,,BROKER,2018-01-07,2019-01-07,EX,2689.75,0.12,PREMIUM_FINANCE,2018,POLARIS
ALB-HOM-0003315,P0001998,HOM,Home Buildings & Contents,,BROKER,2021-08-30,2022-08-30,EX,3304.48,0.12,PREMIUM_FINANCE,2021,POLARIS
ALB-MOT-0003316,P0000862,MOT,Private Motor,BRK0038,DIRECT,2023-11-04,2024-11-03,IF,2244.41,0.12,ANNUAL,2023,POLARIS
ALB-CLB-0003317,P0001046,CLB,Commercial Liability,BRK0047,DIRECT,2022-04-21,2023-04-21,RN,12803.6,0.12,ANNUAL,2022,POLARIS
ALB-CPM-0003318,P0002242,CPM,Commercial Property,,AGGREGATOR,2018-07-24,2019-07-24,IF,2284.67,0.12,ANNUAL,2018,POLARIS
ALB-CPM-0003319,P0000388,CPM,Commercial Property,BRK0042,AGGREGATOR,2024-08-18,2025-08-18,EX,9428.73,0.12,MONTHLY_DD,2024,POLARIS
ALB-CPM-0003320,P0001138,CPM,Commercial Property,BRK0049,DIRECT,2022-05-27,2023-05-27,IF,10245.81,0.12,ANNUAL,2022,POLARIS
ALB-TRV-0003321,P0000075,TRV,Annual Travel,,DIRECT,2025-02-23,2026-02-23,LP,1640.04,0.12,MONTHLY_DD,2025,POLARIS
ALB-TRV-0003322,P0003188,TRV,Annual Travel,BRK0050,DIRECT,2023-07-26,2024-07-25,EX,4124.26,0.12,ANNUAL,2023,LEGACY_PAS
ALB-CPM-0003323,P0000779,CPM,Commercial Property,BRK0035,BROKER,2026-11-14,2027-11-14,LP,5735.79,0.12,ANNUAL,2026,LEGACY_PAS
ALB-HOM-0003324,P0000371,HOM,Home Buildings & Contents,BRK0048,BROKER,2024-12-25,2025-12-25,IF,652.78,0.12,PREMIUM_FINANCE,2024,POLARIS
ALB-TRV-0003325,P0002416,TRV,Annual Travel,,DIRECT,2019-03-13,2020-03-12,EX,1219.28,0.12,MONTHLY_DD,2019,POLARIS
ALB-CPM-0003326,P0002089,CPM,Commercial Property,BRK0043,BROKER,2019-07-22,2020-07-21,IF,4382.19,0.12,ANNUAL,2019,POLARIS
ALB-PET-0003327,P0002733,PET,Pet,BRK0043,BROKER,2026-04-10,2027-04-10,EX,1300.33,0.12,MONTHLY_DD,2026,POLARIS
ALB-PET-0003328,P0000114,PET,Pet,,BROKER,2019-07-04,2020-07-03,EX,1326.44,0.12,ANNUAL,2019,LEGACY_PAS
ALB-TRV-0003329,P0003064,TRV,Annual Travel,,DIRECT,2021-11-30,2022-11-30,IF,3754.62,0.12,PREMIUM_FINANCE,2021,POLARIS
ALB-TRV-0003330,P0000812,TRV,Annual Travel,BRK0009,DIRECT,2025-06-03,2026-06-03,EX,4052.93,0.12,PREMIUM_FINANCE,2025,POLARIS
ALB-CPM-0003331,P0001997,CPM,Commercial Property,BRK0002,BROKER,2025-02-28,2026-02-28,IF,3255.32,0.12,MONTHLY_DD,2025,POLARIS
ALB-CPM-0003332,P0002082,CPM,Commercial Property,,BROKER,2020-12-27,2021-12-27,RN,8588.72,0.12,ANNUAL,2020,POLARIS
ALB-CPM-0003333,P0002411,CPM,Commercial Property,BRK0046,BROKER,2026-07-09,2027-07-09,IF,10460.85,0.12,ANNUAL,2026,POLARIS
ALB-CLB-0003334,P0000579,CLB,Commercial Liability,BRK0009,BROKER,2022-06-19,2023-06-19,IF,13881.31,0.12,PREMIUM_FINANCE,2022,POLARIS
ALB-PET-0003335,P0000312,PET,Pet,,AGGREGATOR,2022-06-03,2023-06-03,RN,728.0,0.12,MONTHLY_DD,2022,POLARIS
ALB-CPM-0003336,P0002783,CPM,Commercial Property,BRK0040,BROKER,2024-05-19,2025-05-19,RN,8635.3,0.12,MONTHLY_DD,2024,POLARIS
ALB-MOT-0003337,P0003090,MOT,Private Motor,BRK0012,BROKER,2025-12-31,2026-12-31,RN,3473.47,0.12,ANNUAL,2025,LEGACY_PAS
ALB-HOM-0003338,P0002360,HOM,Home Buildings & Contents,BRK0017,BROKER,2026-06-22,2027-06-22,LP,4104.77,0.12,MONTHLY_DD,2026,POLARIS
ALB-MOT-0003339,P0003004,MOT,Private Motor,BRK0022,DIRECT,2018-05-08,2019-05-08,CN,3668.5,0.12,PREMIUM_FINANCE,2018,POLARIS
ALB-PET-0003340,P0000915,PET,Pet,,BROKER,2024-08-15,2025-08-15,EX,951.07,0.12,ANNUAL,2024,POLARIS
ALB-CPM-0003341,P0001968,CPM,Commercial Property,BRK0016,AGGREGATOR,2025-09-24,2026-09-24,RN,6164.35,0.12,MONTHLY_DD,2025,LEGACY_PAS
ALB-CPM-0003342,P0000508,CPM,Commercial Property,BRK0025,DIRECT,2022-01-07,2023-01-07,IF,8874.75,0.12,ANNUAL,2022,POLARIS
ALB-TRV-0003343,P0001823,TRV,Annual Travel,,BROKER,2020-11-20,2021-11-20,IF,3607.64,0.12,ANNUAL,2020,LEGACY_PAS
ALB-CLB-0003344,P0001240,CLB,Commercial Liability,BRK0012,DIRECT,2021-05-03,2022-05-03,EX,2360.24,0.12,PREMIUM_FINANCE,2021,POLARIS
ALB-HOM-0003345,P0001244,HOM,Home Buildings & Contents,,AGGREGATOR,2024-06-14,2025-06-14,IF,4180.42,0.12,ANNUAL,2024,POLARIS
ALB-PET-0003346,P0001375,PET,Pet,BRK0009,BROKER,2024-09-30,2025-09-30,RN,407.72,0.12,PREMIUM_FINANCE,2024,POLARIS
ALB-TRV-0003347,P0003068,TRV,Annual Travel,,DIRECT,2025-01-23,2026-01-23,RN,2045.49,0.12,MONTHLY_DD,2025,POLARIS
ALB-CPM-0003348,P0000018,CPM,Commercial Property,BRK0046,AGGREGATOR,2020-08-24,2021-08-24,EX,13157.18,0.12,ANNUAL,2020,POLARIS
ALB-HOM-0003349,P0001884,HOM,Home Buildings & Contents,,BROKER,2026-09-08,2027-09-08,CN,2308.66,0.12,MONTHLY_DD,2026,POLARIS
ALB-CLB-0003350,P0002544,CLB,Commercial Liability,BRK0022,AGGREGATOR,2018-11-24,2019-11-24,LP,14647.64,0.12,MONTHLY_DD,2018,POLARIS
ALB-MOT-0003351,P0001458,MOT,Private Motor,BRK0032,BROKER,2020-02-19,2021-02-18,IF,3297.86,0.12,MONTHLY_DD,2020,POLARIS
ALB-CPM-0003352,P0000861,CPM,Commercial Property,BRK0015,BROKER,2026-10-07,2027-10-07,RN,6993.27,0.12,ANNUAL,2026,LEGACY_PAS
ALB-PET-0003353,P0002847,PET,Pet,,DIRECT,2018-09-16,2019-09-16,IF,2310.49,0.12,ANNUAL,2018,POLARIS
ALB-TRV-0003354,P0002497,TRV,Annual Travel,BRK0021,BROKER,2025-08-12,2026-08-12,CN,641.77,0.12,MONTHLY_DD,2025,LEGACY_PAS
ALB-MOT-0003355,P0000474,MOT,Private Motor,BRK0028,AGGREGATOR,2026-06-26,2027-06-26,RN,2654.08,0.12,PREMIUM_FINANCE,2026,LEGACY_PAS
ALB-CPM-0003356,P0002235,CPM,Commercial Property,,AGGREGATOR,2024-03-05,2025-03-05,EX,9842.34,0.12,MONTHLY_DD,2024,POLARIS
ALB-PET-0003357,P0000457,PET,Pet,,AGGREGATOR,2023-06-04,2024-06-03,IF,1135.34,0.12,ANNUAL,2023,LEGACY_PAS
ALB-CLB-0003358,P0001389,CLB,Commercial Liability,,AGGREGATOR,2021-03-07,2022-03-07,IF,10280.93,0.12,ANNUAL,2021,POLARIS
ALB-CPM-0003359,P0001740,CPM,Commercial Property,BRK0021,BROKER,2018-08-13,2019-08-13,IF,12920.17,0.12,MONTHLY_DD,2018,LEGACY_PAS
ALB-TRV-0003360,P0002992,TRV,Annual Travel,BRK0027,DIRECT,2023-01-05,2024-01-05,EX,2401.98,0.12,ANNUAL,2023,POLARIS
ALB-TRV-0003361,P0002026,TRV,Annual Travel,BRK0040,BROKER,2019-12-25,2020-12-24,IF,2637.77,0.12,MONTHLY_DD,2019,POLARIS
ALB-PET-0003362,P0001259,PET,Pet,,DIRECT,2020-10-04,2021-10-04,RN,1673.04,0.12,MONTHLY_DD,2020,POLARIS
ALB-MOT-0003363,P0002818,MOT,Private Motor,,BROKER,2025-12-13,2026-12-13,IF,760.59,0.12,ANNUAL,2025,POLARIS
ALB-CPM-0003364,P0001530,CPM,Commercial Property,BRK0015,BROKER,2024-01-06,2025-01-05,LP,13476.83,0.12,ANNUAL,2024,POLARIS
ALB-TRV-0003365,P0001574,TRV,Annual Travel,,BROKER,2018-06-10,2019-06-10,IF,3502.73,0.12,ANNUAL,2018,LEGACY_PAS
ALB-CLB-0003366,P0001148,CLB,Commercial Liability,,DIRECT,2022-12-04,2023-12-04,CN,1761.82,0.12,PREMIUM_FINANCE,2022,POLARIS
ALB-HOM-0003367,P0002022,HOM,Home Buildings & Contents,BRK0054,AGGREGATOR,2026-09-20,2027-09-20,IF,2061.86,0.12,PREMIUM_FINANCE,2026,POLARIS
ALB-MOT-0003368,P0000323,MOT,Private Motor,BRK0023,AGGREGATOR,2025-07-20,2026-07-20,IF,302.01,0.12,MONTHLY_DD,2025,POLARIS
ALB-HOM-0003369,P0000426,HOM,Home Buildings & Contents,BRK0002,AGGREGATOR,2018-05-06,2019-05-06,IF,220.4,0.12,ANNUAL,2018,POLARIS
ALB-CPM-0003370,P0001184,CPM,Commercial Property,BRK0050,BROKER,2019-04-14,2020-04-13,IF,11364.36,0.12,ANNUAL,2019,LEGACY_PAS
ALB-CLB-0003371,P0001354,CLB,Commercial Liability,,BROKER,2022-12-01,2023-12-01,CN,7056.62,0.12,PREMIUM_FINANCE,2022,POLARIS
ALB-PET-0003372,P0002914,PET,Pet,,AGGREGATOR,2026-09-28,2027-09-28,IF,1735.9,0.12,ANNUAL,2026,POLARIS
ALB-CPM-0003373,P0001467,CPM,Commercial Property,BRK0010,BROKER,2025-05-15,2026-05-15,IF,3371.13,0.12,PREMIUM_FINANCE,2025,POLARIS
ALB-PET-0003374,P0002088,PET,Pet,,BROKER,2023-01-09,2024-01-09,IF,3945.97,0.12,ANNUAL,2023,POLARIS
ALB-CLB-0003375,P0001679,CLB,Commercial Liability,BRK0001,BROKER,2019-03-08,2020-03-07,CN,14697.64,0.12,MONTHLY_DD,2019,POLARIS
ALB-PET-0003376,P0001407,PET,Pet,BRK0029,AGGREGATOR,2026-10-09,2027-10-09,LP,1533.29,0.12,MONTHLY_DD,2026,POLARIS
ALB-MOT-0003377,P0002195,MOT,Private Motor,,AGGREGATOR,2022-05-25,2023-05-25,LP,1010.34,0.12,MONTHLY_DD,2022,LEGACY_PAS
ALB-CLB-0003378,P0002063,CLB,Commercial Liability,BRK0006,BROKER,2024-09-14,2025-09-14,RN,1239.42,0.12,PREMIUM_FINANCE,2024,LEGACY_PAS
ALB-CPM-0003379,P0000705,CPM,Commercial Property,BRK0060,BROKER,2019-12-30,2020-12-29,RN,3118.06,0.12,ANNUAL,2019,POLARIS
ALB-CLB-0003380,P0001369,CLB,Commercial Liability,BRK0017,BROKER,2024-02-25,2025-02-24,EX,1479.53,0.12,MONTHLY_DD,2024,LEGACY_PAS
ALB-MOT-0003381,P0001751,MOT,Private Motor,,BROKER,2019-11-06,2020-11-05,RN,3645.84,0.12,ANNUAL,2019,POLARIS
ALB-PET-0003382,P0000561,PET,Pet,,BROKER,2024-01-19,2025-01-18,EX,3328.71,0.12,ANNUAL,2024,POLARIS
ALB-CPM-0003383,P0001276,CPM,Commercial Property,,DIRECT,2021-03-14,2022-03-14,RN,13294.74,0.12,MONTHLY_DD,2021,LEGACY_PAS
ALB-CLB-0003384,P0000064,CLB,Commercial Liability,BRK0014,BROKER,2019-06-11,2020-06-10,IF,14401.84,0.12,PREMIUM_FINANCE,2019,POLARIS
ALB-CPM-0003385,P0002702,CPM,Commercial Property,BRK0052,AGGREGATOR,2026-09-29,2027-09-29,IF,7242.01,0.12,ANNUAL,2026,POLARIS
ALB-TRV-0003386,P0003074,TRV,Annual Travel,,BROKER,2018-04-04,2019-04-04,RN,1685.58,0.12,ANNUAL,2018,LEGACY_PAS
ALB-CPM-0003387,P0001406,CPM,Commercial Property,BRK0002,DIRECT,2024-01-06,2025-01-05,RN,2936.94,0.12,PREMIUM_FINANCE,2024,LEGACY_PAS
ALB-CLB-0003388,P0001991,CLB,Commercial Liability,,DIRECT,2025-07-09,2026-07-09,IF,10486.55,0.12,ANNUAL,2025,LEGACY_PAS
ALB-PET-0003389,P0000818,PET,Pet,,DIRECT,2018-02-23,2019-02-23,IF,498.05,0.12,MONTHLY_DD,2018,POLARIS
ALB-PET-0003390,P0002471,PET,Pet,BRK0021,AGGREGATOR,2025-08-07,2026-08-07,LP,2838.85,0.12,MONTHLY_DD,2025,POLARIS
ALB-PET-0003391,P0000902,PET,Pet,BRK0052,BROKER,2022-02-25,2023-02-25,LP,2599.76,0.12,ANNUAL,2022,LEGACY_PAS
ALB-PET-0003392,P0000603,PET,Pet,,BROKER,2018-10-08,2019-10-08,IF,2268.4,0.12,ANNUAL,2018,LEGACY_PAS
ALB-CPM-0003393,P0002507,CPM,Commercial Property,,BROKER,2019-11-26,2020-11-25,IF,13745.32,0.12,ANNUAL,2019,POLARIS
ALB-PET-0003394,P0000654,PET,Pet,BRK0051,BROKER,2026-01-26,2027-01-26,EX,2405.86,0.12,MONTHLY_DD,2026,POLARIS
ALB-TRV-0003395,P0000766,TRV,Annual Travel,,AGGREGATOR,2020-04-28,2021-04-28,IF,3169.41,0.12,MONTHLY_DD,2020,POLARIS
ALB-CLB-0003396,P0001023,CLB,Commercial Liability,BRK0011,DIRECT,2026-10-23,2027-10-23,IF,10841.38,0.12,ANNUAL,2026,POLARIS
ALB-HOM-0003397,P0002207,HOM,Home Buildings & Contents,BRK0057,DIRECT,2024-01-29,2025-01-28,IF,498.88,0.12,MONTHLY_DD,2024,POLARIS
ALB-HOM-0003398,P0001716,HOM,Home Buildings & Contents,,DIRECT,2018-08-06,2019-08-06,RN,1410.4,0.12,ANNUAL,2018,LEGACY_PAS
ALB-CLB-0003399,P0000957,CLB,Commercial Liability,,BROKER,2026-07-28,2027-07-28,EX,2120.29,0.12,ANNUAL,2026,POLARIS
ALB-TRV-0003400,P0000569,TRV,Annual Travel,BRK0020,DIRECT,2020-09-18,2021-09-18,IF,2344.42,0.12,MONTHLY_DD,2020,POLARIS
ALB-HOM-0003401,P0001977,HOM,Home Buildings & Contents,BRK0016,AGGREGATOR,2021-02-03,2022-02-03,LP,682.24,0.12,PREMIUM_FINANCE,2021,LEGACY_PAS
ALB-HOM-0003402,P0000750,HOM,Home Buildings & Contents,,DIRECT,2018-12-02,2019-12-02,RN,1201.45,0.12,PREMIUM_FINANCE,2018,POLARIS
ALB-TRV-0003403,P0001298,TRV,Annual Travel,BRK0058,DIRECT,2024-05-28,2025-05-28,IF,3230.67,0.12,MONTHLY_DD,2024,POLARIS
ALB-CLB-0003404,P0002968,CLB,Commercial Liability,BRK0005,DIRECT,2022-04-09,2023-04-09,LP,4292.71,0.12,ANNUAL,2022,POLARIS
ALB-CPM-0003405,P0002521,CPM,Commercial Property,,BROKER,2025-02-22,2026-02-22,IF,5694.64,0.12,ANNUAL,2025,LEGACY_PAS
ALB-MOT-0003406,P0002567,MOT,Private Motor,BRK0003,BROKER,2021-10-18,2022-10-18,IF,4028.32,0.12,MONTHLY_DD,2021,POLARIS
ALB-PET-0003407,P0001754,PET,Pet,BRK0035,DIRECT,2026-07-10,2027-07-10,LP,3803.37,0.12,MONTHLY_DD,2026,POLARIS
ALB-MOT-0003408,P0001265,MOT,Private Motor,,DIRECT,2018-09-26,2019-09-26,EX,3107.17,0.12,PREMIUM_FINANCE,2018,POLARIS
ALB-CLB-0003409,P0002853,CLB,Commercial Liability,,BROKER,2025-05-19,2026-05-19,IF,7576.66,0.12,ANNUAL,2025,LEGACY_PAS
ALB-MOT-0003410,P0001103,MOT,Private Motor,,AGGREGATOR,2022-11-02,2023-11-02,IF,2235.54,0.12,MONTHLY_DD,2022,POLARIS
ALB-MOT-0003411,P0003130,MOT,Private Motor,,AGGREGATOR,2022-08-21,2023-08-21,LP,2454.15,0.12,ANNUAL,2022,POLARIS
ALB-MOT-0003412,P0002681,MOT,Private Motor,,DIRECT,2025-08-27,2026-08-27,EX,4014.83,0.12,PREMIUM_FINANCE,2025,POLARIS
ALB-PET-0003413,P0002899,PET,Pet,,BROKER,2026-08-10,2027-08-10,RN,3904.45,0.12,PREMIUM_FINANCE,2026,POLARIS
ALB-CPM-0003414,P0003091,CPM,Commercial Property,,AGGREGATOR,2025-12-14,2026-12-14,RN,3466.56,0.12,PREMIUM_FINANCE,2025,LEGACY_PAS
ALB-TRV-0003415,P0000963,TRV,Annual Travel,,BROKER,2022-01-04,2023-01-04,CN,2854.59,0.12,ANNUAL,2022,POLARIS
ALB-HOM-0003416,P0000410,HOM,Home Buildings & Contents,,BROKER,2019-01-03,2020-01-03,RN,2635.25,0.12,ANNUAL,2019,POLARIS
ALB-MOT-0003417,P0002208,MOT,Private Motor,,BROKER,2020-04-26,2021-04-26,IF,426.23,0.12,ANNUAL,2020,POLARIS
ALB-CLB-0003418,P0000404,CLB,Commercial Liability,BRK0027,AGGREGATOR,2024-02-04,2025-02-03,LP,13048.03,0.12,ANNUAL,2024,POLARIS
ALB-TRV-0003419,P0001920,TRV,Annual Travel,BRK0046,DIRECT,2024-08-08,2025-08-08,IF,4122.18,0.12,ANNUAL,2024,POLARIS
ALB-TRV-0003420,P0000431,TRV,Annual Travel,BRK0042,BROKER,2023-05-26,2024-05-25,IF,3326.59,0.12,PREMIUM_FINANCE,2023,POLARIS
ALB-MOT-0003421,P0002189,MOT,Private Motor,BRK0019,BROKER,2018-09-05,2019-09-05,CN,3136.38,0.12,PREMIUM_FINANCE,2018,POLARIS
ALB-HOM-0003422,P0001737,HOM,Home Buildings & Contents,BRK0009,DIRECT,2018-10-29,2019-10-29,EX,4042.79,0.12,MONTHLY_DD,2018,POLARIS
ALB-CPM-0003423,P0001985,CPM,Commercial Property,BRK0048,BROKER,2022-12-02,2023-12-02,RN,13889.89,0.12,PREMIUM_FINANCE,2022,LEGACY_PAS
ALB-CLB-0003424,P0001735,CLB,Commercial Liability,BRK0059,BROKER,2026-05-26,2027-05-26,EX,9018.06,0.12,ANNUAL,2026,LEGACY_PAS
ALB-HOM-0003425,P0001298,HOM,Home Buildings & Contents,,DIRECT,2026-08-10,2027-08-10,IF,1886.38,0.12,MONTHLY_DD,2026,POLARIS
ALB-TRV-0003426,P0002400,TRV,Annual Travel,BRK0040,DIRECT,2024-05-24,2025-05-24,EX,1973.14,0.12,PREMIUM_FINANCE,2024,POLARIS
ALB-CPM-0003427,P0001915,CPM,Commercial Property,BRK0001,BROKER,2019-12-17,2020-12-16,RN,13680.79,0.12,MONTHLY_DD,2019,POLARIS
ALB-CLB-0003428,P0002905,CLB,Commercial Liability,,AGGREGATOR,2022-10-03,2023-10-03,IF,1215.76,0.12,PREMIUM_FINANCE,2022,POLARIS
ALB-HOM-0003429,P0002260,HOM,Home Buildings & Contents,,BROKER,2021-06-03,2022-06-03,IF,1138.3,0.12,ANNUAL,2021,LEGACY_PAS
ALB-MOT-0003430,P0001971,MOT,Private Motor,,BROKER,2018-10-12,2019-10-12,RN,229.35,0.12,ANNUAL,2018,LEGACY_PAS
ALB-HOM-0003431,P0002065,HOM,Home Buildings & Contents,BRK0054,DIRECT,2026-05-31,2027-05-31,IF,1572.5,0.12,ANNUAL,2026,POLARIS
ALB-MOT-0003432,P0000624,MOT,Private Motor,BRK0053,DIRECT,2019-05-04,2020-05-03,EX,4119.62,0.12,ANNUAL,2019,POLARIS
ALB-HOM-0003433,P0002618,HOM,Home Buildings & Contents,BRK0006,BROKER,2025-04-14,2026-04-14,IF,386.79,0.12,ANNUAL,2025,POLARIS
ALB-TRV-0003434,P0001032,TRV,Annual Travel,BRK0008,DIRECT,2019-10-19,2020-10-18,RN,2399.26,0.12,PREMIUM_FINANCE,2019,LEGACY_PAS
ALB-CLB-0003435,P0001284,CLB,Commercial Liability,BRK0006,BROKER,2026-11-28,2027-11-28,LP,3896.63,0.12,PREMIUM_FINANCE,2026,LEGACY_PAS
ALB-MOT-0003436,P0001557,MOT,Private Motor,,BROKER,2025-07-16,2026-07-16,IF,428.96,0.12,ANNUAL,2025,POLARIS
ALB-HOM-0003437,P0001116,HOM,Home Buildings & Contents,,DIRECT,2021-03-30,2022-03-30,LP,1807.67,0.12,ANNUAL,2021,POLARIS
ALB-TRV-0003438,P0002429,TRV,Annual Travel,BRK0034,AGGREGATOR,2021-10-28,2022-10-28,IF,1500.77,0.12,ANNUAL,2021,LEGACY_PAS
ALB-HOM-0003439,P0000951,HOM,Home Buildings & Contents,BRK0004,BROKER,2022-09-26,2023-09-26,RN,2074.22,0.12,PREMIUM_FINANCE,2022,LEGACY_PAS
ALB-MOT-0003440,P0000242,MOT,Private Motor,,AGGREGATOR,2022-12-04,2023-12-04,CN,2620.62,0.12,ANNUAL,2022,POLARIS
ALB-CPM-0003441,P0001379,CPM,Commercial Property,,DIRECT,2019-12-29,2020-12-28,RN,14222.59,0.12,ANNUAL,2019,POLARIS
ALB-CLB-0003442,P0002558,CLB,Commercial Liability,,BROKER,2025-11-08,2026-11-08,IF,8520.83,0.12,ANNUAL,2025,LEGACY_PAS
ALB-CLB-0003443,P0000317,CLB,Commercial Liability,BRK0042,BROKER,2018-08-16,2019-08-16,EX,6031.86,0.12,MONTHLY_DD,2018,LEGACY_PAS
ALB-HOM-0003444,P0000701,HOM,Home Buildings & Contents,BRK0022,DIRECT,2022-08-28,2023-08-28,IF,3278.69,0.12,ANNUAL,2022,POLARIS
ALB-CPM-0003445,P0002521,CPM,Commercial Property,,DIRECT,2022-05-03,2023-05-03,CN,5294.09,0.12,ANNUAL,2022,POLARIS
ALB-HOM-0003446,P0001298,HOM,Home Buildings & Contents,,DIRECT,2022-04-06,2023-04-06,CN,2056.4,0.12,PREMIUM_FINANCE,2022,POLARIS
ALB-PET-0003447,P0000374,PET,Pet,BRK0020,AGGREGATOR,2023-08-23,2024-08-22,IF,1325.87,0.12,PREMIUM_FINANCE,2023,POLARIS
ALB-CPM-0003448,P0000317,CPM,Commercial Property,BRK0030,DIRECT,2023-12-15,2024-12-14,CN,9005.12,0.12,PREMIUM_FINANCE,2023,POLARIS
ALB-TRV-0003449,P0001607,TRV,Annual Travel,,DIRECT,2019-02-10,2020-02-10,EX,1201.77,0.12,PREMIUM_FINANCE,2019,LEGACY_PAS
ALB-MOT-0003450,P0001751,MOT,Private Motor,BRK0014,BROKER,2023-11-02,2024-11-01,IF,289.55,0.12,ANNUAL,2023,POLARIS
ALB-TRV-0003451,P0000260,TRV,Annual Travel,BRK0026,BROKER,2020-04-08,2021-04-08,IF,1763.37,0.12,MONTHLY_DD,2020,LEGACY_PAS
ALB-CPM-0003452,P0001360,CPM,Commercial Property,BRK0052,BROKER,2024-02-22,2025-02-21,CN,6003.39,0.12,ANNUAL,2024,POLARIS
ALB-CPM-0003453,P0002465,CPM,Commercial Property,BRK0007,BROKER,2021-07-22,2022-07-22,IF,5150.62,0.12,ANNUAL,2021,POLARIS
ALB-PET-0003454,P0002360,PET,Pet,,BROKER,2020-01-02,2021-01-01,IF,3692.42,0.12,PREMIUM_FINANCE,2020,POLARIS
ALB-PET-0003455,P0000437,PET,Pet,BRK0015,BROKER,2020-09-02,2021-09-02,IF,3962.21,0.12,ANNUAL,2020,POLARIS
ALB-MOT-0003456,P0000367,MOT,Private Motor,BRK0029,BROKER,2026-08-29,2027-08-29,IF,1482.81,0.12,MONTHLY_DD,2026,POLARIS
ALB-MOT-0003457,P0002447,MOT,Private Motor,BRK0005,DIRECT,2023-03-23,2024-03-22,IF,1063.95,0.12,MONTHLY_DD,2023,POLARIS
ALB-CPM-0003458,P0001691,CPM,Commercial Property,BRK0053,BROKER,2025-10-15,2026-10-15,IF,2739.13,0.12,MONTHLY_DD,2025,POLARIS
ALB-HOM-0003459,P0002464,HOM,Home Buildings & Contents,,DIRECT,2023-06-27,2024-06-26,IF,1402.2,0.12,MONTHLY_DD,2023,LEGACY_PAS
ALB-HOM-0003460,P0000981,HOM,Home Buildings & Contents,,DIRECT,2020-05-14,2021-05-14,IF,1643.28,0.12,PREMIUM_FINANCE,2020,POLARIS
ALB-MOT-0003461,P0001627,MOT,Private Motor,BRK0045,AGGREGATOR,2020-09-17,2021-09-17,IF,706.59,0.12,PREMIUM_FINANCE,2020,LEGACY_PAS
ALB-CPM-0003462,P0001818,CPM,Commercial Property,,BROKER,2022-11-14,2023-11-14,IF,7523.15,0.12,ANNUAL,2022,POLARIS
ALB-CPM-0003463,P0000188,CPM,Commercial Property,BRK0005,BROKER,2021-11-11,2022-11-11,CN,12177.42,0.12,MONTHLY_DD,2021,POLARIS
ALB-CLB-0003464,P0002243,CLB,Commercial Liability,,BROKER,2024-09-09,2025-09-09,RN,3748.89,0.12,MONTHLY_DD,2024,POLARIS
ALB-PET-0003465,P0001008,PET,Pet,BRK0026,DIRECT,2021-05-23,2022-05-23,IF,735.99,0.12,ANNUAL,2021,LEGACY_PAS
ALB-CLB-0003466,P0000099,CLB,Commercial Liability,,AGGREGATOR,2021-10-31,2022-10-31,IF,13321.35,0.12,ANNUAL,2021,POLARIS
ALB-PET-0003467,P0002501,PET,Pet,BRK0012,BROKER,2018-02-11,2019-02-11,CN,457.92,0.12,ANNUAL,2018,LEGACY_PAS
ALB-CLB-0003468,P0001765,CLB,Commercial Liability,BRK0035,AGGREGATOR,2020-10-10,2021-10-10,EX,6440.97,0.12,PREMIUM_FINANCE,2020,POLARIS
ALB-PET-0003469,P0000050,PET,Pet,BRK0009,BROKER,2020-09-27,2021-09-27,RN,1465.67,0.12,MONTHLY_DD,2020,POLARIS
ALB-HOM-0003470,P0001088,HOM,Home Buildings & Contents,BRK0018,AGGREGATOR,2018-09-07,2019-09-07,RN,555.14,0.12,MONTHLY_DD,2018,POLARIS
ALB-MOT-0003471,P0003171,MOT,Private Motor,BRK0047,BROKER,2021-01-01,2022-01-01,EX,933.21,0.12,PREMIUM_FINANCE,2021,POLARIS
ALB-HOM-0003472,P0001835,HOM,Home Buildings & Contents,,DIRECT,2026-08-12,2027-08-12,IF,1153.76,0.12,ANNUAL,2026,LEGACY_PAS
ALB-CLB-0003473,P0000441,CLB,Commercial Liability,,DIRECT,2023-09-19,2024-09-18,IF,14632.24,0.12,MONTHLY_DD,2023,LEGACY_PAS
ALB-CPM-0003474,P0002721,CPM,Commercial Property,BRK0014,DIRECT,2020-06-28,2021-06-28,EX,8265.85,0.12,ANNUAL,2020,LEGACY_PAS
ALB-HOM-0003475,P0001878,HOM,Home Buildings & Contents,,DIRECT,2024-10-26,2025-10-26,IF,3888.26,0.12,ANNUAL,2024,LEGACY_PAS
ALB-PET-0003476,P0001300,PET,Pet,BRK0013,BROKER,2022-10-15,2023-10-15,RN,4069.28,0.12,ANNUAL,2022,POLARIS
ALB-TRV-0003477,P0000565,TRV,Annual Travel,,BROKER,2023-04-01,2024-03-31,LP,2419.43,0.12,MONTHLY_DD,2023,POLARIS
ALB-CLB-0003478,P0002629,CLB,Commercial Liability,BRK0002,BROKER,2024-10-19,2025-10-19,EX,3937.03,0.12,MONTHLY_DD,2024,LEGACY_PAS
ALB-PET-0003479,P0000146,PET,Pet,BRK0009,BROKER,2018-03-13,2019-03-13,EX,2964.06,0.12,MONTHLY_DD,2018,POLARIS
ALB-HOM-0003480,P0002711,HOM,Home Buildings & Contents,BRK0005,BROKER,2022-06-12,2023-06-12,LP,3658.45,0.12,ANNUAL,2022,POLARIS
ALB-PET-0003481,P0002664,PET,Pet,,BROKER,2025-05-10,2026-05-10,LP,1668.2,0.12,PREMIUM_FINANCE,2025,LEGACY_PAS
ALB-CPM-0003482,P0001783,CPM,Commercial Property,BRK0020,BROKER,2025-08-16,2026-08-16,EX,3954.23,0.12,MONTHLY_DD,2025,LEGACY_PAS
ALB-HOM-0003483,P0002257,HOM,Home Buildings & Contents,,BROKER,2022-12-30,2023-12-30,CN,3508.56,0.12,MONTHLY_DD,2022,POLARIS
ALB-MOT-0003484,P0000515,MOT,Private Motor,,BROKER,2021-05-18,2022-05-18,IF,1340.01,0.12,ANNUAL,2021,POLARIS
ALB-TRV-0003485,P0001124,TRV,Annual Travel,,AGGREGATOR,2020-01-28,2021-01-27,CN,2189.98,0.12,PREMIUM_FINANCE,2020,POLARIS
ALB-HOM-0003486,P0002022,HOM,Home Buildings & Contents,BRK0030,BROKER,2023-06-06,2024-06-05,IF,3288.31,0.12,MONTHLY_DD,2023,POLARIS
ALB-CLB-0003487,P0002181,CLB,Commercial Liability,BRK0025,AGGREGATOR,2020-12-14,2021-12-14,IF,14040.96,0.12,ANNUAL,2020,POLARIS
ALB-PET-0003488,P0000617,PET,Pet,,BROKER,2025-08-11,2026-08-11,IF,2608.49,0.12,ANNUAL,2025,LEGACY_PAS
ALB-PET-0003489,P0002033,PET,Pet,BRK0028,DIRECT,2024-06-22,2025-06-22,IF,1660.97,0.12,PREMIUM_FINANCE,2024,LEGACY_PAS
ALB-CLB-0003490,P0003133,CLB,Commercial Liability,,AGGREGATOR,2026-07-15,2027-07-15,RN,14058.89,0.12,ANNUAL,2026,LEGACY_PAS
ALB-TRV-0003491,P0002788,TRV,Annual Travel,BRK0039,DIRECT,2019-01-18,2020-01-18,IF,770.13,0.12,ANNUAL,2019,POLARIS
ALB-CPM-0003492,P0000443,CPM,Commercial Property,,AGGREGATOR,2020-01-23,2021-01-22,LP,4343.13,0.12,PREMIUM_FINANCE,2020,LEGACY_PAS
ALB-PET-0003493,P0002760,PET,Pet,,BROKER,2024-07-06,2025-07-06,IF,3641.1,0.12,MONTHLY_DD,2024,POLARIS
ALB-TRV-0003494,P0002860,TRV,Annual Travel,BRK0010,BROKER,2018-02-16,2019-02-16,IF,292.84,0.12,MONTHLY_DD,2018,POLARIS
ALB-CLB-0003495,P0000974,CLB,Commercial Liability,,BROKER,2018-09-02,2019-09-02,RN,2203.94,0.12,ANNUAL,2018,LEGACY_PAS
ALB-TRV-0003496,P0001366,TRV,Annual Travel,,BROKER,2024-09-19,2025-09-19,LP,1423.26,0.12,MONTHLY_DD,2024,POLARIS
ALB-TRV-0003497,P0000680,TRV,Annual Travel,BRK0029,AGGREGATOR,2021-08-05,2022-08-05,LP,2516.82,0.12,ANNUAL,2021,LEGACY_PAS
ALB-PET-0003498,P0001440,PET,Pet,BRK0018,DIRECT,2024-12-09,2025-12-09,IF,1508.86,0.12,ANNUAL,2024,POLARIS
ALB-HOM-0003499,P0000577,HOM,Home Buildings & Contents,BRK0024,DIRECT,2026-03-12,2027-03-12,RN,450.32,0.12,MONTHLY_DD,2026,POLARIS
ALB-CPM-0003500,P0001541,CPM,Commercial Property,BRK0054,AGGREGATOR,2018-12-16,2019-12-16,IF,10515.4,0.12,MONTHLY_DD,2018,POLARIS
ALB-MOT-0003501,P0002440,MOT,Private Motor,BRK0024,BROKER,2023-11-18,2024-11-17,IF,2612.84,0.12,MONTHLY_DD,2023,LEGACY_PAS
ALB-PET-0003502,P0000246,PET,Pet,,AGGREGATOR,2026-03-11,2027-03-11,RN,4104.22,0.12,ANNUAL,2026,POLARIS
ALB-HOM-0003503,P0002924,HOM,Home Buildings & Contents,BRK0017,DIRECT,2022-03-24,2023-03-24,CN,3108.32,0.12,MONTHLY_DD,2022,POLARIS
ALB-PET-0003504,P0000973,PET,Pet,,BROKER,2019-06-22,2020-06-21,CN,2189.11,0.12,MONTHLY_DD,2019,POLARIS
ALB-HOM-0003505,P0000700,HOM,Home Buildings & Contents,BRK0026,BROKER,2023-08-28,2024-08-27,CN,1669.87,0.12,MONTHLY_DD,2023,POLARIS
ALB-CLB-0003506,P0000959,CLB,Commercial Liability,,DIRECT,2023-06-28,2024-06-27,IF,9089.86,0.12,PREMIUM_FINANCE,2023,LEGACY_PAS
ALB-HOM-0003507,P0002875,HOM,Home Buildings & Contents,BRK0019,BROKER,2018-05-22,2019-05-22,IF,317.22,0.12,MONTHLY_DD,2018,POLARIS
ALB-PET-0003508,P0002025,PET,Pet,BRK0048,BROKER,2024-12-31,2025-12-31,RN,3256.06,0.12,MONTHLY_DD,2024,POLARIS
ALB-CLB-0003509,P0001600,CLB,Commercial Liability,,BROKER,2023-10-29,2024-10-28,EX,7788.14,0.12,PREMIUM_FINANCE,2023,POLARIS
ALB-PET-0003510,P0002697,PET,Pet,BRK0024,DIRECT,2023-04-10,2024-04-09,IF,3243.52,0.12,MONTHLY_DD,2023,LEGACY_PAS
ALB-CLB-0003511,P0002331,CLB,Commercial Liability,,DIRECT,2018-12-05,2019-12-05,RN,11472.26,0.12,MONTHLY_DD,2018,POLARIS
ALB-CPM-0003512,P0001149,CPM,Commercial Property,BRK0060,BROKER,2020-10-26,2021-10-26,IF,5666.3,0.12,PREMIUM_FINANCE,2020,POLARIS
ALB-PET-0003513,P0000800,PET,Pet,BRK0029,BROKER,2023-11-10,2024-11-09,IF,2375.66,0.12,MONTHLY_DD,2023,POLARIS
ALB-PET-0003514,P0000007,PET,Pet,BRK0018,BROKER,2020-10-25,2021-10-25,EX,1781.73,0.12,MONTHLY_DD,2020,POLARIS
ALB-HOM-0003515,P0002940,HOM,Home Buildings & Contents,BRK0047,BROKER,2026-06-02,2027-06-02,EX,1311.91,0.12,ANNUAL,2026,LEGACY_PAS
ALB-CPM-0003516,P0001685,CPM,Commercial Property,BRK0005,BROKER,2026-02-06,2027-02-06,IF,5743.88,0.12,MONTHLY_DD,2026,POLARIS
ALB-HOM-0003517,P0000716,HOM,Home Buildings & Contents,BRK0045,DIRECT,2021-08-21,2022-08-21,LP,3177.77,0.12,ANNUAL,2021,LEGACY_PAS
ALB-MOT-0003518,P0000454,MOT,Private Motor,BRK0042,BROKER,2025-05-29,2026-05-29,EX,699.23,0.12,ANNUAL,2025,POLARIS
ALB-PET-0003519,P0000210,PET,Pet,,DIRECT,2018-12-28,2019-12-28,IF,1634.31,0.12,MONTHLY_DD,2018,POLARIS
ALB-CLB-0003520,P0002448,CLB,Commercial Liability,BRK0040,BROKER,2022-05-28,2023-05-28,IF,9671.33,0.12,MONTHLY_DD,2022,POLARIS
ALB-CPM-0003521,P0002523,CPM,Commercial Property,BRK0009,DIRECT,2023-08-19,2024-08-18,IF,2931.37,0.12,MONTHLY_DD,2023,POLARIS
ALB-CLB-0003522,P0000524,CLB,Commercial Liability,BRK0050,BROKER,2022-03-24,2023-03-24,EX,2448.7,0.12,MONTHLY_DD,2022,POLARIS
ALB-PET-0003523,P0000019,PET,Pet,,AGGREGATOR,2018-07-06,2019-07-06,IF,621.04,0.12,MONTHLY_DD,2018,LEGACY_PAS
ALB-MOT-0003524,P0000046,MOT,Private Motor,BRK0023,BROKER,2023-10-13,2024-10-12,LP,1271.4,0.12,PREMIUM_FINANCE,2023,POLARIS
ALB-CLB-0003525,P0000036,CLB,Commercial Liability,,AGGREGATOR,2026-04-07,2027-04-07,IF,10040.52,0.12,MONTHLY_DD,2026,LEGACY_PAS
ALB-CLB-0003526,P0002088,CLB,Commercial Liability,,BROKER,2026-10-01,2027-10-01,EX,3612.53,0.12,PREMIUM_FINANCE,2026,POLARIS
ALB-TRV-0003527,P0001225,TRV,Annual Travel,,BROKER,2023-09-03,2024-09-02,LP,3872.73,0.12,MONTHLY_DD,2023,LEGACY_PAS
ALB-MOT-0003528,P0002592,MOT,Private Motor,,BROKER,2018-12-08,2019-12-08,IF,3304.89,0.12,MONTHLY_DD,2018,POLARIS
ALB-CLB-0003529,P0001610,CLB,Commercial Liability,BRK0046,DIRECT,2025-01-14,2026-01-14,IF,6756.99,0.12,MONTHLY_DD,2025,POLARIS
ALB-CPM-0003530,P0001803,CPM,Commercial Property,BRK0053,BROKER,2025-03-12,2026-03-12,EX,7096.64,0.12,ANNUAL,2025,POLARIS
ALB-PET-0003531,P0002074,PET,Pet,,BROKER,2018-12-20,2019-12-20,IF,3749.91,0.12,ANNUAL,2018,LEGACY_PAS
ALB-CLB-0003532,P0001214,CLB,Commercial Liability,BRK0053,BROKER,2023-09-21,2024-09-20,LP,5274.11,0.12,ANNUAL,2023,POLARIS
ALB-HOM-0003533,P0002194,HOM,Home Buildings & Contents,BRK0043,DIRECT,2026-08-31,2027-08-31,IF,3703.05,0.12,ANNUAL,2026,POLARIS
ALB-CPM-0003534,P0000973,CPM,Commercial Property,BRK0021,BROKER,2018-05-13,2019-05-13,EX,2842.39,0.12,ANNUAL,2018,POLARIS
ALB-MOT-0003535,P0001212,MOT,Private Motor,,AGGREGATOR,2026-07-29,2027-07-29,IF,1079.63,0.12,MONTHLY_DD,2026,POLARIS
ALB-HOM-0003536,P0002585,HOM,Home Buildings & Contents,,DIRECT,2018-05-01,2019-05-01,LP,2095.39,0.12,MONTHLY_DD,2018,POLARIS
ALB-TRV-0003537,P0002771,TRV,Annual Travel,,BROKER,2019-01-31,2020-01-31,LP,1163.61,0.12,ANNUAL,2019,POLARIS
ALB-PET-0003538,P0002137,PET,Pet,,DIRECT,2019-06-27,2020-06-26,EX,1488.02,0.12,ANNUAL,2019,POLARIS
ALB-CLB-0003539,P0000851,CLB,Commercial Liability,BRK0048,AGGREGATOR,2025-09-05,2026-09-05,IF,2735.11,0.12,MONTHLY_DD,2025,LEGACY_PAS
ALB-CPM-0003540,P0001629,CPM,Commercial Property,BRK0041,BROKER,2021-10-17,2022-10-17,IF,8645.7,0.12,MONTHLY_DD,2021,POLARIS
ALB-CLB-0003541,P0002008,CLB,Commercial Liability,BRK0056,BROKER,2024-03-07,2025-03-07,CN,788.32,0.12,PREMIUM_FINANCE,2024,LEGACY_PAS
ALB-CPM-0003542,P0000869,CPM,Commercial Property,BRK0046,BROKER,2018-03-29,2019-03-29,CN,1397.38,0.12,MONTHLY_DD,2018,LEGACY_PAS
ALB-CLB-0003543,P0000676,CLB,Commercial Liability,,DIRECT,2018-12-05,2019-12-05,IF,3246.8,0.12,ANNUAL,2018,POLARIS
ALB-PET-0003544,P0000771,PET,Pet,,BROKER,2018-01-05,2019-01-05,IF,2036.52,0.12,ANNUAL,2018,POLARIS
ALB-CPM-0003545,P0000186,CPM,Commercial Property,BRK0028,DIRECT,2024-02-17,2025-02-16,EX,8844.01,0.12,PREMIUM_FINANCE,2024,POLARIS
ALB-CLB-0003546,P0002081,CLB,Commercial Liability,BRK0013,DIRECT,2019-08-29,2020-08-28,CN,1905.47,0.12,MONTHLY_DD,2019,POLARIS
ALB-CLB-0003547,P0000369,CLB,Commercial Liability,,BROKER,2025-04-12,2026-04-12,EX,7847.55,0.12,MONTHLY_DD,2025,POLARIS
ALB-HOM-0003548,P0002482,HOM,Home Buildings & Contents,BRK0005,BROKER,2020-08-02,2021-08-02,CN,2049.75,0.12,PREMIUM_FINANCE,2020,LEGACY_PAS
ALB-PET-0003549,P0000467,PET,Pet,,DIRECT,2024-08-22,2025-08-22,EX,2783.56,0.12,PREMIUM_FINANCE,2024,LEGACY_PAS
ALB-MOT-0003550,P0002799,MOT,Private Motor,,DIRECT,2026-03-28,2027-03-28,EX,2391.39,0.12,PREMIUM_FINANCE,2026,POLARIS
ALB-PET-0003551,P0000967,PET,Pet,BRK0008,AGGREGATOR,2019-05-23,2020-05-22,LP,1920.89,0.12,ANNUAL,2019,POLARIS
ALB-HOM-0003552,P0002860,HOM,Home Buildings & Contents,,DIRECT,2023-01-21,2024-01-21,IF,1053.96,0.12,ANNUAL,2023,LEGACY_PAS
ALB-PET-0003553,P0001895,PET,Pet,,BROKER,2019-02-02,2020-02-02,LP,2652.47,0.12,MONTHLY_DD,2019,LEGACY_PAS
ALB-TRV-0003554,P0001945,TRV,Annual Travel,BRK0021,DIRECT,2024-05-05,2025-05-05,LP,3617.54,0.12,PREMIUM_FINANCE,2024,POLARIS
ALB-HOM-0003555,P0000097,HOM,Home Buildings & Contents,BRK0053,DIRECT,2023-07-14,2024-07-13,RN,2129.82,0.12,MONTHLY_DD,2023,POLARIS
ALB-CPM-0003556,P0002732,CPM,Commercial Property,,DIRECT,2024-04-22,2025-04-22,LP,12167.26,0.12,MONTHLY_DD,2024,LEGACY_PAS
ALB-TRV-0003557,P0003143,TRV,Annual Travel,BRK0048,BROKER,2021-10-25,2022-10-25,IF,3631.27,0.12,ANNUAL,2021,LEGACY_PAS
ALB-CLB-0003558,P0002102,CLB,Commercial Liability,BRK0025,BROKER,2020-08-02,2021-08-02,IF,2833.02,0.12,MONTHLY_DD,2020,POLARIS
ALB-HOM-0003559,P0000603,HOM,Home Buildings & Contents,BRK0022,DIRECT,2024-08-06,2025-08-06,IF,201.62,0.12,ANNUAL,2024,POLARIS
ALB-CLB-0003560,P0002428,CLB,Commercial Liability,,DIRECT,2020-08-16,2021-08-16,EX,5391.04,0.12,ANNUAL,2020,POLARIS
ALB-MOT-0003561,P0002856,MOT,Private Motor,,AGGREGATOR,2024-02-08,2025-02-07,LP,1527.3,0.12,MONTHLY_DD,2024,LEGACY_PAS
ALB-CPM-0003562,P0000672,CPM,Commercial Property,BRK0045,DIRECT,2019-02-19,2020-02-19,IF,8478.04,0.12,ANNUAL,2019,POLARIS
ALB-PET-0003563,P0002289,PET,Pet,BRK0054,DIRECT,2018-07-18,2019-07-18,IF,378.04,0.12,ANNUAL,2018,LEGACY_PAS
ALB-HOM-0003564,P0000907,HOM,Home Buildings & Contents,BRK0013,BROKER,2018-05-09,2019-05-09,IF,268.05,0.12,ANNUAL,2018,LEGACY_PAS
ALB-HOM-0003565,P0000294,HOM,Home Buildings & Contents,BRK0047,DIRECT,2022-07-05,2023-07-05,RN,187.14,0.12,PREMIUM_FINANCE,2022,POLARIS
ALB-PET-0003566,P0002846,PET,Pet,BRK0001,DIRECT,2021-04-11,2022-04-11,CN,1907.29,0.12,ANNUAL,2021,POLARIS
ALB-CPM-0003567,P0000325,CPM,Commercial Property,,DIRECT,2026-07-22,2027-07-22,IF,8806.49,0.12,MONTHLY_DD,2026,LEGACY_PAS
ALB-PET-0003568,P0000255,PET,Pet,BRK0037,AGGREGATOR,2021-01-03,2022-01-03,EX,188.37,0.12,PREMIUM_FINANCE,2021,LEGACY_PAS
ALB-HOM-0003569,P0002402,HOM,Home Buildings & Contents,,BROKER,2020-06-02,2021-06-02,IF,2963.25,0.12,MONTHLY_DD,2020,POLARIS
ALB-MOT-0003570,P0002734,MOT,Private Motor,,BROKER,2026-11-10,2027-11-10,IF,4191.99,0.12,PREMIUM_FINANCE,2026,POLARIS
ALB-MOT-0003571,P0003150,MOT,Private Motor,BRK0007,BROKER,2019-03-13,2020-03-12,IF,3813.67,0.12,ANNUAL,2019,LEGACY_PAS
ALB-MOT-0003572,P0001994,MOT,Private Motor,,BROKER,2026-11-05,2027-11-05,IF,602.67,0.12,ANNUAL,2026,LEGACY_PAS
ALB-PET-0003573,P0000810,PET,Pet,,DIRECT,2026-07-13,2027-07-13,LP,1359.9,0.12,MONTHLY_DD,2026,POLARIS
ALB-TRV-0003574,P0003143,TRV,Annual Travel,BRK0041,DIRECT,2021-11-25,2022-11-25,IF,1244.67,0.12,ANNUAL,2021,LEGACY_PAS
ALB-PET-0003575,P0000752,PET,Pet,BRK0040,BROKER,2024-05-13,2025-05-13,IF,3320.29,0.12,MONTHLY_DD,2024,POLARIS
ALB-PET-0003576,P0001661,PET,Pet,,AGGREGATOR,2025-05-04,2026-05-04,CN,1540.01,0.12,PREMIUM_FINANCE,2025,LEGACY_PAS
ALB-HOM-0003577,P0002327,HOM,Home Buildings & Contents,BRK0012,AGGREGATOR,2025-04-11,2026-04-11,IF,4061.42,0.12,PREMIUM_FINANCE,2025,POLARIS
ALB-TRV-0003578,P0000740,TRV,Annual Travel,BRK0021,AGGREGATOR,2019-06-15,2020-06-14,EX,3600.5,0.12,ANNUAL,2019,POLARIS
ALB-CPM-0003579,P0002178,CPM,Commercial Property,,AGGREGATOR,2019-06-04,2020-06-03,EX,2669.27,0.12,ANNUAL,2019,POLARIS
ALB-PET-0003580,P0001903,PET,Pet,BRK0032,BROKER,2020-05-07,2021-05-07,EX,546.87,0.12,ANNUAL,2020,LEGACY_PAS
ALB-PET-0003581,P0000422,PET,Pet,BRK0029,AGGREGATOR,2020-09-30,2021-09-30,CN,3660.54,0.12,ANNUAL,2020,POLARIS
ALB-CPM-0003582,P0002694,CPM,Commercial Property,,BROKER,2019-05-27,2020-05-26,LP,2417.06,0.12,ANNUAL,2019,LEGACY_PAS
ALB-CPM-0003583,P0002952,CPM,Commercial Property,BRK0039,BROKER,2020-07-11,2021-07-11,IF,3008.96,0.12,ANNUAL,2020,LEGACY_PAS
ALB-HOM-0003584,P0001205,HOM,Home Buildings & Contents,,BROKER,2026-10-19,2027-10-19,EX,2061.84,0.12,ANNUAL,2026,POLARIS
ALB-HOM-0003585,P0002959,HOM,Home Buildings & Contents,BRK0027,AGGREGATOR,2025-12-24,2026-12-24,IF,673.35,0.12,ANNUAL,2025,POLARIS
ALB-PET-0003586,P0001907,PET,Pet,BRK0046,BROKER,2018-12-06,2019-12-06,EX,3100.33,0.12,ANNUAL,2018,LEGACY_PAS
ALB-HOM-0003587,P0003168,HOM,Home Buildings & Contents,,DIRECT,2026-05-16,2027-05-16,RN,2058.0,0.12,MONTHLY_DD,2026,POLARIS
ALB-TRV-0003588,P0003122,TRV,Annual Travel,BRK0027,BROKER,2024-08-06,2025-08-06,IF,3644.61,0.12,PREMIUM_FINANCE,2024,POLARIS
ALB-TRV-0003589,P0002243,TRV,Annual Travel,BRK0055,DIRECT,2025-01-06,2026-01-06,LP,2204.35,0.12,PREMIUM_FINANCE,2025,LEGACY_PAS
ALB-MOT-0003590,P0000613,MOT,Private Motor,,DIRECT,2023-08-05,2024-08-04,IF,255.11,0.12,ANNUAL,2023,POLARIS
ALB-CLB-0003591,P0000828,CLB,Commercial Liability,,BROKER,2023-03-08,2024-03-07,IF,5104.81,0.12,MONTHLY_DD,2023,POLARIS
ALB-PET-0003592,P0001995,PET,Pet,BRK0017,BROKER,2023-09-02,2024-09-01,IF,3064.58,0.12,MONTHLY_DD,2023,LEGACY_PAS
ALB-CLB-0003593,P0000497,CLB,Commercial Liability,BRK0027,BROKER,2024-01-27,2025-01-26,IF,2768.97,0.12,PREMIUM_FINANCE,2024,POLARIS
ALB-HOM-0003594,P0001300,HOM,Home Buildings & Contents,BRK0045,AGGREGATOR,2025-03-27,2026-03-27,IF,3388.39,0.12,PREMIUM_FINANCE,2025,POLARIS
ALB-TRV-0003595,P0001025,TRV,Annual Travel,,DIRECT,2026-03-13,2027-03-13,IF,1692.52,0.12,ANNUAL,2026,POLARIS
ALB-PET-0003596,P0002823,PET,Pet,,BROKER,2021-02-06,2022-02-06,EX,1681.05,0.12,ANNUAL,2021,POLARIS
ALB-HOM-0003597,P0000752,HOM,Home Buildings & Contents,BRK0029,DIRECT,2021-01-31,2022-01-31,IF,2379.67,0.12,MONTHLY_DD,2021,POLARIS
ALB-HOM-0003598,P0000631,HOM,Home Buildings & Contents,BRK0012,BROKER,2025-07-23,2026-07-23,IF,1104.88,0.12,ANNUAL,2025,POLARIS
ALB-CPM-0003599,P0002912,CPM,Commercial Property,BRK0058,BROKER,2022-09-13,2023-09-13,EX,7572.1,0.12,ANNUAL,2022,POLARIS
ALB-CLB-0003600,P0002299,CLB,Commercial Liability,BRK0046,AGGREGATOR,2024-08-07,2025-08-07,EX,1357.45,0.12,PREMIUM_FINANCE,2024,POLARIS
ALB-PET-0003601,P0002025,PET,Pet,,BROKER,2024-02-18,2025-02-17,IF,2217.44,0.12,ANNUAL,2024,LEGACY_PAS
ALB-MOT-0003602,P0000179,MOT,Private Motor,BRK0005,BROKER,2024-09-06,2025-09-06,IF,236.26,0.12,MONTHLY_DD,2024,POLARIS
ALB-MOT-0003603,P0002005,MOT,Private Motor,BRK0037,AGGREGATOR,2021-11-22,2022-11-22,LP,3468.93,0.12,ANNUAL,2021,POLARIS
ALB-TRV-0003604,P0002802,TRV,Annual Travel,BRK0053,BROKER,2019-06-02,2020-06-01,EX,1913.37,0.12,ANNUAL,2019,POLARIS
ALB-PET-0003605,P0001824,PET,Pet,,BROKER,2025-11-17,2026-11-17,IF,2198.89,0.12,MONTHLY_DD,2025,POLARIS
ALB-MOT-0003606,P0000566,MOT,Private Motor,BRK0040,BROKER,2021-09-07,2022-09-07,EX,3716.76,0.12,MONTHLY_DD,2021,POLARIS
ALB-TRV-0003607,P0001151,TRV,Annual Travel,,DIRECT,2021-02-26,2022-02-26,IF,3827.44,0.12,MONTHLY_DD,2021,POLARIS
ALB-CLB-0003608,P0000017,CLB,Commercial Liability,BRK0027,BROKER,2022-12-13,2023-12-13,EX,12902.88,0.12,MONTHLY_DD,2022,LEGACY_PAS
ALB-CLB-0003609,P0003154,CLB,Commercial Liability,,DIRECT,2022-01-21,2023-01-21,LP,2506.56,0.12,PREMIUM_FINANCE,2022,LEGACY_PAS
ALB-TRV-0003610,P0001230,TRV,Annual Travel,BRK0001,BROKER,2019-04-02,2020-04-01,IF,3721.47,0.12,MONTHLY_DD,2019,LEGACY_PAS
ALB-MOT-0003611,P0002308,MOT,Private Motor,,DIRECT,2024-12-13,2025-12-13,RN,3096.97,0.12,PREMIUM_FINANCE,2024,POLARIS
ALB-HOM-0003612,P0002305,HOM,Home Buildings & Contents,BRK0042,BROKER,2021-07-25,2022-07-25,IF,2230.22,0.12,ANNUAL,2021,LEGACY_PAS
ALB-PET-0003613,P0000502,PET,Pet,BRK0051,DIRECT,2026-03-20,2027-03-20,IF,2550.9,0.12,MONTHLY_DD,2026,LEGACY_PAS
ALB-HOM-0003614,P0002143,HOM,Home Buildings & Contents,BRK0054,AGGREGATOR,2020-08-08,2021-08-08,RN,2533.48,0.12,MONTHLY_DD,2020,POLARIS
ALB-TRV-0003615,P0001309,TRV,Annual Travel,BRK0005,DIRECT,2020-08-29,2021-08-29,IF,2071.5,0.12,MONTHLY_DD,2020,POLARIS
ALB-CLB-0003616,P0002072,CLB,Commercial Liability,BRK0028,AGGREGATOR,2026-03-08,2027-03-08,RN,13034.87,0.12,MONTHLY_DD,2026,POLARIS
ALB-HOM-0003617,P0002702,HOM,Home Buildings & Contents,BRK0032,AGGREGATOR,2022-07-21,2023-07-21,IF,1939.16,0.12,MONTHLY_DD,2022,POLARIS
ALB-PET-0003618,P0003007,PET,Pet,,BROKER,2019-07-18,2020-07-17,IF,704.72,0.12,PREMIUM_FINANCE,2019,LEGACY_PAS
ALB-TRV-0003619,P0000488,TRV,Annual Travel,,DIRECT,2023-11-24,2024-11-23,IF,2613.36,0.12,PREMIUM_FINANCE,2023,LEGACY_PAS
ALB-HOM-0003620,P0001549,HOM,Home Buildings & Contents,,BROKER,2026-09-24,2027-09-24,IF,2531.07,0.12,MONTHLY_DD,2026,LEGACY_PAS
ALB-CLB-0003621,P0001335,CLB,Commercial Liability,,AGGREGATOR,2020-05-14,2021-05-14,EX,5767.03,0.12,PREMIUM_FINANCE,2020,POLARIS
ALB-MOT-0003622,P0002491,MOT,Private Motor,BRK0005,DIRECT,2021-02-02,2022-02-02,RN,1532.35,0.12,ANNUAL,2021,POLARIS
ALB-CPM-0003623,P0000028,CPM,Commercial Property,,BROKER,2024-11-25,2025-11-25,LP,13645.17,0.12,MONTHLY_DD,2024,POLARIS
ALB-PET-0003624,P0002530,PET,Pet,BRK0056,BROKER,2023-01-16,2024-01-16,IF,2163.85,0.12,MONTHLY_DD,2023,POLARIS
ALB-PET-0003625,P0002412,PET,Pet,,BROKER,2026-08-08,2027-08-08,EX,3627.82,0.12,MONTHLY_DD,2026,LEGACY_PAS
ALB-MOT-0003626,P0002938,MOT,Private Motor,BRK0007,DIRECT,2020-02-21,2021-02-20,RN,2170.54,0.12,ANNUAL,2020,LEGACY_PAS
ALB-PET-0003627,P0001349,PET,Pet,BRK0019,DIRECT,2024-12-23,2025-12-23,EX,363.67,0.12,MONTHLY_DD,2024,POLARIS
ALB-MOT-0003628,P0001269,MOT,Private Motor,BRK0047,BROKER,2018-08-23,2019-08-23,EX,2322.87,0.12,MONTHLY_DD,2018,LEGACY_PAS
ALB-MOT-0003629,P0000980,MOT,Private Motor,BRK0018,AGGREGATOR,2024-07-19,2025-07-19,EX,2282.45,0.12,MONTHLY_DD,2024,POLARIS
ALB-PET-0003630,P0001387,PET,Pet,,DIRECT,2022-04-28,2023-04-28,LP,601.41,0.12,ANNUAL,2022,LEGACY_PAS
ALB-CPM-0003631,P0000202,CPM,Commercial Property,,DIRECT,2019-09-02,2020-09-01,RN,10053.8,0.12,MONTHLY_DD,2019,LEGACY_PAS
ALB-TRV-0003632,P0000155,TRV,Annual Travel,BRK0029,BROKER,2021-06-27,2022-06-27,RN,3457.78,0.12,PREMIUM_FINANCE,2021,POLARIS
ALB-TRV-0003633,P0002644,TRV,Annual Travel,,AGGREGATOR,2025-06-15,2026-06-15,IF,3001.24,0.12,MONTHLY_DD,2025,LEGACY_PAS
ALB-CPM-0003634,P0002630,CPM,Commercial Property,,BROKER,2023-07-29,2024-07-28,RN,13136.84,0.12,ANNUAL,2023,POLARIS
ALB-CPM-0003635,P0000160,CPM,Commercial Property,BRK0039,BROKER,2026-11-16,2027-11-16,LP,10057.17,0.12,ANNUAL,2026,LEGACY_PAS
ALB-PET-0003636,P0001382,PET,Pet,,BROKER,2026-10-20,2027-10-20,CN,1567.03,0.12,ANNUAL,2026,LEGACY_PAS
ALB-TRV-0003637,P0000035,TRV,Annual Travel,,BROKER,2026-08-07,2027-08-07,LP,1186.75,0.12,MONTHLY_DD,2026,POLARIS
ALB-CLB-0003638,P0002817,CLB,Commercial Liability,BRK0037,DIRECT,2020-06-15,2021-06-15,IF,2089.05,0.12,ANNUAL,2020,LEGACY_PAS
ALB-CLB-0003639,P0000324,CLB,Commercial Liability,BRK0023,AGGREGATOR,2026-12-25,2027-12-25,RN,1124.96,0.12,MONTHLY_DD,2026,LEGACY_PAS
ALB-CPM-0003640,P0002293,CPM,Commercial Property,,DIRECT,2019-07-22,2020-07-21,IF,9124.36,0.12,ANNUAL,2019,POLARIS
ALB-MOT-0003641,P0001027,MOT,Private Motor,BRK0020,BROKER,2025-11-19,2026-11-19,IF,3753.13,0.12,ANNUAL,2025,LEGACY_PAS
ALB-PET-0003642,P0001240,PET,Pet,BRK0043,DIRECT,2024-01-15,2025-01-14,LP,1327.06,0.12,ANNUAL,2024,POLARIS
ALB-PET-0003643,P0002337,PET,Pet,BRK0046,BROKER,2020-10-08,2021-10-08,RN,1930.94,0.12,PREMIUM_FINANCE,2020,POLARIS
ALB-CLB-0003644,P0001269,CLB,Commercial Liability,BRK0008,BROKER,2023-04-21,2024-04-20,IF,14025.53,0.12,MONTHLY_DD,2023,POLARIS
ALB-TRV-0003645,P0000190,TRV,Annual Travel,BRK0015,BROKER,2024-09-08,2025-09-08,IF,2967.25,0.12,MONTHLY_DD,2024,LEGACY_PAS
ALB-CLB-0003646,P0002700,CLB,Commercial Liability,BRK0009,DIRECT,2023-09-14,2024-09-13,RN,5134.2,0.12,ANNUAL,2023,POLARIS
ALB-CPM-0003647,P0001706,CPM,Commercial Property,,BROKER,2021-10-14,2022-10-14,IF,5850.23,0.12,MONTHLY_DD,2021,LEGACY_PAS
ALB-CPM-0003648,P0002270,CPM,Commercial Property,,BROKER,2019-06-07,2020-06-06,IF,13784.86,0.12,ANNUAL,2019,POLARIS
ALB-HOM-0003649,P0000288,HOM,Home Buildings & Contents,,AGGREGATOR,2019-05-30,2020-05-29,EX,2783.14,0.12,ANNUAL,2019,POLARIS
ALB-CPM-0003650,P0000430,CPM,Commercial Property,,DIRECT,2021-09-30,2022-09-30,RN,14132.27,0.12,MONTHLY_DD,2021,POLARIS
ALB-PET-0003651,P0002544,PET,Pet,BRK0024,BROKER,2018-05-06,2019-05-06,IF,1201.71,0.12,MONTHLY_DD,2018,POLARIS
ALB-MOT-0003652,P0001093,MOT,Private Motor,BRK0023,BROKER,2021-03-05,2022-03-05,IF,884.14,0.12,PREMIUM_FINANCE,2021,LEGACY_PAS
ALB-PET-0003653,P0002559,PET,Pet,BRK0050,DIRECT,2023-09-19,2024-09-18,CN,3013.41,0.12,ANNUAL,2023,POLARIS
ALB-HOM-0003654,P0000610,HOM,Home Buildings & Contents,BRK0031,AGGREGATOR,2024-04-25,2025-04-25,RN,3251.38,0.12,PREMIUM_FINANCE,2024,POLARIS
ALB-CLB-0003655,P0000838,CLB,Commercial Liability,BRK0006,DIRECT,2025-03-29,2026-03-29,IF,14306.29,0.12,ANNUAL,2025,POLARIS
ALB-CLB-0003656,P0002545,CLB,Commercial Liability,BRK0033,DIRECT,2023-05-16,2024-05-15,IF,14594.29,0.12,MONTHLY_DD,2023,LEGACY_PAS
ALB-MOT-0003657,P0002206,MOT,Private Motor,,BROKER,2024-02-23,2025-02-22,IF,3262.12,0.12,MONTHLY_DD,2024,LEGACY_PAS
ALB-PET-0003658,P0000569,PET,Pet,BRK0042,AGGREGATOR,2018-06-15,2019-06-15,EX,3593.72,0.12,ANNUAL,2018,LEGACY_PAS
ALB-CLB-0003659,P0001047,CLB,Commercial Liability,,BROKER,2025-03-25,2026-03-25,LP,5770.12,0.12,PREMIUM_FINANCE,2025,POLARIS
ALB-TRV-0003660,P0002625,TRV,Annual Travel,BRK0032,AGGREGATOR,2020-06-01,2021-06-01,IF,1826.29,0.12,ANNUAL,2020,LEGACY_PAS
ALB-MOT-0003661,P0000321,MOT,Private Motor,BRK0021,BROKER,2022-01-28,2023-01-28,IF,3018.01,0.12,ANNUAL,2022,POLARIS
ALB-CLB-0003662,P0000405,CLB,Commercial Liability,,BROKER,2019-03-19,2020-03-18,LP,14222.13,0.12,MONTHLY_DD,2019,POLARIS
ALB-TRV-0003663,P0000194,TRV,Annual Travel,BRK0004,DIRECT,2024-01-16,2025-01-15,EX,2590.52,0.12,MONTHLY_DD,2024,POLARIS
ALB-HOM-0003664,P0002301,HOM,Home Buildings & Contents,BRK0010,BROKER,2024-12-09,2025-12-09,IF,4190.07,0.12,PREMIUM_FINANCE,2024,POLARIS
ALB-PET-0003665,P0000482,PET,Pet,BRK0057,BROKER,2019-09-08,2020-09-07,IF,2937.38,0.12,MONTHLY_DD,2019,LEGACY_PAS
ALB-HOM-0003666,P0002320,HOM,Home Buildings & Contents,BRK0006,BROKER,2019-05-28,2020-05-27,EX,834.96,0.12,MONTHLY_DD,2019,POLARIS
ALB-TRV-0003667,P0000175,TRV,Annual Travel,,BROKER,2021-06-08,2022-06-08,IF,4174.81,0.12,ANNUAL,2021,POLARIS
ALB-MOT-0003668,P0001965,MOT,Private Motor,BRK0054,BROKER,2021-04-05,2022-04-05,RN,4048.07,0.12,PREMIUM_FINANCE,2021,LEGACY_PAS
ALB-PET-0003669,P0002944,PET,Pet,,AGGREGATOR,2026-09-18,2027-09-18,IF,2085.04,0.12,MONTHLY_DD,2026,POLARIS
ALB-CLB-0003670,P0001778,CLB,Commercial Liability,,DIRECT,2020-05-29,2021-05-29,IF,4603.61,0.12,MONTHLY_DD,2020,LEGACY_PAS
ALB-CPM-0003671,P0002529,CPM,Commercial Property,BRK0020,DIRECT,2026-11-07,2027-11-07,IF,3127.58,0.12,MONTHLY_DD,2026,POLARIS
ALB-MOT-0003672,P0000169,MOT,Private Motor,BRK0024,AGGREGATOR,2021-12-14,2022-12-14,IF,3258.74,0.12,MONTHLY_DD,2021,POLARIS
ALB-CLB-0003673,P0002182,CLB,Commercial Liability,BRK0005,BROKER,2021-08-30,2022-08-30,IF,8033.7,0.12,MONTHLY_DD,2021,LEGACY_PAS
ALB-TRV-0003674,P0002451,TRV,Annual Travel,BRK0004,AGGREGATOR,2026-09-13,2027-09-13,IF,2327.48,0.12,ANNUAL,2026,LEGACY_PAS
ALB-HOM-0003675,P0002017,HOM,Home Buildings & Contents,BRK0023,BROKER,2019-06-08,2020-06-07,LP,2727.76,0.12,MONTHLY_DD,2019,LEGACY_PAS
ALB-HOM-0003676,P0001814,HOM,Home Buildings & Contents,BRK0050,BROKER,2019-06-16,2020-06-15,EX,999.53,0.12,ANNUAL,2019,POLARIS
ALB-CPM-0003677,P0002664,CPM,Commercial Property,BRK0014,BROKER,2023-10-15,2024-10-14,IF,5364.23,0.12,MONTHLY_DD,2023,POLARIS
ALB-CPM-0003678,P0001183,CPM,Commercial Property,,DIRECT,2022-05-08,2023-05-08,LP,9923.07,0.12,ANNUAL,2022,POLARIS
ALB-TRV-0003679,P0002027,TRV,Annual Travel,BRK0033,BROKER,2019-12-03,2020-12-02,EX,3133.91,0.12,ANNUAL,2019,POLARIS
ALB-CLB-0003680,P0000953,CLB,Commercial Liability,BRK0053,AGGREGATOR,2025-09-09,2026-09-09,IF,13317.24,0.12,PREMIUM_FINANCE,2025,POLARIS
ALB-CLB-0003681,P0002770,CLB,Commercial Liability,BRK0026,DIRECT,2023-09-28,2024-09-27,EX,2593.33,0.12,MONTHLY_DD,2023,POLARIS
ALB-HOM-0003682,P0002397,HOM,Home Buildings & Contents,BRK0002,DIRECT,2024-10-04,2025-10-04,EX,802.45,0.12,MONTHLY_DD,2024,POLARIS
ALB-HOM-0003683,P0001902,HOM,Home Buildings & Contents,,AGGREGATOR,2024-02-16,2025-02-15,LP,2384.71,0.12,PREMIUM_FINANCE,2024,LEGACY_PAS
ALB-CLB-0003684,P0001505,CLB,Commercial Liability,BRK0013,BROKER,2021-09-02,2022-09-02,IF,12209.08,0.12,ANNUAL,2021,LEGACY_PAS
ALB-CLB-0003685,P0002150,CLB,Commercial Liability,,BROKER,2022-02-06,2023-02-06,IF,4753.37,0.12,MONTHLY_DD,2022,POLARIS
ALB-PET-0003686,P0002955,PET,Pet,BRK0046,BROKER,2021-11-21,2022-11-21,RN,2038.79,0.12,ANNUAL,2021,LEGACY_PAS
ALB-PET-0003687,P0001010,PET,Pet,BRK0059,BROKER,2019-03-04,2020-03-03,IF,1410.49,0.12,MONTHLY_DD,2019,POLARIS
ALB-HOM-0003688,P0003047,HOM,Home Buildings & Contents,BRK0046,BROKER,2022-03-20,2023-03-20,IF,2653.24,0.12,MONTHLY_DD,2022,POLARIS
ALB-HOM-0003689,P0000029,HOM,Home Buildings & Contents,BRK0037,DIRECT,2021-12-01,2022-12-01,IF,672.28,0.12,ANNUAL,2021,LEGACY_PAS
ALB-TRV-0003690,P0000264,TRV,Annual Travel,,BROKER,2026-06-07,2027-06-07,IF,2696.65,0.12,ANNUAL,2026,POLARIS
ALB-PET-0003691,P0002435,PET,Pet,BRK0024,AGGREGATOR,2024-07-11,2025-07-11,IF,190.23,0.12,MONTHLY_DD,2024,POLARIS
ALB-MOT-0003692,P0001982,MOT,Private Motor,,BROKER,2019-12-25,2020-12-24,IF,3271.98,0.12,MONTHLY_DD,2019,LEGACY_PAS
ALB-CLB-0003693,P0000617,CLB,Commercial Liability,,BROKER,2022-11-19,2023-11-19,IF,7142.15,0.12,MONTHLY_DD,2022,POLARIS
ALB-CPM-0003694,P0001930,CPM,Commercial Property,BRK0059,DIRECT,2023-07-04,2024-07-03,IF,12903.48,0.12,MONTHLY_DD,2023,POLARIS
ALB-PET-0003695,P0002727,PET,Pet,BRK0028,DIRECT,2018-12-28,2019-12-28,IF,3999.66,0.12,ANNUAL,2018,POLARIS
ALB-HOM-0003696,P0002571,HOM,Home Buildings & Contents,,BROKER,2026-10-09,2027-10-09,IF,2181.42,0.12,ANNUAL,2026,POLARIS
ALB-TRV-0003697,P0003034,TRV,Annual Travel,BRK0010,DIRECT,2018-07-16,2019-07-16,IF,588.37,0.12,PREMIUM_FINANCE,2018,POLARIS
ALB-PET-0003698,P0002637,PET,Pet,,AGGREGATOR,2021-01-15,2022-01-15,EX,2013.12,0.12,MONTHLY_DD,2021,POLARIS
ALB-HOM-0003699,P0002459,HOM,Home Buildings & Contents,,BROKER,2019-06-28,2020-06-27,IF,508.01,0.12,MONTHLY_DD,2019,POLARIS
ALB-TRV-0003700,P0002068,TRV,Annual Travel,,DIRECT,2026-01-31,2027-01-31,IF,1686.75,0.12,ANNUAL,2026,POLARIS
ALB-PET-0003701,P0001532,PET,Pet,BRK0025,BROKER,2025-08-08,2026-08-08,RN,3177.22,0.12,PREMIUM_FINANCE,2025,POLARIS
ALB-HOM-0003702,P0002005,HOM,Home Buildings & Contents,BRK0019,BROKER,2023-10-09,2024-10-08,IF,1766.98,0.12,MONTHLY_DD,2023,POLARIS
ALB-PET-0003703,P0001166,PET,Pet,,BROKER,2024-11-27,2025-11-27,RN,1599.94,0.12,ANNUAL,2024,POLARIS
ALB-TRV-0003704,P0002983,TRV,Annual Travel,,BROKER,2021-07-18,2022-07-18,LP,3408.42,0.12,ANNUAL,2021,POLARIS
ALB-HOM-0003705,P0002405,HOM,Home Buildings & Contents,,BROKER,2020-02-16,2021-02-15,IF,4156.7,0.12,MONTHLY_DD,2020,LEGACY_PAS
ALB-HOM-0003706,P0000502,HOM,Home Buildings & Contents,BRK0015,BROKER,2025-11-22,2026-11-22,RN,3895.5,0.12,PREMIUM_FINANCE,2025,POLARIS
ALB-CPM-0003707,P0000575,CPM,Commercial Property,BRK0058,BROKER,2021-11-04,2022-11-04,IF,4225.53,0.12,ANNUAL,2021,LEGACY_PAS
ALB-TRV-0003708,P0001602,TRV,Annual Travel,,DIRECT,2018-12-21,2019-12-21,IF,1463.02,0.12,MONTHLY_DD,2018,LEGACY_PAS
ALB-TRV-0003709,P0003002,TRV,Annual Travel,,BROKER,2020-01-15,2021-01-14,IF,2146.17,0.12,MONTHLY_DD,2020,LEGACY_PAS
ALB-MOT-0003710,P0002077,MOT,Private Motor,,BROKER,2020-03-06,2021-03-06,LP,2640.57,0.12,ANNUAL,2020,POLARIS
ALB-CLB-0003711,P0002192,CLB,Commercial Liability,,DIRECT,2020-01-02,2021-01-01,EX,11759.49,0.12,ANNUAL,2020,POLARIS
ALB-HOM-0003712,P0002054,HOM,Home Buildings & Contents,,AGGREGATOR,2023-07-09,2024-07-08,IF,3239.28,0.12,MONTHLY_DD,2023,POLARIS
ALB-CPM-0003713,P0002547,CPM,Commercial Property,,DIRECT,2024-07-19,2025-07-19,EX,11136.67,0.12,PREMIUM_FINANCE,2024,POLARIS
ALB-PET-0003714,P0002243,PET,Pet,,DIRECT,2023-11-18,2024-11-17,CN,1257.99,0.12,PREMIUM_FINANCE,2023,POLARIS
ALB-CLB-0003715,P0000772,CLB,Commercial Liability,BRK0047,AGGREGATOR,2019-01-22,2020-01-22,IF,3961.25,0.12,ANNUAL,2019,POLARIS
ALB-CPM-0003716,P0002406,CPM,Commercial Property,BRK0009,AGGREGATOR,2021-08-18,2022-08-18,RN,9433.11,0.12,MONTHLY_DD,2021,POLARIS
ALB-HOM-0003717,P0001430,HOM,Home Buildings & Contents,BRK0034,BROKER,2023-07-18,2024-07-17,IF,2537.22,0.12,MONTHLY_DD,2023,POLARIS
ALB-MOT-0003718,P0001068,MOT,Private Motor,BRK0029,BROKER,2018-09-11,2019-09-11,LP,3633.46,0.12,MONTHLY_DD,2018,POLARIS
ALB-CLB-0003719,P0003061,CLB,Commercial Liability,BRK0048,BROKER,2021-11-20,2022-11-20,IF,3751.64,0.12,MONTHLY_DD,2021,POLARIS
ALB-TRV-0003720,P0002565,TRV,Annual Travel,BRK0012,BROKER,2022-04-12,2023-04-12,RN,1336.83,0.12,MONTHLY_DD,2022,POLARIS
ALB-CLB-0003721,P0000135,CLB,Commercial Liability,BRK0036,DIRECT,2023-08-09,2024-08-08,CN,2915.8,0.12,ANNUAL,2023,POLARIS
ALB-CPM-0003722,P0001273,CPM,Commercial Property,BRK0020,BROKER,2026-07-24,2027-07-24,EX,8246.34,0.12,MONTHLY_DD,2026,POLARIS
ALB-HOM-0003723,P0001889,HOM,Home Buildings & Contents,BRK0046,AGGREGATOR,2018-11-13,2019-11-13,EX,1029.38,0.12,MONTHLY_DD,2018,LEGACY_PAS
ALB-HOM-0003724,P0002481,HOM,Home Buildings & Contents,BRK0016,DIRECT,2026-03-29,2027-03-29,RN,908.22,0.12,ANNUAL,2026,POLARIS
ALB-MOT-0003725,P0001807,MOT,Private Motor,,BROKER,2022-09-07,2023-09-07,RN,496.02,0.12,ANNUAL,2022,POLARIS
ALB-MOT-0003726,P0000887,MOT,Private Motor,BRK0015,BROKER,2023-10-09,2024-10-08,IF,2898.26,0.12,ANNUAL,2023,LEGACY_PAS
ALB-CPM-0003727,P0001364,CPM,Commercial Property,BRK0055,DIRECT,2025-01-20,2026-01-20,RN,9060.9,0.12,PREMIUM_FINANCE,2025,LEGACY_PAS
ALB-CLB-0003728,P0001226,CLB,Commercial Liability,,BROKER,2026-02-02,2027-02-02,EX,4161.89,0.12,ANNUAL,2026,POLARIS
ALB-PET-0003729,P0000792,PET,Pet,BRK0029,BROKER,2021-06-17,2022-06-17,CN,1694.7,0.12,MONTHLY_DD,2021,POLARIS
ALB-CLB-0003730,P0001285,CLB,Commercial Liability,BRK0054,BROKER,2022-09-12,2023-09-12,IF,12207.3,0.12,ANNUAL,2022,POLARIS
ALB-CLB-0003731,P0002655,CLB,Commercial Liability,BRK0010,BROKER,2025-12-31,2026-12-31,RN,4797.57,0.12,PREMIUM_FINANCE,2025,POLARIS
ALB-CPM-0003732,P0000460,CPM,Commercial Property,BRK0036,AGGREGATOR,2026-09-20,2027-09-20,CN,5598.87,0.12,MONTHLY_DD,2026,POLARIS
ALB-TRV-0003733,P0000269,TRV,Annual Travel,,BROKER,2020-12-08,2021-12-08,IF,2658.9,0.12,ANNUAL,2020,POLARIS
ALB-TRV-0003734,P0001805,TRV,Annual Travel,,BROKER,2023-01-22,2024-01-22,LP,2403.27,0.12,MONTHLY_DD,2023,LEGACY_PAS
ALB-TRV-0003735,P0003048,TRV,Annual Travel,BRK0025,BROKER,2023-01-29,2024-01-29,EX,1004.41,0.12,MONTHLY_DD,2023,POLARIS
ALB-HOM-0003736,P0001850,HOM,Home Buildings & Contents,,DIRECT,2018-08-11,2019-08-11,IF,1444.73,0.12,ANNUAL,2018,LEGACY_PAS
ALB-PET-0003737,P0000263,PET,Pet,,BROKER,2018-10-11,2019-10-11,RN,2909.37,0.12,ANNUAL,2018,POLARIS
ALB-MOT-0003738,P0001389,MOT,Private Motor,BRK0006,DIRECT,2020-02-07,2021-02-06,IF,837.76,0.12,MONTHLY_DD,2020,POLARIS
ALB-HOM-0003739,P0002140,HOM,Home Buildings & Contents,BRK0009,DIRECT,2020-06-19,2021-06-19,LP,1959.23,0.12,ANNUAL,2020,POLARIS
ALB-HOM-0003740,P0003025,HOM,Home Buildings & Contents,BRK0010,AGGREGATOR,2024-12-22,2025-12-22,LP,3826.41,0.12,ANNUAL,2024,POLARIS
ALB-HOM-0003741,P0001386,HOM,Home Buildings & Contents,,AGGREGATOR,2025-07-03,2026-07-03,IF,195.16,0.12,ANNUAL,2025,POLARIS
ALB-CLB-0003742,P0002240,CLB,Commercial Liability,BRK0022,BROKER,2021-01-26,2022-01-26,IF,4256.51,0.12,MONTHLY_DD,2021,POLARIS
ALB-CLB-0003743,P0001153,CLB,Commercial Liability,BRK0051,AGGREGATOR,2024-02-07,2025-02-06,RN,1416.23,0.12,ANNUAL,2024,POLARIS
ALB-HOM-0003744,P0003038,HOM,Home Buildings & Contents,,BROKER,2021-09-09,2022-09-09,LP,3465.08,0.12,MONTHLY_DD,2021,POLARIS
ALB-CLB-0003745,P0002342,CLB,Commercial Liability,BRK0054,AGGREGATOR,2024-05-22,2025-05-22,RN,2905.87,0.12,MONTHLY_DD,2024,LEGACY_PAS
ALB-HOM-0003746,P0001432,HOM,Home Buildings & Contents,BRK0051,BROKER,2025-06-20,2026-06-20,IF,3679.22,0.12,ANNUAL,2025,POLARIS
ALB-TRV-0003747,P0002070,TRV,Annual Travel,,BROKER,2025-12-27,2026-12-27,IF,3986.27,0.12,MONTHLY_DD,2025,POLARIS
ALB-MOT-0003748,P0001584,MOT,Private Motor,BRK0042,BROKER,2024-07-29,2025-07-29,RN,2020.1,0.12,ANNUAL,2024,POLARIS
ALB-CPM-0003749,P0003178,CPM,Commercial Property,BRK0012,AGGREGATOR,2021-05-24,2022-05-24,RN,12455.45,0.12,ANNUAL,2021,POLARIS
ALB-HOM-0003750,P0002538,HOM,Home Buildings & Contents,,DIRECT,2018-02-07,2019-02-07,LP,4094.89,0.12,MONTHLY_DD,2018,POLARIS
ALB-CLB-0003751,P0002527,CLB,Commercial Liability,,BROKER,2022-02-20,2023-02-20,EX,3815.74,0.12,PREMIUM_FINANCE,2022,LEGACY_PAS
ALB-CLB-0003752,P0001895,CLB,Commercial Liability,BRK0046,DIRECT,2020-08-23,2021-08-23,RN,1239.29,0.12,MONTHLY_DD,2020,POLARIS
ALB-MOT-0003753,P0001705,MOT,Private Motor,BRK0050,BROKER,2026-08-17,2027-08-17,IF,938.46,0.12,ANNUAL,2026,POLARIS
ALB-CPM-0003754,P0002570,CPM,Commercial Property,,BROKER,2024-10-14,2025-10-14,IF,6016.97,0.12,ANNUAL,2024,POLARIS
ALB-PET-0003755,P0001874,PET,Pet,BRK0022,BROKER,2018-07-04,2019-07-04,EX,577.9,0.12,ANNUAL,2018,LEGACY_PAS
ALB-HOM-0003756,P0000728,HOM,Home Buildings & Contents,BRK0051,BROKER,2024-06-19,2025-06-19,IF,710.58,0.12,MONTHLY_DD,2024,LEGACY_PAS
ALB-CLB-0003757,P0001280,CLB,Commercial Liability,BRK0006,DIRECT,2021-01-16,2022-01-16,RN,3350.75,0.12,ANNUAL,2021,POLARIS
ALB-TRV-0003758,P0002887,TRV,Annual Travel,BRK0025,BROKER,2026-07-06,2027-07-06,RN,1794.93,0.12,PREMIUM_FINANCE,2026,LEGACY_PAS
ALB-MOT-0003759,P0002986,MOT,Private Motor,,BROKER,2020-04-24,2021-04-24,LP,565.19,0.12,MONTHLY_DD,2020,LEGACY_PAS
ALB-TRV-0003760,P0001556,TRV,Annual Travel,,AGGREGATOR,2023-04-10,2024-04-09,RN,479.16,0.12,MONTHLY_DD,2023,POLARIS
ALB-CLB-0003761,P0000814,CLB,Commercial Liability,,DIRECT,2026-05-21,2027-05-21,LP,779.32,0.12,PREMIUM_FINANCE,2026,POLARIS
ALB-HOM-0003762,P0001973,HOM,Home Buildings & Contents,,BROKER,2018-12-21,2019-12-21,IF,1670.32,0.12,ANNUAL,2018,POLARIS
ALB-TRV-0003763,P0000344,TRV,Annual Travel,BRK0002,DIRECT,2024-11-16,2025-11-16,IF,2365.59,0.12,ANNUAL,2024,POLARIS
ALB-TRV-0003764,P0001755,TRV,Annual Travel,BRK0035,BROKER,2023-03-31,2024-03-30,CN,3995.85,0.12,MONTHLY_DD,2023,POLARIS
ALB-CPM-0003765,P0001866,CPM,Commercial Property,,DIRECT,2024-11-05,2025-11-05,CN,6966.03,0.12,MONTHLY_DD,2024,LEGACY_PAS
ALB-CLB-0003766,P0000289,CLB,Commercial Liability,,BROKER,2021-11-20,2022-11-20,EX,12888.91,0.12,MONTHLY_DD,2021,POLARIS
ALB-CPM-0003767,P0001379,CPM,Commercial Property,BRK0015,DIRECT,2022-07-15,2023-07-15,RN,8238.76,0.12,ANNUAL,2022,POLARIS
ALB-HOM-0003768,P0001271,HOM,Home Buildings & Contents,,AGGREGATOR,2020-06-30,2021-06-30,RN,2060.88,0.12,ANNUAL,2020,LEGACY_PAS
ALB-PET-0003769,P0003107,PET,Pet,BRK0043,AGGREGATOR,2019-08-26,2020-08-25,RN,4120.99,0.12,ANNUAL,2019,POLARIS
ALB-CLB-0003770,P0001726,CLB,Commercial Liability,,BROKER,2026-10-02,2027-10-02,EX,14291.48,0.12,PREMIUM_FINANCE,2026,POLARIS
ALB-TRV-0003771,P0000976,TRV,Annual Travel,BRK0048,BROKER,2022-01-31,2023-01-31,RN,1313.45,0.12,ANNUAL,2022,POLARIS
ALB-CLB-0003772,P0001907,CLB,Commercial Liability,BRK0006,DIRECT,2019-11-18,2020-11-17,IF,4590.07,0.12,ANNUAL,2019,POLARIS
ALB-PET-0003773,P0002650,PET,Pet,BRK0048,BROKER,2025-07-18,2026-07-18,IF,4004.93,0.12,PREMIUM_FINANCE,2025,LEGACY_PAS
ALB-MOT-0003774,P0000057,MOT,Private Motor,BRK0017,DIRECT,2020-01-06,2021-01-05,IF,3389.91,0.12,ANNUAL,2020,LEGACY_PAS
ALB-MOT-0003775,P0000817,MOT,Private Motor,BRK0038,BROKER,2019-11-27,2020-11-26,RN,1095.76,0.12,MONTHLY_DD,2019,LEGACY_PAS
ALB-CLB-0003776,P0002007,CLB,Commercial Liability,,BROKER,2021-06-02,2022-06-02,IF,3458.47,0.12,ANNUAL,2021,POLARIS
ALB-CPM-0003777,P0000853,CPM,Commercial Property,BRK0048,DIRECT,2025-07-23,2026-07-23,EX,11406.14,0.12,MONTHLY_DD,2025,LEGACY_PAS
ALB-PET-0003778,P0000233,PET,Pet,BRK0008,AGGREGATOR,2019-01-10,2020-01-10,IF,1003.02,0.12,PREMIUM_FINANCE,2019,POLARIS
ALB-PET-0003779,P0002471,PET,Pet,,BROKER,2024-05-22,2025-05-22,IF,351.41,0.12,MONTHLY_DD,2024,POLARIS
ALB-PET-0003780,P0000839,PET,Pet,BRK0007,DIRECT,2019-09-05,2020-09-04,IF,2486.32,0.12,MONTHLY_DD,2019,LEGACY_PAS
ALB-HOM-0003781,P0000920,HOM,Home Buildings & Contents,BRK0046,DIRECT,2022-02-23,2023-02-23,EX,4057.12,0.12,MONTHLY_DD,2022,POLARIS
ALB-CLB-0003782,P0002867,CLB,Commercial Liability,,BROKER,2021-04-18,2022-04-18,CN,11421.69,0.12,MONTHLY_DD,2021,LEGACY_PAS
ALB-HOM-0003783,P0000877,HOM,Home Buildings & Contents,BRK0041,BROKER,2022-06-22,2023-06-22,EX,1304.72,0.12,ANNUAL,2022,POLARIS
ALB-TRV-0003784,P0002423,TRV,Annual Travel,BRK0014,BROKER,2022-02-26,2023-02-26,IF,2736.04,0.12,PREMIUM_FINANCE,2022,POLARIS
ALB-MOT-0003785,P0001554,MOT,Private Motor,,BROKER,2021-02-11,2022-02-11,EX,874.05,0.12,ANNUAL,2021,POLARIS
ALB-CLB-0003786,P0001864,CLB,Commercial Liability,BRK0049,BROKER,2018-02-07,2019-02-07,IF,3629.92,0.12,PREMIUM_FINANCE,2018,POLARIS
ALB-HOM-0003787,P0000820,HOM,Home Buildings & Contents,,DIRECT,2026-08-28,2027-08-28,RN,708.87,0.12,MONTHLY_DD,2026,POLARIS
ALB-TRV-0003788,P0002513,TRV,Annual Travel,BRK0060,BROKER,2024-03-03,2025-03-03,IF,1835.47,0.12,PREMIUM_FINANCE,2024,POLARIS
ALB-HOM-0003789,P0001177,HOM,Home Buildings & Contents,BRK0015,AGGREGATOR,2018-08-11,2019-08-11,LP,3167.74,0.12,ANNUAL,2018,POLARIS
ALB-TRV-0003790,P0001886,TRV,Annual Travel,,BROKER,2023-07-04,2024-07-03,RN,1411.51,0.12,ANNUAL,2023,POLARIS
ALB-PET-0003791,P0001773,PET,Pet,BRK0005,DIRECT,2025-04-19,2026-04-19,RN,2122.06,0.12,PREMIUM_FINANCE,2025,LEGACY_PAS
ALB-CLB-0003792,P0001065,CLB,Commercial Liability,,AGGREGATOR,2023-07-08,2024-07-07,EX,7018.66,0.12,ANNUAL,2023,POLARIS
ALB-CPM-0003793,P0001915,CPM,Commercial Property,,DIRECT,2023-05-22,2024-05-21,IF,11107.41,0.12,MONTHLY_DD,2023,POLARIS
ALB-PET-0003794,P0001381,PET,Pet,BRK0010,AGGREGATOR,2018-09-02,2019-09-02,IF,3904.33,0.12,ANNUAL,2018,POLARIS
ALB-TRV-0003795,P0000987,TRV,Annual Travel,,BROKER,2022-08-09,2023-08-09,CN,2432.36,0.12,PREMIUM_FINANCE,2022,POLARIS
ALB-CLB-0003796,P0000413,CLB,Commercial Liability,BRK0005,AGGREGATOR,2021-03-25,2022-03-25,CN,5089.29,0.12,PREMIUM_FINANCE,2021,POLARIS
ALB-PET-0003797,P0001406,PET,Pet,,DIRECT,2026-09-28,2027-09-28,RN,2251.82,0.12,MONTHLY_DD,2026,POLARIS
ALB-TRV-0003798,P0001429,TRV,Annual Travel,BRK0025,AGGREGATOR,2018-03-07,2019-03-07,RN,1631.34,0.12,MONTHLY_DD,2018,POLARIS
ALB-TRV-0003799,P0001651,TRV,Annual Travel,BRK0018,DIRECT,2020-01-25,2021-01-24,IF,193.66,0.12,ANNUAL,2020,LEGACY_PAS
ALB-PET-0003800,P0003170,PET,Pet,,DIRECT,2021-02-23,2022-02-23,RN,2098.14,0.12,MONTHLY_DD,2021,POLARIS
ALB-CPM-0003801,P0002281,CPM,Commercial Property,,BROKER,2023-04-25,2024-04-24,LP,13731.19,0.12,MONTHLY_DD,2023,POLARIS
ALB-CLB-0003802,P0003104,CLB,Commercial Liability,BRK0038,BROKER,2026-02-06,2027-02-06,EX,12449.39,0.12,MONTHLY_DD,2026,POLARIS
ALB-CLB-0003803,P0001626,CLB,Commercial Liability,,BROKER,2025-11-09,2026-11-09,CN,13178.21,0.12,ANNUAL,2025,LEGACY_PAS
ALB-HOM-0003804,P0002938,HOM,Home Buildings & Contents,BRK0059,DIRECT,2021-10-10,2022-10-10,LP,3757.38,0.12,MONTHLY_DD,2021,LEGACY_PAS
ALB-TRV-0003805,P0001060,TRV,Annual Travel,BRK0059,BROKER,2023-06-30,2024-06-29,CN,3958.19,0.12,PREMIUM_FINANCE,2023,POLARIS
ALB-TRV-0003806,P0001866,TRV,Annual Travel,BRK0041,BROKER,2022-09-08,2023-09-08,IF,2016.5,0.12,ANNUAL,2022,LEGACY_PAS
ALB-CPM-0003807,P0000459,CPM,Commercial Property,BRK0006,DIRECT,2020-08-24,2021-08-24,RN,2895.6,0.12,PREMIUM_FINANCE,2020,POLARIS
ALB-TRV-0003808,P0000319,TRV,Annual Travel,,BROKER,2019-07-09,2020-07-08,IF,1374.39,0.12,MONTHLY_DD,2019,POLARIS
ALB-TRV-0003809,P0000934,TRV,Annual Travel,BRK0010,AGGREGATOR,2019-06-08,2020-06-07,EX,1399.04,0.12,ANNUAL,2019,POLARIS
ALB-TRV-0003810,P0002403,TRV,Annual Travel,,BROKER,2025-09-09,2026-09-09,LP,259.28,0.12,ANNUAL,2025,POLARIS
ALB-MOT-0003811,P0000240,MOT,Private Motor,,BROKER,2022-06-21,2023-06-21,RN,2602.02,0.12,ANNUAL,2022,LEGACY_PAS
ALB-PET-0003812,P0001379,PET,Pet,BRK0055,DIRECT,2022-04-17,2023-04-17,IF,872.61,0.12,ANNUAL,2022,LEGACY_PAS
ALB-CPM-0003813,P0001520,CPM,Commercial Property,,AGGREGATOR,2023-03-07,2024-03-06,LP,14200.32,0.12,PREMIUM_FINANCE,2023,POLARIS
ALB-PET-0003814,P0000173,PET,Pet,BRK0042,BROKER,2023-02-16,2024-02-16,RN,3824.32,0.12,ANNUAL,2023,POLARIS
ALB-CPM-0003815,P0001157,CPM,Commercial Property,BRK0056,DIRECT,2023-11-12,2024-11-11,RN,13192.06,0.12,PREMIUM_FINANCE,2023,LEGACY_PAS
ALB-CLB-0003816,P0000235,CLB,Commercial Liability,BRK0052,DIRECT,2025-05-26,2026-05-26,LP,14025.49,0.12,PREMIUM_FINANCE,2025,POLARIS
ALB-MOT-0003817,P0001133,MOT,Private Motor,,BROKER,2022-10-27,2023-10-27,RN,1546.68,0.12,PREMIUM_FINANCE,2022,LEGACY_PAS
ALB-HOM-0003818,P0000442,HOM,Home Buildings & Contents,BRK0037,BROKER,2019-12-13,2020-12-12,RN,535.75,0.12,MONTHLY_DD,2019,POLARIS
ALB-TRV-0003819,P0001685,TRV,Annual Travel,BRK0013,AGGREGATOR,2023-04-02,2024-04-01,IF,2606.0,0.12,PREMIUM_FINANCE,2023,LEGACY_PAS
ALB-HOM-0003820,P0002296,HOM,Home Buildings & Contents,,BROKER,2024-03-11,2025-03-11,CN,1974.51,0.12,MONTHLY_DD,2024,LEGACY_PAS
ALB-TRV-0003821,P0002327,TRV,Annual Travel,BRK0059,BROKER,2018-04-13,2019-04-13,RN,2522.32,0.12,PREMIUM_FINANCE,2018,POLARIS
ALB-CLB-0003822,P0000366,CLB,Commercial Liability,BRK0015,AGGREGATOR,2023-07-18,2024-07-17,RN,9644.81,0.12,ANNUAL,2023,POLARIS
ALB-CPM-0003823,P0001631,CPM,Commercial Property,,BROKER,2026-11-16,2027-11-16,CN,8543.43,0.12,ANNUAL,2026,POLARIS
ALB-CPM-0003824,P0000189,CPM,Commercial Property,BRK0048,AGGREGATOR,2025-05-14,2026-05-14,LP,12386.27,0.12,PREMIUM_FINANCE,2025,POLARIS
ALB-PET-0003825,P0002673,PET,Pet,BRK0032,BROKER,2020-10-02,2021-10-02,IF,2311.65,0.12,ANNUAL,2020,POLARIS
ALB-PET-0003826,P0000931,PET,Pet,,BROKER,2022-10-02,2023-10-02,IF,1098.02,0.12,PREMIUM_FINANCE,2022,POLARIS
ALB-MOT-0003827,P0003161,MOT,Private Motor,BRK0044,DIRECT,2024-11-29,2025-11-29,CN,1155.4,0.12,MONTHLY_DD,2024,POLARIS
ALB-TRV-0003828,P0002233,TRV,Annual Travel,BRK0035,DIRECT,2021-08-01,2022-08-01,LP,2274.76,0.12,MONTHLY_DD,2021,POLARIS
ALB-MOT-0003829,P0002223,MOT,Private Motor,,AGGREGATOR,2019-11-13,2020-11-12,IF,1467.79,0.12,PREMIUM_FINANCE,2019,LEGACY_PAS
ALB-CPM-0003830,P0001580,CPM,Commercial Property,,BROKER,2019-07-26,2020-07-25,LP,11258.85,0.12,ANNUAL,2019,LEGACY_PAS
ALB-TRV-0003831,P0000358,TRV,Annual Travel,,BROKER,2018-08-02,2019-08-02,IF,444.46,0.12,PREMIUM_FINANCE,2018,POLARIS
ALB-MOT-0003832,P0001343,MOT,Private Motor,BRK0040,BROKER,2024-08-02,2025-08-02,LP,1992.12,0.12,MONTHLY_DD,2024,LEGACY_PAS
ALB-PET-0003833,P0000544,PET,Pet,,BROKER,2023-11-02,2024-11-01,IF,2355.54,0.12,PREMIUM_FINANCE,2023,POLARIS
ALB-PET-0003834,P0001642,PET,Pet,,AGGREGATOR,2021-07-15,2022-07-15,IF,1384.09,0.12,MONTHLY_DD,2021,POLARIS
ALB-HOM-0003835,P0002410,HOM,Home Buildings & Contents,,AGGREGATOR,2021-02-04,2022-02-04,IF,1086.33,0.12,ANNUAL,2021,LEGACY_PAS
ALB-TRV-0003836,P0002292,TRV,Annual Travel,,DIRECT,2026-12-18,2027-12-18,IF,2301.63,0.12,MONTHLY_DD,2026,LEGACY_PAS
ALB-CLB-0003837,P0003015,CLB,Commercial Liability,,DIRECT,2022-01-09,2023-01-09,EX,2558.44,0.12,ANNUAL,2022,POLARIS
ALB-CLB-0003838,P0001201,CLB,Commercial Liability,BRK0011,AGGREGATOR,2026-11-26,2027-11-26,EX,2630.86,0.12,MONTHLY_DD,2026,POLARIS
ALB-CPM-0003839,P0001284,CPM,Commercial Property,BRK0049,BROKER,2024-12-30,2025-12-30,IF,5258.75,0.12,PREMIUM_FINANCE,2024,POLARIS
ALB-CLB-0003840,P0002139,CLB,Commercial Liability,,BROKER,2021-01-22,2022-01-22,LP,1369.14,0.12,MONTHLY_DD,2021,POLARIS
ALB-MOT-0003841,P0002857,MOT,Private Motor,BRK0053,DIRECT,2024-06-04,2025-06-04,RN,4009.67,0.12,ANNUAL,2024,LEGACY_PAS
ALB-CLB-0003842,P0001784,CLB,Commercial Liability,BRK0045,BROKER,2026-05-02,2027-05-02,EX,12292.88,0.12,ANNUAL,2026,LEGACY_PAS
ALB-MOT-0003843,P0001151,MOT,Private Motor,,DIRECT,2024-08-29,2025-08-29,LP,2817.83,0.12,MONTHLY_DD,2024,POLARIS
ALB-CLB-0003844,P0002770,CLB,Commercial Liability,,DIRECT,2023-02-09,2024-02-09,IF,11111.94,0.12,PREMIUM_FINANCE,2023,POLARIS
ALB-CPM-0003845,P0001225,CPM,Commercial Property,,DIRECT,2019-08-02,2020-08-01,IF,832.81,0.12,MONTHLY_DD,2019,POLARIS
ALB-CPM-0003846,P0000412,CPM,Commercial Property,,AGGREGATOR,2025-07-10,2026-07-10,RN,8764.74,0.12,ANNUAL,2025,POLARIS
ALB-MOT-0003847,P0002751,MOT,Private Motor,,AGGREGATOR,2022-12-10,2023-12-10,RN,1027.33,0.12,MONTHLY_DD,2022,POLARIS
ALB-HOM-0003848,P0001862,HOM,Home Buildings & Contents,,BROKER,2025-06-20,2026-06-20,IF,3848.85,0.12,ANNUAL,2025,POLARIS
ALB-CLB-0003849,P0001666,CLB,Commercial Liability,BRK0037,BROKER,2026-10-28,2027-10-28,IF,12987.46,0.12,ANNUAL,2026,POLARIS
ALB-MOT-0003850,P0000867,MOT,Private Motor,BRK0026,BROKER,2022-02-13,2023-02-13,RN,2361.33,0.12,ANNUAL,2022,POLARIS
ALB-HOM-0003851,P0000439,HOM,Home Buildings & Contents,BRK0020,AGGREGATOR,2022-05-10,2023-05-10,CN,3434.53,0.12,ANNUAL,2022,LEGACY_PAS
ALB-MOT-0003852,P0000107,MOT,Private Motor,BRK0001,DIRECT,2020-02-04,2021-02-03,RN,3572.04,0.12,ANNUAL,2020,POLARIS
ALB-CLB-0003853,P0000674,CLB,Commercial Liability,BRK0053,DIRECT,2020-10-23,2021-10-23,IF,10317.92,0.12,MONTHLY_DD,2020,POLARIS
ALB-TRV-0003854,P0002228,TRV,Annual Travel,BRK0038,BROKER,2024-08-17,2025-08-17,EX,1683.77,0.12,ANNUAL,2024,POLARIS
ALB-MOT-0003855,P0002448,MOT,Private Motor,,DIRECT,2022-10-02,2023-10-02,RN,1909.06,0.12,ANNUAL,2022,POLARIS
ALB-CPM-0003856,P0001875,CPM,Commercial Property,BRK0019,BROKER,2019-06-28,2020-06-27,CN,724.71,0.12,MONTHLY_DD,2019,POLARIS
ALB-MOT-0003857,P0001921,MOT,Private Motor,BRK0056,DIRECT,2021-06-22,2022-06-22,IF,1333.55,0.12,ANNUAL,2021,POLARIS
ALB-HOM-0003858,P0000108,HOM,Home Buildings & Contents,BRK0013,BROKER,2019-08-03,2020-08-02,IF,3635.55,0.12,MONTHLY_DD,2019,POLARIS
ALB-PET-0003859,P0002333,PET,Pet,BRK0033,BROKER,2022-09-16,2023-09-16,RN,3398.97,0.12,PREMIUM_FINANCE,2022,LEGACY_PAS
ALB-TRV-0003860,P0001042,TRV,Annual Travel,BRK0012,AGGREGATOR,2018-06-26,2019-06-26,IF,3626.77,0.12,MONTHLY_DD,2018,POLARIS
ALB-CPM-0003861,P0002395,CPM,Commercial Property,BRK0004,BROKER,2024-05-04,2025-05-04,IF,11705.92,0.12,MONTHLY_DD,2024,POLARIS
ALB-HOM-0003862,P0001982,HOM,Home Buildings & Contents,BRK0022,AGGREGATOR,2023-09-22,2024-09-21,IF,1742.21,0.12,ANNUAL,2023,POLARIS
ALB-CPM-0003863,P0000336,CPM,Commercial Property,,BROKER,2024-10-11,2025-10-11,CN,11872.15,0.12,PREMIUM_FINANCE,2024,POLARIS
ALB-CLB-0003864,P0001967,CLB,Commercial Liability,BRK0032,BROKER,2023-05-20,2024-05-19,CN,13300.74,0.12,PREMIUM_FINANCE,2023,POLARIS
ALB-CLB-0003865,P0002398,CLB,Commercial Liability,,DIRECT,2019-12-13,2020-12-12,RN,3251.54,0.12,ANNUAL,2019,POLARIS
ALB-TRV-0003866,P0002393,TRV,Annual Travel,BRK0004,BROKER,2024-05-12,2025-05-12,RN,3370.38,0.12,ANNUAL,2024,POLARIS
ALB-HOM-0003867,P0000789,HOM,Home Buildings & Contents,BRK0025,DIRECT,2021-12-16,2022-12-16,IF,3743.2,0.12,PREMIUM_FINANCE,2021,POLARIS
ALB-TRV-0003868,P0002577,TRV,Annual Travel,BRK0007,BROKER,2023-07-05,2024-07-04,IF,2604.31,0.12,PREMIUM_FINANCE,2023,POLARIS
ALB-PET-0003869,P0002499,PET,Pet,BRK0060,BROKER,2019-01-08,2020-01-08,LP,3754.76,0.12,ANNUAL,2019,POLARIS
ALB-CPM-0003870,P0001001,CPM,Commercial Property,BRK0005,BROKER,2020-10-28,2021-10-28,RN,2678.37,0.12,PREMIUM_FINANCE,2020,LEGACY_PAS
ALB-MOT-0003871,P0001538,MOT,Private Motor,BRK0058,BROKER,2021-03-07,2022-03-07,EX,1344.71,0.12,MONTHLY_DD,2021,POLARIS
ALB-CLB-0003872,P0000314,CLB,Commercial Liability,,AGGREGATOR,2019-01-19,2020-01-19,IF,8947.04,0.12,MONTHLY_DD,2019,LEGACY_PAS
ALB-PET-0003873,P0000856,PET,Pet,,BROKER,2018-09-22,2019-09-22,IF,1399.46,0.12,ANNUAL,2018,POLARIS
ALB-PET-0003874,P0002475,PET,Pet,BRK0024,DIRECT,2018-06-05,2019-06-05,IF,1297.07,0.12,MONTHLY_DD,2018,POLARIS
ALB-PET-0003875,P0000961,PET,Pet,BRK0002,BROKER,2020-12-04,2021-12-04,IF,3547.94,0.12,MONTHLY_DD,2020,LEGACY_PAS
ALB-TRV-0003876,P0001018,TRV,Annual Travel,BRK0035,DIRECT,2020-10-14,2021-10-14,IF,1218.39,0.12,MONTHLY_DD,2020,LEGACY_PAS
ALB-TRV-0003877,P0001352,TRV,Annual Travel,BRK0037,DIRECT,2018-12-21,2019-12-21,IF,1886.41,0.12,PREMIUM_FINANCE,2018,POLARIS
ALB-PET-0003878,P0000542,PET,Pet,BRK0031,BROKER,2018-08-24,2019-08-24,IF,500.08,0.12,ANNUAL,2018,LEGACY_PAS
ALB-TRV-0003879,P0001136,TRV,Annual Travel,BRK0047,BROKER,2019-03-19,2020-03-18,IF,1466.02,0.12,MONTHLY_DD,2019,POLARIS
ALB-CLB-0003880,P0002762,CLB,Commercial Liability,BRK0052,BROKER,2022-11-17,2023-11-17,RN,3369.62,0.12,MONTHLY_DD,2022,LEGACY_PAS
ALB-PET-0003881,P0001876,PET,Pet,BRK0007,DIRECT,2022-09-08,2023-09-08,RN,3589.35,0.12,ANNUAL,2022,LEGACY_PAS
ALB-PET-0003882,P0000780,PET,Pet,BRK0014,BROKER,2022-10-17,2023-10-17,LP,493.65,0.12,MONTHLY_DD,2022,POLARIS
ALB-TRV-0003883,P0000159,TRV,Annual Travel,BRK0036,BROKER,2025-05-03,2026-05-03,IF,2272.28,0.12,MONTHLY_DD,2025,POLARIS
ALB-TRV-0003884,P0001104,TRV,Annual Travel,BRK0038,BROKER,2020-06-30,2021-06-30,IF,2314.07,0.12,MONTHLY_DD,2020,POLARIS
ALB-TRV-0003885,P0000358,TRV,Annual Travel,BRK0006,BROKER,2025-08-10,2026-08-10,CN,2398.45,0.12,MONTHLY_DD,2025,POLARIS
ALB-CPM-0003886,P0002250,CPM,Commercial Property,BRK0011,AGGREGATOR,2024-09-15,2025-09-15,RN,13855.75,0.12,ANNUAL,2024,POLARIS
ALB-CLB-0003887,P0002272,CLB,Commercial Liability,,AGGREGATOR,2019-12-16,2020-12-15,LP,3694.01,0.12,ANNUAL,2019,LEGACY_PAS
ALB-TRV-0003888,P0001386,TRV,Annual Travel,BRK0050,BROKER,2023-04-15,2024-04-14,RN,1799.3,0.12,ANNUAL,2023,LEGACY_PAS
ALB-CPM-0003889,P0001340,CPM,Commercial Property,BRK0058,DIRECT,2019-09-22,2020-09-21,IF,9807.03,0.12,ANNUAL,2019,LEGACY_PAS
ALB-TRV-0003890,P0003051,TRV,Annual Travel,,DIRECT,2023-01-17,2024-01-17,IF,2984.94,0.12,PREMIUM_FINANCE,2023,LEGACY_PAS
ALB-CPM-0003891,P0002560,CPM,Commercial Property,BRK0035,BROKER,2023-08-24,2024-08-23,LP,10650.44,0.12,PREMIUM_FINANCE,2023,POLARIS
ALB-CPM-0003892,P0001465,CPM,Commercial Property,BRK0025,DIRECT,2021-05-04,2022-05-04,RN,13111.95,0.12,PREMIUM_FINANCE,2021,POLARIS
ALB-PET-0003893,P0000743,PET,Pet,,DIRECT,2022-12-12,2023-12-12,IF,2888.21,0.12,PREMIUM_FINANCE,2022,POLARIS
ALB-MOT-0003894,P0000883,MOT,Private Motor,BRK0053,DIRECT,2023-10-27,2024-10-26,IF,2686.43,0.12,MONTHLY_DD,2023,LEGACY_PAS
ALB-MOT-0003895,P0000243,MOT,Private Motor,,BROKER,2024-09-19,2025-09-19,CN,3929.3,0.12,ANNUAL,2024,LEGACY_PAS
ALB-HOM-0003896,P0001237,HOM,Home Buildings & Contents,BRK0001,BROKER,2025-10-08,2026-10-08,EX,3896.79,0.12,PREMIUM_FINANCE,2025,POLARIS
ALB-CLB-0003897,P0001180,CLB,Commercial Liability,,DIRECT,2026-11-25,2027-11-25,IF,4387.56,0.12,ANNUAL,2026,LEGACY_PAS
ALB-CLB-0003898,P0001905,CLB,Commercial Liability,BRK0042,BROKER,2021-04-02,2022-04-02,RN,12370.24,0.12,MONTHLY_DD,2021,POLARIS
ALB-CPM-0003899,P0001536,CPM,Commercial Property,BRK0058,BROKER,2023-02-17,2024-02-17,RN,8239.84,0.12,MONTHLY_DD,2023,POLARIS
ALB-CPM-0003900,P0001209,CPM,Commercial Property,BRK0038,DIRECT,2020-10-19,2021-10-19,IF,2161.7,0.12,MONTHLY_DD,2020,POLARIS
ALB-CLB-0003901,P0002023,CLB,Commercial Liability,,DIRECT,2018-04-25,2019-04-25,EX,10479.92,0.12,PREMIUM_FINANCE,2018,LEGACY_PAS
ALB-CLB-0003902,P0002049,CLB,Commercial Liability,BRK0026,BROKER,2021-09-20,2022-09-20,RN,8550.43,0.12,ANNUAL,2021,POLARIS
ALB-CPM-0003903,P0002115,CPM,Commercial Property,BRK0036,AGGREGATOR,2022-01-16,2023-01-16,EX,1080.6,0.12,PREMIUM_FINANCE,2022,POLARIS
ALB-PET-0003904,P0000101,PET,Pet,,BROKER,2018-08-06,2019-08-06,EX,210.5,0.12,ANNUAL,2018,POLARIS
ALB-HOM-0003905,P0001926,HOM,Home Buildings & Contents,BRK0050,AGGREGATOR,2023-08-04,2024-08-03,IF,3371.21,0.12,ANNUAL,2023,LEGACY_PAS
ALB-CPM-0003906,P0000561,CPM,Commercial Property,BRK0024,BROKER,2026-09-23,2027-09-23,RN,4452.59,0.12,ANNUAL,2026,POLARIS
ALB-CPM-0003907,P0000695,CPM,Commercial Property,BRK0031,BROKER,2022-11-10,2023-11-10,RN,10736.16,0.12,PREMIUM_FINANCE,2022,LEGACY_PAS
ALB-TRV-0003908,P0002178,TRV,Annual Travel,BRK0052,BROKER,2020-03-26,2021-03-26,EX,2566.62,0.12,PREMIUM_FINANCE,2020,LEGACY_PAS
ALB-CPM-0003909,P0000714,CPM,Commercial Property,BRK0051,DIRECT,2025-06-30,2026-06-30,IF,3870.98,0.12,ANNUAL,2025,POLARIS
ALB-TRV-0003910,P0001745,TRV,Annual Travel,,DIRECT,2021-10-29,2022-10-29,IF,1090.63,0.12,ANNUAL,2021,POLARIS
ALB-CPM-0003911,P0002315,CPM,Commercial Property,,DIRECT,2018-07-09,2019-07-09,LP,14511.02,0.12,MONTHLY_DD,2018,LEGACY_PAS
ALB-TRV-0003912,P0001613,TRV,Annual Travel,BRK0043,DIRECT,2025-01-22,2026-01-22,RN,3627.74,0.12,PREMIUM_FINANCE,2025,POLARIS
ALB-CLB-0003913,P0001797,CLB,Commercial Liability,BRK0040,BROKER,2022-02-04,2023-02-04,RN,5435.63,0.12,MONTHLY_DD,2022,POLARIS
ALB-MOT-0003914,P0002297,MOT,Private Motor,,AGGREGATOR,2026-09-04,2027-09-04,IF,3406.52,0.12,ANNUAL,2026,POLARIS
ALB-MOT-0003915,P0003073,MOT,Private Motor,,AGGREGATOR,2020-09-06,2021-09-06,RN,3256.3,0.12,PREMIUM_FINANCE,2020,LEGACY_PAS
ALB-CPM-0003916,P0001281,CPM,Commercial Property,,AGGREGATOR,2021-10-26,2022-10-26,RN,8769.23,0.12,ANNUAL,2021,LEGACY_PAS
ALB-HOM-0003917,P0000196,HOM,Home Buildings & Contents,,BROKER,2025-09-28,2026-09-28,IF,2599.85,0.12,ANNUAL,2025,LEGACY_PAS
ALB-CPM-0003918,P0001750,CPM,Commercial Property,BRK0017,AGGREGATOR,2026-11-10,2027-11-10,EX,7072.33,0.12,MONTHLY_DD,2026,POLARIS
ALB-HOM-0003919,P0002433,HOM,Home Buildings & Contents,BRK0023,BROKER,2025-06-22,2026-06-22,CN,3486.29,0.12,ANNUAL,2025,LEGACY_PAS
ALB-HOM-0003920,P0001977,HOM,Home Buildings & Contents,,BROKER,2022-03-26,2023-03-26,RN,2838.2,0.12,MONTHLY_DD,2022,POLARIS
ALB-CLB-0003921,P0001759,CLB,Commercial Liability,BRK0051,BROKER,2026-07-03,2027-07-03,RN,11036.57,0.12,ANNUAL,2026,LEGACY_PAS
ALB-PET-0003922,P0003110,PET,Pet,,BROKER,2023-01-10,2024-01-10,RN,3879.72,0.12,MONTHLY_DD,2023,POLARIS
ALB-CPM-0003923,P0001900,CPM,Commercial Property,,DIRECT,2019-02-25,2020-02-25,LP,8007.03,0.12,MONTHLY_DD,2019,POLARIS
ALB-MOT-0003924,P0002358,MOT,Private Motor,BRK0007,BROKER,2025-02-25,2026-02-25,IF,2728.02,0.12,PREMIUM_FINANCE,2025,POLARIS
ALB-CLB-0003925,P0002523,CLB,Commercial Liability,BRK0030,BROKER,2024-08-30,2025-08-30,IF,13148.59,0.12,ANNUAL,2024,POLARIS
ALB-MOT-0003926,P0000158,MOT,Private Motor,BRK0002,DIRECT,2023-08-25,2024-08-24,LP,3623.85,0.12,ANNUAL,2023,POLARIS
ALB-TRV-0003927,P0000696,TRV,Annual Travel,BRK0047,DIRECT,2023-10-07,2024-10-06,IF,3034.36,0.12,ANNUAL,2023,LEGACY_PAS
ALB-HOM-0003928,P0002880,HOM,Home Buildings & Contents,BRK0040,DIRECT,2025-07-10,2026-07-10,RN,2332.62,0.12,MONTHLY_DD,2025,POLARIS
ALB-CLB-0003929,P0002235,CLB,Commercial Liability,,BROKER,2024-10-26,2025-10-26,LP,2167.56,0.12,MONTHLY_DD,2024,POLARIS
ALB-CPM-0003930,P0002805,CPM,Commercial Property,BRK0009,BROKER,2018-03-31,2019-03-31,RN,8346.41,0.12,MONTHLY_DD,2018,POLARIS
ALB-HOM-0003931,P0001844,HOM,Home Buildings & Contents,,AGGREGATOR,2026-06-06,2027-06-06,CN,972.25,0.12,ANNUAL,2026,POLARIS
ALB-MOT-0003932,P0002333,MOT,Private Motor,,BROKER,2023-07-06,2024-07-05,RN,403.87,0.12,ANNUAL,2023,POLARIS
ALB-MOT-0003933,P0001059,MOT,Private Motor,BRK0031,BROKER,2019-05-24,2020-05-23,RN,2932.55,0.12,MONTHLY_DD,2019,POLARIS
ALB-TRV-0003934,P0002173,TRV,Annual Travel,BRK0049,BROKER,2023-10-13,2024-10-12,IF,2135.98,0.12,ANNUAL,2023,POLARIS
ALB-TRV-0003935,P0002240,TRV,Annual Travel,,BROKER,2019-01-06,2020-01-06,RN,2326.09,0.12,PREMIUM_FINANCE,2019,POLARIS
ALB-CLB-0003936,P0001986,CLB,Commercial Liability,,BROKER,2025-08-17,2026-08-17,RN,1748.51,0.12,PREMIUM_FINANCE,2025,POLARIS
ALB-CPM-0003937,P0001467,CPM,Commercial Property,BRK0007,DIRECT,2018-01-04,2019-01-04,IF,3324.78,0.12,ANNUAL,2018,LEGACY_PAS
ALB-CLB-0003938,P0000431,CLB,Commercial Liability,BRK0058,DIRECT,2021-08-28,2022-08-28,LP,10171.21,0.12,ANNUAL,2021,POLARIS
ALB-PET-0003939,P0002236,PET,Pet,BRK0001,DIRECT,2025-10-25,2026-10-25,RN,4186.97,0.12,PREMIUM_FINANCE,2025,POLARIS
ALB-CLB-0003940,P0000340,CLB,Commercial Liability,BRK0008,AGGREGATOR,2023-07-31,2024-07-30,RN,12281.59,0.12,MONTHLY_DD,2023,POLARIS
ALB-TRV-0003941,P0002092,TRV,Annual Travel,,BROKER,2019-08-11,2020-08-10,CN,4047.93,0.12,PREMIUM_FINANCE,2019,POLARIS
ALB-CLB-0003942,P0002932,CLB,Commercial Liability,BRK0032,BROKER,2022-08-05,2023-08-05,RN,4805.2,0.12,ANNUAL,2022,POLARIS
ALB-MOT-0003943,P0002505,MOT,Private Motor,,BROKER,2020-05-27,2021-05-27,LP,2604.61,0.12,ANNUAL,2020,POLARIS
ALB-CPM-0003944,P0002097,CPM,Commercial Property,BRK0053,BROKER,2024-10-18,2025-10-18,RN,3120.75,0.12,ANNUAL,2024,POLARIS
ALB-HOM-0003945,P0002836,HOM,Home Buildings & Contents,BRK0047,DIRECT,2022-11-14,2023-11-14,LP,3859.64,0.12,MONTHLY_DD,2022,POLARIS
ALB-MOT-0003946,P0001913,MOT,Private Motor,BRK0037,AGGREGATOR,2018-03-06,2019-03-06,LP,2943.81,0.12,MONTHLY_DD,2018,POLARIS
ALB-CLB-0003947,P0001401,CLB,Commercial Liability,,DIRECT,2022-09-05,2023-09-05,EX,11628.86,0.12,MONTHLY_DD,2022,POLARIS
ALB-MOT-0003948,P0002038,MOT,Private Motor,,BROKER,2024-06-16,2025-06-16,IF,1099.67,0.12,MONTHLY_DD,2024,LEGACY_PAS
ALB-TRV-0003949,P0001865,TRV,Annual Travel,BRK0007,BROKER,2026-08-24,2027-08-24,IF,3620.63,0.12,ANNUAL,2026,POLARIS
ALB-TRV-0003950,P0002648,TRV,Annual Travel,BRK0046,DIRECT,2023-10-03,2024-10-02,IF,1106.87,0.12,ANNUAL,2023,POLARIS
ALB-MOT-0003951,P0000954,MOT,Private Motor,BRK0041,DIRECT,2025-12-29,2026-12-29,IF,2917.65,0.12,PREMIUM_FINANCE,2025,LEGACY_PAS
ALB-CPM-0003952,P0002009,CPM,Commercial Property,BRK0018,AGGREGATOR,2020-07-14,2021-07-14,IF,1330.23,0.12,PREMIUM_FINANCE,2020,LEGACY_PAS
ALB-MOT-0003953,P0000378,MOT,Private Motor,BRK0006,BROKER,2020-07-08,2021-07-08,RN,2783.96,0.12,MONTHLY_DD,2020,POLARIS
ALB-TRV-0003954,P0002486,TRV,Annual Travel,BRK0053,AGGREGATOR,2025-03-29,2026-03-29,IF,1205.18,0.12,PREMIUM_FINANCE,2025,POLARIS
ALB-TRV-0003955,P0001691,TRV,Annual Travel,BRK0012,BROKER,2025-09-07,2026-09-07,IF,3927.4,0.12,MONTHLY_DD,2025,POLARIS
ALB-CPM-0003956,P0002095,CPM,Commercial Property,,BROKER,2026-04-13,2027-04-13,IF,3763.65,0.12,MONTHLY_DD,2026,POLARIS
ALB-CLB-0003957,P0000835,CLB,Commercial Liability,BRK0054,BROKER,2023-06-23,2024-06-22,RN,8427.73,0.12,MONTHLY_DD,2023,LEGACY_PAS
ALB-CLB-0003958,P0001755,CLB,Commercial Liability,,DIRECT,2025-12-09,2026-12-09,CN,4316.95,0.12,MONTHLY_DD,2025,POLARIS
ALB-HOM-0003959,P0001818,HOM,Home Buildings & Contents,,DIRECT,2025-02-01,2026-02-01,RN,1219.14,0.12,MONTHLY_DD,2025,POLARIS
ALB-CPM-0003960,P0002308,CPM,Commercial Property,BRK0049,DIRECT,2023-05-04,2024-05-03,CN,1990.88,0.12,PREMIUM_FINANCE,2023,LEGACY_PAS
ALB-CPM-0003961,P0002984,CPM,Commercial Property,,BROKER,2022-11-10,2023-11-10,RN,9627.11,0.12,PREMIUM_FINANCE,2022,POLARIS
ALB-PET-0003962,P0002406,PET,Pet,,DIRECT,2023-04-08,2024-04-07,IF,3755.69,0.12,ANNUAL,2023,POLARIS
ALB-PET-0003963,P0002855,PET,Pet,,DIRECT,2019-08-29,2020-08-28,IF,2228.71,0.12,MONTHLY_DD,2019,POLARIS
ALB-HOM-0003964,P0000263,HOM,Home Buildings & Contents,BRK0008,BROKER,2025-05-16,2026-05-16,IF,755.97,0.12,MONTHLY_DD,2025,LEGACY_PAS
ALB-CPM-0003965,P0001025,CPM,Commercial Property,BRK0015,BROKER,2026-05-12,2027-05-12,IF,8160.1,0.12,MONTHLY_DD,2026,POLARIS
ALB-TRV-0003966,P0001374,TRV,Annual Travel,BRK0016,DIRECT,2026-09-16,2027-09-16,EX,2402.33,0.12,ANNUAL,2026,POLARIS
ALB-PET-0003967,P0001703,PET,Pet,,BROKER,2024-06-17,2025-06-17,EX,1678.89,0.12,MONTHLY_DD,2024,POLARIS
ALB-CLB-0003968,P0002942,CLB,Commercial Liability,BRK0052,DIRECT,2023-03-06,2024-03-05,IF,7801.06,0.12,PREMIUM_FINANCE,2023,POLARIS
ALB-TRV-0003969,P0002981,TRV,Annual Travel,,BROKER,2020-12-08,2021-12-08,LP,1537.65,0.12,PREMIUM_FINANCE,2020,POLARIS
ALB-CPM-0003970,P0001029,CPM,Commercial Property,BRK0036,AGGREGATOR,2019-07-23,2020-07-22,RN,4590.95,0.12,ANNUAL,2019,POLARIS
ALB-CPM-0003971,P0000677,CPM,Commercial Property,,AGGREGATOR,2018-04-22,2019-04-22,EX,3233.54,0.12,ANNUAL,2018,POLARIS
ALB-HOM-0003972,P0002675,HOM,Home Buildings & Contents,BRK0022,BROKER,2022-03-23,2023-03-23,IF,184.72,0.12,PREMIUM_FINANCE,2022,POLARIS
ALB-HOM-0003973,P0002586,HOM,Home Buildings & Contents,BRK0046,BROKER,2020-01-27,2021-01-26,LP,3394.21,0.12,MONTHLY_DD,2020,POLARIS
ALB-MOT-0003974,P0003052,MOT,Private Motor,BRK0051,BROKER,2026-07-31,2027-07-31,IF,2538.57,0.12,PREMIUM_FINANCE,2026,POLARIS
ALB-HOM-0003975,P0001022,HOM,Home Buildings & Contents,BRK0044,DIRECT,2023-10-27,2024-10-26,RN,2360.61,0.12,PREMIUM_FINANCE,2023,LEGACY_PAS
ALB-TRV-0003976,P0002301,TRV,Annual Travel,,BROKER,2023-05-11,2024-05-10,RN,3038.73,0.12,ANNUAL,2023,LEGACY_PAS
ALB-CPM-0003977,P0002365,CPM,Commercial Property,BRK0001,BROKER,2023-11-13,2024-11-12,LP,6219.01,0.12,MONTHLY_DD,2023,LEGACY_PAS
ALB-PET-0003978,P0000830,PET,Pet,BRK0022,BROKER,2019-08-13,2020-08-12,LP,3667.48,0.12,MONTHLY_DD,2019,POLARIS
ALB-CLB-0003979,P0003030,CLB,Commercial Liability,BRK0008,DIRECT,2020-05-20,2021-05-20,LP,5082.99,0.12,MONTHLY_DD,2020,POLARIS
ALB-CPM-0003980,P0000562,CPM,Commercial Property,,BROKER,2023-11-03,2024-11-02,EX,1390.16,0.12,PREMIUM_FINANCE,2023,POLARIS
ALB-MOT-0003981,P0001836,MOT,Private Motor,BRK0047,BROKER,2019-01-21,2020-01-21,LP,2979.87,0.12,PREMIUM_FINANCE,2019,LEGACY_PAS
ALB-CLB-0003982,P0001740,CLB,Commercial Liability,BRK0018,DIRECT,2026-08-22,2027-08-22,RN,13808.3,0.12,MONTHLY_DD,2026,POLARIS
ALB-TRV-0003983,P0002015,TRV,Annual Travel,,AGGREGATOR,2023-07-13,2024-07-12,IF,787.49,0.12,MONTHLY_DD,2023,LEGACY_PAS
ALB-HOM-0003984,P0000619,HOM,Home Buildings & Contents,BRK0035,DIRECT,2019-05-01,2020-04-30,LP,1125.92,0.12,ANNUAL,2019,POLARIS
ALB-CLB-0003985,P0000394,CLB,Commercial Liability,BRK0028,DIRECT,2019-06-07,2020-06-06,RN,2456.83,0.12,MONTHLY_DD,2019,LEGACY_PAS
ALB-TRV-0003986,P0002645,TRV,Annual Travel,BRK0051,BROKER,2022-06-11,2023-06-11,IF,3247.88,0.12,PREMIUM_FINANCE,2022,LEGACY_PAS
ALB-HOM-0003987,P0002453,HOM,Home Buildings & Contents,,DIRECT,2023-08-22,2024-08-21,CN,541.89,0.12,ANNUAL,2023,LEGACY_PAS
ALB-CPM-0003988,P0002555,CPM,Commercial Property,BRK0017,BROKER,2020-03-17,2021-03-17,LP,5357.64,0.12,MONTHLY_DD,2020,POLARIS
ALB-PET-0003989,P0000522,PET,Pet,BRK0034,AGGREGATOR,2018-03-06,2019-03-06,IF,2317.48,0.12,PREMIUM_FINANCE,2018,POLARIS
ALB-PET-0003990,P0000982,PET,Pet,BRK0035,DIRECT,2026-05-16,2027-05-16,LP,3474.53,0.12,ANNUAL,2026,LEGACY_PAS
ALB-PET-0003991,P0000643,PET,Pet,BRK0034,BROKER,2025-01-23,2026-01-23,EX,3162.64,0.12,PREMIUM_FINANCE,2025,POLARIS
ALB-TRV-0003992,P0001160,TRV,Annual Travel,BRK0005,DIRECT,2020-07-25,2021-07-25,LP,1039.1,0.12,ANNUAL,2020,POLARIS
ALB-TRV-0003993,P0000290,TRV,Annual Travel,BRK0015,AGGREGATOR,2019-08-30,2020-08-29,LP,1136.22,0.12,PREMIUM_FINANCE,2019,LEGACY_PAS
ALB-CLB-0003994,P0002421,CLB,Commercial Liability,,DIRECT,2018-03-10,2019-03-10,EX,10028.4,0.12,ANNUAL,2018,POLARIS
ALB-HOM-0003995,P0000626,HOM,Home Buildings & Contents,BRK0008,BROKER,2023-07-08,2024-07-07,EX,1683.68,0.12,MONTHLY_DD,2023,POLARIS
ALB-TRV-0003996,P0000312,TRV,Annual Travel,,AGGREGATOR,2023-08-02,2024-08-01,EX,3937.46,0.12,ANNUAL,2023,POLARIS
ALB-MOT-0003997,P0000524,MOT,Private Motor,BRK0058,BROKER,2022-11-21,2023-11-21,IF,864.25,0.12,ANNUAL,2022,LEGACY_PAS
ALB-CPM-0003998,P0002133,CPM,Commercial Property,BRK0025,BROKER,2021-03-24,2022-03-24,RN,13675.04,0.12,PREMIUM_FINANCE,2021,POLARIS
ALB-TRV-0003999,P0000514,TRV,Annual Travel,BRK0042,BROKER,2022-09-23,2023-09-23,IF,1537.33,0.12,PREMIUM_FINANCE,2022,POLARIS
ALB-HOM-0004000,P0000621,HOM,Home Buildings & Contents,,BROKER,2020-06-20,2021-06-20,IF,2078.35,0.12,ANNUAL,2020,POLARIS
ALB-HOM-0004001,P0000973,HOM,Home Buildings & Contents,BRK0031,DIRECT,2021-07-20,2022-07-20,LP,1224.77,0.12,ANNUAL,2021,POLARIS
ALB-TRV-0004002,P0001401,TRV,Annual Travel,BRK0025,BROKER,2024-12-23,2025-12-23,IF,2184.14,0.12,MONTHLY_DD,2024,POLARIS
ALB-CPM-0004003,P0000219,CPM,Commercial Property,BRK0054,BROKER,2022-05-15,2023-05-15,LP,8431.8,0.12,ANNUAL,2022,LEGACY_PAS
ALB-HOM-0004004,P0001718,HOM,Home Buildings & Contents,BRK0036,BROKER,2024-01-02,2025-01-01,IF,881.14,0.12,MONTHLY_DD,2024,LEGACY_PAS
ALB-MOT-0004005,P0002716,MOT,Private Motor,,AGGREGATOR,2023-03-29,2024-03-28,RN,1578.65,0.12,ANNUAL,2023,LEGACY_PAS
ALB-TRV-0004006,P0001515,TRV,Annual Travel,BRK0012,AGGREGATOR,2025-06-22,2026-06-22,IF,1056.49,0.12,MONTHLY_DD,2025,POLARIS
ALB-PET-0004007,P0001390,PET,Pet,BRK0019,AGGREGATOR,2022-03-03,2023-03-03,RN,2398.53,0.12,ANNUAL,2022,POLARIS
ALB-MOT-0004008,P0001415,MOT,Private Motor,BRK0004,DIRECT,2021-02-17,2022-02-17,LP,2015.47,0.12,PREMIUM_FINANCE,2021,POLARIS
ALB-CLB-0004009,P0001647,CLB,Commercial Liability,BRK0018,BROKER,2019-03-17,2020-03-16,RN,1201.22,0.12,MONTHLY_DD,2019,POLARIS
ALB-PET-0004010,P0003031,PET,Pet,,BROKER,2026-05-17,2027-05-17,EX,1892.03,0.12,MONTHLY_DD,2026,POLARIS
ALB-CPM-0004011,P0002480,CPM,Commercial Property,BRK0003,DIRECT,2022-01-04,2023-01-04,CN,8359.27,0.12,PREMIUM_FINANCE,2022,POLARIS
ALB-CLB-0004012,P0003101,CLB,Commercial Liability,,AGGREGATOR,2019-04-05,2020-04-04,RN,13384.92,0.12,MONTHLY_DD,2019,POLARIS
ALB-PET-0004013,P0002124,PET,Pet,BRK0038,DIRECT,2018-05-11,2019-05-11,EX,600.93,0.12,ANNUAL,2018,POLARIS
ALB-MOT-0004014,P0001151,MOT,Private Motor,,DIRECT,2022-07-29,2023-07-29,LP,3134.51,0.12,ANNUAL,2022,POLARIS
ALB-HOM-0004015,P0002420,HOM,Home Buildings & Contents,BRK0052,BROKER,2025-04-29,2026-04-29,IF,2646.05,0.12,ANNUAL,2025,LEGACY_PAS
ALB-CPM-0004016,P0002923,CPM,Commercial Property,BRK0012,DIRECT,2024-12-05,2025-12-05,IF,13870.35,0.12,PREMIUM_FINANCE,2024,LEGACY_PAS
ALB-CLB-0004017,P0002979,CLB,Commercial Liability,,AGGREGATOR,2024-07-24,2025-07-24,RN,12824.22,0.12,MONTHLY_DD,2024,POLARIS
ALB-PET-0004018,P0003078,PET,Pet,BRK0003,BROKER,2020-07-08,2021-07-08,IF,2175.98,0.12,MONTHLY_DD,2020,POLARIS
ALB-TRV-0004019,P0000861,TRV,Annual Travel,,AGGREGATOR,2019-01-09,2020-01-09,EX,483.19,0.12,ANNUAL,2019,POLARIS
ALB-TRV-0004020,P0002848,TRV,Annual Travel,BRK0022,AGGREGATOR,2022-10-18,2023-10-18,IF,1450.54,0.12,PREMIUM_FINANCE,2022,POLARIS
ALB-CLB-0004021,P0002439,CLB,Commercial Liability,BRK0005,BROKER,2023-05-23,2024-05-22,IF,6804.48,0.12,MONTHLY_DD,2023,POLARIS
ALB-PET-0004022,P0002286,PET,Pet,,BROKER,2021-10-24,2022-10-24,IF,1190.55,0.12,ANNUAL,2021,LEGACY_PAS
ALB-CPM-0004023,P0001866,CPM,Commercial Property,,BROKER,2019-02-06,2020-02-06,IF,14334.8,0.12,PREMIUM_FINANCE,2019,POLARIS
ALB-HOM-0004024,P0001054,HOM,Home Buildings & Contents,BRK0032,BROKER,2026-01-15,2027-01-15,IF,2066.91,0.12,ANNUAL,2026,LEGACY_PAS
ALB-HOM-0004025,P0003153,HOM,Home Buildings & Contents,,BROKER,2023-08-10,2024-08-09,EX,401.79,0.12,ANNUAL,2023,LEGACY_PAS
ALB-PET-0004026,P0002793,PET,Pet,BRK0017,BROKER,2022-11-15,2023-11-15,RN,2067.64,0.12,ANNUAL,2022,POLARIS
ALB-PET-0004027,P0002531,PET,Pet,BRK0014,BROKER,2019-02-13,2020-02-13,LP,1640.69,0.12,MONTHLY_DD,2019,POLARIS
ALB-CLB-0004028,P0000572,CLB,Commercial Liability,,BROKER,2022-08-15,2023-08-15,EX,4601.47,0.12,MONTHLY_DD,2022,POLARIS
ALB-HOM-0004029,P0003055,HOM,Home Buildings & Contents,,AGGREGATOR,2023-04-19,2024-04-18,IF,1322.5,0.12,ANNUAL,2023,POLARIS
ALB-PET-0004030,P0000634,PET,Pet,BRK0056,DIRECT,2022-08-02,2023-08-02,IF,1195.72,0.12,PREMIUM_FINANCE,2022,POLARIS
ALB-CLB-0004031,P0001668,CLB,Commercial Liability,BRK0042,BROKER,2023-08-11,2024-08-10,CN,8050.23,0.12,PREMIUM_FINANCE,2023,LEGACY_PAS
ALB-HOM-0004032,P0001147,HOM,Home Buildings & Contents,BRK0008,AGGREGATOR,2023-05-21,2024-05-20,EX,3175.39,0.12,MONTHLY_DD,2023,POLARIS
ALB-MOT-0004033,P0002076,MOT,Private Motor,,DIRECT,2023-08-18,2024-08-17,LP,2547.71,0.12,PREMIUM_FINANCE,2023,POLARIS
ALB-TRV-0004034,P0002576,TRV,Annual Travel,BRK0017,DIRECT,2025-01-14,2026-01-14,IF,1085.67,0.12,MONTHLY_DD,2025,POLARIS
ALB-HOM-0004035,P0002413,HOM,Home Buildings & Contents,,DIRECT,2020-01-14,2021-01-13,IF,4176.42,0.12,PREMIUM_FINANCE,2020,POLARIS
ALB-CLB-0004036,P0001473,CLB,Commercial Liability,,BROKER,2025-02-28,2026-02-28,CN,3275.08,0.12,ANNUAL,2025,POLARIS
ALB-CLB-0004037,P0002464,CLB,Commercial Liability,BRK0035,AGGREGATOR,2024-11-08,2025-11-08,IF,7231.14,0.12,MONTHLY_DD,2024,POLARIS
ALB-CLB-0004038,P0002501,CLB,Commercial Liability,BRK0051,BROKER,2025-09-03,2026-09-03,IF,12446.79,0.12,ANNUAL,2025,POLARIS
ALB-CLB-0004039,P0001321,CLB,Commercial Liability,BRK0036,AGGREGATOR,2021-03-20,2022-03-20,EX,918.75,0.12,MONTHLY_DD,2021,LEGACY_PAS
ALB-CPM-0004040,P0000359,CPM,Commercial Property,,DIRECT,2026-12-26,2027-12-26,IF,10392.35,0.12,MONTHLY_DD,2026,POLARIS
ALB-CPM-0004041,P0002347,CPM,Commercial Property,,DIRECT,2019-10-22,2020-10-21,EX,7027.65,0.12,ANNUAL,2019,POLARIS
ALB-TRV-0004042,P0001623,TRV,Annual Travel,BRK0009,BROKER,2020-06-02,2021-06-02,EX,682.78,0.12,ANNUAL,2020,POLARIS
ALB-CLB-0004043,P0000768,CLB,Commercial Liability,BRK0030,BROKER,2018-05-07,2019-05-07,IF,820.14,0.12,ANNUAL,2018,LEGACY_PAS
ALB-MOT-0004044,P0002534,MOT,Private Motor,,BROKER,2024-07-04,2025-07-04,CN,1240.58,0.12,PREMIUM_FINANCE,2024,POLARIS
ALB-PET-0004045,P0003100,PET,Pet,,BROKER,2022-07-12,2023-07-12,CN,3032.75,0.12,MONTHLY_DD,2022,POLARIS
ALB-TRV-0004046,P0000320,TRV,Annual Travel,,DIRECT,2023-07-21,2024-07-20,IF,3748.68,0.12,MONTHLY_DD,2023,POLARIS
ALB-TRV-0004047,P0001621,TRV,Annual Travel,BRK0045,BROKER,2022-11-07,2023-11-07,IF,1414.76,0.12,ANNUAL,2022,LEGACY_PAS
ALB-CLB-0004048,P0001559,CLB,Commercial Liability,BRK0002,DIRECT,2024-05-28,2025-05-28,IF,3594.94,0.12,MONTHLY_DD,2024,LEGACY_PAS
ALB-CPM-0004049,P0002834,CPM,Commercial Property,BRK0047,BROKER,2020-03-14,2021-03-14,LP,9196.13,0.12,ANNUAL,2020,POLARIS
ALB-TRV-0004050,P0003034,TRV,Annual Travel,,DIRECT,2023-05-23,2024-05-22,IF,945.32,0.12,ANNUAL,2023,POLARIS
ALB-CLB-0004051,P0001037,CLB,Commercial Liability,BRK0034,BROKER,2021-01-31,2022-01-31,IF,12897.0,0.12,MONTHLY_DD,2021,LEGACY_PAS
ALB-MOT-0004052,P0002393,MOT,Private Motor,BRK0043,BROKER,2026-03-01,2027-03-01,LP,3891.97,0.12,MONTHLY_DD,2026,LEGACY_PAS
ALB-CPM-0004053,P0002781,CPM,Commercial Property,BRK0028,BROKER,2019-04-14,2020-04-13,RN,14132.04,0.12,ANNUAL,2019,LEGACY_PAS
ALB-CPM-0004054,P0001064,CPM,Commercial Property,BRK0060,BROKER,2022-11-22,2023-11-22,EX,10558.93,0.12,MONTHLY_DD,2022,POLARIS
ALB-CLB-0004055,P0002895,CLB,Commercial Liability,,DIRECT,2026-09-19,2027-09-19,IF,4032.2,0.12,ANNUAL,2026,POLARIS
ALB-PET-0004056,P0000678,PET,Pet,BRK0001,BROKER,2025-12-21,2026-12-21,IF,3043.93,0.12,MONTHLY_DD,2025,POLARIS
ALB-CLB-0004057,P0002817,CLB,Commercial Liability,BRK0009,BROKER,2024-08-17,2025-08-17,IF,2219.35,0.12,MONTHLY_DD,2024,POLARIS
ALB-HOM-0004058,P0002407,HOM,Home Buildings & Contents,BRK0007,DIRECT,2025-09-18,2026-09-18,IF,2420.23,0.12,ANNUAL,2025,LEGACY_PAS
ALB-CPM-0004059,P0003108,CPM,Commercial Property,BRK0037,AGGREGATOR,2021-03-26,2022-03-26,CN,13945.65,0.12,MONTHLY_DD,2021,LEGACY_PAS
ALB-CPM-0004060,P0002332,CPM,Commercial Property,,DIRECT,2020-06-07,2021-06-07,RN,9446.68,0.12,MONTHLY_DD,2020,LEGACY_PAS
ALB-PET-0004061,P0002139,PET,Pet,,DIRECT,2024-04-13,2025-04-13,RN,2806.67,0.12,MONTHLY_DD,2024,POLARIS
ALB-TRV-0004062,P0001571,TRV,Annual Travel,BRK0021,AGGREGATOR,2026-11-11,2027-11-11,IF,1944.75,0.12,MONTHLY_DD,2026,LEGACY_PAS
ALB-MOT-0004063,P0002887,MOT,Private Motor,,DIRECT,2021-06-27,2022-06-27,IF,3888.79,0.12,MONTHLY_DD,2021,POLARIS
ALB-TRV-0004064,P0002610,TRV,Annual Travel,,AGGREGATOR,2024-08-19,2025-08-19,IF,1008.11,0.12,MONTHLY_DD,2024,LEGACY_PAS
ALB-CPM-0004065,P0000676,CPM,Commercial Property,BRK0046,BROKER,2023-11-20,2024-11-19,IF,8049.85,0.12,ANNUAL,2023,LEGACY_PAS
ALB-MOT-0004066,P0000391,MOT,Private Motor,,DIRECT,2026-01-04,2027-01-04,RN,3040.96,0.12,MONTHLY_DD,2026,POLARIS
ALB-MOT-0004067,P0000835,MOT,Private Motor,BRK0022,DIRECT,2022-05-08,2023-05-08,RN,3856.16,0.12,MONTHLY_DD,2022,POLARIS
ALB-PET-0004068,P0002271,PET,Pet,,AGGREGATOR,2025-11-30,2026-11-30,CN,988.6,0.12,ANNUAL,2025,POLARIS
ALB-TRV-0004069,P0001650,TRV,Annual Travel,BRK0024,DIRECT,2022-08-20,2023-08-20,IF,3210.22,0.12,PREMIUM_FINANCE,2022,POLARIS
ALB-HOM-0004070,P0000527,HOM,Home Buildings & Contents,BRK0038,BROKER,2020-04-28,2021-04-28,EX,3037.37,0.12,PREMIUM_FINANCE,2020,LEGACY_PAS
ALB-CLB-0004071,P0001048,CLB,Commercial Liability,BRK0041,AGGREGATOR,2024-08-12,2025-08-12,IF,10553.49,0.12,MONTHLY_DD,2024,POLARIS
ALB-TRV-0004072,P0002746,TRV,Annual Travel,BRK0001,BROKER,2023-03-11,2024-03-10,EX,2793.78,0.12,MONTHLY_DD,2023,LEGACY_PAS
ALB-TRV-0004073,P0000691,TRV,Annual Travel,,BROKER,2023-04-08,2024-04-07,CN,1582.21,0.12,ANNUAL,2023,POLARIS
ALB-CLB-0004074,P0000988,CLB,Commercial Liability,,BROKER,2023-06-10,2024-06-09,EX,2768.24,0.12,PREMIUM_FINANCE,2023,POLARIS
ALB-CLB-0004075,P0000364,CLB,Commercial Liability,BRK0054,DIRECT,2021-05-09,2022-05-09,IF,3190.57,0.12,MONTHLY_DD,2021,POLARIS
ALB-CLB-0004076,P0001632,CLB,Commercial Liability,BRK0050,BROKER,2026-02-24,2027-02-24,CN,14085.09,0.12,ANNUAL,2026,LEGACY_PAS
ALB-CLB-0004077,P0001742,CLB,Commercial Liability,,DIRECT,2025-02-21,2026-02-21,IF,1284.83,0.12,ANNUAL,2025,POLARIS
ALB-MOT-0004078,P0001891,MOT,Private Motor,,AGGREGATOR,2021-10-03,2022-10-03,RN,622.97,0.12,PREMIUM_FINANCE,2021,LEGACY_PAS
ALB-CLB-0004079,P0002667,CLB,Commercial Liability,BRK0027,BROKER,2019-11-15,2020-11-14,EX,5113.1,0.12,ANNUAL,2019,POLARIS
ALB-CLB-0004080,P0000760,CLB,Commercial Liability,BRK0019,BROKER,2018-10-06,2019-10-06,LP,10967.76,0.12,PREMIUM_FINANCE,2018,POLARIS
ALB-MOT-0004081,P0000639,MOT,Private Motor,BRK0032,DIRECT,2026-08-29,2027-08-29,IF,979.72,0.12,MONTHLY_DD,2026,LEGACY_PAS
ALB-CLB-0004082,P0000434,CLB,Commercial Liability,,AGGREGATOR,2024-06-20,2025-06-20,CN,1198.86,0.12,ANNUAL,2024,POLARIS
ALB-TRV-0004083,P0001930,TRV,Annual Travel,BRK0042,BROKER,2019-04-18,2020-04-17,RN,411.75,0.12,MONTHLY_DD,2019,LEGACY_PAS
ALB-CLB-0004084,P0003044,CLB,Commercial Liability,,DIRECT,2024-01-12,2025-01-11,IF,12270.81,0.12,MONTHLY_DD,2024,LEGACY_PAS
ALB-CLB-0004085,P0001446,CLB,Commercial Liability,BRK0040,BROKER,2023-03-03,2024-03-02,IF,11249.51,0.12,MONTHLY_DD,2023,POLARIS
ALB-TRV-0004086,P0001766,TRV,Annual Travel,BRK0012,DIRECT,2020-09-01,2021-09-01,IF,2713.25,0.12,PREMIUM_FINANCE,2020,POLARIS
ALB-PET-0004087,P0002216,PET,Pet,BRK0002,AGGREGATOR,2026-06-17,2027-06-17,IF,4097.49,0.12,MONTHLY_DD,2026,POLARIS
ALB-MOT-0004088,P0000529,MOT,Private Motor,BRK0056,BROKER,2022-11-13,2023-11-13,IF,1291.42,0.12,PREMIUM_FINANCE,2022,POLARIS
ALB-HOM-0004089,P0002827,HOM,Home Buildings & Contents,BRK0057,DIRECT,2020-02-07,2021-02-06,IF,1435.2,0.12,PREMIUM_FINANCE,2020,LEGACY_PAS
ALB-HOM-0004090,P0002047,HOM,Home Buildings & Contents,,BROKER,2022-10-15,2023-10-15,RN,4016.77,0.12,MONTHLY_DD,2022,LEGACY_PAS
ALB-TRV-0004091,P0001363,TRV,Annual Travel,,AGGREGATOR,2023-06-23,2024-06-22,EX,533.08,0.12,ANNUAL,2023,POLARIS
ALB-PET-0004092,P0001258,PET,Pet,BRK0020,AGGREGATOR,2019-04-12,2020-04-11,IF,3897.96,0.12,MONTHLY_DD,2019,POLARIS
ALB-TRV-0004093,P0002401,TRV,Annual Travel,,BROKER,2018-09-28,2019-09-28,RN,289.11,0.12,ANNUAL,2018,POLARIS
ALB-CPM-0004094,P0002311,CPM,Commercial Property,,BROKER,2026-11-24,2027-11-24,IF,9713.67,0.12,ANNUAL,2026,POLARIS
ALB-MOT-0004095,P0001511,MOT,Private Motor,,BROKER,2024-06-22,2025-06-22,LP,3986.53,0.12,PREMIUM_FINANCE,2024,POLARIS
ALB-HOM-0004096,P0001328,HOM,Home Buildings & Contents,,DIRECT,2026-07-22,2027-07-22,EX,1233.47,0.12,MONTHLY_DD,2026,POLARIS
ALB-CLB-0004097,P0000734,CLB,Commercial Liability,,DIRECT,2023-03-05,2024-03-04,IF,4664.49,0.12,MONTHLY_DD,2023,POLARIS
ALB-CPM-0004098,P0000017,CPM,Commercial Property,BRK0036,AGGREGATOR,2019-04-09,2020-04-08,IF,7173.38,0.12,MONTHLY_DD,2019,POLARIS
ALB-HOM-0004099,P0001867,HOM,Home Buildings & Contents,BRK0026,BROKER,2023-07-29,2024-07-28,RN,862.85,0.12,PREMIUM_FINANCE,2023,POLARIS
ALB-CPM-0004100,P0000865,CPM,Commercial Property,BRK0048,BROKER,2018-05-13,2019-05-13,IF,5299.22,0.12,ANNUAL,2018,LEGACY_PAS
ALB-PET-0004101,P0000832,PET,Pet,BRK0009,DIRECT,2020-03-05,2021-03-05,IF,1637.33,0.12,MONTHLY_DD,2020,POLARIS
ALB-PET-0004102,P0003064,PET,Pet,,DIRECT,2026-02-17,2027-02-17,IF,2112.36,0.12,ANNUAL,2026,LEGACY_PAS
ALB-CPM-0004103,P0002368,CPM,Commercial Property,,DIRECT,2019-10-15,2020-10-14,RN,1576.11,0.12,MONTHLY_DD,2019,POLARIS
ALB-CPM-0004104,P0001856,CPM,Commercial Property,BRK0005,DIRECT,2025-08-28,2026-08-28,EX,12426.22,0.12,MONTHLY_DD,2025,POLARIS
ALB-HOM-0004105,P0001878,HOM,Home Buildings & Contents,,BROKER,2024-02-23,2025-02-22,EX,3576.65,0.12,MONTHLY_DD,2024,POLARIS
ALB-CLB-0004106,P0000232,CLB,Commercial Liability,BRK0016,DIRECT,2018-04-10,2019-04-10,EX,10018.93,0.12,PREMIUM_FINANCE,2018,POLARIS
ALB-HOM-0004107,P0000893,HOM,Home Buildings & Contents,BRK0025,BROKER,2019-03-27,2020-03-26,EX,3044.11,0.12,MONTHLY_DD,2019,LEGACY_PAS
ALB-CLB-0004108,P0000002,CLB,Commercial Liability,BRK0053,BROKER,2026-01-01,2027-01-01,IF,4649.41,0.12,PREMIUM_FINANCE,2026,LEGACY_PAS
ALB-PET-0004109,P0002427,PET,Pet,BRK0057,BROKER,2024-05-21,2025-05-21,IF,3442.3,0.12,PREMIUM_FINANCE,2024,POLARIS
ALB-CPM-0004110,P0000984,CPM,Commercial Property,,BROKER,2024-09-01,2025-09-01,IF,2100.22,0.12,MONTHLY_DD,2024,POLARIS
ALB-PET-0004111,P0002725,PET,Pet,,AGGREGATOR,2020-04-01,2021-04-01,IF,2456.9,0.12,MONTHLY_DD,2020,POLARIS
ALB-PET-0004112,P0001910,PET,Pet,,BROKER,2026-01-07,2027-01-07,CN,2842.24,0.12,ANNUAL,2026,LEGACY_PAS
ALB-PET-0004113,P0000738,PET,Pet,,AGGREGATOR,2025-11-29,2026-11-29,IF,760.69,0.12,MONTHLY_DD,2025,POLARIS
ALB-MOT-0004114,P0002916,MOT,Private Motor,BRK0009,BROKER,2023-08-10,2024-08-09,RN,3149.94,0.12,ANNUAL,2023,POLARIS
ALB-PET-0004115,P0000326,PET,Pet,BRK0055,DIRECT,2018-11-17,2019-11-17,RN,1016.71,0.12,PREMIUM_FINANCE,2018,POLARIS
ALB-HOM-0004116,P0001258,HOM,Home Buildings & Contents,BRK0051,BROKER,2022-04-07,2023-04-07,IF,2035.49,0.12,ANNUAL,2022,POLARIS
ALB-TRV-0004117,P0000283,TRV,Annual Travel,,BROKER,2019-02-05,2020-02-05,LP,633.06,0.12,ANNUAL,2019,LEGACY_PAS
ALB-CPM-0004118,P0000285,CPM,Commercial Property,BRK0055,AGGREGATOR,2020-07-26,2021-07-26,LP,11543.51,0.12,MONTHLY_DD,2020,POLARIS
ALB-CLB-0004119,P0003053,CLB,Commercial Liability,BRK0051,AGGREGATOR,2020-08-15,2021-08-15,LP,6252.9,0.12,MONTHLY_DD,2020,POLARIS
ALB-MOT-0004120,P0002515,MOT,Private Motor,BRK0038,AGGREGATOR,2020-01-14,2021-01-13,IF,3566.62,0.12,MONTHLY_DD,2020,POLARIS
ALB-CPM-0004121,P0002373,CPM,Commercial Property,BRK0048,BROKER,2022-10-17,2023-10-17,RN,10807.04,0.12,ANNUAL,2022,POLARIS
ALB-PET-0004122,P0001092,PET,Pet,BRK0059,BROKER,2020-04-09,2021-04-09,RN,2314.62,0.12,MONTHLY_DD,2020,POLARIS
ALB-CPM-0004123,P0000631,CPM,Commercial Property,BRK0002,BROKER,2019-08-21,2020-08-20,IF,6299.89,0.12,PREMIUM_FINANCE,2019,POLARIS
ALB-CPM-0004124,P0000320,CPM,Commercial Property,BRK0008,DIRECT,2018-10-21,2019-10-21,RN,14228.85,0.12,ANNUAL,2018,LEGACY_PAS
ALB-HOM-0004125,P0001313,HOM,Home Buildings & Contents,BRK0020,BROKER,2024-03-22,2025-03-22,IF,2928.01,0.12,MONTHLY_DD,2024,POLARIS
ALB-PET-0004126,P0002468,PET,Pet,BRK0043,BROKER,2025-02-08,2026-02-08,IF,1169.67,0.12,ANNUAL,2025,POLARIS
ALB-HOM-0004127,P0003194,HOM,Home Buildings & Contents,,BROKER,2026-09-23,2027-09-23,IF,2310.13,0.12,MONTHLY_DD,2026,POLARIS
ALB-PET-0004128,P0002376,PET,Pet,BRK0035,BROKER,2021-04-25,2022-04-25,CN,2278.12,0.12,MONTHLY_DD,2021,POLARIS
ALB-MOT-0004129,P0001362,MOT,Private Motor,,AGGREGATOR,2022-05-30,2023-05-30,LP,3894.02,0.12,PREMIUM_FINANCE,2022,LEGACY_PAS
ALB-CPM-0004130,P0002394,CPM,Commercial Property,BRK0055,DIRECT,2021-06-28,2022-06-28,CN,12790.9,0.12,MONTHLY_DD,2021,POLARIS
ALB-CPM-0004131,P0002882,CPM,Commercial Property,BRK0053,BROKER,2025-12-09,2026-12-09,CN,767.2,0.12,MONTHLY_DD,2025,POLARIS
ALB-CLB-0004132,P0000322,CLB,Commercial Liability,BRK0060,BROKER,2023-11-24,2024-11-23,EX,2406.65,0.12,ANNUAL,2023,POLARIS
ALB-PET-0004133,P0000455,PET,Pet,BRK0033,BROKER,2024-02-07,2025-02-06,IF,2590.31,0.12,MONTHLY_DD,2024,POLARIS
ALB-CPM-0004134,P0001146,CPM,Commercial Property,,BROKER,2025-02-20,2026-02-20,IF,7178.69,0.12,ANNUAL,2025,LEGACY_PAS
ALB-HOM-0004135,P0001819,HOM,Home Buildings & Contents,BRK0046,BROKER,2018-03-14,2019-03-14,IF,2394.64,0.12,MONTHLY_DD,2018,LEGACY_PAS
ALB-MOT-0004136,P0002212,MOT,Private Motor,,DIRECT,2022-05-04,2023-05-04,IF,1412.35,0.12,PREMIUM_FINANCE,2022,POLARIS
ALB-TRV-0004137,P0000666,TRV,Annual Travel,BRK0009,DIRECT,2020-01-06,2021-01-05,IF,3258.19,0.12,PREMIUM_FINANCE,2020,POLARIS
ALB-CPM-0004138,P0001144,CPM,Commercial Property,,BROKER,2024-10-18,2025-10-18,CN,8370.78,0.12,PREMIUM_FINANCE,2024,POLARIS
ALB-TRV-0004139,P0002929,TRV,Annual Travel,,DIRECT,2019-12-05,2020-12-04,IF,798.93,0.12,PREMIUM_FINANCE,2019,LEGACY_PAS
ALB-TRV-0004140,P0002454,TRV,Annual Travel,BRK0001,BROKER,2025-02-03,2026-02-03,RN,2620.56,0.12,ANNUAL,2025,LEGACY_PAS
ALB-MOT-0004141,P0001877,MOT,Private Motor,BRK0046,DIRECT,2023-11-03,2024-11-02,RN,1549.59,0.12,ANNUAL,2023,LEGACY_PAS
ALB-CLB-0004142,P0002407,CLB,Commercial Liability,BRK0038,BROKER,2020-04-23,2021-04-23,IF,2643.95,0.12,ANNUAL,2020,POLARIS
ALB-CPM-0004143,P0001075,CPM,Commercial Property,BRK0054,DIRECT,2026-03-15,2027-03-15,EX,7136.41,0.12,ANNUAL,2026,POLARIS
ALB-CPM-0004144,P0002589,CPM,Commercial Property,,BROKER,2019-01-26,2020-01-26,LP,11373.4,0.12,MONTHLY_DD,2019,POLARIS
ALB-CPM-0004145,P0000451,CPM,Commercial Property,,DIRECT,2026-11-03,2027-11-03,IF,1847.93,0.12,MONTHLY_DD,2026,POLARIS
ALB-HOM-0004146,P0002631,HOM,Home Buildings & Contents,BRK0060,BROKER,2018-03-05,2019-03-05,IF,1546.75,0.12,ANNUAL,2018,POLARIS
ALB-CPM-0004147,P0002884,CPM,Commercial Property,BRK0051,BROKER,2024-04-23,2025-04-23,IF,13201.54,0.12,ANNUAL,2024,POLARIS
ALB-TRV-0004148,P0001228,TRV,Annual Travel,BRK0028,DIRECT,2019-06-19,2020-06-18,EX,3148.19,0.12,ANNUAL,2019,POLARIS
ALB-HOM-0004149,P0001935,HOM,Home Buildings & Contents,,BROKER,2019-11-13,2020-11-12,RN,3262.09,0.12,MONTHLY_DD,2019,POLARIS
ALB-CLB-0004150,P0002886,CLB,Commercial Liability,,DIRECT,2019-07-06,2020-07-05,CN,11879.78,0.12,MONTHLY_DD,2019,LEGACY_PAS
ALB-PET-0004151,P0000033,PET,Pet,BRK0037,BROKER,2023-12-06,2024-12-05,IF,1575.49,0.12,PREMIUM_FINANCE,2023,POLARIS
ALB-MOT-0004152,P0001537,MOT,Private Motor,BRK0031,DIRECT,2024-10-27,2025-10-27,CN,1919.87,0.12,ANNUAL,2024,POLARIS
ALB-CLB-0004153,P0001827,CLB,Commercial Liability,,AGGREGATOR,2023-07-26,2024-07-25,EX,4358.05,0.12,ANNUAL,2023,POLARIS
ALB-TRV-0004154,P0003064,TRV,Annual Travel,BRK0054,BROKER,2022-06-12,2023-06-12,IF,1959.4,0.12,MONTHLY_DD,2022,POLARIS
ALB-CLB-0004155,P0001664,CLB,Commercial Liability,,BROKER,2019-04-25,2020-04-24,RN,1755.07,0.12,PREMIUM_FINANCE,2019,POLARIS
ALB-HOM-0004156,P0002646,HOM,Home Buildings & Contents,BRK0050,AGGREGATOR,2026-07-13,2027-07-13,IF,3427.62,0.12,MONTHLY_DD,2026,POLARIS
ALB-MOT-0004157,P0002992,MOT,Private Motor,BRK0007,BROKER,2021-04-22,2022-04-22,IF,934.82,0.12,MONTHLY_DD,2021,LEGACY_PAS
ALB-TRV-0004158,P0001285,TRV,Annual Travel,BRK0021,AGGREGATOR,2021-04-02,2022-04-02,IF,2150.56,0.12,ANNUAL,2021,POLARIS
ALB-CPM-0004159,P0002474,CPM,Commercial Property,BRK0053,BROKER,2022-06-24,2023-06-24,IF,11952.37,0.12,ANNUAL,2022,POLARIS
ALB-MOT-0004160,P0002104,MOT,Private Motor,BRK0011,DIRECT,2021-06-09,2022-06-09,IF,4022.15,0.12,MONTHLY_DD,2021,POLARIS
ALB-MOT-0004161,P0002583,MOT,Private Motor,BRK0025,DIRECT,2022-06-12,2023-06-12,RN,3447.34,0.12,MONTHLY_DD,2022,POLARIS
ALB-PET-0004162,P0002140,PET,Pet,BRK0022,DIRECT,2023-10-01,2024-09-30,LP,1369.08,0.12,MONTHLY_DD,2023,POLARIS
ALB-CPM-0004163,P0002835,CPM,Commercial Property,,BROKER,2026-03-14,2027-03-14,IF,3476.31,0.12,MONTHLY_DD,2026,POLARIS
ALB-PET-0004164,P0002828,PET,Pet,BRK0031,AGGREGATOR,2022-12-06,2023-12-06,EX,344.07,0.12,MONTHLY_DD,2022,POLARIS
ALB-CPM-0004165,P0000829,CPM,Commercial Property,,DIRECT,2026-10-30,2027-10-30,LP,10191.99,0.12,PREMIUM_FINANCE,2026,POLARIS
ALB-CPM-0004166,P0001849,CPM,Commercial Property,,BROKER,2019-02-14,2020-02-14,CN,868.69,0.12,PREMIUM_FINANCE,2019,LEGACY_PAS
ALB-CPM-0004167,P0000037,CPM,Commercial Property,,BROKER,2024-10-01,2025-10-01,IF,5757.19,0.12,MONTHLY_DD,2024,POLARIS
ALB-PET-0004168,P0002884,PET,Pet,,DIRECT,2024-12-21,2025-12-21,IF,1666.34,0.12,ANNUAL,2024,POLARIS
ALB-TRV-0004169,P0001222,TRV,Annual Travel,,BROKER,2018-02-08,2019-02-08,IF,3095.0,0.12,PREMIUM_FINANCE,2018,POLARIS
ALB-CLB-0004170,P0000909,CLB,Commercial Liability,BRK0016,BROKER,2022-08-15,2023-08-15,IF,7541.15,0.12,ANNUAL,2022,LEGACY_PAS
ALB-MOT-0004171,P0003145,MOT,Private Motor,BRK0025,DIRECT,2019-08-31,2020-08-30,EX,3369.14,0.12,MONTHLY_DD,2019,LEGACY_PAS
ALB-PET-0004172,P0002806,PET,Pet,,DIRECT,2020-03-22,2021-03-22,IF,658.21,0.12,MONTHLY_DD,2020,POLARIS
ALB-HOM-0004173,P0002843,HOM,Home Buildings & Contents,,BROKER,2025-12-01,2026-12-01,LP,3263.45,0.12,ANNUAL,2025,LEGACY_PAS
ALB-PET-0004174,P0002460,PET,Pet,BRK0025,BROKER,2025-05-11,2026-05-11,IF,1915.4,0.12,MONTHLY_DD,2025,POLARIS
ALB-CLB-0004175,P0000374,CLB,Commercial Liability,,BROKER,2020-10-28,2021-10-28,EX,10344.4,0.12,MONTHLY_DD,2020,POLARIS
ALB-CLB-0004176,P0000253,CLB,Commercial Liability,BRK0008,BROKER,2022-09-30,2023-09-30,IF,5893.99,0.12,PREMIUM_FINANCE,2022,POLARIS
ALB-TRV-0004177,P0000237,TRV,Annual Travel,,BROKER,2022-05-10,2023-05-10,IF,1183.56,0.12,MONTHLY_DD,2022,POLARIS
ALB-HOM-0004178,P0002242,HOM,Home Buildings & Contents,,AGGREGATOR,2021-06-04,2022-06-04,IF,1794.43,0.12,ANNUAL,2021,POLARIS
ALB-HOM-0004179,P0003045,HOM,Home Buildings & Contents,BRK0016,AGGREGATOR,2018-09-13,2019-09-13,EX,882.24,0.12,PREMIUM_FINANCE,2018,LEGACY_PAS
ALB-CPM-0004180,P0001567,CPM,Commercial Property,,AGGREGATOR,2019-09-05,2020-09-04,LP,1424.1,0.12,MONTHLY_DD,2019,POLARIS
ALB-CLB-0004181,P0001171,CLB,Commercial Liability,BRK0060,DIRECT,2022-11-14,2023-11-14,EX,1562.31,0.12,ANNUAL,2022,POLARIS
ALB-TRV-0004182,P0001810,TRV,Annual Travel,,BROKER,2023-03-04,2024-03-03,RN,4026.52,0.12,MONTHLY_DD,2023,POLARIS
ALB-MOT-0004183,P0000946,MOT,Private Motor,,BROKER,2025-11-19,2026-11-19,IF,1288.71,0.12,MONTHLY_DD,2025,POLARIS
ALB-HOM-0004184,P0002530,HOM,Home Buildings & Contents,BRK0020,AGGREGATOR,2025-08-18,2026-08-18,RN,859.74,0.12,ANNUAL,2025,POLARIS
ALB-CLB-0004185,P0000431,CLB,Commercial Liability,BRK0051,DIRECT,2018-08-12,2019-08-12,CN,2703.81,0.12,ANNUAL,2018,POLARIS
ALB-CLB-0004186,P0002920,CLB,Commercial Liability,,DIRECT,2020-09-03,2021-09-03,IF,14080.4,0.12,MONTHLY_DD,2020,LEGACY_PAS
ALB-HOM-0004187,P0002787,HOM,Home Buildings & Contents,,DIRECT,2020-04-04,2021-04-04,LP,3321.06,0.12,ANNUAL,2020,POLARIS
ALB-TRV-0004188,P0003170,TRV,Annual Travel,BRK0036,BROKER,2022-03-26,2023-03-26,RN,1380.23,0.12,PREMIUM_FINANCE,2022,POLARIS
ALB-CPM-0004189,P0001937,CPM,Commercial Property,,BROKER,2025-09-23,2026-09-23,CN,14054.4,0.12,MONTHLY_DD,2025,LEGACY_PAS
ALB-MOT-0004190,P0002075,MOT,Private Motor,,BROKER,2019-10-01,2020-09-30,RN,1689.86,0.12,MONTHLY_DD,2019,POLARIS
ALB-HOM-0004191,P0002643,HOM,Home Buildings & Contents,,BROKER,2021-01-24,2022-01-24,RN,4028.27,0.12,PREMIUM_FINANCE,2021,POLARIS
ALB-CLB-0004192,P0002461,CLB,Commercial Liability,BRK0001,BROKER,2022-04-11,2023-04-11,LP,1860.18,0.12,ANNUAL,2022,POLARIS
ALB-CLB-0004193,P0002432,CLB,Commercial Liability,,AGGREGATOR,2018-06-18,2019-06-18,IF,3710.17,0.12,MONTHLY_DD,2018,LEGACY_PAS
ALB-HOM-0004194,P0000927,HOM,Home Buildings & Contents,,DIRECT,2019-10-22,2020-10-21,RN,3393.42,0.12,MONTHLY_DD,2019,LEGACY_PAS
ALB-PET-0004195,P0000356,PET,Pet,,BROKER,2022-10-14,2023-10-14,EX,2953.59,0.12,ANNUAL,2022,POLARIS
ALB-TRV-0004196,P0002094,TRV,Annual Travel,BRK0010,BROKER,2026-08-10,2027-08-10,RN,520.41,0.12,PREMIUM_FINANCE,2026,LEGACY_PAS
ALB-PET-0004197,P0000680,PET,Pet,BRK0035,BROKER,2020-01-14,2021-01-13,LP,1396.08,0.12,PREMIUM_FINANCE,2020,POLARIS
ALB-HOM-0004198,P0000585,HOM,Home Buildings & Contents,,AGGREGATOR,2018-10-18,2019-10-18,EX,4111.58,0.12,ANNUAL,2018,LEGACY_PAS
ALB-CLB-0004199,P0001888,CLB,Commercial Liability,BRK0057,DIRECT,2024-03-14,2025-03-14,IF,7424.32,0.12,ANNUAL,2024,LEGACY_PAS
ALB-HOM-0004200,P0001094,HOM,Home Buildings & Contents,BRK0024,DIRECT,2024-03-31,2025-03-31,EX,1944.1,0.12,ANNUAL,2024,POLARIS
ALB-TRV-0004201,P0002106,TRV,Annual Travel,BRK0060,DIRECT,2022-08-25,2023-08-25,RN,423.99,0.12,MONTHLY_DD,2022,POLARIS
ALB-PET-0004202,P0002892,PET,Pet,BRK0006,BROKER,2023-04-02,2024-04-01,EX,3567.09,0.12,PREMIUM_FINANCE,2023,POLARIS
ALB-MOT-0004203,P0000323,MOT,Private Motor,BRK0026,BROKER,2026-04-08,2027-04-08,EX,1619.01,0.12,ANNUAL,2026,POLARIS
ALB-TRV-0004204,P0001803,TRV,Annual Travel,BRK0019,BROKER,2026-08-25,2027-08-25,IF,3696.09,0.12,MONTHLY_DD,2026,POLARIS
ALB-CPM-0004205,P0001734,CPM,Commercial Property,,BROKER,2025-07-13,2026-07-13,IF,5244.26,0.12,MONTHLY_DD,2025,POLARIS
ALB-CPM-0004206,P0000511,CPM,Commercial Property,BRK0043,BROKER,2026-07-17,2027-07-17,IF,5037.7,0.12,MONTHLY_DD,2026,POLARIS
ALB-PET-0004207,P0002280,PET,Pet,,AGGREGATOR,2024-02-13,2025-02-12,IF,1909.79,0.12,MONTHLY_DD,2024,POLARIS
ALB-TRV-0004208,P0001654,TRV,Annual Travel,BRK0057,BROKER,2026-04-12,2027-04-12,IF,477.22,0.12,MONTHLY_DD,2026,POLARIS
ALB-HOM-0004209,P0000733,HOM,Home Buildings & Contents,,BROKER,2025-10-14,2026-10-14,IF,3939.65,0.12,PREMIUM_FINANCE,2025,LEGACY_PAS
ALB-MOT-0004210,P0002172,MOT,Private Motor,,BROKER,2022-12-29,2023-12-29,LP,669.24,0.12,PREMIUM_FINANCE,2022,LEGACY_PAS
ALB-HOM-0004211,P0002984,HOM,Home Buildings & Contents,BRK0028,DIRECT,2018-07-25,2019-07-25,EX,2231.0,0.12,ANNUAL,2018,POLARIS
ALB-TRV-0004212,P0002765,TRV,Annual Travel,BRK0036,DIRECT,2026-11-24,2027-11-24,IF,1164.63,0.12,MONTHLY_DD,2026,POLARIS
ALB-MOT-0004213,P0002567,MOT,Private Motor,BRK0016,BROKER,2026-06-26,2027-06-26,LP,307.66,0.12,ANNUAL,2026,POLARIS
ALB-PET-0004214,P0002822,PET,Pet,BRK0048,AGGREGATOR,2024-06-15,2025-06-15,IF,1182.58,0.12,PREMIUM_FINANCE,2024,POLARIS
ALB-HOM-0004215,P0000325,HOM,Home Buildings & Contents,,DIRECT,2023-04-21,2024-04-20,EX,4104.82,0.12,ANNUAL,2023,POLARIS
ALB-MOT-0004216,P0002569,MOT,Private Motor,,BROKER,2023-01-12,2024-01-12,IF,3958.48,0.12,PREMIUM_FINANCE,2023,POLARIS
ALB-CPM-0004217,P0002293,CPM,Commercial Property,BRK0009,BROKER,2021-11-07,2022-11-07,IF,1383.66,0.12,MONTHLY_DD,2021,POLARIS
ALB-CLB-0004218,P0000904,CLB,Commercial Liability,BRK0017,AGGREGATOR,2020-04-11,2021-04-11,IF,1202.08,0.12,MONTHLY_DD,2020,LEGACY_PAS
ALB-HOM-0004219,P0001627,HOM,Home Buildings & Contents,BRK0060,BROKER,2019-12-06,2020-12-05,EX,1442.26,0.12,MONTHLY_DD,2019,POLARIS
ALB-PET-0004220,P0000981,PET,Pet,BRK0050,BROKER,2025-06-12,2026-06-12,IF,2664.89,0.12,MONTHLY_DD,2025,POLARIS
ALB-HOM-0004221,P0001785,HOM,Home Buildings & Contents,BRK0055,BROKER,2019-10-14,2020-10-13,EX,2277.08,0.12,MONTHLY_DD,2019,POLARIS
ALB-CLB-0004222,P0001069,CLB,Commercial Liability,BRK0057,DIRECT,2019-09-30,2020-09-29,EX,4578.76,0.12,PREMIUM_FINANCE,2019,POLARIS
ALB-CLB-0004223,P0003070,CLB,Commercial Liability,,BROKER,2024-09-13,2025-09-13,LP,14474.7,0.12,ANNUAL,2024,LEGACY_PAS
ALB-MOT-0004224,P0000568,MOT,Private Motor,BRK0048,BROKER,2026-06-06,2027-06-06,IF,4160.44,0.12,MONTHLY_DD,2026,POLARIS
ALB-CPM-0004225,P0002840,CPM,Commercial Property,BRK0031,AGGREGATOR,2018-09-05,2019-09-05,IF,7446.33,0.12,MONTHLY_DD,2018,POLARIS
ALB-TRV-0004226,P0002865,TRV,Annual Travel,BRK0031,AGGREGATOR,2025-06-11,2026-06-11,RN,923.62,0.12,ANNUAL,2025,POLARIS
ALB-MOT-0004227,P0001294,MOT,Private Motor,,BROKER,2018-11-25,2019-11-25,RN,3161.35,0.12,PREMIUM_FINANCE,2018,POLARIS
ALB-CPM-0004228,P0003132,CPM,Commercial Property,,DIRECT,2024-04-29,2025-04-29,IF,8137.54,0.12,MONTHLY_DD,2024,POLARIS
ALB-TRV-0004229,P0000357,TRV,Annual Travel,BRK0025,BROKER,2018-08-18,2019-08-18,EX,2171.04,0.12,PREMIUM_FINANCE,2018,LEGACY_PAS
ALB-TRV-0004230,P0002789,TRV,Annual Travel,,BROKER,2024-05-31,2025-05-31,IF,3782.6,0.12,MONTHLY_DD,2024,LEGACY_PAS
ALB-CPM-0004231,P0000516,CPM,Commercial Property,BRK0050,AGGREGATOR,2022-04-14,2023-04-14,IF,1349.35,0.12,PREMIUM_FINANCE,2022,POLARIS
ALB-MOT-0004232,P0000145,MOT,Private Motor,,DIRECT,2021-12-08,2022-12-08,IF,434.88,0.12,MONTHLY_DD,2021,POLARIS
ALB-PET-0004233,P0000206,PET,Pet,BRK0056,AGGREGATOR,2024-04-23,2025-04-23,IF,3666.5,0.12,MONTHLY_DD,2024,LEGACY_PAS
ALB-CLB-0004234,P0001782,CLB,Commercial Liability,,BROKER,2022-09-18,2023-09-18,IF,12943.74,0.12,ANNUAL,2022,POLARIS
ALB-HOM-0004235,P0001570,HOM,Home Buildings & Contents,,BROKER,2023-03-24,2024-03-23,RN,3575.58,0.12,MONTHLY_DD,2023,POLARIS
ALB-MOT-0004236,P0000802,MOT,Private Motor,BRK0045,BROKER,2020-03-01,2021-03-01,EX,3227.24,0.12,ANNUAL,2020,POLARIS
ALB-TRV-0004237,P0001821,TRV,Annual Travel,BRK0044,DIRECT,2025-06-15,2026-06-15,IF,1148.16,0.12,ANNUAL,2025,POLARIS
ALB-PET-0004238,P0002091,PET,Pet,BRK0043,DIRECT,2021-10-07,2022-10-07,IF,1899.32,0.12,ANNUAL,2021,POLARIS
ALB-CLB-0004239,P0002817,CLB,Commercial Liability,,BROKER,2025-01-07,2026-01-07,EX,14553.42,0.12,ANNUAL,2025,POLARIS
ALB-HOM-0004240,P0001114,HOM,Home Buildings & Contents,,BROKER,2021-03-20,2022-03-20,IF,1256.26,0.12,PREMIUM_FINANCE,2021,POLARIS
ALB-PET-0004241,P0001329,PET,Pet,BRK0060,BROKER,2025-12-18,2026-12-18,RN,3347.56,0.12,MONTHLY_DD,2025,LEGACY_PAS
ALB-TRV-0004242,P0002069,TRV,Annual Travel,BRK0036,DIRECT,2024-09-12,2025-09-12,RN,3832.06,0.12,PREMIUM_FINANCE,2024,LEGACY_PAS
ALB-MOT-0004243,P0001770,MOT,Private Motor,,BROKER,2022-01-30,2023-01-30,IF,488.63,0.12,ANNUAL,2022,POLARIS
ALB-CPM-0004244,P0000965,CPM,Commercial Property,BRK0002,AGGREGATOR,2024-11-23,2025-11-23,IF,5178.28,0.12,PREMIUM_FINANCE,2024,POLARIS
ALB-CPM-0004245,P0000350,CPM,Commercial Property,BRK0041,BROKER,2018-06-18,2019-06-18,CN,1075.94,0.12,ANNUAL,2018,POLARIS
ALB-TRV-0004246,P0001659,TRV,Annual Travel,,BROKER,2026-12-12,2027-12-12,EX,2670.53,0.12,PREMIUM_FINANCE,2026,POLARIS
ALB-HOM-0004247,P0000134,HOM,Home Buildings & Contents,,BROKER,2023-10-29,2024-10-28,IF,1785.44,0.12,MONTHLY_DD,2023,POLARIS
ALB-MOT-0004248,P0000030,MOT,Private Motor,BRK0008,AGGREGATOR,2024-10-03,2025-10-03,IF,1383.72,0.12,MONTHLY_DD,2024,POLARIS
ALB-CPM-0004249,P0001144,CPM,Commercial Property,BRK0023,DIRECT,2019-12-06,2020-12-05,IF,14691.71,0.12,ANNUAL,2019,POLARIS
ALB-PET-0004250,P0000383,PET,Pet,BRK0036,DIRECT,2025-02-05,2026-02-05,IF,2242.26,0.12,PREMIUM_FINANCE,2025,POLARIS
ALB-CLB-0004251,P0001803,CLB,Commercial Liability,,DIRECT,2019-01-18,2020-01-18,IF,14299.41,0.12,MONTHLY_DD,2019,LEGACY_PAS
ALB-MOT-0004252,P0000517,MOT,Private Motor,,BROKER,2020-06-15,2021-06-15,RN,2361.75,0.12,PREMIUM_FINANCE,2020,POLARIS
ALB-CLB-0004253,P0002969,CLB,Commercial Liability,,DIRECT,2024-02-03,2025-02-02,IF,4938.03,0.12,ANNUAL,2024,POLARIS
ALB-MOT-0004254,P0002770,MOT,Private Motor,,BROKER,2019-08-14,2020-08-13,RN,4043.39,0.12,ANNUAL,2019,POLARIS
ALB-TRV-0004255,P0000717,TRV,Annual Travel,BRK0053,BROKER,2021-03-12,2022-03-12,IF,2636.43,0.12,ANNUAL,2021,POLARIS
ALB-MOT-0004256,P0000827,MOT,Private Motor,BRK0040,DIRECT,2024-10-23,2025-10-23,IF,2554.59,0.12,MONTHLY_DD,2024,POLARIS
ALB-HOM-0004257,P0002998,HOM,Home Buildings & Contents,,BROKER,2024-10-29,2025-10-29,IF,581.76,0.12,PREMIUM_FINANCE,2024,POLARIS
ALB-HOM-0004258,P0000951,HOM,Home Buildings & Contents,BRK0002,BROKER,2019-04-09,2020-04-08,IF,3446.46,0.12,MONTHLY_DD,2019,POLARIS
ALB-MOT-0004259,P0001568,MOT,Private Motor,BRK0045,BROKER,2024-12-01,2025-12-01,LP,3249.0,0.12,PREMIUM_FINANCE,2024,POLARIS
ALB-TRV-0004260,P0001715,TRV,Annual Travel,,DIRECT,2020-10-25,2021-10-25,IF,491.95,0.12,ANNUAL,2020,POLARIS
ALB-CLB-0004261,P0002646,CLB,Commercial Liability,BRK0001,BROKER,2020-03-27,2021-03-27,LP,2434.75,0.12,MONTHLY_DD,2020,LEGACY_PAS
ALB-PET-0004262,P0001372,PET,Pet,,BROKER,2020-07-08,2021-07-08,RN,1198.98,0.12,ANNUAL,2020,POLARIS
ALB-TRV-0004263,P0002651,TRV,Annual Travel,,BROKER,2020-01-15,2021-01-14,IF,2696.45,0.12,ANNUAL,2020,POLARIS
ALB-TRV-0004264,P0002308,TRV,Annual Travel,,AGGREGATOR,2019-11-01,2020-10-31,CN,1922.52,0.12,MONTHLY_DD,2019,LEGACY_PAS
ALB-PET-0004265,P0000849,PET,Pet,,BROKER,2026-11-25,2027-11-25,IF,3526.89,0.12,MONTHLY_DD,2026,LEGACY_PAS
ALB-TRV-0004266,P0000154,TRV,Annual Travel,,BROKER,2022-10-10,2023-10-10,IF,3824.74,0.12,PREMIUM_FINANCE,2022,LEGACY_PAS
ALB-TRV-0004267,P0003082,TRV,Annual Travel,,AGGREGATOR,2021-07-31,2022-07-31,EX,1606.92,0.12,MONTHLY_DD,2021,POLARIS
ALB-PET-0004268,P0002564,PET,Pet,,BROKER,2020-12-28,2021-12-28,IF,1537.29,0.12,MONTHLY_DD,2020,POLARIS
ALB-CPM-0004269,P0001219,CPM,Commercial Property,BRK0058,AGGREGATOR,2020-09-12,2021-09-12,IF,4003.86,0.12,PREMIUM_FINANCE,2020,POLARIS
ALB-MOT-0004270,P0000027,MOT,Private Motor,,AGGREGATOR,2025-05-17,2026-05-17,EX,2684.29,0.12,PREMIUM_FINANCE,2025,LEGACY_PAS
ALB-TRV-0004271,P0000171,TRV,Annual Travel,BRK0008,AGGREGATOR,2024-09-11,2025-09-11,EX,3711.59,0.12,ANNUAL,2024,POLARIS
ALB-CPM-0004272,P0000640,CPM,Commercial Property,,BROKER,2021-11-14,2022-11-14,RN,1397.98,0.12,ANNUAL,2021,LEGACY_PAS
ALB-CLB-0004273,P0002837,CLB,Commercial Liability,BRK0049,AGGREGATOR,2025-06-28,2026-06-28,IF,6075.78,0.12,MONTHLY_DD,2025,POLARIS
ALB-HOM-0004274,P0002580,HOM,Home Buildings & Contents,BRK0047,BROKER,2022-08-03,2023-08-03,RN,2128.07,0.12,PREMIUM_FINANCE,2022,POLARIS
ALB-HOM-0004275,P0001049,HOM,Home Buildings & Contents,,AGGREGATOR,2024-12-18,2025-12-18,IF,2632.37,0.12,MONTHLY_DD,2024,POLARIS
ALB-TRV-0004276,P0002093,TRV,Annual Travel,BRK0020,BROKER,2024-06-27,2025-06-27,IF,1522.42,0.12,ANNUAL,2024,POLARIS
ALB-MOT-0004277,P0002906,MOT,Private Motor,,DIRECT,2023-07-16,2024-07-15,RN,3980.83,0.12,ANNUAL,2023,LEGACY_PAS
ALB-HOM-0004278,P0002233,HOM,Home Buildings & Contents,BRK0038,DIRECT,2025-10-23,2026-10-23,RN,1083.2,0.12,PREMIUM_FINANCE,2025,POLARIS
ALB-CPM-0004279,P0003043,CPM,Commercial Property,BRK0030,BROKER,2026-08-01,2027-08-01,LP,8761.78,0.12,MONTHLY_DD,2026,POLARIS
ALB-MOT-0004280,P0000849,MOT,Private Motor,BRK0005,BROKER,2021-03-27,2022-03-27,EX,3320.44,0.12,ANNUAL,2021,LEGACY_PAS
ALB-TRV-0004281,P0000889,TRV,Annual Travel,,BROKER,2024-03-04,2025-03-04,EX,2594.19,0.12,ANNUAL,2024,POLARIS
ALB-HOM-0004282,P0001226,HOM,Home Buildings & Contents,,DIRECT,2022-01-13,2023-01-13,IF,2242.02,0.12,PREMIUM_FINANCE,2022,POLARIS
ALB-TRV-0004283,P0000072,TRV,Annual Travel,BRK0053,BROKER,2023-04-13,2024-04-12,RN,1234.74,0.12,MONTHLY_DD,2023,POLARIS
ALB-CPM-0004284,P0003015,CPM,Commercial Property,,DIRECT,2019-02-20,2020-02-20,RN,4701.5,0.12,MONTHLY_DD,2019,POLARIS
ALB-MOT-0004285,P0001350,MOT,Private Motor,BRK0034,AGGREGATOR,2026-08-22,2027-08-22,IF,3270.94,0.12,MONTHLY_DD,2026,LEGACY_PAS
ALB-CPM-0004286,P0001315,CPM,Commercial Property,,BROKER,2023-01-11,2024-01-11,IF,11086.46,0.12,MONTHLY_DD,2023,LEGACY_PAS
ALB-MOT-0004287,P0000451,MOT,Private Motor,BRK0029,BROKER,2023-12-20,2024-12-19,LP,608.83,0.12,PREMIUM_FINANCE,2023,POLARIS
ALB-HOM-0004288,P0000039,HOM,Home Buildings & Contents,,AGGREGATOR,2019-02-06,2020-02-06,IF,2532.18,0.12,ANNUAL,2019,LEGACY_PAS
ALB-HOM-0004289,P0002974,HOM,Home Buildings & Contents,BRK0024,BROKER,2024-06-06,2025-06-06,IF,2316.5,0.12,PREMIUM_FINANCE,2024,POLARIS
ALB-HOM-0004290,P0000870,HOM,Home Buildings & Contents,BRK0040,BROKER,2024-10-14,2025-10-14,IF,3882.53,0.12,MONTHLY_DD,2024,POLARIS
ALB-TRV-0004291,P0000038,TRV,Annual Travel,BRK0024,BROKER,2021-04-15,2022-04-15,IF,1119.81,0.12,ANNUAL,2021,LEGACY_PAS
ALB-CPM-0004292,P0002488,CPM,Commercial Property,BRK0022,AGGREGATOR,2025-03-06,2026-03-06,LP,2133.84,0.12,ANNUAL,2025,POLARIS
ALB-CPM-0004293,P0000739,CPM,Commercial Property,BRK0051,AGGREGATOR,2022-02-28,2023-02-28,IF,12152.98,0.12,ANNUAL,2022,POLARIS
ALB-HOM-0004294,P0000504,HOM,Home Buildings & Contents,,AGGREGATOR,2019-02-07,2020-02-07,EX,1505.21,0.12,MONTHLY_DD,2019,LEGACY_PAS
ALB-CLB-0004295,P0002218,CLB,Commercial Liability,BRK0054,BROKER,2024-10-22,2025-10-22,RN,8010.04,0.12,PREMIUM_FINANCE,2024,POLARIS
ALB-MOT-0004296,P0002540,MOT,Private Motor,BRK0054,DIRECT,2025-08-05,2026-08-05,IF,4170.0,0.12,MONTHLY_DD,2025,POLARIS
ALB-MOT-0004297,P0000263,MOT,Private Motor,,BROKER,2024-01-11,2025-01-10,IF,913.69,0.12,PREMIUM_FINANCE,2024,POLARIS
ALB-PET-0004298,P0000765,PET,Pet,,DIRECT,2025-08-20,2026-08-20,RN,2232.53,0.12,ANNUAL,2025,POLARIS
ALB-PET-0004299,P0001471,PET,Pet,,BROKER,2026-12-23,2027-12-23,CN,3274.93,0.12,MONTHLY_DD,2026,POLARIS
ALB-PET-0004300,P0000357,PET,Pet,,BROKER,2021-11-22,2022-11-22,CN,3267.94,0.12,MONTHLY_DD,2021,POLARIS
ALB-TRV-0004301,P0002297,TRV,Annual Travel,BRK0050,BROKER,2023-12-07,2024-12-06,RN,1463.9,0.12,PREMIUM_FINANCE,2023,LEGACY_PAS
ALB-PET-0004302,P0000924,PET,Pet,BRK0013,BROKER,2020-12-28,2021-12-28,RN,2442.71,0.12,MONTHLY_DD,2020,POLARIS
ALB-TRV-0004303,P0001415,TRV,Annual Travel,,AGGREGATOR,2022-02-19,2023-02-19,IF,3985.93,0.12,ANNUAL,2022,LEGACY_PAS
ALB-PET-0004304,P0002041,PET,Pet,BRK0054,AGGREGATOR,2025-07-12,2026-07-12,RN,574.57,0.12,PREMIUM_FINANCE,2025,POLARIS
ALB-TRV-0004305,P0000619,TRV,Annual Travel,,BROKER,2018-12-13,2019-12-13,RN,693.56,0.12,MONTHLY_DD,2018,LEGACY_PAS
ALB-CPM-0004306,P0002598,CPM,Commercial Property,,BROKER,2026-04-24,2027-04-24,EX,1160.18,0.12,MONTHLY_DD,2026,POLARIS
ALB-CPM-0004307,P0000245,CPM,Commercial Property,,BROKER,2025-03-02,2026-03-02,IF,10253.04,0.12,ANNUAL,2025,POLARIS
ALB-MOT-0004308,P0001330,MOT,Private Motor,,BROKER,2019-02-04,2020-02-04,LP,2778.65,0.12,PREMIUM_FINANCE,2019,POLARIS
ALB-CPM-0004309,P0003116,CPM,Commercial Property,BRK0049,DIRECT,2020-10-11,2021-10-11,IF,8360.88,0.12,MONTHLY_DD,2020,POLARIS
ALB-TRV-0004310,P0000355,TRV,Annual Travel,BRK0056,AGGREGATOR,2020-12-28,2021-12-28,IF,3648.84,0.12,MONTHLY_DD,2020,LEGACY_PAS
ALB-CPM-0004311,P0000805,CPM,Commercial Property,,DIRECT,2023-03-09,2024-03-08,LP,5960.07,0.12,MONTHLY_DD,2023,POLARIS
ALB-CLB-0004312,P0002321,CLB,Commercial Liability,BRK0050,BROKER,2026-10-29,2027-10-29,EX,7498.19,0.12,MONTHLY_DD,2026,LEGACY_PAS
ALB-MOT-0004313,P0000686,MOT,Private Motor,,AGGREGATOR,2023-08-12,2024-08-11,LP,3557.61,0.12,PREMIUM_FINANCE,2023,POLARIS
ALB-CPM-0004314,P0000959,CPM,Commercial Property,BRK0058,DIRECT,2025-11-09,2026-11-09,EX,11239.56,0.12,ANNUAL,2025,POLARIS
ALB-TRV-0004315,P0002094,TRV,Annual Travel,BRK0041,BROKER,2025-11-02,2026-11-02,RN,197.68,0.12,ANNUAL,2025,POLARIS
ALB-HOM-0004316,P0002617,HOM,Home Buildings & Contents,BRK0019,DIRECT,2020-12-31,2021-12-31,IF,1609.43,0.12,ANNUAL,2020,POLARIS
ALB-CLB-0004317,P0002731,CLB,Commercial Liability,BRK0005,BROKER,2023-03-08,2024-03-07,IF,9603.84,0.12,PREMIUM_FINANCE,2023,LEGACY_PAS
ALB-PET-0004318,P0003090,PET,Pet,BRK0057,BROKER,2019-04-29,2020-04-28,RN,3948.01,0.12,MONTHLY_DD,2019,POLARIS
ALB-CLB-0004319,P0001967,CLB,Commercial Liability,BRK0036,DIRECT,2026-12-13,2027-12-13,RN,13039.2,0.12,ANNUAL,2026,POLARIS
ALB-CPM-0004320,P0000853,CPM,Commercial Property,,BROKER,2025-03-26,2026-03-26,IF,12919.76,0.12,ANNUAL,2025,POLARIS
ALB-CLB-0004321,P0001203,CLB,Commercial Liability,,BROKER,2023-01-30,2024-01-30,IF,13914.95,0.12,ANNUAL,2023,POLARIS
ALB-TRV-0004322,P0002610,TRV,Annual Travel,BRK0030,DIRECT,2023-02-18,2024-02-18,RN,2902.82,0.12,MONTHLY_DD,2023,POLARIS
ALB-HOM-0004323,P0002767,HOM,Home Buildings & Contents,BRK0058,DIRECT,2018-01-09,2019-01-09,IF,3467.88,0.12,MONTHLY_DD,2018,POLARIS
ALB-MOT-0004324,P0000727,MOT,Private Motor,BRK0014,AGGREGATOR,2024-09-12,2025-09-12,EX,2212.15,0.12,ANNUAL,2024,LEGACY_PAS
ALB-HOM-0004325,P0000950,HOM,Home Buildings & Contents,BRK0036,AGGREGATOR,2026-10-10,2027-10-10,EX,1518.78,0.12,PREMIUM_FINANCE,2026,POLARIS
ALB-HOM-0004326,P0003045,HOM,Home Buildings & Contents,,DIRECT,2019-07-01,2020-06-30,IF,3755.13,0.12,PREMIUM_FINANCE,2019,LEGACY_PAS
ALB-PET-0004327,P0003177,PET,Pet,,BROKER,2019-02-26,2020-02-26,LP,3287.95,0.12,MONTHLY_DD,2019,POLARIS
ALB-PET-0004328,P0002329,PET,Pet,BRK0006,BROKER,2023-09-05,2024-09-04,IF,3098.82,0.12,MONTHLY_DD,2023,POLARIS
ALB-CLB-0004329,P0001209,CLB,Commercial Liability,BRK0033,DIRECT,2021-12-20,2022-12-20,IF,11344.37,0.12,ANNUAL,2021,LEGACY_PAS
ALB-TRV-0004330,P0001983,TRV,Annual Travel,,DIRECT,2019-09-24,2020-09-23,RN,570.77,0.12,MONTHLY_DD,2019,LEGACY_PAS
ALB-CPM-0004331,P0000973,CPM,Commercial Property,,DIRECT,2022-05-20,2023-05-20,IF,8421.21,0.12,ANNUAL,2022,POLARIS
ALB-CLB-0004332,P0000633,CLB,Commercial Liability,,AGGREGATOR,2026-10-17,2027-10-17,LP,2450.49,0.12,PREMIUM_FINANCE,2026,POLARIS
ALB-PET-0004333,P0001561,PET,Pet,BRK0043,DIRECT,2022-07-20,2023-07-20,EX,976.06,0.12,MONTHLY_DD,2022,POLARIS
ALB-MOT-0004334,P0001787,MOT,Private Motor,BRK0058,BROKER,2018-02-03,2019-02-03,EX,842.96,0.12,ANNUAL,2018,POLARIS
ALB-HOM-0004335,P0000604,HOM,Home Buildings & Contents,,BROKER,2020-07-03,2021-07-03,CN,1061.19,0.12,ANNUAL,2020,POLARIS
ALB-TRV-0004336,P0001980,TRV,Annual Travel,BRK0029,DIRECT,2023-08-05,2024-08-04,EX,3120.83,0.12,MONTHLY_DD,2023,LEGACY_PAS
ALB-MOT-0004337,P0000082,MOT,Private Motor,,DIRECT,2025-06-17,2026-06-17,EX,1404.39,0.12,ANNUAL,2025,POLARIS
ALB-CLB-0004338,P0001510,CLB,Commercial Liability,BRK0007,BROKER,2024-10-30,2025-10-30,IF,12162.9,0.12,ANNUAL,2024,POLARIS
ALB-PET-0004339,P0000691,PET,Pet,,DIRECT,2024-05-20,2025-05-20,IF,963.85,0.12,ANNUAL,2024,POLARIS
ALB-TRV-0004340,P0000876,TRV,Annual Travel,BRK0001,BROKER,2019-03-18,2020-03-17,IF,1074.26,0.12,PREMIUM_FINANCE,2019,LEGACY_PAS
ALB-PET-0004341,P0002428,PET,Pet,BRK0051,DIRECT,2026-08-19,2027-08-19,LP,910.56,0.12,ANNUAL,2026,POLARIS
ALB-CLB-0004342,P0001179,CLB,Commercial Liability,BRK0028,AGGREGATOR,2022-08-04,2023-08-04,EX,5578.38,0.12,MONTHLY_DD,2022,LEGACY_PAS
ALB-CPM-0004343,P0001008,CPM,Commercial Property,BRK0027,DIRECT,2019-12-15,2020-12-14,LP,3131.33,0.12,MONTHLY_DD,2019,POLARIS
ALB-MOT-0004344,P0002836,MOT,Private Motor,,BROKER,2022-01-03,2023-01-03,IF,2134.14,0.12,MONTHLY_DD,2022,POLARIS
ALB-HOM-0004345,P0001598,HOM,Home Buildings & Contents,BRK0027,DIRECT,2025-10-10,2026-10-10,LP,334.52,0.12,ANNUAL,2025,POLARIS
ALB-CPM-0004346,P0001568,CPM,Commercial Property,BRK0004,BROKER,2023-07-08,2024-07-07,RN,5834.18,0.12,PREMIUM_FINANCE,2023,POLARIS
ALB-HOM-0004347,P0001692,HOM,Home Buildings & Contents,,DIRECT,2022-08-02,2023-08-02,IF,1983.69,0.12,MONTHLY_DD,2022,POLARIS
ALB-CPM-0004348,P0002644,CPM,Commercial Property,,DIRECT,2019-08-23,2020-08-22,RN,8520.69,0.12,MONTHLY_DD,2019,POLARIS
ALB-HOM-0004349,P0002312,HOM,Home Buildings & Contents,,BROKER,2024-02-08,2025-02-07,IF,2214.78,0.12,ANNUAL,2024,POLARIS
ALB-PET-0004350,P0000474,PET,Pet,BRK0036,BROKER,2022-06-09,2023-06-09,CN,1471.35,0.12,ANNUAL,2022,POLARIS
ALB-TRV-0004351,P0001145,TRV,Annual Travel,BRK0006,DIRECT,2019-03-10,2020-03-09,EX,1281.85,0.12,ANNUAL,2019,POLARIS
ALB-TRV-0004352,P0002018,TRV,Annual Travel,BRK0059,DIRECT,2022-11-07,2023-11-07,IF,3486.82,0.12,ANNUAL,2022,POLARIS
ALB-PET-0004353,P0002298,PET,Pet,,DIRECT,2019-05-24,2020-05-23,CN,2024.93,0.12,ANNUAL,2019,POLARIS
ALB-TRV-0004354,P0000035,TRV,Annual Travel,BRK0037,BROKER,2022-01-12,2023-01-12,RN,200.9,0.12,PREMIUM_FINANCE,2022,LEGACY_PAS
ALB-PET-0004355,P0001506,PET,Pet,BRK0045,BROKER,2020-01-04,2021-01-03,IF,1936.98,0.12,PREMIUM_FINANCE,2020,LEGACY_PAS
ALB-MOT-0004356,P0001875,MOT,Private Motor,,AGGREGATOR,2026-10-27,2027-10-27,LP,2676.94,0.12,MONTHLY_DD,2026,POLARIS
ALB-PET-0004357,P0003088,PET,Pet,,AGGREGATOR,2021-11-21,2022-11-21,RN,2037.63,0.12,PREMIUM_FINANCE,2021,POLARIS
ALB-CPM-0004358,P0000312,CPM,Commercial Property,,DIRECT,2025-10-11,2026-10-11,IF,10581.93,0.12,ANNUAL,2025,POLARIS
ALB-CPM-0004359,P0002569,CPM,Commercial Property,BRK0042,BROKER,2021-05-04,2022-05-04,CN,10635.71,0.12,ANNUAL,2021,POLARIS
ALB-CPM-0004360,P0002711,CPM,Commercial Property,,BROKER,2020-11-25,2021-11-25,EX,5425.03,0.12,PREMIUM_FINANCE,2020,POLARIS
ALB-PET-0004361,P0002001,PET,Pet,,DIRECT,2024-05-21,2025-05-21,IF,935.57,0.12,MONTHLY_DD,2024,POLARIS
ALB-CLB-0004362,P0002847,CLB,Commercial Liability,,DIRECT,2024-07-03,2025-07-03,EX,10758.93,0.12,PREMIUM_FINANCE,2024,POLARIS
ALB-HOM-0004363,P0000216,HOM,Home Buildings & Contents,,BROKER,2024-10-13,2025-10-13,EX,3593.59,0.12,MONTHLY_DD,2024,POLARIS
ALB-PET-0004364,P0002603,PET,Pet,BRK0055,BROKER,2026-10-18,2027-10-18,IF,3075.58,0.12,ANNUAL,2026,POLARIS
ALB-CPM-0004365,P0001744,CPM,Commercial Property,BRK0003,DIRECT,2024-08-23,2025-08-23,LP,10222.81,0.12,ANNUAL,2024,POLARIS
ALB-CPM-0004366,P0001776,CPM,Commercial Property,BRK0001,DIRECT,2026-11-12,2027-11-12,IF,13773.78,0.12,ANNUAL,2026,POLARIS
ALB-CPM-0004367,P0002172,CPM,Commercial Property,BRK0059,DIRECT,2021-01-27,2022-01-27,RN,11453.48,0.12,ANNUAL,2021,POLARIS
ALB-MOT-0004368,P0002687,MOT,Private Motor,BRK0026,BROKER,2023-12-08,2024-12-07,IF,2754.41,0.12,ANNUAL,2023,LEGACY_PAS
ALB-CPM-0004369,P0000513,CPM,Commercial Property,BRK0017,AGGREGATOR,2022-09-27,2023-09-27,RN,10586.6,0.12,ANNUAL,2022,LEGACY_PAS
ALB-CLB-0004370,P0002466,CLB,Commercial Liability,,BROKER,2024-09-22,2025-09-22,EX,14117.68,0.12,MONTHLY_DD,2024,LEGACY_PAS
ALB-TRV-0004371,P0000256,TRV,Annual Travel,BRK0033,DIRECT,2019-04-24,2020-04-23,EX,2431.56,0.12,PREMIUM_FINANCE,2019,POLARIS
ALB-HOM-0004372,P0001262,HOM,Home Buildings & Contents,BRK0043,AGGREGATOR,2025-03-01,2026-03-01,RN,2252.64,0.12,MONTHLY_DD,2025,POLARIS
ALB-CPM-0004373,P0000079,CPM,Commercial Property,,BROKER,2025-10-18,2026-10-18,RN,14010.15,0.12,PREMIUM_FINANCE,2025,POLARIS
ALB-CLB-0004374,P0002693,CLB,Commercial Liability,,BROKER,2022-09-30,2023-09-30,RN,6875.93,0.12,MONTHLY_DD,2022,POLARIS
ALB-CLB-0004375,P0002172,CLB,Commercial Liability,BRK0014,BROKER,2018-07-14,2019-07-14,RN,10720.66,0.12,ANNUAL,2018,LEGACY_PAS
ALB-MOT-0004376,P0001867,MOT,Private Motor,BRK0022,DIRECT,2023-03-21,2024-03-20,RN,2284.85,0.12,PREMIUM_FINANCE,2023,LEGACY_PAS
ALB-HOM-0004377,P0001649,HOM,Home Buildings & Contents,BRK0036,DIRECT,2021-03-21,2022-03-21,IF,1663.08,0.12,ANNUAL,2021,LEGACY_PAS
ALB-CLB-0004378,P0000205,CLB,Commercial Liability,BRK0006,DIRECT,2019-06-23,2020-06-22,EX,8934.07,0.12,PREMIUM_FINANCE,2019,LEGACY_PAS
ALB-CPM-0004379,P0000688,CPM,Commercial Property,,BROKER,2018-12-06,2019-12-06,EX,7035.46,0.12,MONTHLY_DD,2018,POLARIS
ALB-TRV-0004380,P0001541,TRV,Annual Travel,BRK0056,BROKER,2026-09-26,2027-09-26,CN,463.2,0.12,ANNUAL,2026,POLARIS
ALB-PET-0004381,P0001085,PET,Pet,BRK0015,AGGREGATOR,2024-12-07,2025-12-07,EX,429.12,0.12,PREMIUM_FINANCE,2024,POLARIS
ALB-TRV-0004382,P0002844,TRV,Annual Travel,,BROKER,2018-03-24,2019-03-24,EX,2323.11,0.12,ANNUAL,2018,POLARIS
ALB-CLB-0004383,P0002361,CLB,Commercial Liability,,AGGREGATOR,2023-12-26,2024-12-25,IF,1543.65,0.12,ANNUAL,2023,POLARIS
ALB-PET-0004384,P0001357,PET,Pet,,BROKER,2018-09-07,2019-09-07,IF,2986.93,0.12,MONTHLY_DD,2018,POLARIS
ALB-CPM-0004385,P0001926,CPM,Commercial Property,,AGGREGATOR,2024-05-25,2025-05-25,EX,3619.49,0.12,MONTHLY_DD,2024,POLARIS
ALB-PET-0004386,P0002369,PET,Pet,BRK0042,DIRECT,2018-03-02,2019-03-02,IF,577.93,0.12,MONTHLY_DD,2018,POLARIS
ALB-CLB-0004387,P0000849,CLB,Commercial Liability,BRK0012,AGGREGATOR,2021-12-18,2022-12-18,IF,8886.1,0.12,PREMIUM_FINANCE,2021,POLARIS
ALB-CPM-0004388,P0002365,CPM,Commercial Property,BRK0011,BROKER,2020-10-09,2021-10-09,IF,5181.45,0.12,MONTHLY_DD,2020,POLARIS
ALB-HOM-0004389,P0001063,HOM,Home Buildings & Contents,,AGGREGATOR,2023-01-11,2024-01-11,EX,2001.19,0.12,PREMIUM_FINANCE,2023,POLARIS
ALB-CPM-0004390,P0003093,CPM,Commercial Property,BRK0055,DIRECT,2024-08-08,2025-08-08,RN,7617.47,0.12,ANNUAL,2024,POLARIS
ALB-MOT-0004391,P0003049,MOT,Private Motor,,BROKER,2023-03-24,2024-03-23,RN,3918.53,0.12,PREMIUM_FINANCE,2023,POLARIS
ALB-PET-0004392,P0001104,PET,Pet,,DIRECT,2024-04-10,2025-04-10,EX,3687.21,0.12,MONTHLY_DD,2024,POLARIS
ALB-CPM-0004393,P0001600,CPM,Commercial Property,BRK0031,BROKER,2025-05-23,2026-05-23,EX,12505.57,0.12,ANNUAL,2025,LEGACY_PAS
ALB-CPM-0004394,P0003185,CPM,Commercial Property,BRK0042,BROKER,2018-05-06,2019-05-06,RN,5577.07,0.12,ANNUAL,2018,POLARIS
ALB-CPM-0004395,P0000143,CPM,Commercial Property,BRK0042,BROKER,2024-04-17,2025-04-17,RN,14521.47,0.12,ANNUAL,2024,POLARIS
ALB-CPM-0004396,P0001263,CPM,Commercial Property,BRK0017,BROKER,2021-03-13,2022-03-13,IF,11209.62,0.12,PREMIUM_FINANCE,2021,POLARIS
ALB-CLB-0004397,P0002037,CLB,Commercial Liability,BRK0021,AGGREGATOR,2026-12-07,2027-12-07,EX,6717.02,0.12,ANNUAL,2026,LEGACY_PAS
ALB-PET-0004398,P0000059,PET,Pet,,BROKER,2025-09-21,2026-09-21,IF,1304.43,0.12,ANNUAL,2025,POLARIS
ALB-HOM-0004399,P0001237,HOM,Home Buildings & Contents,BRK0003,BROKER,2021-02-01,2022-02-01,IF,3204.08,0.12,ANNUAL,2021,POLARIS
ALB-HOM-0004400,P0001447,HOM,Home Buildings & Contents,,DIRECT,2026-10-14,2027-10-14,LP,591.88,0.12,ANNUAL,2026,POLARIS
ALB-CPM-0004401,P0002010,CPM,Commercial Property,BRK0051,DIRECT,2020-01-29,2021-01-28,CN,6607.71,0.12,ANNUAL,2020,POLARIS
ALB-HOM-0004402,P0002735,HOM,Home Buildings & Contents,,AGGREGATOR,2024-01-15,2025-01-14,CN,2698.59,0.12,ANNUAL,2024,POLARIS
ALB-CLB-0004403,P0001871,CLB,Commercial Liability,,BROKER,2025-07-17,2026-07-17,LP,5328.22,0.12,ANNUAL,2025,POLARIS
ALB-PET-0004404,P0003177,PET,Pet,BRK0049,BROKER,2021-02-27,2022-02-27,IF,4189.08,0.12,ANNUAL,2021,POLARIS
ALB-PET-0004405,P0003005,PET,Pet,,BROKER,2023-11-25,2024-11-24,RN,3976.15,0.12,PREMIUM_FINANCE,2023,POLARIS
ALB-CPM-0004406,P0002273,CPM,Commercial Property,,AGGREGATOR,2022-12-01,2023-12-01,RN,4810.7,0.12,ANNUAL,2022,POLARIS
ALB-HOM-0004407,P0003025,HOM,Home Buildings & Contents,,BROKER,2024-03-30,2025-03-30,EX,1752.01,0.12,PREMIUM_FINANCE,2024,POLARIS
ALB-HOM-0004408,P0001360,HOM,Home Buildings & Contents,BRK0019,BROKER,2024-05-10,2025-05-10,RN,2031.43,0.12,MONTHLY_DD,2024,POLARIS
ALB-HOM-0004409,P0002322,HOM,Home Buildings & Contents,,DIRECT,2021-06-21,2022-06-21,RN,922.33,0.12,ANNUAL,2021,POLARIS
ALB-HOM-0004410,P0001915,HOM,Home Buildings & Contents,,BROKER,2023-07-25,2024-07-24,CN,2864.99,0.12,MONTHLY_DD,2023,POLARIS
ALB-HOM-0004411,P0001272,HOM,Home Buildings & Contents,BRK0029,BROKER,2021-11-08,2022-11-08,RN,915.07,0.12,PREMIUM_FINANCE,2021,POLARIS
ALB-HOM-0004412,P0000429,HOM,Home Buildings & Contents,,BROKER,2019-03-22,2020-03-21,IF,1459.42,0.12,MONTHLY_DD,2019,POLARIS
ALB-CPM-0004413,P0002730,CPM,Commercial Property,,DIRECT,2023-07-25,2024-07-24,IF,14144.08,0.12,ANNUAL,2023,POLARIS
ALB-PET-0004414,P0001101,PET,Pet,BRK0042,BROKER,2019-06-13,2020-06-12,IF,2637.8,0.12,MONTHLY_DD,2019,POLARIS
ALB-HOM-0004415,P0001111,HOM,Home Buildings & Contents,BRK0050,DIRECT,2023-03-23,2024-03-22,IF,684.27,0.12,PREMIUM_FINANCE,2023,POLARIS
ALB-CLB-0004416,P0000519,CLB,Commercial Liability,BRK0022,BROKER,2026-02-25,2027-02-25,IF,11802.87,0.12,MONTHLY_DD,2026,POLARIS
ALB-PET-0004417,P0002653,PET,Pet,BRK0044,DIRECT,2019-09-05,2020-09-04,EX,1058.33,0.12,MONTHLY_DD,2019,POLARIS
ALB-PET-0004418,P0000661,PET,Pet,BRK0038,AGGREGATOR,2022-07-17,2023-07-17,RN,1020.05,0.12,PREMIUM_FINANCE,2022,POLARIS
ALB-HOM-0004419,P0000369,HOM,Home Buildings & Contents,,DIRECT,2020-11-17,2021-11-17,RN,1647.92,0.12,PREMIUM_FINANCE,2020,POLARIS
ALB-MOT-0004420,P0000261,MOT,Private Motor,BRK0053,AGGREGATOR,2019-03-14,2020-03-13,CN,2512.35,0.12,PREMIUM_FINANCE,2019,POLARIS
ALB-MOT-0004421,P0001108,MOT,Private Motor,,BROKER,2018-10-17,2019-10-17,CN,536.41,0.12,ANNUAL,2018,POLARIS
ALB-HOM-0004422,P0000067,HOM,Home Buildings & Contents,BRK0007,BROKER,2023-11-04,2024-11-03,IF,295.58,0.12,MONTHLY_DD,2023,POLARIS
ALB-MOT-0004423,P0002174,MOT,Private Motor,BRK0046,BROKER,2020-08-04,2021-08-04,IF,1018.85,0.12,MONTHLY_DD,2020,POLARIS
ALB-MOT-0004424,P0002344,MOT,Private Motor,,DIRECT,2020-06-23,2021-06-23,LP,3184.11,0.12,ANNUAL,2020,LEGACY_PAS
ALB-CPM-0004425,P0000329,CPM,Commercial Property,,BROKER,2021-07-04,2022-07-04,IF,5975.86,0.12,MONTHLY_DD,2021,POLARIS
ALB-CLB-0004426,P0002555,CLB,Commercial Liability,,BROKER,2023-11-18,2024-11-17,IF,13393.15,0.12,MONTHLY_DD,2023,POLARIS
ALB-CLB-0004427,P0001921,CLB,Commercial Liability,,DIRECT,2020-07-28,2021-07-28,CN,10115.0,0.12,PREMIUM_FINANCE,2020,POLARIS
ALB-TRV-0004428,P0000100,TRV,Annual Travel,,DIRECT,2019-09-08,2020-09-07,EX,826.84,0.12,ANNUAL,2019,LEGACY_PAS
ALB-MOT-0004429,P0001226,MOT,Private Motor,,BROKER,2020-10-28,2021-10-28,RN,1690.69,0.12,MONTHLY_DD,2020,POLARIS
ALB-HOM-0004430,P0002052,HOM,Home Buildings & Contents,BRK0027,BROKER,2024-12-16,2025-12-16,IF,574.16,0.12,PREMIUM_FINANCE,2024,POLARIS
ALB-MOT-0004431,P0002669,MOT,Private Motor,BRK0047,DIRECT,2022-07-14,2023-07-14,IF,1731.71,0.12,PREMIUM_FINANCE,2022,POLARIS
ALB-PET-0004432,P0000584,PET,Pet,BRK0052,AGGREGATOR,2021-09-03,2022-09-03,EX,1533.29,0.12,MONTHLY_DD,2021,POLARIS
ALB-HOM-0004433,P0001095,HOM,Home Buildings & Contents,BRK0024,BROKER,2024-05-17,2025-05-17,EX,1637.82,0.12,ANNUAL,2024,POLARIS
ALB-TRV-0004434,P0002523,TRV,Annual Travel,,DIRECT,2019-10-21,2020-10-20,RN,3546.08,0.12,ANNUAL,2019,POLARIS
ALB-HOM-0004435,P0000598,HOM,Home Buildings & Contents,BRK0039,AGGREGATOR,2026-08-07,2027-08-07,EX,3130.46,0.12,MONTHLY_DD,2026,LEGACY_PAS
ALB-PET-0004436,P0001988,PET,Pet,,BROKER,2026-08-19,2027-08-19,CN,2854.05,0.12,ANNUAL,2026,LEGACY_PAS
ALB-CPM-0004437,P0001949,CPM,Commercial Property,BRK0027,BROKER,2021-07-22,2022-07-22,EX,5267.24,0.12,MONTHLY_DD,2021,POLARIS
ALB-MOT-0004438,P0002519,MOT,Private Motor,BRK0039,BROKER,2023-01-30,2024-01-30,IF,3663.74,0.12,ANNUAL,2023,POLARIS
ALB-CPM-0004439,P0000388,CPM,Commercial Property,,DIRECT,2021-02-19,2022-02-19,EX,5829.3,0.12,MONTHLY_DD,2021,POLARIS
ALB-PET-0004440,P0003199,PET,Pet,BRK0015,BROKER,2024-09-11,2025-09-11,CN,3491.27,0.12,MONTHLY_DD,2024,POLARIS
ALB-MOT-0004441,P0002617,MOT,Private Motor,,DIRECT,2025-01-08,2026-01-08,RN,2081.09,0.12,PREMIUM_FINANCE,2025,POLARIS
ALB-MOT-0004442,P0001424,MOT,Private Motor,,BROKER,2024-08-07,2025-08-07,IF,3076.0,0.12,ANNUAL,2024,POLARIS
ALB-MOT-0004443,P0002763,MOT,Private Motor,BRK0030,DIRECT,2021-09-29,2022-09-29,EX,2207.68,0.12,MONTHLY_DD,2021,POLARIS
ALB-MOT-0004444,P0001514,MOT,Private Motor,BRK0038,BROKER,2021-10-02,2022-10-02,RN,1054.08,0.12,PREMIUM_FINANCE,2021,POLARIS
ALB-PET-0004445,P0002108,PET,Pet,BRK0007,DIRECT,2024-05-18,2025-05-18,IF,712.23,0.12,ANNUAL,2024,LEGACY_PAS
ALB-MOT-0004446,P0000448,MOT,Private Motor,,BROKER,2024-09-19,2025-09-19,RN,2865.6,0.12,ANNUAL,2024,POLARIS
ALB-PET-0004447,P0000652,PET,Pet,BRK0019,BROKER,2024-04-11,2025-04-11,IF,3439.79,0.12,MONTHLY_DD,2024,POLARIS
ALB-TRV-0004448,P0001018,TRV,Annual Travel,BRK0036,AGGREGATOR,2020-04-20,2021-04-20,EX,3506.62,0.12,ANNUAL,2020,POLARIS
ALB-HOM-0004449,P0001810,HOM,Home Buildings & Contents,BRK0044,DIRECT,2026-08-20,2027-08-20,IF,2416.75,0.12,ANNUAL,2026,POLARIS
ALB-CLB-0004450,P0001215,CLB,Commercial Liability,BRK0043,BROKER,2023-12-13,2024-12-12,IF,2574.21,0.12,PREMIUM_FINANCE,2023,LEGACY_PAS
ALB-CPM-0004451,P0003083,CPM,Commercial Property,,BROKER,2021-10-08,2022-10-08,RN,799.5,0.12,MONTHLY_DD,2021,LEGACY_PAS
ALB-CPM-0004452,P0001666,CPM,Commercial Property,BRK0027,BROKER,2021-12-29,2022-12-29,RN,10482.14,0.12,PREMIUM_FINANCE,2021,LEGACY_PAS
ALB-TRV-0004453,P0000338,TRV,Annual Travel,BRK0037,BROKER,2025-06-04,2026-06-04,IF,3190.2,0.12,PREMIUM_FINANCE,2025,POLARIS
ALB-CLB-0004454,P0002698,CLB,Commercial Liability,BRK0031,BROKER,2025-06-07,2026-06-07,RN,7797.77,0.12,MONTHLY_DD,2025,POLARIS
ALB-PET-0004455,P0000766,PET,Pet,BRK0022,BROKER,2026-01-05,2027-01-05,EX,2808.57,0.12,ANNUAL,2026,POLARIS
ALB-PET-0004456,P0002487,PET,Pet,,BROKER,2022-09-21,2023-09-21,RN,2985.0,0.12,MONTHLY_DD,2022,POLARIS
ALB-MOT-0004457,P0001326,MOT,Private Motor,BRK0024,AGGREGATOR,2023-12-09,2024-12-08,RN,1768.83,0.12,MONTHLY_DD,2023,LEGACY_PAS
ALB-PET-0004458,P0000977,PET,Pet,,AGGREGATOR,2021-10-11,2022-10-11,RN,233.7,0.12,ANNUAL,2021,LEGACY_PAS
ALB-MOT-0004459,P0000623,MOT,Private Motor,BRK0016,BROKER,2019-12-10,2020-12-09,IF,1056.85,0.12,ANNUAL,2019,POLARIS
ALB-CLB-0004460,P0001915,CLB,Commercial Liability,BRK0007,BROKER,2020-05-19,2021-05-19,IF,9861.96,0.12,MONTHLY_DD,2020,LEGACY_PAS
ALB-CPM-0004461,P0001890,CPM,Commercial Property,BRK0025,DIRECT,2021-06-04,2022-06-04,IF,7527.42,0.12,PREMIUM_FINANCE,2021,POLARIS
ALB-PET-0004462,P0001944,PET,Pet,BRK0029,DIRECT,2020-03-09,2021-03-09,IF,3338.61,0.12,ANNUAL,2020,POLARIS
ALB-HOM-0004463,P0001370,HOM,Home Buildings & Contents,,BROKER,2026-02-02,2027-02-02,IF,265.2,0.12,ANNUAL,2026,POLARIS
ALB-CPM-0004464,P0002222,CPM,Commercial Property,BRK0001,BROKER,2026-04-11,2027-04-11,RN,8144.18,0.12,ANNUAL,2026,LEGACY_PAS
ALB-HOM-0004465,P0002982,HOM,Home Buildings & Contents,,DIRECT,2019-02-01,2020-02-01,IF,2462.13,0.12,PREMIUM_FINANCE,2019,POLARIS
ALB-MOT-0004466,P0001947,MOT,Private Motor,BRK0039,BROKER,2020-12-25,2021-12-25,IF,3776.71,0.12,ANNUAL,2020,LEGACY_PAS
ALB-CPM-0004467,P0002067,CPM,Commercial Property,BRK0007,AGGREGATOR,2026-05-14,2027-05-14,LP,3711.26,0.12,MONTHLY_DD,2026,POLARIS
ALB-TRV-0004468,P0000031,TRV,Annual Travel,BRK0006,DIRECT,2021-02-19,2022-02-19,IF,3686.2,0.12,ANNUAL,2021,LEGACY_PAS
ALB-CLB-0004469,P0002002,CLB,Commercial Liability,,DIRECT,2022-10-20,2023-10-20,EX,11967.2,0.12,MONTHLY_DD,2022,POLARIS
ALB-MOT-0004470,P0002947,MOT,Private Motor,,BROKER,2023-08-25,2024-08-24,IF,3542.99,0.12,MONTHLY_DD,2023,POLARIS
ALB-PET-0004471,P0000989,PET,Pet,BRK0028,BROKER,2018-12-07,2019-12-07,RN,3100.25,0.12,ANNUAL,2018,POLARIS
ALB-TRV-0004472,P0003118,TRV,Annual Travel,,BROKER,2023-03-07,2024-03-06,LP,3256.9,0.12,ANNUAL,2023,POLARIS
ALB-PET-0004473,P0001314,PET,Pet,,BROKER,2023-10-02,2024-10-01,RN,4060.15,0.12,ANNUAL,2023,POLARIS
ALB-CPM-0004474,P0001424,CPM,Commercial Property,,AGGREGATOR,2023-05-20,2024-05-19,LP,11330.61,0.12,MONTHLY_DD,2023,POLARIS
ALB-MOT-0004475,P0001818,MOT,Private Motor,BRK0018,DIRECT,2021-06-07,2022-06-07,IF,3420.86,0.12,MONTHLY_DD,2021,POLARIS
ALB-CLB-0004476,P0000702,CLB,Commercial Liability,BRK0058,BROKER,2020-06-22,2021-06-22,LP,7540.51,0.12,PREMIUM_FINANCE,2020,POLARIS
ALB-CLB-0004477,P0001064,CLB,Commercial Liability,BRK0033,BROKER,2019-04-06,2020-04-05,EX,7425.13,0.12,PREMIUM_FINANCE,2019,POLARIS
ALB-CLB-0004478,P0002148,CLB,Commercial Liability,,BROKER,2026-03-07,2027-03-07,EX,6119.4,0.12,MONTHLY_DD,2026,POLARIS
ALB-MOT-0004479,P0002354,MOT,Private Motor,,BROKER,2022-11-03,2023-11-03,RN,2418.8,0.12,ANNUAL,2022,POLARIS
ALB-CPM-0004480,P0002280,CPM,Commercial Property,,DIRECT,2021-08-29,2022-08-29,IF,14236.11,0.12,MONTHLY_DD,2021,LEGACY_PAS
ALB-PET-0004481,P0000611,PET,Pet,BRK0005,BROKER,2025-01-20,2026-01-20,IF,1298.4,0.12,ANNUAL,2025,POLARIS
ALB-CPM-0004482,P0000285,CPM,Commercial Property,BRK0059,BROKER,2019-02-19,2020-02-19,RN,5785.96,0.12,PREMIUM_FINANCE,2019,POLARIS
ALB-CPM-0004483,P0000211,CPM,Commercial Property,,BROKER,2023-08-02,2024-08-01,CN,14227.74,0.12,MONTHLY_DD,2023,POLARIS
ALB-TRV-0004484,P0001952,TRV,Annual Travel,BRK0009,BROKER,2022-09-17,2023-09-17,IF,2949.62,0.12,PREMIUM_FINANCE,2022,LEGACY_PAS
ALB-PET-0004485,P0000626,PET,Pet,,AGGREGATOR,2026-10-20,2027-10-20,CN,2346.31,0.12,MONTHLY_DD,2026,LEGACY_PAS
ALB-CPM-0004486,P0002922,CPM,Commercial Property,BRK0010,BROKER,2019-10-05,2020-10-04,RN,9825.66,0.12,MONTHLY_DD,2019,POLARIS
ALB-CLB-0004487,P0000209,CLB,Commercial Liability,BRK0040,DIRECT,2021-06-03,2022-06-03,RN,8353.08,0.12,PREMIUM_FINANCE,2021,LEGACY_PAS
ALB-CPM-0004488,P0000099,CPM,Commercial Property,BRK0038,AGGREGATOR,2026-11-13,2027-11-13,IF,10428.38,0.12,ANNUAL,2026,POLARIS
ALB-TRV-0004489,P0001580,TRV,Annual Travel,BRK0039,AGGREGATOR,2024-10-04,2025-10-04,IF,515.49,0.12,PREMIUM_FINANCE,2024,POLARIS
ALB-MOT-0004490,P0002772,MOT,Private Motor,BRK0040,AGGREGATOR,2022-04-15,2023-04-15,IF,2012.29,0.12,ANNUAL,2022,POLARIS
ALB-CLB-0004491,P0000358,CLB,Commercial Liability,BRK0013,BROKER,2025-03-21,2026-03-21,RN,13898.6,0.12,MONTHLY_DD,2025,POLARIS
ALB-CPM-0004492,P0001003,CPM,Commercial Property,BRK0056,DIRECT,2018-11-08,2019-11-08,IF,8438.7,0.12,ANNUAL,2018,LEGACY_PAS
ALB-PET-0004493,P0001000,PET,Pet,,AGGREGATOR,2024-03-14,2025-03-14,RN,1327.14,0.12,ANNUAL,2024,POLARIS
ALB-HOM-0004494,P0002491,HOM,Home Buildings & Contents,BRK0038,DIRECT,2021-09-02,2022-09-02,IF,3007.64,0.12,ANNUAL,2021,POLARIS
ALB-CLB-0004495,P0001250,CLB,Commercial Liability,BRK0033,BROKER,2024-04-10,2025-04-10,RN,6991.79,0.12,MONTHLY_DD,2024,LEGACY_PAS
ALB-HOM-0004496,P0001732,HOM,Home Buildings & Contents,BRK0057,DIRECT,2023-01-16,2024-01-16,EX,2711.96,0.12,MONTHLY_DD,2023,POLARIS
ALB-MOT-0004497,P0001300,MOT,Private Motor,,AGGREGATOR,2025-02-15,2026-02-15,RN,2645.48,0.12,ANNUAL,2025,POLARIS
ALB-MOT-0004498,P0002789,MOT,Private Motor,,AGGREGATOR,2021-06-06,2022-06-06,IF,4048.5,0.12,PREMIUM_FINANCE,2021,POLARIS
ALB-CLB-0004499,P0002788,CLB,Commercial Liability,,DIRECT,2024-07-18,2025-07-18,IF,3273.05,0.12,ANNUAL,2024,POLARIS
ALB-CPM-0004500,P0000770,CPM,Commercial Property,,DIRECT,2026-01-22,2027-01-22,RN,13526.54,0.12,PREMIUM_FINANCE,2026,POLARIS
ALB-TRV-0004501,P0001263,TRV,Annual Travel,BRK0052,AGGREGATOR,2021-08-06,2022-08-06,RN,530.79,0.12,ANNUAL,2021,POLARIS
ALB-HOM-0004502,P0003104,HOM,Home Buildings & Contents,BRK0053,AGGREGATOR,2026-08-27,2027-08-27,IF,2791.72,0.12,PREMIUM_FINANCE,2026,POLARIS
ALB-HOM-0004503,P0000871,HOM,Home Buildings & Contents,,AGGREGATOR,2021-12-31,2022-12-31,RN,3920.73,0.12,MONTHLY_DD,2021,POLARIS
ALB-TRV-0004504,P0002198,TRV,Annual Travel,BRK0040,AGGREGATOR,2024-12-29,2025-12-29,RN,831.29,0.12,MONTHLY_DD,2024,POLARIS
ALB-TRV-0004505,P0001906,TRV,Annual Travel,BRK0014,DIRECT,2020-09-29,2021-09-29,RN,1942.03,0.12,ANNUAL,2020,LEGACY_PAS
ALB-MOT-0004506,P0001822,MOT,Private Motor,BRK0014,BROKER,2023-11-01,2024-10-31,RN,1355.9,0.12,ANNUAL,2023,POLARIS
ALB-PET-0004507,P0000643,PET,Pet,BRK0022,BROKER,2026-03-26,2027-03-26,LP,762.7,0.12,ANNUAL,2026,POLARIS
ALB-HOM-0004508,P0002762,HOM,Home Buildings & Contents,,BROKER,2021-05-02,2022-05-02,IF,1985.31,0.12,PREMIUM_FINANCE,2021,POLARIS
ALB-PET-0004509,P0000164,PET,Pet,BRK0018,BROKER,2026-02-08,2027-02-08,EX,1707.8,0.12,PREMIUM_FINANCE,2026,LEGACY_PAS
ALB-TRV-0004510,P0000590,TRV,Annual Travel,BRK0007,BROKER,2019-02-26,2020-02-26,IF,725.04,0.12,MONTHLY_DD,2019,POLARIS
ALB-TRV-0004511,P0001005,TRV,Annual Travel,BRK0029,DIRECT,2020-08-23,2021-08-23,EX,1089.09,0.12,ANNUAL,2020,LEGACY_PAS
ALB-HOM-0004512,P0001484,HOM,Home Buildings & Contents,,DIRECT,2020-09-15,2021-09-15,IF,1673.59,0.12,MONTHLY_DD,2020,POLARIS
ALB-CPM-0004513,P0000171,CPM,Commercial Property,BRK0016,BROKER,2022-04-06,2023-04-06,RN,5241.81,0.12,MONTHLY_DD,2022,POLARIS
ALB-CLB-0004514,P0000883,CLB,Commercial Liability,BRK0021,BROKER,2022-10-29,2023-10-29,IF,8544.9,0.12,MONTHLY_DD,2022,LEGACY_PAS
ALB-CLB-0004515,P0000834,CLB,Commercial Liability,BRK0005,BROKER,2024-11-26,2025-11-26,IF,10238.42,0.12,ANNUAL,2024,POLARIS
ALB-MOT-0004516,P0003196,MOT,Private Motor,BRK0007,AGGREGATOR,2021-02-03,2022-02-03,LP,1542.45,0.12,PREMIUM_FINANCE,2021,LEGACY_PAS
ALB-HOM-0004517,P0001049,HOM,Home Buildings & Contents,,BROKER,2025-12-13,2026-12-13,EX,1710.1,0.12,ANNUAL,2025,POLARIS
ALB-CLB-0004518,P0002919,CLB,Commercial Liability,,DIRECT,2024-02-07,2025-02-06,RN,5669.13,0.12,ANNUAL,2024,LEGACY_PAS
ALB-CPM-0004519,P0002580,CPM,Commercial Property,,DIRECT,2023-02-02,2024-02-02,CN,10034.69,0.12,MONTHLY_DD,2023,POLARIS
ALB-MOT-0004520,P0003188,MOT,Private Motor,BRK0055,BROKER,2018-11-12,2019-11-12,IF,2336.81,0.12,ANNUAL,2018,POLARIS
ALB-CPM-0004521,P0002290,CPM,Commercial Property,BRK0001,BROKER,2020-07-26,2021-07-26,LP,1244.66,0.12,ANNUAL,2020,POLARIS
ALB-TRV-0004522,P0001960,TRV,Annual Travel,BRK0032,BROKER,2024-08-04,2025-08-04,CN,3913.34,0.12,MONTHLY_DD,2024,POLARIS
ALB-CLB-0004523,P0002588,CLB,Commercial Liability,BRK0004,BROKER,2020-09-03,2021-09-03,IF,11020.79,0.12,ANNUAL,2020,POLARIS
ALB-HOM-0004524,P0000881,HOM,Home Buildings & Contents,BRK0010,BROKER,2024-04-03,2025-04-03,IF,2705.66,0.12,MONTHLY_DD,2024,POLARIS
ALB-CLB-0004525,P0000632,CLB,Commercial Liability,,DIRECT,2018-12-27,2019-12-27,RN,13228.0,0.12,MONTHLY_DD,2018,POLARIS
ALB-PET-0004526,P0000236,PET,Pet,,DIRECT,2025-10-18,2026-10-18,IF,2822.96,0.12,ANNUAL,2025,POLARIS
ALB-MOT-0004527,P0001295,MOT,Private Motor,BRK0004,DIRECT,2019-09-16,2020-09-15,IF,3068.55,0.12,ANNUAL,2019,LEGACY_PAS
ALB-PET-0004528,P0000880,PET,Pet,BRK0017,BROKER,2022-11-05,2023-11-05,IF,1823.75,0.12,ANNUAL,2022,POLARIS
ALB-PET-0004529,P0001981,PET,Pet,,AGGREGATOR,2019-11-25,2020-11-24,IF,580.86,0.12,ANNUAL,2019,POLARIS
ALB-HOM-0004530,P0000911,HOM,Home Buildings & Contents,BRK0047,AGGREGATOR,2022-06-26,2023-06-26,RN,341.2,0.12,MONTHLY_DD,2022,POLARIS
ALB-CPM-0004531,P0003119,CPM,Commercial Property,BRK0009,AGGREGATOR,2025-08-23,2026-08-23,RN,11809.19,0.12,ANNUAL,2025,POLARIS
ALB-CPM-0004532,P0000041,CPM,Commercial Property,BRK0050,DIRECT,2025-02-01,2026-02-01,IF,12290.47,0.12,ANNUAL,2025,POLARIS
ALB-CLB-0004533,P0001395,CLB,Commercial Liability,BRK0035,BROKER,2023-07-22,2024-07-21,RN,8173.0,0.12,MONTHLY_DD,2023,POLARIS
ALB-TRV-0004534,P0000494,TRV,Annual Travel,,DIRECT,2021-02-25,2022-02-25,RN,684.51,0.12,MONTHLY_DD,2021,LEGACY_PAS
ALB-TRV-0004535,P0002329,TRV,Annual Travel,,BROKER,2022-04-03,2023-04-03,IF,2770.96,0.12,PREMIUM_FINANCE,2022,LEGACY_PAS
ALB-MOT-0004536,P0000882,MOT,Private Motor,BRK0049,DIRECT,2023-01-03,2024-01-03,IF,2359.76,0.12,PREMIUM_FINANCE,2023,POLARIS
ALB-CPM-0004537,P0000437,CPM,Commercial Property,,BROKER,2019-12-30,2020-12-29,LP,9329.84,0.12,MONTHLY_DD,2019,POLARIS
ALB-MOT-0004538,P0001554,MOT,Private Motor,BRK0026,AGGREGATOR,2023-01-14,2024-01-14,RN,3460.8,0.12,PREMIUM_FINANCE,2023,LEGACY_PAS
ALB-HOM-0004539,P0000652,HOM,Home Buildings & Contents,,DIRECT,2019-07-09,2020-07-08,IF,1391.2,0.12,ANNUAL,2019,POLARIS
ALB-HOM-0004540,P0002691,HOM,Home Buildings & Contents,,BROKER,2026-06-25,2027-06-25,EX,3877.79,0.12,MONTHLY_DD,2026,POLARIS
ALB-CPM-0004541,P0001586,CPM,Commercial Property,BRK0019,AGGREGATOR,2022-05-30,2023-05-30,IF,3391.25,0.12,ANNUAL,2022,POLARIS
ALB-PET-0004542,P0002297,PET,Pet,BRK0035,DIRECT,2021-01-11,2022-01-11,RN,2022.47,0.12,MONTHLY_DD,2021,POLARIS
ALB-TRV-0004543,P0002970,TRV,Annual Travel,,DIRECT,2023-07-30,2024-07-29,IF,1736.71,0.12,ANNUAL,2023,POLARIS
ALB-CPM-0004544,P0002662,CPM,Commercial Property,BRK0033,DIRECT,2020-10-20,2021-10-20,CN,10878.58,0.12,MONTHLY_DD,2020,POLARIS
ALB-PET-0004545,P0001337,PET,Pet,BRK0013,BROKER,2018-08-02,2019-08-02,LP,3172.92,0.12,MONTHLY_DD,2018,POLARIS
ALB-CLB-0004546,P0001572,CLB,Commercial Liability,BRK0042,BROKER,2019-11-02,2020-11-01,IF,13805.49,0.12,ANNUAL,2019,LEGACY_PAS
ALB-PET-0004547,P0001393,PET,Pet,BRK0009,AGGREGATOR,2019-01-06,2020-01-06,IF,3212.6,0.12,MONTHLY_DD,2019,POLARIS
ALB-MOT-0004548,P0001551,MOT,Private Motor,BRK0021,BROKER,2026-04-02,2027-04-02,EX,2675.51,0.12,MONTHLY_DD,2026,LEGACY_PAS
ALB-TRV-0004549,P0002423,TRV,Annual Travel,BRK0032,BROKER,2023-02-20,2024-02-20,RN,3391.53,0.12,MONTHLY_DD,2023,POLARIS
ALB-MOT-0004550,P0000901,MOT,Private Motor,,AGGREGATOR,2021-06-01,2022-06-01,RN,806.76,0.12,PREMIUM_FINANCE,2021,POLARIS
ALB-MOT-0004551,P0001745,MOT,Private Motor,BRK0003,BROKER,2021-08-21,2022-08-21,LP,251.92,0.12,ANNUAL,2021,POLARIS
ALB-MOT-0004552,P0000572,MOT,Private Motor,,DIRECT,2020-01-07,2021-01-06,IF,2895.59,0.12,MONTHLY_DD,2020,POLARIS
ALB-HOM-0004553,P0001547,HOM,Home Buildings & Contents,BRK0021,DIRECT,2022-11-07,2023-11-07,IF,3346.56,0.12,MONTHLY_DD,2022,POLARIS
ALB-TRV-0004554,P0000866,TRV,Annual Travel,BRK0034,AGGREGATOR,2019-09-23,2020-09-22,IF,2923.82,0.12,MONTHLY_DD,2019,LEGACY_PAS
ALB-MOT-0004555,P0000223,MOT,Private Motor,,BROKER,2026-10-30,2027-10-30,RN,2104.98,0.12,PREMIUM_FINANCE,2026,POLARIS
ALB-TRV-0004556,P0000439,TRV,Annual Travel,,DIRECT,2022-09-18,2023-09-18,IF,2844.1,0.12,MONTHLY_DD,2022,POLARIS
ALB-HOM-0004557,P0001463,HOM,Home Buildings & Contents,BRK0051,DIRECT,2020-12-17,2021-12-17,RN,2975.71,0.12,ANNUAL,2020,POLARIS
ALB-PET-0004558,P0000685,PET,Pet,BRK0042,AGGREGATOR,2024-02-06,2025-02-05,LP,2093.95,0.12,PREMIUM_FINANCE,2024,POLARIS
ALB-PET-0004559,P0001449,PET,Pet,BRK0024,BROKER,2019-09-10,2020-09-09,LP,3703.54,0.12,ANNUAL,2019,LEGACY_PAS
ALB-CLB-0004560,P0000585,CLB,Commercial Liability,BRK0018,BROKER,2024-04-23,2025-04-23,IF,3541.58,0.12,ANNUAL,2024,POLARIS
ALB-CLB-0004561,P0000779,CLB,Commercial Liability,,DIRECT,2026-11-27,2027-11-27,IF,8504.59,0.12,MONTHLY_DD,2026,POLARIS
ALB-MOT-0004562,P0002016,MOT,Private Motor,BRK0009,DIRECT,2021-02-18,2022-02-18,IF,1450.19,0.12,ANNUAL,2021,POLARIS
ALB-PET-0004563,P0000312,PET,Pet,,DIRECT,2026-01-12,2027-01-12,CN,1872.81,0.12,MONTHLY_DD,2026,LEGACY_PAS
ALB-MOT-0004564,P0000868,MOT,Private Motor,,DIRECT,2025-01-27,2026-01-27,EX,2121.62,0.12,ANNUAL,2025,POLARIS
ALB-TRV-0004565,P0000130,TRV,Annual Travel,,BROKER,2020-05-11,2021-05-11,IF,1480.39,0.12,ANNUAL,2020,POLARIS
ALB-CPM-0004566,P0002664,CPM,Commercial Property,,BROKER,2024-08-30,2025-08-30,IF,1423.36,0.12,MONTHLY_DD,2024,POLARIS
ALB-TRV-0004567,P0001416,TRV,Annual Travel,BRK0033,BROKER,2026-12-05,2027-12-05,RN,2157.4,0.12,ANNUAL,2026,POLARIS
ALB-PET-0004568,P0001615,PET,Pet,BRK0018,DIRECT,2018-08-20,2019-08-20,IF,1101.5,0.12,MONTHLY_DD,2018,LEGACY_PAS
ALB-CLB-0004569,P0000454,CLB,Commercial Liability,BRK0010,BROKER,2019-03-16,2020-03-15,EX,11974.25,0.12,ANNUAL,2019,POLARIS
ALB-CPM-0004570,P0000636,CPM,Commercial Property,BRK0045,AGGREGATOR,2023-08-19,2024-08-18,CN,12514.91,0.12,ANNUAL,2023,LEGACY_PAS
ALB-CLB-0004571,P0000602,CLB,Commercial Liability,BRK0060,BROKER,2026-01-31,2027-01-31,IF,5362.37,0.12,ANNUAL,2026,POLARIS
ALB-PET-0004572,P0000485,PET,Pet,BRK0003,AGGREGATOR,2026-10-17,2027-10-17,EX,3056.15,0.12,ANNUAL,2026,POLARIS
ALB-CPM-0004573,P0001569,CPM,Commercial Property,BRK0004,DIRECT,2026-08-20,2027-08-20,IF,12659.66,0.12,MONTHLY_DD,2026,POLARIS
ALB-MOT-0004574,P0002665,MOT,Private Motor,BRK0028,DIRECT,2019-07-28,2020-07-27,EX,1345.16,0.12,ANNUAL,2019,POLARIS
ALB-TRV-0004575,P0001391,TRV,Annual Travel,BRK0043,BROKER,2020-08-26,2021-08-26,IF,1031.66,0.12,ANNUAL,2020,LEGACY_PAS
ALB-CLB-0004576,P0000649,CLB,Commercial Liability,BRK0021,DIRECT,2018-03-01,2019-03-01,LP,12055.95,0.12,ANNUAL,2018,LEGACY_PAS
ALB-MOT-0004577,P0000368,MOT,Private Motor,,AGGREGATOR,2019-05-18,2020-05-17,RN,3742.06,0.12,ANNUAL,2019,POLARIS
ALB-TRV-0004578,P0001439,TRV,Annual Travel,,BROKER,2023-05-13,2024-05-12,EX,4047.97,0.12,ANNUAL,2023,POLARIS
ALB-PET-0004579,P0002626,PET,Pet,BRK0020,BROKER,2022-09-16,2023-09-16,IF,964.56,0.12,ANNUAL,2022,POLARIS
ALB-CPM-0004580,P0002101,CPM,Commercial Property,,DIRECT,2025-09-17,2026-09-17,CN,5440.81,0.12,MONTHLY_DD,2025,LEGACY_PAS
ALB-HOM-0004581,P0002600,HOM,Home Buildings & Contents,,AGGREGATOR,2020-07-16,2021-07-16,RN,1234.54,0.12,MONTHLY_DD,2020,LEGACY_PAS
ALB-TRV-0004582,P0000203,TRV,Annual Travel,,DIRECT,2025-12-23,2026-12-23,IF,3849.82,0.12,ANNUAL,2025,POLARIS
ALB-HOM-0004583,P0002923,HOM,Home Buildings & Contents,,DIRECT,2023-12-30,2024-12-29,RN,3052.25,0.12,ANNUAL,2023,POLARIS
ALB-CPM-0004584,P0002837,CPM,Commercial Property,,DIRECT,2023-11-28,2024-11-27,IF,10994.8,0.12,MONTHLY_DD,2023,POLARIS
ALB-PET-0004585,P0000841,PET,Pet,BRK0010,BROKER,2021-05-11,2022-05-11,IF,1802.03,0.12,MONTHLY_DD,2021,LEGACY_PAS
ALB-CLB-0004586,P0000918,CLB,Commercial Liability,BRK0036,BROKER,2020-10-11,2021-10-11,RN,9975.21,0.12,ANNUAL,2020,LEGACY_PAS
ALB-TRV-0004587,P0001391,TRV,Annual Travel,BRK0038,DIRECT,2025-07-24,2026-07-24,LP,2565.73,0.12,MONTHLY_DD,2025,LEGACY_PAS
ALB-CPM-0004588,P0002341,CPM,Commercial Property,BRK0037,DIRECT,2022-12-23,2023-12-23,CN,4615.39,0.12,ANNUAL,2022,LEGACY_PAS
ALB-HOM-0004589,P0002593,HOM,Home Buildings & Contents,,AGGREGATOR,2019-06-17,2020-06-16,EX,2039.54,0.12,PREMIUM_FINANCE,2019,POLARIS
ALB-CPM-0004590,P0000164,CPM,Commercial Property,BRK0001,BROKER,2025-02-08,2026-02-08,IF,4315.71,0.12,PREMIUM_FINANCE,2025,POLARIS
ALB-PET-0004591,P0002537,PET,Pet,BRK0054,BROKER,2021-08-18,2022-08-18,IF,3747.22,0.12,MONTHLY_DD,2021,POLARIS
ALB-HOM-0004592,P0002366,HOM,Home Buildings & Contents,BRK0008,BROKER,2026-04-23,2027-04-23,IF,2459.19,0.12,ANNUAL,2026,LEGACY_PAS
ALB-CPM-0004593,P0001299,CPM,Commercial Property,,AGGREGATOR,2023-12-29,2024-12-28,IF,12131.36,0.12,PREMIUM_FINANCE,2023,LEGACY_PAS
ALB-PET-0004594,P0002433,PET,Pet,BRK0046,BROKER,2022-11-30,2023-11-30,LP,3986.58,0.12,ANNUAL,2022,LEGACY_PAS
ALB-CLB-0004595,P0001414,CLB,Commercial Liability,,BROKER,2025-03-31,2026-03-31,IF,13284.79,0.12,MONTHLY_DD,2025,POLARIS
ALB-MOT-0004596,P0000146,MOT,Private Motor,BRK0058,BROKER,2020-09-02,2021-09-02,LP,4121.74,0.12,PREMIUM_FINANCE,2020,POLARIS
ALB-CLB-0004597,P0002672,CLB,Commercial Liability,BRK0005,BROKER,2018-07-16,2019-07-16,IF,9332.03,0.12,ANNUAL,2018,POLARIS
ALB-CPM-0004598,P0000583,CPM,Commercial Property,BRK0042,DIRECT,2025-12-07,2026-12-07,CN,10273.7,0.12,MONTHLY_DD,2025,POLARIS
ALB-HOM-0004599,P0003193,HOM,Home Buildings & Contents,BRK0003,BROKER,2019-12-28,2020-12-27,IF,3328.57,0.12,ANNUAL,2019,POLARIS
ALB-CLB-0004600,P0000914,CLB,Commercial Liability,BRK0046,BROKER,2018-12-25,2019-12-25,RN,12834.48,0.12,MONTHLY_DD,2018,LEGACY_PAS
ALB-TRV-0004601,P0000050,TRV,Annual Travel,BRK0001,BROKER,2018-05-24,2019-05-24,RN,2190.84,0.12,PREMIUM_FINANCE,2018,POLARIS
ALB-CPM-0004602,P0002142,CPM,Commercial Property,BRK0006,BROKER,2024-08-29,2025-08-29,LP,7480.03,0.12,MONTHLY_DD,2024,POLARIS
ALB-CPM-0004603,P0001375,CPM,Commercial Property,BRK0003,DIRECT,2023-10-06,2024-10-05,RN,1800.74,0.12,ANNUAL,2023,POLARIS
ALB-HOM-0004604,P0001518,HOM,Home Buildings & Contents,,BROKER,2020-05-13,2021-05-13,EX,860.49,0.12,ANNUAL,2020,POLARIS
ALB-CLB-0004605,P0002581,CLB,Commercial Liability,,DIRECT,2019-01-10,2020-01-10,IF,7628.84,0.12,MONTHLY_DD,2019,POLARIS
ALB-CPM-0004606,P0000322,CPM,Commercial Property,,BROKER,2018-08-02,2019-08-02,EX,11009.61,0.12,ANNUAL,2018,POLARIS
ALB-MOT-0004607,P0003083,MOT,Private Motor,BRK0015,BROKER,2026-09-27,2027-09-27,IF,3089.13,0.12,MONTHLY_DD,2026,POLARIS
ALB-TRV-0004608,P0002043,TRV,Annual Travel,BRK0024,BROKER,2025-01-28,2026-01-28,EX,2705.84,0.12,ANNUAL,2025,LEGACY_PAS
ALB-MOT-0004609,P0002410,MOT,Private Motor,,AGGREGATOR,2023-12-20,2024-12-19,EX,809.59,0.12,MONTHLY_DD,2023,LEGACY_PAS
ALB-PET-0004610,P0001302,PET,Pet,BRK0027,DIRECT,2019-09-15,2020-09-14,IF,902.66,0.12,MONTHLY_DD,2019,POLARIS
ALB-CPM-0004611,P0001147,CPM,Commercial Property,,BROKER,2025-10-06,2026-10-06,EX,9012.73,0.12,PREMIUM_FINANCE,2025,POLARIS
ALB-MOT-0004612,P0000071,MOT,Private Motor,,BROKER,2022-03-13,2023-03-13,RN,3924.59,0.12,MONTHLY_DD,2022,POLARIS
ALB-HOM-0004613,P0001111,HOM,Home Buildings & Contents,BRK0048,DIRECT,2025-01-22,2026-01-22,LP,1222.89,0.12,PREMIUM_FINANCE,2025,POLARIS
ALB-CLB-0004614,P0001911,CLB,Commercial Liability,BRK0024,BROKER,2026-03-09,2027-03-09,IF,11768.05,0.12,ANNUAL,2026,POLARIS
ALB-CLB-0004615,P0001270,CLB,Commercial Liability,BRK0018,BROKER,2025-09-04,2026-09-04,LP,2881.6,0.12,PREMIUM_FINANCE,2025,POLARIS
ALB-PET-0004616,P0003059,PET,Pet,BRK0060,AGGREGATOR,2024-07-06,2025-07-06,CN,759.78,0.12,MONTHLY_DD,2024,LEGACY_PAS
ALB-HOM-0004617,P0001173,HOM,Home Buildings & Contents,BRK0019,BROKER,2025-10-15,2026-10-15,IF,2752.61,0.12,MONTHLY_DD,2025,POLARIS
ALB-PET-0004618,P0002914,PET,Pet,BRK0047,AGGREGATOR,2020-08-12,2021-08-12,IF,2591.07,0.12,MONTHLY_DD,2020,POLARIS
ALB-TRV-0004619,P0001965,TRV,Annual Travel,,BROKER,2019-07-06,2020-07-05,IF,1186.97,0.12,ANNUAL,2019,POLARIS
ALB-TRV-0004620,P0000751,TRV,Annual Travel,,BROKER,2023-10-27,2024-10-26,RN,3011.49,0.12,MONTHLY_DD,2023,POLARIS
ALB-MOT-0004621,P0001340,MOT,Private Motor,BRK0034,DIRECT,2022-11-25,2023-11-25,RN,2544.76,0.12,ANNUAL,2022,POLARIS
ALB-PET-0004622,P0000686,PET,Pet,BRK0033,BROKER,2026-10-18,2027-10-18,RN,3286.29,0.12,ANNUAL,2026,POLARIS
ALB-CLB-0004623,P0000177,CLB,Commercial Liability,,BROKER,2022-06-05,2023-06-05,RN,4235.68,0.12,MONTHLY_DD,2022,POLARIS
ALB-HOM-0004624,P0002725,HOM,Home Buildings & Contents,BRK0050,AGGREGATOR,2026-01-25,2027-01-25,IF,3077.63,0.12,ANNUAL,2026,POLARIS
ALB-MOT-0004625,P0001498,MOT,Private Motor,,AGGREGATOR,2026-03-28,2027-03-28,IF,1578.38,0.12,MONTHLY_DD,2026,POLARIS
ALB-TRV-0004626,P0002110,TRV,Annual Travel,BRK0058,DIRECT,2018-12-07,2019-12-07,RN,1135.1,0.12,MONTHLY_DD,2018,LEGACY_PAS
ALB-TRV-0004627,P0001552,TRV,Annual Travel,BRK0006,AGGREGATOR,2019-10-14,2020-10-13,IF,381.19,0.12,PREMIUM_FINANCE,2019,POLARIS
ALB-HOM-0004628,P0000673,HOM,Home Buildings & Contents,BRK0034,BROKER,2022-05-09,2023-05-09,CN,817.36,0.12,ANNUAL,2022,POLARIS
ALB-CLB-0004629,P0000492,CLB,Commercial Liability,,DIRECT,2025-01-07,2026-01-07,IF,10047.85,0.12,MONTHLY_DD,2025,POLARIS
ALB-CPM-0004630,P0002283,CPM,Commercial Property,BRK0043,DIRECT,2024-10-21,2025-10-21,IF,1344.2,0.12,ANNUAL,2024,POLARIS
ALB-CPM-0004631,P0001253,CPM,Commercial Property,,BROKER,2021-10-09,2022-10-09,RN,4222.32,0.12,PREMIUM_FINANCE,2021,POLARIS
ALB-CPM-0004632,P0001319,CPM,Commercial Property,BRK0051,BROKER,2026-11-14,2027-11-14,IF,13039.74,0.12,ANNUAL,2026,LEGACY_PAS
ALB-MOT-0004633,P0000168,MOT,Private Motor,BRK0018,BROKER,2018-05-29,2019-05-29,RN,1577.12,0.12,MONTHLY_DD,2018,POLARIS
ALB-HOM-0004634,P0003126,HOM,Home Buildings & Contents,,AGGREGATOR,2024-06-03,2025-06-03,RN,1114.09,0.12,ANNUAL,2024,LEGACY_PAS
ALB-PET-0004635,P0000256,PET,Pet,BRK0050,BROKER,2019-02-02,2020-02-02,CN,1729.52,0.12,PREMIUM_FINANCE,2019,LEGACY_PAS
ALB-MOT-0004636,P0002839,MOT,Private Motor,BRK0016,AGGREGATOR,2018-02-08,2019-02-08,IF,3051.75,0.12,PREMIUM_FINANCE,2018,LEGACY_PAS
ALB-HOM-0004637,P0001647,HOM,Home Buildings & Contents,,BROKER,2019-03-08,2020-03-07,IF,1231.51,0.12,ANNUAL,2019,LEGACY_PAS
ALB-CPM-0004638,P0000768,CPM,Commercial Property,BRK0020,BROKER,2021-10-05,2022-10-05,IF,14313.39,0.12,MONTHLY_DD,2021,POLARIS
ALB-CPM-0004639,P0000123,CPM,Commercial Property,BRK0045,BROKER,2023-05-25,2024-05-24,IF,14592.87,0.12,PREMIUM_FINANCE,2023,POLARIS
ALB-HOM-0004640,P0003026,HOM,Home Buildings & Contents,,BROKER,2019-05-20,2020-05-19,EX,1076.3,0.12,MONTHLY_DD,2019,POLARIS
ALB-PET-0004641,P0001965,PET,Pet,,AGGREGATOR,2018-09-13,2019-09-13,LP,2699.28,0.12,MONTHLY_DD,2018,POLARIS
ALB-CPM-0004642,P0000659,CPM,Commercial Property,,BROKER,2022-01-06,2023-01-06,IF,1151.88,0.12,ANNUAL,2022,POLARIS
ALB-HOM-0004643,P0000712,HOM,Home Buildings & Contents,BRK0029,DIRECT,2018-09-02,2019-09-02,EX,300.4,0.12,PREMIUM_FINANCE,2018,POLARIS
ALB-CLB-0004644,P0001258,CLB,Commercial Liability,BRK0041,BROKER,2021-11-15,2022-11-15,RN,14059.13,0.12,MONTHLY_DD,2021,POLARIS
ALB-TRV-0004645,P0001773,TRV,Annual Travel,BRK0034,BROKER,2026-04-25,2027-04-25,LP,1435.32,0.12,PREMIUM_FINANCE,2026,LEGACY_PAS
ALB-CPM-0004646,P0000370,CPM,Commercial Property,BRK0054,BROKER,2024-09-26,2025-09-26,IF,6852.48,0.12,ANNUAL,2024,POLARIS
ALB-HOM-0004647,P0002445,HOM,Home Buildings & Contents,BRK0053,BROKER,2026-10-03,2027-10-03,RN,823.21,0.12,PREMIUM_FINANCE,2026,LEGACY_PAS
ALB-HOM-0004648,P0001433,HOM,Home Buildings & Contents,BRK0050,BROKER,2024-11-19,2025-11-19,IF,1772.14,0.12,MONTHLY_DD,2024,POLARIS
ALB-PET-0004649,P0002358,PET,Pet,BRK0058,AGGREGATOR,2018-01-22,2019-01-22,RN,2428.73,0.12,MONTHLY_DD,2018,POLARIS
ALB-TRV-0004650,P0002238,TRV,Annual Travel,,DIRECT,2020-03-07,2021-03-07,EX,2362.8,0.12,ANNUAL,2020,POLARIS
ALB-CPM-0004651,P0002115,CPM,Commercial Property,,BROKER,2025-07-01,2026-07-01,EX,1535.56,0.12,MONTHLY_DD,2025,LEGACY_PAS
ALB-TRV-0004652,P0002963,TRV,Annual Travel,,AGGREGATOR,2023-04-14,2024-04-13,IF,2983.6,0.12,MONTHLY_DD,2023,POLARIS
ALB-CPM-0004653,P0000004,CPM,Commercial Property,BRK0024,BROKER,2020-03-28,2021-03-28,RN,8296.12,0.12,MONTHLY_DD,2020,LEGACY_PAS
ALB-CLB-0004654,P0000934,CLB,Commercial Liability,BRK0043,DIRECT,2026-06-07,2027-06-07,IF,14430.68,0.12,MONTHLY_DD,2026,POLARIS
ALB-CPM-0004655,P0000396,CPM,Commercial Property,BRK0009,AGGREGATOR,2022-08-09,2023-08-09,EX,3055.26,0.12,ANNUAL,2022,LEGACY_PAS
ALB-PET-0004656,P0000728,PET,Pet,BRK0017,BROKER,2020-09-17,2021-09-17,EX,3731.47,0.12,ANNUAL,2020,LEGACY_PAS
ALB-MOT-0004657,P0000532,MOT,Private Motor,,BROKER,2018-10-26,2019-10-26,EX,3134.89,0.12,ANNUAL,2018,LEGACY_PAS
ALB-CPM-0004658,P0001853,CPM,Commercial Property,BRK0040,BROKER,2026-09-20,2027-09-20,LP,6410.11,0.12,ANNUAL,2026,POLARIS
ALB-HOM-0004659,P0002385,HOM,Home Buildings & Contents,BRK0022,DIRECT,2026-10-31,2027-10-31,IF,3984.43,0.12,PREMIUM_FINANCE,2026,POLARIS
ALB-CPM-0004660,P0001943,CPM,Commercial Property,BRK0056,BROKER,2024-09-27,2025-09-27,LP,11626.02,0.12,ANNUAL,2024,LEGACY_PAS
ALB-TRV-0004661,P0003194,TRV,Annual Travel,,BROKER,2022-01-15,2023-01-15,IF,3284.62,0.12,MONTHLY_DD,2022,LEGACY_PAS
ALB-MOT-0004662,P0000443,MOT,Private Motor,BRK0054,BROKER,2018-09-05,2019-09-05,CN,1827.09,0.12,MONTHLY_DD,2018,POLARIS
ALB-HOM-0004663,P0002589,HOM,Home Buildings & Contents,BRK0054,BROKER,2022-08-19,2023-08-19,IF,759.34,0.12,ANNUAL,2022,POLARIS
ALB-MOT-0004664,P0000162,MOT,Private Motor,BRK0051,DIRECT,2019-01-12,2020-01-12,LP,1277.23,0.12,MONTHLY_DD,2019,LEGACY_PAS
ALB-CPM-0004665,P0003080,CPM,Commercial Property,BRK0007,BROKER,2020-10-01,2021-10-01,IF,7080.38,0.12,ANNUAL,2020,POLARIS
ALB-MOT-0004666,P0000947,MOT,Private Motor,BRK0031,BROKER,2026-05-29,2027-05-29,EX,1520.64,0.12,ANNUAL,2026,LEGACY_PAS
ALB-PET-0004667,P0001342,PET,Pet,BRK0051,AGGREGATOR,2021-12-15,2022-12-15,IF,1655.05,0.12,ANNUAL,2021,POLARIS
ALB-TRV-0004668,P0001727,TRV,Annual Travel,BRK0031,DIRECT,2021-09-26,2022-09-26,IF,3768.14,0.12,MONTHLY_DD,2021,POLARIS
ALB-CLB-0004669,P0002565,CLB,Commercial Liability,BRK0047,DIRECT,2021-12-24,2022-12-24,IF,13617.78,0.12,ANNUAL,2021,POLARIS
ALB-CPM-0004670,P0002240,CPM,Commercial Property,BRK0005,BROKER,2021-01-29,2022-01-29,RN,4263.17,0.12,ANNUAL,2021,LEGACY_PAS
ALB-CLB-0004671,P0001411,CLB,Commercial Liability,BRK0015,AGGREGATOR,2019-05-23,2020-05-22,IF,3111.0,0.12,ANNUAL,2019,LEGACY_PAS
ALB-PET-0004672,P0002967,PET,Pet,,AGGREGATOR,2026-02-01,2027-02-01,RN,4195.59,0.12,ANNUAL,2026,LEGACY_PAS
ALB-HOM-0004673,P0000121,HOM,Home Buildings & Contents,BRK0047,AGGREGATOR,2023-01-23,2024-01-23,RN,3997.99,0.12,ANNUAL,2023,POLARIS
ALB-CPM-0004674,P0002566,CPM,Commercial Property,BRK0018,DIRECT,2021-09-22,2022-09-22,IF,952.74,0.12,MONTHLY_DD,2021,POLARIS
ALB-TRV-0004675,P0002963,TRV,Annual Travel,BRK0022,BROKER,2022-10-08,2023-10-08,EX,3218.65,0.12,ANNUAL,2022,LEGACY_PAS
ALB-HOM-0004676,P0002904,HOM,Home Buildings & Contents,,BROKER,2018-10-25,2019-10-25,IF,1901.04,0.12,PREMIUM_FINANCE,2018,POLARIS
ALB-CLB-0004677,P0002297,CLB,Commercial Liability,BRK0055,BROKER,2021-03-12,2022-03-12,IF,9113.95,0.12,MONTHLY_DD,2021,LEGACY_PAS
ALB-TRV-0004678,P0001061,TRV,Annual Travel,BRK0025,BROKER,2022-08-05,2023-08-05,EX,189.39,0.12,PREMIUM_FINANCE,2022,POLARIS
ALB-MOT-0004679,P0000876,MOT,Private Motor,BRK0034,BROKER,2020-10-04,2021-10-04,EX,2190.8,0.12,MONTHLY_DD,2020,LEGACY_PAS
ALB-CLB-0004680,P0002027,CLB,Commercial Liability,,DIRECT,2025-03-28,2026-03-28,RN,10865.63,0.12,PREMIUM_FINANCE,2025,POLARIS
ALB-PET-0004681,P0000163,PET,Pet,BRK0029,BROKER,2025-01-25,2026-01-25,IF,3014.54,0.12,PREMIUM_FINANCE,2025,LEGACY_PAS
ALB-HOM-0004682,P0000641,HOM,Home Buildings & Contents,BRK0020,BROKER,2024-03-19,2025-03-19,IF,621.98,0.12,MONTHLY_DD,2024,POLARIS
ALB-TRV-0004683,P0002238,TRV,Annual Travel,,AGGREGATOR,2025-05-14,2026-05-14,EX,2942.7,0.12,MONTHLY_DD,2025,POLARIS
ALB-TRV-0004684,P0001374,TRV,Annual Travel,,DIRECT,2019-09-27,2020-09-26,RN,787.73,0.12,ANNUAL,2019,POLARIS
ALB-TRV-0004685,P0001759,TRV,Annual Travel,,BROKER,2020-11-22,2021-11-22,LP,3392.64,0.12,ANNUAL,2020,POLARIS
ALB-TRV-0004686,P0000105,TRV,Annual Travel,BRK0007,BROKER,2021-11-26,2022-11-26,RN,3563.04,0.12,MONTHLY_DD,2021,POLARIS
ALB-TRV-0004687,P0000404,TRV,Annual Travel,BRK0059,AGGREGATOR,2018-04-15,2019-04-15,EX,3038.31,0.12,ANNUAL,2018,POLARIS
ALB-HOM-0004688,P0000223,HOM,Home Buildings & Contents,BRK0023,DIRECT,2022-09-16,2023-09-16,IF,746.75,0.12,MONTHLY_DD,2022,POLARIS
ALB-PET-0004689,P0002148,PET,Pet,BRK0052,DIRECT,2024-07-19,2025-07-19,RN,1615.31,0.12,MONTHLY_DD,2024,POLARIS
ALB-CLB-0004690,P0000184,CLB,Commercial Liability,,BROKER,2025-12-22,2026-12-22,RN,2155.24,0.12,MONTHLY_DD,2025,POLARIS
ALB-HOM-0004691,P0001524,HOM,Home Buildings & Contents,,DIRECT,2020-08-02,2021-08-02,IF,1149.03,0.12,MONTHLY_DD,2020,POLARIS
ALB-MOT-0004692,P0001420,MOT,Private Motor,,AGGREGATOR,2020-08-16,2021-08-16,CN,1497.66,0.12,PREMIUM_FINANCE,2020,LEGACY_PAS
ALB-TRV-0004693,P0002273,TRV,Annual Travel,BRK0014,BROKER,2025-04-29,2026-04-29,IF,371.69,0.12,ANNUAL,2025,POLARIS
ALB-HOM-0004694,P0002785,HOM,Home Buildings & Contents,,AGGREGATOR,2019-03-03,2020-03-02,RN,2810.85,0.12,ANNUAL,2019,POLARIS
ALB-CLB-0004695,P0002847,CLB,Commercial Liability,BRK0027,DIRECT,2018-06-12,2019-06-12,RN,3306.48,0.12,ANNUAL,2018,LEGACY_PAS
ALB-MOT-0004696,P0000624,MOT,Private Motor,BRK0018,DIRECT,2022-04-23,2023-04-23,IF,1241.89,0.12,MONTHLY_DD,2022,LEGACY_PAS
ALB-HOM-0004697,P0002326,HOM,Home Buildings & Contents,,AGGREGATOR,2025-04-23,2026-04-23,IF,686.02,0.12,ANNUAL,2025,POLARIS
ALB-HOM-0004698,P0000518,HOM,Home Buildings & Contents,,BROKER,2020-03-18,2021-03-18,IF,2342.16,0.12,MONTHLY_DD,2020,POLARIS
ALB-TRV-0004699,P0000752,TRV,Annual Travel,,AGGREGATOR,2023-05-18,2024-05-17,EX,1614.33,0.12,PREMIUM_FINANCE,2023,LEGACY_PAS
ALB-HOM-0004700,P0001473,HOM,Home Buildings & Contents,BRK0021,AGGREGATOR,2026-06-24,2027-06-24,IF,4104.19,0.12,ANNUAL,2026,LEGACY_PAS
ALB-CPM-0004701,P0001464,CPM,Commercial Property,,BROKER,2021-08-17,2022-08-17,RN,3065.68,0.12,MONTHLY_DD,2021,POLARIS
ALB-CLB-0004702,P0001726,CLB,Commercial Liability,BRK0036,DIRECT,2019-03-09,2020-03-08,RN,7060.58,0.12,MONTHLY_DD,2019,POLARIS
ALB-MOT-0004703,P0001824,MOT,Private Motor,BRK0023,BROKER,2019-10-29,2020-10-28,EX,711.61,0.12,PREMIUM_FINANCE,2019,LEGACY_PAS
ALB-MOT-0004704,P0000928,MOT,Private Motor,BRK0047,DIRECT,2022-11-07,2023-11-07,EX,706.09,0.12,PREMIUM_FINANCE,2022,POLARIS
ALB-TRV-0004705,P0002692,TRV,Annual Travel,BRK0012,BROKER,2018-12-27,2019-12-27,LP,2273.37,0.12,MONTHLY_DD,2018,POLARIS
ALB-CPM-0004706,P0000325,CPM,Commercial Property,,DIRECT,2021-02-27,2022-02-27,IF,11120.7,0.12,ANNUAL,2021,POLARIS
ALB-PET-0004707,P0000130,PET,Pet,BRK0022,BROKER,2021-10-02,2022-10-02,IF,791.7,0.12,ANNUAL,2021,POLARIS
ALB-MOT-0004708,P0001043,MOT,Private Motor,,DIRECT,2024-06-30,2025-06-30,LP,846.68,0.12,MONTHLY_DD,2024,LEGACY_PAS
ALB-MOT-0004709,P0002566,MOT,Private Motor,,BROKER,2021-10-23,2022-10-23,IF,3845.7,0.12,PREMIUM_FINANCE,2021,POLARIS
ALB-CPM-0004710,P0001769,CPM,Commercial Property,BRK0019,BROKER,2025-05-07,2026-05-07,RN,12263.36,0.12,ANNUAL,2025,LEGACY_PAS
ALB-HOM-0004711,P0002333,HOM,Home Buildings & Contents,BRK0059,DIRECT,2023-07-16,2024-07-15,LP,1912.27,0.12,ANNUAL,2023,POLARIS
ALB-MOT-0004712,P0003113,MOT,Private Motor,BRK0027,BROKER,2021-09-11,2022-09-11,LP,2696.26,0.12,MONTHLY_DD,2021,LEGACY_PAS
ALB-CPM-0004713,P0002899,CPM,Commercial Property,,BROKER,2023-04-08,2024-04-07,IF,13195.13,0.12,ANNUAL,2023,POLARIS
ALB-MOT-0004714,P0001169,MOT,Private Motor,,BROKER,2019-05-14,2020-05-13,IF,1935.37,0.12,PREMIUM_FINANCE,2019,POLARIS
ALB-PET-0004715,P0002701,PET,Pet,,AGGREGATOR,2018-05-17,2019-05-17,IF,357.96,0.12,PREMIUM_FINANCE,2018,POLARIS
ALB-CPM-0004716,P0000259,CPM,Commercial Property,,DIRECT,2022-12-17,2023-12-17,IF,13195.33,0.12,ANNUAL,2022,POLARIS
ALB-CLB-0004717,P0000256,CLB,Commercial Liability,,BROKER,2026-02-11,2027-02-11,RN,5556.78,0.12,ANNUAL,2026,POLARIS
ALB-TRV-0004718,P0001103,TRV,Annual Travel,BRK0019,DIRECT,2021-09-20,2022-09-20,IF,3269.34,0.12,PREMIUM_FINANCE,2021,LEGACY_PAS
ALB-TRV-0004719,P0000106,TRV,Annual Travel,BRK0044,BROKER,2018-02-11,2019-02-11,LP,354.48,0.12,ANNUAL,2018,POLARIS
ALB-CLB-0004720,P0000955,CLB,Commercial Liability,BRK0031,AGGREGATOR,2021-06-23,2022-06-23,LP,9066.86,0.12,MONTHLY_DD,2021,LEGACY_PAS
ALB-CPM-0004721,P0000970,CPM,Commercial Property,BRK0049,AGGREGATOR,2024-08-06,2025-08-06,IF,6507.62,0.12,MONTHLY_DD,2024,LEGACY_PAS
ALB-CLB-0004722,P0002928,CLB,Commercial Liability,BRK0017,BROKER,2026-07-31,2027-07-31,IF,4740.9,0.12,ANNUAL,2026,POLARIS
ALB-MOT-0004723,P0002627,MOT,Private Motor,,AGGREGATOR,2024-04-10,2025-04-10,IF,939.38,0.12,ANNUAL,2024,POLARIS
ALB-CLB-0004724,P0003138,CLB,Commercial Liability,BRK0017,BROKER,2025-02-28,2026-02-28,IF,7920.89,0.12,PREMIUM_FINANCE,2025,LEGACY_PAS
ALB-HOM-0004725,P0001291,HOM,Home Buildings & Contents,BRK0046,DIRECT,2018-03-21,2019-03-21,IF,3216.69,0.12,MONTHLY_DD,2018,POLARIS
ALB-CLB-0004726,P0002650,CLB,Commercial Liability,,DIRECT,2020-12-30,2021-12-30,IF,9345.22,0.12,ANNUAL,2020,LEGACY_PAS
ALB-MOT-0004727,P0001055,MOT,Private Motor,,BROKER,2019-04-19,2020-04-18,EX,2033.01,0.12,ANNUAL,2019,POLARIS
ALB-CPM-0004728,P0001042,CPM,Commercial Property,BRK0004,BROKER,2025-10-06,2026-10-06,IF,13399.63,0.12,MONTHLY_DD,2025,LEGACY_PAS
ALB-MOT-0004729,P0002887,MOT,Private Motor,BRK0043,BROKER,2020-02-19,2021-02-18,IF,624.64,0.12,MONTHLY_DD,2020,POLARIS
ALB-CPM-0004730,P0002297,CPM,Commercial Property,BRK0021,DIRECT,2026-01-26,2027-01-26,IF,9877.03,0.12,MONTHLY_DD,2026,POLARIS
ALB-CPM-0004731,P0001632,CPM,Commercial Property,,BROKER,2018-09-07,2019-09-07,IF,6341.01,0.12,MONTHLY_DD,2018,POLARIS
ALB-PET-0004732,P0001989,PET,Pet,BRK0042,AGGREGATOR,2018-06-14,2019-06-14,IF,3567.88,0.12,PREMIUM_FINANCE,2018,POLARIS
ALB-CPM-0004733,P0000390,CPM,Commercial Property,,BROKER,2021-04-26,2022-04-26,RN,6941.54,0.12,ANNUAL,2021,POLARIS
ALB-CLB-0004734,P0002292,CLB,Commercial Liability,BRK0031,BROKER,2026-11-09,2027-11-09,RN,1785.92,0.12,ANNUAL,2026,LEGACY_PAS
ALB-HOM-0004735,P0001194,HOM,Home Buildings & Contents,BRK0013,BROKER,2020-01-31,2021-01-30,CN,2511.73,0.12,PREMIUM_FINANCE,2020,POLARIS
ALB-TRV-0004736,P0002338,TRV,Annual Travel,,BROKER,2018-07-08,2019-07-08,EX,2115.57,0.12,MONTHLY_DD,2018,LEGACY_PAS
ALB-HOM-0004737,P0002637,HOM,Home Buildings & Contents,,DIRECT,2021-03-11,2022-03-11,RN,1644.02,0.12,ANNUAL,2021,LEGACY_PAS
ALB-HOM-0004738,P0000074,HOM,Home Buildings & Contents,BRK0008,AGGREGATOR,2023-09-20,2024-09-19,EX,878.61,0.12,MONTHLY_DD,2023,LEGACY_PAS
ALB-HOM-0004739,P0002476,HOM,Home Buildings & Contents,BRK0004,AGGREGATOR,2019-10-15,2020-10-14,RN,1211.91,0.12,MONTHLY_DD,2019,POLARIS
ALB-CLB-0004740,P0002724,CLB,Commercial Liability,BRK0051,AGGREGATOR,2024-10-20,2025-10-20,IF,1680.34,0.12,ANNUAL,2024,POLARIS
ALB-MOT-0004741,P0002415,MOT,Private Motor,BRK0055,BROKER,2018-09-01,2019-09-01,RN,2916.87,0.12,MONTHLY_DD,2018,POLARIS
ALB-CLB-0004742,P0000866,CLB,Commercial Liability,BRK0041,BROKER,2020-12-01,2021-12-01,IF,11155.26,0.12,ANNUAL,2020,POLARIS
ALB-MOT-0004743,P0002460,MOT,Private Motor,BRK0060,AGGREGATOR,2018-10-18,2019-10-18,RN,1120.0,0.12,ANNUAL,2018,LEGACY_PAS
ALB-HOM-0004744,P0001462,HOM,Home Buildings & Contents,BRK0005,DIRECT,2026-10-05,2027-10-05,RN,993.66,0.12,ANNUAL,2026,LEGACY_PAS
ALB-PET-0004745,P0002901,PET,Pet,,AGGREGATOR,2020-05-11,2021-05-11,RN,209.36,0.12,ANNUAL,2020,POLARIS
ALB-MOT-0004746,P0003029,MOT,Private Motor,,BROKER,2021-09-24,2022-09-24,LP,3312.33,0.12,MONTHLY_DD,2021,POLARIS
ALB-PET-0004747,P0001247,PET,Pet,BRK0031,BROKER,2021-07-19,2022-07-19,IF,1327.09,0.12,MONTHLY_DD,2021,POLARIS
ALB-HOM-0004748,P0002739,HOM,Home Buildings & Contents,BRK0036,DIRECT,2021-01-21,2022-01-21,IF,574.93,0.12,ANNUAL,2021,POLARIS
ALB-PET-0004749,P0002003,PET,Pet,BRK0054,AGGREGATOR,2020-06-20,2021-06-20,LP,4182.76,0.12,ANNUAL,2020,POLARIS
ALB-TRV-0004750,P0000656,TRV,Annual Travel,BRK0040,AGGREGATOR,2019-06-15,2020-06-14,IF,2754.23,0.12,PREMIUM_FINANCE,2019,POLARIS
ALB-MOT-0004751,P0000998,MOT,Private Motor,BRK0055,BROKER,2018-02-06,2019-02-06,IF,1971.44,0.12,ANNUAL,2018,POLARIS
ALB-CLB-0004752,P0001305,CLB,Commercial Liability,,DIRECT,2023-12-07,2024-12-06,IF,11006.39,0.12,MONTHLY_DD,2023,LEGACY_PAS
ALB-PET-0004753,P0001083,PET,Pet,,BROKER,2018-10-17,2019-10-17,LP,2054.71,0.12,ANNUAL,2018,POLARIS
ALB-CPM-0004754,P0002940,CPM,Commercial Property,BRK0033,BROKER,2024-09-08,2025-09-08,IF,6336.81,0.12,PREMIUM_FINANCE,2024,POLARIS
ALB-HOM-0004755,P0002126,HOM,Home Buildings & Contents,BRK0041,BROKER,2021-11-17,2022-11-17,RN,3272.04,0.12,MONTHLY_DD,2021,LEGACY_PAS
ALB-HOM-0004756,P0000255,HOM,Home Buildings & Contents,,BROKER,2022-10-28,2023-10-28,IF,2591.83,0.12,MONTHLY_DD,2022,POLARIS
ALB-CPM-0004757,P0000265,CPM,Commercial Property,,DIRECT,2023-12-11,2024-12-10,IF,13713.04,0.12,PREMIUM_FINANCE,2023,LEGACY_PAS
ALB-TRV-0004758,P0001084,TRV,Annual Travel,,DIRECT,2021-07-23,2022-07-23,CN,1402.03,0.12,MONTHLY_DD,2021,POLARIS
ALB-HOM-0004759,P0001147,HOM,Home Buildings & Contents,BRK0023,DIRECT,2018-08-26,2019-08-26,IF,1727.66,0.12,ANNUAL,2018,POLARIS
ALB-MOT-0004760,P0002428,MOT,Private Motor,,DIRECT,2018-02-28,2019-02-28,IF,822.31,0.12,ANNUAL,2018,POLARIS
ALB-CPM-0004761,P0001858,CPM,Commercial Property,BRK0045,DIRECT,2026-01-04,2027-01-04,LP,5325.61,0.12,PREMIUM_FINANCE,2026,LEGACY_PAS
ALB-HOM-0004762,P0000471,HOM,Home Buildings & Contents,,BROKER,2018-03-22,2019-03-22,RN,2248.7,0.12,ANNUAL,2018,LEGACY_PAS
ALB-TRV-0004763,P0001096,TRV,Annual Travel,,AGGREGATOR,2018-03-05,2019-03-05,EX,3583.32,0.12,ANNUAL,2018,POLARIS
ALB-CLB-0004764,P0002755,CLB,Commercial Liability,,BROKER,2025-08-08,2026-08-08,RN,2491.12,0.12,MONTHLY_DD,2025,POLARIS
ALB-TRV-0004765,P0000388,TRV,Annual Travel,BRK0031,BROKER,2025-06-08,2026-06-08,IF,3097.26,0.12,ANNUAL,2025,POLARIS
ALB-MOT-0004766,P0000386,MOT,Private Motor,,DIRECT,2018-07-05,2019-07-05,CN,4044.19,0.12,MONTHLY_DD,2018,POLARIS
ALB-TRV-0004767,P0001353,TRV,Annual Travel,BRK0022,DIRECT,2023-04-21,2024-04-20,RN,3175.55,0.12,MONTHLY_DD,2023,LEGACY_PAS
ALB-MOT-0004768,P0002481,MOT,Private Motor,BRK0047,BROKER,2023-08-03,2024-08-02,RN,655.67,0.12,ANNUAL,2023,POLARIS
ALB-TRV-0004769,P0000378,TRV,Annual Travel,BRK0028,BROKER,2026-01-11,2027-01-11,IF,1279.57,0.12,ANNUAL,2026,POLARIS
ALB-HOM-0004770,P0002453,HOM,Home Buildings & Contents,BRK0037,DIRECT,2020-06-21,2021-06-21,CN,959.35,0.12,ANNUAL,2020,POLARIS
ALB-CPM-0004771,P0002473,CPM,Commercial Property,BRK0018,DIRECT,2020-04-10,2021-04-10,IF,13358.01,0.12,ANNUAL,2020,LEGACY_PAS
ALB-MOT-0004772,P0001098,MOT,Private Motor,,BROKER,2023-07-31,2024-07-30,EX,1684.35,0.12,PREMIUM_FINANCE,2023,POLARIS
ALB-CPM-0004773,P0003120,CPM,Commercial Property,,DIRECT,2025-03-07,2026-03-07,LP,12452.95,0.12,ANNUAL,2025,POLARIS
ALB-CLB-0004774,P0001246,CLB,Commercial Liability,,BROKER,2018-03-17,2019-03-17,EX,1387.51,0.12,PREMIUM_FINANCE,2018,POLARIS
ALB-TRV-0004775,P0001022,TRV,Annual Travel,,AGGREGATOR,2018-07-25,2019-07-25,RN,1257.82,0.12,PREMIUM_FINANCE,2018,POLARIS
ALB-HOM-0004776,P0001588,HOM,Home Buildings & Contents,BRK0023,BROKER,2018-10-04,2019-10-04,IF,2036.65,0.12,PREMIUM_FINANCE,2018,LEGACY_PAS
ALB-PET-0004777,P0001434,PET,Pet,BRK0039,BROKER,2025-03-14,2026-03-14,IF,1082.93,0.12,ANNUAL,2025,POLARIS
ALB-CPM-0004778,P0001574,CPM,Commercial Property,BRK0048,AGGREGATOR,2025-08-24,2026-08-24,IF,5858.74,0.12,MONTHLY_DD,2025,POLARIS
ALB-CLB-0004779,P0001265,CLB,Commercial Liability,,BROKER,2020-08-28,2021-08-28,IF,7529.35,0.12,MONTHLY_DD,2020,POLARIS
ALB-MOT-0004780,P0000407,MOT,Private Motor,,AGGREGATOR,2026-10-21,2027-10-21,EX,3166.5,0.12,MONTHLY_DD,2026,LEGACY_PAS
ALB-CPM-0004781,P0000605,CPM,Commercial Property,,BROKER,2024-12-06,2025-12-06,CN,6122.22,0.12,MONTHLY_DD,2024,LEGACY_PAS
ALB-PET-0004782,P0001777,PET,Pet,,BROKER,2020-04-30,2021-04-30,IF,1277.16,0.12,PREMIUM_FINANCE,2020,POLARIS
ALB-CPM-0004783,P0002672,CPM,Commercial Property,,BROKER,2023-08-03,2024-08-02,EX,7056.19,0.12,PREMIUM_FINANCE,2023,POLARIS
ALB-TRV-0004784,P0000187,TRV,Annual Travel,,AGGREGATOR,2023-06-23,2024-06-22,CN,204.74,0.12,ANNUAL,2023,POLARIS
ALB-MOT-0004785,P0000086,MOT,Private Motor,,AGGREGATOR,2019-08-11,2020-08-10,IF,457.79,0.12,PREMIUM_FINANCE,2019,POLARIS
ALB-HOM-0004786,P0002074,HOM,Home Buildings & Contents,,BROKER,2026-03-02,2027-03-02,RN,2983.35,0.12,ANNUAL,2026,POLARIS
ALB-CLB-0004787,P0002510,CLB,Commercial Liability,BRK0027,BROKER,2021-03-18,2022-03-18,IF,3142.25,0.12,ANNUAL,2021,POLARIS
ALB-CLB-0004788,P0002328,CLB,Commercial Liability,BRK0031,BROKER,2021-09-28,2022-09-28,IF,10451.46,0.12,MONTHLY_DD,2021,LEGACY_PAS
ALB-TRV-0004789,P0002808,TRV,Annual Travel,BRK0051,DIRECT,2023-10-01,2024-09-30,LP,3115.74,0.12,ANNUAL,2023,POLARIS
ALB-CLB-0004790,P0002230,CLB,Commercial Liability,,DIRECT,2019-10-12,2020-10-11,IF,13898.73,0.12,PREMIUM_FINANCE,2019,LEGACY_PAS
ALB-CLB-0004791,P0002565,CLB,Commercial Liability,BRK0010,BROKER,2022-06-16,2023-06-16,RN,1218.24,0.12,MONTHLY_DD,2022,POLARIS
ALB-CPM-0004792,P0001412,CPM,Commercial Property,,DIRECT,2023-02-04,2024-02-04,RN,6916.6,0.12,MONTHLY_DD,2023,POLARIS
ALB-TRV-0004793,P0001388,TRV,Annual Travel,,DIRECT,2024-07-15,2025-07-15,EX,3679.32,0.12,ANNUAL,2024,POLARIS
ALB-HOM-0004794,P0001548,HOM,Home Buildings & Contents,BRK0003,BROKER,2024-07-03,2025-07-03,CN,3025.16,0.12,ANNUAL,2024,POLARIS
ALB-CPM-0004795,P0001526,CPM,Commercial Property,,BROKER,2020-06-04,2021-06-04,RN,10015.12,0.12,ANNUAL,2020,POLARIS
ALB-MOT-0004796,P0001632,MOT,Private Motor,BRK0022,AGGREGATOR,2023-04-25,2024-04-24,LP,2767.88,0.12,ANNUAL,2023,POLARIS
ALB-MOT-0004797,P0002165,MOT,Private Motor,BRK0004,DIRECT,2026-09-20,2027-09-20,IF,4164.01,0.12,ANNUAL,2026,POLARIS
ALB-MOT-0004798,P0002576,MOT,Private Motor,,AGGREGATOR,2023-07-13,2024-07-12,IF,2355.37,0.12,ANNUAL,2023,POLARIS
ALB-CPM-0004799,P0002019,CPM,Commercial Property,BRK0008,BROKER,2021-05-29,2022-05-29,LP,1872.59,0.12,MONTHLY_DD,2021,POLARIS
ALB-HOM-0004800,P0002558,HOM,Home Buildings & Contents,,BROKER,2026-07-15,2027-07-15,RN,1096.64,0.12,ANNUAL,2026,POLARIS
ALB-PET-0004801,P0001046,PET,Pet,,BROKER,2022-02-24,2023-02-24,CN,828.07,0.12,ANNUAL,2022,POLARIS
ALB-HOM-0004802,P0001850,HOM,Home Buildings & Contents,BRK0022,BROKER,2018-05-06,2019-05-06,IF,1123.11,0.12,ANNUAL,2018,POLARIS
ALB-CPM-0004803,P0000417,CPM,Commercial Property,BRK0030,DIRECT,2021-02-13,2022-02-13,IF,8189.18,0.12,PREMIUM_FINANCE,2021,POLARIS
ALB-HOM-0004804,P0000117,HOM,Home Buildings & Contents,BRK0014,BROKER,2025-08-09,2026-08-09,EX,2278.38,0.12,ANNUAL,2025,LEGACY_PAS
ALB-CLB-0004805,P0002118,CLB,Commercial Liability,BRK0059,BROKER,2026-02-17,2027-02-17,IF,10668.62,0.12,ANNUAL,2026,POLARIS
ALB-HOM-0004806,P0002652,HOM,Home Buildings & Contents,BRK0036,AGGREGATOR,2019-02-11,2020-02-11,IF,1436.43,0.12,MONTHLY_DD,2019,POLARIS
ALB-PET-0004807,P0000864,PET,Pet,BRK0004,DIRECT,2023-02-17,2024-02-17,IF,1600.74,0.12,MONTHLY_DD,2023,POLARIS
ALB-TRV-0004808,P0002752,TRV,Annual Travel,,AGGREGATOR,2019-09-13,2020-09-12,IF,2980.45,0.12,MONTHLY_DD,2019,POLARIS
ALB-PET-0004809,P0003007,PET,Pet,BRK0020,BROKER,2022-06-07,2023-06-07,LP,1487.2,0.12,ANNUAL,2022,POLARIS
ALB-MOT-0004810,P0000337,MOT,Private Motor,BRK0025,AGGREGATOR,2022-10-23,2023-10-23,IF,3661.28,0.12,PREMIUM_FINANCE,2022,POLARIS
ALB-CLB-0004811,P0002138,CLB,Commercial Liability,,DIRECT,2019-07-20,2020-07-19,IF,5318.48,0.12,MONTHLY_DD,2019,POLARIS
ALB-CLB-0004812,P0002719,CLB,Commercial Liability,BRK0007,AGGREGATOR,2026-07-28,2027-07-28,RN,14599.12,0.12,MONTHLY_DD,2026,POLARIS
ALB-MOT-0004813,P0001009,MOT,Private Motor,,AGGREGATOR,2026-10-29,2027-10-29,LP,896.81,0.12,MONTHLY_DD,2026,POLARIS
ALB-TRV-0004814,P0000344,TRV,Annual Travel,,AGGREGATOR,2026-11-08,2027-11-08,IF,1603.31,0.12,PREMIUM_FINANCE,2026,POLARIS
ALB-TRV-0004815,P0001128,TRV,Annual Travel,,DIRECT,2021-10-23,2022-10-23,LP,2009.73,0.12,MONTHLY_DD,2021,POLARIS
ALB-CLB-0004816,P0001193,CLB,Commercial Liability,BRK0012,BROKER,2023-09-13,2024-09-12,IF,12329.12,0.12,PREMIUM_FINANCE,2023,LEGACY_PAS
ALB-PET-0004817,P0000486,PET,Pet,BRK0005,AGGREGATOR,2020-03-28,2021-03-28,IF,236.74,0.12,MONTHLY_DD,2020,POLARIS
ALB-PET-0004818,P0002349,PET,Pet,BRK0044,AGGREGATOR,2026-06-06,2027-06-06,IF,777.97,0.12,ANNUAL,2026,POLARIS
ALB-PET-0004819,P0000033,PET,Pet,,DIRECT,2025-07-31,2026-07-31,LP,1033.5,0.12,MONTHLY_DD,2025,POLARIS
ALB-CPM-0004820,P0001170,CPM,Commercial Property,BRK0030,AGGREGATOR,2018-03-06,2019-03-06,EX,2126.6,0.12,PREMIUM_FINANCE,2018,POLARIS
ALB-CLB-0004821,P0001352,CLB,Commercial Liability,,BROKER,2018-09-23,2019-09-23,IF,7032.17,0.12,PREMIUM_FINANCE,2018,POLARIS
ALB-MOT-0004822,P0002058,MOT,Private Motor,BRK0054,DIRECT,2024-01-28,2025-01-27,IF,923.97,0.12,ANNUAL,2024,POLARIS
ALB-HOM-0004823,P0002955,HOM,Home Buildings & Contents,BRK0024,BROKER,2026-04-24,2027-04-24,CN,2537.7,0.12,ANNUAL,2026,POLARIS
ALB-CLB-0004824,P0000704,CLB,Commercial Liability,BRK0029,DIRECT,2020-08-12,2021-08-12,IF,8480.79,0.12,ANNUAL,2020,LEGACY_PAS
ALB-TRV-0004825,P0002333,TRV,Annual Travel,BRK0046,BROKER,2023-09-05,2024-09-04,IF,653.35,0.12,PREMIUM_FINANCE,2023,POLARIS
ALB-PET-0004826,P0001907,PET,Pet,,AGGREGATOR,2022-04-27,2023-04-27,EX,3015.76,0.12,MONTHLY_DD,2022,LEGACY_PAS
ALB-CLB-0004827,P0003168,CLB,Commercial Liability,BRK0010,DIRECT,2022-05-27,2023-05-27,RN,12941.58,0.12,MONTHLY_DD,2022,POLARIS
ALB-CPM-0004828,P0000548,CPM,Commercial Property,,BROKER,2023-01-20,2024-01-20,IF,10003.3,0.12,MONTHLY_DD,2023,POLARIS
ALB-PET-0004829,P0000415,PET,Pet,BRK0007,AGGREGATOR,2025-01-28,2026-01-28,CN,3100.61,0.12,MONTHLY_DD,2025,POLARIS
ALB-CPM-0004830,P0001562,CPM,Commercial Property,,BROKER,2021-08-06,2022-08-06,IF,13086.64,0.12,ANNUAL,2021,POLARIS
ALB-HOM-0004831,P0001534,HOM,Home Buildings & Contents,BRK0033,BROKER,2018-04-15,2019-04-15,EX,1033.6,0.12,ANNUAL,2018,POLARIS
ALB-TRV-0004832,P0001779,TRV,Annual Travel,BRK0006,BROKER,2023-11-30,2024-11-29,IF,2542.97,0.12,ANNUAL,2023,POLARIS
ALB-CPM-0004833,P0003167,CPM,Commercial Property,,DIRECT,2025-01-24,2026-01-24,RN,8933.27,0.12,MONTHLY_DD,2025,POLARIS
ALB-CPM-0004834,P0001558,CPM,Commercial Property,BRK0004,BROKER,2024-04-09,2025-04-09,CN,1847.4,0.12,PREMIUM_FINANCE,2024,POLARIS
ALB-TRV-0004835,P0001801,TRV,Annual Travel,BRK0050,DIRECT,2020-01-08,2021-01-07,IF,1803.15,0.12,PREMIUM_FINANCE,2020,POLARIS
ALB-CPM-0004836,P0001422,CPM,Commercial Property,,BROKER,2025-08-15,2026-08-15,EX,2011.77,0.12,ANNUAL,2025,POLARIS
ALB-CPM-0004837,P0000326,CPM,Commercial Property,BRK0059,BROKER,2023-07-10,2024-07-09,CN,13011.53,0.12,ANNUAL,2023,LEGACY_PAS
ALB-HOM-0004838,P0000693,HOM,Home Buildings & Contents,BRK0060,BROKER,2021-06-06,2022-06-06,EX,2239.32,0.12,MONTHLY_DD,2021,LEGACY_PAS
ALB-HOM-0004839,P0000415,HOM,Home Buildings & Contents,BRK0042,BROKER,2024-04-04,2025-04-04,LP,2109.35,0.12,ANNUAL,2024,POLARIS
ALB-CLB-0004840,P0001443,CLB,Commercial Liability,BRK0036,BROKER,2024-12-07,2025-12-07,IF,7176.67,0.12,PREMIUM_FINANCE,2024,POLARIS
ALB-CPM-0004841,P0001479,CPM,Commercial Property,BRK0018,AGGREGATOR,2022-03-31,2023-03-31,IF,12069.53,0.12,ANNUAL,2022,LEGACY_PAS
ALB-CPM-0004842,P0003190,CPM,Commercial Property,,DIRECT,2023-09-20,2024-09-19,EX,11499.39,0.12,MONTHLY_DD,2023,LEGACY_PAS
ALB-PET-0004843,P0001029,PET,Pet,,DIRECT,2024-05-02,2025-05-02,LP,451.86,0.12,PREMIUM_FINANCE,2024,LEGACY_PAS
ALB-HOM-0004844,P0000462,HOM,Home Buildings & Contents,,DIRECT,2020-05-24,2021-05-24,LP,2232.75,0.12,MONTHLY_DD,2020,LEGACY_PAS
ALB-CPM-0004845,P0001893,CPM,Commercial Property,,DIRECT,2022-04-29,2023-04-29,IF,8038.47,0.12,MONTHLY_DD,2022,POLARIS
ALB-MOT-0004846,P0002384,MOT,Private Motor,,AGGREGATOR,2020-06-14,2021-06-14,IF,3140.95,0.12,ANNUAL,2020,POLARIS
ALB-PET-0004847,P0002739,PET,Pet,,BROKER,2025-03-30,2026-03-30,EX,3311.92,0.12,MONTHLY_DD,2025,POLARIS
ALB-TRV-0004848,P0001666,TRV,Annual Travel,BRK0058,DIRECT,2025-06-13,2026-06-13,IF,3752.89,0.12,ANNUAL,2025,POLARIS
ALB-PET-0004849,P0002132,PET,Pet,,DIRECT,2020-11-21,2021-11-21,IF,352.0,0.12,ANNUAL,2020,POLARIS
ALB-PET-0004850,P0001507,PET,Pet,BRK0030,BROKER,2019-09-04,2020-09-03,IF,706.74,0.12,ANNUAL,2019,POLARIS
ALB-HOM-0004851,P0000216,HOM,Home Buildings & Contents,,BROKER,2025-07-15,2026-07-15,EX,1224.45,0.12,PREMIUM_FINANCE,2025,POLARIS
ALB-CPM-0004852,P0001209,CPM,Commercial Property,BRK0004,DIRECT,2019-04-25,2020-04-24,RN,13115.76,0.12,MONTHLY_DD,2019,POLARIS
ALB-CPM-0004853,P0002944,CPM,Commercial Property,BRK0001,BROKER,2023-10-23,2024-10-22,IF,13887.04,0.12,MONTHLY_DD,2023,POLARIS
ALB-PET-0004854,P0001362,PET,Pet,BRK0051,BROKER,2019-05-27,2020-05-26,IF,3774.64,0.12,MONTHLY_DD,2019,POLARIS
ALB-PET-0004855,P0000745,PET,Pet,,BROKER,2023-01-06,2024-01-06,IF,3945.43,0.12,ANNUAL,2023,POLARIS
ALB-CLB-0004856,P0000812,CLB,Commercial Liability,BRK0003,BROKER,2026-12-09,2027-12-09,IF,4791.4,0.12,ANNUAL,2026,POLARIS
ALB-TRV-0004857,P0000740,TRV,Annual Travel,BRK0043,BROKER,2025-04-03,2026-04-03,IF,3078.27,0.12,ANNUAL,2025,LEGACY_PAS
ALB-MOT-0004858,P0002189,MOT,Private Motor,BRK0040,BROKER,2020-08-20,2021-08-20,RN,3934.39,0.12,MONTHLY_DD,2020,POLARIS
ALB-CLB-0004859,P0001885,CLB,Commercial Liability,BRK0006,BROKER,2023-11-25,2024-11-24,IF,11138.14,0.12,ANNUAL,2023,POLARIS
ALB-TRV-0004860,P0000484,TRV,Annual Travel,BRK0041,AGGREGATOR,2026-06-06,2027-06-06,LP,2451.98,0.12,PREMIUM_FINANCE,2026,POLARIS
ALB-CLB-0004861,P0002371,CLB,Commercial Liability,BRK0020,DIRECT,2023-04-05,2024-04-04,EX,1210.61,0.12,ANNUAL,2023,POLARIS
ALB-MOT-0004862,P0000221,MOT,Private Motor,BRK0016,BROKER,2018-03-28,2019-03-28,LP,3673.98,0.12,PREMIUM_FINANCE,2018,POLARIS
ALB-PET-0004863,P0000896,PET,Pet,,DIRECT,2023-12-04,2024-12-03,IF,2522.26,0.12,ANNUAL,2023,POLARIS
ALB-TRV-0004864,P0002386,TRV,Annual Travel,,DIRECT,2023-11-22,2024-11-21,IF,2542.34,0.12,MONTHLY_DD,2023,POLARIS
ALB-CPM-0004865,P0000518,CPM,Commercial Property,BRK0044,BROKER,2018-04-13,2019-04-13,IF,10890.11,0.12,PREMIUM_FINANCE,2018,LEGACY_PAS
ALB-CPM-0004866,P0001954,CPM,Commercial Property,BRK0007,AGGREGATOR,2018-03-03,2019-03-03,RN,1857.43,0.12,MONTHLY_DD,2018,POLARIS
ALB-HOM-0004867,P0002001,HOM,Home Buildings & Contents,,DIRECT,2021-11-29,2022-11-29,CN,1887.06,0.12,ANNUAL,2021,LEGACY_PAS
ALB-CLB-0004868,P0002478,CLB,Commercial Liability,BRK0047,DIRECT,2021-10-22,2022-10-22,EX,6356.31,0.12,MONTHLY_DD,2021,POLARIS
ALB-PET-0004869,P0002220,PET,Pet,BRK0044,BROKER,2018-04-18,2019-04-18,IF,2168.88,0.12,MONTHLY_DD,2018,POLARIS
ALB-CLB-0004870,P0000801,CLB,Commercial Liability,,DIRECT,2021-07-16,2022-07-16,EX,6079.32,0.12,ANNUAL,2021,POLARIS
ALB-HOM-0004871,P0002213,HOM,Home Buildings & Contents,BRK0031,BROKER,2022-12-12,2023-12-12,RN,703.58,0.12,MONTHLY_DD,2022,POLARIS
ALB-TRV-0004872,P0000782,TRV,Annual Travel,,DIRECT,2022-04-29,2023-04-29,CN,3393.63,0.12,ANNUAL,2022,POLARIS
ALB-CLB-0004873,P0002414,CLB,Commercial Liability,,BROKER,2023-09-25,2024-09-24,IF,2416.35,0.12,ANNUAL,2023,POLARIS
ALB-HOM-0004874,P0000600,HOM,Home Buildings & Contents,,DIRECT,2021-10-23,2022-10-23,EX,211.08,0.12,ANNUAL,2021,POLARIS
ALB-MOT-0004875,P0003026,MOT,Private Motor,BRK0032,AGGREGATOR,2019-04-14,2020-04-13,IF,1644.98,0.12,PREMIUM_FINANCE,2019,LEGACY_PAS
ALB-CPM-0004876,P0001959,CPM,Commercial Property,,BROKER,2020-11-25,2021-11-25,IF,8078.35,0.12,MONTHLY_DD,2020,LEGACY_PAS
ALB-TRV-0004877,P0002107,TRV,Annual Travel,BRK0014,DIRECT,2026-02-11,2027-02-11,IF,3085.1,0.12,MONTHLY_DD,2026,POLARIS
ALB-HOM-0004878,P0002010,HOM,Home Buildings & Contents,,BROKER,2026-07-17,2027-07-17,EX,1195.01,0.12,ANNUAL,2026,POLARIS
ALB-PET-0004879,P0001824,PET,Pet,BRK0055,AGGREGATOR,2020-12-04,2021-12-04,IF,1362.29,0.12,PREMIUM_FINANCE,2020,POLARIS
ALB-PET-0004880,P0002477,PET,Pet,,DIRECT,2025-12-14,2026-12-14,CN,3959.67,0.12,MONTHLY_DD,2025,POLARIS
ALB-PET-0004881,P0000403,PET,Pet,,AGGREGATOR,2018-08-09,2019-08-09,LP,2129.66,0.12,MONTHLY_DD,2018,POLARIS
ALB-TRV-0004882,P0001786,TRV,Annual Travel,,DIRECT,2019-06-16,2020-06-15,IF,874.8,0.12,MONTHLY_DD,2019,POLARIS
ALB-PET-0004883,P0002822,PET,Pet,,DIRECT,2020-11-24,2021-11-24,EX,845.74,0.12,MONTHLY_DD,2020,LEGACY_PAS
ALB-PET-0004884,P0000969,PET,Pet,BRK0058,BROKER,2023-06-08,2024-06-07,RN,1722.47,0.12,ANNUAL,2023,LEGACY_PAS
ALB-HOM-0004885,P0002908,HOM,Home Buildings & Contents,BRK0043,DIRECT,2026-11-06,2027-11-06,IF,3747.7,0.12,MONTHLY_DD,2026,POLARIS
ALB-CLB-0004886,P0000837,CLB,Commercial Liability,BRK0039,BROKER,2026-06-02,2027-06-02,LP,10024.28,0.12,PREMIUM_FINANCE,2026,POLARIS
ALB-PET-0004887,P0000121,PET,Pet,BRK0037,BROKER,2023-08-02,2024-08-01,EX,2731.09,0.12,ANNUAL,2023,POLARIS
ALB-MOT-0004888,P0000258,MOT,Private Motor,BRK0028,BROKER,2022-09-27,2023-09-27,LP,1892.11,0.12,PREMIUM_FINANCE,2022,POLARIS
ALB-TRV-0004889,P0001920,TRV,Annual Travel,,BROKER,2026-08-21,2027-08-21,LP,1921.93,0.12,MONTHLY_DD,2026,POLARIS
ALB-CLB-0004890,P0000752,CLB,Commercial Liability,,DIRECT,2021-11-13,2022-11-13,CN,8027.66,0.12,PREMIUM_FINANCE,2021,POLARIS
ALB-CLB-0004891,P0001542,CLB,Commercial Liability,BRK0020,BROKER,2021-03-19,2022-03-19,RN,6939.63,0.12,ANNUAL,2021,POLARIS
ALB-TRV-0004892,P0000251,TRV,Annual Travel,BRK0045,DIRECT,2022-08-02,2023-08-02,RN,639.73,0.12,PREMIUM_FINANCE,2022,LEGACY_PAS
ALB-HOM-0004893,P0000018,HOM,Home Buildings & Contents,BRK0048,DIRECT,2021-08-30,2022-08-30,IF,522.0,0.12,MONTHLY_DD,2021,LEGACY_PAS
ALB-CPM-0004894,P0002986,CPM,Commercial Property,BRK0052,DIRECT,2019-11-16,2020-11-15,IF,6237.83,0.12,MONTHLY_DD,2019,LEGACY_PAS
ALB-TRV-0004895,P0001836,TRV,Annual Travel,BRK0059,BROKER,2020-05-04,2021-05-04,IF,2750.54,0.12,MONTHLY_DD,2020,LEGACY_PAS
ALB-TRV-0004896,P0000600,TRV,Annual Travel,BRK0023,DIRECT,2019-07-05,2020-07-04,RN,3153.86,0.12,ANNUAL,2019,LEGACY_PAS
ALB-TRV-0004897,P0002076,TRV,Annual Travel,,BROKER,2024-02-27,2025-02-26,CN,439.69,0.12,ANNUAL,2024,LEGACY_PAS
ALB-CPM-0004898,P0001098,CPM,Commercial Property,BRK0026,DIRECT,2020-03-04,2021-03-04,RN,2251.74,0.12,MONTHLY_DD,2020,POLARIS
ALB-CPM-0004899,P0002481,CPM,Commercial Property,BRK0030,DIRECT,2024-07-20,2025-07-20,LP,13775.45,0.12,MONTHLY_DD,2024,POLARIS
ALB-CLB-0004900,P0000742,CLB,Commercial Liability,BRK0023,AGGREGATOR,2019-09-05,2020-09-04,EX,12786.24,0.12,PREMIUM_FINANCE,2019,POLARIS
ALB-MOT-0004901,P0001295,MOT,Private Motor,,BROKER,2024-05-04,2025-05-04,IF,2766.59,0.12,PREMIUM_FINANCE,2024,POLARIS
ALB-CPM-0004902,P0001459,CPM,Commercial Property,,BROKER,2021-12-22,2022-12-22,RN,11207.15,0.12,ANNUAL,2021,POLARIS
ALB-MOT-0004903,P0002181,MOT,Private Motor,BRK0008,DIRECT,2021-04-12,2022-04-12,IF,3260.83,0.12,MONTHLY_DD,2021,POLARIS
ALB-CPM-0004904,P0000748,CPM,Commercial Property,BRK0024,BROKER,2019-04-24,2020-04-23,IF,8860.73,0.12,MONTHLY_DD,2019,POLARIS
ALB-TRV-0004905,P0000551,TRV,Annual Travel,BRK0055,DIRECT,2025-07-04,2026-07-04,IF,1276.26,0.12,PREMIUM_FINANCE,2025,POLARIS
ALB-CPM-0004906,P0000135,CPM,Commercial Property,,DIRECT,2018-07-02,2019-07-02,IF,8836.85,0.12,ANNUAL,2018,POLARIS
ALB-MOT-0004907,P0000969,MOT,Private Motor,BRK0050,AGGREGATOR,2022-03-24,2023-03-24,IF,1806.37,0.12,MONTHLY_DD,2022,POLARIS
ALB-CLB-0004908,P0002947,CLB,Commercial Liability,BRK0011,BROKER,2024-06-14,2025-06-14,IF,13402.15,0.12,PREMIUM_FINANCE,2024,POLARIS
ALB-CPM-0004909,P0001445,CPM,Commercial Property,,BROKER,2018-09-09,2019-09-09,IF,8483.81,0.12,MONTHLY_DD,2018,LEGACY_PAS
ALB-PET-0004910,P0000128,PET,Pet,,AGGREGATOR,2020-08-04,2021-08-04,RN,4137.83,0.12,MONTHLY_DD,2020,LEGACY_PAS
ALB-TRV-0004911,P0001731,TRV,Annual Travel,BRK0045,DIRECT,2023-08-30,2024-08-29,IF,2329.4,0.12,MONTHLY_DD,2023,POLARIS
ALB-CLB-0004912,P0001144,CLB,Commercial Liability,BRK0011,AGGREGATOR,2022-11-05,2023-11-05,IF,8628.35,0.12,MONTHLY_DD,2022,POLARIS
ALB-HOM-0004913,P0000409,HOM,Home Buildings & Contents,,AGGREGATOR,2019-05-16,2020-05-15,RN,4184.32,0.12,ANNUAL,2019,POLARIS
ALB-CLB-0004914,P0000567,CLB,Commercial Liability,BRK0043,DIRECT,2025-02-27,2026-02-27,IF,5401.99,0.12,PREMIUM_FINANCE,2025,POLARIS
ALB-PET-0004915,P0000765,PET,Pet,,BROKER,2026-07-24,2027-07-24,LP,478.25,0.12,MONTHLY_DD,2026,LEGACY_PAS
ALB-TRV-0004916,P0002355,TRV,Annual Travel,,BROKER,2026-05-20,2027-05-20,RN,3663.7,0.12,ANNUAL,2026,POLARIS
ALB-CLB-0004917,P0000827,CLB,Commercial Liability,,DIRECT,2023-07-18,2024-07-17,IF,8074.77,0.12,ANNUAL,2023,POLARIS
ALB-CLB-0004918,P0001015,CLB,Commercial Liability,,BROKER,2020-03-04,2021-03-04,EX,13128.46,0.12,ANNUAL,2020,POLARIS
ALB-CLB-0004919,P0001831,CLB,Commercial Liability,BRK0041,BROKER,2024-08-31,2025-08-31,IF,3740.48,0.12,MONTHLY_DD,2024,POLARIS
ALB-CLB-0004920,P0001040,CLB,Commercial Liability,,DIRECT,2021-03-16,2022-03-16,CN,10993.64,0.12,ANNUAL,2021,POLARIS
ALB-TRV-0004921,P0002117,TRV,Annual Travel,BRK0031,BROKER,2023-10-26,2024-10-25,LP,290.15,0.12,PREMIUM_FINANCE,2023,POLARIS
ALB-CPM-0004922,P0002803,CPM,Commercial Property,,BROKER,2020-02-23,2021-02-22,IF,4622.79,0.12,MONTHLY_DD,2020,LEGACY_PAS
ALB-CPM-0004923,P0001650,CPM,Commercial Property,BRK0002,AGGREGATOR,2018-11-16,2019-11-16,IF,6722.88,0.12,PREMIUM_FINANCE,2018,POLARIS
ALB-MOT-0004924,P0000673,MOT,Private Motor,,BROKER,2024-04-08,2025-04-08,EX,3232.73,0.12,PREMIUM_FINANCE,2024,LEGACY_PAS
ALB-CPM-0004925,P0000933,CPM,Commercial Property,BRK0036,BROKER,2019-10-23,2020-10-22,IF,7910.21,0.12,PREMIUM_FINANCE,2019,LEGACY_PAS
ALB-PET-0004926,P0002530,PET,Pet,,BROKER,2025-06-21,2026-06-21,CN,881.04,0.12,MONTHLY_DD,2025,LEGACY_PAS
ALB-PET-0004927,P0001341,PET,Pet,BRK0024,DIRECT,2024-06-07,2025-06-07,IF,197.23,0.12,MONTHLY_DD,2024,LEGACY_PAS
ALB-CLB-0004928,P0001997,CLB,Commercial Liability,BRK0031,DIRECT,2026-04-27,2027-04-27,LP,9857.44,0.12,PREMIUM_FINANCE,2026,POLARIS
ALB-CPM-0004929,P0000243,CPM,Commercial Property,BRK0011,BROKER,2024-08-11,2025-08-11,RN,3505.65,0.12,MONTHLY_DD,2024,POLARIS
ALB-MOT-0004930,P0000865,MOT,Private Motor,BRK0029,AGGREGATOR,2023-03-18,2024-03-17,EX,2727.62,0.12,MONTHLY_DD,2023,POLARIS
ALB-CLB-0004931,P0000143,CLB,Commercial Liability,BRK0019,BROKER,2024-12-20,2025-12-20,LP,11899.35,0.12,PREMIUM_FINANCE,2024,POLARIS
ALB-PET-0004932,P0000460,PET,Pet,BRK0020,AGGREGATOR,2024-07-06,2025-07-06,IF,3582.85,0.12,ANNUAL,2024,POLARIS
ALB-MOT-0004933,P0001624,MOT,Private Motor,BRK0002,BROKER,2022-05-01,2023-05-01,IF,1638.75,0.12,ANNUAL,2022,POLARIS
ALB-CPM-0004934,P0000833,CPM,Commercial Property,,BROKER,2025-12-03,2026-12-03,IF,4701.32,0.12,ANNUAL,2025,LEGACY_PAS
ALB-HOM-0004935,P0000559,HOM,Home Buildings & Contents,BRK0059,DIRECT,2025-05-10,2026-05-10,IF,3211.85,0.12,MONTHLY_DD,2025,POLARIS
ALB-PET-0004936,P0001657,PET,Pet,BRK0057,DIRECT,2021-12-07,2022-12-07,IF,852.03,0.12,MONTHLY_DD,2021,POLARIS
ALB-CPM-0004937,P0000967,CPM,Commercial Property,BRK0050,BROKER,2022-06-21,2023-06-21,IF,2680.16,0.12,MONTHLY_DD,2022,POLARIS
ALB-TRV-0004938,P0001638,TRV,Annual Travel,BRK0013,DIRECT,2020-08-29,2021-08-29,IF,3263.1,0.12,PREMIUM_FINANCE,2020,POLARIS
ALB-HOM-0004939,P0001298,HOM,Home Buildings & Contents,BRK0019,DIRECT,2021-04-21,2022-04-21,RN,247.89,0.12,PREMIUM_FINANCE,2021,POLARIS
ALB-TRV-0004940,P0000835,TRV,Annual Travel,,DIRECT,2019-01-10,2020-01-10,IF,1658.78,0.12,ANNUAL,2019,POLARIS
ALB-PET-0004941,P0002994,PET,Pet,BRK0041,BROKER,2025-04-29,2026-04-29,EX,2608.46,0.12,ANNUAL,2025,POLARIS
ALB-MOT-0004942,P0003058,MOT,Private Motor,,BROKER,2026-10-01,2027-10-01,IF,1429.89,0.12,PREMIUM_FINANCE,2026,POLARIS
ALB-HOM-0004943,P0002344,HOM,Home Buildings & Contents,,BROKER,2020-03-14,2021-03-14,IF,1544.75,0.12,PREMIUM_FINANCE,2020,POLARIS
ALB-CPM-0004944,P0000581,CPM,Commercial Property,BRK0046,BROKER,2018-02-13,2019-02-13,IF,4928.28,0.12,PREMIUM_FINANCE,2018,LEGACY_PAS
ALB-HOM-0004945,P0000552,HOM,Home Buildings & Contents,,AGGREGATOR,2022-02-21,2023-02-21,RN,1882.9,0.12,PREMIUM_FINANCE,2022,POLARIS
ALB-PET-0004946,P0000462,PET,Pet,,BROKER,2025-08-27,2026-08-27,IF,2126.49,0.12,ANNUAL,2025,POLARIS
ALB-CPM-0004947,P0001067,CPM,Commercial Property,,BROKER,2026-07-23,2027-07-23,EX,10096.48,0.12,MONTHLY_DD,2026,POLARIS
ALB-CLB-0004948,P0001680,CLB,Commercial Liability,,DIRECT,2019-02-03,2020-02-03,RN,7711.89,0.12,MONTHLY_DD,2019,LEGACY_PAS
ALB-PET-0004949,P0000809,PET,Pet,BRK0017,BROKER,2026-08-07,2027-08-07,RN,4145.67,0.12,ANNUAL,2026,POLARIS
ALB-HOM-0004950,P0002624,HOM,Home Buildings & Contents,,BROKER,2020-11-18,2021-11-18,CN,309.37,0.12,MONTHLY_DD,2020,POLARIS
ALB-CPM-0004951,P0001156,CPM,Commercial Property,BRK0029,BROKER,2025-11-28,2026-11-28,CN,1932.23,0.12,MONTHLY_DD,2025,POLARIS
ALB-PET-0004952,P0001306,PET,Pet,BRK0035,DIRECT,2018-08-11,2019-08-11,IF,793.36,0.12,MONTHLY_DD,2018,POLARIS
ALB-CLB-0004953,P0001272,CLB,Commercial Liability,BRK0011,BROKER,2024-03-29,2025-03-29,RN,6624.62,0.12,ANNUAL,2024,POLARIS
ALB-HOM-0004954,P0002101,HOM,Home Buildings & Contents,BRK0018,DIRECT,2024-07-29,2025-07-29,RN,404.01,0.12,ANNUAL,2024,POLARIS
ALB-MOT-0004955,P0000038,MOT,Private Motor,BRK0006,AGGREGATOR,2020-09-24,2021-09-24,EX,3853.77,0.12,MONTHLY_DD,2020,POLARIS
ALB-CLB-0004956,P0000164,CLB,Commercial Liability,BRK0044,BROKER,2022-07-08,2023-07-08,IF,12214.63,0.12,ANNUAL,2022,LEGACY_PAS
ALB-MOT-0004957,P0000296,MOT,Private Motor,,DIRECT,2018-08-08,2019-08-08,RN,1770.31,0.12,PREMIUM_FINANCE,2018,LEGACY_PAS
ALB-HOM-0004958,P0001861,HOM,Home Buildings & Contents,BRK0044,DIRECT,2021-04-07,2022-04-07,IF,1145.01,0.12,ANNUAL,2021,POLARIS
ALB-CLB-0004959,P0002998,CLB,Commercial Liability,,BROKER,2025-10-23,2026-10-23,RN,11131.69,0.12,MONTHLY_DD,2025,POLARIS
ALB-CPM-0004960,P0000207,CPM,Commercial Property,BRK0026,AGGREGATOR,2019-02-16,2020-02-16,EX,13618.14,0.12,ANNUAL,2019,LEGACY_PAS
ALB-TRV-0004961,P0000097,TRV,Annual Travel,,BROKER,2023-06-20,2024-06-19,LP,1812.48,0.12,PREMIUM_FINANCE,2023,POLARIS
ALB-CLB-0004962,P0000937,CLB,Commercial Liability,BRK0034,DIRECT,2020-09-24,2021-09-24,IF,4622.89,0.12,MONTHLY_DD,2020,POLARIS
ALB-CPM-0004963,P0002225,CPM,Commercial Property,BRK0056,BROKER,2020-07-29,2021-07-29,IF,13235.7,0.12,ANNUAL,2020,POLARIS
ALB-PET-0004964,P0002263,PET,Pet,,AGGREGATOR,2021-06-30,2022-06-30,IF,2954.1,0.12,MONTHLY_DD,2021,POLARIS
ALB-CPM-0004965,P0000632,CPM,Commercial Property,,BROKER,2021-01-03,2022-01-03,IF,2767.86,0.12,ANNUAL,2021,POLARIS
ALB-MOT-0004966,P0003006,MOT,Private Motor,,BROKER,2020-09-08,2021-09-08,IF,3290.75,0.12,ANNUAL,2020,LEGACY_PAS
ALB-MOT-0004967,P0002358,MOT,Private Motor,BRK0033,AGGREGATOR,2018-02-10,2019-02-10,LP,1688.28,0.12,ANNUAL,2018,POLARIS
ALB-PET-0004968,P0001179,PET,Pet,,DIRECT,2020-01-17,2021-01-16,EX,1009.12,0.12,MONTHLY_DD,2020,POLARIS
ALB-TRV-0004969,P0001855,TRV,Annual Travel,BRK0047,AGGREGATOR,2020-05-10,2021-05-10,IF,665.07,0.12,MONTHLY_DD,2020,POLARIS
ALB-MOT-0004970,P0001955,MOT,Private Motor,,DIRECT,2026-07-06,2027-07-06,EX,3645.63,0.12,ANNUAL,2026,POLARIS
ALB-MOT-0004971,P0000573,MOT,Private Motor,BRK0044,DIRECT,2021-09-06,2022-09-06,RN,2111.12,0.12,ANNUAL,2021,LEGACY_PAS
ALB-PET-0004972,P0001504,PET,Pet,BRK0023,DIRECT,2021-05-29,2022-05-29,IF,2093.6,0.12,MONTHLY_DD,2021,POLARIS
ALB-MOT-0004973,P0002579,MOT,Private Motor,,BROKER,2023-09-04,2024-09-03,EX,2742.82,0.12,MONTHLY_DD,2023,POLARIS
ALB-TRV-0004974,P0001333,TRV,Annual Travel,,AGGREGATOR,2019-12-30,2020-12-29,IF,3397.75,0.12,MONTHLY_DD,2019,LEGACY_PAS
ALB-TRV-0004975,P0002250,TRV,Annual Travel,BRK0009,DIRECT,2022-07-07,2023-07-07,EX,1551.3,0.12,MONTHLY_DD,2022,POLARIS
ALB-CPM-0004976,P0000565,CPM,Commercial Property,,BROKER,2024-03-02,2025-03-02,IF,11816.02,0.12,ANNUAL,2024,LEGACY_PAS
ALB-CLB-0004977,P0001414,CLB,Commercial Liability,BRK0036,BROKER,2026-09-08,2027-09-08,RN,2667.12,0.12,ANNUAL,2026,POLARIS
ALB-TRV-0004978,P0001969,TRV,Annual Travel,BRK0053,DIRECT,2024-02-14,2025-02-13,IF,2178.68,0.12,PREMIUM_FINANCE,2024,POLARIS
ALB-CLB-0004979,P0002227,CLB,Commercial Liability,BRK0041,BROKER,2026-09-24,2027-09-24,RN,5811.96,0.12,ANNUAL,2026,LEGACY_PAS
ALB-CPM-0004980,P0002715,CPM,Commercial Property,,AGGREGATOR,2018-11-11,2019-11-11,IF,9207.44,0.12,PREMIUM_FINANCE,2018,POLARIS
ALB-CLB-0004981,P0001025,CLB,Commercial Liability,BRK0057,DIRECT,2018-04-15,2019-04-15,IF,5278.63,0.12,ANNUAL,2018,POLARIS
ALB-CPM-0004982,P0001756,CPM,Commercial Property,,BROKER,2024-07-10,2025-07-10,LP,3145.49,0.12,PREMIUM_FINANCE,2024,POLARIS
ALB-CPM-0004983,P0000207,CPM,Commercial Property,,BROKER,2020-09-18,2021-09-18,EX,6969.48,0.12,ANNUAL,2020,POLARIS
ALB-CPM-0004984,P0001693,CPM,Commercial Property,,AGGREGATOR,2025-06-07,2026-06-07,EX,5453.66,0.12,MONTHLY_DD,2025,LEGACY_PAS
ALB-PET-0004985,P0000289,PET,Pet,BRK0023,BROKER,2026-06-25,2027-06-25,RN,3487.66,0.12,ANNUAL,2026,POLARIS
ALB-CPM-0004986,P0000608,CPM,Commercial Property,,DIRECT,2025-12-02,2026-12-02,LP,4286.4,0.12,MONTHLY_DD,2025,LEGACY_PAS
ALB-MOT-0004987,P0002725,MOT,Private Motor,BRK0055,DIRECT,2020-03-04,2021-03-04,IF,1565.81,0.12,MONTHLY_DD,2020,POLARIS
ALB-CLB-0004988,P0002026,CLB,Commercial Liability,,BROKER,2023-11-05,2024-11-04,CN,4839.99,0.12,MONTHLY_DD,2023,LEGACY_PAS
ALB-CLB-0004989,P0001532,CLB,Commercial Liability,BRK0060,BROKER,2024-10-11,2025-10-11,LP,13226.76,0.12,ANNUAL,2024,POLARIS
ALB-MOT-0004990,P0002138,MOT,Private Motor,BRK0028,DIRECT,2020-12-13,2021-12-13,LP,1697.48,0.12,ANNUAL,2020,POLARIS
ALB-CPM-0004991,P0001224,CPM,Commercial Property,BRK0040,BROKER,2021-02-02,2022-02-02,EX,13857.93,0.12,MONTHLY_DD,2021,POLARIS
ALB-PET-0004992,P0000526,PET,Pet,BRK0014,DIRECT,2022-08-18,2023-08-18,RN,2306.7,0.12,ANNUAL,2022,POLARIS
ALB-MOT-0004993,P0000699,MOT,Private Motor,BRK0031,BROKER,2021-03-28,2022-03-28,IF,2392.36,0.12,ANNUAL,2021,POLARIS
ALB-HOM-0004994,P0001312,HOM,Home Buildings & Contents,,BROKER,2024-11-14,2025-11-14,IF,411.1,0.12,MONTHLY_DD,2024,POLARIS
ALB-TRV-0004995,P0000819,TRV,Annual Travel,BRK0051,DIRECT,2022-05-29,2023-05-29,IF,1533.93,0.12,ANNUAL,2022,POLARIS
ALB-MOT-0004996,P0001484,MOT,Private Motor,,BROKER,2020-09-05,2021-09-05,IF,1031.78,0.12,MONTHLY_DD,2020,POLARIS
ALB-PET-0004997,P0000995,PET,Pet,,DIRECT,2024-03-10,2025-03-10,LP,324.19,0.12,MONTHLY_DD,2024,LEGACY_PAS
ALB-HOM-0004998,P0000435,HOM,Home Buildings & Contents,BRK0039,BROKER,2022-10-29,2023-10-29,RN,2696.32,0.12,ANNUAL,2022,POLARIS
ALB-HOM-0004999,P0002137,HOM,Home Buildings & Contents,BRK0044,BROKER,2020-11-26,2021-11-26,RN,1149.98,0.12,ANNUAL,2020,POLARIS
ALB-CLB-0005000,P0002796,CLB,Commercial Liability,BRK0057,AGGREGATOR,2026-12-20,2027-12-20,EX,4398.12,0.12,ANNUAL,2026,POLARIS
ALB-CPM-0005001,P0001147,CPM,Commercial Property,,BROKER,2023-09-19,2024-09-18,IF,12198.64,0.12,ANNUAL,2023,LEGACY_PAS
ALB-TRV-0005002,P0003140,TRV,Annual Travel,BRK0021,BROKER,2024-05-19,2025-05-19,CN,2957.82,0.12,ANNUAL,2024,POLARIS
ALB-HOM-0005003,P0000393,HOM,Home Buildings & Contents,BRK0001,DIRECT,2019-01-22,2020-01-22,IF,541.79,0.12,ANNUAL,2019,POLARIS
ALB-HOM-0005004,P0001888,HOM,Home Buildings & Contents,,AGGREGATOR,2023-02-06,2024-02-06,LP,3368.82,0.12,ANNUAL,2023,LEGACY_PAS
ALB-CPM-0005005,P0000939,CPM,Commercial Property,BRK0037,DIRECT,2026-08-01,2027-08-01,IF,4321.31,0.12,PREMIUM_FINANCE,2026,LEGACY_PAS
ALB-MOT-0005006,P0001289,MOT,Private Motor,BRK0007,BROKER,2019-08-20,2020-08-19,RN,4036.15,0.12,MONTHLY_DD,2019,POLARIS
ALB-PET-0005007,P0000889,PET,Pet,,DIRECT,2020-04-12,2021-04-12,LP,3670.9,0.12,MONTHLY_DD,2020,POLARIS
ALB-CLB-0005008,P0001766,CLB,Commercial Liability,BRK0031,AGGREGATOR,2024-09-28,2025-09-28,IF,6871.25,0.12,MONTHLY_DD,2024,LEGACY_PAS
ALB-CPM-0005009,P0003042,CPM,Commercial Property,,DIRECT,2018-11-13,2019-11-13,EX,913.89,0.12,ANNUAL,2018,POLARIS
ALB-MOT-0005010,P0001293,MOT,Private Motor,BRK0001,BROKER,2026-06-03,2027-06-03,LP,3137.89,0.12,ANNUAL,2026,POLARIS
ALB-TRV-0005011,P0001362,TRV,Annual Travel,,BROKER,2022-02-17,2023-02-17,RN,1912.02,0.12,PREMIUM_FINANCE,2022,LEGACY_PAS
ALB-TRV-0005012,P0001642,TRV,Annual Travel,,DIRECT,2025-10-19,2026-10-19,CN,3897.88,0.12,MONTHLY_DD,2025,POLARIS
ALB-MOT-0005013,P0000711,MOT,Private Motor,BRK0024,AGGREGATOR,2024-07-01,2025-07-01,RN,1789.99,0.12,PREMIUM_FINANCE,2024,POLARIS
ALB-MOT-0005014,P0002459,MOT,Private Motor,BRK0059,BROKER,2022-07-31,2023-07-31,IF,2040.1,0.12,ANNUAL,2022,LEGACY_PAS
ALB-CLB-0005015,P0001502,CLB,Commercial Liability,BRK0005,BROKER,2025-12-27,2026-12-27,IF,7753.62,0.12,PREMIUM_FINANCE,2025,POLARIS
ALB-HOM-0005016,P0001868,HOM,Home Buildings & Contents,BRK0033,BROKER,2021-07-24,2022-07-24,LP,2564.64,0.12,MONTHLY_DD,2021,POLARIS
ALB-TRV-0005017,P0000685,TRV,Annual Travel,BRK0045,DIRECT,2025-07-11,2026-07-11,EX,1552.76,0.12,ANNUAL,2025,POLARIS
ALB-MOT-0005018,P0000013,MOT,Private Motor,,BROKER,2020-01-09,2021-01-08,IF,2077.18,0.12,MONTHLY_DD,2020,POLARIS
ALB-MOT-0005019,P0001821,MOT,Private Motor,BRK0060,DIRECT,2020-08-17,2021-08-17,EX,1320.35,0.12,ANNUAL,2020,POLARIS
ALB-CPM-0005020,P0002319,CPM,Commercial Property,BRK0020,BROKER,2023-06-22,2024-06-21,LP,8221.26,0.12,MONTHLY_DD,2023,POLARIS
ALB-PET-0005021,P0001404,PET,Pet,BRK0059,DIRECT,2024-10-03,2025-10-03,IF,1850.24,0.12,ANNUAL,2024,LEGACY_PAS
ALB-CLB-0005022,P0000462,CLB,Commercial Liability,BRK0024,BROKER,2026-05-25,2027-05-25,LP,4407.96,0.12,ANNUAL,2026,POLARIS
ALB-HOM-0005023,P0002302,HOM,Home Buildings & Contents,,DIRECT,2023-04-18,2024-04-17,CN,999.27,0.12,ANNUAL,2023,LEGACY_PAS
ALB-TRV-0005024,P0002160,TRV,Annual Travel,BRK0002,BROKER,2018-03-30,2019-03-30,EX,453.88,0.12,ANNUAL,2018,POLARIS
ALB-HOM-0005025,P0001279,HOM,Home Buildings & Contents,,BROKER,2024-08-11,2025-08-11,IF,3973.93,0.12,PREMIUM_FINANCE,2024,POLARIS
ALB-CPM-0005026,P0002830,CPM,Commercial Property,BRK0026,BROKER,2019-03-13,2020-03-12,IF,10954.09,0.12,ANNUAL,2019,POLARIS
ALB-CPM-0005027,P0000293,CPM,Commercial Property,,DIRECT,2019-11-27,2020-11-26,EX,7333.13,0.12,ANNUAL,2019,POLARIS
ALB-CLB-0005028,P0001909,CLB,Commercial Liability,BRK0041,BROKER,2019-04-01,2020-03-31,IF,1789.42,0.12,ANNUAL,2019,POLARIS
ALB-CLB-0005029,P0002429,CLB,Commercial Liability,,AGGREGATOR,2022-06-24,2023-06-24,LP,7100.21,0.12,MONTHLY_DD,2022,POLARIS
ALB-MOT-0005030,P0002956,MOT,Private Motor,BRK0011,AGGREGATOR,2023-02-27,2024-02-27,IF,1271.37,0.12,MONTHLY_DD,2023,POLARIS
ALB-MOT-0005031,P0002630,MOT,Private Motor,,BROKER,2020-11-09,2021-11-09,RN,2288.61,0.12,ANNUAL,2020,POLARIS
ALB-CLB-0005032,P0001844,CLB,Commercial Liability,BRK0059,DIRECT,2026-01-09,2027-01-09,CN,10887.97,0.12,ANNUAL,2026,POLARIS
ALB-CLB-0005033,P0000983,CLB,Commercial Liability,,DIRECT,2021-01-28,2022-01-28,EX,1775.94,0.12,ANNUAL,2021,POLARIS
ALB-MOT-0005034,P0000011,MOT,Private Motor,BRK0041,BROKER,2026-02-13,2027-02-13,IF,801.37,0.12,MONTHLY_DD,2026,LEGACY_PAS
ALB-TRV-0005035,P0000498,TRV,Annual Travel,,BROKER,2019-12-21,2020-12-20,IF,4154.66,0.12,MONTHLY_DD,2019,LEGACY_PAS
ALB-PET-0005036,P0000846,PET,Pet,BRK0017,BROKER,2018-06-25,2019-06-25,IF,843.39,0.12,PREMIUM_FINANCE,2018,LEGACY_PAS
ALB-HOM-0005037,P0000247,HOM,Home Buildings & Contents,BRK0003,BROKER,2026-04-12,2027-04-12,IF,2078.55,0.12,ANNUAL,2026,LEGACY_PAS
ALB-CLB-0005038,P0001578,CLB,Commercial Liability,,DIRECT,2020-04-10,2021-04-10,IF,6846.21,0.12,ANNUAL,2020,POLARIS
ALB-MOT-0005039,P0001845,MOT,Private Motor,BRK0058,DIRECT,2026-10-26,2027-10-26,IF,2590.89,0.12,MONTHLY_DD,2026,LEGACY_PAS
ALB-CPM-0005040,P0000010,CPM,Commercial Property,,BROKER,2023-10-07,2024-10-06,IF,8180.52,0.12,ANNUAL,2023,LEGACY_PAS
ALB-MOT-0005041,P0000825,MOT,Private Motor,BRK0031,BROKER,2020-02-23,2021-02-22,IF,2647.91,0.12,ANNUAL,2020,LEGACY_PAS
ALB-CLB-0005042,P0002654,CLB,Commercial Liability,,DIRECT,2018-11-25,2019-11-25,RN,9841.0,0.12,PREMIUM_FINANCE,2018,POLARIS
ALB-CLB-0005043,P0000505,CLB,Commercial Liability,,AGGREGATOR,2021-11-15,2022-11-15,IF,955.27,0.12,ANNUAL,2021,POLARIS
ALB-CPM-0005044,P0001342,CPM,Commercial Property,BRK0060,DIRECT,2022-03-11,2023-03-11,IF,7508.49,0.12,MONTHLY_DD,2022,LEGACY_PAS
ALB-TRV-0005045,P0001844,TRV,Annual Travel,BRK0022,DIRECT,2024-09-25,2025-09-25,RN,216.65,0.12,PREMIUM_FINANCE,2024,POLARIS
ALB-CPM-0005046,P0001509,CPM,Commercial Property,,BROKER,2018-07-21,2019-07-21,IF,7620.54,0.12,ANNUAL,2018,POLARIS
ALB-MOT-0005047,P0002242,MOT,Private Motor,,DIRECT,2020-09-02,2021-09-02,EX,3711.71,0.12,MONTHLY_DD,2020,LEGACY_PAS
ALB-CLB-0005048,P0003191,CLB,Commercial Liability,BRK0005,AGGREGATOR,2023-10-26,2024-10-25,RN,13087.2,0.12,PREMIUM_FINANCE,2023,LEGACY_PAS
ALB-HOM-0005049,P0000143,HOM,Home Buildings & Contents,,DIRECT,2018-06-22,2019-06-22,CN,3132.77,0.12,ANNUAL,2018,POLARIS
ALB-PET-0005050,P0002739,PET,Pet,BRK0016,DIRECT,2019-11-04,2020-11-03,IF,2145.39,0.12,MONTHLY_DD,2019,POLARIS
ALB-MOT-0005051,P0000297,MOT,Private Motor,,BROKER,2021-03-30,2022-03-30,LP,1196.55,0.12,ANNUAL,2021,POLARIS
ALB-CLB-0005052,P0001633,CLB,Commercial Liability,BRK0031,AGGREGATOR,2020-10-26,2021-10-26,RN,9132.53,0.12,MONTHLY_DD,2020,POLARIS
ALB-CLB-0005053,P0003050,CLB,Commercial Liability,,DIRECT,2019-02-08,2020-02-08,IF,10918.6,0.12,ANNUAL,2019,POLARIS
ALB-PET-0005054,P0000413,PET,Pet,BRK0054,BROKER,2026-12-17,2027-12-17,EX,1300.29,0.12,MONTHLY_DD,2026,POLARIS
ALB-CPM-0005055,P0001450,CPM,Commercial Property,BRK0016,BROKER,2019-03-21,2020-03-20,IF,10041.9,0.12,ANNUAL,2019,POLARIS
ALB-TRV-0005056,P0002540,TRV,Annual Travel,BRK0059,BROKER,2025-10-16,2026-10-16,IF,3168.03,0.12,ANNUAL,2025,POLARIS
ALB-CLB-0005057,P0000076,CLB,Commercial Liability,,BROKER,2019-04-18,2020-04-17,CN,11974.76,0.12,PREMIUM_FINANCE,2019,POLARIS
ALB-CPM-0005058,P0002272,CPM,Commercial Property,BRK0059,BROKER,2020-02-25,2021-02-24,IF,7203.15,0.12,MONTHLY_DD,2020,POLARIS
ALB-TRV-0005059,P0000057,TRV,Annual Travel,BRK0045,BROKER,2026-07-03,2027-07-03,IF,3142.93,0.12,ANNUAL,2026,POLARIS
ALB-PET-0005060,P0001040,PET,Pet,BRK0041,BROKER,2026-03-13,2027-03-13,EX,2469.99,0.12,MONTHLY_DD,2026,LEGACY_PAS
ALB-CLB-0005061,P0001144,CLB,Commercial Liability,BRK0048,DIRECT,2021-12-25,2022-12-25,IF,8714.28,0.12,ANNUAL,2021,POLARIS
ALB-TRV-0005062,P0001067,TRV,Annual Travel,BRK0059,DIRECT,2025-04-29,2026-04-29,CN,1147.71,0.12,MONTHLY_DD,2025,LEGACY_PAS
ALB-CLB-0005063,P0001958,CLB,Commercial Liability,BRK0006,BROKER,2019-01-27,2020-01-27,RN,10064.77,0.12,MONTHLY_DD,2019,POLARIS
ALB-TRV-0005064,P0000308,TRV,Annual Travel,,AGGREGATOR,2023-09-28,2024-09-27,IF,628.86,0.12,ANNUAL,2023,POLARIS
ALB-CPM-0005065,P0002599,CPM,Commercial Property,,BROKER,2019-04-20,2020-04-19,IF,10069.42,0.12,PREMIUM_FINANCE,2019,POLARIS
ALB-HOM-0005066,P0002625,HOM,Home Buildings & Contents,BRK0053,BROKER,2025-09-08,2026-09-08,IF,516.89,0.12,ANNUAL,2025,LEGACY_PAS
ALB-CPM-0005067,P0002237,CPM,Commercial Property,BRK0033,DIRECT,2021-03-08,2022-03-08,IF,13856.76,0.12,ANNUAL,2021,LEGACY_PAS
ALB-TRV-0005068,P0000069,TRV,Annual Travel,BRK0039,AGGREGATOR,2019-03-20,2020-03-19,RN,3472.56,0.12,PREMIUM_FINANCE,2019,POLARIS
ALB-PET-0005069,P0002261,PET,Pet,BRK0040,BROKER,2018-09-23,2019-09-23,LP,970.65,0.12,PREMIUM_FINANCE,2018,LEGACY_PAS
ALB-MOT-0005070,P0001902,MOT,Private Motor,BRK0018,DIRECT,2020-09-03,2021-09-03,IF,2749.87,0.12,ANNUAL,2020,POLARIS
ALB-PET-0005071,P0002798,PET,Pet,BRK0032,DIRECT,2020-09-06,2021-09-06,IF,3879.85,0.12,ANNUAL,2020,LEGACY_PAS
ALB-TRV-0005072,P0001984,TRV,Annual Travel,,DIRECT,2024-06-23,2025-06-23,IF,1436.01,0.12,PREMIUM_FINANCE,2024,POLARIS
ALB-MOT-0005073,P0001584,MOT,Private Motor,BRK0056,BROKER,2022-06-05,2023-06-05,RN,1245.37,0.12,MONTHLY_DD,2022,LEGACY_PAS
ALB-CPM-0005074,P0001631,CPM,Commercial Property,,DIRECT,2022-03-14,2023-03-14,IF,7171.1,0.12,MONTHLY_DD,2022,POLARIS
ALB-PET-0005075,P0000143,PET,Pet,,DIRECT,2023-12-18,2024-12-17,IF,2949.57,0.12,MONTHLY_DD,2023,LEGACY_PAS
ALB-MOT-0005076,P0001918,MOT,Private Motor,,BROKER,2026-04-16,2027-04-16,CN,2743.87,0.12,ANNUAL,2026,POLARIS
ALB-PET-0005077,P0003097,PET,Pet,BRK0023,DIRECT,2024-07-16,2025-07-16,LP,2170.7,0.12,PREMIUM_FINANCE,2024,POLARIS
ALB-CLB-0005078,P0001255,CLB,Commercial Liability,BRK0026,DIRECT,2018-05-10,2019-05-10,IF,8719.4,0.12,MONTHLY_DD,2018,LEGACY_PAS
ALB-TRV-0005079,P0001062,TRV,Annual Travel,BRK0053,BROKER,2024-05-29,2025-05-29,RN,2876.71,0.12,ANNUAL,2024,POLARIS
ALB-TRV-0005080,P0003141,TRV,Annual Travel,BRK0029,BROKER,2026-05-30,2027-05-30,LP,3506.05,0.12,PREMIUM_FINANCE,2026,POLARIS
ALB-CPM-0005081,P0000733,CPM,Commercial Property,BRK0058,BROKER,2023-09-28,2024-09-27,IF,12848.79,0.12,ANNUAL,2023,POLARIS
ALB-CLB-0005082,P0000266,CLB,Commercial Liability,BRK0051,BROKER,2022-04-20,2023-04-20,CN,7843.99,0.12,ANNUAL,2022,POLARIS
ALB-CPM-0005083,P0000028,CPM,Commercial Property,,DIRECT,2024-07-04,2025-07-04,RN,9347.27,0.12,ANNUAL,2024,POLARIS
ALB-PET-0005084,P0001242,PET,Pet,,DIRECT,2025-07-10,2026-07-10,IF,2877.74,0.12,MONTHLY_DD,2025,POLARIS
ALB-MOT-0005085,P0000348,MOT,Private Motor,BRK0011,BROKER,2024-09-17,2025-09-17,RN,2268.99,0.12,MONTHLY_DD,2024,POLARIS
ALB-CLB-0005086,P0002181,CLB,Commercial Liability,BRK0004,BROKER,2018-10-02,2019-10-02,CN,11134.84,0.12,ANNUAL,2018,LEGACY_PAS
ALB-TRV-0005087,P0000988,TRV,Annual Travel,BRK0031,BROKER,2018-12-25,2019-12-25,EX,3466.92,0.12,PREMIUM_FINANCE,2018,LEGACY_PAS
ALB-HOM-0005088,P0001790,HOM,Home Buildings & Contents,BRK0053,AGGREGATOR,2022-05-21,2023-05-21,EX,1282.18,0.12,PREMIUM_FINANCE,2022,POLARIS
ALB-PET-0005089,P0002138,PET,Pet,BRK0053,BROKER,2022-01-02,2023-01-02,RN,2896.91,0.12,MONTHLY_DD,2022,POLARIS
ALB-CLB-0005090,P0001877,CLB,Commercial Liability,BRK0028,BROKER,2023-01-09,2024-01-09,IF,10160.84,0.12,ANNUAL,2023,POLARIS
ALB-TRV-0005091,P0002105,TRV,Annual Travel,BRK0037,DIRECT,2022-03-03,2023-03-03,IF,489.29,0.12,ANNUAL,2022,POLARIS
ALB-MOT-0005092,P0001286,MOT,Private Motor,BRK0036,DIRECT,2025-07-18,2026-07-18,RN,2813.84,0.12,PREMIUM_FINANCE,2025,POLARIS
ALB-PET-0005093,P0001048,PET,Pet,BRK0008,BROKER,2026-01-11,2027-01-11,IF,664.65,0.12,ANNUAL,2026,LEGACY_PAS
ALB-HOM-0005094,P0001984,HOM,Home Buildings & Contents,,DIRECT,2019-02-02,2020-02-02,CN,581.78,0.12,PREMIUM_FINANCE,2019,POLARIS
ALB-TRV-0005095,P0003085,TRV,Annual Travel,,BROKER,2026-05-01,2027-05-01,RN,885.43,0.12,ANNUAL,2026,POLARIS
ALB-CPM-0005096,P0001781,CPM,Commercial Property,BRK0019,DIRECT,2024-04-14,2025-04-14,EX,12896.98,0.12,PREMIUM_FINANCE,2024,POLARIS
ALB-CLB-0005097,P0001896,CLB,Commercial Liability,,BROKER,2026-12-06,2027-12-06,EX,2489.35,0.12,MONTHLY_DD,2026,POLARIS
ALB-HOM-0005098,P0002505,HOM,Home Buildings & Contents,BRK0028,BROKER,2024-02-26,2025-02-25,EX,2406.93,0.12,MONTHLY_DD,2024,POLARIS
ALB-HOM-0005099,P0000078,HOM,Home Buildings & Contents,,AGGREGATOR,2020-11-21,2021-11-21,IF,2891.05,0.12,ANNUAL,2020,POLARIS
ALB-TRV-0005100,P0000668,TRV,Annual Travel,BRK0036,DIRECT,2024-02-26,2025-02-25,IF,3715.92,0.12,MONTHLY_DD,2024,LEGACY_PAS
ALB-HOM-0005101,P0000252,HOM,Home Buildings & Contents,,AGGREGATOR,2021-06-12,2022-06-12,IF,2273.97,0.12,MONTHLY_DD,2021,POLARIS
ALB-CPM-0005102,P0003115,CPM,Commercial Property,BRK0021,AGGREGATOR,2025-11-14,2026-11-14,IF,4711.55,0.12,ANNUAL,2025,POLARIS
ALB-PET-0005103,P0002984,PET,Pet,BRK0054,DIRECT,2025-12-04,2026-12-04,IF,2196.37,0.12,ANNUAL,2025,POLARIS
ALB-CPM-0005104,P0001633,CPM,Commercial Property,BRK0018,BROKER,2022-08-14,2023-08-14,IF,7479.34,0.12,ANNUAL,2022,LEGACY_PAS
ALB-HOM-0005105,P0002323,HOM,Home Buildings & Contents,,BROKER,2018-04-24,2019-04-24,IF,1423.95,0.12,PREMIUM_FINANCE,2018,POLARIS
ALB-TRV-0005106,P0003085,TRV,Annual Travel,BRK0018,AGGREGATOR,2025-03-12,2026-03-12,EX,2646.66,0.12,MONTHLY_DD,2025,POLARIS
ALB-MOT-0005107,P0000958,MOT,Private Motor,BRK0052,AGGREGATOR,2020-07-28,2021-07-28,RN,2273.7,0.12,ANNUAL,2020,POLARIS
ALB-HOM-0005108,P0001097,HOM,Home Buildings & Contents,BRK0032,AGGREGATOR,2026-11-03,2027-11-03,RN,1483.6,0.12,MONTHLY_DD,2026,POLARIS
ALB-CPM-0005109,P0001358,CPM,Commercial Property,,DIRECT,2023-10-20,2024-10-19,LP,6400.09,0.12,ANNUAL,2023,LEGACY_PAS
ALB-HOM-0005110,P0001778,HOM,Home Buildings & Contents,BRK0021,BROKER,2022-03-25,2023-03-25,RN,422.62,0.12,MONTHLY_DD,2022,POLARIS
ALB-MOT-0005111,P0001797,MOT,Private Motor,BRK0042,BROKER,2022-03-19,2023-03-19,RN,2498.92,0.12,ANNUAL,2022,POLARIS
ALB-HOM-0005112,P0001008,HOM,Home Buildings & Contents,,BROKER,2026-04-05,2027-04-05,EX,909.06,0.12,ANNUAL,2026,POLARIS
ALB-MOT-0005113,P0001358,MOT,Private Motor,BRK0055,AGGREGATOR,2024-07-04,2025-07-04,LP,2063.79,0.12,MONTHLY_DD,2024,LEGACY_PAS
ALB-HOM-0005114,P0001701,HOM,Home Buildings & Contents,,BROKER,2021-07-08,2022-07-08,IF,3343.01,0.12,MONTHLY_DD,2021,POLARIS
ALB-TRV-0005115,P0003072,TRV,Annual Travel,,BROKER,2023-08-26,2024-08-25,RN,1822.53,0.12,MONTHLY_DD,2023,POLARIS
ALB-HOM-0005116,P0000573,HOM,Home Buildings & Contents,BRK0028,BROKER,2026-03-31,2027-03-31,LP,2848.94,0.12,MONTHLY_DD,2026,POLARIS
ALB-MOT-0005117,P0000385,MOT,Private Motor,BRK0056,AGGREGATOR,2024-05-19,2025-05-19,IF,2223.63,0.12,PREMIUM_FINANCE,2024,POLARIS
ALB-PET-0005118,P0001216,PET,Pet,,AGGREGATOR,2021-05-08,2022-05-08,CN,2607.81,0.12,ANNUAL,2021,POLARIS
ALB-MOT-0005119,P0002939,MOT,Private Motor,BRK0011,BROKER,2018-09-24,2019-09-24,CN,1015.17,0.12,MONTHLY_DD,2018,POLARIS
ALB-CLB-0005120,P0002196,CLB,Commercial Liability,,DIRECT,2022-12-10,2023-12-10,RN,13451.71,0.12,ANNUAL,2022,POLARIS
ALB-TRV-0005121,P0001386,TRV,Annual Travel,BRK0031,BROKER,2019-02-15,2020-02-15,IF,3068.47,0.12,ANNUAL,2019,POLARIS
ALB-CLB-0005122,P0003199,CLB,Commercial Liability,BRK0059,BROKER,2021-11-28,2022-11-28,CN,2980.18,0.12,MONTHLY_DD,2021,POLARIS
ALB-TRV-0005123,P0001901,TRV,Annual Travel,,BROKER,2019-09-09,2020-09-08,RN,1034.41,0.12,MONTHLY_DD,2019,POLARIS
ALB-MOT-0005124,P0002548,MOT,Private Motor,BRK0035,BROKER,2019-03-29,2020-03-28,EX,1157.87,0.12,ANNUAL,2019,LEGACY_PAS
ALB-PET-0005125,P0002478,PET,Pet,BRK0016,DIRECT,2026-08-27,2027-08-27,LP,3633.15,0.12,ANNUAL,2026,LEGACY_PAS
ALB-PET-0005126,P0001240,PET,Pet,BRK0036,AGGREGATOR,2020-07-18,2021-07-18,RN,1929.14,0.12,ANNUAL,2020,LEGACY_PAS
ALB-PET-0005127,P0002005,PET,Pet,BRK0027,AGGREGATOR,2020-01-27,2021-01-26,IF,2332.15,0.12,ANNUAL,2020,LEGACY_PAS
ALB-CLB-0005128,P0000696,CLB,Commercial Liability,BRK0053,DIRECT,2023-01-09,2024-01-09,IF,1984.71,0.12,ANNUAL,2023,POLARIS
ALB-PET-0005129,P0002927,PET,Pet,,BROKER,2019-08-23,2020-08-22,IF,1691.67,0.12,MONTHLY_DD,2019,POLARIS
ALB-CPM-0005130,P0001246,CPM,Commercial Property,BRK0050,DIRECT,2026-12-02,2027-12-02,IF,4348.81,0.12,MONTHLY_DD,2026,POLARIS
ALB-CPM-0005131,P0000070,CPM,Commercial Property,BRK0034,DIRECT,2023-06-26,2024-06-25,RN,10459.48,0.12,MONTHLY_DD,2023,POLARIS
ALB-CLB-0005132,P0000643,CLB,Commercial Liability,BRK0042,BROKER,2025-05-07,2026-05-07,CN,14334.51,0.12,MONTHLY_DD,2025,POLARIS
ALB-HOM-0005133,P0002940,HOM,Home Buildings & Contents,BRK0030,BROKER,2024-02-13,2025-02-12,CN,4059.39,0.12,MONTHLY_DD,2024,LEGACY_PAS
ALB-HOM-0005134,P0002033,HOM,Home Buildings & Contents,BRK0023,AGGREGATOR,2019-05-23,2020-05-22,EX,1447.3,0.12,ANNUAL,2019,POLARIS
ALB-CLB-0005135,P0002369,CLB,Commercial Liability,,AGGREGATOR,2021-11-03,2022-11-03,EX,1007.22,0.12,ANNUAL,2021,POLARIS
ALB-CPM-0005136,P0002168,CPM,Commercial Property,,BROKER,2022-07-20,2023-07-20,IF,13975.75,0.12,ANNUAL,2022,POLARIS
ALB-CPM-0005137,P0002069,CPM,Commercial Property,,BROKER,2022-06-12,2023-06-12,IF,2050.48,0.12,MONTHLY_DD,2022,POLARIS
ALB-HOM-0005138,P0000826,HOM,Home Buildings & Contents,BRK0038,BROKER,2025-07-10,2026-07-10,CN,388.3,0.12,MONTHLY_DD,2025,LEGACY_PAS
ALB-CLB-0005139,P0000543,CLB,Commercial Liability,BRK0003,BROKER,2023-06-24,2024-06-23,IF,765.98,0.12,ANNUAL,2023,POLARIS
ALB-CLB-0005140,P0001195,CLB,Commercial Liability,,AGGREGATOR,2020-02-14,2021-02-13,CN,821.19,0.12,MONTHLY_DD,2020,POLARIS
ALB-TRV-0005141,P0001454,TRV,Annual Travel,,BROKER,2020-12-29,2021-12-29,LP,1732.04,0.12,ANNUAL,2020,POLARIS
ALB-HOM-0005142,P0000606,HOM,Home Buildings & Contents,BRK0010,BROKER,2019-02-26,2020-02-26,RN,2289.87,0.12,ANNUAL,2019,POLARIS
ALB-CPM-0005143,P0001021,CPM,Commercial Property,BRK0042,DIRECT,2024-04-06,2025-04-06,IF,10234.26,0.12,ANNUAL,2024,POLARIS
ALB-HOM-0005144,P0002485,HOM,Home Buildings & Contents,BRK0026,BROKER,2020-03-07,2021-03-07,IF,601.0,0.12,ANNUAL,2020,POLARIS
ALB-HOM-0005145,P0002218,HOM,Home Buildings & Contents,BRK0039,DIRECT,2023-04-19,2024-04-18,LP,3166.08,0.12,MONTHLY_DD,2023,POLARIS
ALB-CLB-0005146,P0002753,CLB,Commercial Liability,BRK0040,AGGREGATOR,2020-08-28,2021-08-28,IF,11990.29,0.12,MONTHLY_DD,2020,LEGACY_PAS
ALB-MOT-0005147,P0002517,MOT,Private Motor,,BROKER,2024-03-10,2025-03-10,CN,1553.17,0.12,PREMIUM_FINANCE,2024,POLARIS
ALB-CPM-0005148,P0001864,CPM,Commercial Property,BRK0038,BROKER,2026-10-27,2027-10-27,IF,8760.81,0.12,ANNUAL,2026,POLARIS
ALB-HOM-0005149,P0003158,HOM,Home Buildings & Contents,BRK0010,DIRECT,2024-03-27,2025-03-27,IF,3463.58,0.12,PREMIUM_FINANCE,2024,POLARIS
ALB-HOM-0005150,P0001032,HOM,Home Buildings & Contents,BRK0033,BROKER,2019-04-28,2020-04-27,IF,1267.09,0.12,ANNUAL,2019,POLARIS
ALB-MOT-0005151,P0002092,MOT,Private Motor,BRK0007,DIRECT,2021-04-18,2022-04-18,EX,3437.31,0.12,MONTHLY_DD,2021,LEGACY_PAS
ALB-MOT-0005152,P0003114,MOT,Private Motor,,BROKER,2019-09-30,2020-09-29,RN,568.73,0.12,ANNUAL,2019,LEGACY_PAS
ALB-MOT-0005153,P0001042,MOT,Private Motor,BRK0036,AGGREGATOR,2023-02-22,2024-02-22,RN,4056.73,0.12,PREMIUM_FINANCE,2023,POLARIS
ALB-MOT-0005154,P0002148,MOT,Private Motor,,AGGREGATOR,2018-01-18,2019-01-18,IF,3582.44,0.12,PREMIUM_FINANCE,2018,POLARIS
ALB-HOM-0005155,P0002005,HOM,Home Buildings & Contents,BRK0042,AGGREGATOR,2023-07-23,2024-07-22,RN,3490.28,0.12,PREMIUM_FINANCE,2023,POLARIS
ALB-CPM-0005156,P0000165,CPM,Commercial Property,BRK0049,DIRECT,2025-03-24,2026-03-24,IF,8928.38,0.12,MONTHLY_DD,2025,POLARIS
ALB-HOM-0005157,P0000118,HOM,Home Buildings & Contents,BRK0035,AGGREGATOR,2019-10-20,2020-10-19,EX,3950.74,0.12,ANNUAL,2019,LEGACY_PAS
ALB-TRV-0005158,P0002906,TRV,Annual Travel,BRK0007,DIRECT,2025-12-08,2026-12-08,RN,3155.27,0.12,ANNUAL,2025,LEGACY_PAS
ALB-TRV-0005159,P0001019,TRV,Annual Travel,,BROKER,2022-06-01,2023-06-01,IF,3326.46,0.12,MONTHLY_DD,2022,LEGACY_PAS
ALB-HOM-0005160,P0000855,HOM,Home Buildings & Contents,BRK0026,BROKER,2024-04-02,2025-04-02,IF,1094.93,0.12,ANNUAL,2024,LEGACY_PAS
ALB-TRV-0005161,P0001815,TRV,Annual Travel,BRK0058,AGGREGATOR,2019-03-30,2020-03-29,EX,1425.77,0.12,MONTHLY_DD,2019,POLARIS
ALB-CPM-0005162,P0002071,CPM,Commercial Property,,BROKER,2021-09-10,2022-09-10,LP,4775.89,0.12,PREMIUM_FINANCE,2021,LEGACY_PAS
ALB-CPM-0005163,P0001972,CPM,Commercial Property,,DIRECT,2020-10-12,2021-10-12,EX,13052.74,0.12,ANNUAL,2020,POLARIS
ALB-CPM-0005164,P0000428,CPM,Commercial Property,,DIRECT,2025-02-05,2026-02-05,RN,8673.28,0.12,MONTHLY_DD,2025,POLARIS
ALB-MOT-0005165,P0002021,MOT,Private Motor,BRK0017,AGGREGATOR,2020-04-20,2021-04-20,EX,1802.7,0.12,ANNUAL,2020,POLARIS
ALB-CPM-0005166,P0000604,CPM,Commercial Property,,AGGREGATOR,2018-10-03,2019-10-03,LP,7428.65,0.12,ANNUAL,2018,POLARIS
ALB-MOT-0005167,P0003081,MOT,Private Motor,BRK0014,BROKER,2021-09-10,2022-09-10,IF,2182.76,0.12,ANNUAL,2021,LEGACY_PAS
ALB-CPM-0005168,P0000600,CPM,Commercial Property,BRK0056,BROKER,2025-08-28,2026-08-28,CN,9192.2,0.12,MONTHLY_DD,2025,POLARIS
ALB-HOM-0005169,P0000210,HOM,Home Buildings & Contents,BRK0041,BROKER,2018-02-21,2019-02-21,IF,2294.77,0.12,ANNUAL,2018,POLARIS
ALB-CPM-0005170,P0002736,CPM,Commercial Property,BRK0041,AGGREGATOR,2026-03-13,2027-03-13,RN,9461.14,0.12,MONTHLY_DD,2026,LEGACY_PAS
ALB-CPM-0005171,P0001774,CPM,Commercial Property,BRK0043,BROKER,2026-04-27,2027-04-27,IF,6886.73,0.12,ANNUAL,2026,POLARIS
ALB-PET-0005172,P0001553,PET,Pet,BRK0014,AGGREGATOR,2021-04-22,2022-04-22,IF,698.02,0.12,PREMIUM_FINANCE,2021,POLARIS
ALB-TRV-0005173,P0001247,TRV,Annual Travel,BRK0028,DIRECT,2022-07-21,2023-07-21,RN,3339.09,0.12,MONTHLY_DD,2022,LEGACY_PAS
ALB-TRV-0005174,P0002817,TRV,Annual Travel,BRK0020,DIRECT,2021-07-11,2022-07-11,IF,2003.79,0.12,PREMIUM_FINANCE,2021,POLARIS
ALB-MOT-0005175,P0002713,MOT,Private Motor,,BROKER,2020-09-04,2021-09-04,IF,1070.97,0.12,ANNUAL,2020,POLARIS
ALB-MOT-0005176,P0001763,MOT,Private Motor,BRK0020,AGGREGATOR,2023-05-05,2024-05-04,IF,1726.89,0.12,PREMIUM_FINANCE,2023,LEGACY_PAS
ALB-HOM-0005177,P0000116,HOM,Home Buildings & Contents,BRK0038,BROKER,2022-07-25,2023-07-25,RN,180.03,0.12,ANNUAL,2022,POLARIS
ALB-HOM-0005178,P0000766,HOM,Home Buildings & Contents,BRK0049,BROKER,2025-03-09,2026-03-09,IF,615.45,0.12,PREMIUM_FINANCE,2025,POLARIS
ALB-HOM-0005179,P0002007,HOM,Home Buildings & Contents,,AGGREGATOR,2021-08-15,2022-08-15,IF,333.65,0.12,ANNUAL,2021,POLARIS
ALB-TRV-0005180,P0000345,TRV,Annual Travel,,BROKER,2021-09-03,2022-09-03,IF,1293.62,0.12,PREMIUM_FINANCE,2021,POLARIS
ALB-CLB-0005181,P0001257,CLB,Commercial Liability,BRK0033,BROKER,2023-11-11,2024-11-10,IF,13567.5,0.12,MONTHLY_DD,2023,POLARIS
ALB-TRV-0005182,P0000334,TRV,Annual Travel,BRK0012,DIRECT,2023-02-22,2024-02-22,EX,2610.49,0.12,MONTHLY_DD,2023,POLARIS
ALB-HOM-0005183,P0000786,HOM,Home Buildings & Contents,,DIRECT,2026-12-18,2027-12-18,EX,1584.74,0.12,MONTHLY_DD,2026,LEGACY_PAS
ALB-PET-0005184,P0002944,PET,Pet,,BROKER,2026-11-11,2027-11-11,CN,1382.98,0.12,ANNUAL,2026,POLARIS
ALB-HOM-0005185,P0000999,HOM,Home Buildings & Contents,,AGGREGATOR,2023-10-16,2024-10-15,IF,1926.61,0.12,ANNUAL,2023,POLARIS
ALB-HOM-0005186,P0003035,HOM,Home Buildings & Contents,BRK0059,DIRECT,2023-04-24,2024-04-23,CN,4128.27,0.12,MONTHLY_DD,2023,LEGACY_PAS
ALB-HOM-0005187,P0002990,HOM,Home Buildings & Contents,BRK0003,AGGREGATOR,2018-10-04,2019-10-04,LP,1061.55,0.12,ANNUAL,2018,LEGACY_PAS
ALB-MOT-0005188,P0002601,MOT,Private Motor,,AGGREGATOR,2026-03-20,2027-03-20,LP,1269.61,0.12,ANNUAL,2026,POLARIS
ALB-CPM-0005189,P0002432,CPM,Commercial Property,,DIRECT,2024-03-03,2025-03-03,RN,5994.64,0.12,ANNUAL,2024,POLARIS
ALB-PET-0005190,P0002919,PET,Pet,BRK0002,BROKER,2019-11-23,2020-11-22,EX,911.33,0.12,ANNUAL,2019,LEGACY_PAS
ALB-TRV-0005191,P0001485,TRV,Annual Travel,BRK0058,BROKER,2021-11-26,2022-11-26,RN,586.42,0.12,PREMIUM_FINANCE,2021,POLARIS
ALB-CPM-0005192,P0001756,CPM,Commercial Property,,BROKER,2018-07-25,2019-07-25,RN,5926.77,0.12,ANNUAL,2018,POLARIS
ALB-HOM-0005193,P0003063,HOM,Home Buildings & Contents,BRK0005,BROKER,2020-03-05,2021-03-05,IF,1490.04,0.12,MONTHLY_DD,2020,POLARIS
ALB-MOT-0005194,P0002105,MOT,Private Motor,,BROKER,2025-09-29,2026-09-29,IF,1454.94,0.12,ANNUAL,2025,POLARIS
ALB-MOT-0005195,P0002245,MOT,Private Motor,BRK0021,BROKER,2020-03-05,2021-03-05,RN,3839.36,0.12,MONTHLY_DD,2020,POLARIS
ALB-CLB-0005196,P0001300,CLB,Commercial Liability,BRK0052,BROKER,2020-04-26,2021-04-26,RN,9969.53,0.12,PREMIUM_FINANCE,2020,POLARIS
ALB-MOT-0005197,P0000074,MOT,Private Motor,BRK0040,DIRECT,2025-10-02,2026-10-02,IF,1867.99,0.12,PREMIUM_FINANCE,2025,POLARIS
ALB-TRV-0005198,P0000642,TRV,Annual Travel,BRK0059,AGGREGATOR,2023-08-25,2024-08-24,IF,3215.95,0.12,ANNUAL,2023,LEGACY_PAS
ALB-CPM-0005199,P0000192,CPM,Commercial Property,BRK0013,DIRECT,2025-01-13,2026-01-13,IF,3662.25,0.12,ANNUAL,2025,POLARIS
ALB-MOT-0005200,P0001691,MOT,Private Motor,BRK0021,BROKER,2022-01-24,2023-01-24,IF,3025.26,0.12,MONTHLY_DD,2022,POLARIS
