policy_no,party_id,legacy_customer_id,product_cd,channel,inception_dt,expiry_dt,policy_status,active_policy_flag,annual_premium_gbp,earned_premium_mth,postcode_dq_status,email_dq_status,broker_name,commission_pct,total_collected_gbp,last_txn_dt,load_ts
ALB-CLB-0000003,P0002397,,CLB,BROKER,2021-12-28,2022-12-28,IF,N,11647.48,11647.48,VALID,VALID,Smith & Brown Insurance Services Ltd,19.81,11647.440000000002,2022-11-23,2026-12-31 06:00:00
ALB-CLB-0000007,P0001260,,CLB,BROKER,2022-08-25,2023-08-25,IF,N,8660.2,8660.20,VALID,VALID,Johnson & Hall Insurance Services Ltd,21.38,8660.2,2022-08-25,2026-12-31 06:00:00
ALB-CLB-0000011,P0003076,,CLB,AGGREGATOR,2025-01-26,2026-01-26,IF,N,11296.6,11296.60,VALID,VALID,,,11296.6,2025-01-26,2026-12-31 06:00:00
ALB-CLB-0000024,P0000007,,CLB,AGGREGATOR,2019-04-04,2020-04-03,EX,N,10470.15,10470.15,VALID,VALID,,,10470.12,2020-02-28,2026-12-31 06:00:00
ALB-CLB-0000031,P0002684,,CLB,BROKER,2020-05-16,2021-05-16,IF,N,954.96,954.96,VALID,VALID,Taylor & Wilson Insurance Services Ltd,14.3,954.96,2020-05-16,2026-12-31 06:00:00
ALB-CLB-0000041,P0000190,162,CLB,BROKER,2024-02-13,2025-02-12,IF,N,11557.53,11557.53,VALID,VALID,,,11557.53,2024-02-13,2026-12-31 06:00:00
ALB-CLB-0000071,P0000787,305,CLB,BROKER,2019-12-07,2020-12-06,IF,N,1340.7,1340.70,VALID,VALID,Wilson & OBrien Insurance Services Ltd,9.12,1340.7,2019-12-07,2026-12-31 06:00:00
ALB-CLB-0000072,P0001204,,CLB,DIRECT,2026-01-12,2027-01-12,IF,Y,5105.06,4679.64,VALID,VALID,,,4679.62,2026-12-08,2026-12-31 06:00:00
ALB-CLB-0000077,P0001399,126,CLB,DIRECT,2025-06-27,2026-06-27,RN,N,3029.87,3029.87,VALID,VALID,,,3029.879999999999,2026-05-23,2026-12-31 06:00:00
ALB-CLB-0000081,P0003175,,CLB,DIRECT,2022-03-27,2023-03-27,IF,N,10746.81,10746.81,VALID,VALID,,,10746.81,2022-03-27,2026-12-31 06:00:00
ALB-CLB-0000092,P0000543,61,CLB,BROKER,2026-09-19,2027-09-19,EX,N,11011.02,2752.75,VALID,VALID,,,11011.02,2026-09-19,2026-12-31 06:00:00
ALB-CLB-0000099,P0000410,206,CLB,DIRECT,2018-09-07,2019-09-07,RN,N,5507.58,5507.58,VALID,VALID,Johnson & Hall Insurance Services Ltd,21.38,4589.599999999999,2019-07-04,2026-12-31 06:00:00
ALB-CLB-0000105,P0000332,181,CLB,BROKER,2026-04-21,2027-04-21,EX,N,7095.82,4730.55,VALID,VALID,Green & Jones Insurance Services Ltd,21.44,7095.82,2026-04-21,2026-12-31 06:00:00
ALB-CLB-0000107,P0002347,,CLB,AGGREGATOR,2018-04-27,2019-04-27,EX,N,2301.96,2301.96,VALID,VALID,Smith & Clarke Insurance Services Ltd,17.33,2301.96,2018-04-27,2026-12-31 06:00:00
ALB-CLB-0000118,P0003091,,CLB,BROKER,2018-12-21,2019-12-21,IF,N,5985.74,5985.74,VALID,VALID,Smith & Davies Insurance Services Ltd,14.16,5985.74,2018-12-21,2026-12-31 06:00:00
ALB-CLB-0000131,P0002059,,CLB,BROKER,2020-07-08,2021-07-08,IF,N,5142.06,5142.06,VALID,VALID,,,4713.6100000000015,2021-06-03,2026-12-31 06:00:00
ALB-CLB-0000132,P0002315,456,CLB,DIRECT,2023-06-02,2024-06-01,IF,N,5546.64,5546.64,VALID,VALID,Baker & Williams Insurance Services Ltd,17.61,5546.640000000002,2024-04-27,2026-12-31 06:00:00
ALB-CLB-0000137,P0000912,139,CLB,DIRECT,2019-10-13,2020-10-12,CN,N,6437.09,6437.09,VALID,VALID,Johnson & Hall Insurance Services Ltd,21.38,6437.04,2020-09-07,2026-12-31 06:00:00
ALB-CLB-0000143,P0002905,,CLB,BROKER,2026-08-29,2027-08-29,CN,N,8007.05,2669.02,VALID,VALID,Brown & Jones Insurance Services Ltd,10.15,8007.05,2026-08-29,2026-12-31 06:00:00
ALB-CLB-0000165,P0001779,79,CLB,DIRECT,2021-07-01,2022-07-01,CN,N,9046.93,9046.93,VALID,VALID,,,9046.93,2021-07-01,2026-12-31 06:00:00
ALB-CLB-0000167,P0001085,,CLB,BROKER,2021-06-01,2022-06-01,EX,N,5472.51,5472.51,VALID,VALID,Clarke & Davies Insurance Services Ltd,10.43,5472.4800000000005,2022-04-27,2026-12-31 06:00:00
ALB-CLB-0000170,P0003098,,CLB,DIRECT,2023-12-29,2024-12-28,RN,N,2432.23,2432.23,VALID,VALID,,,2432.28,2024-11-23,2026-12-31 06:00:00
ALB-CLB-0000171,P0001755,320,CLB,DIRECT,2021-06-04,2022-06-04,IF,N,4501.18,4501.18,VALID,VALID,Hall & Wright Insurance Services Ltd,8.65,4501.2,2022-04-30,2026-12-31 06:00:00
ALB-CLB-0000176,P0000906,,CLB,BROKER,2024-11-23,2025-11-23,RN,N,2220.5,2220.50,VALID,VALID,Davies & Hughes Insurance Services Ltd,15.18,2220.5,2024-11-23,2026-12-31 06:00:00
ALB-CLB-0000210,P0002840,,CLB,BROKER,2026-10-21,2027-10-21,IF,N,4084.59,680.77,VALID,VALID,,,4084.59,2026-10-21,2026-12-31 06:00:00
ALB-CLB-0000214,P0001381,,CLB,BROKER,2026-07-24,2027-07-24,EX,N,6971.76,2904.90,VALID,VALID,Smith & Clarke Insurance Services Ltd,17.33,6971.759999999998,2027-06-19,2026-12-31 06:00:00
ALB-CLB-0000215,P0001721,,CLB,BROKER,2026-11-16,2027-11-16,IF,Y,2040.9,170.08,VALID,VALID,Patel & Taylor Insurance Services Ltd,13.95,1870.8799999999999,2027-09-12,2026-12-31 06:00:00
ALB-CLB-0000238,P0002887,101,CLB,DIRECT,2022-08-31,2023-08-31,IF,N,6512.99,6512.99,VALID,VALID,OBrien & Green Insurance Services Ltd,17.85,,,2026-12-31 06:00:00
ALB-CLB-0000240,P0002852,,CLB,DIRECT,2020-10-16,2021-10-16,IF,N,12325.38,12325.38,VALID,VALID,Khan & Smith Insurance Services Ltd,17.81,12325.439999999995,2021-09-11,2026-12-31 06:00:00
ALB-CLB-0000241,P0002992,,CLB,DIRECT,2024-12-17,2025-12-17,EX,N,6561.65,6561.65,VALID,VALID,Hall & Brown Insurance Services Ltd,13.16,6014.800000000001,2025-11-12,2026-12-31 06:00:00
ALB-CLB-0000248,P0002042,,CLB,BROKER,2025-03-16,2026-03-16,RN,N,8030.16,8030.16,VALID,VALID,Davies & Davies Insurance Services Ltd,17.73,7360.9800000000005,2026-02-09,2026-12-31 06:00:00
ALB-CLB-0000251,P0000923,,CLB,DIRECT,2026-01-18,2027-01-18,RN,N,5615.71,5147.73,VALID,VALID,Johnson & Murphy Insurance Services Ltd,21.31,5615.759999999998,2026-12-14,2026-12-31 06:00:00
ALB-CLB-0000257,P0000675,262,CLB,AGGREGATOR,2024-08-16,2025-08-16,RN,N,4865.4,4865.40,VALID,VALID,Jones & Baker Insurance Services Ltd,8.84,4865.399999999999,2025-07-12,2026-12-31 06:00:00
ALB-CLB-0000258,P0000588,,CLB,AGGREGATOR,2026-06-04,2027-06-04,RN,N,6415.25,3742.23,VALID,VALID,Clarke & Davies Insurance Services Ltd,10.43,6415.200000000002,2027-04-30,2026-12-31 06:00:00
ALB-CLB-0000259,P0001229,,CLB,AGGREGATOR,2021-08-07,2022-08-07,IF,N,1590.21,1590.21,VALID,VALID,Baker & Hughes Insurance Services Ltd,13.91,1590.21,2021-08-07,2026-12-31 06:00:00
ALB-CLB-0000263,P0002011,,CLB,BROKER,2020-10-13,2021-10-13,IF,N,3508.12,3508.12,VALID,VALID,,,3508.12,2020-10-13,2026-12-31 06:00:00
ALB-CLB-0000268,P0002714,21,CLB,BROKER,2021-01-29,2022-01-29,RN,N,12117.73,12117.73,VALID,VALID,,,11107.909999999996,2021-12-25,2026-12-31 06:00:00
ALB-CLB-0000270,P0002177,214,CLB,AGGREGATOR,2022-11-11,2023-11-11,CN,N,6762.76,6762.76,VALID,VALID,,,6762.76,2022-11-11,2026-12-31 06:00:00
ALB-CLB-0000272,P0002844,,CLB,BROKER,2024-10-14,2025-10-14,CN,N,7561.65,7561.65,VALID,VALID,,,7561.680000000001,2025-09-09,2026-12-31 06:00:00
ALB-CLB-0000273,P0002005,413,CLB,BROKER,2018-02-16,2019-02-16,IF,N,3039.67,3039.67,VALID,VALID,Johnson & Murphy Insurance Services Ltd,21.31,3039.67,2018-02-16,2026-12-31 06:00:00
ALB-CLB-0000279,P0001525,410,CLB,BROKER,2026-11-21,2027-11-21,RN,N,5808.31,484.03,VALID,VALID,,,5808.359999999998,2027-10-17,2026-12-31 06:00:00
ALB-CLB-0000283,P0002650,,CLB,AGGREGATOR,2022-12-22,2023-12-22,IF,N,4660.64,4660.64,VALID,VALID,Davies & Wright Insurance Services Ltd,13.6,3883.899999999999,2023-11-17,2026-12-31 06:00:00
ALB-CLB-0000286,P0000464,241,CLB,BROKER,2023-02-27,2024-02-27,LP,N,3996.79,3996.79,VALID,VALID,,,3996.8400000000006,2024-01-23,2026-12-31 06:00:00
ALB-CLB-0000287,P0003100,,CLB,BROKER,2020-07-05,2021-07-05,LP,N,9252.26,9252.26,VALID,VALID,Clarke & Wright Insurance Services Ltd,11.72,9252.26,2020-07-05,2026-12-31 06:00:00
ALB-CLB-0000295,P0001816,57,CLB,AGGREGATOR,2025-12-26,2026-12-26,IF,N,9096.68,9096.68,VALID,VALID,Wilson & Wright Insurance Services Ltd,7.87,9096.68,2025-12-26,2026-12-31 06:00:00
ALB-CLB-0000302,P0002917,,CLB,DIRECT,2021-12-24,2022-12-24,RN,N,12914.19,12914.19,VALID,VALID,Walker & Wright Insurance Services Ltd,10.74,12914.160000000002,2022-11-19,2026-12-31 06:00:00
ALB-CLB-0000303,P0001777,,CLB,DIRECT,2025-11-07,2026-11-07,RN,N,11662.69,11662.69,VALID,VALID,,,11662.679999999998,2026-10-03,2026-12-31 06:00:00
ALB-CLB-0000312,P0002531,,CLB,BROKER,2018-11-28,2019-11-28,EX,N,5778.89,5778.89,VALID,VALID,,,5297.2699999999995,2019-09-24,2026-12-31 06:00:00
ALB-CLB-0000314,P0001244,,CLB,BROKER,2024-01-05,2025-01-04,EX,N,4979.61,4979.61,VALID,VALID,,,4564.670000000002,2024-11-30,2026-12-31 06:00:00
ALB-CLB-0000315,P0001531,,CLB,AGGREGATOR,2018-12-16,2019-12-16,EX,N,6286.51,6286.51,VALID,VALID,Robinson & Brown Insurance Services Ltd,15.85,6286.51,2018-12-16,2026-12-31 06:00:00
ALB-CLB-0000322,P0000778,,CLB,DIRECT,2019-03-14,2020-03-13,RN,N,2737.26,2737.26,VALID,VALID,Walker & OBrien Insurance Services Ltd,10.5,2509.210000000001,2020-02-07,2026-12-31 06:00:00
ALB-CLB-0000325,P0000211,203,CLB,BROKER,2022-03-07,2023-03-07,IF,N,7065.04,7065.04,VALID,VALID,Brown & Jones Insurance Services Ltd,10.15,7065.04,2022-03-07,2026-12-31 06:00:00
ALB-CLB-0000334,P0001790,,CLB,AGGREGATOR,2022-09-03,2023-09-03,LP,N,2510.57,2510.57,VALID,VALID,Green & Jones Insurance Services Ltd,21.44,2301.31,2023-07-30,2026-12-31 06:00:00
ALB-CLB-0000340,P0000905,,CLB,BROKER,2024-02-05,2025-02-04,EX,N,11130.94,11130.94,VALID,VALID,,,11130.94,2024-02-05,2026-12-31 06:00:00
ALB-CLB-0000348,P0002157,,CLB,BROKER,2022-05-25,2023-05-25,IF,N,6045.93,6045.93,VALID,VALID,Jones & Baker Insurance Services Ltd,8.84,6045.93,2022-05-25,2026-12-31 06:00:00
ALB-CLB-0000349,P0000245,353,CLB,BROKER,2022-03-13,2023-03-13,LP,N,3454.75,3454.75,VALID,VALID,,,3454.75,2022-03-13,2026-12-31 06:00:00
ALB-CLB-0000354,P0000883,369,CLB,BROKER,2025-11-28,2026-11-28,LP,N,10425.78,10425.78,VALID,VALID,,,9557.019999999999,2026-10-24,2026-12-31 06:00:00
ALB-CLB-0000373,P0003104,87,CLB,AGGREGATOR,2022-02-08,2023-02-08,IF,N,3528.86,3528.86,VALID,VALID,,,3528.86,2022-02-08,2026-12-31 06:00:00
ALB-CLB-0000379,P0003083,,CLB,BROKER,2024-06-13,2025-06-13,LP,N,2983.27,2983.27,VALID,VALID,Robinson & Brown Insurance Services Ltd,15.85,2983.320000000001,2025-05-09,2026-12-31 06:00:00
ALB-CLB-0000381,P0000262,306,CLB,DIRECT,2023-05-31,2024-05-30,IF,N,7469.98,7469.98,VALID,VALID,Brown & Davies Insurance Services Ltd,14.49,6847.5,2024-04-25,2026-12-31 06:00:00
ALB-CLB-0000385,P0000862,212,CLB,DIRECT,2026-09-18,2027-09-18,LP,N,4312.41,1078.10,VALID,VALID,Taylor & Walker Insurance Services Ltd,13.94,4312.41,2026-09-18,2026-12-31 06:00:00
ALB-CLB-0000386,P0001182,,CLB,DIRECT,2026-09-12,2027-09-12,LP,N,11246.13,2811.53,VALID,VALID,Wilson & Johnson Insurance Services Ltd,21.61,11246.160000000002,2027-08-08,2026-12-31 06:00:00
ALB-CLB-0000388,P0001400,,CLB,BROKER,2020-10-16,2021-10-16,EX,N,5408.5,5408.50,VALID,VALID,,,5408.5199999999995,2021-09-11,2026-12-31 06:00:00
ALB-CLB-0000390,P0002920,5,CLB,BROKER,2019-09-14,2020-09-13,EX,N,4228.48,4228.48,VALID,VALID,Taylor & Wilson Insurance Services Ltd,14.3,4228.48,2019-09-14,2026-12-31 06:00:00
ALB-CLB-0000401,P0000090,111,CLB,DIRECT,2024-07-17,2025-07-17,IF,N,9389.05,9389.05,VALID,VALID,,,8606.619999999999,2025-06-12,2026-12-31 06:00:00
ALB-CLB-0000402,P0002457,,CLB,AGGREGATOR,2022-03-09,2023-03-09,IF,N,10420.79,10420.79,VALID,VALID,Wilson & Johnson Insurance Services Ltd,21.61,10420.799999999997,2023-02-02,2026-12-31 06:00:00
ALB-CLB-0000403,P0000891,334,CLB,BROKER,2023-11-19,2024-11-18,EX,N,14680.02,14680.02,VALID,VALID,,,12233.4,2024-10-14,2026-12-31 06:00:00
ALB-CLB-0000404,P0002302,226,CLB,BROKER,2023-02-28,2024-02-28,IF,N,2286.18,2286.18,VALID,VALID,Davies & Wright Insurance Services Ltd,13.6,2286.12,2024-01-24,2026-12-31 06:00:00
ALB-CLB-0000409,P0001249,,CLB,AGGREGATOR,2024-11-27,2025-11-27,IF,N,7125.52,7125.52,INVALID,VALID,,,7125.48,2025-10-23,2026-12-31 06:00:00
ALB-CLB-0000410,P0001189,,CLB,DIRECT,2020-04-03,2021-04-03,IF,N,5412.58,5412.58,VALID,VALID,Wilson & Wright Insurance Services Ltd,7.87,4059.4500000000007,2021-02-27,2026-12-31 06:00:00
ALB-CLB-0000415,P0000183,,CLB,DIRECT,2021-01-21,2022-01-21,IF,N,8709.65,8709.65,VALID,VALID,,,7258.000000000001,2021-12-17,2026-12-31 06:00:00
ALB-CLB-0000417,P0000325,277,CLB,AGGREGATOR,2020-09-18,2021-09-18,LP,N,7372.33,7372.33,VALID,VALID,Baker & Williams Insurance Services Ltd,17.61,5529.24,2021-08-14,2026-12-31 06:00:00
ALB-CLB-0000421,P0002340,,CLB,BROKER,2025-11-14,2026-11-14,CN,N,11958.4,11958.40,VALID,VALID,Williams & Williams Insurance Services Ltd,18.19,11958.36,2026-10-10,2026-12-31 06:00:00
ALB-CLB-0000425,P0000416,31,CLB,BROKER,2021-07-27,2022-07-27,RN,N,1682.45,1682.45,VALID,VALID,Robinson & Brown Insurance Services Ltd,15.85,1542.2000000000003,2022-05-23,2026-12-31 06:00:00
ALB-CLB-0000431,P0001689,80,CLB,BROKER,2022-11-06,2023-11-06,IF,N,5807.12,5807.12,VALID,VALID,,,5807.160000000001,2023-10-02,2026-12-31 06:00:00
ALB-CLB-0000432,P0000846,228,CLB,BROKER,2025-04-29,2026-04-29,EX,N,10358.29,10358.29,VALID,VALID,Wilson & Wright Insurance Services Ltd,7.87,10358.29,2025-04-29,2026-12-31 06:00:00
ALB-CLB-0000435,P0002096,,CLB,DIRECT,2021-08-07,2022-08-07,LP,N,12221.84,12221.84,VALID,VALID,Hall & Baker Insurance Services Ltd,14.43,12221.84,2021-08-07,2026-12-31 06:00:00
ALB-CLB-0000438,P0003024,497,CLB,DIRECT,2018-11-09,2019-11-09,IF,N,1205.59,1205.59,VALID,VALID,Davies & Brown Insurance Services Ltd,22.12,1205.59,2018-11-09,2026-12-31 06:00:00
ALB-CLB-0000444,P0000365,273,CLB,DIRECT,2020-08-10,2021-08-10,IF,N,2495.56,2495.56,VALID,VALID,,,2287.56,2021-07-06,2026-12-31 06:00:00
ALB-CLB-0000447,P0001704,377,CLB,AGGREGATOR,2018-06-20,2019-06-20,CN,N,8294.25,8294.25,VALID,VALID,Clarke & Wright Insurance Services Ltd,9.41,8294.25,2018-06-20,2026-12-31 06:00:00
ALB-CLB-0000450,P0000648,,CLB,DIRECT,2021-10-13,2022-10-13,EX,N,6986.76,6986.76,INVALID,VALID,Smith & Clarke Insurance Services Ltd,17.33,6986.76,2021-10-13,2026-12-31 06:00:00
ALB-CLB-0000452,P0003018,187,CLB,BROKER,2026-07-16,2027-07-16,LP,N,1732.41,721.84,VALID,VALID,Patel & Clarke Insurance Services Ltd,9.04,1588.0699999999997,2027-06-11,2026-12-31 06:00:00
ALB-CLB-0000456,P0000988,223,CLB,BROKER,2026-07-29,2027-07-29,EX,N,8826.67,3677.78,VALID,VALID,,,8091.159999999998,2027-06-24,2026-12-31 06:00:00
ALB-CLB-0000458,P0000032,,CLB,AGGREGATOR,2024-03-08,2025-03-08,LP,N,3195.57,3195.57,VALID,VALID,Williams & Hall Insurance Services Ltd,14.19,3195.600000000001,2025-02-01,2026-12-31 06:00:00
ALB-CLB-0000461,P0002517,,CLB,AGGREGATOR,2019-05-21,2020-05-20,RN,N,10521.64,10521.64,VALID,VALID,Williams & Baker Insurance Services Ltd,16.38,8768.0,2020-04-15,2026-12-31 06:00:00
ALB-CLB-0000466,P0001151,,CLB,BROKER,2020-12-16,2021-12-16,LP,N,2198.46,2198.46,VALID,VALID,,,2198.46,2020-12-16,2026-12-31 06:00:00
ALB-CLB-0000468,P0002682,,CLB,BROKER,2022-10-19,2023-10-19,IF,N,4014.21,4014.21,VALID,VALID,Green & Patel Insurance Services Ltd,10.9,3679.72,2023-09-14,2026-12-31 06:00:00
ALB-CLB-0000469,P0002917,,CLB,BROKER,2021-04-20,2022-04-20,IF,N,4047.59,4047.59,VALID,VALID,Baker & Williams Insurance Services Ltd,17.61,3710.3000000000006,2022-03-16,2026-12-31 06:00:00
ALB-CLB-0000474,P0001397,306,CLB,BROKER,2019-05-10,2020-05-09,CN,N,8381.35,8381.35,VALID,VALID,Smith & Clarke Insurance Services Ltd,17.33,7682.949999999999,2020-04-04,2026-12-31 06:00:00
ALB-CLB-0000480,P0001818,,CLB,DIRECT,2018-07-07,2019-07-07,IF,N,1878.29,1878.29,VALID,VALID,,,1721.72,2019-06-02,2026-12-31 06:00:00
ALB-CLB-0000481,P0000007,,CLB,BROKER,2024-03-22,2025-03-22,IF,N,14669.9,14669.90,VALID,VALID,Davies & Taylor Insurance Services Ltd,14.09,13447.39,2025-02-15,2026-12-31 06:00:00
ALB-CLB-0000498,P0002140,383,CLB,BROKER,2025-05-15,2026-05-15,IF,N,5379.99,5379.99,VALID,VALID,Wilson & Johnson Insurance Services Ltd,21.61,5379.99,2025-05-15,2026-12-31 06:00:00
ALB-CLB-0000503,P0002470,,CLB,BROKER,2023-07-25,2024-07-24,RN,N,3681.71,3681.71,VALID,VALID,,,3068.1,2024-06-19,2026-12-31 06:00:00
ALB-CLB-0000513,P0000395,313,CLB,DIRECT,2019-07-21,2020-07-20,IF,N,12342.14,12342.14,VALID,VALID,,,12342.12,2020-06-15,2026-12-31 06:00:00
ALB-CLB-0000515,P0003043,,CLB,BROKER,2026-02-02,2027-02-02,EX,N,8127.34,7450.06,INVALID,VALID,,,8127.359999999998,2026-12-29,2026-12-31 06:00:00
ALB-CLB-0000517,P0001141,284,CLB,AGGREGATOR,2018-11-27,2019-11-27,IF,N,2997.13,2997.13,VALID,VALID,Brown & Davies Insurance Services Ltd,14.49,2997.120000000001,2019-10-23,2026-12-31 06:00:00
ALB-CLB-0000537,P0000360,424,CLB,BROKER,2024-07-10,2025-07-10,IF,N,2565.27,2565.27,VALID,VALID,Walker & OBrien Insurance Services Ltd,10.5,2351.4700000000003,2025-05-06,2026-12-31 06:00:00
ALB-CLB-0000538,P0002527,272,CLB,DIRECT,2024-04-10,2025-04-10,EX,N,1913.2,1913.20,VALID,VALID,Williams & Baker Insurance Services Ltd,16.38,1594.3000000000004,2025-03-06,2026-12-31 06:00:00
ALB-CLB-0000540,P0001960,353,CLB,DIRECT,2023-06-11,2024-06-10,IF,N,6890.39,6890.39,VALID,VALID,Green & Jones Insurance Services Ltd,21.44,6316.199999999999,2024-05-06,2026-12-31 06:00:00
ALB-CLB-0000543,P0001159,347,CLB,DIRECT,2019-12-17,2020-12-16,EX,N,5280.29,5280.29,VALID,VALID,,,4400.2,2020-11-11,2026-12-31 06:00:00
ALB-CLB-0000548,P0003139,214,CLB,AGGREGATOR,2021-12-04,2022-12-04,RN,N,9270.14,9270.14,VALID,VALID,Davies & Taylor Insurance Services Ltd,14.09,9270.12,2022-10-30,2026-12-31 06:00:00
ALB-CLB-0000550,P0002696,,CLB,AGGREGATOR,2024-09-28,2025-09-28,IF,N,7472.49,7472.49,VALID,VALID,Khan & Davies Insurance Services Ltd,12.18,7472.49,2024-09-28,2026-12-31 06:00:00
ALB-CLB-0000554,P0002813,255,CLB,BROKER,2020-06-06,2021-06-06,IF,N,3169.24,3169.24,VALID,VALID,,,3169.24,2020-06-06,2026-12-31 06:00:00
ALB-CLB-0000562,P0000573,179,CLB,DIRECT,2018-06-25,2019-06-25,RN,N,3060.69,3060.69,VALID,VALID,Hall & Hall Insurance Services Ltd,9.1,3060.72,2019-05-21,2026-12-31 06:00:00
ALB-CLB-0000563,P0000378,366,CLB,BROKER,2018-11-24,2019-11-24,IF,N,1165.51,1165.51,VALID,VALID,,,1165.56,2019-10-20,2026-12-31 06:00:00
ALB-CLB-0000564,P0002644,,CLB,BROKER,2023-09-11,2024-09-10,IF,N,3587.69,3587.69,VALID,VALID,Brown & Jones Insurance Services Ltd,10.15,3587.6400000000012,2024-08-06,2026-12-31 06:00:00
ALB-CLB-0000574,P0002539,490,CLB,BROKER,2025-07-26,2026-07-26,LP,N,10755.3,10755.30,VALID,VALID,,,10755.240000000003,2026-06-21,2026-12-31 06:00:00
ALB-CLB-0000582,P0002925,,CLB,AGGREGATOR,2021-06-13,2022-06-13,RN,N,7575.45,7575.45,VALID,VALID,Baker & Brown Insurance Services Ltd,14.45,7575.48,2022-05-09,2026-12-31 06:00:00
ALB-CLB-0000583,P0002983,367,CLB,AGGREGATOR,2025-08-30,2026-08-30,RN,N,8554.22,8554.22,VALID,VALID,Davies & Hughes Insurance Services Ltd,15.18,8554.22,2025-08-30,2026-12-31 06:00:00
ALB-CLB-0000594,P0001625,,CLB,AGGREGATOR,2025-05-27,2026-05-27,LP,N,4208.58,4208.58,VALID,VALID,,,4208.58,2025-05-27,2026-12-31 06:00:00
ALB-CLB-0000603,P0001311,370,CLB,DIRECT,2021-11-24,2022-11-24,RN,N,10142.37,10142.37,VALID,VALID,Smith & Davies Insurance Services Ltd,14.16,10142.37,2021-11-24,2026-12-31 06:00:00
ALB-CLB-0000609,P0001207,46,CLB,DIRECT,2024-05-03,2025-05-03,RN,N,3216.67,3216.67,VALID,VALID,Taylor & Johnson Insurance Services Ltd,17.25,2948.66,2025-03-29,2026-12-31 06:00:00
ALB-CLB-0000610,P0000676,234,CLB,AGGREGATOR,2025-04-08,2026-04-08,RN,N,5041.65,5041.65,VALID,VALID,,,5041.68,2026-03-04,2026-12-31 06:00:00
ALB-CLB-0000614,P0000812,333,CLB,DIRECT,2022-03-26,2023-03-26,IF,N,14105.8,14105.80,VALID,VALID,Taylor & Murphy Insurance Services Ltd,20.48,12930.279999999997,2023-02-19,2026-12-31 06:00:00
ALB-CLB-0000619,P0001041,103,CLB,DIRECT,2021-04-02,2022-04-02,RN,N,10746.8,10746.80,VALID,VALID,,,10746.8,2021-04-02,2026-12-31 06:00:00
ALB-CLB-0000629,P0002996,325,CLB,DIRECT,2021-06-24,2022-06-24,IF,N,8697.87,8697.87,VALID,VALID,Hall & Wright Insurance Services Ltd,8.65,7973.019999999999,2022-05-20,2026-12-31 06:00:00
ALB-CLB-0000633,P0002191,,CLB,BROKER,2026-09-25,2027-09-25,RN,N,8276.37,2069.09,VALID,VALID,Williams & Hall Insurance Services Ltd,14.19,8276.4,2027-08-21,2026-12-31 06:00:00
ALB-CLB-0000634,P0001578,,CLB,AGGREGATOR,2024-06-09,2025-06-09,CN,N,12903.35,12903.35,VALID,VALID,,,12903.360000000002,2025-05-05,2026-12-31 06:00:00
ALB-CLB-0000637,P0002834,148,CLB,BROKER,2026-11-20,2027-11-20,CN,N,7762.95,646.91,VALID,VALID,Davies & Brown Insurance Services Ltd,22.12,7762.919999999999,2027-10-16,2026-12-31 06:00:00
ALB-CLB-0000639,P0001158,471,CLB,DIRECT,2019-01-18,2020-01-18,EX,N,10744.88,10744.88,VALID,VALID,Johnson & Hughes Insurance Services Ltd,17.19,10744.92,2019-12-14,2026-12-31 06:00:00
ALB-CLB-0000642,P0001798,262,CLB,BROKER,2024-04-14,2025-04-14,RN,N,11870.76,11870.76,VALID,VALID,Jones & Robinson Insurance Services Ltd,21.97,11870.76,2024-04-14,2026-12-31 06:00:00
ALB-CLB-0000645,P0000281,,CLB,DIRECT,2025-07-16,2026-07-16,RN,N,10849.4,10849.40,VALID,VALID,Green & Jones Insurance Services Ltd,21.44,9945.320000000002,2026-05-12,2026-12-31 06:00:00
ALB-CLB-0000659,P0001299,,CLB,BROKER,2018-01-06,2019-01-06,IF,N,8602.88,8602.88,VALID,VALID,Baker & Hughes Insurance Services Ltd,13.91,7169.099999999999,2018-12-02,2026-12-31 06:00:00
ALB-CLB-0000663,P0001439,,CLB,BROKER,2026-06-28,2027-06-28,IF,N,7956.76,3978.38,VALID,VALID,Jones & Robinson Insurance Services Ltd,21.97,7956.76,2026-06-28,2026-12-31 06:00:00
ALB-CLB-0000679,P0002703,,CLB,BROKER,2025-03-13,2026-03-13,IF,N,3875.79,3875.79,VALID,VALID,,,3229.8,2026-02-06,2026-12-31 06:00:00
ALB-CLB-0000684,P0001011,,CLB,DIRECT,2019-06-10,2020-06-09,IF,N,12390.11,12390.11,VALID,VALID,,,,,2026-12-31 06:00:00
ALB-CLB-0000691,P0001942,451,CLB,BROKER,2023-08-20,2024-08-19,EX,N,8987.15,8987.15,VALID,VALID,Williams & Baker Insurance Services Ltd,16.38,8987.15,2023-08-20,2026-12-31 06:00:00
ALB-CLB-0000696,P0002832,,CLB,BROKER,2025-06-26,2026-06-26,IF,N,3608.28,3608.28,VALID,VALID,Brown & Jones Insurance Services Ltd,10.15,3608.28,2026-05-22,2026-12-31 06:00:00
ALB-CLB-0000702,P0002052,,CLB,AGGREGATOR,2023-06-24,2024-06-23,IF,N,2400.46,2400.46,VALID,VALID,Hughes & Wright Insurance Services Ltd,8.65,2400.48,2024-05-19,2026-12-31 06:00:00
ALB-CLB-0000704,P0002312,,CLB,BROKER,2025-09-17,2026-09-17,IF,N,13589.8,13589.80,VALID,VALID,Green & Patel Insurance Services Ltd,10.9,13589.8,2025-09-17,2026-12-31 06:00:00
ALB-CLB-0000710,P0002698,,CLB,BROKER,2021-01-19,2022-01-19,LP,N,8255.52,8255.52,VALID,VALID,Clarke & Davies Insurance Services Ltd,10.43,8255.52,2021-01-19,2026-12-31 06:00:00
ALB-CLB-0000714,P0000003,470,CLB,BROKER,2019-01-16,2020-01-16,RN,N,1447.37,1447.37,VALID,VALID,Davies & Taylor Insurance Services Ltd,14.09,1326.7099999999998,2019-12-12,2026-12-31 06:00:00
ALB-CLB-0000716,P0000329,222,CLB,BROKER,2023-10-06,2024-10-05,RN,N,9864.62,9864.62,VALID,VALID,Walker & Wright Insurance Services Ltd,10.74,9042.55,2024-08-31,2026-12-31 06:00:00
ALB-CLB-0000728,P0002569,329,CLB,AGGREGATOR,2020-09-03,2021-09-03,IF,N,1768.61,1768.61,VALID,VALID,Davies & Hughes Insurance Services Ltd,15.18,1768.61,2020-09-03,2026-12-31 06:00:00
ALB-CLB-0000735,P0002701,327,CLB,BROKER,2020-12-19,2021-12-19,IF,N,12989.6,12989.60,VALID,VALID,,,12989.639999999998,2021-11-14,2026-12-31 06:00:00
ALB-CLB-0000756,P0001790,,CLB,BROKER,2022-05-10,2023-05-10,EX,N,11255.78,11255.78,VALID,VALID,Taylor & Wilson Insurance Services Ltd,14.3,10317.779999999997,2023-04-05,2026-12-31 06:00:00
ALB-CLB-0000760,P0000890,404,CLB,BROKER,2026-03-10,2027-03-10,IF,N,11877.95,8908.46,VALID,VALID,,,11877.95,2026-03-10,2026-12-31 06:00:00
ALB-CLB-0000766,P0001641,,CLB,BROKER,2021-11-19,2022-11-19,IF,N,3447.32,3447.32,VALID,VALID,,,3447.3599999999988,2022-10-15,2026-12-31 06:00:00
ALB-CLB-0000769,P0002971,1,CLB,BROKER,2022-11-20,2023-11-20,IF,N,7286.76,7286.76,VALID,VALID,Davies & Davies Insurance Services Ltd,17.73,7286.76,2022-11-20,2026-12-31 06:00:00
ALB-CLB-0000772,P0000140,149,CLB,DIRECT,2023-09-18,2024-09-17,IF,N,11975.97,11975.97,VALID,VALID,Clarke & Davies Insurance Services Ltd,10.43,11975.97,2023-09-18,2026-12-31 06:00:00
ALB-CLB-0000775,P0000330,,CLB,DIRECT,2020-12-11,2021-12-11,IF,N,9484.55,9484.55,VALID,VALID,Baker & Brown Insurance Services Ltd,14.45,9484.55,2020-12-11,2026-12-31 06:00:00
ALB-CLB-0000777,P0001154,,CLB,BROKER,2022-06-13,2023-06-13,IF,N,11409.16,11409.16,VALID,VALID,Johnson & Murphy Insurance Services Ltd,17.99,,,2026-12-31 06:00:00
ALB-CLB-0000789,P0002528,,CLB,BROKER,2026-12-20,2027-12-20,RN,N,14139.26,0.00,VALID,VALID,Davies & Taylor Insurance Services Ltd,14.09,14139.26,2026-12-20,2026-12-31 06:00:00
ALB-CLB-0000798,P0002538,,CLB,DIRECT,2020-12-02,2021-12-02,EX,N,5279.89,5279.89,VALID,VALID,,,5279.89,2020-12-02,2026-12-31 06:00:00
ALB-CLB-0000807,P0000751,426,CLB,BROKER,2024-12-16,2025-12-16,IF,N,11695.52,11695.52,VALID,VALID,,,11695.559999999998,2025-11-11,2026-12-31 06:00:00
ALB-CLB-0000825,P0002120,142,CLB,BROKER,2026-10-27,2027-10-27,IF,N,4418.0,736.33,VALID,VALID,Murphy & Johnson Insurance Services Ltd,12.64,4418.0,2026-10-27,2026-12-31 06:00:00
ALB-CLB-0000826,P0001269,220,CLB,BROKER,2023-03-07,2024-03-06,IF,N,3053.37,3053.37,VALID,VALID,,,3053.37,2023-03-07,2026-12-31 06:00:00
ALB-CLB-0000846,P0000718,354,CLB,BROKER,2021-11-06,2022-11-06,RN,N,12734.42,12734.42,VALID,VALID,Robinson & Brown Insurance Services Ltd,15.85,11673.200000000003,2022-10-02,2026-12-31 06:00:00
ALB-CLB-0000849,P0001781,,CLB,BROKER,2025-06-13,2026-06-13,IF,N,11329.58,11329.58,VALID,VALID,,,11329.559999999998,2026-05-09,2026-12-31 06:00:00
ALB-CLB-0000850,P0000384,345,CLB,BROKER,2026-03-24,2027-03-24,EX,N,5092.72,3819.54,VALID,VALID,,,5092.72,2026-03-24,2026-12-31 06:00:00
ALB-CLB-0000852,P0001193,,CLB,BROKER,2018-08-18,2019-08-18,IF,N,8989.59,8989.59,VALID,VALID,Green & Murphy Insurance Services Ltd,11.43,8989.56,2019-07-14,2026-12-31 06:00:00
ALB-CLB-0000859,P0003026,38,CLB,AGGREGATOR,2023-10-12,2024-10-11,IF,N,885.34,885.34,VALID,VALID,Taylor & Walker Insurance Services Ltd,13.94,811.5799999999998,2024-09-06,2026-12-31 06:00:00
ALB-CLB-0000860,P0002763,240,CLB,BROKER,2026-03-11,2027-03-11,IF,Y,13572.25,10179.19,VALID,VALID,Baker & Hughes Insurance Services Ltd,13.91,12441.220000000003,2027-02-04,2026-12-31 06:00:00
ALB-CLB-0000863,P0000619,278,CLB,BROKER,2024-05-28,2025-05-28,IF,N,10399.54,10399.54,VALID,VALID,,,10399.559999999998,2025-04-23,2026-12-31 06:00:00
ALB-CLB-0000865,P0000566,473,CLB,DIRECT,2019-12-28,2020-12-27,RN,N,2503.75,2503.75,VALID,VALID,,,2295.1500000000005,2020-11-22,2026-12-31 06:00:00
ALB-CLB-0000872,P0000661,3,CLB,BROKER,2026-03-17,2027-03-17,RN,N,14364.19,10773.14,VALID,VALID,,,11970.200000000003,2027-02-10,2026-12-31 06:00:00
ALB-CLB-0000873,P0000470,,CLB,DIRECT,2021-11-09,2022-11-09,CN,N,2994.21,2994.21,VALID,VALID,,,2994.2400000000002,2022-10-05,2026-12-31 06:00:00
ALB-CLB-0000878,P0001789,123,CLB,DIRECT,2024-09-05,2025-09-05,RN,N,1950.45,1950.45,VALID,VALID,,,1950.4799999999998,2025-08-01,2026-12-31 06:00:00
ALB-CLB-0000885,P0002986,,CLB,AGGREGATOR,2023-02-26,2024-02-26,EX,N,1696.83,1696.83,VALID,VALID,Hall & Brown Insurance Services Ltd,13.16,1555.4000000000003,2024-01-22,2026-12-31 06:00:00
ALB-CLB-0000897,P0000417,269,CLB,AGGREGATOR,2024-09-05,2025-09-05,LP,N,7589.96,7589.96,VALID,VALID,,,7589.96,2024-09-05,2026-12-31 06:00:00
ALB-CLB-0000920,P0002134,453,CLB,DIRECT,2026-11-30,2027-11-30,IF,Y,5403.78,450.32,VALID,VALID,,,5403.78,2026-11-30,2026-12-31 06:00:00
ALB-CLB-0000922,P0000291,270,CLB,BROKER,2021-08-10,2022-08-10,IF,N,2745.22,2745.22,VALID,VALID,Smith & Clarke Insurance Services Ltd,17.33,2745.2400000000002,2022-07-06,2026-12-31 06:00:00
ALB-CLB-0000930,P0000688,,CLB,DIRECT,2022-09-09,2023-09-09,IF,N,12576.57,12576.57,VALID,VALID,Baker & Wright Insurance Services Ltd,22.1,11528.549999999997,2023-08-05,2026-12-31 06:00:00
ALB-CLB-0000947,P0000154,327,CLB,BROKER,2026-07-15,2027-07-15,IF,N,8302.07,3459.20,VALID,VALID,Davies & Hughes Insurance Services Ltd,15.18,8302.07,2026-07-15,2026-12-31 06:00:00
ALB-CLB-0000954,P0003185,,CLB,DIRECT,2020-02-09,2021-02-08,EX,N,9532.24,9532.24,VALID,VALID,Jones & Robinson Insurance Services Ltd,21.97,9532.24,2020-02-09,2026-12-31 06:00:00
ALB-CLB-0000955,P0001493,,CLB,DIRECT,2019-07-23,2020-07-22,IF,N,7167.56,7167.56,VALID,VALID,Davies & Davies Insurance Services Ltd,17.73,7167.600000000001,2020-06-17,2026-12-31 06:00:00
ALB-CLB-0000963,P0001675,423,CLB,DIRECT,2018-03-22,2019-03-22,IF,N,8073.34,8073.34,VALID,VALID,Patel & Taylor Insurance Services Ltd,13.95,7400.579999999998,2019-02-15,2026-12-31 06:00:00
ALB-CLB-0000965,P0001501,442,CLB,DIRECT,2022-11-16,2023-11-16,CN,N,13097.46,13097.46,VALID,VALID,Wilson & OBrien Insurance Services Ltd,9.12,12005.950000000003,2023-10-12,2026-12-31 06:00:00
ALB-CLB-0000974,P0000117,194,CLB,AGGREGATOR,2020-09-29,2021-09-29,LP,N,11227.55,11227.55,VALID,VALID,,,11227.559999999998,2021-08-25,2026-12-31 06:00:00
ALB-CLB-0000975,P0002742,469,CLB,AGGREGATOR,2025-10-12,2026-10-12,EX,N,5019.33,5019.33,VALID,VALID,,,5019.359999999998,2026-09-07,2026-12-31 06:00:00
ALB-CLB-0000981,P0001534,,CLB,BROKER,2018-10-11,2019-10-11,CN,N,6311.19,6311.19,VALID,VALID,,,5785.2300000000005,2019-09-06,2026-12-31 06:00:00
ALB-CLB-0000983,P0001219,,CLB,DIRECT,2023-01-07,2024-01-07,IF,N,10961.06,10961.06,VALID,VALID,,,10961.06,2023-01-07,2026-12-31 06:00:00
ALB-CLB-0000984,P0000132,246,CLB,BROKER,2023-04-25,2024-04-24,CN,N,2402.92,2402.92,VALID,VALID,,,2002.4,2024-03-20,2026-12-31 06:00:00
ALB-CLB-0000986,P0001679,255,CLB,BROKER,2020-10-26,2021-10-26,EX,N,3505.17,3505.17,VALID,VALID,,,3505.17,2020-10-26,2026-12-31 06:00:00
ALB-CLB-0000988,P0001583,,CLB,DIRECT,2023-02-07,2024-02-07,EX,N,9802.93,9802.93,VALID,VALID,Green & Patel Insurance Services Ltd,10.9,9802.92,2024-01-03,2026-12-31 06:00:00
ALB-CLB-0000992,P0002280,,CLB,DIRECT,2022-04-25,2023-04-25,LP,N,9493.22,9493.22,VALID,VALID,Hall & Brown Insurance Services Ltd,13.16,9493.22,2022-04-25,2026-12-31 06:00:00
ALB-CLB-0001004,P0002024,486,CLB,BROKER,2025-12-27,2026-12-27,RN,N,5343.01,5343.01,VALID,VALID,Khan & Davies Insurance Services Ltd,12.18,5343.0,2026-11-22,2026-12-31 06:00:00
ALB-CLB-0001005,P0000657,264,CLB,BROKER,2018-07-04,2019-07-04,IF,N,4926.81,4926.81,VALID,VALID,,,4105.700000000001,2019-05-30,2026-12-31 06:00:00
ALB-CLB-0001013,P0001064,,CLB,BROKER,2019-04-06,2020-04-05,IF,N,3053.35,3053.35,VALID,VALID,,,3053.35,2019-04-06,2026-12-31 06:00:00
ALB-CLB-0001014,P0001062,,CLB,BROKER,2024-06-08,2025-06-08,IF,N,13635.26,13635.26,VALID,VALID,,,13635.26,2024-06-08,2026-12-31 06:00:00
ALB-CLB-0001015,P0001521,,CLB,AGGREGATOR,2021-01-12,2022-01-12,EX,N,6212.15,6212.15,VALID,VALID,Williams & Baker Insurance Services Ltd,16.38,5694.4800000000005,2021-12-08,2026-12-31 06:00:00
ALB-CLB-0001016,P0002657,,CLB,BROKER,2021-01-25,2022-01-25,EX,N,13169.91,13169.91,VALID,VALID,Patel & Wilson Insurance Services Ltd,12.84,13169.91,2021-01-25,2026-12-31 06:00:00
ALB-CLB-0001018,P0001371,,CLB,AGGREGATOR,2023-12-19,2024-12-18,IF,N,10548.69,10548.69,VALID,VALID,,,10548.719999999996,2024-11-13,2026-12-31 06:00:00
ALB-CLB-0001022,P0001173,29,CLB,DIRECT,2024-09-04,2025-09-04,IF,N,7291.29,7291.29,VALID,VALID,Smith & Walker Insurance Services Ltd,18.79,6683.709999999999,2025-07-31,2026-12-31 06:00:00
ALB-CLB-0001028,P0002941,361,CLB,AGGREGATOR,2024-09-30,2025-09-30,RN,N,5109.62,5109.62,VALID,VALID,,,5109.600000000001,2025-08-26,2026-12-31 06:00:00
ALB-CLB-0001030,P0002146,,CLB,DIRECT,2021-09-09,2022-09-09,EX,N,12542.3,12542.30,VALID,VALID,Williams & Williams Insurance Services Ltd,18.19,12542.3,2021-09-09,2026-12-31 06:00:00
ALB-CLB-0001047,P0000458,176,CLB,BROKER,2022-03-01,2023-03-01,LP,N,12997.06,12997.06,VALID,VALID,,,12997.06,2022-03-01,2026-12-31 06:00:00
ALB-CLB-0001055,P0002025,359,CLB,DIRECT,2023-04-14,2024-04-13,LP,N,5512.72,5512.72,VALID,VALID,Williams & Baker Insurance Services Ltd,16.38,5512.68,2024-03-09,2026-12-31 06:00:00
ALB-CLB-0001057,P0001095,139,CLB,AGGREGATOR,2018-01-29,2019-01-29,LP,N,13137.0,13137.00,VALID,VALID,Baker & Hughes Insurance Services Ltd,12.55,12042.25,2018-12-25,2026-12-31 06:00:00
ALB-CLB-0001065,P0000862,212,CLB,AGGREGATOR,2025-04-14,2026-04-14,IF,N,1534.02,1534.02,VALID,VALID,,,1533.9599999999998,2026-03-10,2026-12-31 06:00:00
ALB-CLB-0001081,P0001945,,CLB,BROKER,2018-02-28,2019-02-28,EX,N,2399.49,2399.49,VALID,VALID,Taylor & Walker Insurance Services Ltd,13.94,2399.52,2019-01-24,2026-12-31 06:00:00
ALB-CLB-0001095,P0002762,492,CLB,BROKER,2024-06-19,2025-06-19,EX,N,2782.42,2782.42,VALID,VALID,Wilson & Wright Insurance Services Ltd,7.87,2782.42,2024-06-19,2026-12-31 06:00:00
ALB-CLB-0001102,P0002626,114,CLB,DIRECT,2018-07-12,2019-07-12,IF,N,5030.9,5030.90,VALID,VALID,Green & Murphy Insurance Services Ltd,11.43,4611.6399999999985,2019-06-07,2026-12-31 06:00:00
ALB-CLB-0001119,P0003117,,CLB,BROKER,2026-01-04,2027-01-04,EX,N,12270.59,12270.59,VALID,VALID,Davies & Green Insurance Services Ltd,7.72,12270.599999999999,2026-11-30,2026-12-31 06:00:00
ALB-CLB-0001130,P0002181,87,CLB,DIRECT,2022-02-06,2023-02-06,LP,N,9618.65,9618.65,INVALID,VALID,Baker & Wright Insurance Services Ltd,22.1,9618.6,2023-01-02,2026-12-31 06:00:00
ALB-CLB-0001136,P0001083,226,CLB,AGGREGATOR,2021-04-07,2022-04-07,RN,N,6199.04,6199.04,INVALID,VALID,Clarke & Wright Insurance Services Ltd,9.41,6199.04,2021-04-07,2026-12-31 06:00:00
ALB-CLB-0001141,P0002471,,CLB,BROKER,2019-10-10,2020-10-09,EX,N,10966.01,10966.01,VALID,VALID,Robinson & Brown Insurance Services Ltd,15.85,10052.130000000001,2020-09-04,2026-12-31 06:00:00
ALB-CLB-0001152,P0001633,464,CLB,DIRECT,2019-02-11,2020-02-11,IF,N,6420.93,6420.93,VALID,VALID,Baker & Hughes Insurance Services Ltd,12.55,6420.96,2020-01-07,2026-12-31 06:00:00
ALB-CLB-0001157,P0000019,,CLB,AGGREGATOR,2023-04-06,2024-04-05,RN,N,14493.14,14493.14,VALID,VALID,Williams & Williams Insurance Services Ltd,18.19,14493.12,2024-03-01,2026-12-31 06:00:00
ALB-CLB-0001158,P0002200,184,CLB,BROKER,2022-07-05,2023-07-05,IF,N,7897.01,7897.01,VALID,VALID,Johnson & Hall Insurance Services Ltd,21.38,7896.96,2023-05-31,2026-12-31 06:00:00
ALB-CLB-0001166,P0001591,397,CLB,DIRECT,2021-09-02,2022-09-02,CN,N,8891.81,8891.81,VALID,VALID,Johnson & Hall Insurance Services Ltd,21.38,8891.81,2021-09-02,2026-12-31 06:00:00
ALB-CLB-0001175,P0002719,,CLB,AGGREGATOR,2020-02-24,2021-02-23,LP,N,2027.56,2027.56,VALID,VALID,,,2027.5200000000002,2021-01-19,2026-12-31 06:00:00
ALB-CLB-0001180,P0000583,56,CLB,BROKER,2023-03-02,2024-03-01,CN,N,7439.11,7439.11,VALID,VALID,,,7439.160000000001,2024-01-26,2026-12-31 06:00:00
ALB-CLB-0001184,P0003174,203,CLB,BROKER,2022-09-08,2023-09-08,LP,N,9705.56,9705.56,VALID,VALID,,,9705.56,2022-09-08,2026-12-31 06:00:00
ALB-CLB-0001190,P0001941,,CLB,BROKER,2025-11-08,2026-11-08,IF,N,2236.05,2236.05,VALID,VALID,Baker & Hughes Insurance Services Ltd,13.91,2236.08,2026-10-04,2026-12-31 06:00:00
ALB-CLB-0001206,P0003169,,CLB,DIRECT,2018-06-29,2019-06-29,IF,N,1337.74,1337.74,VALID,VALID,Khan & Davies Insurance Services Ltd,12.18,1337.76,2019-05-25,2026-12-31 06:00:00
ALB-CLB-0001214,P0003157,488,CLB,BROKER,2026-10-02,2027-10-02,EX,N,874.5,218.63,VALID,VALID,,,728.8,2027-08-28,2026-12-31 06:00:00
ALB-CLB-0001216,P0001270,,CLB,DIRECT,2023-10-08,2024-10-07,LP,N,846.41,846.41,VALID,VALID,,,775.8299999999998,2024-08-03,2026-12-31 06:00:00
ALB-CLB-0001225,P0002371,,CLB,AGGREGATOR,2024-09-09,2025-09-09,IF,N,8018.63,8018.63,VALID,VALID,,,8018.63,2024-09-09,2026-12-31 06:00:00
ALB-CLB-0001240,P0003162,,CLB,DIRECT,2019-12-23,2020-12-22,EX,N,3006.06,3006.06,VALID,VALID,Khan & Davies Insurance Services Ltd,12.18,3006.06,2019-12-23,2026-12-31 06:00:00
ALB-CLB-0001241,P0002014,,CLB,DIRECT,2022-08-16,2023-08-16,CN,N,14250.69,14250.69,VALID,VALID,Hall & Baker Insurance Services Ltd,14.43,14250.69,2022-08-16,2026-12-31 06:00:00
ALB-CLB-0001244,P0000370,,CLB,AGGREGATOR,2018-02-13,2019-02-13,IF,N,1148.02,1148.02,VALID,VALID,Green & Murphy Insurance Services Ltd,11.43,1148.02,2018-02-13,2026-12-31 06:00:00
ALB-CLB-0001251,P0001497,322,CLB,DIRECT,2018-10-05,2019-10-05,IF,N,14444.25,14444.25,VALID,VALID,Hall & Murphy Insurance Services Ltd,10.45,13240.590000000004,2019-08-31,2026-12-31 06:00:00
ALB-CLB-0001255,P0002157,,CLB,BROKER,2023-09-26,2024-09-25,IF,N,2814.63,2814.63,VALID,VALID,Green & Patel Insurance Services Ltd,10.9,2814.63,2023-09-26,2026-12-31 06:00:00
ALB-CLB-0001260,P0003121,364,CLB,BROKER,2026-09-03,2027-09-03,IF,N,8935.63,2233.91,VALID,VALID,Murphy & Johnson Insurance Services Ltd,12.64,8935.63,2026-09-03,2026-12-31 06:00:00
ALB-CLB-0001271,P0001921,55,CLB,DIRECT,2019-06-21,2020-06-20,RN,N,5466.85,5466.85,VALID,VALID,Green & Jones Insurance Services Ltd,21.44,5466.85,2019-06-21,2026-12-31 06:00:00
ALB-CLB-0001282,P0002967,,CLB,AGGREGATOR,2023-04-04,2024-04-03,CN,N,839.17,839.17,VALID,VALID,Baker & Clarke Insurance Services Ltd,20.14,839.17,2023-04-04,2026-12-31 06:00:00
ALB-CLB-0001283,P0002405,339,CLB,BROKER,2026-08-16,2027-08-16,IF,N,5649.74,1883.25,VALID,VALID,Khan & Davies Insurance Services Ltd,12.18,5649.74,2026-08-16,2026-12-31 06:00:00
ALB-CLB-0001287,P0001420,,CLB,BROKER,2025-08-12,2026-08-12,RN,N,7359.95,7359.95,VALID,VALID,Williams & Williams Insurance Services Ltd,18.19,7359.95,2025-08-12,2026-12-31 06:00:00
ALB-CLB-0001290,P0000113,125,CLB,DIRECT,2026-01-17,2027-01-17,EX,N,8481.55,7774.75,VALID,VALID,,,8481.55,2026-01-17,2026-12-31 06:00:00
ALB-CLB-0001293,P0002236,,CLB,BROKER,2019-02-21,2020-02-21,CN,N,6566.45,6566.45,VALID,VALID,Baker & Williams Insurance Services Ltd,17.61,5471.999999999999,2020-01-17,2026-12-31 06:00:00
ALB-CLB-0001297,P0002321,251,CLB,DIRECT,2021-05-24,2022-05-24,EX,N,5002.27,5002.27,VALID,VALID,Clarke & Davies Insurance Services Ltd,10.43,5002.32,2022-04-19,2026-12-31 06:00:00
ALB-CLB-0001307,P0002574,272,CLB,BROKER,2020-02-04,2021-02-03,IF,N,4352.79,4352.79,VALID,VALID,Jones & Robinson Insurance Services Ltd,21.97,4352.76,2020-12-30,2026-12-31 06:00:00
ALB-CLB-0001308,P0002938,31,CLB,DIRECT,2022-06-27,2023-06-27,IF,N,13354.99,13354.99,VALID,VALID,Taylor & Wilson Insurance Services Ltd,14.3,13354.99,2022-06-27,2026-12-31 06:00:00
ALB-CLB-0001316,P0001764,,CLB,AGGREGATOR,2024-06-17,2025-06-17,EX,N,9287.63,9287.63,VALID,VALID,,,9287.63,2024-06-17,2026-12-31 06:00:00
ALB-CLB-0001317,P0000285,405,CLB,BROKER,2022-11-28,2023-11-28,IF,N,1838.9,1838.90,VALID,VALID,,,1838.9,2022-11-28,2026-12-31 06:00:00
ALB-CLB-0001340,P0001568,,CLB,DIRECT,2025-04-19,2026-04-19,CN,N,12238.04,12238.04,VALID,VALID,Green & Jones Insurance Services Ltd,21.44,12238.04,2025-04-19,2026-12-31 06:00:00
ALB-CLB-0001352,P0001672,118,CLB,AGGREGATOR,2018-07-15,2019-07-15,IF,N,12188.04,12188.04,VALID,VALID,Davies & Taylor Insurance Services Ltd,14.09,12188.04,2018-07-15,2026-12-31 06:00:00
ALB-CLB-0001361,P0003035,482,CLB,BROKER,2023-01-19,2024-01-19,IF,N,7879.56,7879.56,VALID,VALID,Brown & Davies Insurance Services Ltd,14.49,7879.56,2023-12-15,2026-12-31 06:00:00
ALB-CLB-0001364,P0001166,442,CLB,AGGREGATOR,2019-12-25,2020-12-24,IF,N,11110.39,11110.39,VALID,VALID,,,9258.7,2020-11-19,2026-12-31 06:00:00
ALB-CLB-0001368,P0001868,,CLB,AGGREGATOR,2022-02-13,2023-02-13,IF,N,3950.62,3950.62,VALID,VALID,,,3950.62,2022-02-13,2026-12-31 06:00:00
ALB-CLB-0001375,P0000336,10,CLB,BROKER,2021-09-04,2022-09-04,IF,N,9246.04,9246.04,VALID,VALID,,,9246.04,2021-09-04,2026-12-31 06:00:00
ALB-CLB-0001387,P0001314,,CLB,BROKER,2025-05-28,2026-05-28,RN,N,14263.63,14263.63,VALID,VALID,,,11886.4,2026-04-23,2026-12-31 06:00:00
ALB-CLB-0001390,P0002009,255,CLB,DIRECT,2018-08-05,2019-08-05,IF,N,4512.35,4512.35,VALID,VALID,,,4512.35,2018-08-05,2026-12-31 06:00:00
ALB-CLB-0001398,P0001828,51,CLB,DIRECT,2023-08-08,2024-08-07,CN,N,8495.55,8495.55,VALID,VALID,,,8495.52,2024-07-03,2026-12-31 06:00:00
ALB-CLB-0001405,P0000458,176,CLB,AGGREGATOR,2024-10-27,2025-10-27,IF,N,9865.48,9865.48,VALID,VALID,,,,,2026-12-31 06:00:00
ALB-CLB-0001407,P0001911,,CLB,BROKER,2022-03-24,2023-03-24,EX,N,1920.01,1920.01,VALID,VALID,Khan & Davies Insurance Services Ltd,12.18,1920.01,2022-03-24,2026-12-31 06:00:00
ALB-CLB-0001409,P0000219,442,CLB,BROKER,2020-01-02,2021-01-01,RN,N,6159.91,6159.91,VALID,VALID,Davies & Taylor Insurance Services Ltd,14.09,6159.91,2020-01-02,2026-12-31 06:00:00
ALB-CLB-0001429,P0003097,105,CLB,BROKER,2020-05-28,2021-05-28,CN,N,4544.23,4544.23,VALID,VALID,Patel & Clarke Insurance Services Ltd,9.04,4165.59,2021-04-23,2026-12-31 06:00:00
ALB-CLB-0001439,P0000153,,CLB,DIRECT,2024-11-26,2025-11-26,RN,N,8255.05,8255.05,VALID,VALID,Smith & Walker Insurance Services Ltd,18.79,7567.12,2025-09-22,2026-12-31 06:00:00
ALB-CLB-0001441,P0001069,,CLB,BROKER,2024-07-22,2025-07-22,EX,N,2323.85,2323.85,VALID,VALID,,,2130.1500000000005,2025-06-17,2026-12-31 06:00:00
ALB-CLB-0001442,P0000202,,CLB,DIRECT,2024-06-14,2025-06-14,RN,N,6682.41,6682.41,VALID,VALID,Green & Murphy Insurance Services Ltd,11.43,6682.41,2024-06-14,2026-12-31 06:00:00
ALB-CLB-0001453,P0000754,490,CLB,DIRECT,2022-09-27,2023-09-27,IF,N,8554.96,8554.96,VALID,VALID,Taylor & Wilson Insurance Services Ltd,14.3,7842.009999999999,2023-08-23,2026-12-31 06:00:00
ALB-CLB-0001458,P0000017,208,CLB,AGGREGATOR,2022-06-30,2023-06-30,RN,N,2582.17,2582.17,VALID,VALID,Clarke & Davies Insurance Services Ltd,10.43,2582.16,2023-05-26,2026-12-31 06:00:00
ALB-CLB-0001459,P0002372,,CLB,DIRECT,2022-09-16,2023-09-16,RN,N,8844.54,8844.54,VALID,VALID,Baker & Hughes Insurance Services Ltd,12.55,8844.54,2022-09-16,2026-12-31 06:00:00
ALB-CLB-0001463,P0001230,381,CLB,AGGREGATOR,2019-12-10,2020-12-09,EX,N,4620.87,4620.87,VALID,VALID,Hall & Khan Insurance Services Ltd,14.81,4620.84,2020-11-04,2026-12-31 06:00:00
ALB-CLB-0001467,P0002256,444,CLB,BROKER,2020-06-08,2021-06-08,EX,N,13749.35,13749.35,VALID,VALID,,,13749.35,2020-06-08,2026-12-31 06:00:00
ALB-CLB-0001478,P0002176,324,CLB,DIRECT,2022-05-19,2023-05-19,IF,N,13987.28,13987.28,VALID,VALID,,,13987.320000000002,2023-04-14,2026-12-31 06:00:00
ALB-CLB-0001481,P0001180,,CLB,DIRECT,2021-12-20,2022-12-20,RN,N,8745.08,8745.08,VALID,VALID,OBrien & Green Insurance Services Ltd,17.85,8745.08,2021-12-20,2026-12-31 06:00:00
ALB-CLB-0001483,P0001789,123,CLB,BROKER,2022-04-08,2023-04-08,CN,N,9037.29,9037.29,VALID,VALID,,,9037.29,2022-04-08,2026-12-31 06:00:00
ALB-CLB-0001485,P0001705,274,CLB,BROKER,2021-05-02,2022-05-02,LP,N,8634.3,8634.30,VALID,VALID,Taylor & Murphy Insurance Services Ltd,20.48,7914.720000000001,2022-03-28,2026-12-31 06:00:00
ALB-CLB-0001493,P0000818,97,CLB,DIRECT,2019-07-11,2020-07-10,EX,N,4621.58,4621.58,VALID,VALID,,,4621.58,2019-07-11,2026-12-31 06:00:00
ALB-CLB-0001503,P0000448,421,CLB,BROKER,2023-04-11,2024-04-10,LP,N,3509.07,3509.07,VALID,VALID,Davies & Wright Insurance Services Ltd,13.6,3216.6200000000003,2024-03-06,2026-12-31 06:00:00
ALB-CLB-0001505,P0000290,432,CLB,DIRECT,2022-09-10,2023-09-10,IF,N,5013.51,5013.51,VALID,VALID,,,5013.4800000000005,2023-08-06,2026-12-31 06:00:00
ALB-CLB-0001516,P0000814,,CLB,BROKER,2021-10-26,2022-10-26,LP,N,7474.83,7474.83,VALID,VALID,Smith & Walker Insurance Services Ltd,18.79,7474.799999999998,2022-09-21,2026-12-31 06:00:00
ALB-CLB-0001519,P0000732,153,CLB,BROKER,2023-10-28,2024-10-27,IF,N,3503.89,3503.89,VALID,VALID,Smith & Walker Insurance Services Ltd,18.79,3503.89,2023-10-28,2026-12-31 06:00:00
ALB-CLB-0001544,P0002328,39,CLB,BROKER,2025-01-02,2026-01-02,RN,N,7910.21,7910.21,VALID,VALID,Hall & Khan Insurance Services Ltd,14.81,7910.160000000001,2025-11-28,2026-12-31 06:00:00
ALB-CLB-0001549,P0000015,378,CLB,BROKER,2018-11-01,2019-11-01,IF,N,9190.42,9190.42,VALID,VALID,,,8424.57,2019-09-27,2026-12-31 06:00:00
ALB-CLB-0001551,P0001426,498,CLB,DIRECT,2022-09-30,2023-09-30,RN,N,12417.77,12417.77,VALID,VALID,Johnson & Hughes Insurance Services Ltd,17.19,12417.77,2022-09-30,2026-12-31 06:00:00
ALB-CLB-0001553,P0001581,,CLB,DIRECT,2023-09-26,2024-09-25,RN,N,2270.06,2270.06,VALID,VALID,Hall & Khan Insurance Services Ltd,14.81,2080.8700000000003,2024-08-21,2026-12-31 06:00:00
ALB-CLB-0001560,P0001066,355,CLB,DIRECT,2018-05-04,2019-05-04,CN,N,13962.99,13962.99,VALID,VALID,Hughes & Wright Insurance Services Ltd,8.65,13962.99,2018-05-04,2026-12-31 06:00:00
ALB-CLB-0001567,P0001204,,CLB,DIRECT,2021-02-22,2022-02-22,IF,N,9357.61,9357.61,VALID,VALID,Smith & Clarke Insurance Services Ltd,17.33,8577.800000000001,2022-01-18,2026-12-31 06:00:00
ALB-CLB-0001573,P0002092,,CLB,AGGREGATOR,2021-01-26,2022-01-26,IF,N,14148.69,14148.69,VALID,VALID,,,14148.719999999996,2021-12-22,2026-12-31 06:00:00
ALB-CLB-0001583,P0002811,,CLB,DIRECT,2026-10-26,2027-10-26,IF,N,5605.15,934.19,VALID,VALID,,,5605.15,2026-10-26,2026-12-31 06:00:00
ALB-CLB-0001598,P0001651,142,CLB,DIRECT,2022-11-21,2023-11-21,IF,N,6039.08,6039.08,VALID,VALID,,,6039.120000000002,2023-10-17,2026-12-31 06:00:00
ALB-CLB-0001602,P0000316,320,CLB,BROKER,2026-04-22,2027-04-22,IF,N,10954.06,7302.71,VALID,VALID,,,10954.06,2026-04-22,2026-12-31 06:00:00
ALB-CLB-0001607,P0000544,43,CLB,AGGREGATOR,2018-06-10,2019-06-10,IF,N,12921.99,12921.99,VALID,VALID,Khan & Smith Insurance Services Ltd,17.81,12921.96,2019-05-06,2026-12-31 06:00:00
ALB-CLB-0001610,P0002300,259,CLB,BROKER,2022-12-27,2023-12-27,EX,N,2682.6,2682.60,VALID,VALID,Johnson & Murphy Insurance Services Ltd,17.99,2459.05,2023-11-22,2026-12-31 06:00:00
ALB-CLB-0001615,P0002862,,CLB,DIRECT,2026-05-17,2027-05-17,CN,N,2604.27,1519.16,INVALID,VALID,Wilson & Wright Insurance Services Ltd,7.87,2604.27,2026-05-17,2026-12-31 06:00:00
ALB-CLB-0001624,P0001577,,CLB,DIRECT,2018-11-03,2019-11-03,IF,N,1553.03,1553.03,VALID,VALID,Davies & Wright Insurance Services Ltd,13.6,1553.0400000000002,2019-09-29,2026-12-31 06:00:00
ALB-CLB-0001631,P0001043,,CLB,BROKER,2021-08-01,2022-08-01,IF,N,10677.32,10677.32,VALID,VALID,Khan & Smith Insurance Services Ltd,17.81,8897.8,2022-06-27,2026-12-31 06:00:00
ALB-CLB-0001635,P0002688,379,CLB,AGGREGATOR,2020-09-26,2021-09-26,RN,N,13883.01,13883.01,VALID,VALID,,,13883.04,2021-08-22,2026-12-31 06:00:00
ALB-CLB-0001645,P0000116,64,CLB,BROKER,2026-02-19,2027-02-19,EX,N,8843.63,7369.69,VALID,VALID,,,8106.670000000002,2027-01-15,2026-12-31 06:00:00
ALB-CLB-0001648,P0002652,,CLB,BROKER,2024-10-21,2025-10-21,LP,N,5355.66,5355.66,VALID,VALID,,,5355.720000000001,2025-09-16,2026-12-31 06:00:00
ALB-CLB-0001649,P0002150,274,CLB,DIRECT,2019-03-13,2020-03-12,IF,N,11607.79,11607.79,VALID,VALID,,,11607.79,2019-03-13,2026-12-31 06:00:00
ALB-CLB-0001658,P0001801,,CLB,BROKER,2021-07-19,2022-07-19,IF,N,7992.29,7992.29,VALID,VALID,Williams & Williams Insurance Services Ltd,18.19,7992.240000000002,2022-06-14,2026-12-31 06:00:00
ALB-CLB-0001659,P0000049,120,CLB,DIRECT,2018-05-29,2019-05-29,EX,N,8803.9,8803.90,VALID,VALID,Baker & Hughes Insurance Services Ltd,13.91,8803.9,2018-05-29,2026-12-31 06:00:00
ALB-CLB-0001660,P0002523,,CLB,AGGREGATOR,2026-07-24,2027-07-24,IF,N,7220.32,3008.47,VALID,VALID,Patel & Wilson Insurance Services Ltd,12.84,7220.32,2026-07-24,2026-12-31 06:00:00
ALB-CLB-0001663,P0001925,,CLB,DIRECT,2019-07-04,2020-07-03,EX,N,7479.62,7479.62,VALID,VALID,OBrien & Green Insurance Services Ltd,17.85,,,2026-12-31 06:00:00
ALB-CLB-0001666,P0002893,,CLB,BROKER,2021-10-10,2022-10-10,RN,N,7866.79,7866.79,VALID,VALID,Hall & Brown Insurance Services Ltd,13.16,7866.79,2021-10-10,2026-12-31 06:00:00
ALB-CLB-0001677,P0001026,130,CLB,BROKER,2021-10-09,2022-10-09,EX,N,8235.03,8235.03,VALID,VALID,,,8235.03,2021-10-09,2026-12-31 06:00:00
ALB-CLB-0001681,P0001663,361,CLB,DIRECT,2022-09-08,2023-09-08,EX,N,14303.74,14303.74,VALID,VALID,,,13111.779999999997,2023-08-04,2026-12-31 06:00:00
ALB-CLB-0001687,P0001685,,CLB,AGGREGATOR,2020-03-02,2021-03-02,LP,N,12444.03,12444.03,VALID,VALID,Williams & Williams Insurance Services Ltd,18.19,12444.03,2020-03-02,2026-12-31 06:00:00
ALB-CLB-0001692,P0000730,,CLB,AGGREGATOR,2021-01-21,2022-01-21,RN,N,8163.64,8163.64,VALID,VALID,,,7483.300000000001,2021-11-17,2026-12-31 06:00:00
ALB-CLB-0001699,P0002899,,CLB,BROKER,2023-12-12,2024-12-11,IF,N,2430.08,2430.08,VALID,VALID,,,2430.12,2024-11-06,2026-12-31 06:00:00
ALB-CLB-0001709,P0002536,28,CLB,BROKER,2021-06-01,2022-06-01,LP,N,2348.86,2348.86,VALID,VALID,,,2348.88,2022-04-27,2026-12-31 06:00:00
ALB-CLB-0001713,P0000597,204,CLB,BROKER,2025-01-06,2026-01-06,IF,N,990.64,990.64,VALID,VALID,Davies & Hughes Insurance Services Ltd,15.18,908.0499999999998,2025-12-02,2026-12-31 06:00:00
ALB-CLB-0001718,P0002657,,CLB,BROKER,2019-11-08,2020-11-07,IF,N,9495.88,9495.88,VALID,VALID,Brown & Jones Insurance Services Ltd,10.15,9495.88,2019-11-08,2026-12-31 06:00:00
ALB-CLB-0001720,P0002915,230,CLB,BROKER,2019-07-13,2020-07-12,CN,N,2613.57,2613.57,VALID,VALID,,,2613.57,2019-07-13,2026-12-31 06:00:00
ALB-CLB-0001722,P0001769,,CLB,BROKER,2025-04-26,2026-04-26,IF,N,5448.31,5448.31,VALID,VALID,Jones & Baker Insurance Services Ltd,8.84,4994.329999999998,2026-03-22,2026-12-31 06:00:00
ALB-CLB-0001728,P0000178,464,CLB,BROKER,2022-01-27,2023-01-27,IF,N,5385.97,5385.97,INVALID,VALID,Green & Jones Insurance Services Ltd,21.44,5385.97,2022-01-27,2026-12-31 06:00:00
ALB-CLB-0001731,P0002886,281,CLB,BROKER,2024-04-26,2025-04-26,LP,N,11808.89,11808.89,VALID,VALID,,,11808.89,2024-04-26,2026-12-31 06:00:00
ALB-CLB-0001737,P0002074,297,CLB,DIRECT,2018-09-18,2019-09-18,IF,N,10775.93,10775.93,VALID,VALID,Green & Murphy Insurance Services Ltd,11.43,10775.93,2018-09-18,2026-12-31 06:00:00
ALB-CLB-0001750,P0003165,205,CLB,BROKER,2018-07-04,2019-07-04,IF,N,4608.38,4608.38,VALID,VALID,,,4608.38,2018-07-04,2026-12-31 06:00:00
ALB-CLB-0001752,P0002571,,CLB,BROKER,2018-08-15,2019-08-15,RN,N,6156.17,6156.17,VALID,VALID,Davies & Davies Insurance Services Ltd,17.73,6156.120000000002,2019-07-11,2026-12-31 06:00:00
ALB-CLB-0001755,P0002547,366,CLB,AGGREGATOR,2019-08-04,2020-08-03,IF,N,3777.59,3777.59,VALID,VALID,Smith & Walker Insurance Services Ltd,18.79,3148.0000000000005,2020-06-29,2026-12-31 06:00:00
ALB-CLB-0001757,P0000669,290,CLB,BROKER,2020-03-10,2021-03-10,IF,N,10654.75,10654.75,VALID,VALID,Walker & OBrien Insurance Services Ltd,10.5,10654.799999999997,2021-02-03,2026-12-31 06:00:00
ALB-CLB-0001760,P0001093,,CLB,DIRECT,2020-12-11,2021-12-11,RN,N,1858.92,1858.92,VALID,VALID,Hall & Murphy Insurance Services Ltd,10.45,1858.92,2020-12-11,2026-12-31 06:00:00
ALB-CLB-0001761,P0002152,,CLB,AGGREGATOR,2018-10-27,2019-10-27,IF,N,9007.96,9007.96,VALID,VALID,,,8257.26,2019-09-22,2026-12-31 06:00:00
ALB-CLB-0001783,P0000489,168,CLB,BROKER,2018-07-25,2019-07-25,RN,N,9623.92,9623.92,VALID,VALID,,,9623.92,2018-07-25,2026-12-31 06:00:00
ALB-CLB-0001786,P0001486,,CLB,DIRECT,2025-03-19,2026-03-19,CN,N,3538.08,3538.08,VALID,VALID,Hall & Brown Insurance Services Ltd,13.16,3538.08,2025-03-19,2026-12-31 06:00:00
ALB-CLB-0001789,P0000849,211,CLB,DIRECT,2026-05-17,2027-05-17,IF,N,2430.04,1417.52,VALID,VALID,Clarke & Wright Insurance Services Ltd,11.72,2430.04,2026-05-17,2026-12-31 06:00:00
ALB-CLB-0001798,P0001082,439,CLB,DIRECT,2023-09-24,2024-09-23,RN,N,3899.74,3899.74,VALID,VALID,,,3899.76,2024-08-19,2026-12-31 06:00:00
ALB-CLB-0001801,P0003102,57,CLB,AGGREGATOR,2020-10-29,2021-10-29,IF,N,1190.32,1190.32,VALID,VALID,Johnson & Murphy Insurance Services Ltd,17.99,1190.2800000000002,2021-09-24,2026-12-31 06:00:00
ALB-CLB-0001809,P0000425,,CLB,AGGREGATOR,2023-08-06,2024-08-05,EX,N,10136.16,10136.16,VALID,VALID,,,10136.160000000002,2024-07-01,2026-12-31 06:00:00
ALB-CLB-0001823,P0002812,,CLB,BROKER,2021-02-22,2022-02-22,CN,N,13866.44,13866.44,VALID,VALID,,,13866.44,2021-02-22,2026-12-31 06:00:00
ALB-CLB-0001824,P0000187,29,CLB,AGGREGATOR,2023-10-02,2024-10-01,EX,N,3791.52,3791.52,VALID,VALID,,,3475.56,2024-08-27,2026-12-31 06:00:00
ALB-CLB-0001825,P0001156,280,CLB,AGGREGATOR,2025-03-06,2026-03-06,IF,N,9713.13,9713.13,VALID,VALID,Hall & Khan Insurance Services Ltd,14.81,8903.730000000001,2026-01-30,2026-12-31 06:00:00
ALB-CLB-0001829,P0000819,,CLB,DIRECT,2020-04-10,2021-04-10,RN,N,3276.55,3276.55,VALID,VALID,Patel & Taylor Insurance Services Ltd,13.95,3276.600000000001,2021-03-06,2026-12-31 06:00:00
ALB-CLB-0001830,P0002461,,CLB,DIRECT,2021-05-10,2022-05-10,IF,N,8537.82,8537.82,VALID,VALID,,,8537.82,2021-05-10,2026-12-31 06:00:00
ALB-CLB-0001839,P0001404,,CLB,BROKER,2023-01-30,2024-01-30,RN,N,10307.03,10307.03,VALID,VALID,Davies & Taylor Insurance Services Ltd,14.09,10307.039999999999,2023-12-26,2026-12-31 06:00:00
ALB-CLB-0001847,P0001884,,CLB,BROKER,2021-04-16,2022-04-16,IF,N,7255.0,7255.00,VALID,VALID,,,7254.96,2022-03-12,2026-12-31 06:00:00
ALB-CLB-0001873,P0002540,,CLB,BROKER,2022-01-28,2023-01-28,IF,N,2730.53,2730.53,VALID,VALID,,,2730.48,2022-12-24,2026-12-31 06:00:00
ALB-CLB-0001875,P0001485,128,CLB,BROKER,2021-04-04,2022-04-04,IF,N,14517.37,14517.37,VALID,VALID,Davies & Davies Insurance Services Ltd,17.73,14517.37,2021-04-04,2026-12-31 06:00:00
ALB-CLB-0001883,P0002874,,CLB,DIRECT,2025-10-30,2026-10-30,EX,N,9025.78,9025.78,VALID,VALID,Hall & Baker Insurance Services Ltd,14.43,9025.78,2025-10-30,2026-12-31 06:00:00
ALB-CLB-0001886,P0002644,,CLB,DIRECT,2020-01-26,2021-01-25,IF,N,8104.62,8104.62,VALID,VALID,Hall & Brown Insurance Services Ltd,13.16,8104.62,2020-01-26,2026-12-31 06:00:00
ALB-CLB-0001889,P0000314,437,CLB,DIRECT,2019-08-04,2020-08-03,IF,N,2546.42,2546.42,VALID,VALID,,,2546.3999999999996,2020-06-29,2026-12-31 06:00:00
ALB-CLB-0001891,P0000193,138,CLB,BROKER,2021-11-26,2022-11-26,LP,N,1114.46,1114.46,VALID,VALID,,,1021.57,2022-10-22,2026-12-31 06:00:00
ALB-CLB-0001901,P0001459,,CLB,BROKER,2022-09-24,2023-09-24,IF,N,9728.84,9728.84,VALID,VALID,,,9728.84,2022-09-24,2026-12-31 06:00:00
ALB-CLB-0001902,P0002586,,CLB,DIRECT,2022-02-20,2023-02-20,RN,N,5281.34,5281.34,VALID,VALID,Davies & Taylor Insurance Services Ltd,14.09,5281.34,2022-02-20,2026-12-31 06:00:00
ALB-CLB-0001905,P0002884,487,CLB,BROKER,2021-11-30,2022-11-30,IF,N,6124.69,6124.69,VALID,VALID,Clarke & Wright Insurance Services Ltd,11.72,6124.68,2022-10-26,2026-12-31 06:00:00
ALB-CLB-0001924,P0003161,,CLB,AGGREGATOR,2021-04-18,2022-04-18,LP,N,12432.15,12432.15,VALID,VALID,Taylor & Wilson Insurance Services Ltd,14.3,12432.15,2021-04-18,2026-12-31 06:00:00
ALB-CLB-0001928,P0001495,,CLB,DIRECT,2023-07-10,2024-07-09,IF,N,7136.67,7136.67,VALID,VALID,,,7136.640000000002,2024-06-04,2026-12-31 06:00:00
ALB-CLB-0001941,P0001881,,CLB,AGGREGATOR,2019-07-13,2020-07-12,IF,N,8679.36,8679.36,VALID,VALID,Taylor & Johnson Insurance Services Ltd,17.25,8679.359999999999,2020-06-07,2026-12-31 06:00:00
ALB-CLB-0001947,P0000323,,CLB,BROKER,2019-10-25,2020-10-24,IF,N,8400.55,8400.55,VALID,VALID,,,7700.550000000001,2020-09-19,2026-12-31 06:00:00
ALB-CLB-0001951,P0000346,,CLB,DIRECT,2018-11-11,2019-11-11,IF,N,5778.88,5778.88,VALID,VALID,,,5778.88,2018-11-11,2026-12-31 06:00:00
ALB-CLB-0001975,P0003168,486,CLB,BROKER,2025-07-16,2026-07-16,IF,N,2545.48,2545.48,VALID,VALID,,,2545.48,2025-07-16,2026-12-31 06:00:00
ALB-CLB-0001977,P0002078,,CLB,DIRECT,2018-12-09,2019-12-09,LP,N,7883.7,7883.70,VALID,VALID,Hall & Patel Insurance Services Ltd,13.7,7883.759999999998,2019-11-04,2026-12-31 06:00:00
ALB-CLB-0001978,P0002997,,CLB,AGGREGATOR,2019-08-06,2020-08-05,IF,N,12061.8,12061.80,VALID,VALID,OBrien & Green Insurance Services Ltd,17.85,12061.8,2019-08-06,2026-12-31 06:00:00
ALB-CLB-0001997,P0000994,367,CLB,BROKER,2026-06-24,2027-06-24,IF,N,6206.34,3103.17,VALID,VALID,Green & Jones Insurance Services Ltd,21.44,,,2026-12-31 06:00:00
ALB-CLB-0002004,P0002644,,CLB,BROKER,2024-09-25,2025-09-25,IF,N,11359.02,11359.02,VALID,VALID,,,10412.49,2025-08-21,2026-12-31 06:00:00
ALB-CLB-0002007,P0003060,,CLB,BROKER,2019-01-23,2020-01-23,IF,N,14233.69,14233.69,VALID,VALID,,,14233.679999999998,2019-12-19,2026-12-31 06:00:00
ALB-CLB-0002012,P0001973,,CLB,AGGREGATOR,2020-01-02,2021-01-01,RN,N,5499.4,5499.40,VALID,VALID,Williams & Hall Insurance Services Ltd,14.19,5499.4,2020-01-02,2026-12-31 06:00:00
ALB-CLB-0002019,P0000951,,CLB,BROKER,2021-10-11,2022-10-11,RN,N,2547.47,2547.47,VALID,VALID,Johnson & Murphy Insurance Services Ltd,21.31,2547.47,2021-10-11,2026-12-31 06:00:00
ALB-CLB-0002022,P0000443,63,CLB,BROKER,2025-02-25,2026-02-25,IF,N,14467.9,14467.90,INVALID,VALID,Hall & Hall Insurance Services Ltd,9.1,14467.9,2025-02-25,2026-12-31 06:00:00
ALB-CLB-0002025,P0001608,,CLB,DIRECT,2026-03-15,2027-03-15,RN,N,4737.92,3553.44,VALID,VALID,Clarke & Davies Insurance Services Ltd,10.43,4737.92,2026-03-15,2026-12-31 06:00:00
ALB-CLB-0002026,P0001738,286,CLB,DIRECT,2026-01-01,2027-01-01,LP,N,2241.46,2241.46,VALID,VALID,Patel & Wilson Insurance Services Ltd,12.84,,,2026-12-31 06:00:00
ALB-CLB-0002028,P0002450,156,CLB,BROKER,2025-02-28,2026-02-28,EX,N,3204.55,3204.55,VALID,VALID,,,3204.600000000001,2026-01-24,2026-12-31 06:00:00
ALB-CLB-0002035,P0000115,275,CLB,BROKER,2019-01-13,2020-01-13,IF,N,1881.61,1881.61,VALID,VALID,Green & Jones Insurance Services Ltd,21.44,1724.7999999999997,2019-12-09,2026-12-31 06:00:00
ALB-CLB-0002039,P0003176,,CLB,BROKER,2022-09-24,2023-09-24,IF,N,6244.3,6244.30,VALID,VALID,Patel & Taylor Insurance Services Ltd,13.95,5723.959999999999,2023-08-20,2026-12-31 06:00:00
ALB-CLB-0002046,P0001839,,CLB,BROKER,2024-10-19,2025-10-19,IF,N,13243.99,13243.99,VALID,VALID,,,13243.99,2024-10-19,2026-12-31 06:00:00
ALB-CLB-0002047,P0000969,125,CLB,AGGREGATOR,2018-09-23,2019-09-23,RN,N,4549.37,4549.37,VALID,VALID,,,4549.37,2018-09-23,2026-12-31 06:00:00
ALB-CLB-0002048,P0000277,,CLB,DIRECT,2025-04-19,2026-04-19,IF,N,5751.35,5751.35,VALID,VALID,Khan & Davies Insurance Services Ltd,12.18,5272.079999999998,2026-03-15,2026-12-31 06:00:00
ALB-CLB-0002056,P0001994,,CLB,AGGREGATOR,2024-08-03,2025-08-03,IF,N,1973.62,1973.62,VALID,VALID,,,1480.23,2025-06-29,2026-12-31 06:00:00
ALB-CLB-0002057,P0000068,184,CLB,BROKER,2026-03-25,2027-03-25,EX,N,14381.96,10786.47,INVALID,VALID,Taylor & Wilson Insurance Services Ltd,14.3,14381.96,2026-03-25,2026-12-31 06:00:00
ALB-CLB-0002060,P0002761,483,CLB,DIRECT,2018-03-19,2019-03-19,IF,N,2222.15,2222.15,VALID,VALID,Smith & Brown Insurance Services Ltd,19.81,2222.1600000000003,2019-02-12,2026-12-31 06:00:00
ALB-CLB-0002068,P0002057,437,CLB,DIRECT,2023-08-24,2024-08-23,IF,N,8839.66,8839.66,INVALID,VALID,Patel & Taylor Insurance Services Ltd,13.95,8839.680000000002,2024-07-19,2026-12-31 06:00:00
ALB-CLB-0002069,P0002582,,CLB,DIRECT,2020-05-11,2021-05-11,IF,N,3747.88,3747.88,VALID,VALID,,,3435.5200000000004,2021-04-06,2026-12-31 06:00:00
ALB-CLB-0002070,P0000283,59,CLB,BROKER,2023-09-24,2024-09-23,IF,N,5380.09,5380.09,INVALID,VALID,,,5380.080000000001,2024-08-19,2026-12-31 06:00:00
ALB-CLB-0002073,P0002556,49,CLB,AGGREGATOR,2025-01-08,2026-01-08,LP,N,11439.09,11439.09,VALID,VALID,,,11439.12,2025-12-04,2026-12-31 06:00:00
ALB-CLB-0002075,P0003103,,CLB,BROKER,2019-11-15,2020-11-14,EX,N,4525.65,4525.65,VALID,VALID,,,4525.65,2019-11-15,2026-12-31 06:00:00
ALB-CLB-0002079,P0002452,122,CLB,BROKER,2025-01-10,2026-01-10,RN,N,2709.14,2709.14,VALID,VALID,Baker & Clarke Insurance Services Ltd,20.14,2709.14,2025-01-10,2026-12-31 06:00:00
ALB-CLB-0002085,P0002570,239,CLB,DIRECT,2025-04-24,2026-04-24,IF,N,12396.23,12396.23,VALID,VALID,Walker & Wright Insurance Services Ltd,10.74,11363.220000000003,2026-03-20,2026-12-31 06:00:00
ALB-CLB-0002086,P0000706,,CLB,BROKER,2019-04-19,2020-04-18,RN,N,8741.86,8741.86,VALID,VALID,Hall & Hall Insurance Services Ltd,9.1,,,2026-12-31 06:00:00
ALB-CLB-0002092,P0002869,486,CLB,BROKER,2025-04-19,2026-04-19,IF,N,7348.04,7348.04,VALID,VALID,,,6735.740000000001,2026-03-15,2026-12-31 06:00:00
ALB-CLB-0002096,P0001906,166,CLB,DIRECT,2018-12-17,2019-12-17,IF,N,8930.62,8930.62,VALID,VALID,Hall & Khan Insurance Services Ltd,14.81,7442.200000000002,2019-11-12,2026-12-31 06:00:00
ALB-CLB-0002099,P0002960,,CLB,BROKER,2018-07-13,2019-07-13,IF,N,12833.29,12833.29,VALID,VALID,Green & Jones Insurance Services Ltd,21.44,12833.280000000004,2019-06-08,2026-12-31 06:00:00
ALB-CLB-0002110,P0000609,239,CLB,DIRECT,2020-10-08,2021-10-08,RN,N,2264.13,2264.13,VALID,VALID,,,1698.1200000000003,2021-09-03,2026-12-31 06:00:00
ALB-CLB-0002113,P0002868,,CLB,DIRECT,2023-01-24,2024-01-24,IF,N,11925.53,11925.53,VALID,VALID,,,11925.53,2023-01-24,2026-12-31 06:00:00
ALB-CLB-0002115,P0001118,,CLB,BROKER,2022-05-14,2023-05-14,IF,N,3570.27,3570.27,INVALID,VALID,Hall & Wright Insurance Services Ltd,8.65,3570.27,2022-05-14,2026-12-31 06:00:00
ALB-CLB-0002140,P0002308,,CLB,DIRECT,2024-04-24,2025-04-24,IF,N,7545.35,7545.35,VALID,VALID,,,7545.359999999998,2025-03-20,2026-12-31 06:00:00
ALB-CLB-0002142,P0002408,,CLB,BROKER,2018-09-29,2019-09-29,LP,N,8051.34,8051.34,VALID,VALID,Green & Patel Insurance Services Ltd,10.9,8051.399999999999,2019-08-25,2026-12-31 06:00:00
ALB-CLB-0002151,P0002432,80,CLB,AGGREGATOR,2022-02-01,2023-02-01,LP,N,14153.53,14153.53,VALID,VALID,,,14153.519999999997,2022-12-28,2026-12-31 06:00:00
ALB-CLB-0002157,P0001304,235,CLB,BROKER,2019-06-22,2020-06-21,IF,N,947.95,947.95,VALID,VALID,Murphy & Johnson Insurance Services Ltd,12.64,947.95,2019-06-22,2026-12-31 06:00:00
ALB-CLB-0002158,P0002688,379,CLB,BROKER,2022-02-23,2023-02-23,EX,N,868.63,868.63,VALID,VALID,Hall & Brown Insurance Services Ltd,13.16,868.68,2023-01-19,2026-12-31 06:00:00
ALB-CLB-0002164,P0001477,,CLB,BROKER,2025-04-15,2026-04-15,EX,N,6004.26,6004.26,VALID,VALID,Baker & Brown Insurance Services Ltd,14.45,5503.96,2026-03-11,2026-12-31 06:00:00
ALB-CLB-0002165,P0000478,368,CLB,DIRECT,2018-11-12,2019-11-12,CN,N,3758.12,3758.12,VALID,VALID,,,3758.1599999999994,2019-10-08,2026-12-31 06:00:00
ALB-CLB-0002177,P0000448,421,CLB,BROKER,2026-04-24,2027-04-24,RN,N,5822.09,3881.39,VALID,VALID,Hall & Patel Insurance Services Ltd,13.7,4851.7,2027-03-20,2026-12-31 06:00:00
ALB-CLB-0002180,P0002309,321,CLB,AGGREGATOR,2026-05-03,2027-05-03,EX,N,9534.62,6356.41,VALID,VALID,Smith & Walker Insurance Services Ltd,18.79,8740.050000000001,2027-03-29,2026-12-31 06:00:00
ALB-CLB-0002185,P0002343,,CLB,AGGREGATOR,2019-08-31,2020-08-30,IF,N,2742.58,2742.58,INVALID,VALID,Hall & Brown Insurance Services Ltd,13.16,2514.05,2020-07-26,2026-12-31 06:00:00
ALB-CLB-0002189,P0002719,,CLB,AGGREGATOR,2018-01-29,2019-01-29,RN,N,2319.8,2319.80,VALID,VALID,,,2319.8,2018-01-29,2026-12-31 06:00:00
ALB-CLB-0002191,P0000549,289,CLB,AGGREGATOR,2025-10-15,2026-10-15,IF,N,1997.43,1997.43,VALID,VALID,Khan & Smith Insurance Services Ltd,17.81,1997.43,2025-10-15,2026-12-31 06:00:00
ALB-CLB-0002200,P0002386,,CLB,BROKER,2025-09-06,2026-09-06,EX,N,3900.65,3900.65,VALID,VALID,,,3900.65,2025-09-06,2026-12-31 06:00:00
ALB-CLB-0002205,P0001442,,CLB,DIRECT,2020-02-26,2021-02-25,IF,N,7533.87,7533.87,VALID,VALID,Patel & Clarke Insurance Services Ltd,9.04,7533.839999999999,2021-01-21,2026-12-31 06:00:00
ALB-CLB-0002215,P0001203,481,CLB,BROKER,2023-10-23,2024-10-22,IF,N,9187.47,9187.47,INVALID,VALID,,,9187.44,2024-09-17,2026-12-31 06:00:00
ALB-CLB-0002219,P0001506,434,CLB,AGGREGATOR,2018-12-22,2019-12-22,RN,N,4347.82,4347.82,VALID,VALID,,,3985.520000000001,2019-11-17,2026-12-31 06:00:00
ALB-CLB-0002222,P0001263,,CLB,BROKER,2025-02-06,2026-02-06,LP,N,12919.18,12919.18,VALID,VALID,,,11842.600000000002,2026-01-02,2026-12-31 06:00:00
ALB-CLB-0002227,P0003008,362,CLB,BROKER,2023-12-09,2024-12-08,RN,N,13481.13,13481.13,VALID,VALID,Brown & Davies Insurance Services Ltd,14.49,13481.160000000002,2024-11-03,2026-12-31 06:00:00
ALB-CLB-0002234,P0002708,347,CLB,BROKER,2024-01-15,2025-01-14,RN,N,13288.94,13288.94,VALID,VALID,Jones & Baker Insurance Services Ltd,8.84,13288.94,2024-01-15,2026-12-31 06:00:00
ALB-CLB-0002245,P0001970,,CLB,AGGREGATOR,2020-02-17,2021-02-16,IF,N,12124.31,12124.31,VALID,VALID,,,12124.320000000002,2021-01-12,2026-12-31 06:00:00
ALB-CLB-0002248,P0002506,,CLB,BROKER,2023-03-04,2024-03-03,EX,N,13640.78,13640.78,VALID,VALID,Davies & Green Insurance Services Ltd,7.72,13640.78,2023-03-04,2026-12-31 06:00:00
ALB-CLB-0002253,P0000272,,CLB,BROKER,2020-01-18,2021-01-17,LP,N,13891.81,13891.81,VALID,VALID,Smith & Clarke Insurance Services Ltd,17.33,13891.799999999997,2020-12-13,2026-12-31 06:00:00
ALB-CLB-0002256,P0000466,207,CLB,BROKER,2021-10-19,2022-10-19,EX,N,7677.77,7677.77,VALID,VALID,Patel & Taylor Insurance Services Ltd,13.95,7677.77,2021-10-19,2026-12-31 06:00:00
ALB-CLB-0002258,P0002064,,CLB,DIRECT,2024-12-11,2025-12-11,RN,N,3932.12,3932.12,VALID,VALID,Hall & Patel Insurance Services Ltd,13.7,3932.1599999999994,2025-11-06,2026-12-31 06:00:00
ALB-CLB-0002259,P0001798,262,CLB,BROKER,2021-07-20,2022-07-20,IF,N,13807.86,13807.86,VALID,VALID,Walker & Wright Insurance Services Ltd,10.74,13807.799999999997,2022-06-15,2026-12-31 06:00:00
ALB-CLB-0002268,P0000242,,CLB,AGGREGATOR,2025-06-04,2026-06-04,RN,N,4205.92,4205.92,VALID,VALID,,,3504.8999999999996,2026-04-30,2026-12-31 06:00:00
ALB-CLB-0002273,P0000601,421,CLB,DIRECT,2021-12-16,2022-12-16,RN,N,7502.67,7502.67,VALID,VALID,,,7502.67,2021-12-16,2026-12-31 06:00:00
ALB-CLB-0002276,P0000697,490,CLB,AGGREGATOR,2019-01-22,2020-01-22,IF,N,14605.18,14605.18,VALID,VALID,,,14605.200000000003,2019-12-18,2026-12-31 06:00:00
ALB-CLB-0002279,P0000350,124,CLB,BROKER,2023-05-10,2024-05-09,LP,N,7902.58,7902.58,VALID,VALID,,,7902.58,2023-05-10,2026-12-31 06:00:00
ALB-CLB-0002286,P0003084,,CLB,DIRECT,2020-09-25,2021-09-25,LP,N,14345.27,14345.27,VALID,VALID,Smith & Davies Insurance Services Ltd,14.16,14345.280000000004,2021-08-21,2026-12-31 06:00:00
ALB-CLB-0002288,P0000374,,CLB,BROKER,2019-10-06,2020-10-05,IF,N,5894.22,5894.22,VALID,VALID,,,5894.22,2019-10-06,2026-12-31 06:00:00
ALB-CLB-0002292,P0000561,68,CLB,AGGREGATOR,2024-05-29,2025-05-29,CN,N,6115.62,6115.62,VALID,VALID,Hall & Brown Insurance Services Ltd,13.16,6115.56,2025-04-24,2026-12-31 06:00:00
ALB-CLB-0002300,P0000977,,CLB,BROKER,2020-04-22,2021-04-22,LP,N,3201.49,3201.49,VALID,VALID,,,3201.48,2021-03-18,2026-12-31 06:00:00
ALB-CLB-0002306,P0000623,185,CLB,DIRECT,2019-06-30,2020-06-29,EX,N,9469.04,9469.04,VALID,VALID,Smith & Clarke Insurance Services Ltd,17.33,9469.04,2019-06-30,2026-12-31 06:00:00
ALB-CLB-0002308,P0002150,274,CLB,BROKER,2026-09-21,2027-09-21,RN,N,8425.14,2106.29,VALID,VALID,Baker & Hughes Insurance Services Ltd,13.91,7722.990000000001,2027-08-17,2026-12-31 06:00:00
ALB-CLB-0002319,P0000398,225,CLB,DIRECT,2023-04-16,2024-04-15,IF,N,6209.18,6209.18,VALID,VALID,Wilson & Wright Insurance Services Ltd,7.87,5174.3,2024-03-11,2026-12-31 06:00:00
ALB-CLB-0002321,P0001135,364,CLB,BROKER,2021-09-26,2022-09-26,EX,N,7653.36,7653.36,VALID,VALID,,,7015.579999999998,2022-08-22,2026-12-31 06:00:00
ALB-CLB-0002325,P0003065,,CLB,AGGREGATOR,2024-05-09,2025-05-09,LP,N,11174.43,11174.43,VALID,VALID,,,10243.2,2025-04-04,2026-12-31 06:00:00
ALB-CLB-0002334,P0000402,364,CLB,BROKER,2023-07-13,2024-07-12,RN,N,7213.97,7213.97,VALID,VALID,,,7213.919999999999,2024-06-07,2026-12-31 06:00:00
ALB-CLB-0002340,P0000855,11,CLB,DIRECT,2022-05-17,2023-05-17,RN,N,7785.56,7785.56,VALID,VALID,,,6488.000000000001,2023-04-12,2026-12-31 06:00:00
ALB-CLB-0002350,P0000820,30,CLB,BROKER,2026-09-28,2027-09-28,RN,N,7291.31,1822.83,VALID,VALID,,,7291.319999999999,2027-08-24,2026-12-31 06:00:00
ALB-CLB-0002358,P0001134,499,CLB,DIRECT,2022-03-17,2023-03-17,IF,N,2023.2,2023.20,VALID,VALID,Clarke & Davies Insurance Services Ltd,10.43,1685.9999999999998,2023-02-10,2026-12-31 06:00:00
ALB-CLB-0002363,P0001713,,CLB,BROKER,2025-10-14,2026-10-14,CN,N,7877.84,7877.84,VALID,VALID,Green & Jones Insurance Services Ltd,21.44,7877.84,2025-10-14,2026-12-31 06:00:00
ALB-CLB-0002364,P0002495,,CLB,DIRECT,2022-09-06,2023-09-06,RN,N,2258.5,2258.50,VALID,VALID,Robinson & Brown Insurance Services Ltd,15.85,2070.31,2023-08-02,2026-12-31 06:00:00
ALB-CLB-0002365,P0000500,470,CLB,BROKER,2024-09-05,2025-09-05,RN,N,1439.9,1439.90,VALID,VALID,Patel & Taylor Insurance Services Ltd,13.95,1319.8899999999999,2025-08-01,2026-12-31 06:00:00
ALB-CLB-0002375,P0000034,303,CLB,DIRECT,2020-07-29,2021-07-29,IF,N,12093.83,12093.83,VALID,VALID,,,11086.019999999999,2021-06-24,2026-12-31 06:00:00
ALB-CLB-0002378,P0002697,,CLB,BROKER,2023-07-24,2024-07-23,RN,N,9673.68,9673.68,VALID,VALID,Hall & Wright Insurance Services Ltd,8.65,9673.68,2024-06-18,2026-12-31 06:00:00
ALB-CLB-0002382,P0003107,,CLB,DIRECT,2024-01-02,2025-01-01,IF,N,13052.54,13052.54,INVALID,VALID,Taylor & Johnson Insurance Services Ltd,17.25,11964.809999999998,2024-11-27,2026-12-31 06:00:00
ALB-CLB-0002392,P0000619,278,CLB,AGGREGATOR,2018-07-25,2019-07-25,LP,N,7131.38,7131.38,VALID,VALID,Hall & Brown Insurance Services Ltd,13.16,6537.079999999998,2019-06-20,2026-12-31 06:00:00
ALB-CLB-0002393,P0002184,320,CLB,DIRECT,2022-02-06,2023-02-06,CN,N,11518.68,11518.68,VALID,VALID,Johnson & Hall Insurance Services Ltd,21.38,10558.789999999999,2022-12-03,2026-12-31 06:00:00
ALB-CLB-0002395,P0000835,367,CLB,BROKER,2021-04-11,2022-04-11,RN,N,8932.17,8932.17,VALID,VALID,,,8932.17,2021-04-11,2026-12-31 06:00:00
ALB-CLB-0002399,P0001656,254,CLB,DIRECT,2024-01-10,2025-01-09,EX,N,11738.72,11738.72,INVALID,VALID,Smith & Walker Insurance Services Ltd,18.79,11738.759999999997,2024-12-05,2026-12-31 06:00:00
ALB-CLB-0002407,P0000349,30,CLB,BROKER,2024-10-09,2025-10-09,EX,N,13741.25,13741.25,VALID,VALID,Davies & Wright Insurance Services Ltd,13.6,13741.25,2024-10-09,2026-12-31 06:00:00
ALB-CLB-0002409,P0003163,,CLB,AGGREGATOR,2020-12-26,2021-12-26,IF,N,7237.06,7237.06,VALID,VALID,,,6633.990000000001,2021-11-21,2026-12-31 06:00:00
ALB-CLB-0002416,P0000086,175,CLB,DIRECT,2023-05-15,2024-05-14,IF,N,6432.17,6432.17,VALID,VALID,Murphy & Johnson Insurance Services Ltd,12.64,6432.120000000002,2024-04-09,2026-12-31 06:00:00
ALB-CLB-0002422,P0002043,,CLB,BROKER,2018-08-19,2019-08-19,IF,N,7308.12,7308.12,VALID,VALID,,,7308.120000000002,2019-07-15,2026-12-31 06:00:00
ALB-CLB-0002423,P0000544,43,CLB,BROKER,2023-10-27,2024-10-26,IF,N,8534.48,8534.48,VALID,VALID,Brown & Davies Insurance Services Ltd,14.49,8534.52,2024-09-21,2026-12-31 06:00:00
ALB-CLB-0002425,P0002763,240,CLB,AGGREGATOR,2019-07-20,2020-07-19,EX,N,6946.6,6946.60,VALID,VALID,Brown & Jones Insurance Services Ltd,10.15,6946.6,2019-07-20,2026-12-31 06:00:00
ALB-CLB-0002432,P0002444,,CLB,DIRECT,2024-11-15,2025-11-15,IF,N,8149.58,8149.58,VALID,VALID,,,7470.43,2025-10-11,2026-12-31 06:00:00
ALB-CLB-0002433,P0002450,156,CLB,AGGREGATOR,2022-07-30,2023-07-30,IF,N,2642.71,2642.71,VALID,VALID,,,2642.71,2022-07-30,2026-12-31 06:00:00
ALB-CLB-0002437,P0001324,,CLB,BROKER,2023-05-06,2024-05-05,CN,N,7991.89,7991.89,VALID,VALID,,,7991.89,2023-05-06,2026-12-31 06:00:00
ALB-CLB-0002443,P0002306,,CLB,BROKER,2023-05-07,2024-05-06,IF,N,1611.11,1611.11,VALID,VALID,,,1611.12,2024-04-01,2026-12-31 06:00:00
ALB-CLB-0002450,P0003175,,CLB,AGGREGATOR,2026-03-08,2027-03-08,EX,N,930.34,697.76,VALID,VALID,,,852.8299999999998,2027-01-02,2026-12-31 06:00:00
ALB-CLB-0002453,P0000333,307,CLB,DIRECT,2026-10-10,2027-10-10,LP,N,5365.88,894.31,VALID,VALID,Jones & Baker Insurance Services Ltd,8.84,4918.759999999999,2027-09-05,2026-12-31 06:00:00
ALB-CLB-0002459,P0001012,373,CLB,AGGREGATOR,2018-08-02,2019-08-02,LP,N,6081.44,6081.44,VALID,VALID,,,6081.4800000000005,2019-06-28,2026-12-31 06:00:00
ALB-CLB-0002461,P0000460,420,CLB,BROKER,2023-07-13,2024-07-12,CN,N,7270.22,7270.22,VALID,VALID,,,7270.22,2023-07-13,2026-12-31 06:00:00
ALB-CLB-0002468,P0002545,148,CLB,BROKER,2025-11-20,2026-11-20,RN,N,735.6,735.60,VALID,VALID,Hall & Khan Insurance Services Ltd,14.81,735.6,2025-11-20,2026-12-31 06:00:00
ALB-CLB-0002470,P0002310,337,CLB,DIRECT,2024-12-23,2025-12-23,IF,N,1283.96,1283.96,VALID,VALID,,,1284.0,2025-11-18,2026-12-31 06:00:00
ALB-CLB-0002472,P0003125,298,CLB,DIRECT,2021-09-27,2022-09-27,CN,N,1731.74,1731.74,VALID,VALID,,,,,2026-12-31 06:00:00
ALB-CLB-0002478,P0002782,241,CLB,AGGREGATOR,2023-12-09,2024-12-08,IF,N,3651.09,3651.09,VALID,VALID,Davies & Wright Insurance Services Ltd,13.6,3651.09,2023-12-09,2026-12-31 06:00:00
ALB-CLB-0002483,P0002191,,CLB,BROKER,2023-11-02,2024-11-01,LP,N,9449.14,9449.14,VALID,VALID,Williams & Baker Insurance Services Ltd,16.38,8661.730000000001,2024-09-27,2026-12-31 06:00:00
ALB-CLB-0002487,P0001268,358,CLB,BROKER,2025-02-11,2026-02-11,IF,N,13748.27,13748.27,VALID,VALID,Clarke & Davies Insurance Services Ltd,10.43,13748.280000000004,2026-01-07,2026-12-31 06:00:00
ALB-CLB-0002498,P0002512,288,CLB,BROKER,2026-06-08,2027-06-08,IF,Y,9126.1,4563.05,VALID,VALID,,,9126.12,2027-05-04,2026-12-31 06:00:00
ALB-CLB-0002505,P0002807,210,CLB,BROKER,2024-06-24,2025-06-24,RN,N,7079.71,7079.71,VALID,VALID,,,7079.71,2024-06-24,2026-12-31 06:00:00
ALB-CLB-0002510,P0000531,114,CLB,BROKER,2022-11-19,2023-11-19,IF,N,6287.04,6287.04,INVALID,VALID,Patel & Wilson Insurance Services Ltd,12.84,5763.12,2023-10-15,2026-12-31 06:00:00
ALB-CLB-0002529,P0000429,285,CLB,DIRECT,2026-02-28,2027-02-28,IF,N,6362.34,5301.95,VALID,VALID,,,6362.34,2026-02-28,2026-12-31 06:00:00
ALB-CLB-0002530,P0001292,,CLB,BROKER,2023-11-05,2024-11-04,LP,N,14608.2,14608.20,VALID,VALID,,,14608.2,2023-11-05,2026-12-31 06:00:00
ALB-CLB-0002536,P0002675,,CLB,BROKER,2022-08-26,2023-08-26,LP,N,3293.16,3293.16,VALID,VALID,,,3293.16,2022-08-26,2026-12-31 06:00:00
ALB-CLB-0002538,P0001357,74,CLB,BROKER,2023-08-27,2024-08-26,IF,N,3121.4,3121.40,VALID,VALID,Robinson & Brown Insurance Services Ltd,15.85,3121.439999999999,2024-07-22,2026-12-31 06:00:00
ALB-CLB-0002539,P0000416,31,CLB,BROKER,2025-11-15,2026-11-15,LP,N,8311.15,8311.15,VALID,VALID,Hall & Brown Insurance Services Ltd,13.16,8311.15,2025-11-15,2026-12-31 06:00:00
ALB-CLB-0002542,P0001705,274,CLB,DIRECT,2021-10-17,2022-10-17,RN,N,12603.71,12603.71,VALID,VALID,Williams & Baker Insurance Services Ltd,16.38,12603.719999999996,2022-09-12,2026-12-31 06:00:00
ALB-CLB-0002543,P0000029,45,CLB,BROKER,2022-01-12,2023-01-12,IF,N,640.67,640.67,VALID,VALID,Clarke & Wright Insurance Services Ltd,11.72,640.67,2022-01-12,2026-12-31 06:00:00
ALB-CLB-0002547,P0002708,347,CLB,AGGREGATOR,2022-04-22,2023-04-22,IF,N,9828.43,9828.43,VALID,VALID,,,9828.43,2022-04-22,2026-12-31 06:00:00
ALB-CLB-0002550,P0001030,,CLB,DIRECT,2023-04-29,2024-04-28,IF,N,10488.04,10488.04,VALID,VALID,,,10488.04,2023-04-29,2026-12-31 06:00:00
ALB-CLB-0002556,P0002825,43,CLB,BROKER,2026-10-22,2027-10-22,CN,N,6691.41,1115.23,VALID,VALID,,,6691.44,2027-09-17,2026-12-31 06:00:00
ALB-CLB-0002559,P0001048,348,CLB,DIRECT,2019-04-14,2020-04-13,LP,N,12664.86,12664.86,VALID,VALID,Patel & Wilson Insurance Services Ltd,12.84,12664.86,2019-04-14,2026-12-31 06:00:00
ALB-CLB-0002563,P0003020,,CLB,AGGREGATOR,2019-11-17,2020-11-16,RN,N,9085.14,9085.14,VALID,VALID,Khan & Davies Insurance Services Ltd,12.18,9085.14,2019-11-17,2026-12-31 06:00:00
ALB-CLB-0002566,P0002557,106,CLB,BROKER,2019-12-10,2020-12-09,RN,N,9365.02,9365.02,VALID,VALID,Davies & Davies Insurance Services Ltd,17.73,9365.039999999999,2020-11-04,2026-12-31 06:00:00
ALB-CLB-0002567,P0001813,,CLB,AGGREGATOR,2021-07-31,2022-07-31,CN,N,5452.97,5452.97,VALID,VALID,Johnson & Hughes Insurance Services Ltd,17.19,,,2026-12-31 06:00:00
ALB-CLB-0002571,P0001840,,CLB,DIRECT,2022-06-07,2023-06-07,IF,N,14678.56,14678.56,VALID,VALID,,,14678.56,2022-06-07,2026-12-31 06:00:00
ALB-CLB-0002578,P0002875,305,CLB,AGGREGATOR,2024-02-06,2025-02-05,IF,N,5459.88,5459.88,INVALID,VALID,Davies & Hughes Insurance Services Ltd,15.18,5459.879999999998,2025-01-01,2026-12-31 06:00:00
ALB-CLB-0002584,P0002228,,CLB,BROKER,2018-08-17,2019-08-17,LP,N,10274.07,10274.07,VALID,VALID,,,8561.699999999999,2019-07-13,2026-12-31 06:00:00
ALB-CLB-0002588,P0002541,,CLB,BROKER,2023-08-08,2024-08-07,LP,N,7002.41,7002.41,VALID,VALID,,,7002.41,2023-08-08,2026-12-31 06:00:00
ALB-CLB-0002604,P0001450,4,CLB,BROKER,2023-01-22,2024-01-22,RN,N,3936.04,3936.04,VALID,VALID,,,3608.0,2023-11-18,2026-12-31 06:00:00
ALB-CLB-0002607,P0001239,,CLB,AGGREGATOR,2018-02-27,2019-02-27,IF,N,10702.3,10702.30,VALID,VALID,Wilson & Wright Insurance Services Ltd,17.86,10702.3,2018-02-27,2026-12-31 06:00:00
ALB-CLB-0002611,P0000712,394,CLB,BROKER,2019-11-14,2020-11-13,IF,N,8295.63,8295.63,VALID,VALID,,,8295.63,2019-11-14,2026-12-31 06:00:00
ALB-CLB-0002630,P0001495,,CLB,BROKER,2023-07-05,2024-07-04,LP,N,2435.29,2435.29,VALID,VALID,,,2435.28,2024-05-30,2026-12-31 06:00:00
ALB-CLB-0002633,P0001717,47,CLB,BROKER,2023-08-12,2024-08-11,IF,N,4719.73,4719.73,VALID,VALID,,,4326.41,2024-07-07,2026-12-31 06:00:00
ALB-CLB-0002646,P0001380,,CLB,BROKER,2026-03-18,2027-03-18,RN,N,6243.06,4682.30,VALID,VALID,Murphy & Johnson Insurance Services Ltd,12.64,6243.06,2026-03-18,2026-12-31 06:00:00
ALB-CLB-0002647,P0000722,363,CLB,DIRECT,2024-01-16,2025-01-15,IF,N,12267.88,12267.88,VALID,VALID,Davies & Davies Insurance Services Ltd,17.73,12267.839999999998,2024-12-11,2026-12-31 06:00:00
ALB-CLB-0002655,P0002651,65,CLB,BROKER,2025-04-12,2026-04-12,IF,N,9077.85,9077.85,VALID,VALID,Taylor & Walker Insurance Services Ltd,13.94,9077.85,2025-04-12,2026-12-31 06:00:00
ALB-CLB-0002656,P0002019,,CLB,BROKER,2018-07-10,2019-07-10,IF,N,12880.43,12880.43,VALID,VALID,Williams & Baker Insurance Services Ltd,16.38,12880.43,2018-07-10,2026-12-31 06:00:00
ALB-CLB-0002660,P0000142,,CLB,BROKER,2024-06-13,2025-06-13,IF,N,14592.16,14592.16,VALID,VALID,Clarke & Davies Insurance Services Ltd,10.43,13376.11,2025-05-09,2026-12-31 06:00:00
ALB-CLB-0002663,P0001385,,CLB,DIRECT,2018-03-14,2019-03-14,IF,N,5188.77,5188.77,VALID,VALID,Baker & Wright Insurance Services Ltd,22.1,4756.4,2019-02-07,2026-12-31 06:00:00
ALB-CLB-0002665,P0002289,428,CLB,AGGREGATOR,2018-10-03,2019-10-03,RN,N,14120.26,14120.26,VALID,VALID,Wilson & Wright Insurance Services Ltd,7.87,14120.26,2018-10-03,2026-12-31 06:00:00
ALB-CLB-0002667,P0000580,45,CLB,BROKER,2023-06-27,2024-06-26,LP,N,6775.64,6775.64,VALID,VALID,,,6775.680000000001,2024-05-22,2026-12-31 06:00:00
ALB-CLB-0002669,P0000164,471,CLB,BROKER,2020-05-09,2021-05-09,IF,N,7308.73,7308.73,VALID,VALID,,,7308.7199999999975,2021-04-04,2026-12-31 06:00:00
ALB-CLB-0002672,P0002400,53,CLB,BROKER,2019-09-21,2020-09-20,IF,N,1243.5,1243.50,VALID,VALID,Johnson & Hughes Insurance Services Ltd,17.19,1243.5,2019-09-21,2026-12-31 06:00:00
ALB-CLB-0002680,P0002470,,CLB,AGGREGATOR,2023-11-23,2024-11-22,RN,N,2276.27,2276.27,VALID,VALID,Taylor & Wilson Insurance Services Ltd,14.3,2276.28,2024-10-18,2026-12-31 06:00:00
ALB-CLB-0002685,P0000116,64,CLB,DIRECT,2018-09-22,2019-09-22,EX,N,12637.44,12637.44,VALID,VALID,,,12637.44,2018-09-22,2026-12-31 06:00:00
ALB-CLB-0002693,P0001239,,CLB,BROKER,2024-01-29,2025-01-28,IF,N,13178.8,13178.80,VALID,VALID,Williams & Baker Insurance Services Ltd,16.38,13178.8,2024-01-29,2026-12-31 06:00:00
ALB-CLB-0002694,P0000260,488,CLB,AGGREGATOR,2022-12-14,2023-12-14,EX,N,4873.75,4873.75,VALID,VALID,,,4873.8,2023-11-09,2026-12-31 06:00:00
ALB-CLB-0002698,P0001058,,CLB,BROKER,2025-08-20,2026-08-20,LP,N,731.53,731.53,VALID,VALID,,,731.5200000000001,2026-07-16,2026-12-31 06:00:00
ALB-CLB-0002708,P0001089,26,CLB,DIRECT,2026-08-01,2027-08-01,CN,N,12484.85,5202.02,VALID,VALID,Khan & Davies Insurance Services Ltd,12.18,12484.85,2026-08-01,2026-12-31 06:00:00
ALB-CLB-0002715,P0001008,,CLB,BROKER,2021-11-18,2022-11-18,IF,N,12693.61,12693.61,VALID,VALID,Baker & Hughes Insurance Services Ltd,13.91,12693.599999999997,2022-10-14,2026-12-31 06:00:00
ALB-CLB-0002723,P0001905,299,CLB,AGGREGATOR,2021-02-28,2022-02-28,CN,N,9704.86,9704.86,INVALID,VALID,Johnson & Murphy Insurance Services Ltd,17.99,9704.86,2021-02-28,2026-12-31 06:00:00
ALB-CLB-0002731,P0002801,,CLB,BROKER,2022-04-06,2023-04-06,IF,N,5062.26,5062.26,VALID,VALID,Hall & Murphy Insurance Services Ltd,10.45,5062.26,2022-04-06,2026-12-31 06:00:00
ALB-CLB-0002738,P0003096,,CLB,BROKER,2024-07-31,2025-07-31,RN,N,12179.97,12179.97,VALID,VALID,,,12180.0,2025-06-26,2026-12-31 06:00:00
ALB-CLB-0002739,P0001191,68,CLB,BROKER,2024-11-14,2025-11-14,RN,N,7544.57,7544.57,VALID,VALID,Robinson & Brown Insurance Services Ltd,15.85,7544.57,2024-11-14,2026-12-31 06:00:00
ALB-CLB-0002756,P0001690,281,CLB,BROKER,2019-12-19,2020-12-18,EX,N,7704.85,7704.85,VALID,VALID,Hall & Murphy Insurance Services Ltd,10.45,7704.85,2019-12-19,2026-12-31 06:00:00
ALB-CLB-0002757,P0000396,354,CLB,DIRECT,2022-03-23,2023-03-23,EX,N,7719.45,7719.45,VALID,VALID,Khan & Davies Insurance Services Ltd,12.18,7076.19,2023-02-16,2026-12-31 06:00:00
ALB-CLB-0002761,P0001925,,CLB,BROKER,2018-04-28,2019-04-28,IF,N,12496.37,12496.37,VALID,VALID,Green & Murphy Insurance Services Ltd,11.43,12496.320000000002,2019-03-24,2026-12-31 06:00:00
ALB-CLB-0002772,P0000341,346,CLB,AGGREGATOR,2020-01-26,2021-01-25,CN,N,2826.42,2826.42,VALID,VALID,,,2826.42,2020-01-26,2026-12-31 06:00:00
ALB-CLB-0002782,P0001187,,CLB,BROKER,2023-07-27,2024-07-26,RN,N,9889.01,9889.01,VALID,VALID,,,9889.01,2023-07-27,2026-12-31 06:00:00
ALB-CLB-0002784,P0000231,220,CLB,DIRECT,2018-11-24,2019-11-24,IF,N,3830.76,3830.76,VALID,VALID,Taylor & Murphy Insurance Services Ltd,20.48,3830.76,2019-10-20,2026-12-31 06:00:00
ALB-CLB-0002786,P0000272,,CLB,BROKER,2022-07-07,2023-07-07,IF,N,12290.59,12290.59,VALID,VALID,Johnson & Hughes Insurance Services Ltd,17.19,12290.639999999998,2023-06-02,2026-12-31 06:00:00
ALB-CLB-0002788,P0001117,,CLB,BROKER,2024-11-30,2025-11-30,LP,N,7821.72,7821.72,VALID,VALID,Taylor & Wilson Insurance Services Ltd,14.3,7169.909999999998,2025-10-26,2026-12-31 06:00:00
ALB-CLB-0002798,P0003146,,CLB,BROKER,2022-03-19,2023-03-19,EX,N,7273.93,7273.93,VALID,VALID,Green & Jones Insurance Services Ltd,21.44,6061.599999999999,2023-02-12,2026-12-31 06:00:00
ALB-CLB-0002804,P0000211,203,CLB,AGGREGATOR,2021-06-27,2022-06-27,RN,N,5179.38,5179.38,VALID,VALID,,,5179.38,2021-06-27,2026-12-31 06:00:00
ALB-CLB-0002812,P0000455,,CLB,DIRECT,2023-10-20,2024-10-19,IF,N,3005.81,3005.81,VALID,VALID,,,3005.81,2023-10-20,2026-12-31 06:00:00
ALB-CLB-0002816,P0002547,366,CLB,BROKER,2018-08-01,2019-08-01,LP,N,5268.62,5268.62,VALID,VALID,Green & Jones Insurance Services Ltd,21.44,4829.550000000001,2019-06-27,2026-12-31 06:00:00
ALB-CLB-0002818,P0001064,,CLB,DIRECT,2020-06-06,2021-06-06,IF,N,6676.49,6676.49,VALID,VALID,Johnson & Hall Insurance Services Ltd,21.38,6676.49,2020-06-06,2026-12-31 06:00:00
ALB-CLB-0002825,P0001532,,CLB,DIRECT,2024-11-29,2025-11-29,IF,N,6524.19,6524.19,VALID,VALID,,,6524.19,2024-11-29,2026-12-31 06:00:00
ALB-CLB-0002833,P0002500,,CLB,BROKER,2022-06-06,2023-06-06,IF,N,10555.01,10555.01,VALID,VALID,Hall & Patel Insurance Services Ltd,13.7,10554.960000000001,2023-05-02,2026-12-31 06:00:00
ALB-CLB-0002837,P0002510,413,CLB,BROKER,2025-01-17,2026-01-17,EX,N,11294.01,11294.01,VALID,VALID,Wilson & Wright Insurance Services Ltd,7.87,9411.699999999999,2025-11-13,2026-12-31 06:00:00
ALB-CLB-0002838,P0000039,,CLB,BROKER,2018-01-18,2019-01-18,EX,N,4690.68,4690.68,VALID,VALID,,,4299.789999999999,2018-12-14,2026-12-31 06:00:00
ALB-CLB-0002840,P0001689,80,CLB,AGGREGATOR,2020-08-08,2021-08-08,IF,N,5851.63,5851.63,VALID,VALID,,,4876.4,2021-07-04,2026-12-31 06:00:00
ALB-CLB-0002849,P0002529,397,CLB,BROKER,2026-10-11,2027-10-11,IF,N,11407.48,1901.25,INVALID,VALID,Johnson & Murphy Insurance Services Ltd,17.99,11407.48,2026-10-11,2026-12-31 06:00:00
ALB-CLB-0002852,P0002407,,CLB,AGGREGATOR,2020-07-19,2021-07-19,IF,N,3607.96,3607.96,VALID,VALID,Hughes & Wright Insurance Services Ltd,8.65,3607.9199999999996,2021-06-14,2026-12-31 06:00:00
ALB-CLB-0002865,P0001812,,CLB,AGGREGATOR,2020-03-26,2021-03-26,IF,N,7318.73,7318.73,VALID,VALID,Walker & OBrien Insurance Services Ltd,10.5,7318.73,2020-03-26,2026-12-31 06:00:00
ALB-CLB-0002876,P0002532,179,CLB,AGGREGATOR,2023-10-11,2024-10-10,IF,N,8295.92,8295.92,VALID,VALID,Green & Patel Insurance Services Ltd,10.9,7604.63,2024-09-05,2026-12-31 06:00:00
ALB-CLB-0002878,P0000919,,CLB,BROKER,2022-11-06,2023-11-06,CN,N,13348.34,13348.34,VALID,VALID,,,13348.34,2022-11-06,2026-12-31 06:00:00
ALB-CLB-0002891,P0001661,,CLB,BROKER,2025-11-20,2026-11-20,RN,N,6798.82,6798.82,VALID,VALID,Green & Jones Insurance Services Ltd,21.44,6232.2699999999995,2026-10-16,2026-12-31 06:00:00
ALB-CLB-0002892,P0002709,472,CLB,BROKER,2024-08-21,2025-08-21,CN,N,8475.29,8475.29,VALID,VALID,Smith & Brown Insurance Services Ltd,19.81,8475.29,2024-08-21,2026-12-31 06:00:00
ALB-CLB-0002896,P0001757,,CLB,BROKER,2026-07-24,2027-07-24,EX,N,12565.8,5235.75,VALID,VALID,,,12565.8,2026-07-24,2026-12-31 06:00:00
ALB-CLB-0002903,P0000409,383,CLB,BROKER,2026-06-24,2027-06-24,IF,N,3902.74,1951.37,VALID,VALID,,,3902.74,2026-06-24,2026-12-31 06:00:00
ALB-CLB-0002905,P0001761,,CLB,BROKER,2021-10-04,2022-10-04,IF,N,11755.51,11755.51,VALID,VALID,Johnson & Hall Insurance Services Ltd,21.38,,,2026-12-31 06:00:00
ALB-CLB-0002907,P0002544,391,CLB,BROKER,2023-06-21,2024-06-20,IF,N,10339.9,10339.90,VALID,VALID,Walker & OBrien Insurance Services Ltd,10.5,10339.92,2024-05-16,2026-12-31 06:00:00
ALB-CLB-0002911,P0001496,402,CLB,BROKER,2020-04-03,2021-04-03,RN,N,2809.25,2809.25,VALID,VALID,,,2809.25,2020-04-03,2026-12-31 06:00:00
ALB-CLB-0002914,P0001831,,CLB,DIRECT,2023-02-14,2024-02-14,CN,N,8817.64,8817.64,VALID,VALID,,,8817.64,2023-02-14,2026-12-31 06:00:00
ALB-CLB-0002916,P0002532,179,CLB,BROKER,2024-04-23,2025-04-23,RN,N,7790.91,7790.91,VALID,VALID,Johnson & Hall Insurance Services Ltd,21.38,7790.879999999998,2025-03-19,2026-12-31 06:00:00
ALB-CLB-0002922,P0001212,189,CLB,BROKER,2018-02-10,2019-02-10,LP,N,3568.81,3568.81,VALID,VALID,,,3568.8000000000006,2019-01-06,2026-12-31 06:00:00
ALB-CLB-0002933,P0000874,390,CLB,DIRECT,2023-09-28,2024-09-27,IF,N,5296.54,5296.54,VALID,VALID,Baker & Brown Insurance Services Ltd,14.45,5296.56,2024-08-23,2026-12-31 06:00:00
ALB-CLB-0002938,P0002570,239,CLB,AGGREGATOR,2020-10-11,2021-10-11,EX,N,3403.38,3403.38,VALID,VALID,,,3403.38,2020-10-11,2026-12-31 06:00:00
ALB-CLB-0002940,P0000367,223,CLB,BROKER,2019-12-23,2020-12-22,RN,N,8279.66,8279.66,VALID,VALID,,,8279.66,2019-12-23,2026-12-31 06:00:00
ALB-CLB-0002941,P0001495,,CLB,BROKER,2022-07-24,2023-07-24,CN,N,11772.37,11772.37,VALID,VALID,,,11772.36,2023-06-19,2026-12-31 06:00:00
ALB-CLB-0002944,P0002682,,CLB,BROKER,2021-08-05,2022-08-05,IF,N,5656.33,5656.33,VALID,VALID,,,5656.33,2021-08-05,2026-12-31 06:00:00
ALB-CLB-0002946,P0002614,418,CLB,BROKER,2024-03-23,2025-03-23,IF,N,11895.55,11895.55,VALID,VALID,,,11895.599999999999,2025-02-16,2026-12-31 06:00:00
ALB-CLB-0002949,P0002593,402,CLB,BROKER,2022-06-14,2023-06-14,LP,N,13421.77,13421.77,VALID,VALID,Walker & Wright Insurance Services Ltd,10.74,,,2026-12-31 06:00:00
ALB-CLB-0002957,P0002628,472,CLB,BROKER,2023-03-28,2024-03-27,IF,N,11486.75,11486.75,VALID,VALID,,,11486.75,2023-03-28,2026-12-31 06:00:00
ALB-CLB-0002968,P0000423,21,CLB,AGGREGATOR,2025-05-01,2026-05-01,IF,N,874.33,874.33,VALID,VALID,Taylor & Walker Insurance Services Ltd,13.94,874.33,2025-05-01,2026-12-31 06:00:00
ALB-CLB-0002969,P0001407,,CLB,BROKER,2026-07-15,2027-07-15,IF,Y,1294.66,539.44,VALID,VALID,,,1294.6800000000003,2027-06-10,2026-12-31 06:00:00
ALB-CLB-0002971,P0001877,,CLB,DIRECT,2020-02-15,2021-02-14,IF,N,5690.18,5690.18,VALID,VALID,Hall & Baker Insurance Services Ltd,14.43,5690.160000000001,2021-01-10,2026-12-31 06:00:00
ALB-CLB-0002974,P0000713,172,CLB,BROKER,2022-09-08,2023-09-08,IF,N,13693.63,13693.63,VALID,VALID,,,13693.679999999998,2023-08-04,2026-12-31 06:00:00
ALB-CLB-0002975,P0001403,468,CLB,DIRECT,2026-06-09,2027-06-09,RN,N,1665.79,832.90,VALID,VALID,Davies & Hughes Insurance Services Ltd,15.18,,,2026-12-31 06:00:00
ALB-CLB-0002981,P0002678,,CLB,BROKER,2021-11-13,2022-11-13,IF,N,6766.39,6766.39,VALID,VALID,Davies & Brown Insurance Services Ltd,22.12,6202.57,2022-10-09,2026-12-31 06:00:00
ALB-CLB-0002982,P0002971,1,CLB,DIRECT,2024-03-20,2025-03-20,CN,N,5171.65,5171.65,VALID,VALID,Johnson & Hall Insurance Services Ltd,21.38,4309.700000000002,2025-02-13,2026-12-31 06:00:00
ALB-CLB-0002991,P0002064,,CLB,DIRECT,2019-11-25,2020-11-24,LP,N,3042.12,3042.12,VALID,VALID,Patel & Taylor Insurance Services Ltd,13.95,2788.6100000000006,2020-10-20,2026-12-31 06:00:00
ALB-CLB-0002998,P0001262,,CLB,BROKER,2026-11-10,2027-11-10,IF,N,1225.35,102.11,VALID,VALID,Green & Jones Insurance Services Ltd,21.44,1225.35,2026-11-10,2026-12-31 06:00:00
ALB-CLB-0003009,P0000054,102,CLB,BROKER,2023-08-06,2024-08-05,RN,N,6342.55,6342.55,VALID,VALID,,,6342.600000000001,2024-07-01,2026-12-31 06:00:00
ALB-CLB-0003013,P0000888,,CLB,DIRECT,2025-09-16,2026-09-16,IF,N,3859.38,3859.38,VALID,VALID,Clarke & Wright Insurance Services Ltd,11.72,3859.439999999999,2026-08-12,2026-12-31 06:00:00
ALB-CLB-0003023,P0003092,284,CLB,BROKER,2020-02-02,2021-02-01,RN,N,2091.41,2091.41,VALID,VALID,Hughes & Wright Insurance Services Ltd,8.65,2091.36,2020-12-28,2026-12-31 06:00:00
ALB-CLB-0003025,P0002238,,CLB,BROKER,2020-01-20,2021-01-19,RN,N,11151.37,11151.37,VALID,VALID,Davies & Taylor Insurance Services Ltd,14.09,11151.37,2020-01-20,2026-12-31 06:00:00
ALB-CLB-0003026,P0000180,500,CLB,BROKER,2025-05-31,2026-05-31,IF,N,14074.06,14074.06,VALID,VALID,,,14074.06,2025-05-31,2026-12-31 06:00:00
ALB-CLB-0003031,P0000410,206,CLB,AGGREGATOR,2018-06-29,2019-06-29,RN,N,7847.93,7847.93,VALID,VALID,Patel & Wilson Insurance Services Ltd,12.84,7847.93,2018-06-29,2026-12-31 06:00:00
ALB-CLB-0003043,P0000385,,CLB,BROKER,2021-01-12,2022-01-12,EX,N,973.11,973.11,VALID,VALID,,,973.11,2021-01-12,2026-12-31 06:00:00
ALB-CLB-0003047,P0000338,356,CLB,BROKER,2022-09-09,2023-09-09,IF,N,8481.4,8481.40,INVALID,VALID,Hall & Wright Insurance Services Ltd,8.65,8481.4,2022-09-09,2026-12-31 06:00:00
ALB-CLB-0003050,P0002102,,CLB,BROKER,2018-09-16,2019-09-16,RN,N,9467.28,9467.28,VALID,VALID,Green & Murphy Insurance Services Ltd,11.43,9467.28,2018-09-16,2026-12-31 06:00:00
ALB-CLB-0003058,P0002641,379,CLB,BROKER,2018-03-15,2019-03-15,IF,N,10025.71,10025.71,VALID,VALID,,,9190.279999999997,2019-02-08,2026-12-31 06:00:00
ALB-CLB-0003073,P0001340,,CLB,BROKER,2023-09-26,2024-09-25,LP,N,5984.82,5984.82,VALID,VALID,,,5984.82,2023-09-26,2026-12-31 06:00:00
ALB-CLB-0003093,P0000829,,CLB,BROKER,2023-04-09,2024-04-08,IF,N,11660.0,11660.00,VALID,VALID,Patel & Wilson Insurance Services Ltd,12.84,11660.0,2023-04-09,2026-12-31 06:00:00
ALB-CLB-0003096,P0002023,198,CLB,DIRECT,2021-08-11,2022-08-11,IF,N,14508.67,14508.67,VALID,VALID,,,13299.659999999996,2022-07-07,2026-12-31 06:00:00
ALB-CLB-0003101,P0002925,,CLB,BROKER,2022-02-24,2023-02-24,CN,N,4810.86,4810.86,VALID,VALID,Murphy & Johnson Insurance Services Ltd,12.64,4810.8,2023-01-20,2026-12-31 06:00:00
ALB-CLB-0003103,P0001328,473,CLB,DIRECT,2025-05-25,2026-05-25,IF,N,4496.33,4496.33,VALID,VALID,Baker & Wright Insurance Services Ltd,22.1,3746.9,2026-04-20,2026-12-31 06:00:00
ALB-CLB-0003104,P0000638,262,CLB,DIRECT,2025-06-08,2026-06-08,RN,N,12134.82,12134.82,VALID,VALID,,,11123.64,2026-05-04,2026-12-31 06:00:00
ALB-CLB-0003105,P0002638,,CLB,DIRECT,2026-02-19,2027-02-19,IF,Y,14559.67,12133.06,VALID,VALID,Johnson & Murphy Insurance Services Ltd,17.99,13346.409999999996,2027-01-15,2026-12-31 06:00:00
ALB-CLB-0003113,P0001544,90,CLB,BROKER,2025-07-23,2026-07-23,IF,N,5667.77,5667.77,VALID,VALID,Baker & Hughes Insurance Services Ltd,13.91,,,2026-12-31 06:00:00
ALB-CLB-0003121,P0001470,,CLB,DIRECT,2024-02-08,2025-02-07,IF,N,7722.51,7722.51,VALID,VALID,Patel & Taylor Insurance Services Ltd,13.95,7722.48,2025-01-03,2026-12-31 06:00:00
ALB-CLB-0003127,P0002004,22,CLB,BROKER,2020-12-23,2021-12-23,EX,N,4087.41,4087.41,VALID,VALID,,,4087.439999999999,2021-11-18,2026-12-31 06:00:00
ALB-CLB-0003134,P0002776,,CLB,BROKER,2021-04-01,2022-04-01,IF,N,13712.68,13712.68,VALID,VALID,,,12569.919999999998,2022-02-25,2026-12-31 06:00:00
ALB-CLB-0003140,P0001583,,CLB,DIRECT,2021-08-26,2022-08-26,IF,N,5734.92,5734.92,VALID,VALID,Wilson & Wright Insurance Services Ltd,7.87,5734.92,2021-08-26,2026-12-31 06:00:00
ALB-CLB-0003147,P0000213,330,CLB,BROKER,2024-09-19,2025-09-19,IF,N,6720.93,6720.93,INVALID,VALID,Brown & Jones Insurance Services Ltd,10.15,6720.96,2025-08-15,2026-12-31 06:00:00
ALB-CLB-0003148,P0001740,250,CLB,DIRECT,2025-03-24,2026-03-24,EX,N,9770.78,9770.78,VALID,VALID,Murphy & Johnson Insurance Services Ltd,12.64,9770.78,2025-03-24,2026-12-31 06:00:00
ALB-CLB-0003151,P0000120,283,CLB,BROKER,2024-07-20,2025-07-20,IF,N,4180.91,4180.91,VALID,VALID,Hall & Hall Insurance Services Ltd,9.1,3832.5099999999993,2025-06-15,2026-12-31 06:00:00
ALB-CLB-0003165,P0000512,379,CLB,BROKER,2018-07-08,2019-07-08,EX,N,3009.26,3009.26,VALID,VALID,Hughes & Wright Insurance Services Ltd,8.65,3009.2400000000002,2019-06-03,2026-12-31 06:00:00
ALB-CLB-0003166,P0001444,,CLB,BROKER,2023-05-05,2024-05-04,IF,N,11064.17,11064.17,VALID,VALID,,,11064.17,2023-05-05,2026-12-31 06:00:00
ALB-CLB-0003167,P0000777,95,CLB,BROKER,2023-08-06,2024-08-05,CN,N,4998.8,4998.80,VALID,VALID,Clarke & Wright Insurance Services Ltd,9.41,4165.700000000001,2024-06-01,2026-12-31 06:00:00
ALB-CLB-0003171,P0000733,,CLB,AGGREGATOR,2020-03-13,2021-03-13,IF,N,4330.73,4330.73,VALID,VALID,Williams & Williams Insurance Services Ltd,18.19,4330.679999999999,2021-02-06,2026-12-31 06:00:00
ALB-CLB-0003185,P0002238,,CLB,AGGREGATOR,2020-09-26,2021-09-26,LP,N,885.58,885.58,VALID,VALID,,,885.58,2020-09-26,2026-12-31 06:00:00
ALB-CLB-0003186,P0000982,,CLB,DIRECT,2019-09-25,2020-09-24,EX,N,719.56,719.56,VALID,VALID,,,659.5600000000001,2020-08-20,2026-12-31 06:00:00
ALB-CLB-0003187,P0001547,,CLB,AGGREGATOR,2020-01-27,2021-01-26,IF,N,7230.67,7230.67,VALID,VALID,Baker & Hughes Insurance Services Ltd,13.91,6628.159999999998,2020-11-22,2026-12-31 06:00:00
ALB-CLB-0003192,P0002306,,CLB,DIRECT,2026-03-20,2027-03-20,EX,N,11301.96,8476.47,VALID,VALID,Williams & Baker Insurance Services Ltd,16.38,11301.960000000001,2027-02-13,2026-12-31 06:00:00
ALB-CLB-0003202,P0000750,,CLB,BROKER,2018-09-10,2019-09-10,EX,N,14542.25,14542.25,VALID,VALID,Brown & Jones Insurance Services Ltd,10.15,14542.25,2018-09-10,2026-12-31 06:00:00
ALB-CLB-0003205,P0001375,497,CLB,DIRECT,2018-02-01,2019-02-01,IF,N,5669.33,5669.33,VALID,VALID,Clarke & Wright Insurance Services Ltd,11.72,5669.33,2018-02-01,2026-12-31 06:00:00
ALB-CLB-0003208,P0002549,,CLB,BROKER,2022-08-25,2023-08-25,EX,N,13112.34,13112.34,VALID,VALID,Baker & Clarke Insurance Services Ltd,20.14,10926.900000000003,2023-07-21,2026-12-31 06:00:00
ALB-CLB-0003209,P0001064,,CLB,AGGREGATOR,2025-02-11,2026-02-11,IF,N,7454.08,7454.08,VALID,VALID,Williams & Williams Insurance Services Ltd,18.19,7454.08,2025-02-11,2026-12-31 06:00:00
ALB-CLB-0003211,P0001823,,CLB,DIRECT,2025-06-24,2026-06-24,LP,N,9710.6,9710.60,VALID,VALID,Clarke & Davies Insurance Services Ltd,10.43,8901.420000000002,2026-05-20,2026-12-31 06:00:00
ALB-CLB-0003218,P0002102,,CLB,BROKER,2023-05-10,2024-05-09,LP,N,14232.41,14232.41,VALID,VALID,Wilson & OBrien Insurance Services Ltd,9.12,14232.360000000002,2024-04-04,2026-12-31 06:00:00
ALB-CLB-0003238,P0002591,488,CLB,DIRECT,2024-02-24,2025-02-23,CN,N,10500.36,10500.36,VALID,VALID,Khan & Davies Insurance Services Ltd,12.18,10500.36,2025-01-19,2026-12-31 06:00:00
ALB-CLB-0003247,P0002908,183,CLB,DIRECT,2018-07-30,2019-07-30,IF,N,9943.79,9943.79,VALID,VALID,,,9943.79,2018-07-30,2026-12-31 06:00:00
ALB-CLB-0003255,P0002324,291,CLB,DIRECT,2024-06-14,2025-06-14,IF,N,3776.47,3776.47,VALID,VALID,Williams & Williams Insurance Services Ltd,18.19,3776.52,2025-05-10,2026-12-31 06:00:00
ALB-CLB-0003256,P0001416,,CLB,BROKER,2021-10-03,2022-10-03,CN,N,2733.48,2733.48,VALID,VALID,,,2733.48,2021-10-03,2026-12-31 06:00:00
ALB-CLB-0003258,P0000959,,CLB,DIRECT,2021-04-10,2022-04-10,LP,N,8723.66,8723.66,VALID,VALID,Davies & Wright Insurance Services Ltd,13.6,7996.670000000002,2022-03-06,2026-12-31 06:00:00
ALB-CLB-0003260,P0003192,423,CLB,BROKER,2022-04-30,2023-04-30,IF,N,2601.67,2601.67,VALID,VALID,Smith & Brown Insurance Services Ltd,19.81,2168.1,2023-03-26,2026-12-31 06:00:00
ALB-CLB-0003261,P0001601,,CLB,DIRECT,2019-07-24,2020-07-23,IF,N,12425.88,12425.88,VALID,VALID,Brown & Jones Insurance Services Ltd,10.15,12425.88,2020-06-18,2026-12-31 06:00:00
ALB-CLB-0003269,P0003170,415,CLB,BROKER,2020-10-05,2021-10-05,IF,N,5742.84,5742.84,INVALID,VALID,Williams & Williams Insurance Services Ltd,18.19,5742.84,2020-10-05,2026-12-31 06:00:00
ALB-CLB-0003282,P0001262,,CLB,DIRECT,2021-12-08,2022-12-08,CN,N,3028.91,3028.91,VALID,VALID,,,3028.91,2021-12-08,2026-12-31 06:00:00
ALB-CLB-0003285,P0000270,406,CLB,BROKER,2026-09-11,2027-09-11,EX,N,2210.87,552.72,VALID,VALID,Wilson & Wright Insurance Services Ltd,7.87,2210.87,2026-09-11,2026-12-31 06:00:00
ALB-CLB-0003286,P0000591,419,CLB,DIRECT,2019-03-31,2020-03-30,RN,N,14336.74,14336.74,VALID,VALID,Hall & Wright Insurance Services Ltd,8.65,14336.759999999997,2020-02-24,2026-12-31 06:00:00
ALB-CLB-0003290,P0000622,146,CLB,BROKER,2020-03-19,2021-03-19,IF,N,10466.25,10466.25,VALID,VALID,Green & Patel Insurance Services Ltd,10.9,10466.280000000004,2021-02-12,2026-12-31 06:00:00
ALB-CLB-0003298,P0002638,,CLB,AGGREGATOR,2018-12-31,2019-12-31,IF,N,8059.44,8059.44,VALID,VALID,Smith & Clarke Insurance Services Ltd,17.33,8059.44,2019-11-26,2026-12-31 06:00:00
ALB-CLB-0003303,P0003172,,CLB,DIRECT,2022-07-20,2023-07-20,RN,N,14614.28,14614.28,VALID,VALID,Clarke & Wright Insurance Services Ltd,11.72,14614.320000000002,2023-06-15,2026-12-31 06:00:00
ALB-CLB-0003309,P0001076,180,CLB,DIRECT,2025-10-07,2026-10-07,CN,N,8173.74,8173.74,INVALID,VALID,Johnson & Hughes Insurance Services Ltd,17.19,8173.680000000001,2026-09-02,2026-12-31 06:00:00
ALB-CLB-0003312,P0002408,,CLB,BROKER,2024-08-22,2025-08-22,IF,N,1423.07,1423.07,VALID,VALID,Walker & OBrien Insurance Services Ltd,10.5,1423.07,2024-08-22,2026-12-31 06:00:00
ALB-CLB-0003317,P0001046,,CLB,DIRECT,2022-04-21,2023-04-21,RN,N,12803.6,12803.60,VALID,VALID,Baker & Hughes Insurance Services Ltd,12.55,12803.6,2022-04-21,2026-12-31 06:00:00
ALB-CLB-0003334,P0000579,88,CLB,BROKER,2022-06-19,2023-06-19,IF,N,13881.31,13881.31,VALID,VALID,Taylor & Murphy Insurance Services Ltd,20.48,13881.360000000002,2023-05-15,2026-12-31 06:00:00
ALB-CLB-0003344,P0001240,321,CLB,DIRECT,2021-05-03,2022-05-03,EX,N,2360.24,2360.24,VALID,VALID,Williams & Baker Insurance Services Ltd,16.38,2360.28,2022-03-29,2026-12-31 06:00:00
ALB-CLB-0003350,P0002544,391,CLB,AGGREGATOR,2018-11-24,2019-11-24,LP,N,14647.64,14647.64,VALID,VALID,Smith & Walker Insurance Services Ltd,18.79,14647.679999999998,2019-10-20,2026-12-31 06:00:00
ALB-CLB-0003358,P0001389,31,CLB,AGGREGATOR,2021-03-07,2022-03-07,IF,N,10280.93,10280.93,VALID,VALID,,,10280.93,2021-03-07,2026-12-31 06:00:00
ALB-CLB-0003366,P0001148,,CLB,DIRECT,2022-12-04,2023-12-04,CN,N,1761.82,1761.82,VALID,VALID,,,1615.0199999999995,2023-10-30,2026-12-31 06:00:00
ALB-CLB-0003371,P0001354,,CLB,BROKER,2022-12-01,2023-12-01,CN,N,7056.62,7056.62,VALID,VALID,,,7056.600000000001,2023-10-27,2026-12-31 06:00:00
ALB-CLB-0003375,P0001679,255,CLB,BROKER,2019-03-08,2020-03-07,CN,N,14697.64,14697.64,VALID,VALID,Baker & Wright Insurance Services Ltd,22.1,14697.599999999997,2020-02-01,2026-12-31 06:00:00
ALB-CLB-0003378,P0002063,,CLB,BROKER,2024-09-14,2025-09-14,RN,N,1239.42,1239.42,VALID,VALID,Taylor & Johnson Insurance Services Ltd,17.25,1136.1899999999998,2025-08-10,2026-12-31 06:00:00
ALB-CLB-0003380,P0001369,425,CLB,BROKER,2024-02-25,2025-02-24,EX,N,1479.53,1479.53,VALID,VALID,Walker & OBrien Insurance Services Ltd,10.5,1356.1899999999998,2025-01-20,2026-12-31 06:00:00
ALB-CLB-0003384,P0000064,404,CLB,BROKER,2019-06-11,2020-06-10,IF,N,14401.84,14401.84,VALID,VALID,Robinson & Brown Insurance Services Ltd,15.85,13201.649999999998,2020-05-06,2026-12-31 06:00:00
ALB-CLB-0003388,P0001991,109,CLB,DIRECT,2025-07-09,2026-07-09,IF,N,10486.55,10486.55,VALID,VALID,,,10486.55,2025-07-09,2026-12-31 06:00:00
ALB-CLB-0003396,P0001023,,CLB,DIRECT,2026-10-23,2027-10-23,IF,N,10841.38,1806.90,VALID,VALID,Baker & Williams Insurance Services Ltd,17.61,10841.38,2026-10-23,2026-12-31 06:00:00
ALB-CLB-0003399,P0000957,201,CLB,BROKER,2026-07-28,2027-07-28,EX,N,2120.29,883.45,VALID,VALID,,,,,2026-12-31 06:00:00
ALB-CLB-0003404,P0002968,418,CLB,DIRECT,2022-04-09,2023-04-09,LP,N,4292.71,4292.71,VALID,VALID,Wilson & Wright Insurance Services Ltd,7.87,4292.71,2022-04-09,2026-12-31 06:00:00
ALB-CLB-0003409,P0002853,,CLB,BROKER,2025-05-19,2026-05-19,IF,N,7576.66,7576.66,VALID,VALID,,,7576.66,2025-05-19,2026-12-31 06:00:00
ALB-CLB-0003418,P0000404,24,CLB,AGGREGATOR,2024-02-04,2025-02-03,LP,N,13048.03,13048.03,VALID,VALID,Hall & Brown Insurance Services Ltd,13.16,13048.03,2024-02-04,2026-12-31 06:00:00
ALB-CLB-0003424,P0001735,168,CLB,BROKER,2026-05-26,2027-05-26,EX,N,9018.06,5260.54,VALID,VALID,Smith & Clarke Insurance Services Ltd,17.33,9018.06,2026-05-26,2026-12-31 06:00:00
ALB-CLB-0003428,P0002905,,CLB,AGGREGATOR,2022-10-03,2023-10-03,IF,N,1215.76,1215.76,VALID,VALID,,,1114.4099999999999,2023-08-29,2026-12-31 06:00:00
ALB-CLB-0003435,P0001284,,CLB,BROKER,2026-11-28,2027-11-28,LP,N,3896.63,324.72,VALID,VALID,Taylor & Johnson Insurance Services Ltd,17.25,3896.6400000000012,2027-10-24,2026-12-31 06:00:00
ALB-CLB-0003442,P0002558,432,CLB,BROKER,2025-11-08,2026-11-08,IF,N,8520.83,8520.83,VALID,VALID,,,8520.83,2025-11-08,2026-12-31 06:00:00
ALB-CLB-0003443,P0000317,400,CLB,BROKER,2018-08-16,2019-08-16,EX,N,6031.86,6031.86,VALID,VALID,Williams & Williams Insurance Services Ltd,18.19,6031.799999999999,2019-07-12,2026-12-31 06:00:00
ALB-CLB-0003464,P0002243,,CLB,BROKER,2024-09-09,2025-09-09,RN,N,3748.89,3748.89,VALID,VALID,,,3124.1,2025-08-05,2026-12-31 06:00:00
ALB-CLB-0003466,P0000099,,CLB,AGGREGATOR,2021-10-31,2022-10-31,IF,N,13321.35,13321.35,VALID,VALID,,,13321.35,2021-10-31,2026-12-31 06:00:00
ALB-CLB-0003468,P0001765,2,CLB,AGGREGATOR,2020-10-10,2021-10-10,EX,N,6440.97,6440.97,VALID,VALID,Hall & Murphy Insurance Services Ltd,10.45,6441.0,2021-09-05,2026-12-31 06:00:00
ALB-CLB-0003473,P0000441,148,CLB,DIRECT,2023-09-19,2024-09-18,IF,N,14632.24,14632.24,VALID,VALID,,,10974.150000000001,2024-08-14,2026-12-31 06:00:00
ALB-CLB-0003478,P0002629,63,CLB,BROKER,2024-10-19,2025-10-19,EX,N,3937.03,3937.03,VALID,VALID,Smith & Davies Insurance Services Ltd,14.16,3280.9,2025-09-14,2026-12-31 06:00:00
ALB-CLB-0003487,P0002181,87,CLB,AGGREGATOR,2020-12-14,2021-12-14,IF,N,14040.96,14040.96,INVALID,VALID,Williams & Hall Insurance Services Ltd,14.19,14040.96,2020-12-14,2026-12-31 06:00:00
ALB-CLB-0003490,P0003133,,CLB,AGGREGATOR,2026-07-15,2027-07-15,RN,N,14058.89,5857.87,INVALID,VALID,,,14058.89,2026-07-15,2026-12-31 06:00:00
ALB-CLB-0003495,P0000974,,CLB,BROKER,2018-09-02,2019-09-02,RN,N,2203.94,2203.94,VALID,VALID,,,2203.94,2018-09-02,2026-12-31 06:00:00
ALB-CLB-0003506,P0000959,,CLB,DIRECT,2023-06-28,2024-06-27,IF,N,9089.86,9089.86,VALID,VALID,,,9089.88,2024-05-23,2026-12-31 06:00:00
ALB-CLB-0003509,P0001600,459,CLB,BROKER,2023-10-29,2024-10-28,EX,N,7788.14,7788.14,VALID,VALID,,,7788.120000000002,2024-09-23,2026-12-31 06:00:00
ALB-CLB-0003511,P0002331,,CLB,DIRECT,2018-12-05,2019-12-05,RN,N,11472.26,11472.26,VALID,VALID,,,11472.240000000003,2019-10-31,2026-12-31 06:00:00
ALB-CLB-0003520,P0002448,445,CLB,BROKER,2022-05-28,2023-05-28,IF,N,9671.33,9671.33,VALID,VALID,Baker & Brown Insurance Services Ltd,14.45,8865.340000000002,2023-04-23,2026-12-31 06:00:00
ALB-CLB-0003522,P0000524,386,CLB,BROKER,2022-03-24,2023-03-24,EX,N,2448.7,2448.70,VALID,VALID,OBrien & Patel Insurance Services Ltd,14.2,2448.72,2023-02-17,2026-12-31 06:00:00
ALB-CLB-0003525,P0000036,288,CLB,AGGREGATOR,2026-04-07,2027-04-07,IF,Y,10040.52,6693.68,VALID,VALID,,,10040.52,2027-03-03,2026-12-31 06:00:00
ALB-CLB-0003526,P0002088,,CLB,BROKER,2026-10-01,2027-10-01,EX,N,3612.53,903.13,VALID,VALID,,,3612.48,2027-08-27,2026-12-31 06:00:00
ALB-CLB-0003529,P0001610,,CLB,DIRECT,2025-01-14,2026-01-14,IF,N,6756.99,6756.99,VALID,VALID,Johnson & Hall Insurance Services Ltd,21.38,5630.8,2025-12-10,2026-12-31 06:00:00
ALB-CLB-0003532,P0001214,147,CLB,BROKER,2023-09-21,2024-09-20,LP,N,5274.11,5274.11,VALID,VALID,Baker & Clarke Insurance Services Ltd,20.14,5274.11,2023-09-21,2026-12-31 06:00:00
ALB-CLB-0003539,P0000851,309,CLB,AGGREGATOR,2025-09-05,2026-09-05,IF,N,2735.11,2735.11,VALID,VALID,Hall & Patel Insurance Services Ltd,13.7,2735.16,2026-08-01,2026-12-31 06:00:00
ALB-CLB-0003541,P0002008,21,CLB,BROKER,2024-03-07,2025-03-07,CN,N,788.32,788.32,VALID,VALID,Johnson & Murphy Insurance Services Ltd,21.31,656.9000000000001,2025-01-31,2026-12-31 06:00:00
ALB-CLB-0003543,P0000676,234,CLB,DIRECT,2018-12-05,2019-12-05,IF,N,3246.8,3246.80,VALID,VALID,,,3246.8,2018-12-05,2026-12-31 06:00:00
ALB-CLB-0003546,P0002081,,CLB,DIRECT,2019-08-29,2020-08-28,CN,N,1905.47,1905.47,VALID,VALID,Green & Jones Insurance Services Ltd,21.44,1905.4799999999998,2020-07-24,2026-12-31 06:00:00
ALB-CLB-0003547,P0000369,,CLB,BROKER,2025-04-12,2026-04-12,EX,N,7847.55,7847.55,VALID,VALID,,,7847.52,2026-03-08,2026-12-31 06:00:00
ALB-CLB-0003558,P0002102,,CLB,BROKER,2020-08-02,2021-08-02,IF,N,2833.02,2833.02,VALID,VALID,Williams & Hall Insurance Services Ltd,14.19,2833.0800000000004,2021-06-28,2026-12-31 06:00:00
ALB-CLB-0003560,P0002428,13,CLB,DIRECT,2020-08-16,2021-08-16,EX,N,5391.04,5391.04,VALID,VALID,,,5391.04,2020-08-16,2026-12-31 06:00:00
ALB-CLB-0003591,P0000828,142,CLB,BROKER,2023-03-08,2024-03-07,IF,N,5104.81,5104.81,VALID,VALID,,,5104.799999999999,2024-02-01,2026-12-31 06:00:00
ALB-CLB-0003593,P0000497,104,CLB,BROKER,2024-01-27,2025-01-26,IF,N,2768.97,2768.97,VALID,VALID,Hall & Brown Insurance Services Ltd,13.16,2769.0,2024-12-22,2026-12-31 06:00:00
ALB-CLB-0003600,P0002299,228,CLB,AGGREGATOR,2024-08-07,2025-08-07,EX,N,1357.45,1357.45,VALID,VALID,Johnson & Hall Insurance Services Ltd,21.38,1244.3200000000002,2025-07-03,2026-12-31 06:00:00
ALB-CLB-0003608,P0000017,208,CLB,BROKER,2022-12-13,2023-12-13,EX,N,12902.88,12902.88,VALID,VALID,Hall & Brown Insurance Services Ltd,13.16,11827.64,2023-11-08,2026-12-31 06:00:00
ALB-CLB-0003609,P0003154,363,CLB,DIRECT,2022-01-21,2023-01-21,LP,N,2506.56,2506.56,VALID,VALID,,,2297.6800000000007,2022-11-17,2026-12-31 06:00:00
ALB-CLB-0003616,P0002072,362,CLB,AGGREGATOR,2026-03-08,2027-03-08,RN,N,13034.87,9776.15,INVALID,VALID,OBrien & Green Insurance Services Ltd,17.85,11948.64,2027-02-01,2026-12-31 06:00:00
ALB-CLB-0003621,P0001335,13,CLB,AGGREGATOR,2020-05-14,2021-05-14,EX,N,5767.03,5767.03,VALID,VALID,,,4805.900000000001,2021-04-09,2026-12-31 06:00:00
ALB-CLB-0003638,P0002817,,CLB,DIRECT,2020-06-15,2021-06-15,IF,N,2089.05,2089.05,VALID,VALID,Wilson & Johnson Insurance Services Ltd,21.61,2089.05,2020-06-15,2026-12-31 06:00:00
ALB-CLB-0003639,P0000324,83,CLB,AGGREGATOR,2026-12-25,2027-12-25,RN,N,1124.96,0.00,VALID,VALID,Taylor & Wilson Insurance Services Ltd,14.3,843.75,2027-10-21,2026-12-31 06:00:00
ALB-CLB-0003644,P0001269,220,CLB,BROKER,2023-04-21,2024-04-20,IF,N,14025.53,14025.53,VALID,VALID,Clarke & Davies Insurance Services Ltd,10.43,12856.690000000002,2024-03-16,2026-12-31 06:00:00
ALB-CLB-0003646,P0002700,,CLB,DIRECT,2023-09-14,2024-09-13,RN,N,5134.2,5134.20,VALID,VALID,Taylor & Murphy Insurance Services Ltd,20.48,5134.2,2023-09-14,2026-12-31 06:00:00
ALB-CLB-0003655,P0000838,367,CLB,DIRECT,2025-03-29,2026-03-29,IF,N,14306.29,14306.29,VALID,VALID,Taylor & Johnson Insurance Services Ltd,17.25,14306.29,2025-03-29,2026-12-31 06:00:00
ALB-CLB-0003656,P0002545,148,CLB,DIRECT,2023-05-16,2024-05-15,IF,N,14594.29,14594.29,VALID,VALID,Clarke & Wright Insurance Services Ltd,11.72,14594.280000000004,2024-04-10,2026-12-31 06:00:00
ALB-CLB-0003659,P0001047,,CLB,BROKER,2025-03-25,2026-03-25,LP,N,5770.12,5770.12,VALID,VALID,,,5770.080000000001,2026-02-18,2026-12-31 06:00:00
ALB-CLB-0003662,P0000405,343,CLB,BROKER,2019-03-19,2020-03-18,LP,N,14222.13,14222.13,VALID,VALID,,,11851.800000000001,2020-02-12,2026-12-31 06:00:00
ALB-CLB-0003670,P0001778,,CLB,DIRECT,2020-05-29,2021-05-29,IF,N,4603.61,4603.61,VALID,VALID,,,4219.93,2021-03-25,2026-12-31 06:00:00
ALB-CLB-0003673,P0002182,238,CLB,BROKER,2021-08-30,2022-08-30,IF,N,8033.7,8033.70,VALID,VALID,Wilson & Wright Insurance Services Ltd,7.87,8033.759999999998,2022-07-26,2026-12-31 06:00:00
ALB-CLB-0003680,P0000953,,CLB,AGGREGATOR,2025-09-09,2026-09-09,IF,N,13317.24,13317.24,VALID,VALID,Baker & Clarke Insurance Services Ltd,20.14,13317.240000000003,2026-08-05,2026-12-31 06:00:00
ALB-CLB-0003681,P0002770,,CLB,DIRECT,2023-09-28,2024-09-27,EX,N,2593.33,2593.33,VALID,VALID,Patel & Taylor Insurance Services Ltd,13.95,2377.210000000001,2024-08-23,2026-12-31 06:00:00
ALB-CLB-0003684,P0001505,,CLB,BROKER,2021-09-02,2022-09-02,IF,N,12209.08,12209.08,VALID,VALID,Green & Jones Insurance Services Ltd,21.44,12209.08,2021-09-02,2026-12-31 06:00:00
ALB-CLB-0003685,P0002150,274,CLB,BROKER,2022-02-06,2023-02-06,IF,N,4753.37,4753.37,VALID,VALID,,,4753.320000000001,2023-01-02,2026-12-31 06:00:00
ALB-CLB-0003693,P0000617,466,CLB,BROKER,2022-11-19,2023-11-19,IF,N,7142.15,7142.15,VALID,VALID,,,7142.160000000001,2023-10-15,2026-12-31 06:00:00
ALB-CLB-0003711,P0002192,283,CLB,DIRECT,2020-01-02,2021-01-01,EX,N,11759.49,11759.49,INVALID,VALID,,,11759.49,2020-01-02,2026-12-31 06:00:00
ALB-CLB-0003715,P0000772,341,CLB,AGGREGATOR,2019-01-22,2020-01-22,IF,N,3961.25,3961.25,VALID,VALID,Baker & Hughes Insurance Services Ltd,12.55,3961.25,2019-01-22,2026-12-31 06:00:00
ALB-CLB-0003719,P0003061,349,CLB,BROKER,2021-11-20,2022-11-20,IF,N,3751.64,3751.64,VALID,VALID,Hall & Patel Insurance Services Ltd,13.7,3126.399999999999,2022-10-16,2026-12-31 06:00:00
ALB-CLB-0003721,P0000135,24,CLB,DIRECT,2023-08-09,2024-08-08,CN,N,2915.8,2915.80,VALID,VALID,Johnson & Hughes Insurance Services Ltd,17.19,2915.8,2023-08-09,2026-12-31 06:00:00
ALB-CLB-0003728,P0001226,224,CLB,BROKER,2026-02-02,2027-02-02,EX,N,4161.89,3815.07,VALID,VALID,,,4161.89,2026-02-02,2026-12-31 06:00:00
ALB-CLB-0003730,P0001285,,CLB,BROKER,2022-09-12,2023-09-12,IF,N,12207.3,12207.30,VALID,VALID,Green & Murphy Insurance Services Ltd,11.43,12207.3,2022-09-12,2026-12-31 06:00:00
ALB-CLB-0003731,P0002655,,CLB,BROKER,2025-12-31,2026-12-31,RN,N,4797.57,4797.57,VALID,VALID,Wilson & OBrien Insurance Services Ltd,9.12,4397.800000000001,2026-11-26,2026-12-31 06:00:00
ALB-CLB-0003742,P0002240,117,CLB,BROKER,2021-01-26,2022-01-26,IF,N,4256.51,4256.51,VALID,VALID,Smith & Walker Insurance Services Ltd,18.79,3547.1,2021-11-22,2026-12-31 06:00:00
ALB-CLB-0003743,P0001153,156,CLB,AGGREGATOR,2024-02-07,2025-02-06,RN,N,1416.23,1416.23,VALID,VALID,Khan & Davies Insurance Services Ltd,12.18,1416.23,2024-02-07,2026-12-31 06:00:00
ALB-CLB-0003745,P0002342,,CLB,AGGREGATOR,2024-05-22,2025-05-22,RN,N,2905.87,2905.87,VALID,VALID,Green & Murphy Insurance Services Ltd,11.43,2421.6,2025-04-17,2026-12-31 06:00:00
ALB-CLB-0003751,P0002527,272,CLB,BROKER,2022-02-20,2023-02-20,EX,N,3815.74,3815.74,VALID,VALID,,,3497.78,2023-01-16,2026-12-31 06:00:00
ALB-CLB-0003752,P0001895,371,CLB,DIRECT,2020-08-23,2021-08-23,RN,N,1239.29,1239.29,VALID,VALID,Johnson & Hall Insurance Services Ltd,21.38,1239.24,2021-07-19,2026-12-31 06:00:00
ALB-CLB-0003757,P0001280,382,CLB,DIRECT,2021-01-16,2022-01-16,RN,N,3350.75,3350.75,VALID,VALID,Taylor & Johnson Insurance Services Ltd,17.25,3350.75,2021-01-16,2026-12-31 06:00:00
ALB-CLB-0003761,P0000814,,CLB,DIRECT,2026-05-21,2027-05-21,LP,N,779.32,454.60,VALID,VALID,,,779.2800000000002,2027-04-16,2026-12-31 06:00:00
ALB-CLB-0003766,P0000289,241,CLB,BROKER,2021-11-20,2022-11-20,EX,N,12888.91,12888.91,VALID,VALID,,,12888.96,2022-10-16,2026-12-31 06:00:00
ALB-CLB-0003770,P0001726,252,CLB,BROKER,2026-10-02,2027-10-02,EX,N,14291.48,3572.87,VALID,VALID,,,14291.519999999997,2027-08-28,2026-12-31 06:00:00
ALB-CLB-0003772,P0001907,,CLB,DIRECT,2019-11-18,2020-11-17,IF,N,4590.07,4590.07,VALID,VALID,Taylor & Johnson Insurance Services Ltd,17.25,4590.07,2019-11-18,2026-12-31 06:00:00
ALB-CLB-0003776,P0002007,479,CLB,BROKER,2021-06-02,2022-06-02,IF,N,3458.47,3458.47,VALID,VALID,,,3458.47,2021-06-02,2026-12-31 06:00:00
ALB-CLB-0003782,P0002867,,CLB,BROKER,2021-04-18,2022-04-18,CN,N,11421.69,11421.69,VALID,VALID,,,11421.719999999996,2022-03-14,2026-12-31 06:00:00
ALB-CLB-0003786,P0001864,485,CLB,BROKER,2018-02-07,2019-02-07,IF,N,3629.92,3629.92,VALID,VALID,Hall & Baker Insurance Services Ltd,14.43,3327.3899999999994,2019-01-03,2026-12-31 06:00:00
ALB-CLB-0003792,P0001065,,CLB,AGGREGATOR,2023-07-08,2024-07-07,EX,N,7018.66,7018.66,VALID,VALID,,,7018.66,2023-07-08,2026-12-31 06:00:00
ALB-CLB-0003796,P0000413,401,CLB,AGGREGATOR,2021-03-25,2022-03-25,CN,N,5089.29,5089.29,VALID,VALID,Wilson & Wright Insurance Services Ltd,7.87,4665.21,2022-02-18,2026-12-31 06:00:00
ALB-CLB-0003802,P0003104,87,CLB,BROKER,2026-02-06,2027-02-06,EX,N,12449.39,10374.49,VALID,VALID,Walker & Wright Insurance Services Ltd,10.74,11411.950000000003,2027-01-02,2026-12-31 06:00:00
ALB-CLB-0003803,P0001626,12,CLB,BROKER,2025-11-09,2026-11-09,CN,N,13178.21,13178.21,VALID,VALID,,,13178.21,2025-11-09,2026-12-31 06:00:00
ALB-CLB-0003816,P0000235,,CLB,DIRECT,2025-05-26,2026-05-26,LP,N,14025.49,14025.49,VALID,VALID,Patel & Wilson Insurance Services Ltd,12.84,14025.480000000003,2026-04-21,2026-12-31 06:00:00
ALB-CLB-0003822,P0000366,65,CLB,AGGREGATOR,2023-07-18,2024-07-17,RN,N,9644.81,9644.81,VALID,VALID,Baker & Hughes Insurance Services Ltd,13.91,,,2026-12-31 06:00:00
ALB-CLB-0003837,P0003015,472,CLB,DIRECT,2022-01-09,2023-01-09,EX,N,2558.44,2558.44,VALID,VALID,,,2558.44,2022-01-09,2026-12-31 06:00:00
ALB-CLB-0003838,P0001201,,CLB,AGGREGATOR,2026-11-26,2027-11-26,EX,N,2630.86,219.24,VALID,VALID,Baker & Williams Insurance Services Ltd,17.61,2411.6400000000003,2027-10-22,2026-12-31 06:00:00
ALB-CLB-0003840,P0002139,,CLB,BROKER,2021-01-22,2022-01-22,LP,N,1369.14,1369.14,VALID,VALID,,,1369.1999999999998,2021-12-18,2026-12-31 06:00:00
ALB-CLB-0003842,P0001784,,CLB,BROKER,2026-05-02,2027-05-02,EX,N,12292.88,8195.25,VALID,VALID,Murphy & Johnson Insurance Services Ltd,12.64,12292.88,2026-05-02,2026-12-31 06:00:00
ALB-CLB-0003844,P0002770,,CLB,DIRECT,2023-02-09,2024-02-09,IF,N,11111.94,11111.94,VALID,VALID,,,10186.0,2024-01-05,2026-12-31 06:00:00
ALB-CLB-0003849,P0001666,,CLB,BROKER,2026-10-28,2027-10-28,IF,N,12987.46,2164.58,VALID,VALID,Wilson & Johnson Insurance Services Ltd,21.61,,,2026-12-31 06:00:00
ALB-CLB-0003853,P0000674,,CLB,DIRECT,2020-10-23,2021-10-23,IF,N,10317.92,10317.92,VALID,VALID,Baker & Clarke Insurance Services Ltd,20.14,7738.47,2021-07-20,2026-12-31 06:00:00
ALB-CLB-0003864,P0001967,12,CLB,BROKER,2023-05-20,2024-05-19,CN,N,13300.74,13300.74,VALID,VALID,Green & Patel Insurance Services Ltd,10.9,13300.679999999998,2024-04-14,2026-12-31 06:00:00
ALB-CLB-0003865,P0002398,,CLB,DIRECT,2019-12-13,2020-12-12,RN,N,3251.54,3251.54,VALID,VALID,,,3251.54,2019-12-13,2026-12-31 06:00:00
ALB-CLB-0003872,P0000314,437,CLB,AGGREGATOR,2019-01-19,2020-01-19,IF,N,8947.04,8947.04,VALID,VALID,,,8947.08,2019-12-15,2026-12-31 06:00:00
ALB-CLB-0003880,P0002762,492,CLB,BROKER,2022-11-17,2023-11-17,RN,N,3369.62,3369.62,VALID,VALID,Patel & Wilson Insurance Services Ltd,12.84,3369.600000000001,2023-10-13,2026-12-31 06:00:00
ALB-CLB-0003887,P0002272,,CLB,AGGREGATOR,2019-12-16,2020-12-15,LP,N,3694.01,3694.01,VALID,VALID,,,3694.01,2019-12-16,2026-12-31 06:00:00
ALB-CLB-0003897,P0001180,,CLB,DIRECT,2026-11-25,2027-11-25,IF,Y,4387.56,365.63,VALID,VALID,,,4387.56,2026-11-25,2026-12-31 06:00:00
ALB-CLB-0003898,P0001905,299,CLB,BROKER,2021-04-02,2022-04-02,RN,N,12370.24,12370.24,INVALID,VALID,Williams & Williams Insurance Services Ltd,18.19,12370.200000000003,2022-02-26,2026-12-31 06:00:00
ALB-CLB-0003901,P0002023,198,CLB,DIRECT,2018-04-25,2019-04-25,EX,N,10479.92,10479.92,VALID,VALID,,,9606.630000000001,2019-03-21,2026-12-31 06:00:00
ALB-CLB-0003902,P0002049,315,CLB,BROKER,2021-09-20,2022-09-20,RN,N,8550.43,8550.43,VALID,VALID,Patel & Taylor Insurance Services Ltd,13.95,8550.43,2021-09-20,2026-12-31 06:00:00
ALB-CLB-0003913,P0001797,181,CLB,BROKER,2022-02-04,2023-02-04,RN,N,5435.63,5435.63,VALID,VALID,Baker & Brown Insurance Services Ltd,14.45,5435.640000000002,2022-12-31,2026-12-31 06:00:00
ALB-CLB-0003921,P0001759,,CLB,BROKER,2026-07-03,2027-07-03,RN,N,11036.57,5518.29,VALID,VALID,Khan & Davies Insurance Services Ltd,12.18,11036.57,2026-07-03,2026-12-31 06:00:00
ALB-CLB-0003925,P0002523,,CLB,BROKER,2024-08-30,2025-08-30,IF,N,13148.59,13148.59,VALID,VALID,Davies & Brown Insurance Services Ltd,22.12,13148.59,2024-08-30,2026-12-31 06:00:00
ALB-CLB-0003929,P0002235,474,CLB,BROKER,2024-10-26,2025-10-26,LP,N,2167.56,2167.56,VALID,VALID,,,2167.5600000000004,2025-09-21,2026-12-31 06:00:00
ALB-CLB-0003936,P0001986,,CLB,BROKER,2025-08-17,2026-08-17,RN,N,1748.51,1748.51,VALID,VALID,,,1602.8100000000002,2026-07-13,2026-12-31 06:00:00
ALB-CLB-0003938,P0000431,452,CLB,DIRECT,2021-08-28,2022-08-28,LP,N,10171.21,10171.21,VALID,VALID,Hall & Wright Insurance Services Ltd,8.65,10171.21,2021-08-28,2026-12-31 06:00:00
ALB-CLB-0003940,P0000340,,CLB,AGGREGATOR,2023-07-31,2024-07-30,RN,N,12281.59,12281.59,VALID,VALID,Clarke & Davies Insurance Services Ltd,10.43,12281.64,2024-06-25,2026-12-31 06:00:00
ALB-CLB-0003942,P0002932,,CLB,BROKER,2022-08-05,2023-08-05,RN,N,4805.2,4805.20,VALID,VALID,Green & Patel Insurance Services Ltd,10.9,4805.2,2022-08-05,2026-12-31 06:00:00
ALB-CLB-0003947,P0001401,462,CLB,DIRECT,2022-09-05,2023-09-05,EX,N,11628.86,11628.86,INVALID,VALID,,,10659.769999999999,2023-08-01,2026-12-31 06:00:00
ALB-CLB-0003957,P0000835,367,CLB,BROKER,2023-06-23,2024-06-22,RN,N,8427.73,8427.73,VALID,VALID,Green & Murphy Insurance Services Ltd,11.43,8427.719999999998,2024-05-18,2026-12-31 06:00:00
ALB-CLB-0003958,P0001755,320,CLB,DIRECT,2025-12-09,2026-12-09,CN,N,4316.95,4316.95,VALID,VALID,,,4317.0,2026-11-04,2026-12-31 06:00:00
ALB-CLB-0003968,P0002942,214,CLB,DIRECT,2023-03-06,2024-03-05,IF,N,7801.06,7801.06,VALID,VALID,Patel & Wilson Insurance Services Ltd,12.84,7801.080000000001,2024-01-30,2026-12-31 06:00:00
ALB-CLB-0003979,P0003030,,CLB,DIRECT,2020-05-20,2021-05-20,LP,N,5082.99,5082.99,VALID,VALID,Clarke & Davies Insurance Services Ltd,10.43,5082.96,2021-04-15,2026-12-31 06:00:00
ALB-CLB-0003982,P0001740,250,CLB,DIRECT,2026-08-22,2027-08-22,RN,N,13808.3,4602.77,VALID,VALID,Brown & Davies Insurance Services Ltd,14.49,13808.280000000004,2027-07-18,2026-12-31 06:00:00
ALB-CLB-0003985,P0000394,357,CLB,DIRECT,2019-06-07,2020-06-06,RN,N,2456.83,2456.83,VALID,VALID,OBrien & Green Insurance Services Ltd,17.85,2456.88,2020-05-02,2026-12-31 06:00:00
ALB-CLB-0003994,P0002421,388,CLB,DIRECT,2018-03-10,2019-03-10,EX,N,10028.4,10028.40,VALID,VALID,,,10028.4,2018-03-10,2026-12-31 06:00:00
ALB-CLB-0004009,P0001647,403,CLB,BROKER,2019-03-17,2020-03-16,RN,N,1201.22,1201.22,VALID,VALID,Brown & Davies Insurance Services Ltd,14.49,1101.1000000000001,2020-02-10,2026-12-31 06:00:00
ALB-CLB-0004012,P0003101,,CLB,AGGREGATOR,2019-04-05,2020-04-04,RN,N,13384.92,13384.92,VALID,VALID,,,12269.51,2020-02-29,2026-12-31 06:00:00
ALB-CLB-0004017,P0002979,380,CLB,AGGREGATOR,2024-07-24,2025-07-24,RN,N,12824.22,12824.22,VALID,VALID,,,12824.160000000002,2025-06-19,2026-12-31 06:00:00
ALB-CLB-0004021,P0002439,138,CLB,BROKER,2023-05-23,2024-05-22,IF,N,6804.48,6804.48,VALID,VALID,Wilson & Wright Insurance Services Ltd,7.87,5670.4,2024-02-17,2026-12-31 06:00:00
ALB-CLB-0004028,P0000572,,CLB,BROKER,2022-08-15,2023-08-15,EX,N,4601.47,4601.47,VALID,VALID,,,4601.5199999999995,2023-07-11,2026-12-31 06:00:00
ALB-CLB-0004031,P0001668,205,CLB,BROKER,2023-08-11,2024-08-10,CN,N,8050.23,8050.23,VALID,VALID,Williams & Williams Insurance Services Ltd,18.19,8050.200000000002,2024-07-06,2026-12-31 06:00:00
ALB-CLB-0004036,P0001473,,CLB,BROKER,2025-02-28,2026-02-28,CN,N,3275.08,3275.08,INVALID,VALID,,,3275.08,2025-02-28,2026-12-31 06:00:00
ALB-CLB-0004037,P0002464,,CLB,AGGREGATOR,2024-11-08,2025-11-08,IF,N,7231.14,7231.14,VALID,VALID,Hall & Murphy Insurance Services Ltd,10.45,6026.000000000001,2025-10-04,2026-12-31 06:00:00
ALB-CLB-0004038,P0002501,,CLB,BROKER,2025-09-03,2026-09-03,IF,N,12446.79,12446.79,VALID,VALID,Khan & Davies Insurance Services Ltd,12.18,12446.79,2025-09-03,2026-12-31 06:00:00
ALB-CLB-0004039,P0001321,140,CLB,AGGREGATOR,2021-03-20,2022-03-20,EX,N,918.75,918.75,VALID,VALID,Johnson & Hughes Insurance Services Ltd,17.19,918.7199999999998,2022-02-13,2026-12-31 06:00:00
ALB-CLB-0004043,P0000768,188,CLB,BROKER,2018-05-07,2019-05-07,IF,N,820.14,820.14,VALID,VALID,Davies & Brown Insurance Services Ltd,22.12,820.14,2018-05-07,2026-12-31 06:00:00
ALB-CLB-0004048,P0001559,305,CLB,DIRECT,2024-05-28,2025-05-28,IF,N,3594.94,3594.94,VALID,VALID,Smith & Davies Insurance Services Ltd,14.16,3594.9599999999996,2025-04-23,2026-12-31 06:00:00
ALB-CLB-0004051,P0001037,,CLB,BROKER,2021-01-31,2022-01-31,IF,N,12897.0,12897.00,VALID,VALID,Jones & Baker Insurance Services Ltd,8.84,11822.25,2021-12-27,2026-12-31 06:00:00
ALB-CLB-0004055,P0002895,235,CLB,DIRECT,2026-09-19,2027-09-19,IF,N,4032.2,1008.05,VALID,VALID,,,4032.2,2026-09-19,2026-12-31 06:00:00
ALB-CLB-0004057,P0002817,,CLB,BROKER,2024-08-17,2025-08-17,IF,N,2219.35,2219.35,VALID,VALID,Taylor & Murphy Insurance Services Ltd,20.48,2034.4500000000003,2025-07-13,2026-12-31 06:00:00
ALB-CLB-0004071,P0001048,348,CLB,AGGREGATOR,2024-08-12,2025-08-12,IF,N,10553.49,10553.49,VALID,VALID,Davies & Hughes Insurance Services Ltd,15.18,10553.52,2025-07-08,2026-12-31 06:00:00
ALB-CLB-0004074,P0000988,223,CLB,BROKER,2023-06-10,2024-06-09,EX,N,2768.24,2768.24,VALID,VALID,,,2768.28,2024-05-05,2026-12-31 06:00:00
ALB-CLB-0004075,P0000364,,CLB,DIRECT,2021-05-09,2022-05-09,IF,N,3190.57,3190.57,INVALID,VALID,Green & Murphy Insurance Services Ltd,11.43,3190.560000000001,2022-04-04,2026-12-31 06:00:00
ALB-CLB-0004076,P0001632,,CLB,BROKER,2026-02-24,2027-02-24,CN,N,14085.09,11737.58,INVALID,VALID,OBrien & Patel Insurance Services Ltd,14.2,14085.09,2026-02-24,2026-12-31 06:00:00
ALB-CLB-0004077,P0001742,493,CLB,DIRECT,2025-02-21,2026-02-21,IF,N,1284.83,1284.83,VALID,VALID,,,1284.83,2025-02-21,2026-12-31 06:00:00
ALB-CLB-0004079,P0002667,24,CLB,BROKER,2019-11-15,2020-11-14,EX,N,5113.1,5113.10,VALID,VALID,Hall & Brown Insurance Services Ltd,13.16,5113.1,2019-11-15,2026-12-31 06:00:00
ALB-CLB-0004080,P0000760,478,CLB,BROKER,2018-10-06,2019-10-06,LP,N,10967.76,10967.76,VALID,VALID,Taylor & Walker Insurance Services Ltd,13.94,10967.759999999997,2019-09-01,2026-12-31 06:00:00
ALB-CLB-0004082,P0000434,,CLB,AGGREGATOR,2024-06-20,2025-06-20,CN,N,1198.86,1198.86,VALID,VALID,,,1198.86,2024-06-20,2026-12-31 06:00:00
ALB-CLB-0004084,P0003044,,CLB,DIRECT,2024-01-12,2025-01-11,IF,N,12270.81,12270.81,VALID,VALID,,,12270.839999999998,2024-12-07,2026-12-31 06:00:00
ALB-CLB-0004085,P0001446,,CLB,BROKER,2023-03-03,2024-03-02,IF,N,11249.51,11249.51,VALID,VALID,Baker & Brown Insurance Services Ltd,14.45,11249.519999999997,2024-01-27,2026-12-31 06:00:00
ALB-CLB-0004097,P0000734,183,CLB,DIRECT,2023-03-05,2024-03-04,IF,N,4664.49,4664.49,VALID,VALID,,,4664.5199999999995,2024-01-29,2026-12-31 06:00:00
ALB-CLB-0004106,P0000232,,CLB,DIRECT,2018-04-10,2019-04-10,EX,N,10018.93,10018.93,VALID,VALID,Hall & Hall Insurance Services Ltd,9.1,10018.92,2019-03-06,2026-12-31 06:00:00
ALB-CLB-0004108,P0000002,,CLB,BROKER,2026-01-01,2027-01-01,IF,Y,4649.41,4649.41,VALID,VALID,Baker & Clarke Insurance Services Ltd,20.14,4649.399999999999,2026-11-27,2026-12-31 06:00:00
ALB-CLB-0004119,P0003053,289,CLB,AGGREGATOR,2020-08-15,2021-08-15,LP,N,6252.9,6252.90,VALID,VALID,Khan & Davies Insurance Services Ltd,12.18,4689.63,2021-07-11,2026-12-31 06:00:00
ALB-CLB-0004132,P0000322,192,CLB,BROKER,2023-11-24,2024-11-23,EX,N,2406.65,2406.65,VALID,VALID,Hall & Khan Insurance Services Ltd,14.81,2406.65,2023-11-24,2026-12-31 06:00:00
ALB-CLB-0004142,P0002407,,CLB,BROKER,2020-04-23,2021-04-23,IF,N,2643.95,2643.95,VALID,VALID,Walker & Wright Insurance Services Ltd,10.74,2643.95,2020-04-23,2026-12-31 06:00:00
ALB-CLB-0004150,P0002886,281,CLB,DIRECT,2019-07-06,2020-07-05,CN,N,11879.78,11879.78,VALID,VALID,,,9899.799999999997,2020-05-01,2026-12-31 06:00:00
ALB-CLB-0004153,P0001827,,CLB,AGGREGATOR,2023-07-26,2024-07-25,EX,N,4358.05,4358.05,VALID,VALID,,,4358.05,2023-07-26,2026-12-31 06:00:00
ALB-CLB-0004155,P0001664,,CLB,BROKER,2019-04-25,2020-04-24,RN,N,1755.07,1755.07,VALID,VALID,,,1755.12,2020-03-20,2026-12-31 06:00:00
ALB-CLB-0004170,P0000909,416,CLB,BROKER,2022-08-15,2023-08-15,IF,N,7541.15,7541.15,VALID,VALID,Hall & Hall Insurance Services Ltd,9.1,7541.15,2022-08-15,2026-12-31 06:00:00
ALB-CLB-0004175,P0000374,,CLB,BROKER,2020-10-28,2021-10-28,EX,N,10344.4,10344.40,VALID,VALID,,,10344.36,2021-09-23,2026-12-31 06:00:00
ALB-CLB-0004176,P0000253,79,CLB,BROKER,2022-09-30,2023-09-30,IF,N,5893.99,5893.99,VALID,VALID,Clarke & Davies Insurance Services Ltd,10.43,5402.87,2023-08-26,2026-12-31 06:00:00
ALB-CLB-0004181,P0001171,,CLB,DIRECT,2022-11-14,2023-11-14,EX,N,1562.31,1562.31,VALID,VALID,Hall & Khan Insurance Services Ltd,14.81,1562.31,2022-11-14,2026-12-31 06:00:00
ALB-CLB-0004185,P0000431,452,CLB,DIRECT,2018-08-12,2019-08-12,CN,N,2703.81,2703.81,VALID,VALID,Khan & Davies Insurance Services Ltd,12.18,2703.81,2018-08-12,2026-12-31 06:00:00
ALB-CLB-0004186,P0002920,5,CLB,DIRECT,2020-09-03,2021-09-03,IF,N,14080.4,14080.40,VALID,VALID,,,14080.439999999995,2021-07-30,2026-12-31 06:00:00
ALB-CLB-0004192,P0002461,,CLB,BROKER,2022-04-11,2023-04-11,LP,N,1860.18,1860.18,VALID,VALID,Baker & Wright Insurance Services Ltd,22.1,1860.18,2022-04-11,2026-12-31 06:00:00
ALB-CLB-0004193,P0002432,80,CLB,AGGREGATOR,2018-06-18,2019-06-18,IF,N,3710.17,3710.17,VALID,VALID,,,3400.9799999999996,2019-05-14,2026-12-31 06:00:00
ALB-CLB-0004199,P0001888,207,CLB,DIRECT,2024-03-14,2025-03-14,IF,N,7424.32,7424.32,VALID,VALID,Jones & Robinson Insurance Services Ltd,21.97,7424.32,2024-03-14,2026-12-31 06:00:00
ALB-CLB-0004218,P0000904,,CLB,AGGREGATOR,2020-04-11,2021-04-11,IF,N,1202.08,1202.08,VALID,VALID,Walker & OBrien Insurance Services Ltd,10.5,1202.04,2021-03-07,2026-12-31 06:00:00
ALB-CLB-0004222,P0001069,,CLB,DIRECT,2019-09-30,2020-09-29,EX,N,4578.76,4578.76,VALID,VALID,Jones & Robinson Insurance Services Ltd,21.97,4197.16,2020-08-25,2026-12-31 06:00:00
ALB-CLB-0004223,P0003070,,CLB,BROKER,2024-09-13,2025-09-13,LP,N,14474.7,14474.70,VALID,VALID,,,14474.7,2024-09-13,2026-12-31 06:00:00
ALB-CLB-0004234,P0001782,166,CLB,BROKER,2022-09-18,2023-09-18,IF,N,12943.74,12943.74,VALID,VALID,,,12943.74,2022-09-18,2026-12-31 06:00:00
ALB-CLB-0004239,P0002817,,CLB,BROKER,2025-01-07,2026-01-07,EX,N,14553.42,14553.42,VALID,VALID,,,14553.42,2025-01-07,2026-12-31 06:00:00
ALB-CLB-0004251,P0001803,356,CLB,DIRECT,2019-01-18,2020-01-18,IF,N,14299.41,14299.41,VALID,VALID,,,13107.819999999996,2019-12-14,2026-12-31 06:00:00
ALB-CLB-0004253,P0002969,,CLB,DIRECT,2024-02-03,2025-02-02,IF,N,4938.03,4938.03,VALID,VALID,,,4938.03,2024-02-03,2026-12-31 06:00:00
ALB-CLB-0004261,P0002646,116,CLB,BROKER,2020-03-27,2021-03-27,LP,N,2434.75,2434.75,VALID,VALID,Baker & Wright Insurance Services Ltd,22.1,2434.8000000000006,2021-02-20,2026-12-31 06:00:00
ALB-CLB-0004273,P0002837,483,CLB,AGGREGATOR,2025-06-28,2026-06-28,IF,N,6075.78,6075.78,VALID,VALID,Hall & Baker Insurance Services Ltd,14.43,6075.720000000001,2026-05-24,2026-12-31 06:00:00
ALB-CLB-0004295,P0002218,375,CLB,BROKER,2024-10-22,2025-10-22,RN,N,8010.04,8010.04,VALID,VALID,Green & Murphy Insurance Services Ltd,11.43,7342.5,2025-09-17,2026-12-31 06:00:00
ALB-CLB-0004312,P0002321,251,CLB,BROKER,2026-10-29,2027-10-29,EX,N,7498.19,1249.70,VALID,VALID,OBrien & Patel Insurance Services Ltd,14.2,6873.350000000001,2027-09-24,2026-12-31 06:00:00
ALB-CLB-0004317,P0002731,,CLB,BROKER,2023-03-08,2024-03-07,IF,N,9603.84,9603.84,VALID,VALID,Wilson & Wright Insurance Services Ltd,7.87,9603.839999999998,2024-02-01,2026-12-31 06:00:00
ALB-CLB-0004319,P0001967,12,CLB,DIRECT,2026-12-13,2027-12-13,RN,N,13039.2,0.00,VALID,VALID,Johnson & Hughes Insurance Services Ltd,17.19,13039.2,2026-12-13,2026-12-31 06:00:00
ALB-CLB-0004321,P0001203,481,CLB,BROKER,2023-01-30,2024-01-30,IF,N,13914.95,13914.95,INVALID,VALID,,,13914.95,2023-01-30,2026-12-31 06:00:00
ALB-CLB-0004329,P0001209,340,CLB,DIRECT,2021-12-20,2022-12-20,IF,N,11344.37,11344.37,VALID,VALID,Clarke & Wright Insurance Services Ltd,11.72,11344.37,2021-12-20,2026-12-31 06:00:00
ALB-CLB-0004332,P0000633,145,CLB,AGGREGATOR,2026-10-17,2027-10-17,LP,N,2450.49,408.42,VALID,VALID,,,2450.52,2027-09-12,2026-12-31 06:00:00
ALB-CLB-0004338,P0001510,,CLB,BROKER,2024-10-30,2025-10-30,IF,N,12162.9,12162.90,VALID,VALID,Davies & Taylor Insurance Services Ltd,14.09,12162.9,2024-10-30,2026-12-31 06:00:00
ALB-CLB-0004342,P0001179,,CLB,AGGREGATOR,2022-08-04,2023-08-04,EX,N,5578.38,5578.38,VALID,VALID,OBrien & Green Insurance Services Ltd,17.85,5578.44,2023-06-30,2026-12-31 06:00:00
ALB-CLB-0004362,P0002847,,CLB,DIRECT,2024-07-03,2025-07-03,EX,N,10758.93,10758.93,VALID,VALID,,,9862.380000000001,2025-05-29,2026-12-31 06:00:00
ALB-CLB-0004370,P0002466,,CLB,BROKER,2024-09-22,2025-09-22,EX,N,14117.68,14117.68,VALID,VALID,,,14117.639999999998,2025-08-18,2026-12-31 06:00:00
ALB-CLB-0004374,P0002693,129,CLB,BROKER,2022-09-30,2023-09-30,RN,N,6875.93,6875.93,VALID,VALID,,,6875.879999999998,2023-08-26,2026-12-31 06:00:00
ALB-CLB-0004375,P0002172,69,CLB,BROKER,2018-07-14,2019-07-14,RN,N,10720.66,10720.66,VALID,VALID,Robinson & Brown Insurance Services Ltd,15.85,10720.66,2018-07-14,2026-12-31 06:00:00
ALB-CLB-0004378,P0000205,,CLB,DIRECT,2019-06-23,2020-06-22,EX,N,8934.07,8934.07,VALID,VALID,Taylor & Johnson Insurance Services Ltd,17.25,8934.12,2020-05-18,2026-12-31 06:00:00
ALB-CLB-0004383,P0002361,117,CLB,AGGREGATOR,2023-12-26,2024-12-25,IF,N,1543.65,1543.65,VALID,VALID,,,1543.65,2023-12-26,2026-12-31 06:00:00
ALB-CLB-0004387,P0000849,211,CLB,AGGREGATOR,2021-12-18,2022-12-18,IF,N,8886.1,8886.10,VALID,VALID,Williams & Baker Insurance Services Ltd,16.38,8886.12,2022-11-13,2026-12-31 06:00:00
ALB-CLB-0004397,P0002037,225,CLB,AGGREGATOR,2026-12-07,2027-12-07,EX,N,6717.02,0.00,VALID,VALID,Clarke & Wright Insurance Services Ltd,9.41,6717.02,2026-12-07,2026-12-31 06:00:00
ALB-CLB-0004403,P0001871,412,CLB,BROKER,2025-07-17,2026-07-17,LP,N,5328.22,5328.22,VALID,VALID,,,5328.22,2025-07-17,2026-12-31 06:00:00
ALB-CLB-0004416,P0000519,,CLB,BROKER,2026-02-25,2027-02-25,IF,Y,11802.87,9835.73,VALID,VALID,Smith & Walker Insurance Services Ltd,18.79,10819.269999999999,2027-01-21,2026-12-31 06:00:00
ALB-CLB-0004426,P0002555,,CLB,BROKER,2023-11-18,2024-11-17,IF,N,13393.15,13393.15,VALID,VALID,,,13393.200000000003,2024-10-13,2026-12-31 06:00:00
ALB-CLB-0004427,P0001921,55,CLB,DIRECT,2020-07-28,2021-07-28,CN,N,10115.0,10115.00,VALID,VALID,,,10115.039999999999,2021-06-23,2026-12-31 06:00:00
ALB-CLB-0004450,P0001215,111,CLB,BROKER,2023-12-13,2024-12-12,IF,N,2574.21,2574.21,VALID,VALID,Davies & Wright Insurance Services Ltd,13.6,2359.7200000000003,2024-11-07,2026-12-31 06:00:00
ALB-CLB-0004454,P0002698,,CLB,BROKER,2025-06-07,2026-06-07,RN,N,7797.77,7797.77,VALID,VALID,Patel & Clarke Insurance Services Ltd,9.04,7797.7199999999975,2026-05-03,2026-12-31 06:00:00
ALB-CLB-0004460,P0001915,333,CLB,BROKER,2020-05-19,2021-05-19,IF,N,9861.96,9861.96,VALID,VALID,Davies & Taylor Insurance Services Ltd,14.09,9861.960000000001,2021-04-14,2026-12-31 06:00:00
ALB-CLB-0004469,P0002002,37,CLB,DIRECT,2022-10-20,2023-10-20,EX,N,11967.2,11967.20,VALID,VALID,,,9972.700000000003,2023-09-15,2026-12-31 06:00:00
ALB-CLB-0004476,P0000702,,CLB,BROKER,2020-06-22,2021-06-22,LP,N,7540.51,7540.51,VALID,VALID,Hall & Wright Insurance Services Ltd,8.65,6912.18,2021-04-18,2026-12-31 06:00:00
ALB-CLB-0004477,P0001064,,CLB,BROKER,2019-04-06,2020-04-05,EX,N,7425.13,7425.13,VALID,VALID,Clarke & Wright Insurance Services Ltd,11.72,7425.120000000002,2020-03-01,2026-12-31 06:00:00
ALB-CLB-0004478,P0002148,,CLB,BROKER,2026-03-07,2027-03-07,EX,N,6119.4,4589.55,INVALID,VALID,,,6119.399999999999,2027-01-31,2026-12-31 06:00:00
ALB-CLB-0004487,P0000209,,CLB,DIRECT,2021-06-03,2022-06-03,RN,N,8353.08,8353.08,VALID,VALID,Baker & Brown Insurance Services Ltd,14.45,8353.08,2022-04-29,2026-12-31 06:00:00
ALB-CLB-0004491,P0000358,322,CLB,BROKER,2025-03-21,2026-03-21,RN,N,13898.6,13898.60,VALID,VALID,Green & Jones Insurance Services Ltd,21.44,13898.639999999998,2026-02-14,2026-12-31 06:00:00
ALB-CLB-0004495,P0001250,,CLB,BROKER,2024-04-10,2025-04-10,RN,N,6991.79,6991.79,VALID,VALID,Clarke & Wright Insurance Services Ltd,11.72,6991.799999999998,2025-03-06,2026-12-31 06:00:00
ALB-CLB-0004499,P0002788,,CLB,DIRECT,2024-07-18,2025-07-18,IF,N,3273.05,3273.05,VALID,VALID,,,3273.05,2024-07-18,2026-12-31 06:00:00
ALB-CLB-0004514,P0000883,369,CLB,BROKER,2022-10-29,2023-10-29,IF,N,8544.9,8544.90,VALID,VALID,Clarke & Wright Insurance Services Ltd,9.41,7120.699999999999,2023-08-25,2026-12-31 06:00:00
ALB-CLB-0004515,P0000834,398,CLB,BROKER,2024-11-26,2025-11-26,IF,N,10238.42,10238.42,VALID,VALID,Wilson & Wright Insurance Services Ltd,7.87,10238.42,2024-11-26,2026-12-31 06:00:00
ALB-CLB-0004518,P0002919,364,CLB,DIRECT,2024-02-07,2025-02-06,RN,N,5669.13,5669.13,VALID,VALID,,,5669.13,2024-02-07,2026-12-31 06:00:00
ALB-CLB-0004523,P0002588,165,CLB,BROKER,2020-09-03,2021-09-03,IF,N,11020.79,11020.79,VALID,VALID,Davies & Green Insurance Services Ltd,7.72,11020.79,2020-09-03,2026-12-31 06:00:00
ALB-CLB-0004525,P0000632,407,CLB,DIRECT,2018-12-27,2019-12-27,RN,N,13228.0,13228.00,VALID,VALID,,,13227.96,2019-11-22,2026-12-31 06:00:00
ALB-CLB-0004533,P0001395,236,CLB,BROKER,2023-07-22,2024-07-21,RN,N,8173.0,8173.00,VALID,VALID,Hall & Murphy Insurance Services Ltd,10.45,8172.96,2024-06-16,2026-12-31 06:00:00
ALB-CLB-0004546,P0001572,59,CLB,BROKER,2019-11-02,2020-11-01,IF,N,13805.49,13805.49,VALID,VALID,Williams & Williams Insurance Services Ltd,18.19,13805.49,2019-11-02,2026-12-31 06:00:00
ALB-CLB-0004560,P0000585,102,CLB,BROKER,2024-04-23,2025-04-23,IF,N,3541.58,3541.58,VALID,VALID,Brown & Davies Insurance Services Ltd,14.49,,,2026-12-31 06:00:00
ALB-CLB-0004561,P0000779,454,CLB,DIRECT,2026-11-27,2027-11-27,IF,Y,8504.59,708.72,VALID,VALID,,,7087.200000000002,2027-10-23,2026-12-31 06:00:00
ALB-CLB-0004569,P0000454,354,CLB,BROKER,2019-03-16,2020-03-15,EX,N,11974.25,11974.25,VALID,VALID,Wilson & OBrien Insurance Services Ltd,9.12,11974.25,2019-03-16,2026-12-31 06:00:00
ALB-CLB-0004571,P0000602,337,CLB,BROKER,2026-01-31,2027-01-31,IF,N,5362.37,4915.51,VALID,VALID,Hall & Khan Insurance Services Ltd,14.81,5362.37,2026-01-31,2026-12-31 06:00:00
ALB-CLB-0004576,P0000649,315,CLB,DIRECT,2018-03-01,2019-03-01,LP,N,12055.95,12055.95,VALID,VALID,Clarke & Wright Insurance Services Ltd,9.41,12055.95,2018-03-01,2026-12-31 06:00:00
ALB-CLB-0004586,P0000918,,CLB,BROKER,2020-10-11,2021-10-11,RN,N,9975.21,9975.21,VALID,VALID,Johnson & Hughes Insurance Services Ltd,17.19,9975.21,2020-10-11,2026-12-31 06:00:00
ALB-CLB-0004595,P0001414,,CLB,BROKER,2025-03-31,2026-03-31,IF,N,13284.79,13284.79,VALID,VALID,,,13284.839999999998,2026-02-24,2026-12-31 06:00:00
ALB-CLB-0004597,P0002672,65,CLB,BROKER,2018-07-16,2019-07-16,IF,N,9332.03,9332.03,VALID,VALID,Wilson & Wright Insurance Services Ltd,7.87,9332.03,2018-07-16,2026-12-31 06:00:00
ALB-CLB-0004600,P0000914,,CLB,BROKER,2018-12-25,2019-12-25,RN,N,12834.48,12834.48,VALID,VALID,Johnson & Hall Insurance Services Ltd,21.38,12834.480000000003,2019-11-20,2026-12-31 06:00:00
ALB-CLB-0004605,P0002581,212,CLB,DIRECT,2019-01-10,2020-01-10,IF,N,7628.84,7628.84,VALID,VALID,,,7628.879999999998,2019-12-06,2026-12-31 06:00:00
ALB-CLB-0004614,P0001911,,CLB,BROKER,2026-03-09,2027-03-09,IF,N,11768.05,8826.04,VALID,VALID,Khan & Smith Insurance Services Ltd,17.81,11768.05,2026-03-09,2026-12-31 06:00:00
ALB-CLB-0004615,P0001270,,CLB,BROKER,2025-09-04,2026-09-04,LP,N,2881.6,2881.60,VALID,VALID,Brown & Davies Insurance Services Ltd,14.49,2641.4300000000007,2026-07-31,2026-12-31 06:00:00
ALB-CLB-0004623,P0000177,237,CLB,BROKER,2022-06-05,2023-06-05,RN,N,4235.68,4235.68,VALID,VALID,,,4235.640000000001,2023-05-01,2026-12-31 06:00:00
ALB-CLB-0004629,P0000492,308,CLB,DIRECT,2025-01-07,2026-01-07,IF,N,10047.85,10047.85,VALID,VALID,,,10047.839999999998,2025-12-03,2026-12-31 06:00:00
ALB-CLB-0004644,P0001258,206,CLB,BROKER,2021-11-15,2022-11-15,RN,N,14059.13,14059.13,VALID,VALID,Davies & Hughes Insurance Services Ltd,15.18,14059.08,2022-10-11,2026-12-31 06:00:00
ALB-CLB-0004654,P0000934,468,CLB,DIRECT,2026-06-07,2027-06-07,IF,Y,14430.68,7215.34,VALID,VALID,Davies & Wright Insurance Services Ltd,13.6,14430.719999999996,2027-05-03,2026-12-31 06:00:00
ALB-CLB-0004669,P0002565,23,CLB,DIRECT,2021-12-24,2022-12-24,IF,N,13617.78,13617.78,VALID,VALID,Baker & Hughes Insurance Services Ltd,12.55,13617.78,2021-12-24,2026-12-31 06:00:00
ALB-CLB-0004671,P0001411,,CLB,AGGREGATOR,2019-05-23,2020-05-22,IF,N,3111.0,3111.00,VALID,VALID,Baker & Hughes Insurance Services Ltd,13.91,3111.0,2019-05-23,2026-12-31 06:00:00
ALB-CLB-0004677,P0002297,,CLB,BROKER,2021-03-12,2022-03-12,IF,N,9113.95,9113.95,VALID,VALID,Wilson & Wright Insurance Services Ltd,17.86,8354.5,2022-02-05,2026-12-31 06:00:00
ALB-CLB-0004680,P0002027,466,CLB,DIRECT,2025-03-28,2026-03-28,RN,N,10865.63,10865.63,INVALID,VALID,,,9054.7,2026-02-21,2026-12-31 06:00:00
ALB-CLB-0004690,P0000184,468,CLB,BROKER,2025-12-22,2026-12-22,RN,N,2155.24,2155.24,VALID,VALID,,,2155.1999999999994,2026-11-17,2026-12-31 06:00:00
ALB-CLB-0004695,P0002847,,CLB,DIRECT,2018-06-12,2019-06-12,RN,N,3306.48,3306.48,VALID,VALID,Hall & Brown Insurance Services Ltd,13.16,3306.48,2018-06-12,2026-12-31 06:00:00
ALB-CLB-0004702,P0001726,252,CLB,DIRECT,2019-03-09,2020-03-08,RN,N,7060.58,7060.58,VALID,VALID,Johnson & Hughes Insurance Services Ltd,17.19,7060.56,2020-02-02,2026-12-31 06:00:00
ALB-CLB-0004717,P0000256,,CLB,BROKER,2026-02-11,2027-02-11,RN,N,5556.78,4630.65,VALID,VALID,,,5556.78,2026-02-11,2026-12-31 06:00:00
ALB-CLB-0004720,P0000955,,CLB,AGGREGATOR,2021-06-23,2022-06-23,LP,N,9066.86,9066.86,VALID,VALID,Patel & Clarke Insurance Services Ltd,9.04,9066.839999999998,2022-05-19,2026-12-31 06:00:00
ALB-CLB-0004722,P0002928,,CLB,BROKER,2026-07-31,2027-07-31,IF,N,4740.9,1975.38,VALID,VALID,Walker & OBrien Insurance Services Ltd,10.5,4740.9,2026-07-31,2026-12-31 06:00:00
ALB-CLB-0004724,P0003138,,CLB,BROKER,2025-02-28,2026-02-28,IF,N,7920.89,7920.89,VALID,VALID,Walker & OBrien Insurance Services Ltd,10.5,7920.839999999999,2026-01-24,2026-12-31 06:00:00
ALB-CLB-0004726,P0002650,,CLB,DIRECT,2020-12-30,2021-12-30,IF,N,9345.22,9345.22,VALID,VALID,,,9345.22,2020-12-30,2026-12-31 06:00:00
ALB-CLB-0004734,P0002292,377,CLB,BROKER,2026-11-09,2027-11-09,RN,N,1785.92,148.83,VALID,VALID,Patel & Clarke Insurance Services Ltd,9.04,1785.92,2026-11-09,2026-12-31 06:00:00
ALB-CLB-0004740,P0002724,413,CLB,AGGREGATOR,2024-10-20,2025-10-20,IF,N,1680.34,1680.34,VALID,VALID,Khan & Davies Insurance Services Ltd,12.18,1680.34,2024-10-20,2026-12-31 06:00:00
ALB-CLB-0004742,P0000866,,CLB,BROKER,2020-12-01,2021-12-01,IF,N,11155.26,11155.26,VALID,VALID,Davies & Hughes Insurance Services Ltd,15.18,11155.26,2020-12-01,2026-12-31 06:00:00
ALB-CLB-0004752,P0001305,,CLB,DIRECT,2023-12-07,2024-12-06,IF,N,11006.39,11006.39,VALID,VALID,,,9172.0,2024-11-01,2026-12-31 06:00:00
ALB-CLB-0004764,P0002755,,CLB,BROKER,2025-08-08,2026-08-08,RN,N,2491.12,2491.12,VALID,VALID,,,1868.3099999999997,2026-07-04,2026-12-31 06:00:00
ALB-CLB-0004774,P0001246,,CLB,BROKER,2018-03-17,2019-03-17,EX,N,1387.51,1387.51,VALID,VALID,,,1271.9300000000003,2019-02-10,2026-12-31 06:00:00
ALB-CLB-0004779,P0001265,,CLB,BROKER,2020-08-28,2021-08-28,IF,N,7529.35,7529.35,VALID,VALID,,,7529.399999999999,2021-07-24,2026-12-31 06:00:00
ALB-CLB-0004787,P0002510,413,CLB,BROKER,2021-03-18,2022-03-18,IF,N,3142.25,3142.25,VALID,VALID,Hall & Brown Insurance Services Ltd,13.16,3142.25,2021-03-18,2026-12-31 06:00:00
ALB-CLB-0004788,P0002328,39,CLB,BROKER,2021-09-28,2022-09-28,IF,N,10451.46,10451.46,VALID,VALID,Patel & Clarke Insurance Services Ltd,9.04,8709.5,2022-08-24,2026-12-31 06:00:00
ALB-CLB-0004790,P0002230,,CLB,DIRECT,2019-10-12,2020-10-11,IF,N,13898.73,13898.73,VALID,VALID,,,12740.529999999997,2020-09-06,2026-12-31 06:00:00
ALB-CLB-0004791,P0002565,23,CLB,BROKER,2022-06-16,2023-06-16,RN,N,1218.24,1218.24,VALID,VALID,Wilson & OBrien Insurance Services Ltd,9.12,1218.24,2023-05-12,2026-12-31 06:00:00
ALB-CLB-0004805,P0002118,,CLB,BROKER,2026-02-17,2027-02-17,IF,N,10668.62,8890.52,VALID,VALID,Smith & Clarke Insurance Services Ltd,17.33,10668.62,2026-02-17,2026-12-31 06:00:00
ALB-CLB-0004811,P0002138,,CLB,DIRECT,2019-07-20,2020-07-19,IF,N,5318.48,5318.48,VALID,VALID,,,5318.5199999999995,2020-06-14,2026-12-31 06:00:00
ALB-CLB-0004812,P0002719,,CLB,AGGREGATOR,2026-07-28,2027-07-28,RN,N,14599.12,6082.97,VALID,VALID,Davies & Taylor Insurance Services Ltd,14.09,13382.49,2027-06-23,2026-12-31 06:00:00
ALB-CLB-0004816,P0001193,,CLB,BROKER,2023-09-13,2024-09-12,IF,N,12329.12,12329.12,VALID,VALID,Williams & Baker Insurance Services Ltd,16.38,12329.160000000002,2024-08-08,2026-12-31 06:00:00
ALB-CLB-0004821,P0001352,,CLB,BROKER,2018-09-23,2019-09-23,IF,N,7032.17,7032.17,VALID,VALID,,,7032.120000000002,2019-08-19,2026-12-31 06:00:00
ALB-CLB-0004824,P0000704,324,CLB,DIRECT,2020-08-12,2021-08-12,IF,N,8480.79,8480.79,VALID,VALID,Smith & Brown Insurance Services Ltd,19.81,8480.79,2020-08-12,2026-12-31 06:00:00
ALB-CLB-0004827,P0003168,486,CLB,DIRECT,2022-05-27,2023-05-27,RN,N,12941.58,12941.58,VALID,VALID,Wilson & OBrien Insurance Services Ltd,9.12,11863.059999999998,2023-04-22,2026-12-31 06:00:00
ALB-CLB-0004840,P0001443,245,CLB,BROKER,2024-12-07,2025-12-07,IF,N,7176.67,7176.67,VALID,VALID,Johnson & Hughes Insurance Services Ltd,17.19,6578.659999999998,2025-11-02,2026-12-31 06:00:00
ALB-CLB-0004856,P0000812,333,CLB,BROKER,2026-12-09,2027-12-09,IF,Y,4791.4,0.00,VALID,VALID,Brown & Jones Insurance Services Ltd,10.15,4791.4,2026-12-09,2026-12-31 06:00:00
ALB-CLB-0004859,P0001885,,CLB,BROKER,2023-11-25,2024-11-24,IF,N,11138.14,11138.14,VALID,VALID,Taylor & Johnson Insurance Services Ltd,17.25,11138.14,2023-11-25,2026-12-31 06:00:00
ALB-CLB-0004861,P0002371,,CLB,DIRECT,2023-04-05,2024-04-04,EX,N,1210.61,1210.61,VALID,VALID,Davies & Davies Insurance Services Ltd,17.73,1210.61,2023-04-05,2026-12-31 06:00:00
ALB-CLB-0004868,P0002478,,CLB,DIRECT,2021-10-22,2022-10-22,EX,N,6356.31,6356.31,VALID,VALID,Baker & Hughes Insurance Services Ltd,12.55,6356.2800000000025,2022-09-17,2026-12-31 06:00:00
ALB-CLB-0004870,P0000801,468,CLB,DIRECT,2021-07-16,2022-07-16,EX,N,6079.32,6079.32,VALID,VALID,,,6079.32,2021-07-16,2026-12-31 06:00:00
ALB-CLB-0004873,P0002414,52,CLB,BROKER,2023-09-25,2024-09-24,IF,N,2416.35,2416.35,VALID,VALID,,,,,2026-12-31 06:00:00
ALB-CLB-0004886,P0000837,,CLB,BROKER,2026-06-02,2027-06-02,LP,N,10024.28,5847.50,VALID,VALID,Johnson & Murphy Insurance Services Ltd,17.99,9188.96,2027-04-28,2026-12-31 06:00:00
ALB-CLB-0004890,P0000752,10,CLB,DIRECT,2021-11-13,2022-11-13,CN,N,8027.66,8027.66,VALID,VALID,,,7358.670000000002,2022-10-09,2026-12-31 06:00:00
ALB-CLB-0004891,P0001542,206,CLB,BROKER,2021-03-19,2022-03-19,RN,N,6939.63,6939.63,VALID,VALID,Davies & Davies Insurance Services Ltd,17.73,6939.63,2021-03-19,2026-12-31 06:00:00
ALB-CLB-0004900,P0000742,78,CLB,AGGREGATOR,2019-09-05,2020-09-04,EX,N,12786.24,12786.24,VALID,VALID,Taylor & Wilson Insurance Services Ltd,14.3,11720.720000000003,2020-07-31,2026-12-31 06:00:00
ALB-CLB-0004908,P0002947,,CLB,BROKER,2024-06-14,2025-06-14,IF,N,13402.15,13402.15,VALID,VALID,Baker & Williams Insurance Services Ltd,17.61,12285.350000000002,2025-05-10,2026-12-31 06:00:00
ALB-CLB-0004912,P0001144,,CLB,AGGREGATOR,2022-11-05,2023-11-05,IF,N,8628.35,8628.35,INVALID,VALID,Baker & Williams Insurance Services Ltd,17.61,8628.359999999999,2023-10-01,2026-12-31 06:00:00
ALB-CLB-0004914,P0000567,,CLB,DIRECT,2025-02-27,2026-02-27,IF,N,5401.99,5401.99,VALID,VALID,Davies & Wright Insurance Services Ltd,13.6,5402.04,2026-01-23,2026-12-31 06:00:00
ALB-CLB-0004917,P0000827,221,CLB,DIRECT,2023-07-18,2024-07-17,IF,N,8074.77,8074.77,VALID,VALID,,,8074.77,2023-07-18,2026-12-31 06:00:00
ALB-CLB-0004918,P0001015,,CLB,BROKER,2020-03-04,2021-03-04,EX,N,13128.46,13128.46,VALID,VALID,,,13128.46,2020-03-04,2026-12-31 06:00:00
ALB-CLB-0004919,P0001831,,CLB,BROKER,2024-08-31,2025-08-31,IF,N,3740.48,3740.48,VALID,VALID,Davies & Hughes Insurance Services Ltd,15.18,3740.52,2025-07-27,2026-12-31 06:00:00
ALB-CLB-0004920,P0001040,227,CLB,DIRECT,2021-03-16,2022-03-16,CN,N,10993.64,10993.64,VALID,VALID,,,10993.64,2021-03-16,2026-12-31 06:00:00
ALB-CLB-0004928,P0001997,,CLB,DIRECT,2026-04-27,2027-04-27,LP,N,9857.44,6571.63,VALID,VALID,Patel & Clarke Insurance Services Ltd,9.04,9857.400000000001,2027-03-23,2026-12-31 06:00:00
ALB-CLB-0004931,P0000143,479,CLB,BROKER,2024-12-20,2025-12-20,LP,N,11899.35,11899.35,VALID,VALID,Taylor & Walker Insurance Services Ltd,13.94,11899.320000000002,2025-11-15,2026-12-31 06:00:00
ALB-CLB-0004948,P0001680,,CLB,DIRECT,2019-02-03,2020-02-03,RN,N,7711.89,7711.89,VALID,VALID,,,7711.919999999999,2019-12-30,2026-12-31 06:00:00
ALB-CLB-0004953,P0001272,,CLB,BROKER,2024-03-29,2025-03-29,RN,N,6624.62,6624.62,VALID,VALID,Baker & Williams Insurance Services Ltd,17.61,6624.62,2024-03-29,2026-12-31 06:00:00
ALB-CLB-0004956,P0000164,471,CLB,BROKER,2022-07-08,2023-07-08,IF,N,12214.63,12214.63,VALID,VALID,Hughes & Wright Insurance Services Ltd,8.65,12214.63,2022-07-08,2026-12-31 06:00:00
ALB-CLB-0004959,P0002998,,CLB,BROKER,2025-10-23,2026-10-23,RN,N,11131.69,11131.69,VALID,VALID,,,11131.679999999998,2026-09-18,2026-12-31 06:00:00
ALB-CLB-0004962,P0000937,,CLB,DIRECT,2020-09-24,2021-09-24,IF,N,4622.89,4622.89,VALID,VALID,Jones & Baker Insurance Services Ltd,8.84,3852.3999999999996,2021-08-20,2026-12-31 06:00:00
ALB-CLB-0004977,P0001414,,CLB,BROKER,2026-09-08,2027-09-08,RN,N,2667.12,666.78,VALID,VALID,Johnson & Hughes Insurance Services Ltd,17.19,2667.12,2026-09-08,2026-12-31 06:00:00
ALB-CLB-0004979,P0002227,290,CLB,BROKER,2026-09-24,2027-09-24,RN,N,5811.96,1452.99,VALID,VALID,Davies & Hughes Insurance Services Ltd,15.18,5811.96,2026-09-24,2026-12-31 06:00:00
ALB-CLB-0004981,P0001025,474,CLB,DIRECT,2018-04-15,2019-04-15,IF,N,5278.63,5278.63,VALID,VALID,Jones & Robinson Insurance Services Ltd,21.97,5278.63,2018-04-15,2026-12-31 06:00:00
ALB-CLB-0004988,P0002026,,CLB,BROKER,2023-11-05,2024-11-04,CN,N,4839.99,4839.99,VALID,VALID,,,4839.96,2024-09-30,2026-12-31 06:00:00
ALB-CLB-0004989,P0001532,,CLB,BROKER,2024-10-11,2025-10-11,LP,N,13226.76,13226.76,VALID,VALID,Hall & Khan Insurance Services Ltd,14.81,13226.76,2024-10-11,2026-12-31 06:00:00
ALB-CLB-0005000,P0002796,,CLB,AGGREGATOR,2026-12-20,2027-12-20,EX,N,4398.12,0.00,VALID,VALID,Jones & Robinson Insurance Services Ltd,21.97,4398.12,2026-12-20,2026-12-31 06:00:00
ALB-CLB-0005008,P0001766,444,CLB,AGGREGATOR,2024-09-28,2025-09-28,IF,N,6871.25,6871.25,VALID,VALID,Patel & Clarke Insurance Services Ltd,9.04,6298.600000000001,2025-08-24,2026-12-31 06:00:00
ALB-CLB-0005015,P0001502,,CLB,BROKER,2025-12-27,2026-12-27,IF,Y,7753.62,7753.62,VALID,VALID,Wilson & Wright Insurance Services Ltd,7.87,7753.56,2026-11-22,2026-12-31 06:00:00
ALB-CLB-0005022,P0000462,332,CLB,BROKER,2026-05-25,2027-05-25,LP,N,4407.96,2571.31,VALID,VALID,Khan & Smith Insurance Services Ltd,17.81,4407.96,2026-05-25,2026-12-31 06:00:00
ALB-CLB-0005028,P0001909,31,CLB,BROKER,2019-04-01,2020-03-31,IF,N,1789.42,1789.42,VALID,VALID,Davies & Hughes Insurance Services Ltd,15.18,1789.42,2019-04-01,2026-12-31 06:00:00
ALB-CLB-0005029,P0002429,,CLB,AGGREGATOR,2022-06-24,2023-06-24,LP,N,7100.21,7100.21,VALID,VALID,,,6508.4800000000005,2023-05-20,2026-12-31 06:00:00
ALB-CLB-0005032,P0001844,,CLB,DIRECT,2026-01-09,2027-01-09,CN,N,10887.97,9980.64,VALID,VALID,Smith & Clarke Insurance Services Ltd,17.33,10887.97,2026-01-09,2026-12-31 06:00:00
ALB-CLB-0005033,P0000983,,CLB,DIRECT,2021-01-28,2022-01-28,EX,N,1775.94,1775.94,INVALID,VALID,,,1775.94,2021-01-28,2026-12-31 06:00:00
ALB-CLB-0005038,P0001578,,CLB,DIRECT,2020-04-10,2021-04-10,IF,N,6846.21,6846.21,VALID,VALID,,,6846.21,2020-04-10,2026-12-31 06:00:00
ALB-CLB-0005042,P0002654,247,CLB,DIRECT,2018-11-25,2019-11-25,RN,N,9841.0,9841.00,VALID,VALID,,,9840.960000000001,2019-10-21,2026-12-31 06:00:00
ALB-CLB-0005043,P0000505,,CLB,AGGREGATOR,2021-11-15,2022-11-15,IF,N,955.27,955.27,VALID,VALID,,,955.27,2021-11-15,2026-12-31 06:00:00
ALB-CLB-0005048,P0003191,,CLB,AGGREGATOR,2023-10-26,2024-10-25,RN,N,13087.2,13087.20,VALID,VALID,Wilson & Wright Insurance Services Ltd,7.87,11996.600000000002,2024-09-20,2026-12-31 06:00:00
ALB-CLB-0005052,P0001633,464,CLB,AGGREGATOR,2020-10-26,2021-10-26,RN,N,9132.53,9132.53,VALID,VALID,Patel & Clarke Insurance Services Ltd,9.04,9132.48,2021-09-21,2026-12-31 06:00:00
ALB-CLB-0005053,P0003050,,CLB,DIRECT,2019-02-08,2020-02-08,IF,N,10918.6,10918.60,VALID,VALID,,,10918.6,2019-02-08,2026-12-31 06:00:00
ALB-CLB-0005057,P0000076,343,CLB,BROKER,2019-04-18,2020-04-17,CN,N,11974.76,11974.76,VALID,VALID,,,11974.799999999997,2020-03-13,2026-12-31 06:00:00
ALB-CLB-0005061,P0001144,,CLB,DIRECT,2021-12-25,2022-12-25,IF,N,8714.28,8714.28,INVALID,VALID,Hall & Patel Insurance Services Ltd,13.7,8714.28,2021-12-25,2026-12-31 06:00:00
ALB-CLB-0005063,P0001958,493,CLB,BROKER,2019-01-27,2020-01-27,RN,N,10064.77,10064.77,INVALID,VALID,Taylor & Johnson Insurance Services Ltd,17.25,10064.759999999997,2019-12-23,2026-12-31 06:00:00
ALB-CLB-0005078,P0001255,,CLB,DIRECT,2018-05-10,2019-05-10,IF,N,8719.4,8719.40,VALID,VALID,Patel & Taylor Insurance Services Ltd,13.95,7992.82,2019-04-05,2026-12-31 06:00:00
ALB-CLB-0005082,P0000266,33,CLB,BROKER,2022-04-20,2023-04-20,CN,N,7843.99,7843.99,VALID,VALID,Khan & Davies Insurance Services Ltd,12.18,7843.99,2022-04-20,2026-12-31 06:00:00
ALB-CLB-0005086,P0002181,87,CLB,BROKER,2018-10-02,2019-10-02,CN,N,11134.84,11134.84,INVALID,VALID,Davies & Green Insurance Services Ltd,7.72,11134.84,2018-10-02,2026-12-31 06:00:00
ALB-CLB-0005090,P0001877,,CLB,BROKER,2023-01-09,2024-01-09,IF,N,10160.84,10160.84,VALID,VALID,OBrien & Green Insurance Services Ltd,17.85,10160.84,2023-01-09,2026-12-31 06:00:00
ALB-CLB-0005097,P0001896,,CLB,BROKER,2026-12-06,2027-12-06,EX,N,2489.35,0.00,VALID,VALID,,,2489.3999999999996,2027-11-01,2026-12-31 06:00:00
ALB-CLB-0005120,P0002196,332,CLB,DIRECT,2022-12-10,2023-12-10,RN,N,13451.71,13451.71,VALID,VALID,,,13451.71,2022-12-10,2026-12-31 06:00:00
ALB-CLB-0005122,P0003199,,CLB,BROKER,2021-11-28,2022-11-28,CN,N,2980.18,2980.18,VALID,VALID,Smith & Clarke Insurance Services Ltd,17.33,2731.8499999999995,2022-09-24,2026-12-31 06:00:00
ALB-CLB-0005128,P0000696,429,CLB,DIRECT,2023-01-09,2024-01-09,IF,N,1984.71,1984.71,VALID,VALID,Baker & Clarke Insurance Services Ltd,20.14,1984.71,2023-01-09,2026-12-31 06:00:00
ALB-CLB-0005132,P0000643,472,CLB,BROKER,2025-05-07,2026-05-07,CN,N,14334.51,14334.51,VALID,VALID,Williams & Williams Insurance Services Ltd,18.19,13139.940000000002,2026-04-02,2026-12-31 06:00:00
ALB-CLB-0005135,P0002369,,CLB,AGGREGATOR,2021-11-03,2022-11-03,EX,N,1007.22,1007.22,VALID,VALID,,,1007.22,2021-11-03,2026-12-31 06:00:00
ALB-CLB-0005139,P0000543,61,CLB,BROKER,2023-06-24,2024-06-23,IF,N,765.98,765.98,VALID,VALID,Brown & Jones Insurance Services Ltd,10.15,765.98,2023-06-24,2026-12-31 06:00:00
ALB-CLB-0005140,P0001195,,CLB,AGGREGATOR,2020-02-14,2021-02-13,CN,N,821.19,821.19,INVALID,VALID,,,752.7300000000002,2021-01-09,2026-12-31 06:00:00
ALB-CLB-0005146,P0002753,344,CLB,AGGREGATOR,2020-08-28,2021-08-28,IF,N,11990.29,11990.29,VALID,VALID,Baker & Brown Insurance Services Ltd,14.45,10991.090000000004,2021-07-24,2026-12-31 06:00:00
ALB-CLB-0005181,P0001257,204,CLB,BROKER,2023-11-11,2024-11-10,IF,N,13567.5,13567.50,VALID,VALID,Clarke & Wright Insurance Services Ltd,11.72,13567.439999999995,2024-10-06,2026-12-31 06:00:00
ALB-CLB-0005196,P0001300,,CLB,BROKER,2020-04-26,2021-04-26,RN,N,9969.53,9969.53,VALID,VALID,Patel & Wilson Insurance Services Ltd,12.84,9138.689999999999,2021-03-22,2026-12-31 06:00:00
ALB-CPM-0000004,P0000723,231,CPM,BROKER,2024-06-01,2025-06-01,IF,N,5518.41,5518.41,VALID,VALID,Taylor & Murphy Insurance Services Ltd,20.48,5518.44,2025-04-27,2026-12-31 06:00:00
ALB-CPM-0000014,P0000112,374,CPM,DIRECT,2018-09-06,2019-09-06,IF,N,12872.45,12872.45,VALID,VALID,,,12872.400000000003,2019-08-02,2026-12-31 06:00:00
ALB-CPM-0000023,P0002523,,CPM,DIRECT,2025-11-24,2026-11-24,IF,N,14177.24,14177.24,VALID,VALID,Taylor & Wilson Insurance Services Ltd,14.3,12995.840000000004,2026-09-20,2026-12-31 06:00:00
ALB-CPM-0000026,P0002832,,CPM,DIRECT,2023-03-25,2024-03-24,IF,N,3286.13,3286.13,VALID,VALID,Davies & Taylor Insurance Services Ltd,14.09,3286.0800000000004,2024-02-18,2026-12-31 06:00:00
ALB-CPM-0000032,P0002182,238,CPM,BROKER,2024-11-08,2025-11-08,IF,N,13378.84,13378.84,VALID,VALID,Hall & Brown Insurance Services Ltd,13.16,12263.899999999998,2025-10-04,2026-12-31 06:00:00
ALB-CPM-0000033,P0001493,,CPM,BROKER,2026-01-15,2027-01-15,IF,N,3121.57,2861.44,VALID,VALID,,,3121.57,2026-01-15,2026-12-31 06:00:00
ALB-CPM-0000036,P0001851,,CPM,AGGREGATOR,2025-12-18,2026-12-18,EX,N,3097.51,3097.51,VALID,VALID,,,3097.560000000001,2026-11-13,2026-12-31 06:00:00
ALB-CPM-0000046,P0001080,,CPM,DIRECT,2023-04-15,2024-04-14,RN,N,5063.66,5063.66,VALID,VALID,Hughes & Wright Insurance Services Ltd,8.65,5063.66,2023-04-15,2026-12-31 06:00:00
ALB-CPM-0000047,P0002296,124,CPM,AGGREGATOR,2020-09-11,2021-09-11,LP,N,8314.85,8314.85,VALID,VALID,Davies & Hughes Insurance Services Ltd,15.18,8314.85,2020-09-11,2026-12-31 06:00:00
ALB-CPM-0000053,P0000418,35,CPM,AGGREGATOR,2025-05-04,2026-05-04,RN,N,9759.17,9759.17,VALID,VALID,Smith & Davies Insurance Services Ltd,14.16,9759.17,2025-05-04,2026-12-31 06:00:00
ALB-CPM-0000054,P0003181,468,CPM,DIRECT,2020-05-01,2021-05-01,IF,N,10090.5,10090.50,VALID,VALID,Johnson & Murphy Insurance Services Ltd,17.99,10090.5,2020-05-01,2026-12-31 06:00:00
ALB-CPM-0000058,P0001814,,CPM,BROKER,2022-04-02,2023-04-02,LP,N,1046.9,1046.90,VALID,VALID,,,959.64,2023-01-27,2026-12-31 06:00:00
ALB-CPM-0000061,P0002389,,CPM,BROKER,2019-06-23,2020-06-22,EX,N,6481.12,6481.12,INVALID,VALID,,,6481.12,2019-06-23,2026-12-31 06:00:00
ALB-CPM-0000064,P0001497,322,CPM,BROKER,2025-12-11,2026-12-11,CN,N,8840.37,8840.37,VALID,VALID,OBrien & Patel Insurance Services Ltd,14.2,8840.4,2026-11-06,2026-12-31 06:00:00
ALB-CPM-0000065,P0000798,371,CPM,BROKER,2021-11-18,2022-11-18,EX,N,9922.48,9922.48,VALID,VALID,Patel & Clarke Insurance Services Ltd,9.04,9095.570000000002,2022-10-14,2026-12-31 06:00:00
ALB-CPM-0000066,P0001101,,CPM,AGGREGATOR,2025-10-08,2026-10-08,IF,N,10934.66,10934.66,VALID,VALID,,,10023.42,2026-09-03,2026-12-31 06:00:00
ALB-CPM-0000067,P0000463,207,CPM,DIRECT,2023-10-14,2024-10-13,IF,N,11653.25,11653.25,VALID,VALID,,,11653.25,2023-10-14,2026-12-31 06:00:00
ALB-CPM-0000074,P0001396,,CPM,BROKER,2024-08-18,2025-08-18,IF,N,10525.47,10525.47,VALID,VALID,,,,,2026-12-31 06:00:00
ALB-CPM-0000078,P0001424,,CPM,BROKER,2019-04-17,2020-04-16,IF,N,7676.73,7676.73,VALID,VALID,,,7037.029999999999,2020-03-12,2026-12-31 06:00:00
ALB-CPM-0000079,P0000639,450,CPM,BROKER,2025-09-22,2026-09-22,RN,N,6517.68,6517.68,VALID,VALID,Taylor & Walker Insurance Services Ltd,13.94,6517.68,2025-09-22,2026-12-31 06:00:00
ALB-CPM-0000084,P0000544,43,CPM,AGGREGATOR,2018-12-05,2019-12-05,CN,N,8039.84,8039.84,VALID,VALID,Walker & Wright Insurance Services Ltd,10.74,8039.84,2018-12-05,2026-12-31 06:00:00
ALB-CPM-0000085,P0002956,274,CPM,AGGREGATOR,2021-02-12,2022-02-12,LP,N,6809.23,6809.23,VALID,VALID,Davies & Brown Insurance Services Ltd,22.12,6241.840000000002,2022-01-08,2026-12-31 06:00:00
ALB-CPM-0000087,P0001054,,CPM,BROKER,2018-01-08,2019-01-08,EX,N,12073.26,12073.26,VALID,VALID,Johnson & Murphy Insurance Services Ltd,21.31,12073.26,2018-01-08,2026-12-31 06:00:00
ALB-CPM-0000089,P0003098,,CPM,BROKER,2023-12-28,2024-12-27,LP,N,6172.23,6172.23,VALID,VALID,Johnson & Murphy Insurance Services Ltd,21.31,5657.850000000001,2024-11-22,2026-12-31 06:00:00
ALB-CPM-0000095,P0000282,,CPM,BROKER,2023-06-02,2024-06-01,IF,N,12211.01,12211.01,VALID,VALID,Hughes & Wright Insurance Services Ltd,8.65,11193.380000000001,2024-04-27,2026-12-31 06:00:00
ALB-CPM-0000096,P0002441,,CPM,BROKER,2024-03-31,2025-03-31,LP,N,8446.35,8446.35,VALID,VALID,Davies & Brown Insurance Services Ltd,22.12,7742.459999999998,2025-02-24,2026-12-31 06:00:00
ALB-CPM-0000097,P0000003,470,CPM,BROKER,2021-10-30,2022-10-30,EX,N,3291.9,3291.90,VALID,VALID,,,2743.2000000000003,2022-09-25,2026-12-31 06:00:00
ALB-CPM-0000100,P0000383,381,CPM,BROKER,2019-05-17,2020-05-16,EX,N,11872.04,11872.04,VALID,VALID,,,9893.4,2020-04-11,2026-12-31 06:00:00
ALB-CPM-0000101,P0002912,,CPM,BROKER,2020-08-21,2021-08-21,IF,N,11604.99,11604.99,VALID,VALID,Walker & OBrien Insurance Services Ltd,10.5,10637.880000000001,2021-07-17,2026-12-31 06:00:00
ALB-CPM-0000106,P0002694,,CPM,BROKER,2025-05-08,2026-05-08,CN,N,7636.17,7636.17,VALID,VALID,,,7636.200000000002,2026-04-03,2026-12-31 06:00:00
ALB-CPM-0000108,P0002211,298,CPM,AGGREGATOR,2022-11-04,2023-11-04,EX,N,14484.29,14484.29,VALID,VALID,Davies & Davies Insurance Services Ltd,17.73,14484.240000000003,2023-09-30,2026-12-31 06:00:00
ALB-CPM-0000110,P0002337,,CPM,DIRECT,2025-01-18,2026-01-18,CN,N,5634.17,5634.17,VALID,VALID,,,5634.17,2025-01-18,2026-12-31 06:00:00
ALB-CPM-0000114,P0001684,,CPM,AGGREGATOR,2021-11-29,2022-11-29,RN,N,5023.43,5023.43,VALID,VALID,Hall & Khan Insurance Services Ltd,14.81,5023.44,2022-10-25,2026-12-31 06:00:00
ALB-CPM-0000119,P0001208,356,CPM,DIRECT,2026-02-08,2027-02-08,EX,N,10148.2,8456.83,VALID,VALID,Wilson & OBrien Insurance Services Ltd,9.12,10148.2,2026-02-08,2026-12-31 06:00:00
ALB-CPM-0000121,P0001450,4,CPM,AGGREGATOR,2018-08-08,2019-08-08,IF,N,5390.26,5390.26,VALID,VALID,Hall & Patel Insurance Services Ltd,13.7,4941.089999999999,2019-07-04,2026-12-31 06:00:00
ALB-CPM-0000134,P0002753,344,CPM,DIRECT,2021-09-04,2022-09-04,IF,N,10377.45,10377.45,VALID,VALID,,,7783.11,2022-07-31,2026-12-31 06:00:00
ALB-CPM-0000136,P0001799,,CPM,BROKER,2025-07-26,2026-07-26,CN,N,13098.54,13098.54,VALID,VALID,Davies & Taylor Insurance Services Ltd,14.09,13098.599999999997,2026-06-21,2026-12-31 06:00:00
ALB-CPM-0000139,P0001508,,CPM,DIRECT,2025-03-09,2026-03-09,IF,N,5106.62,5106.62,VALID,VALID,,,5106.600000000001,2026-02-02,2026-12-31 06:00:00
ALB-CPM-0000147,P0002611,,CPM,DIRECT,2025-04-23,2026-04-23,CN,N,7252.03,7252.03,VALID,VALID,Johnson & Murphy Insurance Services Ltd,17.99,7252.03,2025-04-23,2026-12-31 06:00:00
ALB-CPM-0000158,P0002608,74,CPM,AGGREGATOR,2018-07-26,2019-07-26,IF,N,7195.13,7195.13,VALID,VALID,Green & Murphy Insurance Services Ltd,11.43,7195.13,2018-07-26,2026-12-31 06:00:00
ALB-CPM-0000173,P0000825,176,CPM,BROKER,2024-03-15,2025-03-15,IF,N,14397.56,14397.56,VALID,VALID,Hall & Hall Insurance Services Ltd,9.1,14397.599999999997,2025-02-08,2026-12-31 06:00:00
ALB-CPM-0000178,P0003067,,CPM,BROKER,2019-03-19,2020-03-18,RN,N,12416.84,12416.84,VALID,VALID,Taylor & Wilson Insurance Services Ltd,14.3,12416.84,2019-03-19,2026-12-31 06:00:00
ALB-CPM-0000190,P0002082,290,CPM,DIRECT,2023-06-07,2024-06-06,CN,N,2908.42,2908.42,VALID,VALID,Baker & Clarke Insurance Services Ltd,20.14,2181.3299999999995,2024-05-02,2026-12-31 06:00:00
ALB-CPM-0000191,P0002416,,CPM,BROKER,2020-01-02,2021-01-01,IF,N,11852.38,11852.38,VALID,VALID,Murphy & Johnson Insurance Services Ltd,12.64,11852.400000000001,2020-11-27,2026-12-31 06:00:00
ALB-CPM-0000193,P0001825,81,CPM,DIRECT,2021-08-10,2022-08-10,CN,N,5860.73,5860.73,VALID,VALID,Green & Murphy Insurance Services Ltd,11.43,4883.9,2022-07-06,2026-12-31 06:00:00
ALB-CPM-0000194,P0002540,,CPM,DIRECT,2022-04-07,2023-04-07,IF,N,2431.7,2431.70,VALID,VALID,,,2431.6799999999994,2023-03-03,2026-12-31 06:00:00
ALB-CPM-0000206,P0002839,,CPM,BROKER,2022-12-06,2023-12-06,EX,N,11163.23,11163.23,VALID,VALID,Baker & Clarke Insurance Services Ltd,20.14,10232.970000000003,2023-11-01,2026-12-31 06:00:00
ALB-CPM-0000209,P0002898,,CPM,BROKER,2021-07-25,2022-07-25,IF,N,1030.79,1030.79,VALID,VALID,Green & Murphy Insurance Services Ltd,11.43,1030.8,2022-06-20,2026-12-31 06:00:00
ALB-CPM-0000211,P0000502,221,CPM,BROKER,2021-08-25,2022-08-25,EX,N,2664.72,2664.72,VALID,VALID,,,2664.72,2021-08-25,2026-12-31 06:00:00
ALB-CPM-0000218,P0001584,,CPM,DIRECT,2025-03-09,2026-03-09,LP,N,901.28,901.28,VALID,VALID,,,901.32,2026-02-02,2026-12-31 06:00:00
ALB-CPM-0000219,P0001724,101,CPM,BROKER,2024-11-29,2025-11-29,IF,N,5500.21,5500.21,VALID,VALID,,,5500.21,2024-11-29,2026-12-31 06:00:00
ALB-CPM-0000222,P0000276,129,CPM,BROKER,2025-05-27,2026-05-27,LP,N,738.76,738.76,VALID,VALID,Davies & Taylor Insurance Services Ltd,14.09,738.76,2025-05-27,2026-12-31 06:00:00
ALB-CPM-0000223,P0000499,87,CPM,BROKER,2020-06-01,2021-06-01,LP,N,8814.88,8814.88,VALID,VALID,,,8080.269999999999,2021-04-27,2026-12-31 06:00:00
ALB-CPM-0000226,P0000132,246,CPM,BROKER,2022-11-01,2023-11-01,LP,N,10249.3,10249.30,VALID,VALID,Taylor & Murphy Insurance Services Ltd,20.48,10249.3,2022-11-01,2026-12-31 06:00:00
ALB-CPM-0000234,P0002600,,CPM,BROKER,2022-12-12,2023-12-12,IF,N,4872.42,4872.42,VALID,VALID,,,4872.42,2022-12-12,2026-12-31 06:00:00
ALB-CPM-0000249,P0002014,,CPM,BROKER,2026-03-20,2027-03-20,EX,N,7175.97,5381.98,VALID,VALID,Taylor & Johnson Insurance Services Ltd,17.25,6578.0,2027-02-13,2026-12-31 06:00:00
ALB-CPM-0000253,P0002484,457,CPM,AGGREGATOR,2023-11-22,2024-11-21,IF,N,879.61,879.61,VALID,VALID,Williams & Hall Insurance Services Ltd,14.19,879.61,2023-11-22,2026-12-31 06:00:00
ALB-CPM-0000256,P0002583,497,CPM,DIRECT,2022-09-07,2023-09-07,EX,N,1624.12,1624.12,VALID,VALID,Brown & Davies Insurance Services Ltd,14.49,1624.0799999999997,2023-08-03,2026-12-31 06:00:00
ALB-CPM-0000260,P0002725,,CPM,DIRECT,2025-01-11,2026-01-11,IF,N,13003.13,13003.13,VALID,VALID,Green & Murphy Insurance Services Ltd,11.43,13003.08,2025-12-07,2026-12-31 06:00:00
ALB-CPM-0000265,P0001922,,CPM,AGGREGATOR,2025-05-24,2026-05-24,CN,N,10861.46,10861.46,VALID,VALID,Wilson & OBrien Insurance Services Ltd,9.12,9956.320000000002,2026-04-19,2026-12-31 06:00:00
ALB-CPM-0000269,P0000378,366,CPM,BROKER,2022-06-12,2023-06-12,IF,N,7403.63,7403.63,VALID,VALID,Patel & Clarke Insurance Services Ltd,9.04,7403.640000000002,2023-05-08,2026-12-31 06:00:00
ALB-CPM-0000277,P0001246,,CPM,BROKER,2025-04-21,2026-04-21,RN,N,10436.15,10436.15,VALID,VALID,,,10436.15,2025-04-21,2026-12-31 06:00:00
ALB-CPM-0000288,P0001760,,CPM,DIRECT,2023-09-30,2024-09-29,IF,N,10756.48,10756.48,VALID,VALID,Walker & Wright Insurance Services Ltd,10.74,10756.48,2023-09-30,2026-12-31 06:00:00
ALB-CPM-0000298,P0001146,,CPM,DIRECT,2025-10-09,2026-10-09,RN,N,3272.42,3272.42,VALID,VALID,Jones & Baker Insurance Services Ltd,8.84,3272.399999999999,2026-09-04,2026-12-31 06:00:00
ALB-CPM-0000309,P0001719,,CPM,BROKER,2023-04-11,2024-04-10,LP,N,10378.71,10378.71,VALID,VALID,,,10378.68,2024-03-06,2026-12-31 06:00:00
ALB-CPM-0000316,P0001778,,CPM,DIRECT,2021-09-01,2022-09-01,RN,N,1215.2,1215.20,VALID,VALID,Hall & Patel Insurance Services Ltd,13.7,1113.97,2022-07-28,2026-12-31 06:00:00
ALB-CPM-0000320,P0002128,237,CPM,DIRECT,2024-10-03,2025-10-03,LP,N,13135.38,13135.38,VALID,VALID,Clarke & Wright Insurance Services Ltd,11.72,12040.819999999996,2025-08-29,2026-12-31 06:00:00
ALB-CPM-0000323,P0002164,76,CPM,AGGREGATOR,2022-09-21,2023-09-21,IF,N,9258.57,9258.57,VALID,VALID,Johnson & Hughes Insurance Services Ltd,17.19,9258.57,2022-09-21,2026-12-31 06:00:00
ALB-CPM-0000324,P0000991,171,CPM,BROKER,2022-10-19,2023-10-19,IF,N,4961.47,4961.47,VALID,VALID,OBrien & Patel Insurance Services Ltd,14.2,4961.5199999999995,2023-09-14,2026-12-31 06:00:00
ALB-CPM-0000329,P0001430,,CPM,DIRECT,2018-03-27,2019-03-27,CN,N,12625.68,12625.68,VALID,VALID,,,11573.539999999999,2019-02-20,2026-12-31 06:00:00
ALB-CPM-0000331,P0000623,185,CPM,BROKER,2024-08-28,2025-08-28,IF,N,3313.07,3313.07,VALID,VALID,,,3313.0800000000004,2025-07-24,2026-12-31 06:00:00
ALB-CPM-0000338,P0001367,270,CPM,DIRECT,2018-06-16,2019-06-16,IF,N,10697.5,10697.50,VALID,VALID,,,10697.5,2018-06-16,2026-12-31 06:00:00
ALB-CPM-0000342,P0002173,,CPM,DIRECT,2019-04-14,2020-04-13,IF,N,11290.74,11290.74,VALID,VALID,,,11290.74,2019-04-14,2026-12-31 06:00:00
ALB-CPM-0000346,P0002476,,CPM,BROKER,2021-12-13,2022-12-13,RN,N,1270.89,1270.89,VALID,VALID,,,1270.92,2022-11-08,2026-12-31 06:00:00
ALB-CPM-0000347,P0000955,,CPM,DIRECT,2019-02-23,2020-02-23,CN,N,3176.75,3176.75,VALID,VALID,Brown & Davies Insurance Services Ltd,14.49,3176.75,2019-02-23,2026-12-31 06:00:00
ALB-CPM-0000353,P0001419,,CPM,AGGREGATOR,2024-02-16,2025-02-15,IF,N,13954.3,13954.30,VALID,VALID,,,,,2026-12-31 06:00:00
ALB-CPM-0000361,P0001562,,CPM,AGGREGATOR,2019-01-27,2020-01-27,IF,N,13866.82,13866.82,VALID,VALID,Hughes & Wright Insurance Services Ltd,8.65,13866.839999999998,2019-12-23,2026-12-31 06:00:00
ALB-CPM-0000365,P0000776,469,CPM,BROKER,2023-06-16,2024-06-15,EX,N,6028.1,6028.10,VALID,VALID,Johnson & Murphy Insurance Services Ltd,21.31,5525.740000000001,2024-04-11,2026-12-31 06:00:00
ALB-CPM-0000366,P0000320,,CPM,BROKER,2018-07-23,2019-07-23,RN,N,4024.3,4024.30,VALID,VALID,Jones & Robinson Insurance Services Ltd,21.97,3688.960000000001,2019-06-18,2026-12-31 06:00:00
ALB-CPM-0000380,P0000769,409,CPM,AGGREGATOR,2025-04-01,2026-04-01,RN,N,13627.79,13627.79,VALID,VALID,Jones & Robinson Insurance Services Ltd,21.97,13627.799999999997,2026-02-25,2026-12-31 06:00:00
ALB-CPM-0000387,P0001741,,CPM,BROKER,2020-03-31,2021-03-31,RN,N,2419.63,2419.63,VALID,VALID,Johnson & Murphy Insurance Services Ltd,21.31,2419.63,2020-03-31,2026-12-31 06:00:00
ALB-CPM-0000391,P0000071,415,CPM,AGGREGATOR,2018-07-10,2019-07-10,LP,N,1711.08,1711.08,VALID,VALID,,,1711.08,2018-07-10,2026-12-31 06:00:00
ALB-CPM-0000412,P0001569,313,CPM,BROKER,2023-01-23,2024-01-23,RN,N,14540.41,14540.41,INVALID,VALID,,,14540.41,2023-01-23,2026-12-31 06:00:00
ALB-CPM-0000419,P0002865,,CPM,DIRECT,2026-04-19,2027-04-19,EX,N,4645.3,3096.87,VALID,VALID,Hall & Khan Insurance Services Ltd,14.81,4645.3,2026-04-19,2026-12-31 06:00:00
ALB-CPM-0000422,P0001772,,CPM,BROKER,2019-12-26,2020-12-25,IF,N,2007.41,2007.41,VALID,VALID,,,2007.41,2019-12-26,2026-12-31 06:00:00
ALB-CPM-0000430,P0000375,282,CPM,DIRECT,2022-08-26,2023-08-26,RN,N,9215.35,9215.35,VALID,VALID,,,8447.449999999999,2023-07-22,2026-12-31 06:00:00
ALB-CPM-0000446,P0001215,111,CPM,DIRECT,2021-03-05,2022-03-05,RN,N,12689.5,12689.50,VALID,VALID,Davies & Davies Insurance Services Ltd,17.73,12689.5,2021-03-05,2026-12-31 06:00:00
ALB-CPM-0000448,P0001716,265,CPM,DIRECT,2020-01-24,2021-01-23,CN,N,14287.63,14287.63,VALID,VALID,Clarke & Wright Insurance Services Ltd,9.41,14287.63,2020-01-24,2026-12-31 06:00:00
ALB-CPM-0000451,P0001735,168,CPM,BROKER,2018-03-03,2019-03-03,IF,N,12082.36,12082.36,VALID,VALID,,,11075.460000000001,2019-01-27,2026-12-31 06:00:00
ALB-CPM-0000453,P0000960,226,CPM,DIRECT,2025-01-05,2026-01-05,CN,N,5732.32,5732.32,VALID,VALID,Smith & Walker Insurance Services Ltd,18.79,5254.589999999999,2025-12-01,2026-12-31 06:00:00
ALB-CPM-0000454,P0000571,213,CPM,BROKER,2025-01-08,2026-01-08,IF,N,14030.81,14030.81,INVALID,VALID,Wilson & OBrien Insurance Services Ltd,9.12,14030.759999999997,2025-12-04,2026-12-31 06:00:00
ALB-CPM-0000455,P0003015,472,CPM,BROKER,2019-09-07,2020-09-06,IF,N,8739.17,8739.17,VALID,VALID,,,8739.17,2019-09-07,2026-12-31 06:00:00
ALB-CPM-0000476,P0000668,,CPM,DIRECT,2024-08-22,2025-08-22,IF,N,11669.2,11669.20,VALID,VALID,,,11669.160000000002,2025-07-18,2026-12-31 06:00:00
ALB-CPM-0000478,P0002298,,CPM,AGGREGATOR,2020-01-08,2021-01-07,RN,N,13238.36,13238.36,VALID,VALID,Brown & Davies Insurance Services Ltd,14.49,12135.200000000003,2020-12-03,2026-12-31 06:00:00
ALB-CPM-0000488,P0002455,212,CPM,AGGREGATOR,2023-06-25,2024-06-24,IF,N,4984.97,4984.97,VALID,VALID,Green & Murphy Insurance Services Ltd,11.43,4569.509999999999,2024-05-20,2026-12-31 06:00:00
ALB-CPM-0000499,P0002586,,CPM,AGGREGATOR,2020-01-31,2021-01-30,CN,N,13070.55,13070.55,VALID,VALID,Baker & Hughes Insurance Services Ltd,12.55,13070.55,2020-01-31,2026-12-31 06:00:00
ALB-CPM-0000501,P0002573,,CPM,DIRECT,2025-03-29,2026-03-29,IF,N,1293.69,1293.69,VALID,VALID,Wilson & Wright Insurance Services Ltd,7.87,1185.9099999999996,2026-02-22,2026-12-31 06:00:00
ALB-CPM-0000502,P0002604,217,CPM,BROKER,2026-04-21,2027-04-21,EX,N,11208.38,7472.25,VALID,VALID,,,10274.33,2027-03-17,2026-12-31 06:00:00
ALB-CPM-0000527,P0002564,129,CPM,AGGREGATOR,2018-05-18,2019-05-18,IF,N,993.59,993.59,VALID,VALID,Smith & Clarke Insurance Services Ltd,17.33,910.7999999999998,2019-03-14,2026-12-31 06:00:00
ALB-CPM-0000535,P0002301,200,CPM,BROKER,2023-09-13,2024-09-12,EX,N,10875.24,10875.24,VALID,VALID,,,10875.240000000003,2024-08-08,2026-12-31 06:00:00
ALB-CPM-0000546,P0002575,,CPM,AGGREGATOR,2023-08-18,2024-08-17,RN,N,7443.87,7443.87,VALID,VALID,Hall & Patel Insurance Services Ltd,13.7,6823.5199999999995,2024-06-13,2026-12-31 06:00:00
ALB-CPM-0000551,P0001554,200,CPM,AGGREGATOR,2020-09-03,2021-09-03,IF,N,13865.47,13865.47,VALID,VALID,Patel & Wilson Insurance Services Ltd,12.84,13865.519999999997,2021-07-30,2026-12-31 06:00:00
ALB-CPM-0000555,P0000272,,CPM,DIRECT,2026-11-19,2027-11-19,CN,N,4021.5,335.13,VALID,VALID,Patel & Wilson Insurance Services Ltd,12.84,,,2026-12-31 06:00:00
ALB-CPM-0000556,P0001468,,CPM,AGGREGATOR,2023-10-03,2024-10-02,RN,N,8007.92,8007.92,VALID,VALID,Jones & Baker Insurance Services Ltd,8.84,7340.63,2024-08-28,2026-12-31 06:00:00
ALB-CPM-0000566,P0000317,400,CPM,BROKER,2018-08-09,2019-08-09,LP,N,3523.38,3523.38,VALID,VALID,Baker & Hughes Insurance Services Ltd,12.55,3229.8199999999993,2019-07-05,2026-12-31 06:00:00
ALB-CPM-0000567,P0001902,,CPM,AGGREGATOR,2026-05-18,2027-05-18,IF,N,2891.96,1686.98,VALID,VALID,Walker & OBrien Insurance Services Ltd,10.5,2891.96,2026-05-18,2026-12-31 06:00:00
ALB-CPM-0000570,P0001405,204,CPM,DIRECT,2019-12-14,2020-12-13,IF,N,6579.18,6579.18,VALID,VALID,,,6579.120000000002,2020-11-08,2026-12-31 06:00:00
ALB-CPM-0000572,P0001498,316,CPM,DIRECT,2023-08-18,2024-08-17,RN,N,3379.97,3379.97,VALID,VALID,,,,,2026-12-31 06:00:00
ALB-CPM-0000579,P0001413,,CPM,DIRECT,2025-12-26,2026-12-26,RN,N,5948.65,5948.65,VALID,VALID,,,5948.640000000002,2026-11-21,2026-12-31 06:00:00
ALB-CPM-0000587,P0002340,,CPM,BROKER,2018-05-05,2019-05-05,IF,N,6018.42,6018.42,VALID,VALID,,,6018.4800000000005,2019-03-31,2026-12-31 06:00:00
ALB-CPM-0000593,P0001751,,CPM,BROKER,2020-11-19,2021-11-19,CN,N,9574.44,9574.44,VALID,VALID,Hall & Wright Insurance Services Ltd,8.65,9574.44,2021-10-15,2026-12-31 06:00:00
ALB-CPM-0000615,P0000387,311,CPM,DIRECT,2025-09-11,2026-09-11,IF,N,9905.87,9905.87,VALID,VALID,Patel & Taylor Insurance Services Ltd,13.95,9905.87,2025-09-11,2026-12-31 06:00:00
ALB-CPM-0000617,P0003145,,CPM,DIRECT,2026-07-11,2027-07-11,RN,N,2785.12,1160.47,VALID,VALID,,,2785.12,2026-07-11,2026-12-31 06:00:00
ALB-CPM-0000618,P0001433,397,CPM,BROKER,2018-08-30,2019-08-30,LP,N,10591.1,10591.10,VALID,VALID,,,9708.49,2019-07-26,2026-12-31 06:00:00
ALB-CPM-0000620,P0002284,,CPM,AGGREGATOR,2020-09-10,2021-09-10,EX,N,13203.72,13203.72,INVALID,VALID,,,13203.719999999996,2021-08-06,2026-12-31 06:00:00
ALB-CPM-0000626,P0002243,,CPM,AGGREGATOR,2018-03-17,2019-03-17,IF,N,742.94,742.94,VALID,VALID,Baker & Clarke Insurance Services Ltd,20.14,742.9199999999997,2019-02-10,2026-12-31 06:00:00
ALB-CPM-0000631,P0001194,320,CPM,DIRECT,2023-03-05,2024-03-04,LP,N,10304.93,10304.93,VALID,VALID,,,9446.14,2024-01-29,2026-12-31 06:00:00
ALB-CPM-0000635,P0002766,195,CPM,AGGREGATOR,2025-02-10,2026-02-10,IF,N,11671.38,11671.38,VALID,VALID,Smith & Clarke Insurance Services Ltd,17.33,11671.38,2025-02-10,2026-12-31 06:00:00
ALB-CPM-0000653,P0000322,192,CPM,BROKER,2024-10-27,2025-10-27,RN,N,10033.43,10033.43,VALID,VALID,Williams & Baker Insurance Services Ltd,16.38,10033.43,2024-10-27,2026-12-31 06:00:00
ALB-CPM-0000657,P0003056,238,CPM,BROKER,2018-12-23,2019-12-23,IF,N,6408.03,6408.03,VALID,VALID,Murphy & Johnson Insurance Services Ltd,12.64,6408.03,2018-12-23,2026-12-31 06:00:00
ALB-CPM-0000670,P0000574,258,CPM,BROKER,2026-08-18,2027-08-18,LP,N,11505.02,3835.01,VALID,VALID,Smith & Davies Insurance Services Ltd,14.16,11505.0,2027-07-14,2026-12-31 06:00:00
ALB-CPM-0000671,P0000462,332,CPM,BROKER,2020-05-17,2021-05-17,EX,N,14598.82,14598.82,VALID,VALID,,,14598.82,2020-05-17,2026-12-31 06:00:00
ALB-CPM-0000673,P0000577,40,CPM,DIRECT,2019-09-04,2020-09-03,IF,N,13939.25,13939.25,VALID,VALID,,,13939.25,2019-09-04,2026-12-31 06:00:00
ALB-CPM-0000685,P0002363,497,CPM,DIRECT,2022-02-20,2023-02-20,IF,N,702.61,702.61,INVALID,VALID,Murphy & Johnson Insurance Services Ltd,12.64,702.5999999999999,2023-01-16,2026-12-31 06:00:00
ALB-CPM-0000699,P0001513,96,CPM,BROKER,2019-10-25,2020-10-24,EX,N,1333.29,1333.29,VALID,VALID,Taylor & Wilson Insurance Services Ltd,14.3,1333.29,2019-10-25,2026-12-31 06:00:00
ALB-CPM-0000707,P0000362,352,CPM,BROKER,2018-12-08,2019-12-08,LP,N,10546.03,10546.03,VALID,VALID,,,10546.03,2018-12-08,2026-12-31 06:00:00
ALB-CPM-0000720,P0000383,381,CPM,AGGREGATOR,2024-01-04,2025-01-03,LP,N,3278.07,3278.07,VALID,VALID,,,3278.07,2024-01-04,2026-12-31 06:00:00
ALB-CPM-0000725,P0000802,359,CPM,BROKER,2020-02-10,2021-02-09,IF,N,5755.98,5755.98,VALID,VALID,,,5276.259999999999,2021-01-05,2026-12-31 06:00:00
ALB-CPM-0000747,P0000385,,CPM,DIRECT,2026-08-25,2027-08-25,EX,N,11834.75,3944.92,VALID,VALID,Clarke & Davies Insurance Services Ltd,10.43,11834.75,2026-08-25,2026-12-31 06:00:00
ALB-CPM-0000752,P0002921,51,CPM,AGGREGATOR,2018-07-09,2019-07-09,RN,N,1975.83,1975.83,VALID,VALID,Taylor & Johnson Insurance Services Ltd,17.25,1811.1500000000003,2019-06-04,2026-12-31 06:00:00
ALB-CPM-0000755,P0001922,,CPM,DIRECT,2025-12-31,2026-12-31,IF,N,13314.64,13314.64,VALID,VALID,Murphy & Johnson Insurance Services Ltd,12.64,12205.049999999997,2026-10-27,2026-12-31 06:00:00
ALB-CPM-0000770,P0000673,,CPM,BROKER,2024-05-10,2025-05-10,IF,N,6591.52,6591.52,VALID,VALID,,,6591.48,2025-04-05,2026-12-31 06:00:00
ALB-CPM-0000774,P0001245,42,CPM,AGGREGATOR,2021-12-25,2022-12-25,CN,N,6188.78,6188.78,VALID,VALID,,,6188.78,2021-12-25,2026-12-31 06:00:00
ALB-CPM-0000780,P0002505,,CPM,DIRECT,2026-02-16,2027-02-16,IF,N,6262.69,5218.91,VALID,VALID,Davies & Green Insurance Services Ltd,7.72,6262.69,2026-02-16,2026-12-31 06:00:00
ALB-CPM-0000781,P0000869,250,CPM,DIRECT,2019-04-20,2020-04-19,CN,N,1857.07,1857.07,VALID,VALID,,,1857.12,2020-03-15,2026-12-31 06:00:00
ALB-CPM-0000782,P0000648,,CPM,BROKER,2025-09-02,2026-09-02,RN,N,1809.84,1809.84,INVALID,VALID,,,1809.8399999999995,2026-07-29,2026-12-31 06:00:00
ALB-CPM-0000786,P0000943,,CPM,BROKER,2019-05-20,2020-05-19,EX,N,4921.64,4921.64,VALID,VALID,,,4921.68,2020-04-14,2026-12-31 06:00:00
ALB-CPM-0000788,P0001000,,CPM,BROKER,2020-12-07,2021-12-07,IF,N,4624.73,4624.73,VALID,VALID,,,4239.289999999999,2021-11-02,2026-12-31 06:00:00
ALB-CPM-0000790,P0001466,309,CPM,BROKER,2020-09-30,2021-09-30,IF,N,8705.18,8705.18,VALID,VALID,,,7979.730000000001,2021-08-26,2026-12-31 06:00:00
ALB-CPM-0000792,P0001670,,CPM,BROKER,2022-12-02,2023-12-02,IF,N,11868.03,11868.03,VALID,VALID,,,10879.0,2023-10-28,2026-12-31 06:00:00
ALB-CPM-0000793,P0000651,,CPM,AGGREGATOR,2019-11-06,2020-11-05,IF,N,6381.27,6381.27,VALID,VALID,Hughes & Wright Insurance Services Ltd,8.65,5317.700000000001,2020-10-01,2026-12-31 06:00:00
ALB-CPM-0000795,P0001434,,CPM,AGGREGATOR,2018-03-16,2019-03-16,LP,N,2615.56,2615.56,VALID,VALID,Smith & Walker Insurance Services Ltd,18.79,2615.56,2018-03-16,2026-12-31 06:00:00
ALB-CPM-0000803,P0002071,,CPM,BROKER,2023-12-05,2024-12-04,IF,N,1068.17,1068.17,VALID,VALID,,,979.11,2024-10-30,2026-12-31 06:00:00
ALB-CPM-0000804,P0000738,,CPM,BROKER,2021-11-12,2022-11-12,IF,N,5014.76,5014.76,VALID,VALID,Clarke & Wright Insurance Services Ltd,9.41,5014.76,2021-11-12,2026-12-31 06:00:00
ALB-CPM-0000809,P0003164,,CPM,BROKER,2018-04-12,2019-04-12,LP,N,12790.44,12790.44,VALID,VALID,Baker & Clarke Insurance Services Ltd,20.14,12790.439999999995,2019-03-08,2026-12-31 06:00:00
ALB-CPM-0000813,P0002272,,CPM,DIRECT,2021-02-28,2022-02-28,LP,N,4965.71,4965.71,VALID,VALID,Patel & Taylor Insurance Services Ltd,13.95,4965.71,2021-02-28,2026-12-31 06:00:00
ALB-CPM-0000814,P0002833,,CPM,AGGREGATOR,2021-06-23,2022-06-23,RN,N,9650.64,9650.64,VALID,VALID,Davies & Taylor Insurance Services Ltd,14.09,9650.640000000001,2022-05-19,2026-12-31 06:00:00
ALB-CPM-0000815,P0000762,,CPM,BROKER,2021-05-21,2022-05-21,IF,N,13003.35,13003.35,VALID,VALID,,,10836.1,2022-04-16,2026-12-31 06:00:00
ALB-CPM-0000818,P0001659,321,CPM,BROKER,2022-02-20,2023-02-20,RN,N,5857.38,5857.38,VALID,VALID,,,5369.32,2023-01-16,2026-12-31 06:00:00
ALB-CPM-0000829,P0000105,310,CPM,BROKER,2022-08-08,2023-08-08,EX,N,4018.48,4018.48,VALID,VALID,,,3348.6999999999994,2023-05-05,2026-12-31 06:00:00
ALB-CPM-0000836,P0001936,,CPM,BROKER,2018-02-05,2019-02-05,IF,N,7407.83,7407.83,VALID,VALID,,,,,2026-12-31 06:00:00
ALB-CPM-0000840,P0000238,86,CPM,BROKER,2020-05-27,2021-05-27,RN,N,13773.07,13773.07,VALID,VALID,,,13773.12,2021-04-22,2026-12-31 06:00:00
ALB-CPM-0000841,P0001111,319,CPM,BROKER,2025-07-04,2026-07-04,IF,N,10063.33,10063.33,VALID,VALID,Green & Jones Insurance Services Ltd,21.44,10063.32,2026-05-30,2026-12-31 06:00:00
ALB-CPM-0000845,P0001082,439,CPM,AGGREGATOR,2024-11-05,2025-11-05,EX,N,9592.77,9592.77,VALID,VALID,,,9592.799999999997,2025-10-01,2026-12-31 06:00:00
ALB-CPM-0000858,P0002481,,CPM,DIRECT,2024-04-27,2025-04-27,EX,N,11681.84,11681.84,VALID,VALID,Clarke & Davies Insurance Services Ltd,10.43,11681.88,2025-03-23,2026-12-31 06:00:00
ALB-CPM-0000862,P0000942,301,CPM,AGGREGATOR,2018-02-10,2019-02-10,IF,N,5824.32,5824.32,VALID,VALID,Baker & Clarke Insurance Services Ltd,20.14,5824.32,2019-01-06,2026-12-31 06:00:00
ALB-CPM-0000864,P0003001,123,CPM,DIRECT,2019-03-20,2020-03-19,CN,N,8243.5,8243.50,VALID,VALID,,,7556.56,2020-02-13,2026-12-31 06:00:00
ALB-CPM-0000869,P0002509,,CPM,BROKER,2026-05-30,2027-05-30,IF,N,12917.45,7535.18,VALID,VALID,Baker & Clarke Insurance Services Ltd,20.14,12917.45,2026-05-30,2026-12-31 06:00:00
ALB-CPM-0000879,P0000516,182,CPM,BROKER,2019-01-18,2020-01-18,LP,N,7387.65,7387.65,VALID,VALID,OBrien & Patel Insurance Services Ltd,14.2,7387.65,2019-01-18,2026-12-31 06:00:00
ALB-CPM-0000880,P0000009,141,CPM,DIRECT,2018-09-21,2019-09-21,IF,N,810.78,810.78,VALID,VALID,Wilson & Wright Insurance Services Ltd,17.86,810.7199999999998,2019-08-17,2026-12-31 06:00:00
ALB-CPM-0000881,P0000479,233,CPM,BROKER,2019-10-03,2020-10-02,LP,N,3491.28,3491.28,VALID,VALID,,,3491.28,2020-08-28,2026-12-31 06:00:00
ALB-CPM-0000886,P0003157,488,CPM,BROKER,2026-05-13,2027-05-13,IF,N,12832.97,7485.90,VALID,VALID,,,12832.97,2026-05-13,2026-12-31 06:00:00
ALB-CPM-0000901,P0002900,,CPM,BROKER,2024-12-03,2025-12-03,RN,N,2588.42,2588.42,INVALID,VALID,,,2372.7,2025-10-29,2026-12-31 06:00:00
ALB-CPM-0000910,P0001112,,CPM,DIRECT,2020-01-06,2021-01-05,CN,N,8196.04,8196.04,VALID,VALID,,,8196.04,2020-01-06,2026-12-31 06:00:00
ALB-CPM-0000915,P0002795,,CPM,DIRECT,2022-06-15,2023-06-15,IF,N,3156.24,3156.24,VALID,VALID,Jones & Baker Insurance Services Ltd,8.84,3156.24,2023-05-11,2026-12-31 06:00:00
ALB-CPM-0000916,P0001373,55,CPM,BROKER,2021-08-03,2022-08-03,IF,N,7281.52,7281.52,VALID,VALID,,,4854.32,2022-04-30,2026-12-31 06:00:00
ALB-CPM-0000918,P0003076,,CPM,BROKER,2024-03-17,2025-03-17,IF,N,9690.08,9690.08,VALID,VALID,,,9690.08,2024-03-17,2026-12-31 06:00:00
ALB-CPM-0000919,P0001854,,CPM,AGGREGATOR,2026-07-30,2027-07-30,IF,Y,5104.92,2127.05,VALID,VALID,Patel & Clarke Insurance Services Ltd,9.04,5104.919999999999,2027-06-25,2026-12-31 06:00:00
ALB-CPM-0000927,P0001079,426,CPM,AGGREGATOR,2020-10-16,2021-10-16,LP,N,5662.21,5662.21,VALID,VALID,Clarke & Wright Insurance Services Ltd,9.41,5662.200000000001,2021-09-11,2026-12-31 06:00:00
ALB-CPM-0000949,P0001669,170,CPM,BROKER,2023-06-11,2024-06-10,RN,N,5606.17,5606.17,VALID,VALID,Hall & Wright Insurance Services Ltd,8.65,5606.17,2023-06-11,2026-12-31 06:00:00
ALB-CPM-0000960,P0000231,220,CPM,DIRECT,2021-08-31,2022-08-31,LP,N,13281.44,13281.44,VALID,VALID,Clarke & Wright Insurance Services Ltd,9.41,13281.44,2021-08-31,2026-12-31 06:00:00
ALB-CPM-0000962,P0002392,,CPM,AGGREGATOR,2018-08-07,2019-08-07,CN,N,8895.52,8895.52,VALID,VALID,,,8895.52,2018-08-07,2026-12-31 06:00:00
ALB-CPM-0000964,P0001341,,CPM,BROKER,2025-07-10,2026-07-10,IF,N,2920.02,2920.02,VALID,VALID,Davies & Brown Insurance Services Ltd,22.12,2676.7400000000002,2026-06-05,2026-12-31 06:00:00
ALB-CPM-0000966,P0000355,368,CPM,AGGREGATOR,2020-05-10,2021-05-10,IF,N,5688.99,5688.99,VALID,VALID,,,5688.99,2020-05-10,2026-12-31 06:00:00
ALB-CPM-0000968,P0001125,385,CPM,DIRECT,2024-02-21,2025-02-20,RN,N,10324.92,10324.92,INVALID,VALID,Smith & Davies Insurance Services Ltd,14.16,10324.92,2025-01-16,2026-12-31 06:00:00
ALB-CPM-0000976,P0001673,479,CPM,BROKER,2023-03-30,2024-03-29,IF,N,9410.55,9410.55,INVALID,VALID,Smith & Davies Insurance Services Ltd,14.16,9410.55,2023-03-30,2026-12-31 06:00:00
ALB-CPM-0000980,P0001699,264,CPM,AGGREGATOR,2020-05-25,2021-05-25,RN,N,5640.65,5640.65,VALID,VALID,Williams & Williams Insurance Services Ltd,18.19,5640.65,2020-05-25,2026-12-31 06:00:00
ALB-CPM-0000994,P0001805,,CPM,BROKER,2020-10-21,2021-10-21,LP,N,5508.48,5508.48,VALID,VALID,,,5049.4400000000005,2021-08-17,2026-12-31 06:00:00
ALB-CPM-0000998,P0000032,,CPM,AGGREGATOR,2020-02-27,2021-02-26,IF,N,3564.95,3564.95,VALID,VALID,Green & Jones Insurance Services Ltd,21.44,2970.7999999999997,2021-01-22,2026-12-31 06:00:00
ALB-CPM-0000999,P0002746,,CPM,BROKER,2020-11-15,2021-11-15,IF,N,6882.18,6882.18,VALID,VALID,,,6882.18,2020-11-15,2026-12-31 06:00:00
ALB-CPM-0001001,P0002131,,CPM,AGGREGATOR,2023-09-19,2024-09-18,CN,N,9785.3,9785.30,VALID,VALID,,,9785.3,2023-09-19,2026-12-31 06:00:00
ALB-CPM-0001008,P0001702,452,CPM,DIRECT,2021-02-20,2022-02-20,RN,N,3285.35,3285.35,VALID,VALID,,,3011.579999999999,2022-01-16,2026-12-31 06:00:00
ALB-CPM-0001011,P0001292,,CPM,DIRECT,2021-06-30,2022-06-30,EX,N,2827.24,2827.24,VALID,VALID,Clarke & Wright Insurance Services Ltd,11.72,2827.1999999999994,2022-05-26,2026-12-31 06:00:00
ALB-CPM-0001033,P0000618,342,CPM,DIRECT,2025-01-10,2026-01-10,IF,N,10022.01,10022.01,VALID,VALID,Baker & Hughes Insurance Services Ltd,12.55,7516.53,2025-12-06,2026-12-31 06:00:00
ALB-CPM-0001042,P0001239,,CPM,BROKER,2023-07-12,2024-07-11,EX,N,11020.09,11020.09,VALID,VALID,OBrien & Green Insurance Services Ltd,17.85,11020.09,2023-07-12,2026-12-31 06:00:00
ALB-CPM-0001046,P0002507,,CPM,DIRECT,2024-04-25,2025-04-25,IF,N,5949.48,5949.48,INVALID,VALID,Khan & Davies Insurance Services Ltd,12.18,5949.4800000000005,2025-03-21,2026-12-31 06:00:00
ALB-CPM-0001051,P0002892,,CPM,DIRECT,2025-06-26,2026-06-26,LP,N,3568.58,3568.58,VALID,VALID,,,3568.560000000001,2026-05-22,2026-12-31 06:00:00
ALB-CPM-0001056,P0000532,496,CPM,DIRECT,2019-09-26,2020-09-25,EX,N,1585.75,1585.75,VALID,VALID,Baker & Wright Insurance Services Ltd,22.1,1585.75,2019-09-26,2026-12-31 06:00:00
ALB-CPM-0001060,P0001023,,CPM,DIRECT,2020-03-20,2021-03-20,CN,N,13543.85,13543.85,VALID,VALID,,,13543.799999999997,2021-02-13,2026-12-31 06:00:00
ALB-CPM-0001064,P0003042,,CPM,BROKER,2023-07-02,2024-07-01,LP,N,8782.47,8782.47,VALID,VALID,,,8782.44,2024-05-27,2026-12-31 06:00:00
ALB-CPM-0001068,P0002085,,CPM,BROKER,2020-04-13,2021-04-13,IF,N,13859.53,13859.53,VALID,VALID,Smith & Walker Insurance Services Ltd,18.79,13859.53,2020-04-13,2026-12-31 06:00:00
ALB-CPM-0001070,P0000535,,CPM,BROKER,2025-07-08,2026-07-08,RN,N,1778.02,1778.02,VALID,VALID,,,1629.8700000000001,2026-06-03,2026-12-31 06:00:00
ALB-CPM-0001074,P0000272,,CPM,AGGREGATOR,2023-04-04,2024-04-03,CN,N,7215.09,7215.09,VALID,VALID,Hughes & Wright Insurance Services Ltd,8.65,6613.8600000000015,2024-02-28,2026-12-31 06:00:00
ALB-CPM-0001076,P0003148,322,CPM,BROKER,2023-07-10,2024-07-09,IF,N,10611.55,10611.55,VALID,VALID,,,10611.55,2023-07-10,2026-12-31 06:00:00
ALB-CPM-0001079,P0000623,185,CPM,BROKER,2023-10-06,2024-10-05,IF,N,1221.73,1221.73,VALID,VALID,,,1221.73,2023-10-06,2026-12-31 06:00:00
ALB-CPM-0001080,P0001716,265,CPM,DIRECT,2018-04-09,2019-04-09,IF,N,1236.13,1236.13,VALID,VALID,Williams & Williams Insurance Services Ltd,18.19,,,2026-12-31 06:00:00
ALB-CPM-0001082,P0001803,356,CPM,BROKER,2024-02-03,2025-02-02,CN,N,5293.69,5293.69,VALID,VALID,Baker & Hughes Insurance Services Ltd,13.91,5293.68,2024-12-29,2026-12-31 06:00:00
ALB-CPM-0001086,P0002082,290,CPM,BROKER,2020-04-06,2021-04-06,IF,N,14633.54,14633.54,VALID,VALID,,,14633.54,2020-04-06,2026-12-31 06:00:00
ALB-CPM-0001091,P0000514,256,CPM,DIRECT,2019-09-15,2020-09-14,IF,N,12424.09,12424.09,VALID,VALID,,,12424.08,2020-08-10,2026-12-31 06:00:00
ALB-CPM-0001093,P0000722,363,CPM,BROKER,2020-04-18,2021-04-18,LP,N,5991.06,5991.06,VALID,VALID,,,5991.120000000002,2021-03-14,2026-12-31 06:00:00
ALB-CPM-0001105,P0002574,272,CPM,BROKER,2025-07-22,2026-07-22,IF,N,12364.7,12364.70,VALID,VALID,,,12364.7,2025-07-22,2026-12-31 06:00:00
ALB-CPM-0001106,P0000572,,CPM,AGGREGATOR,2025-12-14,2026-12-14,RN,N,1652.15,1652.15,VALID,VALID,,,1652.1600000000005,2026-11-09,2026-12-31 06:00:00
ALB-CPM-0001108,P0000815,304,CPM,BROKER,2025-07-14,2026-07-14,EX,N,2750.55,2750.55,VALID,VALID,Green & Murphy Insurance Services Ltd,11.43,2750.52,2026-06-09,2026-12-31 06:00:00
ALB-CPM-0001111,P0001594,,CPM,AGGREGATOR,2023-04-11,2024-04-10,IF,N,3732.3,3732.30,VALID,VALID,,,3732.3,2023-04-11,2026-12-31 06:00:00
ALB-CPM-0001116,P0000939,249,CPM,BROKER,2019-08-19,2020-08-18,RN,N,8133.42,8133.42,VALID,VALID,Patel & Taylor Insurance Services Ltd,13.95,7455.579999999998,2020-07-14,2026-12-31 06:00:00
ALB-CPM-0001138,P0002811,,CPM,DIRECT,2020-04-13,2021-04-13,IF,N,13935.6,13935.60,VALID,VALID,,,13935.6,2020-04-13,2026-12-31 06:00:00
ALB-CPM-0001143,P0001429,,CPM,BROKER,2021-02-08,2022-02-08,CN,N,4829.54,4829.54,VALID,VALID,Hall & Patel Insurance Services Ltd,13.7,4829.5199999999995,2022-01-04,2026-12-31 06:00:00
ALB-CPM-0001146,P0001908,447,CPM,DIRECT,2023-12-14,2024-12-13,EX,N,3062.77,3062.77,VALID,VALID,,,3062.7599999999998,2024-11-08,2026-12-31 06:00:00
ALB-CPM-0001148,P0000445,,CPM,BROKER,2023-02-02,2024-02-02,RN,N,11236.54,11236.54,VALID,VALID,,,11236.559999999998,2023-12-29,2026-12-31 06:00:00
ALB-CPM-0001151,P0001837,,CPM,DIRECT,2025-08-02,2026-08-02,IF,N,11289.74,11289.74,VALID,VALID,,,11289.719999999996,2026-06-28,2026-12-31 06:00:00
ALB-CPM-0001153,P0001823,,CPM,BROKER,2019-06-28,2020-06-27,RN,N,8223.34,8223.34,VALID,VALID,,,8223.359999999999,2020-05-23,2026-12-31 06:00:00
ALB-CPM-0001159,P0000701,,CPM,BROKER,2025-03-09,2026-03-09,IF,N,13156.01,13156.01,VALID,VALID,Wilson & OBrien Insurance Services Ltd,9.12,13155.96,2026-02-02,2026-12-31 06:00:00
ALB-CPM-0001162,P0003089,,CPM,BROKER,2019-12-21,2020-12-20,IF,N,14263.91,14263.91,VALID,VALID,,,14263.92,2020-11-15,2026-12-31 06:00:00
ALB-CPM-0001167,P0002053,,CPM,AGGREGATOR,2018-11-15,2019-11-15,LP,N,6395.73,6395.73,VALID,VALID,Baker & Hughes Insurance Services Ltd,13.91,6395.73,2018-11-15,2026-12-31 06:00:00
ALB-CPM-0001176,P0000727,395,CPM,BROKER,2023-08-12,2024-08-11,EX,N,13872.05,13872.05,VALID,VALID,Taylor & Walker Insurance Services Ltd,13.94,12716.0,2024-06-07,2026-12-31 06:00:00
ALB-CPM-0001182,P0000740,,CPM,BROKER,2023-01-24,2024-01-24,RN,N,1387.41,1387.41,VALID,VALID,Hall & Wright Insurance Services Ltd,8.65,1271.8199999999997,2023-12-20,2026-12-31 06:00:00
ALB-CPM-0001183,P0000951,,CPM,AGGREGATOR,2018-01-14,2019-01-14,EX,N,4186.71,4186.71,VALID,VALID,Davies & Wright Insurance Services Ltd,13.6,4186.71,2018-01-14,2026-12-31 06:00:00
ALB-CPM-0001194,P0000539,267,CPM,BROKER,2023-08-28,2024-08-27,IF,N,8937.82,8937.82,VALID,VALID,Hall & Baker Insurance Services Ltd,14.43,8937.839999999998,2024-07-23,2026-12-31 06:00:00
ALB-CPM-0001197,P0000479,233,CPM,BROKER,2022-12-14,2023-12-14,LP,N,14641.57,14641.57,VALID,VALID,Smith & Walker Insurance Services Ltd,18.79,14641.57,2022-12-14,2026-12-31 06:00:00
ALB-CPM-0001203,P0000535,,CPM,BROKER,2019-08-27,2020-08-26,RN,N,10263.32,10263.32,VALID,VALID,Baker & Wright Insurance Services Ltd,22.1,10263.36,2020-07-22,2026-12-31 06:00:00
ALB-CPM-0001207,P0002483,93,CPM,BROKER,2024-06-25,2025-06-25,IF,N,9641.7,9641.70,VALID,VALID,Jones & Robinson Insurance Services Ltd,21.97,9641.7,2024-06-25,2026-12-31 06:00:00
ALB-CPM-0001226,P0000463,207,CPM,BROKER,2023-04-08,2024-04-07,EX,N,1429.8,1429.80,VALID,VALID,,,1429.8000000000002,2024-03-03,2026-12-31 06:00:00
ALB-CPM-0001233,P0001666,,CPM,AGGREGATOR,2022-01-08,2023-01-08,LP,N,2992.56,2992.56,VALID,VALID,Wilson & Wright Insurance Services Ltd,17.86,2992.560000000001,2022-12-04,2026-12-31 06:00:00
ALB-CPM-0001245,P0001609,,CPM,BROKER,2020-12-26,2021-12-26,RN,N,1054.91,1054.91,VALID,VALID,,,1054.91,2020-12-26,2026-12-31 06:00:00
ALB-CPM-0001254,P0000182,286,CPM,AGGREGATOR,2021-07-17,2022-07-17,RN,N,9653.38,9653.38,VALID,VALID,Davies & Hughes Insurance Services Ltd,15.18,9653.4,2022-06-12,2026-12-31 06:00:00
ALB-CPM-0001269,P0001605,150,CPM,BROKER,2021-01-25,2022-01-25,IF,N,4902.47,4902.47,VALID,VALID,Wilson & Johnson Insurance Services Ltd,21.61,4902.47,2021-01-25,2026-12-31 06:00:00
ALB-CPM-0001273,P0001164,,CPM,DIRECT,2023-08-08,2024-08-07,IF,N,11480.95,11480.95,VALID,VALID,Patel & Taylor Insurance Services Ltd,13.95,9567.5,2024-07-03,2026-12-31 06:00:00
ALB-CPM-0001278,P0001702,452,CPM,DIRECT,2022-09-16,2023-09-16,EX,N,2917.2,2917.20,VALID,VALID,,,2674.0999999999995,2023-08-12,2026-12-31 06:00:00
ALB-CPM-0001281,P0001937,,CPM,AGGREGATOR,2025-09-20,2026-09-20,RN,N,2852.38,2852.38,VALID,VALID,Khan & Smith Insurance Services Ltd,17.81,2852.3999999999996,2026-08-16,2026-12-31 06:00:00
ALB-CPM-0001286,P0001375,497,CPM,AGGREGATOR,2020-01-17,2021-01-16,IF,N,12762.62,12762.62,VALID,VALID,,,12762.62,2020-01-17,2026-12-31 06:00:00
ALB-CPM-0001288,P0000340,,CPM,BROKER,2025-05-20,2026-05-20,EX,N,3597.14,3597.14,VALID,VALID,Wilson & OBrien Insurance Services Ltd,9.12,,,2026-12-31 06:00:00
ALB-CPM-0001292,P0001495,,CPM,DIRECT,2024-10-31,2025-10-31,RN,N,11150.82,11150.82,VALID,VALID,,,11150.88,2025-09-26,2026-12-31 06:00:00
ALB-CPM-0001294,P0000158,,CPM,AGGREGATOR,2022-03-21,2023-03-21,EX,N,10265.94,10265.94,VALID,VALID,Hall & Hall Insurance Services Ltd,9.1,10266.0,2023-02-14,2026-12-31 06:00:00
ALB-CPM-0001299,P0000740,,CPM,DIRECT,2022-03-10,2023-03-10,IF,N,13531.95,13531.95,VALID,VALID,,,12404.26,2023-02-03,2026-12-31 06:00:00
ALB-CPM-0001302,P0002147,,CPM,DIRECT,2020-05-26,2021-05-26,EX,N,1499.74,1499.74,INVALID,VALID,Smith & Walker Insurance Services Ltd,18.79,1499.74,2020-05-26,2026-12-31 06:00:00
ALB-CPM-0001306,P0001018,6,CPM,BROKER,2021-07-02,2022-07-02,IF,N,1979.82,1979.82,VALID,VALID,,,1979.76,2022-05-28,2026-12-31 06:00:00
ALB-CPM-0001309,P0000216,235,CPM,BROKER,2023-07-03,2024-07-02,CN,N,10492.68,10492.68,VALID,VALID,Hall & Murphy Insurance Services Ltd,10.45,10492.68,2024-05-28,2026-12-31 06:00:00
ALB-CPM-0001312,P0000157,182,CPM,BROKER,2022-08-23,2023-08-23,IF,N,14071.66,14071.66,VALID,VALID,,,14071.679999999998,2023-07-19,2026-12-31 06:00:00
ALB-CPM-0001320,P0003131,,CPM,BROKER,2018-12-21,2019-12-21,IF,N,3814.99,3814.99,VALID,VALID,Wilson & Johnson Insurance Services Ltd,21.61,3497.1200000000003,2019-11-16,2026-12-31 06:00:00
ALB-CPM-0001326,P0001008,,CPM,BROKER,2024-12-05,2025-12-05,EX,N,3278.33,3278.33,VALID,VALID,Wilson & Wright Insurance Services Ltd,17.86,3278.33,2024-12-05,2026-12-31 06:00:00
ALB-CPM-0001330,P0000006,13,CPM,DIRECT,2025-06-14,2026-06-14,RN,N,8163.51,8163.51,VALID,VALID,Smith & Walker Insurance Services Ltd,18.79,8163.48,2026-05-10,2026-12-31 06:00:00
ALB-CPM-0001331,P0003068,,CPM,DIRECT,2022-11-11,2023-11-11,IF,N,12222.79,12222.79,VALID,VALID,,,11204.269999999999,2023-10-07,2026-12-31 06:00:00
ALB-CPM-0001333,P0001782,166,CPM,AGGREGATOR,2020-07-09,2021-07-09,IF,N,2450.37,2450.37,VALID,VALID,Taylor & Johnson Insurance Services Ltd,17.25,2450.4,2021-06-04,2026-12-31 06:00:00
ALB-CPM-0001349,P0001626,12,CPM,BROKER,2020-08-09,2021-08-09,IF,N,9435.39,9435.39,VALID,VALID,Wilson & Wright Insurance Services Ltd,7.87,7862.799999999998,2021-07-05,2026-12-31 06:00:00
ALB-CPM-0001355,P0000496,482,CPM,BROKER,2026-10-21,2027-10-21,RN,N,8891.76,1481.96,VALID,VALID,,,8891.76,2026-10-21,2026-12-31 06:00:00
ALB-CPM-0001366,P0002960,,CPM,BROKER,2019-02-23,2020-02-23,RN,N,10954.34,10954.34,VALID,VALID,Davies & Davies Insurance Services Ltd,17.73,10041.460000000001,2020-01-19,2026-12-31 06:00:00
ALB-CPM-0001370,P0000231,220,CPM,BROKER,2023-06-18,2024-06-17,IF,N,13389.55,13389.55,VALID,VALID,,,13389.599999999997,2024-05-13,2026-12-31 06:00:00
ALB-CPM-0001372,P0001519,,CPM,AGGREGATOR,2021-05-02,2022-05-02,IF,N,5003.32,5003.32,VALID,VALID,Johnson & Murphy Insurance Services Ltd,17.99,5003.32,2021-05-02,2026-12-31 06:00:00
ALB-CPM-0001377,P0000173,439,CPM,BROKER,2021-05-16,2022-05-16,IF,N,3079.0,3079.00,VALID,VALID,Hall & Khan Insurance Services Ltd,14.81,3078.9599999999996,2022-04-11,2026-12-31 06:00:00
ALB-CPM-0001378,P0002758,,CPM,BROKER,2024-02-21,2025-02-20,LP,N,7147.55,7147.55,VALID,VALID,,,7147.55,2024-02-21,2026-12-31 06:00:00
ALB-CPM-0001380,P0000282,,CPM,DIRECT,2022-12-27,2023-12-27,RN,N,8760.74,8760.74,VALID,VALID,Wilson & Wright Insurance Services Ltd,17.86,8760.74,2022-12-27,2026-12-31 06:00:00
ALB-CPM-0001386,P0000069,289,CPM,BROKER,2024-02-14,2025-02-13,IF,N,6652.35,6652.35,VALID,VALID,Jones & Baker Insurance Services Ltd,8.84,6652.35,2024-02-14,2026-12-31 06:00:00
ALB-CPM-0001391,P0001753,392,CPM,BROKER,2020-09-29,2021-09-29,IF,N,3794.62,3794.62,VALID,VALID,Jones & Robinson Insurance Services Ltd,21.97,3794.62,2020-09-29,2026-12-31 06:00:00
ALB-CPM-0001392,P0003082,,CPM,DIRECT,2023-10-30,2024-10-29,IF,N,9448.74,9448.74,VALID,VALID,,,9448.74,2023-10-30,2026-12-31 06:00:00
ALB-CPM-0001401,P0001202,151,CPM,BROKER,2026-05-15,2027-05-15,IF,Y,12515.36,7300.63,VALID,VALID,Khan & Smith Insurance Services Ltd,17.81,10429.500000000002,2027-04-10,2026-12-31 06:00:00
ALB-CPM-0001402,P0001543,383,CPM,DIRECT,2023-10-18,2024-10-17,RN,N,4361.4,4361.40,VALID,VALID,,,4361.4,2023-10-18,2026-12-31 06:00:00
ALB-CPM-0001404,P0001511,,CPM,BROKER,2021-02-26,2022-02-26,RN,N,2779.77,2779.77,VALID,VALID,Robinson & Brown Insurance Services Ltd,15.85,2779.77,2021-02-26,2026-12-31 06:00:00
ALB-CPM-0001406,P0000939,249,CPM,BROKER,2021-12-24,2022-12-24,IF,N,5754.28,5754.28,VALID,VALID,Taylor & Wilson Insurance Services Ltd,14.3,5754.240000000002,2022-11-19,2026-12-31 06:00:00
ALB-CPM-0001410,P0001060,11,CPM,BROKER,2024-08-24,2025-08-24,IF,N,6322.52,6322.52,INVALID,VALID,Wilson & OBrien Insurance Services Ltd,9.12,6322.56,2025-07-20,2026-12-31 06:00:00
ALB-CPM-0001411,P0002001,,CPM,BROKER,2018-10-15,2019-10-15,IF,N,11549.61,11549.61,VALID,VALID,Taylor & Wilson Insurance Services Ltd,14.3,11549.61,2018-10-15,2026-12-31 06:00:00
ALB-CPM-0001421,P0000189,483,CPM,BROKER,2023-11-06,2024-11-05,RN,N,3750.63,3750.63,VALID,VALID,,,3750.63,2023-11-06,2026-12-31 06:00:00
ALB-CPM-0001422,P0002427,,CPM,DIRECT,2022-01-15,2023-01-15,LP,N,7611.77,7611.77,VALID,VALID,Smith & Brown Insurance Services Ltd,19.81,7611.77,2022-01-15,2026-12-31 06:00:00
ALB-CPM-0001426,P0002983,367,CPM,AGGREGATOR,2023-11-28,2024-11-27,IF,N,1095.61,1095.61,VALID,VALID,,,1095.61,2023-11-28,2026-12-31 06:00:00
ALB-CPM-0001432,P0001075,,CPM,BROKER,2023-02-09,2024-02-09,IF,N,6943.41,6943.41,VALID,VALID,Green & Murphy Insurance Services Ltd,11.43,6364.82,2024-01-05,2026-12-31 06:00:00
ALB-CPM-0001440,P0000432,492,CPM,BROKER,2023-08-09,2024-08-08,IF,N,12538.84,12538.84,VALID,VALID,,,12538.799999999997,2024-07-04,2026-12-31 06:00:00
ALB-CPM-0001449,P0001568,,CPM,DIRECT,2024-12-08,2025-12-08,IF,N,1967.91,1967.91,VALID,VALID,Hall & Wright Insurance Services Ltd,8.65,1967.88,2025-11-03,2026-12-31 06:00:00
ALB-CPM-0001469,P0000397,,CPM,BROKER,2023-07-14,2024-07-13,IF,N,8391.47,8391.47,VALID,VALID,,,7692.19,2024-06-08,2026-12-31 06:00:00
ALB-CPM-0001472,P0001483,209,CPM,BROKER,2024-02-10,2025-02-09,EX,N,4828.99,4828.99,VALID,VALID,Hall & Brown Insurance Services Ltd,13.16,4828.99,2024-02-10,2026-12-31 06:00:00
ALB-CPM-0001474,P0000470,,CPM,DIRECT,2019-03-07,2020-03-06,IF,N,6390.84,6390.84,VALID,VALID,Williams & Baker Insurance Services Ltd,16.38,6390.84,2019-03-07,2026-12-31 06:00:00
ALB-CPM-0001475,P0001638,430,CPM,BROKER,2025-04-13,2026-04-13,EX,N,2923.25,2923.25,VALID,VALID,,,2923.1999999999994,2026-03-09,2026-12-31 06:00:00
ALB-CPM-0001480,P0002276,,CPM,BROKER,2023-07-04,2024-07-03,IF,N,13496.25,13496.25,VALID,VALID,Williams & Hall Insurance Services Ltd,14.19,13496.25,2023-07-04,2026-12-31 06:00:00
ALB-CPM-0001484,P0000909,416,CPM,DIRECT,2021-04-10,2022-04-10,IF,N,2241.42,2241.42,VALID,VALID,,,2241.42,2021-04-10,2026-12-31 06:00:00
ALB-CPM-0001495,P0000411,355,CPM,BROKER,2024-04-15,2025-04-15,IF,N,5775.74,5775.74,VALID,VALID,,,5775.74,2024-04-15,2026-12-31 06:00:00
ALB-CPM-0001496,P0000351,376,CPM,DIRECT,2020-07-18,2021-07-18,RN,N,5602.69,5602.69,VALID,VALID,,,5602.69,2020-07-18,2026-12-31 06:00:00
ALB-CPM-0001499,P0002861,461,CPM,BROKER,2021-05-06,2022-05-06,IF,N,10873.72,10873.72,VALID,VALID,,,10873.68,2022-04-01,2026-12-31 06:00:00
ALB-CPM-0001507,P0000856,279,CPM,BROKER,2026-07-27,2027-07-27,EX,N,5555.84,2314.93,VALID,VALID,,,5555.879999999998,2027-06-22,2026-12-31 06:00:00
ALB-CPM-0001517,P0003022,,CPM,DIRECT,2018-09-11,2019-09-11,RN,N,2421.21,2421.21,VALID,VALID,Hughes & Wright Insurance Services Ltd,8.65,2421.21,2018-09-11,2026-12-31 06:00:00
ALB-CPM-0001523,P0000720,252,CPM,BROKER,2025-05-18,2026-05-18,RN,N,4921.76,4921.76,VALID,VALID,Smith & Davies Insurance Services Ltd,14.16,4511.65,2026-04-13,2026-12-31 06:00:00
ALB-CPM-0001526,P0002730,,CPM,BROKER,2022-05-14,2023-05-14,IF,N,10477.38,10477.38,VALID,VALID,,,10477.32,2023-04-09,2026-12-31 06:00:00
ALB-CPM-0001527,P0000450,264,CPM,DIRECT,2019-07-17,2020-07-16,RN,N,7246.52,7246.52,VALID,VALID,,,6642.68,2020-06-11,2026-12-31 06:00:00
ALB-CPM-0001535,P0002714,21,CPM,AGGREGATOR,2020-11-24,2021-11-24,LP,N,13506.0,13506.00,VALID,VALID,Smith & Brown Insurance Services Ltd,19.81,11255.0,2021-10-20,2026-12-31 06:00:00
ALB-CPM-0001541,P0001508,,CPM,DIRECT,2019-05-06,2020-05-05,CN,N,14324.67,14324.67,VALID,VALID,,,14324.639999999998,2020-03-31,2026-12-31 06:00:00
ALB-CPM-0001547,P0000729,101,CPM,DIRECT,2019-03-30,2020-03-29,IF,N,7720.84,7720.84,VALID,VALID,,,7720.799999999998,2020-02-23,2026-12-31 06:00:00
ALB-CPM-0001556,P0001531,,CPM,BROKER,2026-12-05,2027-12-05,RN,N,11945.53,0.00,VALID,VALID,Green & Murphy Insurance Services Ltd,11.43,11945.53,2026-12-05,2026-12-31 06:00:00
ALB-CPM-0001574,P0002728,23,CPM,BROKER,2022-10-23,2023-10-23,IF,N,2089.72,2089.72,VALID,VALID,,,2089.6799999999994,2023-09-18,2026-12-31 06:00:00
ALB-CPM-0001575,P0002656,,CPM,DIRECT,2020-11-10,2021-11-10,RN,N,699.64,699.64,VALID,VALID,,,699.64,2020-11-10,2026-12-31 06:00:00
ALB-CPM-0001585,P0002099,,CPM,BROKER,2026-05-25,2027-05-25,RN,N,14332.36,8360.54,VALID,VALID,Hall & Brown Insurance Services Ltd,13.16,14332.320000000002,2027-04-20,2026-12-31 06:00:00
ALB-CPM-0001591,P0001211,95,CPM,BROKER,2021-01-27,2022-01-27,IF,N,911.45,911.45,INVALID,VALID,Baker & Clarke Insurance Services Ltd,20.14,835.4500000000002,2021-12-23,2026-12-31 06:00:00
ALB-CPM-0001594,P0002729,143,CPM,DIRECT,2022-01-28,2023-01-28,EX,N,8163.07,8163.07,VALID,VALID,,,8163.120000000002,2022-12-24,2026-12-31 06:00:00
ALB-CPM-0001601,P0002159,,CPM,AGGREGATOR,2021-09-21,2022-09-21,EX,N,14301.18,14301.18,VALID,VALID,,,11917.700000000003,2022-07-18,2026-12-31 06:00:00
ALB-CPM-0001609,P0002052,,CPM,BROKER,2023-08-19,2024-08-18,IF,N,12028.72,12028.72,VALID,VALID,Davies & Green Insurance Services Ltd,7.72,,,2026-12-31 06:00:00
ALB-CPM-0001623,P0000294,223,CPM,AGGREGATOR,2023-05-19,2024-05-18,RN,N,12938.96,12938.96,VALID,VALID,,,12938.96,2023-05-19,2026-12-31 06:00:00
ALB-CPM-0001625,P0002153,347,CPM,BROKER,2025-08-03,2026-08-03,IF,N,5013.42,5013.42,VALID,VALID,Johnson & Hall Insurance Services Ltd,21.38,5013.42,2025-08-03,2026-12-31 06:00:00
ALB-CPM-0001626,P0002561,,CPM,BROKER,2020-09-10,2021-09-10,CN,N,3617.49,3617.49,VALID,VALID,Smith & Davies Insurance Services Ltd,14.16,3617.49,2020-09-10,2026-12-31 06:00:00
ALB-CPM-0001629,P0002254,267,CPM,BROKER,2021-06-15,2022-06-15,IF,N,1072.85,1072.85,VALID,VALID,OBrien & Patel Insurance Services Ltd,14.2,1072.8,2022-05-11,2026-12-31 06:00:00
ALB-CPM-0001638,P0000201,381,CPM,DIRECT,2023-05-29,2024-05-28,RN,N,3630.54,3630.54,VALID,VALID,Brown & Jones Insurance Services Ltd,10.15,3328.0500000000006,2024-04-23,2026-12-31 06:00:00
ALB-CPM-0001639,P0002659,,CPM,AGGREGATOR,2018-12-04,2019-12-04,RN,N,9175.67,9175.67,VALID,VALID,,,9175.68,2019-10-30,2026-12-31 06:00:00
ALB-CPM-0001640,P0000074,4,CPM,DIRECT,2019-09-20,2020-09-19,RN,N,6356.68,6356.68,VALID,VALID,,,6356.640000000002,2020-08-15,2026-12-31 06:00:00
ALB-CPM-0001657,P0001179,,CPM,BROKER,2025-05-18,2026-05-18,LP,N,10182.12,10182.12,VALID,VALID,,,10182.12,2025-05-18,2026-12-31 06:00:00
ALB-CPM-0001661,P0000027,457,CPM,BROKER,2025-12-05,2026-12-05,LP,N,1385.36,1385.36,VALID,VALID,Khan & Davies Insurance Services Ltd,12.18,1154.5000000000002,2026-10-31,2026-12-31 06:00:00
ALB-CPM-0001669,P0000443,63,CPM,DIRECT,2018-11-02,2019-11-02,CN,N,10319.54,10319.54,INVALID,VALID,Taylor & Johnson Insurance Services Ltd,17.25,10319.52,2019-09-28,2026-12-31 06:00:00
ALB-CPM-0001674,P0001865,176,CPM,DIRECT,2020-04-07,2021-04-07,IF,N,10310.76,10310.76,VALID,VALID,,,10310.759999999997,2021-03-03,2026-12-31 06:00:00
ALB-CPM-0001680,P0002807,210,CPM,BROKER,2024-06-20,2025-06-20,RN,N,10423.49,10423.49,VALID,VALID,Davies & Brown Insurance Services Ltd,22.12,10423.49,2024-06-20,2026-12-31 06:00:00
ALB-CPM-0001683,P0002024,486,CPM,DIRECT,2023-10-28,2024-10-27,RN,N,10684.1,10684.10,VALID,VALID,Hall & Patel Insurance Services Ltd,13.7,10684.08,2024-09-22,2026-12-31 06:00:00
ALB-CPM-0001693,P0001651,142,CPM,BROKER,2026-08-20,2027-08-20,IF,Y,7548.16,2516.05,VALID,VALID,Jones & Robinson Insurance Services Ltd,21.97,6919.1100000000015,2027-07-16,2026-12-31 06:00:00
ALB-CPM-0001702,P0000508,447,CPM,AGGREGATOR,2019-07-14,2020-07-13,IF,N,4674.78,4674.78,VALID,VALID,Johnson & Hall Insurance Services Ltd,21.38,4285.16,2020-06-08,2026-12-31 06:00:00
ALB-CPM-0001704,P0000891,334,CPM,BROKER,2024-06-24,2025-06-24,RN,N,2539.93,2539.93,VALID,VALID,,,2539.92,2025-05-20,2026-12-31 06:00:00
ALB-CPM-0001708,P0002712,,CPM,DIRECT,2018-12-30,2019-12-30,CN,N,13746.4,13746.40,VALID,VALID,,,12600.830000000002,2019-11-25,2026-12-31 06:00:00
ALB-CPM-0001719,P0001743,32,CPM,DIRECT,2023-09-19,2024-09-18,RN,N,8383.94,8383.94,VALID,VALID,Clarke & Davies Insurance Services Ltd,10.43,8383.92,2024-08-14,2026-12-31 06:00:00
ALB-CPM-0001726,P0000787,305,CPM,BROKER,2021-05-04,2022-05-04,CN,N,924.31,924.31,VALID,VALID,,,847.3299999999998,2022-03-30,2026-12-31 06:00:00
ALB-CPM-0001732,P0001108,138,CPM,AGGREGATOR,2018-12-22,2019-12-22,IF,N,8035.08,8035.08,VALID,VALID,Davies & Taylor Insurance Services Ltd,14.09,8035.080000000001,2019-11-17,2026-12-31 06:00:00
ALB-CPM-0001733,P0001167,,CPM,BROKER,2021-04-18,2022-04-18,EX,N,13423.48,13423.48,VALID,VALID,Clarke & Wright Insurance Services Ltd,11.72,12304.819999999996,2022-03-14,2026-12-31 06:00:00
ALB-CPM-0001734,P0002733,,CPM,AGGREGATOR,2023-02-24,2024-02-24,EX,N,4793.42,4793.42,VALID,VALID,Smith & Clarke Insurance Services Ltd,17.33,3994.499999999999,2024-01-20,2026-12-31 06:00:00
ALB-CPM-0001746,P0001599,146,CPM,DIRECT,2020-07-12,2021-07-12,RN,N,14267.37,14267.37,VALID,VALID,Walker & Wright Insurance Services Ltd,10.74,14267.400000000003,2021-06-07,2026-12-31 06:00:00
ALB-CPM-0001764,P0002456,,CPM,DIRECT,2020-03-27,2021-03-27,RN,N,6053.61,6053.61,VALID,VALID,Patel & Taylor Insurance Services Ltd,13.95,6053.61,2020-03-27,2026-12-31 06:00:00
ALB-CPM-0001770,P0002786,,CPM,DIRECT,2023-11-12,2024-11-11,LP,N,7451.09,7451.09,VALID,VALID,Walker & OBrien Insurance Services Ltd,10.5,6830.12,2024-10-07,2026-12-31 06:00:00
ALB-CPM-0001771,P0003127,,CPM,DIRECT,2020-09-25,2021-09-25,RN,N,1567.72,1567.72,VALID,VALID,Johnson & Murphy Insurance Services Ltd,17.99,1567.72,2020-09-25,2026-12-31 06:00:00
ALB-CPM-0001773,P0003188,80,CPM,BROKER,2018-04-06,2019-04-06,IF,N,10965.79,10965.79,VALID,VALID,,,10965.79,2018-04-06,2026-12-31 06:00:00
ALB-CPM-0001774,P0003059,,CPM,DIRECT,2021-08-13,2022-08-13,IF,N,1684.44,1684.44,VALID,VALID,Taylor & Wilson Insurance Services Ltd,14.3,1544.0699999999997,2022-07-09,2026-12-31 06:00:00
ALB-CPM-0001777,P0000814,,CPM,DIRECT,2021-12-13,2022-12-13,IF,N,9483.92,9483.92,VALID,VALID,Hall & Baker Insurance Services Ltd,14.43,8693.630000000001,2022-11-08,2026-12-31 06:00:00
ALB-CPM-0001782,P0002719,,CPM,DIRECT,2023-01-14,2024-01-14,IF,N,14460.92,14460.92,VALID,VALID,Davies & Davies Insurance Services Ltd,17.73,14460.92,2023-01-14,2026-12-31 06:00:00
ALB-CPM-0001791,P0002948,269,CPM,AGGREGATOR,2026-03-29,2027-03-29,IF,Y,2881.18,2160.88,VALID,VALID,,,2881.1999999999994,2027-02-22,2026-12-31 06:00:00
ALB-CPM-0001792,P0002030,44,CPM,DIRECT,2021-11-18,2022-11-18,RN,N,3918.31,3918.31,VALID,VALID,,,3918.3599999999988,2022-10-14,2026-12-31 06:00:00
ALB-CPM-0001795,P0002150,274,CPM,DIRECT,2019-11-16,2020-11-15,IF,N,6974.98,6974.98,VALID,VALID,Hall & Wright Insurance Services Ltd,8.65,6974.98,2019-11-16,2026-12-31 06:00:00
ALB-CPM-0001796,P0000671,292,CPM,DIRECT,2020-10-03,2021-10-03,IF,N,7832.08,7832.08,VALID,VALID,,,7832.08,2020-10-03,2026-12-31 06:00:00
ALB-CPM-0001800,P0002977,350,CPM,AGGREGATOR,2024-03-12,2025-03-12,EX,N,11414.13,11414.13,VALID,VALID,Hall & Baker Insurance Services Ltd,14.43,10462.980000000001,2025-02-05,2026-12-31 06:00:00
ALB-CPM-0001802,P0003018,187,CPM,DIRECT,2025-01-18,2026-01-18,RN,N,13658.17,13658.17,VALID,VALID,,,13658.17,2025-01-18,2026-12-31 06:00:00
ALB-CPM-0001814,P0002504,330,CPM,BROKER,2023-09-09,2024-09-08,EX,N,4828.65,4828.65,VALID,VALID,Johnson & Hall Insurance Services Ltd,21.38,4828.679999999999,2024-08-04,2026-12-31 06:00:00
ALB-CPM-0001816,P0002184,320,CPM,BROKER,2025-01-29,2026-01-29,IF,N,2653.25,2653.25,VALID,VALID,Clarke & Davies Insurance Services Ltd,10.43,2432.0999999999995,2025-12-25,2026-12-31 06:00:00
ALB-CPM-0001820,P0000265,3,CPM,BROKER,2022-02-17,2023-02-17,IF,N,4406.48,4406.48,VALID,VALID,,,4406.5199999999995,2023-01-13,2026-12-31 06:00:00
ALB-CPM-0001822,P0001904,,CPM,DIRECT,2026-06-04,2027-06-04,IF,Y,11616.93,6776.54,VALID,VALID,Hall & Patel Insurance Services Ltd,13.7,11616.960000000001,2027-04-30,2026-12-31 06:00:00
ALB-CPM-0001840,P0002821,,CPM,DIRECT,2021-12-06,2022-12-06,EX,N,10430.29,10430.29,VALID,VALID,Davies & Taylor Insurance Services Ltd,14.09,10430.280000000004,2022-11-01,2026-12-31 06:00:00
ALB-CPM-0001842,P0000490,117,CPM,BROKER,2025-01-26,2026-01-26,EX,N,2585.81,2585.81,VALID,VALID,,,2585.81,2025-01-26,2026-12-31 06:00:00
ALB-CPM-0001853,P0001431,491,CPM,DIRECT,2020-02-04,2021-02-03,LP,N,4142.25,4142.25,VALID,VALID,,,3797.09,2020-12-30,2026-12-31 06:00:00
ALB-CPM-0001854,P0002868,,CPM,DIRECT,2019-08-03,2020-08-02,IF,N,10275.55,10275.55,VALID,VALID,,,10275.599999999999,2020-06-28,2026-12-31 06:00:00
ALB-CPM-0001859,P0001227,496,CPM,BROKER,2024-11-20,2025-11-20,EX,N,4533.31,4533.31,VALID,VALID,Murphy & Johnson Insurance Services Ltd,12.64,4533.31,2024-11-20,2026-12-31 06:00:00
ALB-CPM-0001860,P0001881,,CPM,DIRECT,2024-05-03,2025-05-03,IF,N,11194.57,11194.57,VALID,VALID,,,10261.679999999998,2025-02-27,2026-12-31 06:00:00
ALB-CPM-0001866,P0000070,143,CPM,DIRECT,2024-06-16,2025-06-16,IF,N,7771.76,7771.76,VALID,VALID,,,,,2026-12-31 06:00:00
ALB-CPM-0001874,P0002286,,CPM,BROKER,2024-04-03,2025-04-03,RN,N,7291.29,7291.29,VALID,VALID,Davies & Wright Insurance Services Ltd,13.6,7291.319999999999,2025-02-27,2026-12-31 06:00:00
ALB-CPM-0001884,P0003104,87,CPM,BROKER,2025-05-04,2026-05-04,LP,N,12354.6,12354.60,VALID,VALID,,,12354.6,2025-05-04,2026-12-31 06:00:00
ALB-CPM-0001896,P0000441,148,CPM,BROKER,2019-01-17,2020-01-17,IF,N,5834.13,5834.13,VALID,VALID,Walker & OBrien Insurance Services Ltd,10.5,5834.160000000001,2019-12-13,2026-12-31 06:00:00
ALB-CPM-0001899,P0001938,97,CPM,DIRECT,2024-12-04,2025-12-04,LP,N,5610.26,5610.26,VALID,VALID,,,5142.720000000001,2025-10-30,2026-12-31 06:00:00
ALB-CPM-0001907,P0001757,,CPM,BROKER,2018-01-03,2019-01-03,IF,N,7956.54,7956.54,VALID,VALID,Johnson & Hall Insurance Services Ltd,21.38,,,2026-12-31 06:00:00
ALB-CPM-0001908,P0001219,,CPM,BROKER,2019-02-12,2020-02-12,IF,N,13665.1,13665.10,VALID,VALID,Walker & Wright Insurance Services Ltd,10.74,12526.36,2020-01-08,2026-12-31 06:00:00
ALB-CPM-0001917,P0000107,,CPM,BROKER,2026-08-22,2027-08-22,IF,Y,10546.38,3515.46,VALID,VALID,,,10546.32,2027-07-18,2026-12-31 06:00:00
ALB-CPM-0001918,P0001706,34,CPM,DIRECT,2024-05-11,2025-05-11,IF,N,11942.42,11942.42,VALID,VALID,Khan & Smith Insurance Services Ltd,17.81,11942.400000000001,2025-04-06,2026-12-31 06:00:00
ALB-CPM-0001919,P0002134,453,CPM,DIRECT,2023-02-08,2024-02-08,IF,N,9609.58,9609.58,VALID,VALID,Smith & Brown Insurance Services Ltd,19.81,9609.58,2023-02-08,2026-12-31 06:00:00
ALB-CPM-0001923,P0001059,240,CPM,BROKER,2022-03-07,2023-03-07,LP,N,5097.29,5097.29,VALID,VALID,Taylor & Johnson Insurance Services Ltd,17.25,5097.24,2023-01-31,2026-12-31 06:00:00
ALB-CPM-0001937,P0002120,142,CPM,BROKER,2021-10-03,2022-10-03,LP,N,12601.27,12601.27,VALID,VALID,Taylor & Johnson Insurance Services Ltd,17.25,11551.210000000001,2022-08-29,2026-12-31 06:00:00
ALB-CPM-0001950,P0000692,,CPM,BROKER,2019-10-17,2020-10-16,RN,N,6722.6,6722.60,VALID,VALID,,,6722.6,2019-10-17,2026-12-31 06:00:00
ALB-CPM-0001952,P0003078,262,CPM,BROKER,2021-03-23,2022-03-23,CN,N,4682.43,4682.43,VALID,VALID,Johnson & Hughes Insurance Services Ltd,17.19,4292.199999999999,2022-02-16,2026-12-31 06:00:00
ALB-CPM-0001954,P0001112,,CPM,DIRECT,2026-07-12,2027-07-12,EX,N,8228.67,3428.61,VALID,VALID,Davies & Brown Insurance Services Ltd,22.12,8228.67,2026-07-12,2026-12-31 06:00:00
ALB-CPM-0001961,P0002488,183,CPM,DIRECT,2018-07-29,2019-07-29,IF,N,8079.08,8079.08,INVALID,VALID,,,8079.120000000002,2019-06-24,2026-12-31 06:00:00
ALB-CPM-0001968,P0001843,53,CPM,BROKER,2019-04-17,2020-04-16,IF,N,2758.87,2758.87,VALID,VALID,Green & Patel Insurance Services Ltd,10.9,2758.9199999999996,2020-03-12,2026-12-31 06:00:00
ALB-CPM-0001973,P0000568,116,CPM,BROKER,2021-02-17,2022-02-17,IF,N,2677.46,2677.46,VALID,VALID,,,2677.46,2021-02-17,2026-12-31 06:00:00
ALB-CPM-0001976,P0001450,4,CPM,AGGREGATOR,2020-05-27,2021-05-27,IF,N,4458.45,4458.45,VALID,VALID,,,4458.45,2020-05-27,2026-12-31 06:00:00
ALB-CPM-0001980,P0002531,,CPM,DIRECT,2018-05-28,2019-05-28,CN,N,12185.79,12185.79,VALID,VALID,,,10154.799999999997,2019-04-23,2026-12-31 06:00:00
ALB-CPM-0001982,P0000578,,CPM,BROKER,2025-03-30,2026-03-30,RN,N,3760.51,3760.51,VALID,VALID,Johnson & Hughes Insurance Services Ltd,17.19,3133.8000000000006,2026-02-23,2026-12-31 06:00:00
ALB-CPM-0001983,P0001040,227,CPM,BROKER,2020-05-23,2021-05-23,IF,N,10104.98,10104.98,VALID,VALID,Murphy & Johnson Insurance Services Ltd,12.64,10104.960000000001,2021-04-18,2026-12-31 06:00:00
ALB-CPM-0001991,P0001626,12,CPM,DIRECT,2022-06-02,2023-06-02,RN,N,12888.33,12888.33,VALID,VALID,Hall & Patel Insurance Services Ltd,13.7,11814.330000000002,2023-04-28,2026-12-31 06:00:00
ALB-CPM-0001993,P0002501,,CPM,DIRECT,2023-01-30,2024-01-30,IF,N,6668.9,6668.90,VALID,VALID,,,6668.879999999998,2023-12-26,2026-12-31 06:00:00
ALB-CPM-0001998,P0001606,,CPM,AGGREGATOR,2018-10-17,2019-10-17,CN,N,9935.41,9935.41,VALID,VALID,Davies & Davies Insurance Services Ltd,17.73,9935.400000000001,2019-09-12,2026-12-31 06:00:00
ALB-CPM-0002002,P0002164,76,CPM,BROKER,2026-08-30,2027-08-30,EX,N,4936.07,1645.36,VALID,VALID,,,4113.400000000001,2027-06-26,2026-12-31 06:00:00
ALB-CPM-0002003,P0001096,344,CPM,AGGREGATOR,2023-02-26,2024-02-26,IF,N,13026.02,13026.02,VALID,VALID,,,13026.02,2023-02-26,2026-12-31 06:00:00
ALB-CPM-0002005,P0000661,3,CPM,BROKER,2019-08-17,2020-08-16,IF,N,6552.42,6552.42,VALID,VALID,Hall & Baker Insurance Services Ltd,14.43,6552.359999999998,2020-07-12,2026-12-31 06:00:00
ALB-CPM-0002008,P0003055,,CPM,BROKER,2023-07-01,2024-06-30,CN,N,4885.91,4885.91,VALID,VALID,Smith & Davies Insurance Services Ltd,14.16,4478.759999999999,2024-05-26,2026-12-31 06:00:00
ALB-CPM-0002009,P0000138,117,CPM,BROKER,2022-11-28,2023-11-28,LP,N,14013.74,14013.74,VALID,VALID,,,11678.099999999997,2023-09-24,2026-12-31 06:00:00
ALB-CPM-0002023,P0000961,146,CPM,DIRECT,2024-01-07,2025-01-06,CN,N,13742.32,13742.32,VALID,VALID,,,13742.280000000004,2024-12-02,2026-12-31 06:00:00
ALB-CPM-0002029,P0001682,4,CPM,BROKER,2026-06-10,2027-06-10,IF,N,10693.51,5346.76,VALID,VALID,Johnson & Hall Insurance Services Ltd,21.38,10693.51,2026-06-10,2026-12-31 06:00:00
ALB-CPM-0002036,P0002335,,CPM,AGGREGATOR,2021-10-19,2022-10-19,IF,N,767.93,767.93,VALID,VALID,,,767.88,2022-09-14,2026-12-31 06:00:00
ALB-CPM-0002041,P0001797,181,CPM,BROKER,2023-07-12,2024-07-11,CN,N,11424.4,11424.40,VALID,VALID,Jones & Baker Insurance Services Ltd,8.84,9520.3,2024-06-06,2026-12-31 06:00:00
ALB-CPM-0002042,P0002610,,CPM,BROKER,2020-04-20,2021-04-20,CN,N,9430.72,9430.72,VALID,VALID,Davies & Wright Insurance Services Ltd,13.6,8644.79,2021-03-16,2026-12-31 06:00:00
ALB-CPM-0002052,P0001705,274,CPM,BROKER,2020-06-12,2021-06-12,IF,N,13700.18,13700.18,VALID,VALID,,,13700.18,2020-06-12,2026-12-31 06:00:00
ALB-CPM-0002053,P0000707,393,CPM,BROKER,2018-05-08,2019-05-08,IF,N,3719.34,3719.34,VALID,VALID,Hall & Baker Insurance Services Ltd,14.43,3719.34,2018-05-08,2026-12-31 06:00:00
ALB-CPM-0002055,P0001680,,CPM,BROKER,2019-04-10,2020-04-09,IF,N,13766.25,13766.25,VALID,VALID,Hall & Brown Insurance Services Ltd,13.16,13766.280000000004,2020-03-05,2026-12-31 06:00:00
ALB-CPM-0002058,P0002852,,CPM,DIRECT,2023-12-15,2024-12-14,LP,N,14007.71,14007.71,VALID,VALID,Johnson & Hughes Insurance Services Ltd,17.19,12840.409999999996,2024-11-09,2026-12-31 06:00:00
ALB-CPM-0002064,P0000624,305,CPM,BROKER,2025-06-08,2026-06-08,IF,N,4668.18,4668.18,VALID,VALID,Jones & Baker Insurance Services Ltd,8.84,4668.18,2025-06-08,2026-12-31 06:00:00
ALB-CPM-0002066,P0002809,181,CPM,AGGREGATOR,2018-06-09,2019-06-09,CN,N,11114.26,11114.26,VALID,VALID,,,11114.280000000004,2019-05-05,2026-12-31 06:00:00
ALB-CPM-0002076,P0003107,,CPM,BROKER,2020-05-06,2021-05-06,RN,N,10425.95,10425.95,INVALID,VALID,,,10425.95,2020-05-06,2026-12-31 06:00:00
ALB-CPM-0002081,P0000429,285,CPM,BROKER,2023-03-15,2024-03-14,EX,N,9436.44,9436.44,VALID,VALID,,,7863.7,2024-02-08,2026-12-31 06:00:00
ALB-CPM-0002082,P0002280,,CPM,DIRECT,2018-03-17,2019-03-17,IF,N,13385.1,13385.10,VALID,VALID,Davies & Green Insurance Services Ltd,7.72,12269.62,2019-02-10,2026-12-31 06:00:00
ALB-CPM-0002087,P0001125,385,CPM,DIRECT,2019-08-17,2020-08-16,IF,N,8815.81,8815.81,INVALID,VALID,Johnson & Murphy Insurance Services Ltd,21.31,8081.149999999998,2020-07-12,2026-12-31 06:00:00
ALB-CPM-0002095,P0001120,,CPM,AGGREGATOR,2022-11-07,2023-11-07,IF,N,10255.2,10255.20,VALID,VALID,Green & Jones Insurance Services Ltd,21.44,10255.200000000003,2023-10-03,2026-12-31 06:00:00
ALB-CPM-0002106,P0001368,,CPM,BROKER,2025-04-02,2026-04-02,IF,N,13793.29,13793.29,VALID,VALID,Wilson & Wright Insurance Services Ltd,17.86,12643.840000000004,2026-02-26,2026-12-31 06:00:00
ALB-CPM-0002112,P0000717,86,CPM,BROKER,2020-04-09,2021-04-09,IF,N,8597.22,8597.22,INVALID,VALID,,,8597.160000000002,2021-03-05,2026-12-31 06:00:00
ALB-CPM-0002116,P0001990,,CPM,BROKER,2019-12-21,2020-12-20,IF,N,8873.96,8873.96,VALID,VALID,,,8874.0,2020-11-15,2026-12-31 06:00:00
ALB-CPM-0002124,P0000446,,CPM,BROKER,2023-05-11,2024-05-10,RN,N,9141.22,9141.22,VALID,VALID,Hall & Khan Insurance Services Ltd,14.81,9141.240000000002,2024-04-05,2026-12-31 06:00:00
ALB-CPM-0002125,P0001041,103,CPM,DIRECT,2018-11-30,2019-11-30,IF,N,10462.86,10462.86,VALID,VALID,Smith & Brown Insurance Services Ltd,19.81,10462.86,2018-11-30,2026-12-31 06:00:00
ALB-CPM-0002129,P0001870,,CPM,BROKER,2024-12-26,2025-12-26,EX,N,1749.58,1749.58,VALID,VALID,Taylor & Johnson Insurance Services Ltd,17.25,1749.5999999999997,2025-11-21,2026-12-31 06:00:00
ALB-CPM-0002131,P0001768,,CPM,BROKER,2022-12-01,2023-12-01,RN,N,5987.31,5987.31,VALID,VALID,Green & Patel Insurance Services Ltd,10.9,5987.31,2022-12-01,2026-12-31 06:00:00
ALB-CPM-0002135,P0002325,487,CPM,BROKER,2019-09-06,2020-09-05,RN,N,4272.88,4272.88,VALID,VALID,Jones & Baker Insurance Services Ltd,8.84,4272.88,2019-09-06,2026-12-31 06:00:00
ALB-CPM-0002143,P0002486,180,CPM,DIRECT,2026-12-10,2027-12-10,RN,N,3624.63,0.00,VALID,VALID,Johnson & Hall Insurance Services Ltd,21.38,3624.600000000001,2027-11-05,2026-12-31 06:00:00
ALB-CPM-0002159,P0003179,,CPM,BROKER,2020-01-19,2021-01-18,IF,N,8437.87,8437.87,VALID,VALID,Patel & Taylor Insurance Services Ltd,13.95,7734.759999999999,2020-12-14,2026-12-31 06:00:00
ALB-CPM-0002162,P0002020,15,CPM,BROKER,2024-12-09,2025-12-09,IF,N,5912.33,5912.33,VALID,VALID,Wilson & Wright Insurance Services Ltd,17.86,5419.589999999999,2025-11-04,2026-12-31 06:00:00
ALB-CPM-0002163,P0001899,459,CPM,BROKER,2025-05-16,2026-05-16,IF,N,4879.4,4879.40,VALID,VALID,,,4879.44,2026-04-11,2026-12-31 06:00:00
ALB-CPM-0002167,P0000291,270,CPM,BROKER,2022-05-05,2023-05-05,RN,N,9908.05,9908.05,VALID,VALID,Johnson & Murphy Insurance Services Ltd,17.99,9908.05,2022-05-05,2026-12-31 06:00:00
ALB-CPM-0002182,P0000599,301,CPM,BROKER,2025-03-12,2026-03-12,IF,N,13737.94,13737.94,VALID,VALID,Johnson & Hall Insurance Services Ltd,21.38,13737.94,2025-03-12,2026-12-31 06:00:00
ALB-CPM-0002188,P0002884,487,CPM,BROKER,2018-09-15,2019-09-15,LP,N,12374.84,12374.84,VALID,VALID,Khan & Davies Insurance Services Ltd,12.18,12374.88,2019-08-11,2026-12-31 06:00:00
ALB-CPM-0002193,P0001721,,CPM,BROKER,2025-04-27,2026-04-27,RN,N,12686.48,12686.48,VALID,VALID,,,12686.48,2025-04-27,2026-12-31 06:00:00
ALB-CPM-0002194,P0000219,442,CPM,AGGREGATOR,2025-05-31,2026-05-31,EX,N,738.01,738.01,VALID,VALID,,,553.5,2026-03-27,2026-12-31 06:00:00
ALB-CPM-0002198,P0001262,,CPM,BROKER,2021-02-24,2022-02-24,IF,N,7492.87,7492.87,VALID,VALID,Davies & Green Insurance Services Ltd,7.72,7492.919999999999,2022-01-20,2026-12-31 06:00:00
ALB-CPM-0002204,P0000256,,CPM,BROKER,2025-02-10,2026-02-10,IF,N,10223.74,10223.74,VALID,VALID,OBrien & Patel Insurance Services Ltd,14.2,10223.759999999997,2026-01-06,2026-12-31 06:00:00
ALB-CPM-0002211,P0000854,,CPM,BROKER,2026-09-13,2027-09-13,IF,N,6746.01,1686.50,VALID,VALID,,,6746.01,2026-09-13,2026-12-31 06:00:00
ALB-CPM-0002216,P0002612,,CPM,DIRECT,2021-03-16,2022-03-16,IF,N,7957.29,7957.29,VALID,VALID,,,6631.099999999999,2022-02-09,2026-12-31 06:00:00
ALB-CPM-0002218,P0002374,,CPM,BROKER,2024-07-21,2025-07-21,EX,N,10967.74,10967.74,VALID,VALID,Smith & Brown Insurance Services Ltd,19.81,10967.759999999997,2025-06-16,2026-12-31 06:00:00
ALB-CPM-0002228,P0003052,,CPM,DIRECT,2024-06-22,2025-06-22,IF,N,12813.11,12813.11,VALID,VALID,Robinson & Brown Insurance Services Ltd,15.85,11745.36,2025-05-18,2026-12-31 06:00:00
ALB-CPM-0002232,P0002713,423,CPM,BROKER,2023-10-20,2024-10-19,RN,N,4126.56,4126.56,VALID,VALID,,,4126.56,2023-10-20,2026-12-31 06:00:00
ALB-CPM-0002233,P0002675,,CPM,AGGREGATOR,2019-01-27,2020-01-27,IF,N,1407.2,1407.20,VALID,VALID,Patel & Wilson Insurance Services Ltd,12.84,1289.97,2019-12-23,2026-12-31 06:00:00
ALB-CPM-0002242,P0001497,322,CPM,DIRECT,2023-09-28,2024-09-27,IF,N,2680.51,2680.51,VALID,VALID,Davies & Davies Insurance Services Ltd,17.73,2457.1800000000007,2024-08-23,2026-12-31 06:00:00
ALB-CPM-0002250,P0001388,71,CPM,DIRECT,2026-03-19,2027-03-19,RN,N,2338.33,1753.75,VALID,VALID,Williams & Hall Insurance Services Ltd,14.19,2338.3200000000006,2027-02-12,2026-12-31 06:00:00
ALB-CPM-0002251,P0002154,224,CPM,BROKER,2025-11-22,2026-11-22,LP,N,8876.87,8876.87,VALID,VALID,Smith & Davies Insurance Services Ltd,14.16,8876.87,2025-11-22,2026-12-31 06:00:00
ALB-CPM-0002257,P0000515,,CPM,BROKER,2021-11-13,2022-11-13,RN,N,12804.62,12804.62,VALID,VALID,Brown & Davies Insurance Services Ltd,14.49,12804.599999999997,2022-10-09,2026-12-31 06:00:00
ALB-CPM-0002260,P0000267,198,CPM,DIRECT,2023-09-25,2024-09-24,RN,N,10120.49,10120.49,VALID,VALID,Baker & Brown Insurance Services Ltd,14.45,10120.49,2023-09-25,2026-12-31 06:00:00
ALB-CPM-0002285,P0003054,,CPM,AGGREGATOR,2025-07-01,2026-07-01,RN,N,12025.39,12025.39,VALID,VALID,,,12025.39,2025-07-01,2026-12-31 06:00:00
ALB-CPM-0002294,P0001245,42,CPM,BROKER,2020-08-22,2021-08-22,IF,N,6844.67,6844.67,VALID,VALID,Hall & Murphy Insurance Services Ltd,10.45,6844.67,2020-08-22,2026-12-31 06:00:00
ALB-CPM-0002297,P0002439,138,CPM,DIRECT,2022-09-19,2023-09-19,IF,N,9304.68,9304.68,VALID,VALID,,,9304.68,2022-09-19,2026-12-31 06:00:00
ALB-CPM-0002301,P0002398,,CPM,BROKER,2024-10-23,2025-10-23,LP,N,6237.44,6237.44,VALID,VALID,Baker & Clarke Insurance Services Ltd,20.14,6237.44,2024-10-23,2026-12-31 06:00:00
ALB-CPM-0002302,P0001589,189,CPM,DIRECT,2022-12-31,2023-12-31,CN,N,12433.35,12433.35,VALID,VALID,Hall & Murphy Insurance Services Ltd,10.45,12433.320000000002,2023-11-26,2026-12-31 06:00:00
ALB-CPM-0002320,P0002139,,CPM,AGGREGATOR,2020-09-21,2021-09-21,RN,N,8849.1,8849.10,VALID,VALID,,,8849.1,2020-09-21,2026-12-31 06:00:00
ALB-CPM-0002322,P0000894,316,CPM,BROKER,2020-12-12,2021-12-12,LP,N,12851.54,12851.54,VALID,VALID,Jones & Baker Insurance Services Ltd,8.84,12851.54,2020-12-12,2026-12-31 06:00:00
ALB-CPM-0002324,P0000418,35,CPM,BROKER,2021-09-08,2022-09-08,IF,N,6459.19,6459.19,VALID,VALID,Green & Murphy Insurance Services Ltd,11.43,6459.19,2021-09-08,2026-12-31 06:00:00
ALB-CPM-0002327,P0001337,39,CPM,DIRECT,2019-10-24,2020-10-23,RN,N,12325.83,12325.83,VALID,VALID,Jones & Baker Insurance Services Ltd,8.84,12325.83,2019-10-24,2026-12-31 06:00:00
ALB-CPM-0002331,P0002216,279,CPM,BROKER,2019-03-22,2020-03-21,RN,N,9360.92,9360.92,VALID,VALID,,,9360.960000000001,2020-02-15,2026-12-31 06:00:00
ALB-CPM-0002345,P0002431,28,CPM,AGGREGATOR,2018-11-17,2019-11-17,IF,N,8371.66,8371.66,VALID,VALID,Johnson & Hall Insurance Services Ltd,21.38,7674.040000000002,2019-10-13,2026-12-31 06:00:00
ALB-CPM-0002348,P0001390,,CPM,BROKER,2019-03-01,2020-02-29,CN,N,7762.1,7762.10,VALID,VALID,Taylor & Wilson Insurance Services Ltd,14.3,6468.400000000001,2020-01-25,2026-12-31 06:00:00
ALB-CPM-0002352,P0002912,,CPM,BROKER,2018-12-12,2019-12-12,IF,N,10178.19,10178.19,VALID,VALID,Taylor & Wilson Insurance Services Ltd,14.3,10178.19,2018-12-12,2026-12-31 06:00:00
ALB-CPM-0002357,P0002824,204,CPM,DIRECT,2025-08-16,2026-08-16,CN,N,6858.94,6858.94,VALID,VALID,Jones & Robinson Insurance Services Ltd,21.97,6858.94,2025-08-16,2026-12-31 06:00:00
ALB-CPM-0002360,P0001926,,CPM,BROKER,2026-07-23,2027-07-23,IF,Y,810.9,337.88,VALID,VALID,,,743.3800000000001,2027-05-19,2026-12-31 06:00:00
ALB-CPM-0002396,P0003144,263,CPM,BROKER,2026-09-10,2027-09-10,IF,Y,3748.49,937.12,VALID,VALID,,,3436.0699999999993,2027-08-06,2026-12-31 06:00:00
ALB-CPM-0002408,P0000727,395,CPM,BROKER,2019-07-31,2020-07-30,RN,N,8440.82,8440.82,VALID,VALID,,,8440.82,2019-07-31,2026-12-31 06:00:00
ALB-CPM-0002415,P0000782,189,CPM,BROKER,2021-05-27,2022-05-27,IF,N,7937.47,7937.47,VALID,VALID,Davies & Green Insurance Services Ltd,7.72,7937.47,2021-05-27,2026-12-31 06:00:00
ALB-CPM-0002420,P0002330,21,CPM,DIRECT,2024-03-11,2025-03-11,IF,N,7068.08,7068.08,VALID,VALID,Baker & Brown Insurance Services Ltd,14.45,5890.100000000001,2025-02-04,2026-12-31 06:00:00
ALB-CPM-0002424,P0000804,132,CPM,BROKER,2022-09-12,2023-09-12,IF,N,1911.11,1911.11,VALID,VALID,Davies & Green Insurance Services Ltd,7.72,1911.11,2022-09-12,2026-12-31 06:00:00
ALB-CPM-0002426,P0002085,,CPM,BROKER,2022-07-29,2023-07-29,IF,N,8478.48,8478.48,VALID,VALID,,,7771.94,2023-06-24,2026-12-31 06:00:00
ALB-CPM-0002430,P0003133,,CPM,BROKER,2022-07-04,2023-07-04,IF,N,8282.7,8282.70,INVALID,VALID,Williams & Baker Insurance Services Ltd,16.38,8282.7,2022-07-04,2026-12-31 06:00:00
ALB-CPM-0002445,P0000913,263,CPM,AGGREGATOR,2024-05-18,2025-05-18,IF,N,6964.64,6964.64,INVALID,VALID,Brown & Davies Insurance Services Ltd,14.49,6964.64,2024-05-18,2026-12-31 06:00:00
ALB-CPM-0002448,P0000914,,CPM,BROKER,2018-03-12,2019-03-12,EX,N,6939.36,6939.36,VALID,VALID,Williams & Hall Insurance Services Ltd,14.19,6939.36,2018-03-12,2026-12-31 06:00:00
ALB-CPM-0002452,P0000373,,CPM,AGGREGATOR,2024-08-17,2025-08-17,IF,N,14665.73,14665.73,VALID,VALID,Williams & Williams Insurance Services Ltd,18.19,14665.679999999998,2025-07-13,2026-12-31 06:00:00
ALB-CPM-0002458,P0000290,432,CPM,BROKER,2021-06-16,2022-06-16,LP,N,8133.19,8133.19,VALID,VALID,Williams & Hall Insurance Services Ltd,14.19,8133.240000000002,2022-05-12,2026-12-31 06:00:00
ALB-CPM-0002462,P0001779,79,CPM,AGGREGATOR,2024-02-17,2025-02-16,EX,N,6817.87,6817.87,VALID,VALID,OBrien & Patel Insurance Services Ltd,14.2,6249.759999999999,2025-01-12,2026-12-31 06:00:00
ALB-CPM-0002465,P0001628,,CPM,DIRECT,2023-08-31,2024-08-30,IF,N,12975.27,12975.27,VALID,VALID,,,12975.240000000003,2024-07-26,2026-12-31 06:00:00
ALB-CPM-0002476,P0002095,216,CPM,AGGREGATOR,2020-11-23,2021-11-23,LP,N,14124.51,14124.51,VALID,VALID,Green & Murphy Insurance Services Ltd,11.43,14124.51,2020-11-23,2026-12-31 06:00:00
ALB-CPM-0002488,P0002629,63,CPM,AGGREGATOR,2026-06-08,2027-06-08,IF,Y,13496.18,6748.09,VALID,VALID,Davies & Taylor Insurance Services Ltd,14.09,13496.160000000002,2027-05-04,2026-12-31 06:00:00
ALB-CPM-0002496,P0002380,,CPM,BROKER,2026-08-28,2027-08-28,IF,Y,4226.89,1408.96,VALID,VALID,,,4226.879999999999,2027-07-24,2026-12-31 06:00:00
ALB-CPM-0002497,P0000363,198,CPM,DIRECT,2023-06-25,2024-06-24,IF,N,8945.95,8945.95,VALID,VALID,Smith & Brown Insurance Services Ltd,19.81,8200.5,2024-05-20,2026-12-31 06:00:00
ALB-CPM-0002503,P0000429,285,CPM,DIRECT,2021-03-14,2022-03-14,RN,N,12718.32,12718.32,VALID,VALID,,,12718.32,2021-03-14,2026-12-31 06:00:00
ALB-CPM-0002504,P0000859,224,CPM,BROKER,2024-05-07,2025-05-07,CN,N,6702.8,6702.80,VALID,VALID,Wilson & Wright Insurance Services Ltd,7.87,6702.8,2024-05-07,2026-12-31 06:00:00
ALB-CPM-0002506,P0001345,351,CPM,AGGREGATOR,2022-01-30,2023-01-30,EX,N,9312.52,9312.52,VALID,VALID,Brown & Jones Insurance Services Ltd,10.15,9312.48,2022-12-26,2026-12-31 06:00:00
ALB-CPM-0002515,P0003082,,CPM,DIRECT,2019-10-22,2020-10-21,IF,N,13661.51,13661.51,VALID,VALID,Khan & Davies Insurance Services Ltd,12.18,13661.51,2019-10-22,2026-12-31 06:00:00
ALB-CPM-0002518,P0001702,452,CPM,BROKER,2019-09-14,2020-09-13,EX,N,4553.97,4553.97,VALID,VALID,Jones & Baker Insurance Services Ltd,8.84,4554.0,2020-08-09,2026-12-31 06:00:00
ALB-CPM-0002544,P0002464,,CPM,BROKER,2026-09-20,2027-09-20,IF,Y,2848.14,712.04,VALID,VALID,Patel & Clarke Insurance Services Ltd,9.04,2848.0800000000004,2027-08-16,2026-12-31 06:00:00
ALB-CPM-0002545,P0000611,131,CPM,BROKER,2020-01-31,2021-01-30,IF,N,10153.71,10153.71,VALID,VALID,,,10153.71,2020-01-31,2026-12-31 06:00:00
ALB-CPM-0002549,P0001411,,CPM,AGGREGATOR,2022-03-20,2023-03-20,IF,N,14147.86,14147.86,VALID,VALID,Hall & Wright Insurance Services Ltd,8.65,11789.9,2023-02-13,2026-12-31 06:00:00
ALB-CPM-0002554,P0003174,203,CPM,BROKER,2023-02-03,2024-02-03,IF,N,12870.25,12870.25,VALID,VALID,Baker & Clarke Insurance Services Ltd,20.14,12870.240000000003,2023-12-30,2026-12-31 06:00:00
ALB-CPM-0002569,P0002606,216,CPM,AGGREGATOR,2025-08-03,2026-08-03,RN,N,8458.97,8458.97,VALID,VALID,,,8458.97,2025-08-03,2026-12-31 06:00:00
ALB-CPM-0002573,P0001511,,CPM,BROKER,2021-05-27,2022-05-27,EX,N,6986.25,6986.25,VALID,VALID,Baker & Williams Insurance Services Ltd,17.61,6986.2800000000025,2022-04-22,2026-12-31 06:00:00
ALB-CPM-0002581,P0001980,172,CPM,DIRECT,2026-12-04,2027-12-04,IF,Y,10159.07,0.00,INVALID,VALID,,,10159.07,2026-12-04,2026-12-31 06:00:00
ALB-CPM-0002608,P0000972,263,CPM,DIRECT,2025-01-26,2026-01-26,CN,N,4351.42,4351.42,VALID,VALID,OBrien & Patel Insurance Services Ltd,14.2,4351.44,2025-12-22,2026-12-31 06:00:00
ALB-CPM-0002609,P0002284,,CPM,DIRECT,2022-01-07,2023-01-07,RN,N,4494.0,4494.00,INVALID,VALID,,,4119.5,2022-11-03,2026-12-31 06:00:00
ALB-CPM-0002621,P0000663,176,CPM,BROKER,2022-02-16,2023-02-16,IF,N,11618.25,11618.25,VALID,VALID,,,11618.280000000004,2023-01-12,2026-12-31 06:00:00
ALB-CPM-0002626,P0000496,482,CPM,DIRECT,2023-03-13,2024-03-12,IF,N,9262.71,9262.71,VALID,VALID,,,9262.68,2024-02-06,2026-12-31 06:00:00
ALB-CPM-0002627,P0002243,,CPM,DIRECT,2021-02-18,2022-02-18,IF,N,3890.44,3890.44,VALID,VALID,,,3890.44,2021-02-18,2026-12-31 06:00:00
ALB-CPM-0002632,P0001448,,CPM,BROKER,2024-09-18,2025-09-18,IF,N,12961.16,12961.16,VALID,VALID,Davies & Taylor Insurance Services Ltd,14.09,12961.16,2024-09-18,2026-12-31 06:00:00
ALB-CPM-0002634,P0000020,497,CPM,DIRECT,2026-04-21,2027-04-21,IF,Y,2837.27,1891.51,VALID,VALID,Davies & Hughes Insurance Services Ltd,15.18,2600.84,2027-03-17,2026-12-31 06:00:00
ALB-CPM-0002637,P0003169,,CPM,DIRECT,2024-01-03,2025-01-02,EX,N,14261.31,14261.31,VALID,VALID,Davies & Davies Insurance Services Ltd,17.73,14261.280000000004,2024-11-28,2026-12-31 06:00:00
ALB-CPM-0002640,P0003168,486,CPM,BROKER,2021-07-05,2022-07-05,CN,N,10303.91,10303.91,VALID,VALID,OBrien & Green Insurance Services Ltd,17.85,10303.92,2022-05-31,2026-12-31 06:00:00
ALB-CPM-0002641,P0002702,,CPM,BROKER,2022-07-24,2023-07-24,RN,N,6679.86,6679.86,VALID,VALID,Johnson & Hall Insurance Services Ltd,21.38,6679.86,2022-07-24,2026-12-31 06:00:00
ALB-CPM-0002648,P0002909,,CPM,AGGREGATOR,2022-08-01,2023-08-01,IF,N,12511.13,12511.13,VALID,VALID,Hall & Hall Insurance Services Ltd,9.1,12511.13,2022-08-01,2026-12-31 06:00:00
ALB-CPM-0002650,P0001440,434,CPM,BROKER,2019-08-30,2020-08-29,IF,N,12657.0,12657.00,VALID,VALID,,,9492.75,2020-07-25,2026-12-31 06:00:00
ALB-CPM-0002652,P0002475,62,CPM,DIRECT,2019-06-04,2020-06-03,EX,N,5535.48,5535.48,VALID,VALID,Walker & OBrien Insurance Services Ltd,10.5,5535.48,2019-06-04,2026-12-31 06:00:00
ALB-CPM-0002653,P0003080,,CPM,DIRECT,2026-10-04,2027-10-04,CN,N,11347.93,1891.32,VALID,VALID,,,11347.93,2026-10-04,2026-12-31 06:00:00
ALB-CPM-0002668,P0000839,178,CPM,BROKER,2026-05-12,2027-05-12,LP,N,12427.48,7249.36,VALID,VALID,Walker & Wright Insurance Services Ltd,10.74,10356.199999999997,2027-04-07,2026-12-31 06:00:00
ALB-CPM-0002673,P0000157,182,CPM,BROKER,2023-08-25,2024-08-24,EX,N,5375.99,5375.99,VALID,VALID,Walker & OBrien Insurance Services Ltd,10.5,5376.0,2024-07-20,2026-12-31 06:00:00
ALB-CPM-0002674,P0003122,154,CPM,DIRECT,2024-02-14,2025-02-13,CN,N,5075.99,5075.99,VALID,VALID,,,4653.0,2025-01-09,2026-12-31 06:00:00
ALB-CPM-0002676,P0001962,256,CPM,BROKER,2024-09-26,2025-09-26,RN,N,1260.42,1260.42,VALID,VALID,,,1155.4399999999998,2025-08-22,2026-12-31 06:00:00
ALB-CPM-0002681,P0002096,,CPM,BROKER,2021-02-18,2022-02-18,RN,N,3344.51,3344.51,VALID,VALID,Williams & Williams Insurance Services Ltd,18.19,3344.51,2021-02-18,2026-12-31 06:00:00
ALB-CPM-0002682,P0001602,,CPM,BROKER,2018-02-15,2019-02-15,RN,N,6560.47,6560.47,VALID,VALID,Baker & Brown Insurance Services Ltd,14.45,6560.47,2018-02-15,2026-12-31 06:00:00
ALB-CPM-0002695,P0003171,,CPM,DIRECT,2026-05-08,2027-05-08,EX,N,3259.92,1901.62,VALID,VALID,Hughes & Wright Insurance Services Ltd,8.65,3259.9199999999996,2027-04-03,2026-12-31 06:00:00
ALB-CPM-0002696,P0001575,,CPM,BROKER,2021-12-25,2022-12-25,LP,N,11244.89,11244.89,VALID,VALID,,,11244.89,2021-12-25,2026-12-31 06:00:00
ALB-CPM-0002697,P0003115,186,CPM,BROKER,2020-02-18,2021-02-17,LP,N,6645.74,6645.74,VALID,VALID,Johnson & Hall Insurance Services Ltd,21.38,6645.7199999999975,2021-01-13,2026-12-31 06:00:00
ALB-CPM-0002699,P0002295,,CPM,BROKER,2023-09-19,2024-09-18,IF,N,11125.6,11125.60,VALID,VALID,,,11125.6,2023-09-19,2026-12-31 06:00:00
ALB-CPM-0002701,P0000639,450,CPM,BROKER,2022-07-09,2023-07-09,LP,N,5326.66,5326.66,VALID,VALID,Johnson & Hall Insurance Services Ltd,21.38,4882.79,2023-06-04,2026-12-31 06:00:00
ALB-CPM-0002702,P0002581,212,CPM,DIRECT,2019-10-20,2020-10-19,IF,N,1322.5,1322.50,VALID,VALID,Williams & Hall Insurance Services Ltd,14.19,1322.5,2019-10-20,2026-12-31 06:00:00
ALB-CPM-0002710,P0002533,175,CPM,BROKER,2026-10-19,2027-10-19,RN,N,11632.67,1938.78,VALID,VALID,Williams & Hall Insurance Services Ltd,14.19,11632.679999999998,2027-09-14,2026-12-31 06:00:00
ALB-CPM-0002713,P0000206,336,CPM,AGGREGATOR,2018-04-03,2019-04-03,IF,N,14177.77,14177.77,VALID,VALID,Clarke & Wright Insurance Services Ltd,9.41,12996.279999999997,2019-02-27,2026-12-31 06:00:00
ALB-CPM-0002721,P0002466,,CPM,BROKER,2025-12-27,2026-12-27,IF,Y,5043.79,5043.79,VALID,VALID,,,5043.84,2026-11-22,2026-12-31 06:00:00
ALB-CPM-0002727,P0000351,376,CPM,AGGREGATOR,2025-12-03,2026-12-03,RN,N,6946.63,6946.63,VALID,VALID,OBrien & Green Insurance Services Ltd,17.85,6367.790000000001,2026-10-29,2026-12-31 06:00:00
ALB-CPM-0002733,P0000249,,CPM,DIRECT,2020-02-18,2021-02-17,IF,N,14628.55,14628.55,VALID,VALID,,,,,2026-12-31 06:00:00
ALB-CPM-0002734,P0001711,,CPM,AGGREGATOR,2020-01-31,2021-01-30,CN,N,817.8,817.80,VALID,VALID,Patel & Wilson Insurance Services Ltd,12.84,817.8,2020-01-31,2026-12-31 06:00:00
ALB-CPM-0002743,P0002685,,CPM,AGGREGATOR,2023-08-18,2024-08-17,RN,N,11875.67,11875.67,VALID,VALID,Hall & Khan Insurance Services Ltd,14.81,,,2026-12-31 06:00:00
ALB-CPM-0002751,P0000537,51,CPM,BROKER,2019-03-24,2020-03-23,LP,N,2511.73,2511.73,VALID,VALID,,,2511.73,2019-03-24,2026-12-31 06:00:00
ALB-CPM-0002752,P0002944,,CPM,BROKER,2021-09-05,2022-09-05,IF,N,4733.81,4733.81,VALID,VALID,Patel & Clarke Insurance Services Ltd,9.04,4733.76,2022-08-01,2026-12-31 06:00:00
ALB-CPM-0002753,P0000048,266,CPM,DIRECT,2018-04-15,2019-04-15,IF,N,5278.29,5278.29,VALID,VALID,,,4838.46,2019-03-11,2026-12-31 06:00:00
ALB-CPM-0002760,P0002877,6,CPM,AGGREGATOR,2018-10-02,2019-10-02,IF,N,12954.57,12954.57,VALID,VALID,Wilson & Wright Insurance Services Ltd,7.87,11875.049999999997,2019-08-28,2026-12-31 06:00:00
ALB-CPM-0002762,P0001871,412,CPM,DIRECT,2021-10-08,2022-10-08,IF,N,7928.84,7928.84,VALID,VALID,,,7268.1399999999985,2022-09-03,2026-12-31 06:00:00
ALB-CPM-0002765,P0002458,278,CPM,DIRECT,2020-01-23,2021-01-22,IF,N,8128.28,8128.28,VALID,VALID,Hall & Khan Insurance Services Ltd,14.81,7450.959999999999,2020-12-18,2026-12-31 06:00:00
ALB-CPM-0002777,P0001093,,CPM,DIRECT,2026-03-09,2027-03-09,IF,Y,7166.89,5375.17,VALID,VALID,Baker & Hughes Insurance Services Ltd,12.55,7166.879999999998,2027-02-02,2026-12-31 06:00:00
ALB-CPM-0002787,P0003061,349,CPM,BROKER,2024-01-25,2025-01-24,LP,N,11693.47,11693.47,VALID,VALID,,,11693.47,2024-01-25,2026-12-31 06:00:00
ALB-CPM-0002797,P0002979,380,CPM,BROKER,2023-03-29,2024-03-28,IF,N,6439.16,6439.16,VALID,VALID,Khan & Davies Insurance Services Ltd,12.18,6439.16,2023-03-29,2026-12-31 06:00:00
ALB-CPM-0002800,P0000637,67,CPM,DIRECT,2025-10-16,2026-10-16,LP,N,7237.17,7237.17,VALID,VALID,Patel & Wilson Insurance Services Ltd,12.84,7237.17,2025-10-16,2026-12-31 06:00:00
ALB-CPM-0002802,P0000965,,CPM,BROKER,2020-05-28,2021-05-28,EX,N,9848.08,9848.08,VALID,VALID,Davies & Green Insurance Services Ltd,7.72,9027.369999999999,2021-04-23,2026-12-31 06:00:00
ALB-CPM-0002803,P0003063,165,CPM,BROKER,2023-11-10,2024-11-09,CN,N,5087.47,5087.47,VALID,VALID,Davies & Taylor Insurance Services Ltd,14.09,5087.5199999999995,2024-10-05,2026-12-31 06:00:00
ALB-CPM-0002807,P0001111,319,CPM,BROKER,2024-11-27,2025-11-27,CN,N,939.25,939.25,VALID,VALID,,,939.2399999999999,2025-10-23,2026-12-31 06:00:00
ALB-CPM-0002808,P0001921,55,CPM,BROKER,2023-01-29,2024-01-29,IF,N,971.69,971.69,VALID,VALID,,,971.6400000000002,2023-12-25,2026-12-31 06:00:00
ALB-CPM-0002822,P0001791,102,CPM,DIRECT,2021-12-06,2022-12-06,LP,N,4425.73,4425.73,VALID,VALID,,,4425.73,2021-12-06,2026-12-31 06:00:00
ALB-CPM-0002828,P0000935,,CPM,BROKER,2018-09-23,2019-09-23,IF,N,9195.85,9195.85,VALID,VALID,Walker & OBrien Insurance Services Ltd,10.5,9195.839999999998,2019-08-19,2026-12-31 06:00:00
ALB-CPM-0002850,P0002437,180,CPM,BROKER,2025-06-10,2026-06-10,IF,N,7548.68,7548.68,VALID,VALID,Davies & Green Insurance Services Ltd,7.72,7548.68,2025-06-10,2026-12-31 06:00:00
ALB-CPM-0002851,P0001239,,CPM,DIRECT,2019-01-30,2020-01-30,IF,N,12148.88,12148.88,VALID,VALID,,,12148.88,2019-01-30,2026-12-31 06:00:00
ALB-CPM-0002861,P0001581,,CPM,BROKER,2018-12-22,2019-12-22,IF,N,3847.24,3847.24,VALID,VALID,Smith & Walker Insurance Services Ltd,18.79,3847.24,2018-12-22,2026-12-31 06:00:00
ALB-CPM-0002863,P0002885,74,CPM,DIRECT,2022-07-03,2023-07-03,IF,N,13168.54,13168.54,VALID,VALID,Baker & Williams Insurance Services Ltd,17.61,12071.180000000004,2023-05-29,2026-12-31 06:00:00
ALB-CPM-0002870,P0001508,,CPM,BROKER,2018-01-05,2019-01-05,IF,N,8512.99,8512.99,VALID,VALID,Baker & Wright Insurance Services Ltd,22.1,8513.039999999999,2018-12-01,2026-12-31 06:00:00
ALB-CPM-0002871,P0002758,,CPM,BROKER,2020-07-06,2021-07-06,CN,N,3463.15,3463.15,VALID,VALID,Davies & Davies Insurance Services Ltd,17.73,3174.5999999999995,2021-06-01,2026-12-31 06:00:00
ALB-CPM-0002884,P0002780,,CPM,BROKER,2025-10-26,2026-10-26,RN,N,7819.95,7819.95,VALID,VALID,Davies & Green Insurance Services Ltd,7.72,7819.95,2025-10-26,2026-12-31 06:00:00
ALB-CPM-0002885,P0000689,406,CPM,DIRECT,2023-07-18,2024-07-17,EX,N,11335.37,11335.37,VALID,VALID,Jones & Baker Insurance Services Ltd,8.84,11335.320000000002,2024-06-12,2026-12-31 06:00:00
ALB-CPM-0002886,P0001961,,CPM,AGGREGATOR,2026-02-13,2027-02-13,EX,N,3930.76,3275.63,VALID,VALID,Jones & Robinson Insurance Services Ltd,21.97,3930.76,2026-02-13,2026-12-31 06:00:00
ALB-CPM-0002893,P0002642,470,CPM,BROKER,2026-02-22,2027-02-22,LP,N,9392.36,7826.97,VALID,VALID,Hall & Patel Insurance Services Ltd,13.7,9392.36,2026-02-22,2026-12-31 06:00:00
ALB-CPM-0002898,P0001008,,CPM,BROKER,2022-08-01,2023-08-01,IF,N,9834.05,9834.05,VALID,VALID,Taylor & Wilson Insurance Services Ltd,14.3,9834.05,2022-08-01,2026-12-31 06:00:00
ALB-CPM-0002913,P0002797,195,CPM,AGGREGATOR,2018-03-01,2019-03-01,IF,N,12058.83,12058.83,VALID,VALID,Jones & Baker Insurance Services Ltd,8.84,12058.83,2018-03-01,2026-12-31 06:00:00
ALB-CPM-0002921,P0000529,237,CPM,BROKER,2022-07-06,2023-07-06,IF,N,6404.71,6404.71,VALID,VALID,,,,,2026-12-31 06:00:00
ALB-CPM-0002923,P0002757,226,CPM,DIRECT,2023-06-23,2024-06-22,IF,N,13536.13,13536.13,VALID,VALID,Green & Murphy Insurance Services Ltd,11.43,13536.12,2024-05-18,2026-12-31 06:00:00
ALB-CPM-0002932,P0000505,,CPM,DIRECT,2019-02-28,2020-02-28,EX,N,13657.25,13657.25,VALID,VALID,,,13657.25,2019-02-28,2026-12-31 06:00:00
ALB-CPM-0002934,P0000461,403,CPM,BROKER,2025-08-28,2026-08-28,IF,N,7784.49,7784.49,VALID,VALID,Wilson & Wright Insurance Services Ltd,17.86,7135.81,2026-07-24,2026-12-31 06:00:00
ALB-CPM-0002936,P0001384,114,CPM,DIRECT,2020-08-24,2021-08-24,EX,N,7093.93,7093.93,VALID,VALID,Taylor & Wilson Insurance Services Ltd,14.3,7093.919999999999,2021-07-20,2026-12-31 06:00:00
ALB-CPM-0002951,P0001296,16,CPM,BROKER,2020-11-03,2021-11-03,IF,N,7648.54,7648.54,VALID,VALID,Khan & Smith Insurance Services Ltd,17.81,7648.56,2021-09-29,2026-12-31 06:00:00
ALB-CPM-0002954,P0001814,,CPM,BROKER,2021-05-02,2022-05-02,LP,N,2088.97,2088.97,VALID,VALID,,,2088.97,2021-05-02,2026-12-31 06:00:00
ALB-CPM-0002959,P0000842,218,CPM,DIRECT,2024-05-31,2025-05-31,EX,N,7327.03,7327.03,VALID,VALID,Davies & Wright Insurance Services Ltd,13.6,7327.03,2024-05-31,2026-12-31 06:00:00
ALB-CPM-0002960,P0001819,344,CPM,BROKER,2020-12-01,2021-12-01,EX,N,4092.84,4092.84,VALID,VALID,Taylor & Johnson Insurance Services Ltd,17.25,4092.8400000000006,2021-10-27,2026-12-31 06:00:00
ALB-CPM-0002966,P0000252,57,CPM,AGGREGATOR,2021-07-04,2022-07-04,IF,N,1778.42,1778.42,VALID,VALID,,,1778.4000000000003,2022-05-30,2026-12-31 06:00:00
ALB-CPM-0002973,P0003092,284,CPM,DIRECT,2018-08-13,2019-08-13,RN,N,7545.55,7545.55,VALID,VALID,,,6288.000000000001,2019-07-09,2026-12-31 06:00:00
ALB-CPM-0002979,P0000258,294,CPM,BROKER,2021-10-20,2022-10-20,LP,N,6400.33,6400.33,VALID,VALID,Johnson & Murphy Insurance Services Ltd,17.99,6400.319999999999,2022-09-15,2026-12-31 06:00:00
ALB-CPM-0002986,P0002268,,CPM,AGGREGATOR,2021-09-06,2022-09-06,IF,N,8264.48,8264.48,VALID,VALID,Wilson & Johnson Insurance Services Ltd,21.61,8264.52,2022-08-02,2026-12-31 06:00:00
ALB-CPM-0002992,P0000850,,CPM,BROKER,2025-01-29,2026-01-29,LP,N,11317.03,11317.03,VALID,VALID,Wilson & OBrien Insurance Services Ltd,9.12,10373.99,2025-12-25,2026-12-31 06:00:00
ALB-CPM-0002995,P0002608,74,CPM,BROKER,2026-09-10,2027-09-10,IF,Y,6219.57,1554.89,VALID,VALID,,,6219.600000000001,2027-08-06,2026-12-31 06:00:00
ALB-CPM-0003003,P0001069,,CPM,DIRECT,2025-01-22,2026-01-22,RN,N,8810.33,8810.33,VALID,VALID,Wilson & OBrien Insurance Services Ltd,9.12,8810.33,2025-01-22,2026-12-31 06:00:00
ALB-CPM-0003005,P0002573,,CPM,BROKER,2018-12-17,2019-12-17,LP,N,3081.99,3081.99,VALID,VALID,Hughes & Wright Insurance Services Ltd,8.65,3081.9599999999996,2019-11-12,2026-12-31 06:00:00
ALB-CPM-0003014,P0000271,240,CPM,BROKER,2024-08-01,2025-08-01,IF,N,7431.04,7431.04,INVALID,VALID,Davies & Brown Insurance Services Ltd,22.12,7431.04,2024-08-01,2026-12-31 06:00:00
ALB-CPM-0003019,P0000861,130,CPM,BROKER,2020-02-13,2021-02-12,IF,N,7324.21,7324.21,VALID,VALID,,,7324.200000000002,2021-01-08,2026-12-31 06:00:00
ALB-CPM-0003024,P0000205,,CPM,DIRECT,2021-04-09,2022-04-09,CN,N,4550.65,4550.65,VALID,VALID,Johnson & Murphy Insurance Services Ltd,21.31,4550.640000000001,2022-03-05,2026-12-31 06:00:00
ALB-CPM-0003029,P0000122,,CPM,DIRECT,2024-07-18,2025-07-18,RN,N,9947.1,9947.10,VALID,VALID,,,9947.1,2024-07-18,2026-12-31 06:00:00
ALB-CPM-0003037,P0001915,333,CPM,DIRECT,2026-01-06,2027-01-06,RN,N,1150.41,1054.54,VALID,VALID,,,1054.5700000000002,2026-12-02,2026-12-31 06:00:00
ALB-CPM-0003040,P0001092,75,CPM,AGGREGATOR,2020-08-23,2021-08-23,IF,N,9493.52,9493.52,VALID,VALID,Clarke & Wright Insurance Services Ltd,11.72,9493.56,2021-07-19,2026-12-31 06:00:00
ALB-CPM-0003046,P0002652,,CPM,BROKER,2024-07-01,2025-07-01,IF,N,13156.9,13156.90,VALID,VALID,Williams & Hall Insurance Services Ltd,14.19,13156.92,2025-05-27,2026-12-31 06:00:00
ALB-CPM-0003052,P0001065,,CPM,DIRECT,2025-04-18,2026-04-18,LP,N,6025.66,6025.66,VALID,VALID,Khan & Davies Insurance Services Ltd,12.18,6025.66,2025-04-18,2026-12-31 06:00:00
ALB-CPM-0003055,P0001675,423,CPM,BROKER,2018-07-08,2019-07-08,IF,N,8029.21,8029.21,VALID,VALID,,,7360.100000000001,2019-06-03,2026-12-31 06:00:00
ALB-CPM-0003057,P0000162,,CPM,DIRECT,2023-08-08,2024-08-07,LP,N,1087.91,1087.91,VALID,VALID,,,1087.91,2023-08-08,2026-12-31 06:00:00
ALB-CPM-0003059,P0001871,412,CPM,BROKER,2024-03-27,2025-03-27,IF,N,7999.51,7999.51,VALID,VALID,,,7332.93,2025-02-20,2026-12-31 06:00:00
ALB-CPM-0003063,P0001892,,CPM,BROKER,2023-05-03,2024-05-02,IF,N,13732.37,13732.37,INVALID,VALID,,,13732.37,2023-05-03,2026-12-31 06:00:00
ALB-CPM-0003064,P0000739,185,CPM,BROKER,2022-09-04,2023-09-04,IF,N,9093.98,9093.98,VALID,VALID,Wilson & OBrien Insurance Services Ltd,9.12,9093.960000000001,2023-07-31,2026-12-31 06:00:00
ALB-CPM-0003067,P0001649,412,CPM,DIRECT,2018-06-27,2019-06-27,IF,N,8042.2,8042.20,VALID,VALID,Hughes & Wright Insurance Services Ltd,8.65,8042.2,2018-06-27,2026-12-31 06:00:00
ALB-CPM-0003071,P0002485,450,CPM,DIRECT,2023-09-02,2024-09-01,IF,N,4409.25,4409.25,VALID,VALID,,,4409.28,2024-07-28,2026-12-31 06:00:00
ALB-CPM-0003074,P0002062,13,CPM,BROKER,2018-07-02,2019-07-02,IF,N,2161.76,2161.76,VALID,VALID,Taylor & Walker Insurance Services Ltd,13.94,1981.6500000000005,2019-05-28,2026-12-31 06:00:00
ALB-CPM-0003080,P0002913,,CPM,DIRECT,2023-10-29,2024-10-28,IF,N,11268.68,11268.68,VALID,VALID,Brown & Davies Insurance Services Ltd,14.49,11268.68,2023-10-29,2026-12-31 06:00:00
ALB-CPM-0003081,P0001311,370,CPM,BROKER,2023-09-23,2024-09-22,EX,N,9103.06,9103.06,VALID,VALID,,,9103.06,2023-09-23,2026-12-31 06:00:00
ALB-CPM-0003083,P0001813,,CPM,DIRECT,2023-04-12,2024-04-11,IF,N,12793.33,12793.33,VALID,VALID,Davies & Green Insurance Services Ltd,7.72,12793.33,2023-04-12,2026-12-31 06:00:00
ALB-CPM-0003085,P0001941,,CPM,BROKER,2022-12-12,2023-12-12,EX,N,4475.89,4475.89,VALID,VALID,,,4475.89,2022-12-12,2026-12-31 06:00:00
ALB-CPM-0003088,P0002196,332,CPM,DIRECT,2023-05-21,2024-05-20,EX,N,11181.96,11181.96,VALID,VALID,,,10250.130000000001,2024-04-15,2026-12-31 06:00:00
ALB-CPM-0003100,P0000861,130,CPM,BROKER,2021-10-21,2022-10-21,IF,N,1134.28,1134.28,VALID,VALID,Davies & Taylor Insurance Services Ltd,14.09,1134.24,2022-09-16,2026-12-31 06:00:00
ALB-CPM-0003108,P0001057,22,CPM,BROKER,2024-12-10,2025-12-10,RN,N,801.29,801.29,VALID,VALID,Clarke & Wright Insurance Services Ltd,9.41,801.29,2024-12-10,2026-12-31 06:00:00
ALB-CPM-0003111,P0002378,124,CPM,DIRECT,2023-01-27,2024-01-27,IF,N,12991.96,12991.96,VALID,VALID,Johnson & Hughes Insurance Services Ltd,17.19,12991.96,2023-01-27,2026-12-31 06:00:00
ALB-CPM-0003132,P0002815,77,CPM,BROKER,2023-01-24,2024-01-24,IF,N,2639.04,2639.04,VALID,VALID,,,2419.1200000000003,2023-12-20,2026-12-31 06:00:00
ALB-CPM-0003133,P0002370,,CPM,DIRECT,2026-10-18,2027-10-18,IF,Y,2810.48,468.41,VALID,VALID,Hughes & Wright Insurance Services Ltd,8.65,2576.31,2027-09-13,2026-12-31 06:00:00
ALB-CPM-0003141,P0001134,499,CPM,BROKER,2019-07-31,2020-07-30,RN,N,9993.2,9993.20,VALID,VALID,,,9993.240000000003,2020-06-25,2026-12-31 06:00:00
ALB-CPM-0003144,P0000618,342,CPM,BROKER,2024-04-19,2025-04-19,IF,N,3840.81,3840.81,VALID,VALID,Baker & Wright Insurance Services Ltd,22.1,3840.8400000000006,2025-03-15,2026-12-31 06:00:00
ALB-CPM-0003149,P0002372,,CPM,BROKER,2021-12-21,2022-12-21,CN,N,13401.57,13401.57,VALID,VALID,,,12284.799999999997,2022-11-16,2026-12-31 06:00:00
ALB-CPM-0003152,P0001065,,CPM,DIRECT,2025-06-12,2026-06-12,IF,N,1923.52,1923.52,VALID,VALID,,,1923.52,2025-06-12,2026-12-31 06:00:00
ALB-CPM-0003155,P0002878,18,CPM,AGGREGATOR,2025-04-03,2026-04-03,EX,N,12748.27,12748.27,VALID,VALID,,,12748.27,2025-04-03,2026-12-31 06:00:00
ALB-CPM-0003163,P0000128,427,CPM,BROKER,2024-09-10,2025-09-10,LP,N,3367.39,3367.39,VALID,VALID,Wilson & Johnson Insurance Services Ltd,21.61,3367.439999999999,2025-08-06,2026-12-31 06:00:00
ALB-CPM-0003164,P0002955,240,CPM,DIRECT,2024-09-16,2025-09-16,EX,N,8538.69,8538.69,VALID,VALID,,,8538.69,2024-09-16,2026-12-31 06:00:00
ALB-CPM-0003169,P0001380,,CPM,BROKER,2023-11-09,2024-11-08,IF,N,7451.43,7451.43,VALID,VALID,Brown & Davies Insurance Services Ltd,14.49,7451.43,2023-11-09,2026-12-31 06:00:00
ALB-CPM-0003174,P0001787,,CPM,DIRECT,2024-07-31,2025-07-31,IF,N,10407.39,10407.39,VALID,VALID,Clarke & Davies Insurance Services Ltd,10.43,10407.39,2024-07-31,2026-12-31 06:00:00
ALB-CPM-0003175,P0002151,298,CPM,DIRECT,2018-08-30,2019-08-30,IF,N,909.5,909.50,VALID,VALID,Wilson & Wright Insurance Services Ltd,17.86,909.4799999999999,2019-07-26,2026-12-31 06:00:00
ALB-CPM-0003181,P0001675,423,CPM,AGGREGATOR,2019-11-11,2020-11-10,IF,N,8860.16,8860.16,VALID,VALID,,,8860.200000000003,2020-10-06,2026-12-31 06:00:00
ALB-CPM-0003188,P0002431,28,CPM,BROKER,2019-06-12,2020-06-11,IF,N,4773.54,4773.54,VALID,VALID,,,4773.54,2019-06-12,2026-12-31 06:00:00
ALB-CPM-0003189,P0000707,393,CPM,DIRECT,2024-02-28,2025-02-27,LP,N,10990.5,10990.50,VALID,VALID,Khan & Davies Insurance Services Ltd,12.18,10990.5,2024-02-28,2026-12-31 06:00:00
ALB-CPM-0003199,P0001510,,CPM,AGGREGATOR,2025-09-12,2026-09-12,IF,N,992.67,992.67,VALID,VALID,Khan & Davies Insurance Services Ltd,12.18,992.6400000000002,2026-08-08,2026-12-31 06:00:00
ALB-CPM-0003200,P0002212,,CPM,DIRECT,2023-08-29,2024-08-28,IF,N,2420.34,2420.34,VALID,VALID,,,2420.4,2024-07-24,2026-12-31 06:00:00
ALB-CPM-0003217,P0002181,87,CPM,AGGREGATOR,2020-08-04,2021-08-04,CN,N,1803.75,1803.75,INVALID,VALID,Hall & Wright Insurance Services Ltd,8.65,1653.4099999999996,2021-06-30,2026-12-31 06:00:00
ALB-CPM-0003219,P0000701,,CPM,AGGREGATOR,2019-03-31,2020-03-30,EX,N,6180.86,6180.86,VALID,VALID,Clarke & Wright Insurance Services Ltd,9.41,6180.86,2019-03-31,2026-12-31 06:00:00
ALB-CPM-0003225,P0002098,194,CPM,DIRECT,2026-04-13,2027-04-13,IF,Y,7007.06,4671.37,VALID,VALID,Smith & Davies Insurance Services Ltd,14.16,6423.12,2027-03-09,2026-12-31 06:00:00
ALB-CPM-0003227,P0002755,,CPM,BROKER,2020-02-03,2021-02-02,IF,N,9580.55,9580.55,VALID,VALID,OBrien & Patel Insurance Services Ltd,14.2,8782.18,2020-12-29,2026-12-31 06:00:00
ALB-CPM-0003228,P0001873,322,CPM,AGGREGATOR,2019-11-08,2020-11-07,CN,N,9331.19,9331.19,VALID,VALID,Hall & Patel Insurance Services Ltd,13.7,9331.19,2019-11-08,2026-12-31 06:00:00
ALB-CPM-0003230,P0000148,233,CPM,BROKER,2021-11-10,2022-11-10,IF,N,3419.77,3419.77,VALID,VALID,,,3419.76,2022-10-06,2026-12-31 06:00:00
ALB-CPM-0003233,P0002751,,CPM,BROKER,2026-04-28,2027-04-28,IF,Y,2291.53,1527.69,VALID,VALID,,,2291.52,2027-03-24,2026-12-31 06:00:00
ALB-CPM-0003237,P0000827,221,CPM,DIRECT,2025-04-09,2026-04-09,CN,N,9228.49,9228.49,VALID,VALID,Smith & Brown Insurance Services Ltd,19.81,8459.439999999999,2026-03-05,2026-12-31 06:00:00
ALB-CPM-0003243,P0000711,154,CPM,AGGREGATOR,2019-11-21,2020-11-20,IF,N,14119.8,14119.80,VALID,VALID,Wilson & Wright Insurance Services Ltd,17.86,12943.149999999998,2020-10-16,2026-12-31 06:00:00
ALB-CPM-0003246,P0000910,383,CPM,DIRECT,2023-05-30,2024-05-29,IF,N,7358.87,7358.87,VALID,VALID,Clarke & Wright Insurance Services Ltd,9.41,7358.87,2023-05-30,2026-12-31 06:00:00
ALB-CPM-0003248,P0001536,419,CPM,BROKER,2023-05-29,2024-05-28,IF,N,4210.56,4210.56,VALID,VALID,,,4210.56,2023-05-29,2026-12-31 06:00:00
ALB-CPM-0003264,P0003042,,CPM,BROKER,2023-11-03,2024-11-02,CN,N,12167.1,12167.10,VALID,VALID,,,12167.160000000002,2024-09-28,2026-12-31 06:00:00
ALB-CPM-0003265,P0001257,204,CPM,BROKER,2025-05-10,2026-05-10,IF,N,2904.34,2904.34,VALID,VALID,Baker & Hughes Insurance Services Ltd,12.55,2662.3300000000004,2026-04-05,2026-12-31 06:00:00
ALB-CPM-0003279,P0002939,,CPM,BROKER,2024-05-16,2025-05-16,CN,N,5278.24,5278.24,VALID,VALID,,,4838.35,2025-04-11,2026-12-31 06:00:00
ALB-CPM-0003280,P0000242,,CPM,AGGREGATOR,2018-05-06,2019-05-06,IF,N,11950.21,11950.21,VALID,VALID,Green & Jones Insurance Services Ltd,21.44,11950.200000000003,2019-04-01,2026-12-31 06:00:00
ALB-CPM-0003288,P0001441,,CPM,DIRECT,2021-06-29,2022-06-29,LP,N,7761.89,7761.89,VALID,VALID,,,7761.89,2021-06-29,2026-12-31 06:00:00
ALB-CPM-0003293,P0001708,128,CPM,BROKER,2019-03-09,2020-03-08,IF,N,1409.55,1409.55,VALID,VALID,Khan & Davies Insurance Services Ltd,12.18,1409.5200000000002,2020-02-02,2026-12-31 06:00:00
ALB-CPM-0003307,P0001183,188,CPM,BROKER,2018-03-23,2019-03-23,LP,N,11517.18,11517.18,VALID,VALID,,,9597.6,2019-02-16,2026-12-31 06:00:00
ALB-CPM-0003308,P0001264,,CPM,DIRECT,2021-04-21,2022-04-21,RN,N,10697.11,10697.11,VALID,VALID,,,10697.11,2021-04-21,2026-12-31 06:00:00
ALB-CPM-0003313,P0002633,,CPM,DIRECT,2023-04-02,2024-04-01,IF,N,1421.15,1421.15,VALID,VALID,Jones & Robinson Insurance Services Ltd,21.97,1184.3000000000004,2024-02-26,2026-12-31 06:00:00
ALB-CPM-0003318,P0002242,,CPM,AGGREGATOR,2018-07-24,2019-07-24,IF,N,2284.67,2284.67,VALID,VALID,,,2284.67,2018-07-24,2026-12-31 06:00:00
ALB-CPM-0003319,P0000388,335,CPM,AGGREGATOR,2024-08-18,2025-08-18,EX,N,9428.73,9428.73,VALID,VALID,Williams & Williams Insurance Services Ltd,18.19,9428.759999999998,2025-07-14,2026-12-31 06:00:00
ALB-CPM-0003320,P0001138,35,CPM,DIRECT,2022-05-27,2023-05-27,IF,N,10245.81,10245.81,VALID,VALID,Hall & Baker Insurance Services Ltd,14.43,10245.81,2022-05-27,2026-12-31 06:00:00
ALB-CPM-0003323,P0000779,454,CPM,BROKER,2026-11-14,2027-11-14,LP,N,5735.79,477.98,VALID,VALID,Hall & Murphy Insurance Services Ltd,10.45,5735.79,2026-11-14,2026-12-31 06:00:00
ALB-CPM-0003326,P0002089,267,CPM,BROKER,2019-07-22,2020-07-21,IF,N,4382.19,4382.19,VALID,VALID,Davies & Wright Insurance Services Ltd,13.6,4382.19,2019-07-22,2026-12-31 06:00:00
ALB-CPM-0003331,P0001997,,CPM,BROKER,2025-02-28,2026-02-28,IF,N,3255.32,3255.32,VALID,VALID,Smith & Davies Insurance Services Ltd,14.16,2984.079999999999,2026-01-24,2026-12-31 06:00:00
ALB-CPM-0003332,P0002082,290,CPM,BROKER,2020-12-27,2021-12-27,RN,N,8588.72,8588.72,VALID,VALID,,,8588.72,2020-12-27,2026-12-31 06:00:00
ALB-CPM-0003333,P0002411,,CPM,BROKER,2026-07-09,2027-07-09,IF,N,10460.85,4358.69,VALID,VALID,Johnson & Hall Insurance Services Ltd,21.38,10460.85,2026-07-09,2026-12-31 06:00:00
ALB-CPM-0003336,P0002783,,CPM,BROKER,2024-05-19,2025-05-19,RN,N,8635.3,8635.30,VALID,VALID,Baker & Brown Insurance Services Ltd,14.45,8635.319999999998,2025-04-14,2026-12-31 06:00:00
ALB-CPM-0003341,P0001968,,CPM,AGGREGATOR,2025-09-24,2026-09-24,RN,N,6164.35,6164.35,VALID,VALID,Hall & Hall Insurance Services Ltd,9.1,5136.999999999999,2026-08-20,2026-12-31 06:00:00
ALB-CPM-0003342,P0000508,447,CPM,DIRECT,2022-01-07,2023-01-07,IF,N,8874.75,8874.75,VALID,VALID,Williams & Hall Insurance Services Ltd,14.19,8874.75,2022-01-07,2026-12-31 06:00:00
ALB-CPM-0003348,P0000018,347,CPM,AGGREGATOR,2020-08-24,2021-08-24,EX,N,13157.18,13157.18,VALID,VALID,Johnson & Hall Insurance Services Ltd,21.38,13157.18,2020-08-24,2026-12-31 06:00:00
ALB-CPM-0003352,P0000861,130,CPM,BROKER,2026-10-07,2027-10-07,RN,N,6993.27,1165.55,VALID,VALID,Baker & Hughes Insurance Services Ltd,13.91,6993.27,2026-10-07,2026-12-31 06:00:00
ALB-CPM-0003356,P0002235,474,CPM,AGGREGATOR,2024-03-05,2025-03-05,EX,N,9842.34,9842.34,VALID,VALID,,,9842.400000000001,2025-01-29,2026-12-31 06:00:00
ALB-CPM-0003359,P0001740,250,CPM,BROKER,2018-08-13,2019-08-13,IF,N,12920.17,12920.17,VALID,VALID,Clarke & Wright Insurance Services Ltd,9.41,12920.160000000002,2019-07-09,2026-12-31 06:00:00
ALB-CPM-0003364,P0001530,371,CPM,BROKER,2024-01-06,2025-01-05,LP,N,13476.83,13476.83,VALID,VALID,Baker & Hughes Insurance Services Ltd,13.91,13476.83,2024-01-06,2026-12-31 06:00:00
ALB-CPM-0003370,P0001184,232,CPM,BROKER,2019-04-14,2020-04-13,IF,N,11364.36,11364.36,VALID,VALID,OBrien & Patel Insurance Services Ltd,14.2,11364.36,2019-04-14,2026-12-31 06:00:00
ALB-CPM-0003373,P0001467,218,CPM,BROKER,2025-05-15,2026-05-15,IF,N,3371.13,3371.13,VALID,VALID,Wilson & OBrien Insurance Services Ltd,9.12,3371.1599999999994,2026-04-10,2026-12-31 06:00:00
ALB-CPM-0003379,P0000705,,CPM,BROKER,2019-12-30,2020-12-29,RN,N,3118.06,3118.06,VALID,VALID,Hall & Khan Insurance Services Ltd,14.81,3118.06,2019-12-30,2026-12-31 06:00:00
ALB-CPM-0003383,P0001276,,CPM,DIRECT,2021-03-14,2022-03-14,RN,N,13294.74,13294.74,VALID,VALID,,,12186.789999999999,2022-02-07,2026-12-31 06:00:00
ALB-CPM-0003385,P0002702,,CPM,AGGREGATOR,2026-09-29,2027-09-29,IF,N,7242.01,1810.50,VALID,VALID,Patel & Wilson Insurance Services Ltd,12.84,7242.01,2026-09-29,2026-12-31 06:00:00
ALB-CPM-0003387,P0001406,,CPM,DIRECT,2024-01-06,2025-01-05,RN,N,2936.94,2936.94,VALID,VALID,Smith & Davies Insurance Services Ltd,14.16,2937.0,2024-12-01,2026-12-31 06:00:00
ALB-CPM-0003393,P0002507,,CPM,BROKER,2019-11-26,2020-11-25,IF,N,13745.32,13745.32,INVALID,VALID,,,,,2026-12-31 06:00:00
ALB-CPM-0003405,P0002521,491,CPM,BROKER,2025-02-22,2026-02-22,IF,N,5694.64,5694.64,VALID,VALID,,,5694.64,2025-02-22,2026-12-31 06:00:00
ALB-CPM-0003414,P0003091,,CPM,AGGREGATOR,2025-12-14,2026-12-14,RN,N,3466.56,3466.56,VALID,VALID,,,3466.560000000001,2026-11-09,2026-12-31 06:00:00
ALB-CPM-0003423,P0001985,326,CPM,BROKER,2022-12-02,2023-12-02,RN,N,13889.89,13889.89,VALID,VALID,Hall & Patel Insurance Services Ltd,13.7,12732.39,2023-10-28,2026-12-31 06:00:00
ALB-CPM-0003427,P0001915,333,CPM,BROKER,2019-12-17,2020-12-16,RN,N,13680.79,13680.79,VALID,VALID,Baker & Wright Insurance Services Ltd,22.1,12540.769999999999,2020-11-11,2026-12-31 06:00:00
ALB-CPM-0003441,P0001379,123,CPM,DIRECT,2019-12-29,2020-12-28,RN,N,14222.59,14222.59,VALID,VALID,,,14222.59,2019-12-29,2026-12-31 06:00:00
ALB-CPM-0003445,P0002521,491,CPM,DIRECT,2022-05-03,2023-05-03,CN,N,5294.09,5294.09,VALID,VALID,,,5294.09,2022-05-03,2026-12-31 06:00:00
ALB-CPM-0003448,P0000317,400,CPM,DIRECT,2023-12-15,2024-12-14,CN,N,9005.12,9005.12,VALID,VALID,Davies & Brown Insurance Services Ltd,22.12,8254.730000000001,2024-10-10,2026-12-31 06:00:00
ALB-CPM-0003452,P0001360,,CPM,BROKER,2024-02-22,2025-02-21,CN,N,6003.39,6003.39,VALID,VALID,Patel & Wilson Insurance Services Ltd,12.84,6003.39,2024-02-22,2026-12-31 06:00:00
ALB-CPM-0003453,P0002465,44,CPM,BROKER,2021-07-22,2022-07-22,IF,N,5150.62,5150.62,VALID,VALID,Davies & Taylor Insurance Services Ltd,14.09,5150.62,2021-07-22,2026-12-31 06:00:00
ALB-CPM-0003458,P0001691,392,CPM,BROKER,2025-10-15,2026-10-15,IF,N,2739.13,2739.13,VALID,VALID,Baker & Clarke Insurance Services Ltd,20.14,2510.8600000000006,2026-09-10,2026-12-31 06:00:00
ALB-CPM-0003462,P0001818,,CPM,BROKER,2022-11-14,2023-11-14,IF,N,7523.15,7523.15,VALID,VALID,,,7523.15,2022-11-14,2026-12-31 06:00:00
ALB-CPM-0003463,P0000188,118,CPM,BROKER,2021-11-11,2022-11-11,CN,N,12177.42,12177.42,VALID,VALID,Wilson & Wright Insurance Services Ltd,7.87,10147.8,2022-10-07,2026-12-31 06:00:00
ALB-CPM-0003474,P0002721,,CPM,DIRECT,2020-06-28,2021-06-28,EX,N,8265.85,8265.85,VALID,VALID,Robinson & Brown Insurance Services Ltd,15.85,8265.85,2020-06-28,2026-12-31 06:00:00
ALB-CPM-0003482,P0001783,141,CPM,BROKER,2025-08-16,2026-08-16,EX,N,3954.23,3954.23,VALID,VALID,Davies & Davies Insurance Services Ltd,17.73,3954.24,2026-07-12,2026-12-31 06:00:00
ALB-CPM-0003492,P0000443,63,CPM,AGGREGATOR,2020-01-23,2021-01-22,LP,N,4343.13,4343.13,INVALID,VALID,,,3981.229999999999,2020-12-18,2026-12-31 06:00:00
ALB-CPM-0003500,P0001541,,CPM,AGGREGATOR,2018-12-16,2019-12-16,IF,N,10515.4,10515.40,VALID,VALID,Green & Murphy Insurance Services Ltd,11.43,10515.36,2019-11-11,2026-12-31 06:00:00
ALB-CPM-0003512,P0001149,,CPM,BROKER,2020-10-26,2021-10-26,IF,N,5666.3,5666.30,VALID,VALID,Hall & Khan Insurance Services Ltd,14.81,5194.089999999999,2021-09-21,2026-12-31 06:00:00
ALB-CPM-0003516,P0001685,,CPM,BROKER,2026-02-06,2027-02-06,IF,Y,5743.88,4786.57,VALID,VALID,Wilson & Wright Insurance Services Ltd,7.87,5265.259999999999,2027-01-02,2026-12-31 06:00:00
ALB-CPM-0003521,P0002523,,CPM,DIRECT,2023-08-19,2024-08-18,IF,N,2931.37,2931.37,VALID,VALID,Taylor & Murphy Insurance Services Ltd,20.48,2931.3600000000006,2024-07-14,2026-12-31 06:00:00
ALB-CPM-0003530,P0001803,356,CPM,BROKER,2025-03-12,2026-03-12,EX,N,7096.64,7096.64,VALID,VALID,Baker & Clarke Insurance Services Ltd,20.14,7096.64,2025-03-12,2026-12-31 06:00:00
ALB-CPM-0003534,P0000973,,CPM,BROKER,2018-05-13,2019-05-13,EX,N,2842.39,2842.39,VALID,VALID,Clarke & Wright Insurance Services Ltd,9.41,,,2026-12-31 06:00:00
ALB-CPM-0003540,P0001629,347,CPM,BROKER,2021-10-17,2022-10-17,IF,N,8645.7,8645.70,VALID,VALID,Davies & Hughes Insurance Services Ltd,15.18,7925.279999999999,2022-09-12,2026-12-31 06:00:00
ALB-CPM-0003542,P0000869,250,CPM,BROKER,2018-03-29,2019-03-29,CN,N,1397.38,1397.38,VALID,VALID,Johnson & Hall Insurance Services Ltd,21.38,1164.5000000000002,2019-01-23,2026-12-31 06:00:00
ALB-CPM-0003545,P0000186,167,CPM,DIRECT,2024-02-17,2025-02-16,EX,N,8844.01,8844.01,VALID,VALID,OBrien & Green Insurance Services Ltd,17.85,8844.0,2025-01-12,2026-12-31 06:00:00
ALB-CPM-0003556,P0002732,,CPM,DIRECT,2024-04-22,2025-04-22,LP,N,12167.26,12167.26,VALID,VALID,,,11153.340000000004,2025-03-18,2026-12-31 06:00:00
ALB-CPM-0003562,P0000672,402,CPM,DIRECT,2019-02-19,2020-02-19,IF,N,8478.04,8478.04,VALID,VALID,Murphy & Johnson Insurance Services Ltd,12.64,8478.04,2019-02-19,2026-12-31 06:00:00
ALB-CPM-0003567,P0000325,277,CPM,DIRECT,2026-07-22,2027-07-22,IF,Y,8806.49,3669.37,VALID,VALID,,,8806.44,2027-06-17,2026-12-31 06:00:00
ALB-CPM-0003579,P0002178,104,CPM,AGGREGATOR,2019-06-04,2020-06-03,EX,N,2669.27,2669.27,VALID,VALID,,,2669.27,2019-06-04,2026-12-31 06:00:00
ALB-CPM-0003582,P0002694,,CPM,BROKER,2019-05-27,2020-05-26,LP,N,2417.06,2417.06,VALID,VALID,,,2417.06,2019-05-27,2026-12-31 06:00:00
ALB-CPM-0003583,P0002952,226,CPM,BROKER,2020-07-11,2021-07-11,IF,N,3008.96,3008.96,VALID,VALID,Johnson & Murphy Insurance Services Ltd,17.99,3008.96,2020-07-11,2026-12-31 06:00:00
ALB-CPM-0003599,P0002912,,CPM,BROKER,2022-09-13,2023-09-13,EX,N,7572.1,7572.10,VALID,VALID,Hall & Wright Insurance Services Ltd,8.65,7572.1,2022-09-13,2026-12-31 06:00:00
ALB-CPM-0003623,P0000028,280,CPM,BROKER,2024-11-25,2025-11-25,LP,N,13645.17,13645.17,VALID,VALID,,,13645.200000000003,2025-10-21,2026-12-31 06:00:00
ALB-CPM-0003631,P0000202,,CPM,DIRECT,2019-09-02,2020-09-01,RN,N,10053.8,10053.80,VALID,VALID,,,9216.019999999999,2020-07-28,2026-12-31 06:00:00
ALB-CPM-0003634,P0002630,,CPM,BROKER,2023-07-29,2024-07-28,RN,N,13136.84,13136.84,VALID,VALID,,,13136.84,2023-07-29,2026-12-31 06:00:00
ALB-CPM-0003635,P0000160,108,CPM,BROKER,2026-11-16,2027-11-16,LP,N,10057.17,838.10,VALID,VALID,Johnson & Murphy Insurance Services Ltd,17.99,10057.17,2026-11-16,2026-12-31 06:00:00
ALB-CPM-0003640,P0002293,,CPM,DIRECT,2019-07-22,2020-07-21,IF,N,9124.36,9124.36,VALID,VALID,,,9124.36,2019-07-22,2026-12-31 06:00:00
ALB-CPM-0003647,P0001706,34,CPM,BROKER,2021-10-14,2022-10-14,IF,N,5850.23,5850.23,VALID,VALID,,,5362.720000000001,2022-09-09,2026-12-31 06:00:00
ALB-CPM-0003648,P0002270,293,CPM,BROKER,2019-06-07,2020-06-06,IF,N,13784.86,13784.86,VALID,VALID,,,13784.86,2019-06-07,2026-12-31 06:00:00
ALB-CPM-0003650,P0000430,110,CPM,DIRECT,2021-09-30,2022-09-30,RN,N,14132.27,14132.27,VALID,VALID,,,14132.280000000004,2022-08-26,2026-12-31 06:00:00
ALB-CPM-0003671,P0002529,397,CPM,DIRECT,2026-11-07,2027-11-07,IF,Y,3127.58,260.63,INVALID,VALID,Davies & Davies Insurance Services Ltd,17.73,2866.9300000000007,2027-10-03,2026-12-31 06:00:00
ALB-CPM-0003677,P0002664,,CPM,BROKER,2023-10-15,2024-10-14,IF,N,5364.23,5364.23,VALID,VALID,Robinson & Brown Insurance Services Ltd,15.85,4917.219999999999,2024-09-09,2026-12-31 06:00:00
ALB-CPM-0003678,P0001183,188,CPM,DIRECT,2022-05-08,2023-05-08,LP,N,9923.07,9923.07,VALID,VALID,,,9923.07,2022-05-08,2026-12-31 06:00:00
ALB-CPM-0003694,P0001930,333,CPM,DIRECT,2023-07-04,2024-07-03,IF,N,12903.48,12903.48,VALID,VALID,Smith & Clarke Insurance Services Ltd,17.33,12903.480000000003,2024-05-29,2026-12-31 06:00:00
ALB-CPM-0003707,P0000575,461,CPM,BROKER,2021-11-04,2022-11-04,IF,N,4225.53,4225.53,VALID,VALID,Hall & Wright Insurance Services Ltd,8.65,4225.53,2021-11-04,2026-12-31 06:00:00
ALB-CPM-0003713,P0002547,366,CPM,DIRECT,2024-07-19,2025-07-19,EX,N,11136.67,11136.67,VALID,VALID,,,10208.659999999996,2025-06-14,2026-12-31 06:00:00
ALB-CPM-0003716,P0002406,,CPM,AGGREGATOR,2021-08-18,2022-08-18,RN,N,9433.11,9433.11,VALID,VALID,Taylor & Murphy Insurance Services Ltd,20.48,7860.900000000001,2022-07-14,2026-12-31 06:00:00
ALB-CPM-0003722,P0001273,83,CPM,BROKER,2026-07-24,2027-07-24,EX,N,8246.34,3435.98,VALID,VALID,Davies & Davies Insurance Services Ltd,17.73,6871.999999999999,2027-05-20,2026-12-31 06:00:00
ALB-CPM-0003727,P0001364,,CPM,DIRECT,2025-01-20,2026-01-20,RN,N,9060.9,9060.90,VALID,VALID,Wilson & Wright Insurance Services Ltd,17.86,7550.699999999999,2025-12-16,2026-12-31 06:00:00
ALB-CPM-0003732,P0000460,420,CPM,AGGREGATOR,2026-09-20,2027-09-20,CN,N,5598.87,1399.72,VALID,VALID,Johnson & Hughes Insurance Services Ltd,17.19,5598.839999999999,2027-08-16,2026-12-31 06:00:00
ALB-CPM-0003749,P0003178,82,CPM,AGGREGATOR,2021-05-24,2022-05-24,RN,N,12455.45,12455.45,VALID,VALID,Williams & Baker Insurance Services Ltd,16.38,12455.45,2021-05-24,2026-12-31 06:00:00
ALB-CPM-0003754,P0002570,239,CPM,BROKER,2024-10-14,2025-10-14,IF,N,6016.97,6016.97,VALID,VALID,,,6016.97,2024-10-14,2026-12-31 06:00:00
ALB-CPM-0003765,P0001866,119,CPM,DIRECT,2024-11-05,2025-11-05,CN,N,6966.03,6966.03,VALID,VALID,,,6966.0,2025-10-01,2026-12-31 06:00:00
ALB-CPM-0003767,P0001379,123,CPM,DIRECT,2022-07-15,2023-07-15,RN,N,8238.76,8238.76,VALID,VALID,Baker & Hughes Insurance Services Ltd,13.91,8238.76,2022-07-15,2026-12-31 06:00:00
ALB-CPM-0003777,P0000853,97,CPM,DIRECT,2025-07-23,2026-07-23,EX,N,11406.14,11406.14,VALID,VALID,Hall & Patel Insurance Services Ltd,13.7,9505.1,2026-06-18,2026-12-31 06:00:00
ALB-CPM-0003793,P0001915,333,CPM,DIRECT,2023-05-22,2024-05-21,IF,N,11107.41,11107.41,VALID,VALID,,,9256.2,2024-04-16,2026-12-31 06:00:00
ALB-CPM-0003801,P0002281,,CPM,BROKER,2023-04-25,2024-04-24,LP,N,13731.19,13731.19,VALID,VALID,,,12586.970000000003,2024-03-20,2026-12-31 06:00:00
ALB-CPM-0003807,P0000459,332,CPM,DIRECT,2020-08-24,2021-08-24,RN,N,2895.6,2895.60,VALID,VALID,Taylor & Johnson Insurance Services Ltd,17.25,2895.6000000000004,2021-07-20,2026-12-31 06:00:00
ALB-CPM-0003813,P0001520,199,CPM,AGGREGATOR,2023-03-07,2024-03-06,LP,N,14200.32,14200.32,VALID,VALID,,,14200.320000000002,2024-01-31,2026-12-31 06:00:00
ALB-CPM-0003815,P0001157,477,CPM,DIRECT,2023-11-12,2024-11-11,RN,N,13192.06,13192.06,VALID,VALID,Johnson & Murphy Insurance Services Ltd,21.31,13192.08,2024-10-07,2026-12-31 06:00:00
ALB-CPM-0003823,P0001631,228,CPM,BROKER,2026-11-16,2027-11-16,CN,N,8543.43,711.95,VALID,VALID,,,8543.43,2026-11-16,2026-12-31 06:00:00
ALB-CPM-0003824,P0000189,483,CPM,AGGREGATOR,2025-05-14,2026-05-14,LP,N,12386.27,12386.27,VALID,VALID,Hall & Patel Insurance Services Ltd,13.7,12386.280000000004,2026-04-09,2026-12-31 06:00:00
ALB-CPM-0003830,P0001580,76,CPM,BROKER,2019-07-26,2020-07-25,LP,N,11258.85,11258.85,VALID,VALID,,,11258.85,2019-07-26,2026-12-31 06:00:00
ALB-CPM-0003839,P0001284,,CPM,BROKER,2024-12-30,2025-12-30,IF,N,5258.75,5258.75,VALID,VALID,Hall & Baker Insurance Services Ltd,14.43,5258.76,2025-11-25,2026-12-31 06:00:00
ALB-CPM-0003845,P0001225,429,CPM,DIRECT,2019-08-02,2020-08-01,IF,N,832.81,832.81,VALID,VALID,,,832.7999999999998,2020-06-27,2026-12-31 06:00:00
ALB-CPM-0003846,P0000412,462,CPM,AGGREGATOR,2025-07-10,2026-07-10,RN,N,8764.74,8764.74,VALID,VALID,,,8764.74,2025-07-10,2026-12-31 06:00:00
ALB-CPM-0003856,P0001875,290,CPM,BROKER,2019-06-28,2020-06-27,CN,N,724.71,724.71,VALID,VALID,Taylor & Walker Insurance Services Ltd,13.94,664.29,2020-05-23,2026-12-31 06:00:00
ALB-CPM-0003861,P0002395,164,CPM,BROKER,2024-05-04,2025-05-04,IF,N,11705.92,11705.92,INVALID,VALID,Davies & Green Insurance Services Ltd,7.72,10730.39,2025-03-30,2026-12-31 06:00:00
ALB-CPM-0003863,P0000336,10,CPM,BROKER,2024-10-11,2025-10-11,CN,N,11872.15,11872.15,VALID,VALID,,,11872.200000000003,2025-09-06,2026-12-31 06:00:00
ALB-CPM-0003870,P0001001,81,CPM,BROKER,2020-10-28,2021-10-28,RN,N,2678.37,2678.37,VALID,VALID,Wilson & Wright Insurance Services Ltd,7.87,2232.0,2021-09-23,2026-12-31 06:00:00
ALB-CPM-0003886,P0002250,,CPM,AGGREGATOR,2024-09-15,2025-09-15,RN,N,13855.75,13855.75,VALID,VALID,Baker & Williams Insurance Services Ltd,17.61,13855.75,2024-09-15,2026-12-31 06:00:00
ALB-CPM-0003889,P0001340,,CPM,DIRECT,2019-09-22,2020-09-21,IF,N,9807.03,9807.03,VALID,VALID,Hall & Wright Insurance Services Ltd,8.65,9807.03,2019-09-22,2026-12-31 06:00:00
ALB-CPM-0003891,P0002560,,CPM,BROKER,2023-08-24,2024-08-23,LP,N,10650.44,10650.44,VALID,VALID,Hall & Murphy Insurance Services Ltd,10.45,10650.48,2024-07-19,2026-12-31 06:00:00
ALB-CPM-0003892,P0001465,203,CPM,DIRECT,2021-05-04,2022-05-04,RN,N,13111.95,13111.95,VALID,VALID,Williams & Hall Insurance Services Ltd,14.19,13111.92,2022-03-30,2026-12-31 06:00:00
ALB-CPM-0003899,P0001536,419,CPM,BROKER,2023-02-17,2024-02-17,RN,N,8239.84,8239.84,VALID,VALID,Hall & Wright Insurance Services Ltd,8.65,6866.499999999998,2024-01-13,2026-12-31 06:00:00
ALB-CPM-0003900,P0001209,340,CPM,DIRECT,2020-10-19,2021-10-19,IF,N,2161.7,2161.70,VALID,VALID,Walker & Wright Insurance Services Ltd,10.74,2161.6799999999994,2021-09-14,2026-12-31 06:00:00
ALB-CPM-0003903,P0002115,,CPM,AGGREGATOR,2022-01-16,2023-01-16,EX,N,1080.6,1080.60,VALID,VALID,Johnson & Hughes Insurance Services Ltd,17.19,1080.5999999999997,2022-12-12,2026-12-31 06:00:00
ALB-CPM-0003906,P0000561,68,CPM,BROKER,2026-09-23,2027-09-23,RN,N,4452.59,1113.15,VALID,VALID,Khan & Smith Insurance Services Ltd,17.81,,,2026-12-31 06:00:00
ALB-CPM-0003907,P0000695,,CPM,BROKER,2022-11-10,2023-11-10,RN,N,10736.16,10736.16,VALID,VALID,Patel & Clarke Insurance Services Ltd,9.04,10736.160000000002,2023-10-06,2026-12-31 06:00:00
ALB-CPM-0003909,P0000714,63,CPM,DIRECT,2025-06-30,2026-06-30,IF,N,3870.98,3870.98,VALID,VALID,Khan & Davies Insurance Services Ltd,12.18,3870.98,2025-06-30,2026-12-31 06:00:00
ALB-CPM-0003911,P0002315,456,CPM,DIRECT,2018-07-09,2019-07-09,LP,N,14511.02,14511.02,VALID,VALID,,,12092.5,2019-06-04,2026-12-31 06:00:00
ALB-CPM-0003916,P0001281,,CPM,AGGREGATOR,2021-10-26,2022-10-26,RN,N,8769.23,8769.23,VALID,VALID,,,8769.23,2021-10-26,2026-12-31 06:00:00
ALB-CPM-0003918,P0001750,,CPM,AGGREGATOR,2026-11-10,2027-11-10,EX,N,7072.33,589.36,VALID,VALID,Walker & OBrien Insurance Services Ltd,10.5,6482.959999999999,2027-10-06,2026-12-31 06:00:00
ALB-CPM-0003923,P0001900,454,CPM,DIRECT,2019-02-25,2020-02-25,LP,N,8007.03,8007.03,VALID,VALID,,,7339.75,2019-12-22,2026-12-31 06:00:00
ALB-CPM-0003930,P0002805,,CPM,BROKER,2018-03-31,2019-03-31,RN,N,8346.41,8346.41,VALID,VALID,Taylor & Murphy Insurance Services Ltd,20.48,8346.359999999999,2019-02-24,2026-12-31 06:00:00
ALB-CPM-0003937,P0001467,218,CPM,DIRECT,2018-01-04,2019-01-04,IF,N,3324.78,3324.78,VALID,VALID,Davies & Taylor Insurance Services Ltd,14.09,3324.78,2018-01-04,2026-12-31 06:00:00
ALB-CPM-0003944,P0002097,351,CPM,BROKER,2024-10-18,2025-10-18,RN,N,3120.75,3120.75,VALID,VALID,Baker & Clarke Insurance Services Ltd,20.14,3120.75,2024-10-18,2026-12-31 06:00:00
ALB-CPM-0003952,P0002009,255,CPM,AGGREGATOR,2020-07-14,2021-07-14,IF,N,1330.23,1330.23,VALID,VALID,Brown & Davies Insurance Services Ltd,14.49,1330.1999999999998,2021-06-09,2026-12-31 06:00:00
ALB-CPM-0003956,P0002095,216,CPM,BROKER,2026-04-13,2027-04-13,IF,Y,3763.65,2509.10,VALID,VALID,,,3450.039999999999,2027-03-09,2026-12-31 06:00:00
ALB-CPM-0003960,P0002308,,CPM,DIRECT,2023-05-04,2024-05-03,CN,N,1990.88,1990.88,VALID,VALID,Hall & Baker Insurance Services Ltd,14.43,1990.9200000000003,2024-03-29,2026-12-31 06:00:00
ALB-CPM-0003961,P0002984,280,CPM,BROKER,2022-11-10,2023-11-10,RN,N,9627.11,9627.11,VALID,VALID,,,9627.12,2023-10-06,2026-12-31 06:00:00
ALB-CPM-0003965,P0001025,474,CPM,BROKER,2026-05-12,2027-05-12,IF,Y,8160.1,4760.06,VALID,VALID,Baker & Hughes Insurance Services Ltd,13.91,8160.120000000002,2027-04-07,2026-12-31 06:00:00
ALB-CPM-0003970,P0001029,351,CPM,AGGREGATOR,2019-07-23,2020-07-22,RN,N,4590.95,4590.95,INVALID,VALID,Johnson & Hughes Insurance Services Ltd,17.19,4590.95,2019-07-23,2026-12-31 06:00:00
ALB-CPM-0003971,P0000677,,CPM,AGGREGATOR,2018-04-22,2019-04-22,EX,N,3233.54,3233.54,VALID,VALID,,,3233.54,2018-04-22,2026-12-31 06:00:00
ALB-CPM-0003977,P0002365,75,CPM,BROKER,2023-11-13,2024-11-12,LP,N,6219.01,6219.01,VALID,VALID,Baker & Wright Insurance Services Ltd,22.1,5700.75,2024-10-08,2026-12-31 06:00:00
ALB-CPM-0003980,P0000562,457,CPM,BROKER,2023-11-03,2024-11-02,EX,N,1390.16,1390.16,VALID,VALID,,,1390.1999999999998,2024-09-28,2026-12-31 06:00:00
ALB-CPM-0003988,P0002555,,CPM,BROKER,2020-03-17,2021-03-17,LP,N,5357.64,5357.64,VALID,VALID,Walker & OBrien Insurance Services Ltd,10.5,5357.640000000002,2021-02-10,2026-12-31 06:00:00
ALB-CPM-0003998,P0002133,,CPM,BROKER,2021-03-24,2022-03-24,RN,N,13675.04,13675.04,VALID,VALID,Williams & Hall Insurance Services Ltd,14.19,11395.9,2022-02-17,2026-12-31 06:00:00
ALB-CPM-0004003,P0000219,442,CPM,BROKER,2022-05-15,2023-05-15,LP,N,8431.8,8431.80,VALID,VALID,Green & Murphy Insurance Services Ltd,11.43,8431.8,2022-05-15,2026-12-31 06:00:00
ALB-CPM-0004011,P0002480,66,CPM,DIRECT,2022-01-04,2023-01-04,CN,N,8359.27,8359.27,VALID,VALID,Brown & Jones Insurance Services Ltd,10.15,8359.319999999998,2022-11-30,2026-12-31 06:00:00
ALB-CPM-0004016,P0002923,,CPM,DIRECT,2024-12-05,2025-12-05,IF,N,13870.35,13870.35,VALID,VALID,Williams & Baker Insurance Services Ltd,16.38,13870.320000000002,2025-10-31,2026-12-31 06:00:00
ALB-CPM-0004023,P0001866,119,CPM,BROKER,2019-02-06,2020-02-06,IF,N,14334.8,14334.80,VALID,VALID,,,13140.269999999999,2020-01-02,2026-12-31 06:00:00
ALB-CPM-0004040,P0000359,249,CPM,DIRECT,2026-12-26,2027-12-26,IF,Y,10392.35,0.00,VALID,VALID,,,7794.269999999999,2027-09-22,2026-12-31 06:00:00
ALB-CPM-0004041,P0002347,,CPM,DIRECT,2019-10-22,2020-10-21,EX,N,7027.65,7027.65,VALID,VALID,,,7027.65,2019-10-22,2026-12-31 06:00:00
ALB-CPM-0004049,P0002834,148,CPM,BROKER,2020-03-14,2021-03-14,LP,N,9196.13,9196.13,VALID,VALID,Baker & Hughes Insurance Services Ltd,12.55,9196.13,2020-03-14,2026-12-31 06:00:00
ALB-CPM-0004053,P0002781,,CPM,BROKER,2019-04-14,2020-04-13,RN,N,14132.04,14132.04,VALID,VALID,OBrien & Green Insurance Services Ltd,17.85,14132.04,2019-04-14,2026-12-31 06:00:00
ALB-CPM-0004054,P0001064,,CPM,BROKER,2022-11-22,2023-11-22,EX,N,10558.93,10558.93,VALID,VALID,Hall & Khan Insurance Services Ltd,14.81,9679.01,2023-09-18,2026-12-31 06:00:00
ALB-CPM-0004059,P0003108,58,CPM,AGGREGATOR,2021-03-26,2022-03-26,CN,N,13945.65,13945.65,VALID,VALID,Wilson & Johnson Insurance Services Ltd,21.61,13945.679999999998,2022-02-19,2026-12-31 06:00:00
ALB-CPM-0004060,P0002332,,CPM,DIRECT,2020-06-07,2021-06-07,RN,N,9446.68,9446.68,VALID,VALID,,,9446.640000000001,2021-05-03,2026-12-31 06:00:00
ALB-CPM-0004065,P0000676,234,CPM,BROKER,2023-11-20,2024-11-19,IF,N,8049.85,8049.85,VALID,VALID,Johnson & Hall Insurance Services Ltd,21.38,8049.85,2023-11-20,2026-12-31 06:00:00
ALB-CPM-0004094,P0002311,,CPM,BROKER,2026-11-24,2027-11-24,IF,Y,9713.67,809.47,VALID,VALID,,,9713.67,2026-11-24,2026-12-31 06:00:00
ALB-CPM-0004098,P0000017,208,CPM,AGGREGATOR,2019-04-09,2020-04-08,IF,N,7173.38,7173.38,VALID,VALID,Johnson & Hughes Insurance Services Ltd,17.19,7173.359999999998,2020-03-04,2026-12-31 06:00:00
ALB-CPM-0004100,P0000865,364,CPM,BROKER,2018-05-13,2019-05-13,IF,N,5299.22,5299.22,VALID,VALID,Hall & Patel Insurance Services Ltd,13.7,5299.22,2018-05-13,2026-12-31 06:00:00
ALB-CPM-0004103,P0002368,,CPM,DIRECT,2019-10-15,2020-10-14,RN,N,1576.11,1576.11,VALID,VALID,,,1444.7399999999998,2020-09-09,2026-12-31 06:00:00
ALB-CPM-0004104,P0001856,,CPM,DIRECT,2025-08-28,2026-08-28,EX,N,12426.22,12426.22,VALID,VALID,Wilson & Wright Insurance Services Ltd,7.87,11390.720000000003,2026-07-24,2026-12-31 06:00:00
ALB-CPM-0004110,P0000984,,CPM,BROKER,2024-09-01,2025-09-01,IF,N,2100.22,2100.22,VALID,VALID,,,2100.2400000000002,2025-07-28,2026-12-31 06:00:00
ALB-CPM-0004118,P0000285,405,CPM,AGGREGATOR,2020-07-26,2021-07-26,LP,N,11543.51,11543.51,VALID,VALID,Wilson & Wright Insurance Services Ltd,17.86,11543.519999999997,2021-06-21,2026-12-31 06:00:00
ALB-CPM-0004121,P0002373,,CPM,BROKER,2022-10-17,2023-10-17,RN,N,10807.04,10807.04,VALID,VALID,Hall & Patel Insurance Services Ltd,13.7,,,2026-12-31 06:00:00
ALB-CPM-0004123,P0000631,36,CPM,BROKER,2019-08-21,2020-08-20,IF,N,6299.89,6299.89,VALID,VALID,Smith & Davies Insurance Services Ltd,14.16,5774.8899999999985,2020-07-16,2026-12-31 06:00:00
ALB-CPM-0004124,P0000320,,CPM,DIRECT,2018-10-21,2019-10-21,RN,N,14228.85,14228.85,VALID,VALID,Clarke & Davies Insurance Services Ltd,10.43,14228.85,2018-10-21,2026-12-31 06:00:00
ALB-CPM-0004130,P0002394,181,CPM,DIRECT,2021-06-28,2022-06-28,CN,N,12790.9,12790.90,VALID,VALID,Wilson & Wright Insurance Services Ltd,17.86,11725.01,2022-05-24,2026-12-31 06:00:00
ALB-CPM-0004131,P0002882,226,CPM,BROKER,2025-12-09,2026-12-09,CN,N,767.2,767.20,VALID,VALID,Baker & Clarke Insurance Services Ltd,20.14,767.1599999999999,2026-11-04,2026-12-31 06:00:00
ALB-CPM-0004134,P0001146,,CPM,BROKER,2025-02-20,2026-02-20,IF,N,7178.69,7178.69,VALID,VALID,,,7178.69,2025-02-20,2026-12-31 06:00:00
ALB-CPM-0004138,P0001144,,CPM,BROKER,2024-10-18,2025-10-18,CN,N,8370.78,8370.78,INVALID,VALID,,,7673.269999999999,2025-09-13,2026-12-31 06:00:00
ALB-CPM-0004143,P0001075,,CPM,DIRECT,2026-03-15,2027-03-15,EX,N,7136.41,5352.31,VALID,VALID,Green & Murphy Insurance Services Ltd,11.43,7136.41,2026-03-15,2026-12-31 06:00:00
ALB-CPM-0004144,P0002589,,CPM,BROKER,2019-01-26,2020-01-26,LP,N,11373.4,11373.40,VALID,VALID,,,11373.36,2019-12-22,2026-12-31 06:00:00
ALB-CPM-0004145,P0000451,449,CPM,DIRECT,2026-11-03,2027-11-03,IF,Y,1847.93,153.99,VALID,VALID,,,1847.88,2027-09-29,2026-12-31 06:00:00
ALB-CPM-0004147,P0002884,487,CPM,BROKER,2024-04-23,2025-04-23,IF,N,13201.54,13201.54,VALID,VALID,Khan & Davies Insurance Services Ltd,12.18,13201.54,2024-04-23,2026-12-31 06:00:00
ALB-CPM-0004159,P0002474,107,CPM,BROKER,2022-06-24,2023-06-24,IF,N,11952.37,11952.37,VALID,VALID,Baker & Clarke Insurance Services Ltd,20.14,11952.37,2022-06-24,2026-12-31 06:00:00
ALB-CPM-0004163,P0002835,221,CPM,BROKER,2026-03-14,2027-03-14,IF,Y,3476.31,2607.23,VALID,VALID,,,3186.59,2027-02-07,2026-12-31 06:00:00
ALB-CPM-0004165,P0000829,,CPM,DIRECT,2026-10-30,2027-10-30,LP,N,10191.99,1698.67,VALID,VALID,,,10191.960000000001,2027-09-25,2026-12-31 06:00:00
ALB-CPM-0004166,P0001849,208,CPM,BROKER,2019-02-14,2020-02-14,CN,N,868.69,868.69,VALID,VALID,,,868.68,2020-01-10,2026-12-31 06:00:00
ALB-CPM-0004167,P0000037,403,CPM,BROKER,2024-10-01,2025-10-01,IF,N,5757.19,5757.19,VALID,VALID,,,4317.93,2025-08-27,2026-12-31 06:00:00
ALB-CPM-0004180,P0001567,59,CPM,AGGREGATOR,2019-09-05,2020-09-04,LP,N,1424.1,1424.10,VALID,VALID,,,1424.0400000000002,2020-07-31,2026-12-31 06:00:00
ALB-CPM-0004189,P0001937,,CPM,BROKER,2025-09-23,2026-09-23,CN,N,14054.4,14054.40,VALID,VALID,,,14054.400000000003,2026-08-19,2026-12-31 06:00:00
ALB-CPM-0004205,P0001734,423,CPM,BROKER,2025-07-13,2026-07-13,IF,N,5244.26,5244.26,VALID,VALID,,,4370.2,2026-06-08,2026-12-31 06:00:00
ALB-CPM-0004206,P0000511,,CPM,BROKER,2026-07-17,2027-07-17,IF,Y,5037.7,2099.04,VALID,VALID,Davies & Wright Insurance Services Ltd,13.6,4617.910000000001,2027-06-12,2026-12-31 06:00:00
ALB-CPM-0004217,P0002293,,CPM,BROKER,2021-11-07,2022-11-07,IF,N,1383.66,1383.66,VALID,VALID,Taylor & Murphy Insurance Services Ltd,20.48,1268.4099999999996,2022-10-03,2026-12-31 06:00:00
ALB-CPM-0004225,P0002840,,CPM,AGGREGATOR,2018-09-05,2019-09-05,IF,N,7446.33,7446.33,VALID,VALID,Patel & Clarke Insurance Services Ltd,9.04,6825.829999999998,2019-08-01,2026-12-31 06:00:00
ALB-CPM-0004228,P0003132,,CPM,DIRECT,2024-04-29,2025-04-29,IF,N,8137.54,8137.54,VALID,VALID,,,8137.56,2025-03-25,2026-12-31 06:00:00
ALB-CPM-0004231,P0000516,182,CPM,AGGREGATOR,2022-04-14,2023-04-14,IF,N,1349.35,1349.35,VALID,VALID,OBrien & Patel Insurance Services Ltd,14.2,1349.4000000000003,2023-03-10,2026-12-31 06:00:00
ALB-CPM-0004244,P0000965,,CPM,AGGREGATOR,2024-11-23,2025-11-23,IF,N,5178.28,5178.28,VALID,VALID,Smith & Davies Insurance Services Ltd,14.16,5178.24,2025-10-19,2026-12-31 06:00:00
ALB-CPM-0004245,P0000350,124,CPM,BROKER,2018-06-18,2019-06-18,CN,N,1075.94,1075.94,VALID,VALID,Davies & Hughes Insurance Services Ltd,15.18,,,2026-12-31 06:00:00
ALB-CPM-0004249,P0001144,,CPM,DIRECT,2019-12-06,2020-12-05,IF,N,14691.71,14691.71,INVALID,VALID,Taylor & Wilson Insurance Services Ltd,14.3,14691.71,2019-12-06,2026-12-31 06:00:00
ALB-CPM-0004269,P0001219,,CPM,AGGREGATOR,2020-09-12,2021-09-12,IF,N,4003.86,4003.86,VALID,VALID,Hall & Wright Insurance Services Ltd,8.65,4003.9199999999996,2021-08-08,2026-12-31 06:00:00
ALB-CPM-0004272,P0000640,211,CPM,BROKER,2021-11-14,2022-11-14,RN,N,1397.98,1397.98,VALID,VALID,,,1397.98,2021-11-14,2026-12-31 06:00:00
ALB-CPM-0004279,P0003043,,CPM,BROKER,2026-08-01,2027-08-01,LP,N,8761.78,3650.74,INVALID,VALID,Davies & Brown Insurance Services Ltd,22.12,8031.649999999998,2027-05-28,2026-12-31 06:00:00
ALB-CPM-0004284,P0003015,472,CPM,DIRECT,2019-02-20,2020-02-20,RN,N,4701.5,4701.50,VALID,VALID,,,4309.6900000000005,2020-01-16,2026-12-31 06:00:00
ALB-CPM-0004286,P0001315,,CPM,BROKER,2023-01-11,2024-01-11,IF,N,11086.46,11086.46,VALID,VALID,,,10162.570000000002,2023-12-07,2026-12-31 06:00:00
ALB-CPM-0004292,P0002488,183,CPM,AGGREGATOR,2025-03-06,2026-03-06,LP,N,2133.84,2133.84,INVALID,VALID,Smith & Walker Insurance Services Ltd,18.79,2133.84,2025-03-06,2026-12-31 06:00:00
ALB-CPM-0004293,P0000739,185,CPM,AGGREGATOR,2022-02-28,2023-02-28,IF,N,12152.98,12152.98,VALID,VALID,Khan & Davies Insurance Services Ltd,12.18,12152.98,2022-02-28,2026-12-31 06:00:00
ALB-CPM-0004306,P0002598,,CPM,BROKER,2026-04-24,2027-04-24,EX,N,1160.18,773.45,VALID,VALID,,,1160.1600000000003,2027-03-20,2026-12-31 06:00:00
ALB-CPM-0004307,P0000245,353,CPM,BROKER,2025-03-02,2026-03-02,IF,N,10253.04,10253.04,VALID,VALID,,,10253.04,2025-03-02,2026-12-31 06:00:00
ALB-CPM-0004309,P0003116,,CPM,DIRECT,2020-10-11,2021-10-11,IF,N,8360.88,8360.88,VALID,VALID,Hall & Baker Insurance Services Ltd,14.43,7664.1399999999985,2021-09-06,2026-12-31 06:00:00
ALB-CPM-0004311,P0000805,377,CPM,DIRECT,2023-03-09,2024-03-08,LP,N,5960.07,5960.07,VALID,VALID,,,5960.04,2024-02-02,2026-12-31 06:00:00
ALB-CPM-0004314,P0000959,,CPM,DIRECT,2025-11-09,2026-11-09,EX,N,11239.56,11239.56,VALID,VALID,Hall & Wright Insurance Services Ltd,8.65,11239.56,2025-11-09,2026-12-31 06:00:00
ALB-CPM-0004320,P0000853,97,CPM,BROKER,2025-03-26,2026-03-26,IF,N,12919.76,12919.76,VALID,VALID,,,12919.76,2025-03-26,2026-12-31 06:00:00
ALB-CPM-0004331,P0000973,,CPM,DIRECT,2022-05-20,2023-05-20,IF,N,8421.21,8421.21,VALID,VALID,,,8421.21,2022-05-20,2026-12-31 06:00:00
ALB-CPM-0004343,P0001008,,CPM,DIRECT,2019-12-15,2020-12-14,LP,N,3131.33,3131.33,VALID,VALID,Hall & Brown Insurance Services Ltd,13.16,2609.4,2020-11-09,2026-12-31 06:00:00
ALB-CPM-0004346,P0001568,,CPM,BROKER,2023-07-08,2024-07-07,RN,N,5834.18,5834.18,VALID,VALID,Davies & Green Insurance Services Ltd,7.72,5834.160000000001,2024-06-02,2026-12-31 06:00:00
ALB-CPM-0004348,P0002644,,CPM,DIRECT,2019-08-23,2020-08-22,RN,N,8520.69,8520.69,VALID,VALID,,,8520.719999999998,2020-07-18,2026-12-31 06:00:00
ALB-CPM-0004358,P0000312,55,CPM,DIRECT,2025-10-11,2026-10-11,IF,N,10581.93,10581.93,VALID,VALID,,,10581.93,2025-10-11,2026-12-31 06:00:00
ALB-CPM-0004359,P0002569,329,CPM,BROKER,2021-05-04,2022-05-04,CN,N,10635.71,10635.71,VALID,VALID,Williams & Williams Insurance Services Ltd,18.19,10635.71,2021-05-04,2026-12-31 06:00:00
ALB-CPM-0004360,P0002711,,CPM,BROKER,2020-11-25,2021-11-25,EX,N,5425.03,5425.03,VALID,VALID,,,4972.990000000001,2021-09-21,2026-12-31 06:00:00
ALB-CPM-0004365,P0001744,,CPM,DIRECT,2024-08-23,2025-08-23,LP,N,10222.81,10222.81,VALID,VALID,Brown & Jones Insurance Services Ltd,10.15,10222.81,2024-08-23,2026-12-31 06:00:00
ALB-CPM-0004366,P0001776,184,CPM,DIRECT,2026-11-12,2027-11-12,IF,N,13773.78,1147.82,VALID,VALID,Baker & Wright Insurance Services Ltd,22.1,13773.78,2026-11-12,2026-12-31 06:00:00
ALB-CPM-0004367,P0002172,69,CPM,DIRECT,2021-01-27,2022-01-27,RN,N,11453.48,11453.48,VALID,VALID,Smith & Clarke Insurance Services Ltd,17.33,11453.48,2021-01-27,2026-12-31 06:00:00
ALB-CPM-0004369,P0000513,134,CPM,AGGREGATOR,2022-09-27,2023-09-27,RN,N,10586.6,10586.60,VALID,VALID,Walker & OBrien Insurance Services Ltd,10.5,10586.6,2022-09-27,2026-12-31 06:00:00
ALB-CPM-0004373,P0000079,438,CPM,BROKER,2025-10-18,2026-10-18,RN,N,14010.15,14010.15,VALID,VALID,,,11675.1,2026-08-14,2026-12-31 06:00:00
ALB-CPM-0004379,P0000688,,CPM,BROKER,2018-12-06,2019-12-06,EX,N,7035.46,7035.46,VALID,VALID,,,6449.19,2019-11-01,2026-12-31 06:00:00
ALB-CPM-0004385,P0001926,,CPM,AGGREGATOR,2024-05-25,2025-05-25,EX,N,3619.49,3619.49,VALID,VALID,,,3619.439999999999,2025-04-20,2026-12-31 06:00:00
ALB-CPM-0004388,P0002365,75,CPM,BROKER,2020-10-09,2021-10-09,IF,N,5181.45,5181.45,VALID,VALID,Baker & Williams Insurance Services Ltd,17.61,5181.4800000000005,2021-09-04,2026-12-31 06:00:00
ALB-CPM-0004390,P0003093,301,CPM,DIRECT,2024-08-08,2025-08-08,RN,N,7617.47,7617.47,VALID,VALID,Wilson & Wright Insurance Services Ltd,17.86,7617.47,2024-08-08,2026-12-31 06:00:00
ALB-CPM-0004393,P0001600,459,CPM,BROKER,2025-05-23,2026-05-23,EX,N,12505.57,12505.57,VALID,VALID,Patel & Clarke Insurance Services Ltd,9.04,12505.57,2025-05-23,2026-12-31 06:00:00
ALB-CPM-0004394,P0003185,,CPM,BROKER,2018-05-06,2019-05-06,RN,N,5577.07,5577.07,VALID,VALID,Williams & Williams Insurance Services Ltd,18.19,5577.07,2018-05-06,2026-12-31 06:00:00
ALB-CPM-0004395,P0000143,479,CPM,BROKER,2024-04-17,2025-04-17,RN,N,14521.47,14521.47,VALID,VALID,Williams & Williams Insurance Services Ltd,18.19,14521.47,2024-04-17,2026-12-31 06:00:00
ALB-CPM-0004396,P0001263,,CPM,BROKER,2021-03-13,2022-03-13,IF,N,11209.62,11209.62,VALID,VALID,Walker & OBrien Insurance Services Ltd,10.5,11209.679999999998,2022-02-06,2026-12-31 06:00:00
ALB-CPM-0004401,P0002010,342,CPM,DIRECT,2020-01-29,2021-01-28,CN,N,6607.71,6607.71,VALID,VALID,Khan & Davies Insurance Services Ltd,12.18,6607.71,2020-01-29,2026-12-31 06:00:00
ALB-CPM-0004406,P0002273,46,CPM,AGGREGATOR,2022-12-01,2023-12-01,RN,N,4810.7,4810.70,INVALID,VALID,,,4810.7,2022-12-01,2026-12-31 06:00:00
ALB-CPM-0004413,P0002730,,CPM,DIRECT,2023-07-25,2024-07-24,IF,N,14144.08,14144.08,VALID,VALID,,,14144.08,2023-07-25,2026-12-31 06:00:00
ALB-CPM-0004425,P0000329,222,CPM,BROKER,2021-07-04,2022-07-04,IF,N,5975.86,5975.86,VALID,VALID,,,5975.879999999998,2022-05-30,2026-12-31 06:00:00
ALB-CPM-0004437,P0001949,203,CPM,BROKER,2021-07-22,2022-07-22,EX,N,5267.24,5267.24,VALID,VALID,Hall & Brown Insurance Services Ltd,13.16,5267.279999999999,2022-06-17,2026-12-31 06:00:00
ALB-CPM-0004439,P0000388,335,CPM,DIRECT,2021-02-19,2022-02-19,EX,N,5829.3,5829.30,VALID,VALID,,,5343.579999999998,2022-01-15,2026-12-31 06:00:00
ALB-CPM-0004451,P0003083,,CPM,BROKER,2021-10-08,2022-10-08,RN,N,799.5,799.50,VALID,VALID,,,732.82,2022-08-04,2026-12-31 06:00:00
ALB-CPM-0004452,P0001666,,CPM,BROKER,2021-12-29,2022-12-29,RN,N,10482.14,10482.14,VALID,VALID,Hall & Brown Insurance Services Ltd,13.16,10482.12,2022-11-24,2026-12-31 06:00:00
ALB-CPM-0004461,P0001890,,CPM,DIRECT,2021-06-04,2022-06-04,IF,N,7527.42,7527.42,VALID,VALID,Williams & Hall Insurance Services Ltd,14.19,6900.079999999998,2022-03-31,2026-12-31 06:00:00
ALB-CPM-0004464,P0002222,408,CPM,BROKER,2026-04-11,2027-04-11,RN,N,8144.18,5429.45,VALID,VALID,Baker & Wright Insurance Services Ltd,22.1,8144.18,2026-04-11,2026-12-31 06:00:00
ALB-CPM-0004467,P0002067,,CPM,AGGREGATOR,2026-05-14,2027-05-14,LP,N,3711.26,2164.90,VALID,VALID,Davies & Taylor Insurance Services Ltd,14.09,3401.97,2027-04-09,2026-12-31 06:00:00
ALB-CPM-0004474,P0001424,,CPM,AGGREGATOR,2023-05-20,2024-05-19,LP,N,11330.61,11330.61,VALID,VALID,,,11330.64,2024-04-14,2026-12-31 06:00:00
ALB-CPM-0004480,P0002280,,CPM,DIRECT,2021-08-29,2022-08-29,IF,N,14236.11,14236.11,VALID,VALID,,,14236.08,2022-07-25,2026-12-31 06:00:00
ALB-CPM-0004482,P0000285,405,CPM,BROKER,2019-02-19,2020-02-19,RN,N,5785.96,5785.96,VALID,VALID,Smith & Clarke Insurance Services Ltd,17.33,5785.919999999999,2020-01-15,2026-12-31 06:00:00
ALB-CPM-0004483,P0000211,203,CPM,BROKER,2023-08-02,2024-08-01,CN,N,14227.74,14227.74,VALID,VALID,,,13042.039999999999,2024-06-27,2026-12-31 06:00:00
ALB-CPM-0004486,P0002922,,CPM,BROKER,2019-10-05,2020-10-04,RN,N,9825.66,9825.66,VALID,VALID,Wilson & OBrien Insurance Services Ltd,9.12,9006.800000000001,2020-07-31,2026-12-31 06:00:00
ALB-CPM-0004488,P0000099,,CPM,AGGREGATOR,2026-11-13,2027-11-13,IF,N,10428.38,869.03,VALID,VALID,Walker & Wright Insurance Services Ltd,10.74,10428.38,2026-11-13,2026-12-31 06:00:00
ALB-CPM-0004492,P0001003,,CPM,DIRECT,2018-11-08,2019-11-08,IF,N,8438.7,8438.70,VALID,VALID,Johnson & Murphy Insurance Services Ltd,21.31,8438.7,2018-11-08,2026-12-31 06:00:00
ALB-CPM-0004500,P0000770,408,CPM,DIRECT,2026-01-22,2027-01-22,RN,N,13526.54,12399.33,INVALID,VALID,,,13526.519999999997,2026-12-18,2026-12-31 06:00:00
ALB-CPM-0004513,P0000171,88,CPM,BROKER,2022-04-06,2023-04-06,RN,N,5241.81,5241.81,VALID,VALID,Hall & Hall Insurance Services Ltd,9.1,4805.02,2023-03-02,2026-12-31 06:00:00
ALB-CPM-0004519,P0002580,,CPM,DIRECT,2023-02-02,2024-02-02,CN,N,10034.69,10034.69,VALID,VALID,,,10034.64,2023-12-29,2026-12-31 06:00:00
ALB-CPM-0004521,P0002290,402,CPM,BROKER,2020-07-26,2021-07-26,LP,N,1244.66,1244.66,VALID,VALID,Baker & Wright Insurance Services Ltd,22.1,1244.66,2020-07-26,2026-12-31 06:00:00
ALB-CPM-0004531,P0003119,,CPM,AGGREGATOR,2025-08-23,2026-08-23,RN,N,11809.19,11809.19,VALID,VALID,Taylor & Murphy Insurance Services Ltd,20.48,11809.19,2025-08-23,2026-12-31 06:00:00
ALB-CPM-0004532,P0000041,16,CPM,DIRECT,2025-02-01,2026-02-01,IF,N,12290.47,12290.47,VALID,VALID,OBrien & Patel Insurance Services Ltd,14.2,12290.47,2025-02-01,2026-12-31 06:00:00
ALB-CPM-0004537,P0000437,226,CPM,BROKER,2019-12-30,2020-12-29,LP,N,9329.84,9329.84,VALID,VALID,,,8552.39,2020-11-24,2026-12-31 06:00:00
ALB-CPM-0004541,P0001586,413,CPM,AGGREGATOR,2022-05-30,2023-05-30,IF,N,3391.25,3391.25,VALID,VALID,Taylor & Walker Insurance Services Ltd,13.94,3391.25,2022-05-30,2026-12-31 06:00:00
ALB-CPM-0004544,P0002662,114,CPM,DIRECT,2020-10-20,2021-10-20,CN,N,10878.58,10878.58,VALID,VALID,Clarke & Wright Insurance Services Ltd,11.72,9972.05,2021-09-15,2026-12-31 06:00:00
ALB-CPM-0004566,P0002664,,CPM,BROKER,2024-08-30,2025-08-30,IF,N,1423.36,1423.36,VALID,VALID,,,1423.3199999999997,2025-07-26,2026-12-31 06:00:00
ALB-CPM-0004570,P0000636,180,CPM,AGGREGATOR,2023-08-19,2024-08-18,CN,N,12514.91,12514.91,VALID,VALID,Murphy & Johnson Insurance Services Ltd,12.64,,,2026-12-31 06:00:00
ALB-CPM-0004573,P0001569,313,CPM,DIRECT,2026-08-20,2027-08-20,IF,Y,12659.66,4219.89,INVALID,VALID,Davies & Green Insurance Services Ltd,7.72,11604.669999999998,2027-07-16,2026-12-31 06:00:00
ALB-CPM-0004580,P0002101,362,CPM,DIRECT,2025-09-17,2026-09-17,CN,N,5440.81,5440.81,VALID,VALID,,,4987.4,2026-08-13,2026-12-31 06:00:00
ALB-CPM-0004584,P0002837,483,CPM,DIRECT,2023-11-28,2024-11-27,IF,N,10994.8,10994.80,VALID,VALID,,,10994.759999999997,2024-10-23,2026-12-31 06:00:00
ALB-CPM-0004588,P0002341,,CPM,DIRECT,2022-12-23,2023-12-23,CN,N,4615.39,4615.39,VALID,VALID,Wilson & Johnson Insurance Services Ltd,21.61,4615.39,2022-12-23,2026-12-31 06:00:00
ALB-CPM-0004590,P0000164,471,CPM,BROKER,2025-02-08,2026-02-08,IF,N,4315.71,4315.71,VALID,VALID,Baker & Wright Insurance Services Ltd,22.1,3956.039999999999,2026-01-04,2026-12-31 06:00:00
ALB-CPM-0004593,P0001299,,CPM,AGGREGATOR,2023-12-29,2024-12-28,IF,N,12131.36,12131.36,VALID,VALID,,,12131.400000000001,2024-11-23,2026-12-31 06:00:00
ALB-CPM-0004598,P0000583,56,CPM,DIRECT,2025-12-07,2026-12-07,CN,N,10273.7,10273.70,VALID,VALID,Williams & Williams Insurance Services Ltd,18.19,8561.400000000001,2026-11-02,2026-12-31 06:00:00
ALB-CPM-0004602,P0002142,,CPM,BROKER,2024-08-29,2025-08-29,LP,N,7480.03,7480.03,VALID,VALID,Taylor & Johnson Insurance Services Ltd,17.25,7480.080000000001,2025-07-25,2026-12-31 06:00:00
ALB-CPM-0004603,P0001375,497,CPM,DIRECT,2023-10-06,2024-10-05,RN,N,1800.74,1800.74,VALID,VALID,Brown & Jones Insurance Services Ltd,10.15,1800.74,2023-10-06,2026-12-31 06:00:00
ALB-CPM-0004606,P0000322,192,CPM,BROKER,2018-08-02,2019-08-02,EX,N,11009.61,11009.61,VALID,VALID,,,11009.61,2018-08-02,2026-12-31 06:00:00
ALB-CPM-0004611,P0001147,,CPM,BROKER,2025-10-06,2026-10-06,EX,N,9012.73,9012.73,VALID,VALID,,,9012.719999999998,2026-09-01,2026-12-31 06:00:00
ALB-CPM-0004630,P0002283,163,CPM,DIRECT,2024-10-21,2025-10-21,IF,N,1344.2,1344.20,VALID,VALID,Davies & Wright Insurance Services Ltd,13.6,1344.2,2024-10-21,2026-12-31 06:00:00
ALB-CPM-0004631,P0001253,,CPM,BROKER,2021-10-09,2022-10-09,RN,N,4222.32,4222.32,VALID,VALID,,,4222.320000000001,2022-09-04,2026-12-31 06:00:00
ALB-CPM-0004632,P0001319,,CPM,BROKER,2026-11-14,2027-11-14,IF,N,13039.74,1086.65,VALID,VALID,Khan & Davies Insurance Services Ltd,12.18,13039.74,2026-11-14,2026-12-31 06:00:00
ALB-CPM-0004638,P0000768,188,CPM,BROKER,2021-10-05,2022-10-05,IF,N,14313.39,14313.39,VALID,VALID,Davies & Davies Insurance Services Ltd,17.73,11927.800000000001,2022-08-31,2026-12-31 06:00:00
ALB-CPM-0004639,P0000123,425,CPM,BROKER,2023-05-25,2024-05-24,IF,N,14592.87,14592.87,VALID,VALID,Murphy & Johnson Insurance Services Ltd,12.64,14592.839999999998,2024-04-19,2026-12-31 06:00:00
ALB-CPM-0004642,P0000659,,CPM,BROKER,2022-01-06,2023-01-06,IF,N,1151.88,1151.88,VALID,VALID,,,1151.88,2022-01-06,2026-12-31 06:00:00
ALB-CPM-0004646,P0000370,,CPM,BROKER,2024-09-26,2025-09-26,IF,N,6852.48,6852.48,VALID,VALID,Green & Murphy Insurance Services Ltd,11.43,6852.48,2024-09-26,2026-12-31 06:00:00
ALB-CPM-0004651,P0002115,,CPM,BROKER,2025-07-01,2026-07-01,EX,N,1535.56,1535.56,VALID,VALID,,,1535.5200000000002,2026-05-27,2026-12-31 06:00:00
ALB-CPM-0004653,P0000004,58,CPM,BROKER,2020-03-28,2021-03-28,RN,N,8296.12,8296.12,VALID,VALID,Khan & Smith Insurance Services Ltd,17.81,7604.740000000001,2021-02-21,2026-12-31 06:00:00
ALB-CPM-0004655,P0000396,354,CPM,AGGREGATOR,2022-08-09,2023-08-09,EX,N,3055.26,3055.26,VALID,VALID,Taylor & Murphy Insurance Services Ltd,20.48,3055.26,2022-08-09,2026-12-31 06:00:00
ALB-CPM-0004658,P0001853,228,CPM,BROKER,2026-09-20,2027-09-20,LP,N,6410.11,1602.53,VALID,VALID,Baker & Brown Insurance Services Ltd,14.45,6410.11,2026-09-20,2026-12-31 06:00:00
ALB-CPM-0004660,P0001943,130,CPM,BROKER,2024-09-27,2025-09-27,LP,N,11626.02,11626.02,VALID,VALID,Johnson & Murphy Insurance Services Ltd,21.31,11626.02,2024-09-27,2026-12-31 06:00:00
ALB-CPM-0004665,P0003080,,CPM,BROKER,2020-10-01,2021-10-01,IF,N,7080.38,7080.38,VALID,VALID,Davies & Taylor Insurance Services Ltd,14.09,7080.38,2020-10-01,2026-12-31 06:00:00
ALB-CPM-0004670,P0002240,117,CPM,BROKER,2021-01-29,2022-01-29,RN,N,4263.17,4263.17,VALID,VALID,Wilson & Wright Insurance Services Ltd,7.87,4263.17,2021-01-29,2026-12-31 06:00:00
ALB-CPM-0004674,P0002566,,CPM,DIRECT,2021-09-22,2022-09-22,IF,N,952.74,952.74,VALID,VALID,Brown & Davies Insurance Services Ltd,14.49,873.29,2022-07-19,2026-12-31 06:00:00
ALB-CPM-0004701,P0001464,469,CPM,BROKER,2021-08-17,2022-08-17,RN,N,3065.68,3065.68,VALID,VALID,,,2810.1699999999996,2022-07-13,2026-12-31 06:00:00
ALB-CPM-0004706,P0000325,277,CPM,DIRECT,2021-02-27,2022-02-27,IF,N,11120.7,11120.70,VALID,VALID,,,11120.7,2021-02-27,2026-12-31 06:00:00
ALB-CPM-0004710,P0001769,,CPM,BROKER,2025-05-07,2026-05-07,RN,N,12263.36,12263.36,VALID,VALID,Taylor & Walker Insurance Services Ltd,13.94,12263.36,2025-05-07,2026-12-31 06:00:00
ALB-CPM-0004713,P0002899,,CPM,BROKER,2023-04-08,2024-04-07,IF,N,13195.13,13195.13,VALID,VALID,,,13195.13,2023-04-08,2026-12-31 06:00:00
ALB-CPM-0004716,P0000259,,CPM,DIRECT,2022-12-17,2023-12-17,IF,N,13195.33,13195.33,VALID,VALID,,,13195.33,2022-12-17,2026-12-31 06:00:00
ALB-CPM-0004721,P0000970,281,CPM,AGGREGATOR,2024-08-06,2025-08-06,IF,N,6507.62,6507.62,INVALID,VALID,Hall & Baker Insurance Services Ltd,14.43,5965.300000000001,2025-07-02,2026-12-31 06:00:00
ALB-CPM-0004728,P0001042,370,CPM,BROKER,2025-10-06,2026-10-06,IF,N,13399.63,13399.63,VALID,VALID,Davies & Green Insurance Services Ltd,7.72,13399.679999999998,2026-09-01,2026-12-31 06:00:00
ALB-CPM-0004730,P0002297,,CPM,DIRECT,2026-01-26,2027-01-26,IF,Y,9877.03,9053.94,VALID,VALID,Clarke & Wright Insurance Services Ltd,9.41,9877.08,2026-12-22,2026-12-31 06:00:00
ALB-CPM-0004731,P0001632,,CPM,BROKER,2018-09-07,2019-09-07,IF,N,6341.01,6341.01,INVALID,VALID,,,6341.04,2019-08-03,2026-12-31 06:00:00
ALB-CPM-0004733,P0000390,,CPM,BROKER,2021-04-26,2022-04-26,RN,N,6941.54,6941.54,VALID,VALID,,,6941.54,2021-04-26,2026-12-31 06:00:00
ALB-CPM-0004754,P0002940,125,CPM,BROKER,2024-09-08,2025-09-08,IF,N,6336.81,6336.81,VALID,VALID,Clarke & Wright Insurance Services Ltd,11.72,6336.839999999999,2025-08-04,2026-12-31 06:00:00
ALB-CPM-0004757,P0000265,3,CPM,DIRECT,2023-12-11,2024-12-10,IF,N,13713.04,13713.04,VALID,VALID,,,12570.25,2024-11-05,2026-12-31 06:00:00
ALB-CPM-0004761,P0001858,,CPM,DIRECT,2026-01-04,2027-01-04,LP,N,5325.61,5325.61,VALID,VALID,Murphy & Johnson Insurance Services Ltd,12.64,4881.800000000001,2026-11-30,2026-12-31 06:00:00
ALB-CPM-0004771,P0002473,,CPM,DIRECT,2020-04-10,2021-04-10,IF,N,13358.01,13358.01,VALID,VALID,Brown & Davies Insurance Services Ltd,14.49,13358.01,2020-04-10,2026-12-31 06:00:00
ALB-CPM-0004773,P0003120,,CPM,DIRECT,2025-03-07,2026-03-07,LP,N,12452.95,12452.95,VALID,VALID,,,12452.95,2025-03-07,2026-12-31 06:00:00
ALB-CPM-0004778,P0001574,,CPM,AGGREGATOR,2025-08-24,2026-08-24,IF,N,5858.74,5858.74,VALID,VALID,Hall & Patel Insurance Services Ltd,13.7,4882.299999999999,2026-07-20,2026-12-31 06:00:00
ALB-CPM-0004781,P0000605,265,CPM,BROKER,2024-12-06,2025-12-06,CN,N,6122.22,6122.22,VALID,VALID,,,6122.279999999999,2025-11-01,2026-12-31 06:00:00
ALB-CPM-0004783,P0002672,65,CPM,BROKER,2023-08-03,2024-08-02,EX,N,7056.19,7056.19,VALID,VALID,,,7056.240000000002,2024-06-28,2026-12-31 06:00:00
ALB-CPM-0004792,P0001412,490,CPM,DIRECT,2023-02-04,2024-02-04,RN,N,6916.6,6916.60,VALID,VALID,,,6916.56,2023-12-31,2026-12-31 06:00:00
ALB-CPM-0004795,P0001526,,CPM,BROKER,2020-06-04,2021-06-04,RN,N,10015.12,10015.12,VALID,VALID,,,10015.12,2020-06-04,2026-12-31 06:00:00
ALB-CPM-0004799,P0002019,,CPM,BROKER,2021-05-29,2022-05-29,LP,N,1872.59,1872.59,VALID,VALID,Clarke & Davies Insurance Services Ltd,10.43,1716.5499999999997,2022-04-24,2026-12-31 06:00:00
ALB-CPM-0004803,P0000417,269,CPM,DIRECT,2021-02-13,2022-02-13,IF,N,8189.18,8189.18,VALID,VALID,Davies & Brown Insurance Services Ltd,22.12,6824.3,2022-01-09,2026-12-31 06:00:00
ALB-CPM-0004820,P0001170,216,CPM,AGGREGATOR,2018-03-06,2019-03-06,EX,N,2126.6,2126.60,VALID,VALID,Davies & Brown Insurance Services Ltd,22.12,1949.42,2019-01-30,2026-12-31 06:00:00
ALB-CPM-0004828,P0000548,319,CPM,BROKER,2023-01-20,2024-01-20,IF,N,10003.3,10003.30,VALID,VALID,,,10003.32,2023-12-16,2026-12-31 06:00:00
ALB-CPM-0004830,P0001562,,CPM,BROKER,2021-08-06,2022-08-06,IF,N,13086.64,13086.64,VALID,VALID,,,13086.64,2021-08-06,2026-12-31 06:00:00
ALB-CPM-0004833,P0003167,,CPM,DIRECT,2025-01-24,2026-01-24,RN,N,8933.27,8933.27,VALID,VALID,,,8933.280000000002,2025-12-20,2026-12-31 06:00:00
ALB-CPM-0004834,P0001558,296,CPM,BROKER,2024-04-09,2025-04-09,CN,N,1847.4,1847.40,VALID,VALID,Davies & Green Insurance Services Ltd,7.72,1693.4500000000003,2025-03-05,2026-12-31 06:00:00
ALB-CPM-0004836,P0001422,,CPM,BROKER,2025-08-15,2026-08-15,EX,N,2011.77,2011.77,VALID,VALID,,,2011.77,2025-08-15,2026-12-31 06:00:00
ALB-CPM-0004837,P0000326,272,CPM,BROKER,2023-07-10,2024-07-09,CN,N,13011.53,13011.53,VALID,VALID,Smith & Clarke Insurance Services Ltd,17.33,13011.53,2023-07-10,2026-12-31 06:00:00
ALB-CPM-0004841,P0001479,466,CPM,AGGREGATOR,2022-03-31,2023-03-31,IF,N,12069.53,12069.53,VALID,VALID,Brown & Davies Insurance Services Ltd,14.49,12069.53,2022-03-31,2026-12-31 06:00:00
ALB-CPM-0004842,P0003190,41,CPM,DIRECT,2023-09-20,2024-09-19,EX,N,11499.39,11499.39,VALID,VALID,,,11499.36,2024-08-15,2026-12-31 06:00:00
ALB-CPM-0004845,P0001893,,CPM,DIRECT,2022-04-29,2023-04-29,IF,N,8038.47,8038.47,VALID,VALID,,,8038.44,2023-03-25,2026-12-31 06:00:00
ALB-CPM-0004852,P0001209,340,CPM,DIRECT,2019-04-25,2020-04-24,RN,N,13115.76,13115.76,VALID,VALID,Davies & Green Insurance Services Ltd,7.72,13115.759999999997,2020-03-20,2026-12-31 06:00:00
ALB-CPM-0004853,P0002944,,CPM,BROKER,2023-10-23,2024-10-22,IF,N,13887.04,13887.04,VALID,VALID,Baker & Wright Insurance Services Ltd,22.1,13887.0,2024-09-17,2026-12-31 06:00:00
ALB-CPM-0004865,P0000518,294,CPM,BROKER,2018-04-13,2019-04-13,IF,N,10890.11,10890.11,VALID,VALID,Hughes & Wright Insurance Services Ltd,8.65,10890.12,2019-03-09,2026-12-31 06:00:00
ALB-CPM-0004866,P0001954,,CPM,AGGREGATOR,2018-03-03,2019-03-03,RN,N,1857.43,1857.43,VALID,VALID,Davies & Taylor Insurance Services Ltd,14.09,1857.4799999999998,2019-01-27,2026-12-31 06:00:00
ALB-CPM-0004876,P0001959,,CPM,BROKER,2020-11-25,2021-11-25,IF,N,8078.35,8078.35,VALID,VALID,,,8078.399999999999,2021-10-21,2026-12-31 06:00:00
ALB-CPM-0004894,P0002986,,CPM,DIRECT,2019-11-16,2020-11-15,IF,N,6237.83,6237.83,VALID,VALID,Patel & Wilson Insurance Services Ltd,12.84,6237.839999999999,2020-10-11,2026-12-31 06:00:00
ALB-CPM-0004898,P0001098,379,CPM,DIRECT,2020-03-04,2021-03-04,RN,N,2251.74,2251.74,VALID,VALID,Patel & Taylor Insurance Services Ltd,13.95,2251.6799999999994,2021-01-28,2026-12-31 06:00:00
ALB-CPM-0004899,P0002481,,CPM,DIRECT,2024-07-20,2025-07-20,LP,N,13775.45,13775.45,VALID,VALID,Davies & Brown Insurance Services Ltd,22.12,12627.450000000003,2025-06-15,2026-12-31 06:00:00
ALB-CPM-0004902,P0001459,,CPM,BROKER,2021-12-22,2022-12-22,RN,N,11207.15,11207.15,VALID,VALID,,,,,2026-12-31 06:00:00
ALB-CPM-0004904,P0000748,90,CPM,BROKER,2019-04-24,2020-04-23,IF,N,8860.73,8860.73,VALID,VALID,Khan & Smith Insurance Services Ltd,17.81,8122.290000000002,2020-03-19,2026-12-31 06:00:00
ALB-CPM-0004906,P0000135,24,CPM,DIRECT,2018-07-02,2019-07-02,IF,N,8836.85,8836.85,VALID,VALID,,,8836.85,2018-07-02,2026-12-31 06:00:00
ALB-CPM-0004909,P0001445,97,CPM,BROKER,2018-09-09,2019-09-09,IF,N,8483.81,8483.81,VALID,VALID,,,8483.759999999998,2019-08-05,2026-12-31 06:00:00
ALB-CPM-0004922,P0002803,,CPM,BROKER,2020-02-23,2021-02-22,IF,N,4622.79,4622.79,VALID,VALID,,,4237.530000000001,2021-01-18,2026-12-31 06:00:00
ALB-CPM-0004923,P0001650,,CPM,AGGREGATOR,2018-11-16,2019-11-16,IF,N,6722.88,6722.88,INVALID,VALID,Smith & Davies Insurance Services Ltd,14.16,6722.879999999998,2019-10-12,2026-12-31 06:00:00
ALB-CPM-0004925,P0000933,56,CPM,BROKER,2019-10-23,2020-10-22,IF,N,7910.21,7910.21,VALID,VALID,Johnson & Hughes Insurance Services Ltd,17.19,7250.9800000000005,2020-09-17,2026-12-31 06:00:00
ALB-CPM-0004929,P0000243,58,CPM,BROKER,2024-08-11,2025-08-11,RN,N,3505.65,3505.65,VALID,VALID,Baker & Williams Insurance Services Ltd,17.61,3505.679999999999,2025-07-07,2026-12-31 06:00:00
ALB-CPM-0004934,P0000833,,CPM,BROKER,2025-12-03,2026-12-03,IF,N,4701.32,4701.32,VALID,VALID,,,4701.32,2025-12-03,2026-12-31 06:00:00
ALB-CPM-0004937,P0000967,,CPM,BROKER,2022-06-21,2023-06-21,IF,N,2680.16,2680.16,VALID,VALID,OBrien & Patel Insurance Services Ltd,14.2,2680.1999999999994,2023-05-17,2026-12-31 06:00:00
ALB-CPM-0004944,P0000581,285,CPM,BROKER,2018-02-13,2019-02-13,IF,N,4928.28,4928.28,VALID,VALID,Johnson & Hall Insurance Services Ltd,21.38,4928.279999999999,2019-01-09,2026-12-31 06:00:00
ALB-CPM-0004947,P0001067,299,CPM,BROKER,2026-07-23,2027-07-23,EX,N,10096.48,4206.87,VALID,VALID,,,8413.7,2027-06-18,2026-12-31 06:00:00
ALB-CPM-0004951,P0001156,280,CPM,BROKER,2025-11-28,2026-11-28,CN,N,1932.23,1932.23,VALID,VALID,Smith & Brown Insurance Services Ltd,19.81,1932.24,2026-10-24,2026-12-31 06:00:00
ALB-CPM-0004960,P0000207,,CPM,AGGREGATOR,2019-02-16,2020-02-16,EX,N,13618.14,13618.14,VALID,VALID,Patel & Taylor Insurance Services Ltd,13.95,13618.14,2019-02-16,2026-12-31 06:00:00
ALB-CPM-0004963,P0002225,51,CPM,BROKER,2020-07-29,2021-07-29,IF,N,13235.7,13235.70,VALID,VALID,Johnson & Murphy Insurance Services Ltd,21.31,13235.7,2020-07-29,2026-12-31 06:00:00
ALB-CPM-0004965,P0000632,407,CPM,BROKER,2021-01-03,2022-01-03,IF,N,2767.86,2767.86,VALID,VALID,,,2767.86,2021-01-03,2026-12-31 06:00:00
ALB-CPM-0004976,P0000565,,CPM,BROKER,2024-03-02,2025-03-02,IF,N,11816.02,11816.02,VALID,VALID,,,11816.02,2024-03-02,2026-12-31 06:00:00
ALB-CPM-0004980,P0002715,,CPM,AGGREGATOR,2018-11-11,2019-11-11,IF,N,9207.44,9207.44,VALID,VALID,,,7672.9,2019-10-07,2026-12-31 06:00:00
ALB-CPM-0004982,P0001756,318,CPM,BROKER,2024-07-10,2025-07-10,LP,N,3145.49,3145.49,VALID,VALID,,,3145.439999999999,2025-06-05,2026-12-31 06:00:00
ALB-CPM-0004983,P0000207,,CPM,BROKER,2020-09-18,2021-09-18,EX,N,6969.48,6969.48,VALID,VALID,,,6969.48,2020-09-18,2026-12-31 06:00:00
ALB-CPM-0004984,P0001693,278,CPM,AGGREGATOR,2025-06-07,2026-06-07,EX,N,5453.66,5453.66,VALID,VALID,,,5453.640000000002,2026-05-03,2026-12-31 06:00:00
ALB-CPM-0004986,P0000608,297,CPM,DIRECT,2025-12-02,2026-12-02,LP,N,4286.4,4286.40,VALID,VALID,,,4286.399999999999,2026-10-28,2026-12-31 06:00:00
ALB-CPM-0004991,P0001224,154,CPM,BROKER,2021-02-02,2022-02-02,EX,N,13857.93,13857.93,VALID,VALID,Baker & Brown Insurance Services Ltd,14.45,12703.13,2021-12-29,2026-12-31 06:00:00
ALB-CPM-0005001,P0001147,,CPM,BROKER,2023-09-19,2024-09-18,IF,N,12198.64,12198.64,VALID,VALID,,,12198.64,2023-09-19,2026-12-31 06:00:00
ALB-CPM-0005005,P0000939,249,CPM,DIRECT,2026-08-01,2027-08-01,IF,Y,4321.31,1800.55,VALID,VALID,Wilson & Johnson Insurance Services Ltd,21.61,3961.210000000001,2027-06-27,2026-12-31 06:00:00
ALB-CPM-0005009,P0003042,,CPM,DIRECT,2018-11-13,2019-11-13,EX,N,913.89,913.89,VALID,VALID,,,913.89,2018-11-13,2026-12-31 06:00:00
ALB-CPM-0005020,P0002319,,CPM,BROKER,2023-06-22,2024-06-21,LP,N,8221.26,8221.26,VALID,VALID,Davies & Davies Insurance Services Ltd,17.73,8221.319999999998,2024-05-17,2026-12-31 06:00:00
ALB-CPM-0005026,P0002830,68,CPM,BROKER,2019-03-13,2020-03-12,IF,N,10954.09,10954.09,VALID,VALID,Patel & Taylor Insurance Services Ltd,13.95,10954.09,2019-03-13,2026-12-31 06:00:00
ALB-CPM-0005027,P0000293,338,CPM,DIRECT,2019-11-27,2020-11-26,EX,N,7333.13,7333.13,VALID,VALID,,,7333.13,2019-11-27,2026-12-31 06:00:00
ALB-CPM-0005040,P0000010,126,CPM,BROKER,2023-10-07,2024-10-06,IF,N,8180.52,8180.52,VALID,VALID,,,8180.52,2023-10-07,2026-12-31 06:00:00
ALB-CPM-0005044,P0001342,,CPM,DIRECT,2022-03-11,2023-03-11,IF,N,7508.49,7508.49,VALID,VALID,Hall & Khan Insurance Services Ltd,14.81,6882.81,2023-02-04,2026-12-31 06:00:00
ALB-CPM-0005046,P0001509,206,CPM,BROKER,2018-07-21,2019-07-21,IF,N,7620.54,7620.54,VALID,VALID,,,7620.54,2018-07-21,2026-12-31 06:00:00
ALB-CPM-0005055,P0001450,4,CPM,BROKER,2019-03-21,2020-03-20,IF,N,10041.9,10041.90,VALID,VALID,Hall & Hall Insurance Services Ltd,9.1,10041.9,2019-03-21,2026-12-31 06:00:00
ALB-CPM-0005058,P0002272,,CPM,BROKER,2020-02-25,2021-02-24,IF,N,7203.15,7203.15,VALID,VALID,Smith & Clarke Insurance Services Ltd,17.33,6602.8600000000015,2021-01-20,2026-12-31 06:00:00
ALB-CPM-0005065,P0002599,,CPM,BROKER,2019-04-20,2020-04-19,IF,N,10069.42,10069.42,VALID,VALID,,,7552.08,2020-02-14,2026-12-31 06:00:00
ALB-CPM-0005067,P0002237,402,CPM,DIRECT,2021-03-08,2022-03-08,IF,N,13856.76,13856.76,VALID,VALID,Clarke & Wright Insurance Services Ltd,11.72,13856.76,2021-03-08,2026-12-31 06:00:00
ALB-CPM-0005074,P0001631,228,CPM,DIRECT,2022-03-14,2023-03-14,IF,N,7171.1,7171.10,VALID,VALID,,,5975.900000000001,2023-02-07,2026-12-31 06:00:00
ALB-CPM-0005081,P0000733,,CPM,BROKER,2023-09-28,2024-09-27,IF,N,12848.79,12848.79,VALID,VALID,Hall & Wright Insurance Services Ltd,8.65,12848.79,2023-09-28,2026-12-31 06:00:00
ALB-CPM-0005083,P0000028,280,CPM,DIRECT,2024-07-04,2025-07-04,RN,N,9347.27,9347.27,VALID,VALID,,,9347.27,2024-07-04,2026-12-31 06:00:00
ALB-CPM-0005096,P0001781,,CPM,DIRECT,2024-04-14,2025-04-14,EX,N,12896.98,12896.98,VALID,VALID,Taylor & Walker Insurance Services Ltd,13.94,11822.25,2025-02-08,2026-12-31 06:00:00
ALB-CPM-0005102,P0003115,186,CPM,AGGREGATOR,2025-11-14,2026-11-14,IF,N,4711.55,4711.55,VALID,VALID,Clarke & Wright Insurance Services Ltd,9.41,4711.55,2025-11-14,2026-12-31 06:00:00
ALB-CPM-0005104,P0001633,464,CPM,BROKER,2022-08-14,2023-08-14,IF,N,7479.34,7479.34,VALID,VALID,Brown & Davies Insurance Services Ltd,14.49,7479.34,2022-08-14,2026-12-31 06:00:00
ALB-CPM-0005109,P0001358,303,CPM,DIRECT,2023-10-20,2024-10-19,LP,N,6400.09,6400.09,VALID,VALID,,,,,2026-12-31 06:00:00
ALB-CPM-0005130,P0001246,,CPM,DIRECT,2026-12-02,2027-12-02,IF,Y,4348.81,0.00,VALID,VALID,OBrien & Patel Insurance Services Ltd,14.2,4348.8,2027-10-28,2026-12-31 06:00:00
ALB-CPM-0005131,P0000070,143,CPM,DIRECT,2023-06-26,2024-06-25,RN,N,10459.48,10459.48,VALID,VALID,Jones & Baker Insurance Services Ltd,8.84,9587.820000000002,2024-05-21,2026-12-31 06:00:00
ALB-CPM-0005136,P0002168,,CPM,BROKER,2022-07-20,2023-07-20,IF,N,13975.75,13975.75,VALID,VALID,,,13975.75,2022-07-20,2026-12-31 06:00:00
ALB-CPM-0005137,P0002069,,CPM,BROKER,2022-06-12,2023-06-12,IF,N,2050.48,2050.48,VALID,VALID,,,1537.83,2023-04-08,2026-12-31 06:00:00
ALB-CPM-0005143,P0001021,,CPM,DIRECT,2024-04-06,2025-04-06,IF,N,10234.26,10234.26,VALID,VALID,Williams & Williams Insurance Services Ltd,18.19,10234.26,2024-04-06,2026-12-31 06:00:00
ALB-CPM-0005148,P0001864,485,CPM,BROKER,2026-10-27,2027-10-27,IF,N,8760.81,1460.14,VALID,VALID,Walker & Wright Insurance Services Ltd,10.74,8760.81,2026-10-27,2026-12-31 06:00:00
ALB-CPM-0005156,P0000165,350,CPM,DIRECT,2025-03-24,2026-03-24,IF,N,8928.38,8928.38,VALID,VALID,Hall & Baker Insurance Services Ltd,14.43,7440.299999999998,2026-01-18,2026-12-31 06:00:00
ALB-CPM-0005162,P0002071,,CPM,BROKER,2021-09-10,2022-09-10,LP,N,4775.89,4775.89,VALID,VALID,,,4775.879999999999,2022-08-06,2026-12-31 06:00:00
ALB-CPM-0005163,P0001972,,CPM,DIRECT,2020-10-12,2021-10-12,EX,N,13052.74,13052.74,VALID,VALID,,,13052.74,2020-10-12,2026-12-31 06:00:00
ALB-CPM-0005164,P0000428,295,CPM,DIRECT,2025-02-05,2026-02-05,RN,N,8673.28,8673.28,INVALID,VALID,,,7950.470000000001,2026-01-01,2026-12-31 06:00:00
ALB-CPM-0005166,P0000604,287,CPM,AGGREGATOR,2018-10-03,2019-10-03,LP,N,7428.65,7428.65,VALID,VALID,,,,,2026-12-31 06:00:00
ALB-CPM-0005168,P0000600,4,CPM,BROKER,2025-08-28,2026-08-28,CN,N,9192.2,9192.20,VALID,VALID,Johnson & Murphy Insurance Services Ltd,21.31,9192.240000000002,2026-07-24,2026-12-31 06:00:00
ALB-CPM-0005170,P0002736,,CPM,AGGREGATOR,2026-03-13,2027-03-13,RN,N,9461.14,7095.86,VALID,VALID,Davies & Hughes Insurance Services Ltd,15.18,8672.730000000001,2027-02-06,2026-12-31 06:00:00
ALB-CPM-0005171,P0001774,493,CPM,BROKER,2026-04-27,2027-04-27,IF,N,6886.73,4591.15,VALID,VALID,Davies & Wright Insurance Services Ltd,13.6,6886.73,2026-04-27,2026-12-31 06:00:00
ALB-CPM-0005189,P0002432,80,CPM,DIRECT,2024-03-03,2025-03-03,RN,N,5994.64,5994.64,VALID,VALID,,,5994.64,2024-03-03,2026-12-31 06:00:00
ALB-CPM-0005192,P0001756,318,CPM,BROKER,2018-07-25,2019-07-25,RN,N,5926.77,5926.77,VALID,VALID,,,5926.77,2018-07-25,2026-12-31 06:00:00
ALB-CPM-0005199,P0000192,111,CPM,DIRECT,2025-01-13,2026-01-13,IF,N,3662.25,3662.25,VALID,VALID,Green & Jones Insurance Services Ltd,21.44,3662.25,2025-01-13,2026-12-31 06:00:00
ALB-HOM-0000002,P0002309,321,HOM,DIRECT,2019-07-24,2020-07-23,IF,N,757.02,757.02,VALID,VALID,Hall & Baker Insurance Services Ltd,14.43,757.0800000000003,2020-06-18,2026-12-31 06:00:00
ALB-HOM-0000006,P0001162,,HOM,DIRECT,2022-04-15,2023-04-15,IF,N,1027.16,1027.16,VALID,VALID,,,856.0000000000001,2023-03-11,2026-12-31 06:00:00
ALB-HOM-0000013,P0002331,,HOM,DIRECT,2020-06-19,2021-06-19,IF,N,3913.03,3913.03,VALID,VALID,Davies & Hughes Insurance Services Ltd,15.18,3913.03,2020-06-19,2026-12-31 06:00:00
ALB-HOM-0000018,P0002718,114,HOM,BROKER,2020-08-06,2021-08-06,RN,N,1234.96,1234.96,VALID,VALID,,,1234.96,2020-08-06,2026-12-31 06:00:00
ALB-HOM-0000022,P0001311,370,HOM,DIRECT,2026-07-15,2027-07-15,IF,Y,2872.78,1196.99,VALID,VALID,,,2633.4000000000005,2027-06-10,2026-12-31 06:00:00
ALB-HOM-0000042,P0001597,435,HOM,BROKER,2023-09-09,2024-09-08,LP,N,3471.99,3471.99,VALID,VALID,Khan & Smith Insurance Services Ltd,17.81,3471.99,2023-09-09,2026-12-31 06:00:00
ALB-HOM-0000050,P0000325,277,HOM,DIRECT,2018-01-29,2019-01-29,RN,N,357.53,357.53,VALID,VALID,Green & Patel Insurance Services Ltd,10.9,327.69,2018-12-25,2026-12-31 06:00:00
ALB-HOM-0000055,P0001228,300,HOM,AGGREGATOR,2018-03-10,2019-03-10,LP,N,3817.46,3817.46,VALID,VALID,,,3817.46,2018-03-10,2026-12-31 06:00:00
ALB-HOM-0000063,P0000045,,HOM,BROKER,2025-12-24,2026-12-24,IF,Y,3453.31,3453.31,VALID,VALID,,,3453.3599999999988,2026-11-19,2026-12-31 06:00:00
ALB-HOM-0000070,P0001705,274,HOM,DIRECT,2020-10-03,2021-10-03,LP,N,2130.96,2130.96,VALID,VALID,,,1953.3799999999997,2021-08-29,2026-12-31 06:00:00
ALB-HOM-0000082,P0002356,,HOM,BROKER,2019-04-22,2020-04-21,LP,N,1165.86,1165.86,VALID,VALID,,,874.3499999999999,2020-03-17,2026-12-31 06:00:00
ALB-HOM-0000103,P0001822,,HOM,DIRECT,2025-01-05,2026-01-05,IF,N,382.95,382.95,INVALID,VALID,,,351.01000000000005,2025-12-01,2026-12-31 06:00:00
ALB-HOM-0000109,P0002700,,HOM,BROKER,2023-04-13,2024-04-12,LP,N,4185.5,4185.50,VALID,VALID,Baker & Brown Insurance Services Ltd,14.45,3836.69,2024-03-08,2026-12-31 06:00:00
ALB-HOM-0000113,P0000518,294,HOM,BROKER,2019-02-03,2020-02-03,IF,N,1544.81,1544.81,VALID,VALID,Taylor & Johnson Insurance Services Ltd,17.25,1544.81,2019-02-03,2026-12-31 06:00:00
ALB-HOM-0000116,P0001591,397,HOM,DIRECT,2018-07-14,2019-07-14,EX,N,610.76,610.76,VALID,VALID,Wilson & Wright Insurance Services Ltd,7.87,610.76,2018-07-14,2026-12-31 06:00:00
ALB-HOM-0000117,P0001944,,HOM,AGGREGATOR,2021-09-14,2022-09-14,CN,N,555.35,555.35,VALID,VALID,Jones & Baker Insurance Services Ltd,8.84,555.3599999999999,2022-08-10,2026-12-31 06:00:00
ALB-HOM-0000124,P0000681,311,HOM,DIRECT,2021-04-20,2022-04-20,LP,N,866.21,866.21,VALID,VALID,Johnson & Murphy Insurance Services Ltd,17.99,866.21,2021-04-20,2026-12-31 06:00:00
ALB-HOM-0000135,P0001972,,HOM,DIRECT,2026-07-23,2027-07-23,IF,Y,408.04,170.02,VALID,VALID,Smith & Walker Insurance Services Ltd,18.79,374.0,2027-06-18,2026-12-31 06:00:00
ALB-HOM-0000138,P0001378,179,HOM,DIRECT,2020-06-05,2021-06-05,IF,N,604.11,604.11,VALID,VALID,,,604.0800000000002,2021-05-01,2026-12-31 06:00:00
ALB-HOM-0000140,P0001501,442,HOM,DIRECT,2020-01-12,2021-01-11,IF,N,3067.68,3067.68,VALID,VALID,Baker & Hughes Insurance Services Ltd,13.91,3067.68,2020-01-12,2026-12-31 06:00:00
ALB-HOM-0000146,P0002340,,HOM,BROKER,2023-01-07,2024-01-07,IF,N,860.96,860.96,VALID,VALID,Hall & Khan Insurance Services Ltd,14.81,860.96,2023-01-07,2026-12-31 06:00:00
ALB-HOM-0000150,P0003074,480,HOM,BROKER,2019-06-27,2020-06-26,LP,N,860.48,860.48,VALID,VALID,Green & Murphy Insurance Services Ltd,11.43,788.8100000000001,2020-05-22,2026-12-31 06:00:00
ALB-HOM-0000154,P0001744,,HOM,BROKER,2020-01-06,2021-01-05,RN,N,3169.61,3169.61,VALID,VALID,Wilson & Johnson Insurance Services Ltd,21.61,2905.4300000000007,2020-12-01,2026-12-31 06:00:00
ALB-HOM-0000157,P0003027,19,HOM,BROKER,2026-01-11,2027-01-11,IF,N,2263.39,2074.77,VALID,VALID,,,2263.39,2026-01-11,2026-12-31 06:00:00
ALB-HOM-0000159,P0001206,,HOM,BROKER,2020-10-28,2021-10-28,LP,N,736.04,736.04,VALID,VALID,Khan & Smith Insurance Services Ltd,17.81,736.04,2020-10-28,2026-12-31 06:00:00
ALB-HOM-0000169,P0001902,,HOM,DIRECT,2019-08-22,2020-08-21,EX,N,3302.94,3302.94,VALID,VALID,,,3303.0,2020-07-17,2026-12-31 06:00:00
ALB-HOM-0000182,P0001208,356,HOM,BROKER,2018-03-03,2019-03-03,IF,N,2026.91,2026.91,VALID,VALID,Hall & Baker Insurance Services Ltd,14.43,2026.91,2018-03-03,2026-12-31 06:00:00
ALB-HOM-0000183,P0001185,,HOM,DIRECT,2023-01-03,2024-01-03,RN,N,2706.61,2706.61,VALID,VALID,Green & Murphy Insurance Services Ltd,11.43,2706.61,2023-01-03,2026-12-31 06:00:00
ALB-HOM-0000186,P0001091,,HOM,DIRECT,2022-11-04,2023-11-04,LP,N,1353.19,1353.19,VALID,VALID,Smith & Davies Insurance Services Ltd,14.16,1353.24,2023-09-30,2026-12-31 06:00:00
ALB-HOM-0000199,P0002733,,HOM,AGGREGATOR,2022-02-03,2023-02-03,RN,N,1833.25,1833.25,VALID,VALID,,,1680.47,2022-12-30,2026-12-31 06:00:00
ALB-HOM-0000203,P0001983,48,HOM,BROKER,2024-11-07,2025-11-07,IF,N,1308.1,1308.10,VALID,VALID,,,1308.1,2024-11-07,2026-12-31 06:00:00
ALB-HOM-0000205,P0001202,151,HOM,BROKER,2025-06-23,2026-06-23,LP,N,2115.28,2115.28,VALID,VALID,Baker & Hughes Insurance Services Ltd,13.91,1938.97,2026-05-19,2026-12-31 06:00:00
ALB-HOM-0000207,P0002629,63,HOM,DIRECT,2026-03-21,2027-03-21,RN,N,4062.55,3046.91,VALID,VALID,,,3724.0500000000006,2027-02-14,2026-12-31 06:00:00
ALB-HOM-0000216,P0000909,416,HOM,BROKER,2025-11-30,2026-11-30,IF,N,339.83,339.83,VALID,VALID,Taylor & Wilson Insurance Services Ltd,14.3,311.52,2026-10-26,2026-12-31 06:00:00
ALB-HOM-0000224,P0002359,,HOM,BROKER,2024-04-08,2025-04-08,CN,N,605.25,605.25,VALID,VALID,,,605.28,2025-03-04,2026-12-31 06:00:00
ALB-HOM-0000233,P0000498,362,HOM,DIRECT,2026-10-18,2027-10-18,IF,N,935.07,155.85,VALID,VALID,Baker & Wright Insurance Services Ltd,22.1,935.07,2026-10-18,2026-12-31 06:00:00
ALB-HOM-0000235,P0002208,312,HOM,BROKER,2019-04-16,2020-04-15,RN,N,3753.18,3753.18,VALID,VALID,,,3440.3600000000006,2020-03-11,2026-12-31 06:00:00
ALB-HOM-0000236,P0000434,,HOM,AGGREGATOR,2021-09-13,2022-09-13,EX,N,2230.62,2230.62,VALID,VALID,,,,,2026-12-31 06:00:00
ALB-HOM-0000246,P0001990,,HOM,BROKER,2025-09-16,2026-09-16,LP,N,723.54,723.54,VALID,VALID,,,723.54,2025-09-16,2026-12-31 06:00:00
ALB-HOM-0000252,P0000837,,HOM,AGGREGATOR,2026-07-18,2027-07-18,RN,N,2257.32,940.55,VALID,VALID,Jones & Baker Insurance Services Ltd,8.84,2069.2100000000005,2027-06-13,2026-12-31 06:00:00
ALB-HOM-0000255,P0000390,,HOM,BROKER,2020-06-03,2021-06-03,IF,N,3553.4,3553.40,VALID,VALID,Khan & Smith Insurance Services Ltd,17.81,3553.4,2020-06-03,2026-12-31 06:00:00
ALB-HOM-0000261,P0001486,,HOM,DIRECT,2018-09-29,2019-09-29,IF,N,4138.82,4138.82,VALID,VALID,Jones & Baker Insurance Services Ltd,8.84,3793.9000000000005,2019-08-25,2026-12-31 06:00:00
ALB-HOM-0000274,P0001380,,HOM,BROKER,2022-12-18,2023-12-18,RN,N,3587.78,3587.78,VALID,VALID,,,3587.76,2023-11-13,2026-12-31 06:00:00
ALB-HOM-0000278,P0002382,,HOM,BROKER,2019-11-15,2020-11-14,IF,N,3633.09,3633.09,VALID,VALID,Patel & Clarke Insurance Services Ltd,9.04,3330.3600000000006,2020-10-10,2026-12-31 06:00:00
ALB-HOM-0000280,P0001329,,HOM,BROKER,2018-01-18,2019-01-18,RN,N,1227.86,1227.86,VALID,VALID,,,1227.86,2018-01-18,2026-12-31 06:00:00
ALB-HOM-0000281,P0000912,139,HOM,BROKER,2019-09-07,2020-09-06,IF,N,4113.43,4113.43,VALID,VALID,Walker & OBrien Insurance Services Ltd,10.5,4113.43,2019-09-07,2026-12-31 06:00:00
ALB-HOM-0000282,P0003083,,HOM,AGGREGATOR,2025-10-06,2026-10-06,CN,N,3118.3,3118.30,VALID,VALID,Brown & Davies Insurance Services Ltd,14.49,3118.3,2025-10-06,2026-12-31 06:00:00
ALB-HOM-0000289,P0001833,211,HOM,AGGREGATOR,2024-04-01,2025-04-01,EX,N,1923.41,1923.41,VALID,VALID,Smith & Clarke Insurance Services Ltd,17.33,1923.41,2024-04-01,2026-12-31 06:00:00
ALB-HOM-0000291,P0002010,342,HOM,BROKER,2026-03-21,2027-03-21,RN,N,714.94,536.21,VALID,VALID,Jones & Baker Insurance Services Ltd,8.84,655.38,2027-02-14,2026-12-31 06:00:00
ALB-HOM-0000307,P0000613,,HOM,DIRECT,2019-08-03,2020-08-02,LP,N,1416.05,1416.05,VALID,VALID,,,1416.05,2019-08-03,2026-12-31 06:00:00
ALB-HOM-0000308,P0000992,,HOM,BROKER,2018-05-20,2019-05-20,IF,N,2177.05,2177.05,VALID,VALID,OBrien & Patel Insurance Services Ltd,14.2,2177.05,2018-05-20,2026-12-31 06:00:00
ALB-HOM-0000311,P0000289,241,HOM,BROKER,2026-07-17,2027-07-17,EX,N,330.67,137.78,VALID,VALID,Baker & Wright Insurance Services Ltd,22.1,330.71999999999997,2027-06-12,2026-12-31 06:00:00
ALB-HOM-0000313,P0002711,,HOM,BROKER,2019-08-12,2020-08-11,EX,N,1209.67,1209.67,VALID,VALID,OBrien & Green Insurance Services Ltd,17.85,1209.67,2019-08-12,2026-12-31 06:00:00
ALB-HOM-0000321,P0002629,63,HOM,BROKER,2024-03-13,2025-03-13,IF,N,1629.69,1629.69,VALID,VALID,Taylor & Wilson Insurance Services Ltd,14.3,1629.69,2024-03-13,2026-12-31 06:00:00
ALB-HOM-0000330,P0002354,,HOM,DIRECT,2023-05-05,2024-05-04,RN,N,4068.81,4068.81,VALID,VALID,Hall & Khan Insurance Services Ltd,14.81,4068.8400000000006,2024-03-30,2026-12-31 06:00:00
ALB-HOM-0000335,P0000898,157,HOM,BROKER,2018-01-31,2019-01-31,RN,N,4130.97,4130.97,VALID,VALID,Walker & OBrien Insurance Services Ltd,10.5,4130.97,2018-01-31,2026-12-31 06:00:00
ALB-HOM-0000339,P0003088,,HOM,BROKER,2024-02-09,2025-02-08,IF,N,2065.86,2065.86,VALID,VALID,Hall & Wright Insurance Services Ltd,8.65,2065.86,2024-02-09,2026-12-31 06:00:00
ALB-HOM-0000362,P0001942,451,HOM,DIRECT,2020-02-09,2021-02-08,RN,N,3780.19,3780.19,VALID,VALID,Baker & Wright Insurance Services Ltd,22.1,3780.19,2020-02-09,2026-12-31 06:00:00
ALB-HOM-0000371,P0000682,268,HOM,BROKER,2026-10-09,2027-10-09,RN,N,3527.56,587.93,VALID,VALID,,,3527.56,2026-10-09,2026-12-31 06:00:00
ALB-HOM-0000375,P0001213,,HOM,DIRECT,2022-09-20,2023-09-20,IF,N,1706.98,1706.98,VALID,VALID,Smith & Davies Insurance Services Ltd,14.16,1564.75,2023-08-16,2026-12-31 06:00:00
ALB-HOM-0000378,P0003118,,HOM,BROKER,2025-10-30,2026-10-30,IF,N,1339.91,1339.91,VALID,VALID,,,1339.91,2025-10-30,2026-12-31 06:00:00
ALB-HOM-0000383,P0002196,332,HOM,BROKER,2022-10-20,2023-10-20,RN,N,1882.16,1882.16,VALID,VALID,,,1882.16,2022-10-20,2026-12-31 06:00:00
ALB-HOM-0000384,P0000687,245,HOM,DIRECT,2025-01-13,2026-01-13,IF,N,1082.49,1082.49,VALID,VALID,,,811.8900000000001,2025-10-10,2026-12-31 06:00:00
ALB-HOM-0000392,P0002932,,HOM,AGGREGATOR,2020-05-08,2021-05-08,RN,N,4043.93,4043.93,VALID,VALID,Davies & Taylor Insurance Services Ltd,14.09,3706.8899999999994,2021-04-03,2026-12-31 06:00:00
ALB-HOM-0000393,P0000559,477,HOM,AGGREGATOR,2019-09-20,2020-09-19,RN,N,3843.11,3843.11,VALID,VALID,Taylor & Murphy Insurance Services Ltd,20.48,3843.120000000001,2020-08-15,2026-12-31 06:00:00
ALB-HOM-0000397,P0000802,359,HOM,BROKER,2025-12-02,2026-12-02,LP,N,944.5,944.50,VALID,VALID,Brown & Davies Insurance Services Ltd,14.49,944.5200000000001,2026-10-28,2026-12-31 06:00:00
ALB-HOM-0000399,P0001014,6,HOM,BROKER,2020-03-31,2021-03-31,LP,N,582.79,582.79,VALID,VALID,Smith & Walker Insurance Services Ltd,18.79,534.27,2021-02-24,2026-12-31 06:00:00
ALB-HOM-0000406,P0001856,,HOM,DIRECT,2021-09-26,2022-09-26,IF,N,846.6,846.60,VALID,VALID,Taylor & Murphy Insurance Services Ltd,20.48,776.0499999999998,2022-08-22,2026-12-31 06:00:00
ALB-HOM-0000411,P0002709,472,HOM,DIRECT,2023-03-04,2024-03-03,IF,N,1845.69,1845.69,VALID,VALID,Davies & Hughes Insurance Services Ltd,15.18,1691.9099999999996,2024-01-28,2026-12-31 06:00:00
ALB-HOM-0000426,P0001435,,HOM,BROKER,2020-09-06,2021-09-06,RN,N,2085.31,2085.31,VALID,VALID,Davies & Green Insurance Services Ltd,7.72,1911.58,2021-08-02,2026-12-31 06:00:00
ALB-HOM-0000428,P0000944,316,HOM,BROKER,2020-07-19,2021-07-19,IF,N,982.79,982.79,VALID,VALID,,,982.79,2020-07-19,2026-12-31 06:00:00
ALB-HOM-0000441,P0001219,,HOM,BROKER,2023-03-18,2024-03-17,EX,N,3116.03,3116.03,VALID,VALID,Johnson & Murphy Insurance Services Ltd,21.31,3116.0400000000004,2024-02-11,2026-12-31 06:00:00
ALB-HOM-0000442,P0001167,,HOM,BROKER,2022-05-07,2023-05-07,RN,N,2228.87,2228.87,VALID,VALID,,,2228.88,2023-04-02,2026-12-31 06:00:00
ALB-HOM-0000471,P0001768,,HOM,BROKER,2021-07-13,2022-07-13,RN,N,474.55,474.55,VALID,VALID,,,395.50000000000006,2022-06-08,2026-12-31 06:00:00
ALB-HOM-0000482,P0002094,,HOM,BROKER,2021-06-28,2022-06-28,RN,N,3620.14,3620.14,VALID,VALID,,,3620.14,2021-06-28,2026-12-31 06:00:00
ALB-HOM-0000494,P0002360,257,HOM,DIRECT,2021-11-17,2022-11-17,RN,N,1185.77,1185.77,VALID,VALID,,,1185.77,2021-11-17,2026-12-31 06:00:00
ALB-HOM-0000504,P0000985,232,HOM,BROKER,2024-07-15,2025-07-15,RN,N,3502.13,3502.13,VALID,VALID,Baker & Wright Insurance Services Ltd,22.1,,,2026-12-31 06:00:00
ALB-HOM-0000508,P0001602,,HOM,AGGREGATOR,2022-06-06,2023-06-06,RN,N,453.36,453.36,VALID,VALID,Wilson & Johnson Insurance Services Ltd,21.61,453.3599999999999,2023-05-02,2026-12-31 06:00:00
ALB-HOM-0000510,P0002870,96,HOM,BROKER,2022-05-12,2023-05-12,EX,N,2880.51,2880.51,VALID,VALID,Wilson & Wright Insurance Services Ltd,7.87,2880.48,2023-04-07,2026-12-31 06:00:00
ALB-HOM-0000518,P0001269,220,HOM,AGGREGATOR,2024-03-11,2025-03-11,EX,N,3183.53,3183.53,VALID,VALID,Hall & Baker Insurance Services Ltd,14.43,2918.19,2025-02-04,2026-12-31 06:00:00
ALB-HOM-0000520,P0003083,,HOM,BROKER,2020-06-02,2021-06-02,IF,N,833.48,833.48,VALID,VALID,,,833.5200000000001,2021-04-28,2026-12-31 06:00:00
ALB-HOM-0000530,P0000090,111,HOM,DIRECT,2019-04-11,2020-04-10,RN,N,2353.52,2353.52,VALID,VALID,Smith & Clarke Insurance Services Ltd,17.33,2157.4300000000003,2020-03-06,2026-12-31 06:00:00
ALB-HOM-0000532,P0001870,,HOM,BROKER,2018-01-20,2019-01-20,LP,N,1050.5,1050.50,VALID,VALID,,,1050.4799999999998,2018-12-16,2026-12-31 06:00:00
ALB-HOM-0000533,P0003179,,HOM,BROKER,2020-07-20,2021-07-20,RN,N,3762.49,3762.49,VALID,VALID,Khan & Smith Insurance Services Ltd,17.81,3448.94,2021-06-15,2026-12-31 06:00:00
ALB-HOM-0000541,P0000075,162,HOM,AGGREGATOR,2018-10-03,2019-10-03,RN,N,1944.15,1944.15,VALID,VALID,,,1944.12,2019-08-29,2026-12-31 06:00:00
ALB-HOM-0000549,P0002835,221,HOM,AGGREGATOR,2020-01-24,2021-01-23,IF,N,492.94,492.94,VALID,VALID,Williams & Hall Insurance Services Ltd,14.19,492.94,2020-01-24,2026-12-31 06:00:00
ALB-HOM-0000568,P0002605,181,HOM,BROKER,2018-11-14,2019-11-14,CN,N,3464.5,3464.50,VALID,VALID,,,3464.52,2019-10-10,2026-12-31 06:00:00
ALB-HOM-0000571,P0002235,474,HOM,AGGREGATOR,2019-07-22,2020-07-21,IF,N,554.56,554.56,VALID,VALID,Davies & Wright Insurance Services Ltd,13.6,554.56,2019-07-22,2026-12-31 06:00:00
ALB-HOM-0000581,P0001798,262,HOM,AGGREGATOR,2023-10-16,2024-10-15,EX,N,2380.35,2380.35,VALID,VALID,OBrien & Green Insurance Services Ltd,17.85,2380.3200000000006,2024-09-10,2026-12-31 06:00:00
ALB-HOM-0000584,P0002914,,HOM,BROKER,2021-11-16,2022-11-16,IF,N,939.4,939.40,INVALID,VALID,Smith & Davies Insurance Services Ltd,14.16,939.3599999999998,2022-10-12,2026-12-31 06:00:00
ALB-HOM-0000586,P0000966,114,HOM,BROKER,2026-05-30,2027-05-30,IF,Y,2358.0,1375.50,VALID,VALID,Johnson & Hall Insurance Services Ltd,21.38,2358.0,2027-04-25,2026-12-31 06:00:00
ALB-HOM-0000596,P0001078,,HOM,BROKER,2023-01-07,2024-01-07,RN,N,2146.2,2146.20,VALID,VALID,Hall & Baker Insurance Services Ltd,14.43,1788.4999999999995,2023-12-03,2026-12-31 06:00:00
ALB-HOM-0000597,P0000740,,HOM,DIRECT,2021-08-24,2022-08-24,CN,N,3964.98,3964.98,VALID,VALID,,,3964.98,2021-08-24,2026-12-31 06:00:00
ALB-HOM-0000598,P0003157,488,HOM,BROKER,2025-03-15,2026-03-15,LP,N,3681.12,3681.12,VALID,VALID,Hall & Hall Insurance Services Ltd,9.1,3681.12,2025-03-15,2026-12-31 06:00:00
ALB-HOM-0000606,P0002735,,HOM,DIRECT,2025-01-28,2026-01-28,RN,N,1163.1,1163.10,VALID,VALID,Hall & Wright Insurance Services Ltd,8.65,1163.04,2025-12-24,2026-12-31 06:00:00
ALB-HOM-0000607,P0001265,,HOM,AGGREGATOR,2024-11-28,2025-11-28,IF,N,4003.42,4003.42,VALID,VALID,,,4003.439999999999,2025-10-24,2026-12-31 06:00:00
ALB-HOM-0000608,P0001839,,HOM,BROKER,2020-07-25,2021-07-25,CN,N,2138.36,2138.36,VALID,VALID,Davies & Green Insurance Services Ltd,7.72,2138.36,2020-07-25,2026-12-31 06:00:00
ALB-HOM-0000627,P0002338,413,HOM,AGGREGATOR,2019-03-23,2020-03-22,IF,N,2737.68,2737.68,VALID,VALID,,,2737.679999999999,2020-02-16,2026-12-31 06:00:00
ALB-HOM-0000628,P0002016,,HOM,AGGREGATOR,2020-12-27,2021-12-27,IF,N,2773.3,2773.30,VALID,VALID,,,2773.3,2020-12-27,2026-12-31 06:00:00
ALB-HOM-0000632,P0002093,160,HOM,BROKER,2020-07-01,2021-07-01,EX,N,3749.77,3749.77,VALID,VALID,,,3749.76,2021-05-27,2026-12-31 06:00:00
ALB-HOM-0000638,P0000546,125,HOM,BROKER,2025-05-09,2026-05-09,LP,N,3316.97,3316.97,INVALID,VALID,Hall & Wright Insurance Services Ltd,8.65,3316.97,2025-05-09,2026-12-31 06:00:00
ALB-HOM-0000640,P0001830,,HOM,BROKER,2025-03-25,2026-03-25,CN,N,3816.92,3816.92,VALID,VALID,Green & Murphy Insurance Services Ltd,11.43,3498.8799999999997,2026-02-18,2026-12-31 06:00:00
ALB-HOM-0000643,P0002770,,HOM,AGGREGATOR,2024-08-07,2025-08-07,LP,N,1573.0,1573.00,VALID,VALID,,,1441.8799999999999,2025-07-03,2026-12-31 06:00:00
ALB-HOM-0000646,P0001156,280,HOM,BROKER,2026-09-01,2027-09-01,IF,Y,2691.11,897.04,VALID,VALID,Green & Patel Insurance Services Ltd,10.9,2691.12,2027-07-28,2026-12-31 06:00:00
ALB-HOM-0000656,P0000352,418,HOM,BROKER,2020-10-10,2021-10-10,EX,N,3933.09,3933.09,VALID,VALID,Walker & Wright Insurance Services Ltd,10.74,3933.120000000001,2021-09-05,2026-12-31 06:00:00
ALB-HOM-0000666,P0003084,,HOM,DIRECT,2023-10-17,2024-10-16,IF,N,2077.63,2077.63,VALID,VALID,Baker & Brown Insurance Services Ltd,14.45,2077.6799999999994,2024-09-11,2026-12-31 06:00:00
ALB-HOM-0000668,P0002699,428,HOM,BROKER,2026-12-24,2027-12-24,IF,Y,1457.68,0.00,VALID,VALID,,,1093.23,2027-11-19,2026-12-31 06:00:00
ALB-HOM-0000677,P0002205,313,HOM,BROKER,2018-11-14,2019-11-14,RN,N,696.91,696.91,VALID,VALID,Johnson & Hughes Insurance Services Ltd,17.19,638.88,2019-10-10,2026-12-31 06:00:00
ALB-HOM-0000678,P0001538,343,HOM,BROKER,2024-09-14,2025-09-14,RN,N,1031.97,1031.97,VALID,VALID,Williams & Williams Insurance Services Ltd,18.19,946.0,2025-08-10,2026-12-31 06:00:00
ALB-HOM-0000680,P0001034,,HOM,BROKER,2022-11-08,2023-11-08,IF,N,4139.47,4139.47,VALID,VALID,Robinson & Brown Insurance Services Ltd,15.85,3449.6,2023-10-04,2026-12-31 06:00:00
ALB-HOM-0000692,P0001460,358,HOM,BROKER,2025-01-08,2026-01-08,IF,N,2779.9,2779.90,VALID,VALID,,,2779.9,2025-01-08,2026-12-31 06:00:00
ALB-HOM-0000705,P0002692,,HOM,DIRECT,2026-03-18,2027-03-18,CN,N,2953.34,2215.01,VALID,VALID,,,2707.210000000001,2027-02-11,2026-12-31 06:00:00
ALB-HOM-0000712,P0002556,49,HOM,BROKER,2026-02-18,2027-02-18,LP,N,1487.47,1239.56,VALID,VALID,Clarke & Davies Insurance Services Ltd,10.43,1487.47,2026-02-18,2026-12-31 06:00:00
ALB-HOM-0000718,P0002628,472,HOM,BROKER,2021-01-09,2022-01-09,IF,N,3049.1,3049.10,VALID,VALID,Johnson & Murphy Insurance Services Ltd,17.99,3049.0800000000004,2021-12-05,2026-12-31 06:00:00
ALB-HOM-0000721,P0003107,,HOM,AGGREGATOR,2022-05-14,2023-05-14,CN,N,1338.01,1338.01,INVALID,VALID,,,1338.01,2022-05-14,2026-12-31 06:00:00
ALB-HOM-0000726,P0002314,,HOM,DIRECT,2020-11-13,2021-11-13,EX,N,4020.94,4020.94,VALID,VALID,Wilson & OBrien Insurance Services Ltd,9.12,4020.9599999999996,2021-10-09,2026-12-31 06:00:00
ALB-HOM-0000733,P0000379,166,HOM,AGGREGATOR,2021-10-18,2022-10-18,IF,N,3695.54,3695.54,VALID,VALID,Patel & Wilson Insurance Services Ltd,12.84,3387.56,2022-09-13,2026-12-31 06:00:00
ALB-HOM-0000740,P0000420,382,HOM,BROKER,2021-02-10,2022-02-10,IF,N,414.73,414.73,VALID,VALID,Johnson & Hughes Insurance Services Ltd,17.19,414.73,2021-02-10,2026-12-31 06:00:00
ALB-HOM-0000742,P0000702,,HOM,BROKER,2024-10-23,2025-10-23,RN,N,1619.66,1619.66,VALID,VALID,,,1619.64,2025-09-18,2026-12-31 06:00:00
ALB-HOM-0000743,P0001833,211,HOM,BROKER,2022-09-03,2023-09-03,IF,N,2209.84,2209.84,VALID,VALID,,,2025.6500000000005,2023-07-30,2026-12-31 06:00:00
ALB-HOM-0000745,P0002257,218,HOM,AGGREGATOR,2020-05-25,2021-05-25,IF,N,3294.06,3294.06,VALID,VALID,Davies & Hughes Insurance Services Ltd,15.18,3294.06,2020-05-25,2026-12-31 06:00:00
ALB-HOM-0000746,P0002802,126,HOM,BROKER,2018-06-26,2019-06-26,IF,N,4189.95,4189.95,VALID,VALID,,,,,2026-12-31 06:00:00
ALB-HOM-0000748,P0002078,,HOM,DIRECT,2021-08-19,2022-08-19,EX,N,894.38,894.38,VALID,VALID,,,819.8299999999998,2022-07-15,2026-12-31 06:00:00
ALB-HOM-0000754,P0000412,462,HOM,BROKER,2019-03-02,2020-03-01,RN,N,945.55,945.55,VALID,VALID,,,945.55,2019-03-02,2026-12-31 06:00:00
ALB-HOM-0000759,P0000194,,HOM,BROKER,2020-01-28,2021-01-27,IF,N,896.62,896.62,VALID,VALID,Smith & Brown Insurance Services Ltd,19.81,896.6400000000002,2020-12-23,2026-12-31 06:00:00
ALB-HOM-0000763,P0001052,276,HOM,DIRECT,2018-07-14,2019-07-14,RN,N,3050.38,3050.38,VALID,VALID,,,3050.38,2018-07-14,2026-12-31 06:00:00
ALB-HOM-0000764,P0002841,,HOM,BROKER,2018-11-04,2019-11-04,IF,N,341.29,341.29,INVALID,VALID,,,341.28000000000003,2019-09-30,2026-12-31 06:00:00
ALB-HOM-0000768,P0001395,236,HOM,BROKER,2020-01-13,2021-01-12,IF,N,2305.79,2305.79,VALID,VALID,Hall & Khan Insurance Services Ltd,14.81,2305.8000000000006,2020-12-08,2026-12-31 06:00:00
ALB-HOM-0000771,P0002801,,HOM,AGGREGATOR,2020-11-27,2021-11-27,RN,N,2519.5,2519.50,VALID,VALID,,,2519.5,2020-11-27,2026-12-31 06:00:00
ALB-HOM-0000778,P0002612,,HOM,BROKER,2021-10-04,2022-10-04,LP,N,3308.68,3308.68,VALID,VALID,,,3308.6400000000012,2022-08-30,2026-12-31 06:00:00
ALB-HOM-0000783,P0001813,,HOM,BROKER,2024-12-24,2025-12-24,RN,N,2319.53,2319.53,VALID,VALID,,,2319.53,2024-12-24,2026-12-31 06:00:00
ALB-HOM-0000791,P0002678,,HOM,BROKER,2019-09-13,2020-09-12,LP,N,842.98,842.98,VALID,VALID,,,842.98,2019-09-13,2026-12-31 06:00:00
ALB-HOM-0000801,P0002142,,HOM,DIRECT,2026-02-26,2027-02-26,IF,Y,2039.58,1699.65,VALID,VALID,Johnson & Hughes Insurance Services Ltd,17.19,2039.64,2027-01-22,2026-12-31 06:00:00
ALB-HOM-0000802,P0002376,73,HOM,DIRECT,2026-11-24,2027-11-24,LP,N,2318.94,193.25,VALID,VALID,,,1932.5,2027-10-20,2026-12-31 06:00:00
ALB-HOM-0000812,P0002412,,HOM,DIRECT,2019-07-03,2020-07-02,RN,N,3938.76,3938.76,VALID,VALID,Davies & Hughes Insurance Services Ltd,15.18,3938.76,2019-07-03,2026-12-31 06:00:00
ALB-HOM-0000817,P0001717,47,HOM,DIRECT,2025-09-02,2026-09-02,IF,N,1699.21,1699.21,VALID,VALID,Wilson & Wright Insurance Services Ltd,7.87,1699.1999999999996,2026-07-29,2026-12-31 06:00:00
ALB-HOM-0000828,P0001881,,HOM,DIRECT,2019-06-23,2020-06-22,CN,N,3290.67,3290.67,VALID,VALID,,,3016.420000000001,2020-04-18,2026-12-31 06:00:00
ALB-HOM-0000835,P0002212,,HOM,BROKER,2020-10-17,2021-10-17,LP,N,769.14,769.14,VALID,VALID,,,769.0800000000003,2021-09-12,2026-12-31 06:00:00
ALB-HOM-0000837,P0001285,,HOM,BROKER,2018-01-20,2019-01-20,RN,N,779.92,779.92,VALID,VALID,,,779.88,2018-12-16,2026-12-31 06:00:00
ALB-HOM-0000839,P0000613,,HOM,BROKER,2019-11-13,2020-11-12,RN,N,1086.52,1086.52,VALID,VALID,Brown & Davies Insurance Services Ltd,14.49,995.9399999999998,2020-10-08,2026-12-31 06:00:00
ALB-HOM-0000866,P0002138,,HOM,AGGREGATOR,2026-12-27,2027-12-27,LP,N,2491.68,0.00,VALID,VALID,Robinson & Brown Insurance Services Ltd,15.85,2491.68,2026-12-27,2026-12-31 06:00:00
ALB-HOM-0000882,P0000196,355,HOM,BROKER,2020-01-22,2021-01-21,IF,N,407.33,407.33,VALID,VALID,Baker & Brown Insurance Services Ltd,14.45,407.28,2020-12-17,2026-12-31 06:00:00
ALB-HOM-0000884,P0001976,67,HOM,BROKER,2022-12-23,2023-12-23,RN,N,2167.04,2167.04,VALID,VALID,Williams & Baker Insurance Services Ltd,16.38,1805.8999999999996,2023-11-18,2026-12-31 06:00:00
ALB-HOM-0000887,P0002179,462,HOM,AGGREGATOR,2020-02-22,2021-02-21,RN,N,523.31,523.31,VALID,VALID,Clarke & Wright Insurance Services Ltd,9.41,436.1000000000001,2021-01-17,2026-12-31 06:00:00
ALB-HOM-0000891,P0002490,,HOM,DIRECT,2020-02-26,2021-02-25,IF,N,704.74,704.74,VALID,VALID,,,704.74,2020-02-26,2026-12-31 06:00:00
ALB-HOM-0000892,P0002755,,HOM,DIRECT,2026-12-11,2027-12-11,RN,N,3731.09,0.00,VALID,VALID,Smith & Davies Insurance Services Ltd,14.16,3731.09,2026-12-11,2026-12-31 06:00:00
ALB-HOM-0000893,P0002856,379,HOM,DIRECT,2018-08-28,2019-08-28,IF,N,1167.19,1167.19,VALID,VALID,Wilson & Wright Insurance Services Ltd,7.87,1167.24,2019-07-24,2026-12-31 06:00:00
ALB-HOM-0000900,P0002384,,HOM,BROKER,2025-10-13,2026-10-13,IF,N,3941.79,3941.79,VALID,VALID,Green & Murphy Insurance Services Ltd,11.43,3941.76,2026-09-08,2026-12-31 06:00:00
ALB-HOM-0000904,P0000049,120,HOM,BROKER,2025-08-21,2026-08-21,IF,N,2497.81,2497.81,VALID,VALID,Smith & Walker Insurance Services Ltd,18.79,2289.6500000000005,2026-07-17,2026-12-31 06:00:00
ALB-HOM-0000905,P0000609,239,HOM,BROKER,2024-12-09,2025-12-09,IF,N,2861.21,2861.21,VALID,VALID,Wilson & Johnson Insurance Services Ltd,21.61,2622.73,2025-11-04,2026-12-31 06:00:00
ALB-HOM-0000906,P0001668,205,HOM,DIRECT,2024-02-05,2025-02-04,IF,N,1893.38,1893.38,VALID,VALID,Patel & Clarke Insurance Services Ltd,9.04,1893.38,2024-02-05,2026-12-31 06:00:00
ALB-HOM-0000911,P0002431,28,HOM,AGGREGATOR,2021-12-31,2022-12-31,EX,N,509.67,509.67,VALID,VALID,Davies & Davies Insurance Services Ltd,17.73,467.1700000000001,2022-11-26,2026-12-31 06:00:00
ALB-HOM-0000923,P0001569,313,HOM,DIRECT,2022-05-16,2023-05-16,IF,N,3220.78,3220.78,INVALID,VALID,Taylor & Johnson Insurance Services Ltd,17.25,3220.8000000000006,2023-04-11,2026-12-31 06:00:00
ALB-HOM-0000924,P0002408,,HOM,BROKER,2018-04-19,2019-04-19,IF,N,1489.45,1489.45,VALID,VALID,Baker & Clarke Insurance Services Ltd,20.14,1365.3199999999997,2019-03-15,2026-12-31 06:00:00
ALB-HOM-0000928,P0002582,,HOM,BROKER,2026-05-11,2027-05-11,IF,N,3947.55,2302.74,VALID,VALID,OBrien & Green Insurance Services Ltd,17.85,3947.55,2026-05-11,2026-12-31 06:00:00
ALB-HOM-0000939,P0001546,369,HOM,AGGREGATOR,2019-02-27,2020-02-27,CN,N,1332.61,1332.61,VALID,VALID,,,1332.5999999999997,2020-01-23,2026-12-31 06:00:00
ALB-HOM-0000941,P0002293,,HOM,BROKER,2020-02-16,2021-02-15,RN,N,2004.63,2004.63,VALID,VALID,,,2004.5999999999997,2021-01-11,2026-12-31 06:00:00
ALB-HOM-0000950,P0001228,300,HOM,DIRECT,2021-11-22,2022-11-22,LP,N,1511.22,1511.22,VALID,VALID,Johnson & Hall Insurance Services Ltd,21.38,1385.3400000000004,2022-10-18,2026-12-31 06:00:00
ALB-HOM-0000957,P0001258,206,HOM,BROKER,2024-04-06,2025-04-06,IF,N,2980.96,2980.96,VALID,VALID,Patel & Wilson Insurance Services Ltd,12.84,2980.96,2024-04-06,2026-12-31 06:00:00
ALB-HOM-0000967,P0000767,335,HOM,BROKER,2019-01-05,2020-01-05,IF,N,413.23,413.23,VALID,VALID,,,413.23,2019-01-05,2026-12-31 06:00:00
ALB-HOM-0000971,P0001913,,HOM,BROKER,2025-01-31,2026-01-31,IF,N,2122.15,2122.15,VALID,VALID,OBrien & Green Insurance Services Ltd,17.85,2122.1999999999994,2025-12-27,2026-12-31 06:00:00
ALB-HOM-0000985,P0000742,78,HOM,DIRECT,2018-05-27,2019-05-27,CN,N,995.34,995.34,VALID,VALID,Baker & Brown Insurance Services Ltd,14.45,912.4500000000002,2019-04-22,2026-12-31 06:00:00
ALB-HOM-0000993,P0001365,,HOM,AGGREGATOR,2026-06-15,2027-06-15,RN,N,2402.29,1201.15,VALID,VALID,Davies & Brown Insurance Services Ltd,22.12,2402.28,2027-05-11,2026-12-31 06:00:00
ALB-HOM-0000995,P0000542,193,HOM,BROKER,2022-12-22,2023-12-22,LP,N,4117.33,4117.33,VALID,VALID,,,4117.320000000001,2023-11-17,2026-12-31 06:00:00
ALB-HOM-0001000,P0001885,,HOM,BROKER,2021-10-14,2022-10-14,IF,N,1217.53,1217.53,VALID,VALID,,,1217.53,2021-10-14,2026-12-31 06:00:00
ALB-HOM-0001002,P0003200,432,HOM,BROKER,2021-10-10,2022-10-10,IF,N,4027.61,4027.61,VALID,VALID,Hall & Khan Insurance Services Ltd,14.81,4027.560000000001,2022-09-05,2026-12-31 06:00:00
ALB-HOM-0001003,P0000031,45,HOM,BROKER,2020-07-31,2021-07-31,RN,N,2158.45,2158.45,VALID,VALID,Hall & Khan Insurance Services Ltd,14.81,2158.45,2020-07-31,2026-12-31 06:00:00
ALB-HOM-0001006,P0000194,,HOM,DIRECT,2020-07-15,2021-07-15,LP,N,2370.88,2370.88,VALID,VALID,,,2370.88,2020-07-15,2026-12-31 06:00:00
ALB-HOM-0001023,P0002127,197,HOM,DIRECT,2018-12-11,2019-12-11,LP,N,502.67,502.67,VALID,VALID,Davies & Wright Insurance Services Ltd,13.6,502.6799999999999,2019-11-06,2026-12-31 06:00:00
ALB-HOM-0001034,P0001640,139,HOM,BROKER,2019-02-15,2020-02-15,LP,N,391.4,391.40,VALID,VALID,Johnson & Hughes Insurance Services Ltd,17.19,358.82,2020-01-11,2026-12-31 06:00:00
ALB-HOM-0001035,P0002769,160,HOM,AGGREGATOR,2026-04-09,2027-04-09,RN,N,3498.45,2332.30,VALID,VALID,Smith & Davies Insurance Services Ltd,14.16,3498.45,2026-04-09,2026-12-31 06:00:00
ALB-HOM-0001048,P0003032,,HOM,BROKER,2022-05-29,2023-05-29,RN,N,1986.67,1986.67,VALID,VALID,Hughes & Wright Insurance Services Ltd,8.65,1986.67,2022-05-29,2026-12-31 06:00:00
ALB-HOM-0001059,P0002237,402,HOM,DIRECT,2026-09-02,2027-09-02,IF,Y,1081.54,360.51,VALID,VALID,Baker & Wright Insurance Services Ltd,22.1,991.43,2027-07-29,2026-12-31 06:00:00
ALB-HOM-0001084,P0000245,353,HOM,BROKER,2023-05-22,2024-05-21,LP,N,240.6,240.60,VALID,VALID,Baker & Clarke Insurance Services Ltd,20.14,220.55000000000004,2024-04-16,2026-12-31 06:00:00
ALB-HOM-0001100,P0001473,,HOM,AGGREGATOR,2025-04-18,2026-04-18,LP,N,3596.14,3596.14,INVALID,VALID,,,3596.14,2025-04-18,2026-12-31 06:00:00
ALB-HOM-0001101,P0001341,,HOM,BROKER,2024-02-16,2025-02-15,IF,N,3379.32,3379.32,VALID,VALID,,,2816.100000000001,2025-01-11,2026-12-31 06:00:00
ALB-HOM-0001120,P0000914,,HOM,BROKER,2026-06-08,2027-06-08,IF,Y,423.4,211.70,VALID,VALID,,,388.0799999999999,2027-05-04,2026-12-31 06:00:00
ALB-HOM-0001122,P0000678,291,HOM,BROKER,2026-02-01,2027-02-01,LP,N,665.16,609.73,VALID,VALID,Clarke & Wright Insurance Services Ltd,11.72,665.16,2026-02-01,2026-12-31 06:00:00
ALB-HOM-0001129,P0000554,,HOM,DIRECT,2026-06-06,2027-06-06,LP,N,3916.06,1958.03,VALID,VALID,,,3916.0800000000004,2027-05-02,2026-12-31 06:00:00
ALB-HOM-0001133,P0003171,,HOM,BROKER,2022-03-11,2023-03-11,LP,N,1107.01,1107.01,VALID,VALID,Davies & Taylor Insurance Services Ltd,14.09,1107.01,2022-03-11,2026-12-31 06:00:00
ALB-HOM-0001135,P0001608,,HOM,BROKER,2019-09-04,2020-09-03,IF,N,379.78,379.78,VALID,VALID,Murphy & Johnson Insurance Services Ltd,12.64,379.79999999999995,2020-07-30,2026-12-31 06:00:00
ALB-HOM-0001139,P0002456,,HOM,AGGREGATOR,2022-01-30,2023-01-30,IF,N,3037.11,3037.11,VALID,VALID,,,3037.11,2022-01-30,2026-12-31 06:00:00
ALB-HOM-0001142,P0001800,18,HOM,BROKER,2020-02-03,2021-02-02,CN,N,663.77,663.77,VALID,VALID,,,663.72,2020-12-29,2026-12-31 06:00:00
ALB-HOM-0001145,P0001634,48,HOM,BROKER,2026-11-19,2027-11-19,CN,N,1163.64,96.97,VALID,VALID,Hall & Wright Insurance Services Ltd,8.65,1066.67,2027-10-15,2026-12-31 06:00:00
ALB-HOM-0001156,P0002091,33,HOM,AGGREGATOR,2026-10-04,2027-10-04,RN,N,384.56,64.09,VALID,VALID,Clarke & Wright Insurance Services Ltd,9.41,320.50000000000006,2027-08-30,2026-12-31 06:00:00
ALB-HOM-0001161,P0001677,,HOM,BROKER,2022-07-11,2023-07-11,IF,N,2181.43,2181.43,VALID,VALID,Smith & Clarke Insurance Services Ltd,17.33,1817.8999999999999,2023-06-06,2026-12-31 06:00:00
ALB-HOM-0001169,P0002656,,HOM,BROKER,2025-09-22,2026-09-22,LP,N,1417.98,1417.98,VALID,VALID,Clarke & Wright Insurance Services Ltd,11.72,1417.98,2025-09-22,2026-12-31 06:00:00
ALB-HOM-0001171,P0000445,,HOM,DIRECT,2026-04-23,2027-04-23,EX,N,273.22,182.15,VALID,VALID,Baker & Clarke Insurance Services Ltd,20.14,273.22,2026-04-23,2026-12-31 06:00:00
ALB-HOM-0001172,P0000327,1,HOM,DIRECT,2024-05-20,2025-05-20,CN,N,1519.86,1519.86,VALID,VALID,Smith & Walker Insurance Services Ltd,18.79,1519.86,2024-05-20,2026-12-31 06:00:00
ALB-HOM-0001185,P0001082,439,HOM,AGGREGATOR,2020-04-20,2021-04-20,CN,N,3925.72,3925.72,VALID,VALID,Murphy & Johnson Insurance Services Ltd,12.64,3925.679999999999,2021-03-16,2026-12-31 06:00:00
ALB-HOM-0001188,P0001993,348,HOM,BROKER,2019-11-24,2020-11-23,LP,N,520.04,520.04,VALID,VALID,,,520.0800000000002,2020-10-19,2026-12-31 06:00:00
ALB-HOM-0001196,P0001224,154,HOM,BROKER,2018-05-23,2019-05-23,IF,N,2205.47,2205.47,VALID,VALID,Brown & Davies Insurance Services Ltd,14.49,2205.47,2018-05-23,2026-12-31 06:00:00
ALB-HOM-0001200,P0000392,160,HOM,DIRECT,2023-12-11,2024-12-10,CN,N,4168.71,4168.71,VALID,VALID,,,4168.679999999999,2024-11-05,2026-12-31 06:00:00
ALB-HOM-0001201,P0003170,415,HOM,BROKER,2019-05-27,2020-05-26,IF,N,2980.34,2980.34,INVALID,VALID,Smith & Walker Insurance Services Ltd,18.79,2980.34,2019-05-27,2026-12-31 06:00:00
ALB-HOM-0001208,P0000159,,HOM,BROKER,2026-11-04,2027-11-04,IF,N,3218.88,268.24,VALID,VALID,Davies & Hughes Insurance Services Ltd,15.18,3218.88,2026-11-04,2026-12-31 06:00:00
ALB-HOM-0001209,P0002637,211,HOM,BROKER,2019-03-08,2020-03-07,EX,N,2296.03,2296.03,VALID,VALID,,,2296.03,2019-03-08,2026-12-31 06:00:00
ALB-HOM-0001211,P0000903,324,HOM,BROKER,2020-04-10,2021-04-10,EX,N,3386.06,3386.06,VALID,VALID,Davies & Green Insurance Services Ltd,7.72,3103.8700000000003,2021-03-06,2026-12-31 06:00:00
ALB-HOM-0001212,P0001448,,HOM,DIRECT,2024-01-24,2025-01-23,IF,N,3015.23,3015.23,VALID,VALID,Green & Murphy Insurance Services Ltd,11.43,3015.2400000000002,2024-12-19,2026-12-31 06:00:00
ALB-HOM-0001213,P0000919,,HOM,DIRECT,2022-03-11,2023-03-11,IF,N,1179.31,1179.31,VALID,VALID,,,1179.36,2023-02-04,2026-12-31 06:00:00
ALB-HOM-0001215,P0000399,265,HOM,AGGREGATOR,2025-07-14,2026-07-14,CN,N,535.02,535.02,VALID,VALID,,,535.02,2025-07-14,2026-12-31 06:00:00
ALB-HOM-0001221,P0002622,227,HOM,BROKER,2025-05-10,2026-05-10,LP,N,983.94,983.94,VALID,VALID,Smith & Walker Insurance Services Ltd,18.79,983.94,2025-05-10,2026-12-31 06:00:00
ALB-HOM-0001224,P0000845,152,HOM,AGGREGATOR,2018-05-23,2019-05-23,RN,N,2282.14,2282.14,VALID,VALID,Clarke & Wright Insurance Services Ltd,11.72,2282.14,2018-05-23,2026-12-31 06:00:00
ALB-HOM-0001227,P0002546,,HOM,BROKER,2020-12-27,2021-12-27,CN,N,2035.47,2035.47,VALID,VALID,,,2035.4399999999996,2021-11-22,2026-12-31 06:00:00
ALB-HOM-0001228,P0001148,,HOM,BROKER,2021-09-29,2022-09-29,CN,N,2222.84,2222.84,VALID,VALID,Williams & Baker Insurance Services Ltd,16.38,2037.64,2022-08-25,2026-12-31 06:00:00
ALB-HOM-0001230,P0000609,239,HOM,BROKER,2023-07-09,2024-07-08,IF,N,3657.04,3657.04,VALID,VALID,Johnson & Hall Insurance Services Ltd,21.38,3657.04,2023-07-09,2026-12-31 06:00:00
ALB-HOM-0001231,P0000945,91,HOM,DIRECT,2021-06-06,2022-06-06,EX,N,3904.76,3904.76,VALID,VALID,Patel & Taylor Insurance Services Ltd,13.95,3904.8000000000006,2022-05-02,2026-12-31 06:00:00
ALB-HOM-0001234,P0001133,,HOM,BROKER,2025-01-18,2026-01-18,LP,N,2894.35,2894.35,INVALID,VALID,Hall & Baker Insurance Services Ltd,14.43,2894.3999999999996,2025-12-14,2026-12-31 06:00:00
ALB-HOM-0001235,P0001606,,HOM,DIRECT,2018-12-08,2019-12-08,RN,N,1266.05,1266.05,VALID,VALID,Davies & Davies Insurance Services Ltd,17.73,1266.05,2018-12-08,2026-12-31 06:00:00
ALB-HOM-0001237,P0001217,,HOM,AGGREGATOR,2018-04-20,2019-04-20,EX,N,288.82,288.82,VALID,VALID,Davies & Brown Insurance Services Ltd,22.12,288.84,2019-03-16,2026-12-31 06:00:00
ALB-HOM-0001247,P0000285,405,HOM,DIRECT,2018-04-15,2019-04-15,IF,N,625.6,625.60,VALID,VALID,,,625.5600000000001,2019-03-11,2026-12-31 06:00:00
ALB-HOM-0001249,P0003052,,HOM,BROKER,2025-06-10,2026-06-10,IF,N,1708.77,1708.77,VALID,VALID,Smith & Davies Insurance Services Ltd,14.16,1281.6000000000001,2026-04-06,2026-12-31 06:00:00
ALB-HOM-0001250,P0000296,134,HOM,AGGREGATOR,2023-04-19,2024-04-18,RN,N,1510.83,1510.83,VALID,VALID,Taylor & Murphy Insurance Services Ltd,20.48,1510.83,2023-04-19,2026-12-31 06:00:00
ALB-HOM-0001259,P0002862,,HOM,DIRECT,2022-04-22,2023-04-22,CN,N,3156.3,3156.30,INVALID,VALID,Hall & Hall Insurance Services Ltd,9.1,3156.3,2022-04-22,2026-12-31 06:00:00
ALB-HOM-0001266,P0002033,293,HOM,DIRECT,2018-02-21,2019-02-21,IF,N,2541.41,2541.41,VALID,VALID,,,2117.8,2019-01-17,2026-12-31 06:00:00
ALB-HOM-0001267,P0001528,117,HOM,BROKER,2019-03-09,2020-03-08,RN,N,3696.5,3696.50,VALID,VALID,,,3388.44,2020-02-02,2026-12-31 06:00:00
ALB-HOM-0001272,P0000929,347,HOM,BROKER,2026-10-13,2027-10-13,RN,N,4055.36,675.89,VALID,VALID,Hall & Wright Insurance Services Ltd,8.65,3717.4499999999994,2027-09-08,2026-12-31 06:00:00
ALB-HOM-0001279,P0000979,,HOM,AGGREGATOR,2019-12-19,2020-12-18,CN,N,894.5,894.50,VALID,VALID,,,894.5,2019-12-19,2026-12-31 06:00:00
ALB-HOM-0001280,P0002117,337,HOM,DIRECT,2021-06-01,2022-06-01,IF,N,2517.96,2517.96,VALID,VALID,,,2308.1299999999997,2022-04-27,2026-12-31 06:00:00
ALB-HOM-0001300,P0003130,486,HOM,DIRECT,2019-07-06,2020-07-05,CN,N,1756.12,1756.12,VALID,VALID,,,1756.12,2019-07-06,2026-12-31 06:00:00
ALB-HOM-0001303,P0001926,,HOM,BROKER,2024-09-27,2025-09-27,EX,N,2594.99,2594.99,VALID,VALID,Brown & Davies Insurance Services Ltd,14.49,2378.75,2025-08-23,2026-12-31 06:00:00
ALB-HOM-0001310,P0002298,,HOM,BROKER,2021-11-28,2022-11-28,CN,N,1536.59,1536.59,VALID,VALID,Taylor & Walker Insurance Services Ltd,13.94,1408.5499999999997,2022-10-24,2026-12-31 06:00:00
ALB-HOM-0001313,P0001394,,HOM,BROKER,2023-10-24,2024-10-23,LP,N,1958.21,1958.21,VALID,VALID,Walker & OBrien Insurance Services Ltd,10.5,1958.21,2023-10-24,2026-12-31 06:00:00
ALB-HOM-0001315,P0002981,,HOM,BROKER,2026-11-08,2027-11-08,EX,N,3565.12,297.09,VALID,VALID,,,3565.12,2026-11-08,2026-12-31 06:00:00
ALB-HOM-0001325,P0001154,,HOM,BROKER,2026-01-20,2027-01-20,RN,N,2016.11,1848.10,VALID,VALID,Jones & Robinson Insurance Services Ltd,21.97,2016.12,2026-12-16,2026-12-31 06:00:00
ALB-HOM-0001339,P0001202,151,HOM,AGGREGATOR,2021-08-04,2022-08-04,IF,N,3630.52,3630.52,VALID,VALID,,,3630.52,2021-08-04,2026-12-31 06:00:00
ALB-HOM-0001341,P0001445,97,HOM,BROKER,2021-10-25,2022-10-25,RN,N,2447.67,2447.67,VALID,VALID,Baker & Hughes Insurance Services Ltd,12.55,2447.67,2021-10-25,2026-12-31 06:00:00
ALB-HOM-0001343,P0001100,88,HOM,BROKER,2019-07-01,2020-06-30,IF,N,1288.95,1288.95,VALID,VALID,Taylor & Wilson Insurance Services Ltd,14.3,1288.92,2020-05-26,2026-12-31 06:00:00
ALB-HOM-0001344,P0002116,274,HOM,BROKER,2025-05-14,2026-05-14,EX,N,3445.52,3445.52,VALID,VALID,Khan & Davies Insurance Services Ltd,12.18,3445.52,2025-05-14,2026-12-31 06:00:00
ALB-HOM-0001357,P0000021,475,HOM,BROKER,2020-07-02,2021-07-02,IF,N,3683.29,3683.29,VALID,VALID,,,3683.28,2021-05-28,2026-12-31 06:00:00
ALB-HOM-0001369,P0003034,,HOM,BROKER,2019-06-01,2020-05-31,IF,N,2332.41,2332.41,VALID,VALID,,,2332.4399999999996,2020-04-26,2026-12-31 06:00:00
ALB-HOM-0001371,P0002648,,HOM,BROKER,2022-04-08,2023-04-08,IF,N,1090.27,1090.27,VALID,VALID,Khan & Smith Insurance Services Ltd,17.81,1090.27,2022-04-08,2026-12-31 06:00:00
ALB-HOM-0001376,P0001764,,HOM,DIRECT,2024-08-28,2025-08-28,LP,N,1266.67,1266.67,VALID,VALID,Wilson & OBrien Insurance Services Ltd,9.12,1161.1599999999996,2025-07-24,2026-12-31 06:00:00
ALB-HOM-0001383,P0001176,,HOM,DIRECT,2018-01-10,2019-01-10,EX,N,2240.91,2240.91,VALID,VALID,Patel & Taylor Insurance Services Ltd,13.95,2240.88,2018-12-06,2026-12-31 06:00:00
ALB-HOM-0001385,P0002372,,HOM,BROKER,2020-10-13,2021-10-13,CN,N,1514.47,1514.47,VALID,VALID,Hughes & Wright Insurance Services Ltd,8.65,1514.47,2020-10-13,2026-12-31 06:00:00
ALB-HOM-0001396,P0002568,,HOM,DIRECT,2018-10-30,2019-10-30,LP,N,2938.13,2938.13,VALID,VALID,,,2938.13,2018-10-30,2026-12-31 06:00:00
ALB-HOM-0001397,P0000167,37,HOM,AGGREGATOR,2024-02-01,2025-01-31,RN,N,948.48,948.48,VALID,VALID,,,948.4799999999999,2024-12-27,2026-12-31 06:00:00
ALB-HOM-0001412,P0002035,312,HOM,DIRECT,2020-11-20,2021-11-20,IF,N,1415.71,1415.71,VALID,VALID,Wilson & Wright Insurance Services Ltd,7.87,1415.71,2020-11-20,2026-12-31 06:00:00
ALB-HOM-0001430,P0001137,398,HOM,DIRECT,2020-07-01,2021-07-01,IF,N,1941.69,1941.69,VALID,VALID,Smith & Walker Insurance Services Ltd,18.79,1941.7199999999996,2021-05-27,2026-12-31 06:00:00
ALB-HOM-0001435,P0002766,195,HOM,BROKER,2024-10-23,2025-10-23,EX,N,3376.05,3376.05,VALID,VALID,,,3376.0800000000004,2025-09-18,2026-12-31 06:00:00
ALB-HOM-0001438,P0003152,322,HOM,BROKER,2018-03-19,2019-03-19,CN,N,3700.43,3700.43,VALID,VALID,,,3700.43,2018-03-19,2026-12-31 06:00:00
ALB-HOM-0001443,P0002255,,HOM,BROKER,2018-04-05,2019-04-05,IF,N,2417.82,2417.82,VALID,VALID,,,2014.9,2019-03-01,2026-12-31 06:00:00
ALB-HOM-0001448,P0000385,,HOM,DIRECT,2026-07-14,2027-07-14,LP,N,4056.02,1690.01,VALID,VALID,,,4056.0,2027-06-09,2026-12-31 06:00:00
ALB-HOM-0001451,P0000255,459,HOM,DIRECT,2020-06-24,2021-06-24,RN,N,1969.4,1969.40,VALID,VALID,,,1805.3199999999997,2021-04-20,2026-12-31 06:00:00
ALB-HOM-0001454,P0001463,121,HOM,DIRECT,2022-12-17,2023-12-17,IF,N,657.49,657.49,VALID,VALID,Wilson & Johnson Insurance Services Ltd,21.61,,,2026-12-31 06:00:00
ALB-HOM-0001455,P0001823,,HOM,BROKER,2022-12-05,2023-12-05,CN,N,3385.31,3385.31,VALID,VALID,Patel & Taylor Insurance Services Ltd,13.95,3103.210000000001,2023-10-01,2026-12-31 06:00:00
ALB-HOM-0001468,P0002251,492,HOM,DIRECT,2023-07-17,2024-07-16,RN,N,2935.9,2935.90,VALID,VALID,Patel & Wilson Insurance Services Ltd,12.84,2935.9199999999996,2024-06-11,2026-12-31 06:00:00
ALB-HOM-0001470,P0000640,211,HOM,BROKER,2020-02-18,2021-02-17,IF,N,2339.71,2339.71,VALID,VALID,,,2144.7799999999997,2021-01-13,2026-12-31 06:00:00
ALB-HOM-0001497,P0002208,312,HOM,BROKER,2026-08-02,2027-08-02,IF,Y,248.45,103.52,VALID,VALID,Taylor & Wilson Insurance Services Ltd,14.3,248.39999999999995,2027-06-28,2026-12-31 06:00:00
ALB-HOM-0001498,P0002695,,HOM,BROKER,2021-08-17,2022-08-17,IF,N,4048.61,4048.61,VALID,VALID,Smith & Clarke Insurance Services Ltd,17.33,4048.61,2021-08-17,2026-12-31 06:00:00
ALB-HOM-0001508,P0001890,,HOM,AGGREGATOR,2018-12-27,2019-12-27,IF,N,611.18,611.18,VALID,VALID,Patel & Wilson Insurance Services Ltd,12.84,560.23,2019-11-22,2026-12-31 06:00:00
ALB-HOM-0001513,P0002807,210,HOM,AGGREGATOR,2022-02-22,2023-02-22,IF,N,4042.02,4042.02,VALID,VALID,OBrien & Green Insurance Services Ltd,17.85,4042.02,2022-02-22,2026-12-31 06:00:00
ALB-HOM-0001525,P0000536,385,HOM,DIRECT,2021-08-24,2022-08-24,CN,N,1811.87,1811.87,VALID,VALID,Robinson & Brown Insurance Services Ltd,15.85,1811.87,2021-08-24,2026-12-31 06:00:00
ALB-HOM-0001543,P0001534,,HOM,BROKER,2020-12-19,2021-12-19,IF,N,1635.96,1635.96,VALID,VALID,Williams & Baker Insurance Services Ltd,16.38,1635.9599999999998,2021-11-14,2026-12-31 06:00:00
ALB-HOM-0001563,P0003096,,HOM,DIRECT,2020-12-12,2021-12-12,IF,N,3275.96,3275.96,VALID,VALID,,,3276.0,2021-11-07,2026-12-31 06:00:00
ALB-HOM-0001569,P0000641,144,HOM,BROKER,2021-04-04,2022-04-04,LP,N,502.6,502.60,VALID,VALID,Walker & OBrien Insurance Services Ltd,10.5,502.56,2022-02-28,2026-12-31 06:00:00
ALB-HOM-0001570,P0000426,25,HOM,BROKER,2022-08-27,2023-08-27,LP,N,2456.62,2456.62,VALID,VALID,,,2456.64,2023-07-23,2026-12-31 06:00:00
ALB-HOM-0001571,P0002606,216,HOM,DIRECT,2023-04-17,2024-04-16,IF,N,1002.7,1002.70,VALID,VALID,,,1002.7199999999998,2024-03-12,2026-12-31 06:00:00
ALB-HOM-0001589,P0001849,208,HOM,BROKER,2018-12-29,2019-12-29,IF,N,3368.0,3368.00,VALID,VALID,,,3368.0400000000004,2019-11-24,2026-12-31 06:00:00
ALB-HOM-0001593,P0002068,101,HOM,AGGREGATOR,2019-01-30,2020-01-30,LP,N,3188.79,3188.79,VALID,VALID,Williams & Hall Insurance Services Ltd,14.19,3188.76,2019-12-26,2026-12-31 06:00:00
ALB-HOM-0001597,P0001924,,HOM,BROKER,2026-06-10,2027-06-10,CN,N,3553.35,1776.68,VALID,VALID,Smith & Davies Insurance Services Ltd,14.16,3553.35,2026-06-10,2026-12-31 06:00:00
ALB-HOM-0001611,P0001823,,HOM,BROKER,2021-02-16,2022-02-16,RN,N,3757.41,3757.41,VALID,VALID,Khan & Davies Insurance Services Ltd,12.18,3757.41,2021-02-16,2026-12-31 06:00:00
ALB-HOM-0001614,P0001312,,HOM,DIRECT,2022-07-21,2023-07-21,IF,N,672.81,672.81,VALID,VALID,Davies & Green Insurance Services Ltd,7.72,672.8400000000001,2023-06-16,2026-12-31 06:00:00
ALB-HOM-0001618,P0001573,,HOM,BROKER,2022-03-04,2023-03-04,RN,N,1751.65,1751.65,VALID,VALID,Smith & Walker Insurance Services Ltd,18.79,1751.64,2023-01-28,2026-12-31 06:00:00
ALB-HOM-0001619,P0002769,160,HOM,BROKER,2018-02-01,2019-02-01,IF,N,3348.07,3348.07,VALID,VALID,Hall & Murphy Insurance Services Ltd,10.45,,,2026-12-31 06:00:00
ALB-HOM-0001627,P0002662,114,HOM,DIRECT,2026-12-18,2027-12-18,RN,N,1964.43,0.00,VALID,VALID,,,1964.4000000000003,2027-11-13,2026-12-31 06:00:00
ALB-HOM-0001632,P0001048,348,HOM,BROKER,2019-11-24,2020-11-23,RN,N,4192.31,4192.31,VALID,VALID,,,3842.960000000001,2020-10-19,2026-12-31 06:00:00
ALB-HOM-0001633,P0003017,200,HOM,AGGREGATOR,2019-08-29,2020-08-28,IF,N,1447.5,1447.50,VALID,VALID,,,1447.5,2019-08-29,2026-12-31 06:00:00
ALB-HOM-0001634,P0002673,,HOM,AGGREGATOR,2018-02-14,2019-02-14,IF,N,580.15,580.15,VALID,VALID,,,580.15,2018-02-14,2026-12-31 06:00:00
ALB-HOM-0001637,P0003032,,HOM,AGGREGATOR,2018-11-09,2019-11-09,CN,N,487.92,487.92,VALID,VALID,Smith & Davies Insurance Services Ltd,14.16,487.91999999999985,2019-10-05,2026-12-31 06:00:00
ALB-HOM-0001641,P0001090,,HOM,AGGREGATOR,2020-04-15,2021-04-15,LP,N,3889.85,3889.85,VALID,VALID,,,3565.6500000000005,2021-03-11,2026-12-31 06:00:00
ALB-HOM-0001642,P0002222,408,HOM,DIRECT,2022-02-21,2023-02-21,RN,N,2435.45,2435.45,VALID,VALID,Hall & Murphy Insurance Services Ltd,10.45,2232.4500000000003,2023-01-17,2026-12-31 06:00:00
ALB-HOM-0001644,P0000650,,HOM,DIRECT,2025-05-11,2026-05-11,IF,N,2491.01,2491.01,VALID,VALID,,,2491.01,2025-05-11,2026-12-31 06:00:00
ALB-HOM-0001651,P0000779,454,HOM,BROKER,2020-12-03,2021-12-03,IF,N,1968.66,1968.66,VALID,VALID,Wilson & Wright Insurance Services Ltd,7.87,1968.7199999999996,2021-10-29,2026-12-31 06:00:00
ALB-HOM-0001662,P0000818,97,HOM,AGGREGATOR,2020-03-08,2021-03-08,CN,N,3976.29,3976.29,VALID,VALID,Jones & Robinson Insurance Services Ltd,21.97,3976.320000000001,2021-02-01,2026-12-31 06:00:00
ALB-HOM-0001664,P0001459,,HOM,AGGREGATOR,2026-05-10,2027-05-10,IF,N,3248.03,1894.68,VALID,VALID,Clarke & Davies Insurance Services Ltd,10.43,3248.03,2026-05-10,2026-12-31 06:00:00
ALB-HOM-0001670,P0000423,21,HOM,DIRECT,2026-05-31,2027-05-31,IF,N,1267.89,739.60,VALID,VALID,Hall & Murphy Insurance Services Ltd,10.45,1267.89,2026-05-31,2026-12-31 06:00:00
ALB-HOM-0001676,P0000655,,HOM,DIRECT,2022-12-03,2023-12-03,IF,N,2927.32,2927.32,VALID,VALID,Davies & Wright Insurance Services Ltd,13.6,2927.32,2022-12-03,2026-12-31 06:00:00
ALB-HOM-0001686,P0002785,288,HOM,BROKER,2026-01-09,2027-01-09,EX,N,1701.53,1559.74,VALID,VALID,,,1701.4799999999998,2026-12-05,2026-12-31 06:00:00
ALB-HOM-0001694,P0000447,201,HOM,BROKER,2019-09-11,2020-09-10,IF,N,731.31,731.31,VALID,VALID,,,731.2800000000002,2020-08-06,2026-12-31 06:00:00
ALB-HOM-0001701,P0002371,,HOM,BROKER,2022-07-28,2023-07-28,IF,N,3435.28,3435.28,VALID,VALID,,,3435.28,2022-07-28,2026-12-31 06:00:00
ALB-HOM-0001714,P0001508,,HOM,BROKER,2025-04-08,2026-04-08,LP,N,2443.72,2443.72,VALID,VALID,Davies & Brown Insurance Services Ltd,22.12,2443.6799999999994,2026-03-04,2026-12-31 06:00:00
ALB-HOM-0001725,P0000508,447,HOM,BROKER,2022-06-28,2023-06-28,RN,N,562.81,562.81,VALID,VALID,,,562.7999999999998,2023-05-24,2026-12-31 06:00:00
ALB-HOM-0001727,P0000808,452,HOM,AGGREGATOR,2019-04-28,2020-04-27,IF,N,3042.95,3042.95,VALID,VALID,,,3042.9599999999996,2020-03-23,2026-12-31 06:00:00
ALB-HOM-0001735,P0003037,,HOM,BROKER,2018-01-15,2019-01-15,EX,N,2652.81,2652.81,VALID,VALID,Williams & Williams Insurance Services Ltd,18.19,2431.77,2018-12-11,2026-12-31 06:00:00
ALB-HOM-0001740,P0002782,241,HOM,BROKER,2020-04-09,2021-04-09,IF,N,3608.72,3608.72,VALID,VALID,Taylor & Wilson Insurance Services Ltd,14.3,3608.72,2020-04-09,2026-12-31 06:00:00
ALB-HOM-0001742,P0001815,466,HOM,BROKER,2021-10-25,2022-10-25,RN,N,4116.41,4116.41,VALID,VALID,,,3773.329999999999,2022-09-20,2026-12-31 06:00:00
ALB-HOM-0001747,P0001161,57,HOM,BROKER,2022-09-29,2023-09-29,RN,N,872.02,872.02,VALID,VALID,,,799.3699999999999,2023-08-25,2026-12-31 06:00:00
ALB-HOM-0001754,P0001540,,HOM,BROKER,2025-06-01,2026-06-01,IF,N,1318.08,1318.08,VALID,VALID,OBrien & Green Insurance Services Ltd,17.85,1318.08,2025-06-01,2026-12-31 06:00:00
ALB-HOM-0001759,P0003036,,HOM,AGGREGATOR,2020-03-12,2021-03-12,IF,N,3858.11,3858.11,VALID,VALID,,,3858.11,2020-03-12,2026-12-31 06:00:00
ALB-HOM-0001762,P0002302,226,HOM,BROKER,2020-04-14,2021-04-14,RN,N,3239.5,3239.50,VALID,VALID,Baker & Wright Insurance Services Ltd,22.1,3239.5,2020-04-14,2026-12-31 06:00:00
ALB-HOM-0001768,P0001628,,HOM,BROKER,2021-09-04,2022-09-04,IF,N,1584.78,1584.78,VALID,VALID,Hall & Brown Insurance Services Ltd,13.16,1584.7199999999996,2022-07-31,2026-12-31 06:00:00
ALB-HOM-0001776,P0001685,,HOM,AGGREGATOR,2022-11-29,2023-11-29,RN,N,1930.48,1930.48,VALID,VALID,,,1930.48,2022-11-29,2026-12-31 06:00:00
ALB-HOM-0001779,P0001755,320,HOM,AGGREGATOR,2024-11-01,2025-11-01,IF,N,3102.28,3102.28,VALID,VALID,Clarke & Davies Insurance Services Ltd,10.43,,,2026-12-31 06:00:00
ALB-HOM-0001781,P0000283,59,HOM,DIRECT,2025-03-06,2026-03-06,RN,N,190.47,190.47,INVALID,VALID,Jones & Baker Insurance Services Ltd,8.84,174.57000000000002,2026-01-30,2026-12-31 06:00:00
ALB-HOM-0001785,P0003148,322,HOM,BROKER,2021-02-11,2022-02-11,IF,N,2814.03,2814.03,VALID,VALID,Wilson & Wright Insurance Services Ltd,7.87,2814.0,2022-01-07,2026-12-31 06:00:00
ALB-HOM-0001797,P0001092,75,HOM,BROKER,2024-02-06,2025-02-05,IF,N,3300.11,3300.11,VALID,VALID,,,3300.120000000001,2025-01-01,2026-12-31 06:00:00
ALB-HOM-0001807,P0002348,115,HOM,BROKER,2019-02-05,2020-02-05,CN,N,339.73,339.73,VALID,VALID,Patel & Clarke Insurance Services Ltd,9.04,311.40999999999997,2020-01-01,2026-12-31 06:00:00
ALB-HOM-0001811,P0000131,361,HOM,AGGREGATOR,2026-08-12,2027-08-12,IF,Y,3209.22,1069.74,VALID,VALID,,,3209.28,2027-07-08,2026-12-31 06:00:00
ALB-HOM-0001817,P0000674,,HOM,AGGREGATOR,2020-07-14,2021-07-14,LP,N,2228.56,2228.56,VALID,VALID,Johnson & Hall Insurance Services Ltd,21.38,2228.56,2020-07-14,2026-12-31 06:00:00
ALB-HOM-0001818,P0000752,10,HOM,AGGREGATOR,2021-01-21,2022-01-21,IF,N,3837.43,3837.43,VALID,VALID,Clarke & Wright Insurance Services Ltd,9.41,3837.48,2021-12-17,2026-12-31 06:00:00
ALB-HOM-0001855,P0000888,,HOM,DIRECT,2024-05-15,2025-05-15,IF,N,2156.14,2156.14,VALID,VALID,Taylor & Murphy Insurance Services Ltd,20.48,2156.14,2024-05-15,2026-12-31 06:00:00
ALB-HOM-0001856,P0002535,,HOM,BROKER,2025-11-21,2026-11-21,LP,N,2018.87,2018.87,VALID,VALID,OBrien & Patel Insurance Services Ltd,14.2,1850.64,2026-10-17,2026-12-31 06:00:00
ALB-HOM-0001858,P0000462,332,HOM,BROKER,2022-09-21,2023-09-21,EX,N,2670.71,2670.71,VALID,VALID,,,2448.16,2023-08-17,2026-12-31 06:00:00
ALB-HOM-0001865,P0000395,313,HOM,DIRECT,2021-11-17,2022-11-17,LP,N,2234.01,2234.01,VALID,VALID,Davies & Davies Insurance Services Ltd,17.73,2234.01,2021-11-17,2026-12-31 06:00:00
ALB-HOM-0001868,P0001755,320,HOM,BROKER,2023-07-02,2024-07-01,IF,N,687.96,687.96,VALID,VALID,Baker & Wright Insurance Services Ltd,22.1,630.63,2024-05-27,2026-12-31 06:00:00
ALB-HOM-0001869,P0002648,,HOM,DIRECT,2019-04-03,2020-04-02,RN,N,272.49,272.49,VALID,VALID,,,249.81000000000006,2020-02-27,2026-12-31 06:00:00
ALB-HOM-0001876,P0002166,251,HOM,BROKER,2023-10-30,2024-10-29,RN,N,1730.69,1730.69,INVALID,VALID,,,1730.69,2023-10-30,2026-12-31 06:00:00
ALB-HOM-0001879,P0002809,181,HOM,AGGREGATOR,2018-08-01,2019-08-01,LP,N,1550.75,1550.75,VALID,VALID,,,1550.76,2019-06-27,2026-12-31 06:00:00
ALB-HOM-0001881,P0002540,,HOM,BROKER,2019-10-22,2020-10-21,IF,N,1819.35,1819.35,VALID,VALID,Smith & Davies Insurance Services Ltd,14.16,1667.7100000000005,2020-09-16,2026-12-31 06:00:00
ALB-HOM-0001882,P0002054,221,HOM,DIRECT,2022-09-03,2023-09-03,CN,N,2560.67,2560.67,VALID,VALID,Taylor & Johnson Insurance Services Ltd,17.25,2560.67,2022-09-03,2026-12-31 06:00:00
ALB-HOM-0001885,P0000661,3,HOM,DIRECT,2026-05-03,2027-05-03,IF,Y,2762.23,1841.49,VALID,VALID,Murphy & Johnson Insurance Services Ltd,12.64,2762.28,2027-03-29,2026-12-31 06:00:00
ALB-HOM-0001887,P0002829,45,HOM,DIRECT,2019-09-01,2020-08-31,CN,N,736.33,736.33,VALID,VALID,Wilson & Wright Insurance Services Ltd,7.87,736.32,2020-07-27,2026-12-31 06:00:00
ALB-HOM-0001888,P0000759,7,HOM,AGGREGATOR,2018-03-09,2019-03-09,RN,N,2290.19,2290.19,VALID,VALID,,,2290.1999999999994,2019-02-02,2026-12-31 06:00:00
ALB-HOM-0001894,P0000466,207,HOM,BROKER,2023-08-26,2024-08-25,RN,N,3255.68,3255.68,VALID,VALID,Jones & Baker Insurance Services Ltd,8.84,3255.72,2024-07-21,2026-12-31 06:00:00
ALB-HOM-0001910,P0002927,,HOM,AGGREGATOR,2023-12-29,2024-12-28,EX,N,1117.53,1117.53,VALID,VALID,Murphy & Johnson Insurance Services Ltd,12.64,1024.4299999999998,2024-11-23,2026-12-31 06:00:00
ALB-HOM-0001912,P0000365,273,HOM,BROKER,2022-02-22,2023-02-22,RN,N,2611.21,2611.21,VALID,VALID,,,2393.5999999999995,2023-01-18,2026-12-31 06:00:00
ALB-HOM-0001915,P0002372,,HOM,BROKER,2024-05-30,2025-05-30,EX,N,414.9,414.90,VALID,VALID,OBrien & Patel Insurance Services Ltd,14.2,414.84,2025-04-25,2026-12-31 06:00:00
ALB-HOM-0001920,P0000110,,HOM,AGGREGATOR,2021-01-03,2022-01-03,CN,N,1829.45,1829.45,VALID,VALID,,,1829.4000000000003,2021-11-29,2026-12-31 06:00:00
ALB-HOM-0001927,P0001306,,HOM,DIRECT,2022-07-15,2023-07-15,EX,N,877.6,877.60,VALID,VALID,Hall & Khan Insurance Services Ltd,14.81,877.56,2023-06-10,2026-12-31 06:00:00
ALB-HOM-0001929,P0001838,,HOM,BROKER,2022-02-13,2023-02-13,IF,N,289.03,289.03,VALID,VALID,,,240.9,2023-01-09,2026-12-31 06:00:00
ALB-HOM-0001940,P0001188,412,HOM,AGGREGATOR,2022-12-28,2023-12-28,IF,N,672.55,672.55,VALID,VALID,,,672.5999999999999,2023-11-23,2026-12-31 06:00:00
ALB-HOM-0001946,P0000255,459,HOM,BROKER,2022-12-18,2023-12-18,IF,N,3964.28,3964.28,VALID,VALID,Davies & Davies Insurance Services Ltd,17.73,3964.320000000001,2023-11-13,2026-12-31 06:00:00
ALB-HOM-0001953,P0002009,255,HOM,DIRECT,2019-11-25,2020-11-24,EX,N,1513.63,1513.63,VALID,VALID,Hall & Khan Insurance Services Ltd,14.81,1513.63,2019-11-25,2026-12-31 06:00:00
ALB-HOM-0001955,P0002995,,HOM,AGGREGATOR,2024-02-04,2025-02-03,IF,N,2189.64,2189.64,VALID,VALID,Williams & Hall Insurance Services Ltd,14.19,2007.17,2024-12-30,2026-12-31 06:00:00
ALB-HOM-0001959,P0002297,,HOM,DIRECT,2021-01-10,2022-01-10,IF,N,2667.06,2667.06,VALID,VALID,,,2667.06,2021-01-10,2026-12-31 06:00:00
ALB-HOM-0001960,P0001311,370,HOM,BROKER,2019-06-05,2020-06-04,EX,N,2462.83,2462.83,VALID,VALID,Wilson & Johnson Insurance Services Ltd,21.61,2257.6400000000003,2020-04-30,2026-12-31 06:00:00
ALB-HOM-0001962,P0002101,362,HOM,DIRECT,2021-02-03,2022-02-03,IF,N,1368.09,1368.09,VALID,VALID,,,1368.09,2021-02-03,2026-12-31 06:00:00
ALB-HOM-0001963,P0000017,208,HOM,BROKER,2026-02-19,2027-02-19,IF,Y,1996.35,1663.63,VALID,VALID,,,1996.3200000000006,2027-01-15,2026-12-31 06:00:00
ALB-HOM-0001969,P0000982,,HOM,BROKER,2023-11-04,2024-11-03,RN,N,3904.23,3904.23,VALID,VALID,,,3578.8499999999995,2024-08-30,2026-12-31 06:00:00
ALB-HOM-0001970,P0000632,407,HOM,AGGREGATOR,2023-08-20,2024-08-19,LP,N,3129.7,3129.70,VALID,VALID,Johnson & Hughes Insurance Services Ltd,17.19,3129.7,2023-08-20,2026-12-31 06:00:00
ALB-HOM-0001972,P0000685,,HOM,AGGREGATOR,2025-05-29,2026-05-29,RN,N,346.73,346.73,VALID,VALID,,,,,2026-12-31 06:00:00
ALB-HOM-0001979,P0001518,,HOM,DIRECT,2019-07-17,2020-07-16,RN,N,2223.29,2223.29,VALID,VALID,Hall & Baker Insurance Services Ltd,14.43,2037.97,2020-06-11,2026-12-31 06:00:00
ALB-HOM-0001985,P0001352,,HOM,DIRECT,2019-04-12,2020-04-11,IF,N,3867.99,3867.99,VALID,VALID,Williams & Hall Insurance Services Ltd,14.19,3867.9599999999996,2020-03-07,2026-12-31 06:00:00
ALB-HOM-0001987,P0002212,,HOM,DIRECT,2020-07-31,2021-07-31,CN,N,1090.56,1090.56,VALID,VALID,Baker & Williams Insurance Services Ltd,17.61,1090.56,2021-06-26,2026-12-31 06:00:00
ALB-HOM-0002000,P0002479,189,HOM,DIRECT,2020-02-25,2021-02-24,RN,N,3303.45,3303.45,VALID,VALID,,,3028.19,2021-01-20,2026-12-31 06:00:00
ALB-HOM-0002006,P0002016,,HOM,BROKER,2026-05-15,2027-05-15,EX,N,2425.94,1415.13,VALID,VALID,,,2223.76,2027-04-10,2026-12-31 06:00:00
ALB-HOM-0002020,P0003120,,HOM,BROKER,2019-08-14,2020-08-13,IF,N,486.07,486.07,VALID,VALID,Davies & Hughes Insurance Services Ltd,15.18,486.11999999999995,2020-07-09,2026-12-31 06:00:00
ALB-HOM-0002031,P0001483,209,HOM,DIRECT,2026-03-08,2027-03-08,LP,N,2279.38,1709.54,VALID,VALID,Taylor & Murphy Insurance Services Ltd,20.48,2279.38,2026-03-08,2026-12-31 06:00:00
ALB-HOM-0002033,P0001947,,HOM,BROKER,2022-03-29,2023-03-29,CN,N,2007.3,2007.30,VALID,VALID,Jones & Robinson Insurance Services Ltd,21.97,2007.36,2023-02-22,2026-12-31 06:00:00
ALB-HOM-0002045,P0001925,,HOM,AGGREGATOR,2022-06-09,2023-06-09,IF,N,2339.06,2339.06,VALID,VALID,OBrien & Green Insurance Services Ltd,17.85,2144.1200000000003,2023-05-05,2026-12-31 06:00:00
ALB-HOM-0002063,P0001729,249,HOM,DIRECT,2023-08-18,2024-08-17,LP,N,298.24,298.24,VALID,VALID,Davies & Taylor Insurance Services Ltd,14.09,298.2,2024-07-13,2026-12-31 06:00:00
ALB-HOM-0002074,P0002912,,HOM,DIRECT,2018-03-12,2019-03-12,IF,N,323.24,323.24,VALID,VALID,,,242.46,2019-01-06,2026-12-31 06:00:00
ALB-HOM-0002078,P0002396,,HOM,BROKER,2018-08-02,2019-08-02,CN,N,587.51,587.51,VALID,VALID,Green & Patel Insurance Services Ltd,10.9,538.56,2019-05-29,2026-12-31 06:00:00
ALB-HOM-0002097,P0002378,124,HOM,BROKER,2023-09-26,2024-09-25,RN,N,1627.12,1627.12,VALID,VALID,,,1627.0799999999997,2024-08-21,2026-12-31 06:00:00
ALB-HOM-0002103,P0000180,500,HOM,BROKER,2022-08-08,2023-08-08,EX,N,4018.55,4018.55,VALID,VALID,,,3683.6800000000007,2023-07-04,2026-12-31 06:00:00
ALB-HOM-0002105,P0001414,,HOM,BROKER,2026-10-08,2027-10-08,RN,N,2172.25,362.04,VALID,VALID,Smith & Brown Insurance Services Ltd,19.81,2172.25,2026-10-08,2026-12-31 06:00:00
ALB-HOM-0002109,P0000559,477,HOM,AGGREGATOR,2026-05-13,2027-05-13,RN,N,962.14,561.25,VALID,VALID,Hall & Patel Insurance Services Ltd,13.7,881.9800000000002,2027-03-09,2026-12-31 06:00:00
ALB-HOM-0002114,P0002495,,HOM,BROKER,2026-11-30,2027-11-30,IF,Y,2018.1,168.18,VALID,VALID,Smith & Brown Insurance Services Ltd,19.81,2018.1,2026-11-30,2026-12-31 06:00:00
ALB-HOM-0002127,P0000979,,HOM,AGGREGATOR,2018-05-26,2019-05-26,IF,N,3397.25,3397.25,VALID,VALID,,,3114.0999999999995,2019-04-21,2026-12-31 06:00:00
ALB-HOM-0002132,P0002236,,HOM,BROKER,2022-07-26,2023-07-26,LP,N,1641.6,1641.60,VALID,VALID,Davies & Green Insurance Services Ltd,7.72,1641.5999999999997,2023-06-21,2026-12-31 06:00:00
ALB-HOM-0002133,P0000455,,HOM,BROKER,2023-01-26,2024-01-26,IF,N,3100.57,3100.57,VALID,VALID,Patel & Wilson Insurance Services Ltd,12.84,2842.1800000000007,2023-12-22,2026-12-31 06:00:00
ALB-HOM-0002141,P0001090,,HOM,DIRECT,2019-04-27,2020-04-26,IF,N,504.37,504.37,VALID,VALID,,,504.37,2019-04-27,2026-12-31 06:00:00
ALB-HOM-0002152,P0000703,70,HOM,DIRECT,2023-04-29,2024-04-28,IF,N,1528.02,1528.02,VALID,VALID,,,,,2026-12-31 06:00:00
ALB-HOM-0002166,P0000370,,HOM,BROKER,2019-12-13,2020-12-12,LP,N,2083.14,2083.14,VALID,VALID,Hughes & Wright Insurance Services Ltd,8.65,2083.14,2019-12-13,2026-12-31 06:00:00
ALB-HOM-0002168,P0001671,446,HOM,BROKER,2025-12-30,2026-12-30,LP,N,3234.54,3234.54,VALID,VALID,,,3234.600000000001,2026-11-25,2026-12-31 06:00:00
ALB-HOM-0002170,P0000262,306,HOM,BROKER,2021-10-06,2022-10-06,CN,N,2523.0,2523.00,VALID,VALID,Smith & Walker Insurance Services Ltd,18.79,2523.0,2021-10-06,2026-12-31 06:00:00
ALB-HOM-0002171,P0000489,168,HOM,BROKER,2022-10-03,2023-10-03,IF,N,2981.36,2981.36,VALID,VALID,,,2981.3999999999996,2023-08-29,2026-12-31 06:00:00
ALB-HOM-0002178,P0001992,,HOM,BROKER,2026-08-05,2027-08-05,RN,N,604.09,201.36,VALID,VALID,Wilson & Wright Insurance Services Ltd,7.87,604.0800000000002,2027-07-01,2026-12-31 06:00:00
ALB-HOM-0002183,P0001684,,HOM,AGGREGATOR,2024-11-23,2025-11-23,LP,N,2452.86,2452.86,VALID,VALID,Khan & Davies Insurance Services Ltd,12.18,2452.92,2025-10-19,2026-12-31 06:00:00
ALB-HOM-0002192,P0000138,117,HOM,AGGREGATOR,2020-07-18,2021-07-18,IF,N,3995.23,3995.23,VALID,VALID,Patel & Clarke Insurance Services Ltd,9.04,3329.4,2021-06-13,2026-12-31 06:00:00
ALB-HOM-0002195,P0000701,,HOM,AGGREGATOR,2021-03-08,2022-03-08,LP,N,2299.29,2299.29,VALID,VALID,Smith & Walker Insurance Services Ltd,18.79,2299.3200000000006,2022-02-01,2026-12-31 06:00:00
ALB-HOM-0002196,P0001058,,HOM,BROKER,2021-03-05,2022-03-05,CN,N,552.92,552.92,VALID,VALID,,,552.92,2021-03-05,2026-12-31 06:00:00
ALB-HOM-0002199,P0001381,,HOM,DIRECT,2024-04-28,2025-04-28,RN,N,3806.7,3806.70,VALID,VALID,,,3489.420000000001,2025-02-22,2026-12-31 06:00:00
ALB-HOM-0002203,P0002286,,HOM,AGGREGATOR,2023-02-12,2024-02-12,IF,N,1813.68,1813.68,VALID,VALID,,,1813.6799999999994,2024-01-08,2026-12-31 06:00:00
ALB-HOM-0002207,P0002464,,HOM,AGGREGATOR,2022-09-16,2023-09-16,IF,N,2542.21,2542.21,VALID,VALID,Green & Jones Insurance Services Ltd,21.44,2542.1999999999994,2023-08-12,2026-12-31 06:00:00
ALB-HOM-0002221,P0000521,84,HOM,BROKER,2025-12-29,2026-12-29,CN,N,1382.55,1382.55,VALID,VALID,,,1382.5200000000002,2026-11-24,2026-12-31 06:00:00
ALB-HOM-0002225,P0001047,,HOM,DIRECT,2026-07-10,2027-07-10,IF,Y,1332.42,555.18,VALID,VALID,,,1221.4399999999998,2027-06-05,2026-12-31 06:00:00
ALB-HOM-0002236,P0002549,,HOM,AGGREGATOR,2022-03-29,2023-03-29,IF,N,3701.74,3701.74,VALID,VALID,Hall & Hall Insurance Services Ltd,9.1,3701.76,2023-02-22,2026-12-31 06:00:00
ALB-HOM-0002240,P0001493,,HOM,BROKER,2020-05-10,2021-05-10,EX,N,339.96,339.96,VALID,VALID,,,339.96,2020-05-10,2026-12-31 06:00:00
ALB-HOM-0002244,P0001439,,HOM,BROKER,2024-01-22,2025-01-21,IF,N,2107.07,2107.07,VALID,VALID,,,2107.0799999999995,2024-12-17,2026-12-31 06:00:00
ALB-HOM-0002247,P0000362,352,HOM,BROKER,2020-03-02,2021-03-02,EX,N,2122.19,2122.19,VALID,VALID,Williams & Baker Insurance Services Ltd,16.38,2122.1999999999994,2021-01-26,2026-12-31 06:00:00
ALB-HOM-0002249,P0002769,160,HOM,DIRECT,2022-06-12,2023-06-12,IF,N,474.43,474.43,VALID,VALID,Patel & Clarke Insurance Services Ltd,9.04,474.4800000000001,2023-05-08,2026-12-31 06:00:00
ALB-HOM-0002255,P0002713,423,HOM,AGGREGATOR,2023-04-11,2024-04-10,EX,N,2085.34,2085.34,VALID,VALID,,,2085.34,2023-04-11,2026-12-31 06:00:00
ALB-HOM-0002274,P0000774,,HOM,AGGREGATOR,2026-10-07,2027-10-07,CN,N,2932.75,488.79,VALID,VALID,,,2932.75,2026-10-07,2026-12-31 06:00:00
ALB-HOM-0002275,P0002461,,HOM,BROKER,2025-08-12,2026-08-12,LP,N,1674.74,1674.74,VALID,VALID,Hughes & Wright Insurance Services Ltd,8.65,1674.74,2025-08-12,2026-12-31 06:00:00
ALB-HOM-0002278,P0001024,,HOM,BROKER,2019-06-25,2020-06-24,IF,N,3948.27,3948.27,VALID,VALID,Davies & Wright Insurance Services Ltd,13.6,3948.24,2020-05-20,2026-12-31 06:00:00
ALB-HOM-0002283,P0002062,13,HOM,DIRECT,2018-01-27,2019-01-27,IF,N,2482.24,2482.24,VALID,VALID,,,2482.1999999999994,2018-12-23,2026-12-31 06:00:00
ALB-HOM-0002287,P0001222,,HOM,AGGREGATOR,2021-12-21,2022-12-21,LP,N,446.75,446.75,VALID,VALID,Green & Jones Insurance Services Ltd,21.44,446.75,2021-12-21,2026-12-31 06:00:00
ALB-HOM-0002289,P0002536,28,HOM,DIRECT,2018-01-06,2019-01-06,EX,N,2210.56,2210.56,VALID,VALID,Baker & Wright Insurance Services Ltd,22.1,1842.1000000000001,2018-12-02,2026-12-31 06:00:00
ALB-HOM-0002293,P0000104,177,HOM,DIRECT,2021-03-10,2022-03-10,RN,N,961.42,961.42,VALID,VALID,Baker & Hughes Insurance Services Ltd,13.91,961.44,2022-02-03,2026-12-31 06:00:00
ALB-HOM-0002299,P0001423,385,HOM,DIRECT,2018-10-15,2019-10-15,RN,N,1013.58,1013.58,VALID,VALID,Wilson & Wright Insurance Services Ltd,7.87,929.1700000000002,2019-09-10,2026-12-31 06:00:00
ALB-HOM-0002307,P0002669,99,HOM,DIRECT,2018-05-23,2019-05-23,EX,N,3717.71,3717.71,VALID,VALID,,,3717.72,2019-04-18,2026-12-31 06:00:00
ALB-HOM-0002309,P0002232,166,HOM,BROKER,2018-05-11,2019-05-11,IF,N,2065.16,2065.16,VALID,VALID,Murphy & Johnson Insurance Services Ltd,12.64,2065.1999999999994,2019-04-06,2026-12-31 06:00:00
ALB-HOM-0002326,P0000961,146,HOM,DIRECT,2020-03-16,2021-03-16,IF,N,2911.7,2911.70,VALID,VALID,Davies & Wright Insurance Services Ltd,13.6,2911.7,2020-03-16,2026-12-31 06:00:00
ALB-HOM-0002333,P0000465,,HOM,AGGREGATOR,2018-02-06,2019-02-06,IF,N,2003.83,2003.83,VALID,VALID,,,1669.9,2019-01-02,2026-12-31 06:00:00
ALB-HOM-0002337,P0000479,233,HOM,DIRECT,2025-10-28,2026-10-28,RN,N,1894.79,1894.79,VALID,VALID,,,1736.9000000000003,2026-09-23,2026-12-31 06:00:00
ALB-HOM-0002354,P0000773,293,HOM,BROKER,2018-07-26,2019-07-26,IF,N,3530.67,3530.67,VALID,VALID,,,3530.6400000000012,2019-06-21,2026-12-31 06:00:00
ALB-HOM-0002367,P0002349,,HOM,DIRECT,2018-04-21,2019-04-21,IF,N,549.32,549.32,VALID,VALID,,,549.32,2018-04-21,2026-12-31 06:00:00
ALB-HOM-0002369,P0001249,,HOM,AGGREGATOR,2019-07-23,2020-07-22,IF,N,1652.32,1652.32,INVALID,VALID,Khan & Davies Insurance Services Ltd,12.18,1514.5900000000004,2020-06-17,2026-12-31 06:00:00
ALB-HOM-0002372,P0001282,283,HOM,BROKER,2026-11-06,2027-11-06,CN,N,1101.12,91.76,VALID,VALID,Smith & Clarke Insurance Services Ltd,17.33,917.6,2027-10-02,2026-12-31 06:00:00
ALB-HOM-0002374,P0000011,,HOM,BROKER,2026-06-15,2027-06-15,EX,N,3941.96,1970.98,VALID,VALID,Wilson & OBrien Insurance Services Ltd,9.12,2956.5,2027-04-11,2026-12-31 06:00:00
ALB-HOM-0002394,P0001514,298,HOM,DIRECT,2024-09-29,2025-09-29,IF,N,1747.51,1747.51,VALID,VALID,Hughes & Wright Insurance Services Ltd,8.65,1747.51,2024-09-29,2026-12-31 06:00:00
ALB-HOM-0002398,P0002440,,HOM,AGGREGATOR,2025-02-21,2026-02-21,RN,N,3334.66,3334.66,VALID,VALID,Williams & Hall Insurance Services Ltd,14.19,3334.66,2025-02-21,2026-12-31 06:00:00
ALB-HOM-0002401,P0001952,,HOM,DIRECT,2019-07-01,2020-06-30,IF,N,1230.97,1230.97,VALID,VALID,Taylor & Walker Insurance Services Ltd,13.94,1230.97,2019-07-01,2026-12-31 06:00:00
ALB-HOM-0002428,P0000682,268,HOM,BROKER,2019-11-20,2020-11-19,LP,N,433.44,433.44,VALID,VALID,Wilson & Johnson Insurance Services Ltd,21.61,361.2,2020-10-15,2026-12-31 06:00:00
ALB-HOM-0002429,P0001411,,HOM,BROKER,2023-12-07,2024-12-06,RN,N,942.32,942.32,VALID,VALID,Murphy & Johnson Insurance Services Ltd,12.64,942.3599999999998,2024-11-01,2026-12-31 06:00:00
ALB-HOM-0002440,P0002524,,HOM,DIRECT,2022-07-11,2023-07-11,EX,N,558.51,558.51,VALID,VALID,,,511.9400000000001,2023-06-06,2026-12-31 06:00:00
ALB-HOM-0002444,P0000693,383,HOM,DIRECT,2019-04-11,2020-04-10,IF,N,4017.14,4017.14,VALID,VALID,Davies & Wright Insurance Services Ltd,13.6,4017.14,2019-04-11,2026-12-31 06:00:00
ALB-HOM-0002456,P0001195,,HOM,BROKER,2024-10-08,2025-10-08,IF,N,515.96,515.96,INVALID,VALID,,,516.0,2025-09-03,2026-12-31 06:00:00
ALB-HOM-0002457,P0000920,,HOM,DIRECT,2025-10-06,2026-10-06,IF,N,2850.01,2850.01,VALID,VALID,Baker & Clarke Insurance Services Ltd,20.14,2850.01,2025-10-06,2026-12-31 06:00:00
ALB-HOM-0002464,P0002650,,HOM,DIRECT,2019-02-23,2020-02-23,RN,N,4180.43,4180.43,VALID,VALID,,,4180.44,2020-01-19,2026-12-31 06:00:00
ALB-HOM-0002471,P0001715,144,HOM,AGGREGATOR,2023-01-16,2024-01-16,IF,N,3810.01,3810.01,VALID,VALID,Taylor & Murphy Insurance Services Ltd,20.48,3810.01,2023-01-16,2026-12-31 06:00:00
ALB-HOM-0002477,P0002023,198,HOM,DIRECT,2022-10-30,2023-10-30,LP,N,2960.85,2960.85,VALID,VALID,Jones & Baker Insurance Services Ltd,8.84,2714.1399999999994,2023-08-26,2026-12-31 06:00:00
ALB-HOM-0002479,P0001431,491,HOM,DIRECT,2018-06-12,2019-06-12,IF,N,689.52,689.52,VALID,VALID,,,689.5200000000001,2019-05-08,2026-12-31 06:00:00
ALB-HOM-0002480,P0001188,412,HOM,DIRECT,2025-07-08,2026-07-08,IF,N,2973.94,2973.94,VALID,VALID,Patel & Clarke Insurance Services Ltd,9.04,2726.1299999999997,2026-06-03,2026-12-31 06:00:00
ALB-HOM-0002501,P0001775,,HOM,BROKER,2024-11-28,2025-11-28,IF,N,3023.56,3023.56,VALID,VALID,Brown & Davies Insurance Services Ltd,14.49,3023.52,2025-10-24,2026-12-31 06:00:00
ALB-HOM-0002531,P0002749,316,HOM,AGGREGATOR,2023-09-21,2024-09-20,IF,N,1975.13,1975.13,VALID,VALID,,,1645.8999999999999,2024-08-16,2026-12-31 06:00:00
ALB-HOM-0002534,P0001732,218,HOM,AGGREGATOR,2022-05-05,2023-05-05,LP,N,748.68,748.68,VALID,VALID,Jones & Robinson Insurance Services Ltd,21.97,748.68,2023-03-31,2026-12-31 06:00:00
ALB-HOM-0002557,P0000989,,HOM,BROKER,2022-11-26,2023-11-26,IF,N,3622.65,3622.65,VALID,VALID,Hall & Hall Insurance Services Ltd,9.1,3622.679999999999,2023-10-22,2026-12-31 06:00:00
ALB-HOM-0002564,P0001990,,HOM,BROKER,2026-05-20,2027-05-20,CN,N,3953.91,2306.45,VALID,VALID,Smith & Clarke Insurance Services Ltd,17.33,3624.3899999999994,2027-04-15,2026-12-31 06:00:00
ALB-HOM-0002572,P0002339,,HOM,DIRECT,2023-07-28,2024-07-27,IF,N,2217.84,2217.84,VALID,VALID,,,2217.8399999999997,2024-06-22,2026-12-31 06:00:00
ALB-HOM-0002574,P0002421,388,HOM,BROKER,2020-11-10,2021-11-10,LP,N,2042.51,2042.51,VALID,VALID,,,2042.5200000000002,2021-10-06,2026-12-31 06:00:00
ALB-HOM-0002580,P0003045,356,HOM,BROKER,2025-05-30,2026-05-30,IF,N,1315.05,1315.05,VALID,VALID,,,1315.08,2026-04-25,2026-12-31 06:00:00
ALB-HOM-0002586,P0002951,224,HOM,AGGREGATOR,2024-01-21,2025-01-20,IF,N,277.94,277.94,INVALID,VALID,,,277.92,2024-12-16,2026-12-31 06:00:00
ALB-HOM-0002590,P0001973,,HOM,BROKER,2019-02-21,2020-02-21,IF,N,1508.46,1508.46,VALID,VALID,,,1508.4000000000003,2020-01-17,2026-12-31 06:00:00
ALB-HOM-0002593,P0001331,,HOM,BROKER,2024-08-11,2025-08-11,RN,N,1239.31,1239.31,VALID,VALID,Taylor & Wilson Insurance Services Ltd,14.3,1239.31,2024-08-11,2026-12-31 06:00:00
ALB-HOM-0002594,P0002648,,HOM,DIRECT,2020-11-21,2021-11-21,RN,N,2938.89,2938.89,VALID,VALID,Williams & Williams Insurance Services Ltd,18.19,2938.9199999999996,2021-10-17,2026-12-31 06:00:00
ALB-HOM-0002596,P0000300,,HOM,BROKER,2019-07-08,2020-07-07,IF,N,2155.13,2155.13,VALID,VALID,Walker & Wright Insurance Services Ltd,10.74,2155.13,2019-07-08,2026-12-31 06:00:00
ALB-HOM-0002613,P0003081,393,HOM,BROKER,2024-09-08,2025-09-08,IF,N,187.01,187.01,INVALID,VALID,Clarke & Wright Insurance Services Ltd,11.72,187.01,2024-09-08,2026-12-31 06:00:00
ALB-HOM-0002622,P0003084,,HOM,DIRECT,2024-01-04,2025-01-03,EX,N,227.81,227.81,VALID,VALID,Davies & Hughes Insurance Services Ltd,15.18,189.79999999999998,2024-10-30,2026-12-31 06:00:00
ALB-HOM-0002631,P0001966,,HOM,DIRECT,2023-03-05,2024-03-04,IF,N,2948.39,2948.39,VALID,VALID,Hall & Khan Insurance Services Ltd,14.81,2948.39,2023-03-05,2026-12-31 06:00:00
ALB-HOM-0002636,P0000797,38,HOM,DIRECT,2022-01-01,2023-01-01,LP,N,2223.53,2223.53,VALID,VALID,Patel & Wilson Insurance Services Ltd,12.84,2038.1899999999998,2022-10-28,2026-12-31 06:00:00
ALB-HOM-0002642,P0001628,,HOM,BROKER,2023-01-17,2024-01-17,RN,N,3491.3,3491.30,VALID,VALID,,,3491.28,2023-12-13,2026-12-31 06:00:00
ALB-HOM-0002651,P0001029,351,HOM,DIRECT,2021-06-07,2022-06-07,IF,N,3932.87,3932.87,INVALID,VALID,Davies & Green Insurance Services Ltd,7.72,3605.1399999999994,2022-04-03,2026-12-31 06:00:00
ALB-HOM-0002654,P0002119,,HOM,BROKER,2021-12-15,2022-12-15,CN,N,4088.29,4088.29,VALID,VALID,,,4088.28,2022-11-10,2026-12-31 06:00:00
ALB-HOM-0002670,P0000007,,HOM,BROKER,2024-11-28,2025-11-28,RN,N,1945.13,1945.13,VALID,VALID,,,1782.9899999999998,2025-10-24,2026-12-31 06:00:00
ALB-HOM-0002679,P0001972,,HOM,BROKER,2020-07-12,2021-07-12,RN,N,3395.82,3395.82,VALID,VALID,Williams & Baker Insurance Services Ltd,16.38,3112.8899999999994,2021-06-07,2026-12-31 06:00:00
ALB-HOM-0002683,P0002978,,HOM,DIRECT,2026-09-04,2027-09-04,LP,N,2927.55,731.89,VALID,VALID,Davies & Hughes Insurance Services Ltd,15.18,2927.55,2026-09-04,2026-12-31 06:00:00
ALB-HOM-0002705,P0003095,,HOM,DIRECT,2026-12-02,2027-12-02,EX,N,916.73,0.00,VALID,VALID,Clarke & Wright Insurance Services Ltd,9.41,916.68,2027-10-28,2026-12-31 06:00:00
ALB-HOM-0002711,P0002672,65,HOM,DIRECT,2023-04-17,2024-04-16,EX,N,4107.13,4107.13,VALID,VALID,Johnson & Hall Insurance Services Ltd,21.38,2738.08,2024-03-12,2026-12-31 06:00:00
ALB-HOM-0002714,P0001899,459,HOM,BROKER,2019-03-25,2020-03-24,EX,N,269.34,269.34,VALID,VALID,Patel & Wilson Insurance Services Ltd,12.84,269.34,2019-03-25,2026-12-31 06:00:00
ALB-HOM-0002722,P0001640,139,HOM,BROKER,2019-07-30,2020-07-29,IF,N,3552.1,3552.10,VALID,VALID,Hall & Khan Insurance Services Ltd,14.81,3552.120000000001,2020-06-24,2026-12-31 06:00:00
ALB-HOM-0002726,P0002284,,HOM,DIRECT,2018-10-17,2019-10-17,LP,N,821.68,821.68,INVALID,VALID,,,753.1700000000002,2019-09-12,2026-12-31 06:00:00
ALB-HOM-0002732,P0001296,16,HOM,AGGREGATOR,2026-04-09,2027-04-09,LP,N,2645.75,1763.83,VALID,VALID,Davies & Hughes Insurance Services Ltd,15.18,2645.75,2026-04-09,2026-12-31 06:00:00
ALB-HOM-0002736,P0000916,,HOM,BROKER,2022-03-26,2023-03-26,IF,N,4105.21,4105.21,VALID,VALID,Wilson & OBrien Insurance Services Ltd,9.12,4105.2,2023-02-19,2026-12-31 06:00:00
ALB-HOM-0002746,P0001299,,HOM,AGGREGATOR,2019-04-17,2020-04-16,EX,N,1831.77,1831.77,VALID,VALID,Patel & Wilson Insurance Services Ltd,12.84,1831.8000000000004,2020-03-12,2026-12-31 06:00:00
ALB-HOM-0002749,P0001260,,HOM,BROKER,2021-07-31,2022-07-31,EX,N,2190.51,2190.51,VALID,VALID,Taylor & Walker Insurance Services Ltd,13.94,2190.51,2021-07-31,2026-12-31 06:00:00
ALB-HOM-0002768,P0000344,23,HOM,BROKER,2019-03-17,2020-03-16,IF,N,1914.14,1914.14,VALID,VALID,,,1914.14,2019-03-17,2026-12-31 06:00:00
ALB-HOM-0002773,P0003190,41,HOM,DIRECT,2021-11-22,2022-11-22,LP,N,530.04,530.04,VALID,VALID,,,530.0400000000001,2022-10-18,2026-12-31 06:00:00
ALB-HOM-0002774,P0000743,,HOM,AGGREGATOR,2020-09-04,2021-09-04,IF,N,1499.99,1499.99,VALID,VALID,Taylor & Johnson Insurance Services Ltd,17.25,1250.0,2021-07-31,2026-12-31 06:00:00
ALB-HOM-0002780,P0002459,,HOM,BROKER,2023-01-20,2024-01-20,LP,N,1318.98,1318.98,VALID,VALID,,,1209.12,2023-12-16,2026-12-31 06:00:00
ALB-HOM-0002790,P0001822,,HOM,BROKER,2019-03-21,2020-03-20,IF,N,871.24,871.24,INVALID,VALID,,,871.2000000000002,2020-02-14,2026-12-31 06:00:00
ALB-HOM-0002791,P0000872,463,HOM,DIRECT,2018-12-29,2019-12-29,IF,N,1707.01,1707.01,VALID,VALID,Davies & Taylor Insurance Services Ltd,14.09,1707.0,2019-11-24,2026-12-31 06:00:00
ALB-HOM-0002792,P0001601,,HOM,BROKER,2021-05-06,2022-05-06,IF,N,4041.92,4041.92,VALID,VALID,,,3705.1299999999997,2022-04-01,2026-12-31 06:00:00
ALB-HOM-0002794,P0002863,137,HOM,BROKER,2021-05-24,2022-05-24,IF,N,1401.69,1401.69,VALID,VALID,Baker & Brown Insurance Services Ltd,14.45,1401.7199999999996,2022-04-19,2026-12-31 06:00:00
ALB-HOM-0002801,P0000796,161,HOM,DIRECT,2025-02-13,2026-02-13,CN,N,823.17,823.17,VALID,VALID,Jones & Baker Insurance Services Ltd,8.84,823.2000000000002,2026-01-09,2026-12-31 06:00:00
ALB-HOM-0002815,P0001034,,HOM,BROKER,2022-11-29,2023-11-29,EX,N,3829.1,3829.10,VALID,VALID,,,3829.0800000000004,2023-10-25,2026-12-31 06:00:00
ALB-HOM-0002819,P0001396,,HOM,BROKER,2018-11-02,2019-11-02,RN,N,3325.07,3325.07,VALID,VALID,Patel & Clarke Insurance Services Ltd,9.04,3325.0800000000004,2019-09-28,2026-12-31 06:00:00
ALB-HOM-0002823,P0002362,,HOM,BROKER,2020-10-08,2021-10-08,IF,N,3755.65,3755.65,VALID,VALID,Clarke & Wright Insurance Services Ltd,9.41,3755.6400000000012,2021-09-03,2026-12-31 06:00:00
ALB-HOM-0002831,P0001431,491,HOM,AGGREGATOR,2020-01-06,2021-01-05,IF,N,2728.31,2728.31,VALID,VALID,,,2273.600000000001,2020-12-01,2026-12-31 06:00:00
ALB-HOM-0002836,P0000050,259,HOM,BROKER,2020-02-03,2021-02-02,IF,N,836.13,836.13,VALID,VALID,Green & Patel Insurance Services Ltd,10.9,836.13,2020-02-03,2026-12-31 06:00:00
ALB-HOM-0002844,P0001009,,HOM,BROKER,2021-11-10,2022-11-10,CN,N,3826.93,3826.93,VALID,VALID,,,3826.93,2021-11-10,2026-12-31 06:00:00
ALB-HOM-0002845,P0002597,,HOM,DIRECT,2021-05-17,2022-05-17,EX,N,3907.64,3907.64,VALID,VALID,,,3907.64,2021-05-17,2026-12-31 06:00:00
ALB-HOM-0002858,P0002100,486,HOM,BROKER,2018-10-14,2019-10-14,RN,N,2497.4,2497.40,VALID,VALID,Baker & Wright Insurance Services Ltd,22.1,2497.439999999999,2019-09-09,2026-12-31 06:00:00
ALB-HOM-0002889,P0003193,,HOM,BROKER,2019-11-16,2020-11-15,IF,N,3815.29,3815.29,VALID,VALID,Davies & Hughes Insurance Services Ltd,15.18,,,2026-12-31 06:00:00
ALB-HOM-0002890,P0002263,302,HOM,BROKER,2025-05-03,2026-05-03,RN,N,3225.86,3225.86,VALID,VALID,Hall & Brown Insurance Services Ltd,13.16,3225.8400000000006,2026-03-29,2026-12-31 06:00:00
ALB-HOM-0002899,P0000253,79,HOM,DIRECT,2019-08-11,2020-08-10,EX,N,1072.15,1072.15,VALID,VALID,Walker & Wright Insurance Services Ltd,10.74,1072.15,2019-08-11,2026-12-31 06:00:00
ALB-HOM-0002904,P0000654,254,HOM,DIRECT,2021-12-24,2022-12-24,LP,N,1079.61,1079.61,VALID,VALID,,,1079.61,2021-12-24,2026-12-31 06:00:00
ALB-HOM-0002906,P0001620,28,HOM,AGGREGATOR,2023-09-13,2024-09-12,IF,N,1443.31,1443.31,VALID,VALID,,,,,2026-12-31 06:00:00
ALB-HOM-0002912,P0001115,444,HOM,BROKER,2025-04-18,2026-04-18,IF,N,2606.52,2606.52,VALID,VALID,Taylor & Johnson Insurance Services Ltd,17.25,2606.52,2026-03-14,2026-12-31 06:00:00
ALB-HOM-0002918,P0001258,206,HOM,AGGREGATOR,2026-04-28,2027-04-28,RN,N,3558.19,2372.13,VALID,VALID,Clarke & Wright Insurance Services Ltd,11.72,3558.19,2026-04-28,2026-12-31 06:00:00
ALB-HOM-0002926,P0000312,55,HOM,BROKER,2019-06-15,2020-06-14,IF,N,1389.72,1389.72,VALID,VALID,Davies & Wright Insurance Services Ltd,13.6,1273.9099999999996,2020-05-10,2026-12-31 06:00:00
ALB-HOM-0002928,P0001666,,HOM,BROKER,2026-02-10,2027-02-10,IF,N,2676.03,2230.03,VALID,VALID,Johnson & Murphy Insurance Services Ltd,21.31,2676.03,2026-02-10,2026-12-31 06:00:00
ALB-HOM-0002930,P0000574,258,HOM,BROKER,2026-06-30,2027-06-30,IF,Y,2779.08,1389.54,VALID,VALID,Green & Patel Insurance Services Ltd,10.9,2547.4900000000002,2027-05-26,2026-12-31 06:00:00
ALB-HOM-0002945,P0001140,,HOM,BROKER,2020-06-22,2021-06-22,LP,N,2343.17,2343.17,VALID,VALID,Davies & Davies Insurance Services Ltd,17.73,2147.8599999999997,2021-05-18,2026-12-31 06:00:00
ALB-HOM-0002952,P0000092,391,HOM,AGGREGATOR,2022-10-19,2023-10-19,RN,N,2891.72,2891.72,VALID,VALID,Davies & Brown Insurance Services Ltd,22.12,2650.7799999999997,2023-09-14,2026-12-31 06:00:00
ALB-HOM-0002958,P0000405,343,HOM,BROKER,2018-11-15,2019-11-15,CN,N,3320.1,3320.10,VALID,VALID,Williams & Hall Insurance Services Ltd,14.19,3320.1,2018-11-15,2026-12-31 06:00:00
ALB-HOM-0002976,P0001569,313,HOM,AGGREGATOR,2021-04-20,2022-04-20,RN,N,2016.99,2016.99,INVALID,VALID,Davies & Wright Insurance Services Ltd,13.6,2016.9599999999998,2022-03-16,2026-12-31 06:00:00
ALB-HOM-0002983,P0002324,291,HOM,AGGREGATOR,2025-12-05,2026-12-05,RN,N,1320.75,1320.75,VALID,VALID,Williams & Hall Insurance Services Ltd,14.19,1320.75,2025-12-05,2026-12-31 06:00:00
ALB-HOM-0002984,P0002783,,HOM,BROKER,2019-03-21,2020-03-20,LP,N,2099.3,2099.30,VALID,VALID,,,2099.3,2019-03-21,2026-12-31 06:00:00
ALB-HOM-0002990,P0001892,,HOM,BROKER,2024-09-02,2025-09-02,RN,N,941.79,941.79,INVALID,VALID,Hughes & Wright Insurance Services Ltd,8.65,941.7600000000001,2025-07-29,2026-12-31 06:00:00
ALB-HOM-0002993,P0002092,,HOM,BROKER,2018-02-09,2019-02-09,IF,N,2767.75,2767.75,VALID,VALID,Clarke & Wright Insurance Services Ltd,9.41,2767.75,2018-02-09,2026-12-31 06:00:00
ALB-HOM-0002994,P0000983,,HOM,BROKER,2019-01-07,2020-01-07,IF,N,3734.6,3734.60,INVALID,VALID,Walker & Wright Insurance Services Ltd,10.74,3423.420000000001,2019-12-03,2026-12-31 06:00:00
ALB-HOM-0002996,P0001179,,HOM,DIRECT,2022-08-09,2023-08-09,IF,N,2152.4,2152.40,VALID,VALID,Taylor & Murphy Insurance Services Ltd,20.48,1793.6999999999998,2023-07-05,2026-12-31 06:00:00
ALB-HOM-0003028,P0000752,10,HOM,BROKER,2018-09-02,2019-09-02,EX,N,2248.05,2248.05,VALID,VALID,,,2248.05,2018-09-02,2026-12-31 06:00:00
ALB-HOM-0003035,P0000396,354,HOM,BROKER,2025-03-28,2026-03-28,EX,N,3988.74,3988.74,VALID,VALID,Patel & Wilson Insurance Services Ltd,12.84,3656.289999999999,2026-02-21,2026-12-31 06:00:00
ALB-HOM-0003060,P0001457,413,HOM,BROKER,2018-08-06,2019-08-06,RN,N,1357.57,1357.57,VALID,VALID,Williams & Hall Insurance Services Ltd,14.19,1357.57,2018-08-06,2026-12-31 06:00:00
ALB-HOM-0003084,P0002075,,HOM,DIRECT,2022-05-07,2023-05-07,RN,N,1914.34,1914.34,VALID,VALID,Williams & Hall Insurance Services Ltd,14.19,1914.36,2023-04-02,2026-12-31 06:00:00
ALB-HOM-0003087,P0002679,,HOM,BROKER,2022-09-10,2023-09-10,EX,N,2950.01,2950.01,VALID,VALID,Clarke & Davies Insurance Services Ltd,10.43,2949.9599999999996,2023-08-06,2026-12-31 06:00:00
ALB-HOM-0003091,P0000580,45,HOM,AGGREGATOR,2018-03-04,2019-03-04,IF,N,4034.41,4034.41,VALID,VALID,,,4034.399999999999,2019-01-28,2026-12-31 06:00:00
ALB-HOM-0003094,P0001736,,HOM,DIRECT,2019-04-25,2020-04-24,IF,N,1488.9,1488.90,VALID,VALID,Davies & Davies Insurance Services Ltd,17.73,1488.9599999999998,2020-03-20,2026-12-31 06:00:00
ALB-HOM-0003109,P0000698,349,HOM,BROKER,2020-09-14,2021-09-14,RN,N,1271.46,1271.46,VALID,VALID,Smith & Brown Insurance Services Ltd,19.81,1271.4000000000003,2021-08-10,2026-12-31 06:00:00
ALB-HOM-0003112,P0002839,,HOM,DIRECT,2019-03-23,2020-03-22,IF,N,2521.24,2521.24,VALID,VALID,Green & Murphy Insurance Services Ltd,11.43,2521.24,2019-03-23,2026-12-31 06:00:00
ALB-HOM-0003123,P0002763,240,HOM,BROKER,2025-09-08,2026-09-08,RN,N,1799.16,1799.16,VALID,VALID,Williams & Hall Insurance Services Ltd,14.19,1799.1600000000005,2026-08-04,2026-12-31 06:00:00
ALB-HOM-0003126,P0001165,,HOM,AGGREGATOR,2021-10-07,2022-10-07,CN,N,2908.38,2908.38,VALID,VALID,Robinson & Brown Insurance Services Ltd,15.85,2908.439999999999,2022-09-02,2026-12-31 06:00:00
ALB-HOM-0003137,P0000962,,HOM,BROKER,2018-12-27,2019-12-27,IF,N,2674.67,2674.67,VALID,VALID,Clarke & Davies Insurance Services Ltd,10.43,2451.789999999999,2019-11-22,2026-12-31 06:00:00
ALB-HOM-0003146,P0002742,469,HOM,DIRECT,2020-04-28,2021-04-28,LP,N,835.42,835.42,VALID,VALID,Johnson & Hughes Insurance Services Ltd,17.19,835.42,2020-04-28,2026-12-31 06:00:00
ALB-HOM-0003156,P0000416,31,HOM,DIRECT,2020-10-21,2021-10-21,IF,N,3382.3,3382.30,VALID,VALID,Williams & Hall Insurance Services Ltd,14.19,3382.3,2020-10-21,2026-12-31 06:00:00
ALB-HOM-0003160,P0001974,,HOM,BROKER,2021-10-28,2022-10-28,LP,N,2851.85,2851.85,VALID,VALID,,,2614.1500000000005,2022-09-23,2026-12-31 06:00:00
ALB-HOM-0003172,P0001046,,HOM,BROKER,2023-06-25,2024-06-24,IF,N,3798.43,3798.43,VALID,VALID,Wilson & Johnson Insurance Services Ltd,21.61,3798.48,2024-05-20,2026-12-31 06:00:00
ALB-HOM-0003177,P0002368,,HOM,DIRECT,2023-04-05,2024-04-04,IF,N,2272.47,2272.47,VALID,VALID,Hall & Wright Insurance Services Ltd,8.65,2272.47,2023-04-05,2026-12-31 06:00:00
ALB-HOM-0003178,P0000102,139,HOM,BROKER,2025-12-31,2026-12-31,EX,N,2904.1,2904.10,VALID,VALID,Hall & Murphy Insurance Services Ltd,10.45,2662.1100000000006,2026-10-27,2026-12-31 06:00:00
ALB-HOM-0003201,P0001126,383,HOM,BROKER,2025-01-11,2026-01-11,RN,N,1248.58,1248.58,VALID,VALID,,,1248.58,2025-01-11,2026-12-31 06:00:00
ALB-HOM-0003213,P0002336,148,HOM,BROKER,2020-12-29,2021-12-29,RN,N,400.22,400.22,VALID,VALID,,,366.8500000000001,2021-11-24,2026-12-31 06:00:00
ALB-HOM-0003214,P0001082,439,HOM,DIRECT,2023-01-20,2024-01-20,CN,N,709.5,709.50,VALID,VALID,,,650.3199999999999,2023-12-16,2026-12-31 06:00:00
ALB-HOM-0003221,P0000572,,HOM,DIRECT,2023-12-01,2024-11-30,EX,N,2638.18,2638.18,VALID,VALID,Baker & Wright Insurance Services Ltd,22.1,2638.1999999999994,2024-10-26,2026-12-31 06:00:00
ALB-HOM-0003222,P0001995,165,HOM,DIRECT,2022-09-11,2023-09-11,IF,N,777.03,777.03,VALID,VALID,Baker & Hughes Insurance Services Ltd,13.91,777.03,2022-09-11,2026-12-31 06:00:00
ALB-HOM-0003223,P0000627,270,HOM,BROKER,2019-11-29,2020-11-28,RN,N,1477.66,1477.66,VALID,VALID,Brown & Davies Insurance Services Ltd,14.49,1477.66,2019-11-29,2026-12-31 06:00:00
ALB-HOM-0003226,P0003011,,HOM,DIRECT,2023-03-14,2024-03-13,IF,N,3023.4,3023.40,VALID,VALID,Baker & Clarke Insurance Services Ltd,20.14,3023.4,2023-03-14,2026-12-31 06:00:00
ALB-HOM-0003241,P0002915,230,HOM,BROKER,2023-06-02,2024-06-01,IF,N,262.94,262.94,VALID,VALID,,,241.01,2024-04-27,2026-12-31 06:00:00
ALB-HOM-0003259,P0002314,,HOM,DIRECT,2019-09-15,2020-09-14,RN,N,3705.95,3705.95,VALID,VALID,Hall & Khan Insurance Services Ltd,14.81,3705.95,2019-09-15,2026-12-31 06:00:00
ALB-HOM-0003263,P0002804,,HOM,AGGREGATOR,2023-11-03,2024-11-02,IF,N,3957.84,3957.84,VALID,VALID,Green & Jones Insurance Services Ltd,21.44,3628.0200000000004,2024-09-28,2026-12-31 06:00:00
ALB-HOM-0003267,P0001459,,HOM,AGGREGATOR,2018-10-01,2019-10-01,IF,N,2215.42,2215.42,VALID,VALID,,,2215.42,2018-10-01,2026-12-31 06:00:00
ALB-HOM-0003275,P0000249,,HOM,DIRECT,2025-01-11,2026-01-11,RN,N,1007.1,1007.10,VALID,VALID,Smith & Clarke Insurance Services Ltd,17.33,1007.1,2025-01-11,2026-12-31 06:00:00
ALB-HOM-0003277,P0000860,163,HOM,DIRECT,2024-03-25,2025-03-25,LP,N,2078.47,2078.47,VALID,VALID,Wilson & Wright Insurance Services Ltd,7.87,2078.52,2025-02-18,2026-12-31 06:00:00
ALB-HOM-0003294,P0002368,,HOM,BROKER,2018-03-22,2019-03-22,LP,N,3092.05,3092.05,VALID,VALID,,,3092.0400000000004,2019-02-15,2026-12-31 06:00:00
ALB-HOM-0003296,P0001107,357,HOM,BROKER,2018-03-27,2019-03-27,LP,N,2088.3,2088.30,VALID,VALID,Green & Patel Insurance Services Ltd,10.9,1740.3,2019-01-21,2026-12-31 06:00:00
ALB-HOM-0003297,P0003014,,HOM,AGGREGATOR,2024-10-07,2025-10-07,EX,N,1326.17,1326.17,VALID,VALID,Wilson & Johnson Insurance Services Ltd,21.61,1215.6100000000001,2025-09-02,2026-12-31 06:00:00
ALB-HOM-0003305,P0001720,,HOM,AGGREGATOR,2024-10-19,2025-10-19,LP,N,1395.39,1395.39,VALID,VALID,Williams & Baker Insurance Services Ltd,16.38,1162.8,2025-08-15,2026-12-31 06:00:00
ALB-HOM-0003315,P0001998,,HOM,BROKER,2021-08-30,2022-08-30,EX,N,3304.48,3304.48,VALID,VALID,,,3029.0699999999993,2022-06-26,2026-12-31 06:00:00
ALB-HOM-0003324,P0000371,66,HOM,BROKER,2024-12-25,2025-12-25,IF,N,652.78,652.78,VALID,VALID,Hall & Patel Insurance Services Ltd,13.7,652.7999999999998,2025-11-20,2026-12-31 06:00:00
ALB-HOM-0003338,P0002360,257,HOM,BROKER,2026-06-22,2027-06-22,LP,N,4104.77,2052.39,VALID,VALID,Walker & OBrien Insurance Services Ltd,10.5,3762.66,2027-05-18,2026-12-31 06:00:00
ALB-HOM-0003345,P0001244,,HOM,AGGREGATOR,2024-06-14,2025-06-14,IF,N,4180.42,4180.42,VALID,VALID,,,4180.42,2024-06-14,2026-12-31 06:00:00
ALB-HOM-0003349,P0001884,,HOM,BROKER,2026-09-08,2027-09-08,CN,N,2308.66,577.17,VALID,VALID,,,2308.6799999999994,2027-08-04,2026-12-31 06:00:00
ALB-HOM-0003367,P0002022,153,HOM,AGGREGATOR,2026-09-20,2027-09-20,IF,Y,2061.86,515.47,VALID,VALID,Green & Murphy Insurance Services Ltd,11.43,1890.0199999999995,2027-08-16,2026-12-31 06:00:00
ALB-HOM-0003369,P0000426,25,HOM,AGGREGATOR,2018-05-06,2019-05-06,IF,N,220.4,220.40,VALID,VALID,Smith & Davies Insurance Services Ltd,14.16,220.4,2018-05-06,2026-12-31 06:00:00
ALB-HOM-0003397,P0002207,,HOM,DIRECT,2024-01-29,2025-01-28,IF,N,498.88,498.88,VALID,VALID,Jones & Robinson Insurance Services Ltd,21.97,498.84,2024-12-24,2026-12-31 06:00:00
ALB-HOM-0003398,P0001716,265,HOM,DIRECT,2018-08-06,2019-08-06,RN,N,1410.4,1410.40,VALID,VALID,,,1410.4,2018-08-06,2026-12-31 06:00:00
ALB-HOM-0003401,P0001977,,HOM,AGGREGATOR,2021-02-03,2022-02-03,LP,N,682.24,682.24,VALID,VALID,Hall & Hall Insurance Services Ltd,9.1,682.2000000000002,2021-12-30,2026-12-31 06:00:00
ALB-HOM-0003402,P0000750,,HOM,DIRECT,2018-12-02,2019-12-02,RN,N,1201.45,1201.45,VALID,VALID,,,1101.3200000000002,2019-10-28,2026-12-31 06:00:00
ALB-HOM-0003416,P0000410,206,HOM,BROKER,2019-01-03,2020-01-03,RN,N,2635.25,2635.25,VALID,VALID,,,2635.25,2019-01-03,2026-12-31 06:00:00
ALB-HOM-0003422,P0001737,292,HOM,DIRECT,2018-10-29,2019-10-29,EX,N,4042.79,4042.79,VALID,VALID,Taylor & Murphy Insurance Services Ltd,20.48,3705.9000000000005,2019-09-24,2026-12-31 06:00:00
ALB-HOM-0003425,P0001298,,HOM,DIRECT,2026-08-10,2027-08-10,IF,Y,1886.38,628.79,VALID,VALID,,,1729.2000000000003,2027-07-06,2026-12-31 06:00:00
ALB-HOM-0003429,P0002260,227,HOM,BROKER,2021-06-03,2022-06-03,IF,N,1138.3,1138.30,VALID,VALID,,,1138.3,2021-06-03,2026-12-31 06:00:00
ALB-HOM-0003431,P0002065,,HOM,DIRECT,2026-05-31,2027-05-31,IF,N,1572.5,917.29,VALID,VALID,Green & Murphy Insurance Services Ltd,11.43,1572.5,2026-05-31,2026-12-31 06:00:00
ALB-HOM-0003433,P0002618,,HOM,BROKER,2025-04-14,2026-04-14,IF,N,386.79,386.79,VALID,VALID,Taylor & Johnson Insurance Services Ltd,17.25,386.79,2025-04-14,2026-12-31 06:00:00
ALB-HOM-0003437,P0001116,,HOM,DIRECT,2021-03-30,2022-03-30,LP,N,1807.67,1807.67,VALID,VALID,,,1807.67,2021-03-30,2026-12-31 06:00:00
ALB-HOM-0003439,P0000951,,HOM,BROKER,2022-09-26,2023-09-26,RN,N,2074.22,2074.22,VALID,VALID,Davies & Green Insurance Services Ltd,7.72,1901.3499999999995,2023-08-22,2026-12-31 06:00:00
ALB-HOM-0003444,P0000701,,HOM,DIRECT,2022-08-28,2023-08-28,IF,N,3278.69,3278.69,VALID,VALID,Smith & Walker Insurance Services Ltd,18.79,3278.69,2022-08-28,2026-12-31 06:00:00
ALB-HOM-0003446,P0001298,,HOM,DIRECT,2022-04-06,2023-04-06,CN,N,2056.4,2056.40,VALID,VALID,,,2056.4399999999996,2023-03-02,2026-12-31 06:00:00
ALB-HOM-0003459,P0002464,,HOM,DIRECT,2023-06-27,2024-06-26,IF,N,1402.2,1402.20,VALID,VALID,,,1285.35,2024-05-22,2026-12-31 06:00:00
ALB-HOM-0003460,P0000981,,HOM,DIRECT,2020-05-14,2021-05-14,IF,N,1643.28,1643.28,VALID,VALID,,,1643.2800000000004,2021-04-09,2026-12-31 06:00:00
ALB-HOM-0003470,P0001088,220,HOM,AGGREGATOR,2018-09-07,2019-09-07,RN,N,555.14,555.14,VALID,VALID,Brown & Davies Insurance Services Ltd,14.49,555.12,2019-08-03,2026-12-31 06:00:00
ALB-HOM-0003472,P0001835,,HOM,DIRECT,2026-08-12,2027-08-12,IF,N,1153.76,384.59,VALID,VALID,,,1153.76,2026-08-12,2026-12-31 06:00:00
ALB-HOM-0003475,P0001878,368,HOM,DIRECT,2024-10-26,2025-10-26,IF,N,3888.26,3888.26,VALID,VALID,,,3888.26,2024-10-26,2026-12-31 06:00:00
ALB-HOM-0003480,P0002711,,HOM,BROKER,2022-06-12,2023-06-12,LP,N,3658.45,3658.45,VALID,VALID,Wilson & Wright Insurance Services Ltd,7.87,3658.45,2022-06-12,2026-12-31 06:00:00
ALB-HOM-0003483,P0002257,218,HOM,BROKER,2022-12-30,2023-12-30,CN,N,3508.56,3508.56,VALID,VALID,,,3216.1800000000007,2023-11-25,2026-12-31 06:00:00
ALB-HOM-0003486,P0002022,153,HOM,BROKER,2023-06-06,2024-06-05,IF,N,3288.31,3288.31,VALID,VALID,Davies & Brown Insurance Services Ltd,22.12,3288.3599999999988,2024-05-01,2026-12-31 06:00:00
ALB-HOM-0003499,P0000577,40,HOM,DIRECT,2026-03-12,2027-03-12,RN,N,450.32,337.74,VALID,VALID,Khan & Smith Insurance Services Ltd,17.81,337.77,2027-01-06,2026-12-31 06:00:00
ALB-HOM-0003503,P0002924,32,HOM,DIRECT,2022-03-24,2023-03-24,CN,N,3108.32,3108.32,VALID,VALID,Walker & OBrien Insurance Services Ltd,10.5,3108.3599999999988,2023-02-17,2026-12-31 06:00:00
ALB-HOM-0003505,P0000700,167,HOM,BROKER,2023-08-28,2024-08-27,CN,N,1669.87,1669.87,VALID,VALID,Patel & Taylor Insurance Services Ltd,13.95,1669.9200000000003,2024-07-23,2026-12-31 06:00:00
ALB-HOM-0003507,P0002875,305,HOM,BROKER,2018-05-22,2019-05-22,IF,N,317.22,317.22,INVALID,VALID,Taylor & Walker Insurance Services Ltd,13.94,317.28000000000003,2019-04-17,2026-12-31 06:00:00
ALB-HOM-0003515,P0002940,125,HOM,BROKER,2026-06-02,2027-06-02,EX,N,1311.91,765.28,VALID,VALID,Baker & Hughes Insurance Services Ltd,12.55,1311.91,2026-06-02,2026-12-31 06:00:00
ALB-HOM-0003517,P0000716,,HOM,DIRECT,2021-08-21,2022-08-21,LP,N,3177.77,3177.77,VALID,VALID,Murphy & Johnson Insurance Services Ltd,12.64,,,2026-12-31 06:00:00
ALB-HOM-0003533,P0002194,418,HOM,DIRECT,2026-08-31,2027-08-31,IF,N,3703.05,1234.35,VALID,VALID,Davies & Wright Insurance Services Ltd,13.6,3703.05,2026-08-31,2026-12-31 06:00:00
ALB-HOM-0003536,P0002585,148,HOM,DIRECT,2018-05-01,2019-05-01,LP,N,2095.39,2095.39,VALID,VALID,,,2095.4399999999996,2019-03-27,2026-12-31 06:00:00
ALB-HOM-0003548,P0002482,,HOM,BROKER,2020-08-02,2021-08-02,CN,N,2049.75,2049.75,VALID,VALID,Wilson & Wright Insurance Services Ltd,7.87,2049.72,2021-06-28,2026-12-31 06:00:00
ALB-HOM-0003552,P0002860,17,HOM,DIRECT,2023-01-21,2024-01-21,IF,N,1053.96,1053.96,VALID,VALID,,,1053.96,2023-01-21,2026-12-31 06:00:00
ALB-HOM-0003555,P0000097,195,HOM,DIRECT,2023-07-14,2024-07-13,RN,N,2129.82,2129.82,VALID,VALID,Baker & Clarke Insurance Services Ltd,20.14,2129.88,2024-06-08,2026-12-31 06:00:00
ALB-HOM-0003559,P0000603,,HOM,DIRECT,2024-08-06,2025-08-06,IF,N,201.62,201.62,VALID,VALID,Smith & Walker Insurance Services Ltd,18.79,201.62,2024-08-06,2026-12-31 06:00:00
ALB-HOM-0003564,P0000907,156,HOM,BROKER,2018-05-09,2019-05-09,IF,N,268.05,268.05,VALID,VALID,Green & Jones Insurance Services Ltd,21.44,268.05,2018-05-09,2026-12-31 06:00:00
ALB-HOM-0003565,P0000294,223,HOM,DIRECT,2022-07-05,2023-07-05,RN,N,187.14,187.14,VALID,VALID,Baker & Hughes Insurance Services Ltd,12.55,171.49,2023-05-31,2026-12-31 06:00:00
ALB-HOM-0003569,P0002402,363,HOM,BROKER,2020-06-02,2021-06-02,IF,N,2963.25,2963.25,VALID,VALID,,,2963.28,2021-04-28,2026-12-31 06:00:00
ALB-HOM-0003577,P0002327,,HOM,AGGREGATOR,2025-04-11,2026-04-11,IF,N,4061.42,4061.42,VALID,VALID,Williams & Baker Insurance Services Ltd,16.38,4061.399999999999,2026-03-07,2026-12-31 06:00:00
ALB-HOM-0003584,P0001205,,HOM,BROKER,2026-10-19,2027-10-19,EX,N,2061.84,343.64,VALID,VALID,,,2061.84,2026-10-19,2026-12-31 06:00:00
ALB-HOM-0003585,P0002959,319,HOM,AGGREGATOR,2025-12-24,2026-12-24,IF,N,673.35,673.35,VALID,VALID,Hall & Brown Insurance Services Ltd,13.16,673.35,2025-12-24,2026-12-31 06:00:00
ALB-HOM-0003587,P0003168,486,HOM,DIRECT,2026-05-16,2027-05-16,RN,N,2058.0,1200.50,VALID,VALID,,,1715.0,2027-04-11,2026-12-31 06:00:00
ALB-HOM-0003594,P0001300,,HOM,AGGREGATOR,2025-03-27,2026-03-27,IF,N,3388.39,3388.39,VALID,VALID,Murphy & Johnson Insurance Services Ltd,12.64,3388.439999999999,2026-02-20,2026-12-31 06:00:00
ALB-HOM-0003597,P0000752,10,HOM,DIRECT,2021-01-31,2022-01-31,IF,N,2379.67,2379.67,VALID,VALID,Smith & Brown Insurance Services Ltd,19.81,2379.72,2021-12-27,2026-12-31 06:00:00
ALB-HOM-0003598,P0000631,36,HOM,BROKER,2025-07-23,2026-07-23,IF,N,1104.88,1104.88,VALID,VALID,Williams & Baker Insurance Services Ltd,16.38,1104.88,2025-07-23,2026-12-31 06:00:00
ALB-HOM-0003612,P0002305,,HOM,BROKER,2021-07-25,2022-07-25,IF,N,2230.22,2230.22,VALID,VALID,Williams & Williams Insurance Services Ltd,18.19,2230.22,2021-07-25,2026-12-31 06:00:00
ALB-HOM-0003614,P0002143,,HOM,AGGREGATOR,2020-08-08,2021-08-08,RN,N,2533.48,2533.48,VALID,VALID,Green & Murphy Insurance Services Ltd,11.43,2533.439999999999,2021-07-04,2026-12-31 06:00:00
ALB-HOM-0003617,P0002702,,HOM,AGGREGATOR,2022-07-21,2023-07-21,IF,N,1939.16,1939.16,VALID,VALID,Green & Patel Insurance Services Ltd,10.9,1777.5999999999997,2023-06-16,2026-12-31 06:00:00
ALB-HOM-0003620,P0001549,,HOM,BROKER,2026-09-24,2027-09-24,IF,Y,2531.07,632.77,VALID,VALID,,,2109.2000000000003,2027-08-20,2026-12-31 06:00:00
ALB-HOM-0003649,P0000288,499,HOM,AGGREGATOR,2019-05-30,2020-05-29,EX,N,2783.14,2783.14,VALID,VALID,,,2783.14,2019-05-30,2026-12-31 06:00:00
ALB-HOM-0003654,P0000610,,HOM,AGGREGATOR,2024-04-25,2025-04-25,RN,N,3251.38,3251.38,VALID,VALID,Patel & Clarke Insurance Services Ltd,9.04,2709.4999999999995,2025-03-21,2026-12-31 06:00:00
ALB-HOM-0003664,P0002301,200,HOM,BROKER,2024-12-09,2025-12-09,IF,N,4190.07,4190.07,VALID,VALID,Wilson & OBrien Insurance Services Ltd,9.12,4190.04,2025-11-04,2026-12-31 06:00:00
ALB-HOM-0003666,P0002320,301,HOM,BROKER,2019-05-28,2020-05-27,EX,N,834.96,834.96,VALID,VALID,Taylor & Johnson Insurance Services Ltd,17.25,834.9600000000002,2020-04-22,2026-12-31 06:00:00
ALB-HOM-0003675,P0002017,265,HOM,BROKER,2019-06-08,2020-06-07,LP,N,2727.76,2727.76,VALID,VALID,Taylor & Wilson Insurance Services Ltd,14.3,2727.72,2020-05-03,2026-12-31 06:00:00
ALB-HOM-0003676,P0001814,,HOM,BROKER,2019-06-16,2020-06-15,EX,N,999.53,999.53,VALID,VALID,OBrien & Patel Insurance Services Ltd,14.2,999.53,2019-06-16,2026-12-31 06:00:00
ALB-HOM-0003682,P0002397,,HOM,DIRECT,2024-10-04,2025-10-04,EX,N,802.45,802.45,VALID,VALID,Smith & Davies Insurance Services Ltd,14.16,735.57,2025-08-30,2026-12-31 06:00:00
ALB-HOM-0003683,P0001902,,HOM,AGGREGATOR,2024-02-16,2025-02-15,LP,N,2384.71,2384.71,VALID,VALID,,,2186.0299999999997,2025-01-11,2026-12-31 06:00:00
ALB-HOM-0003688,P0003047,,HOM,BROKER,2022-03-20,2023-03-20,IF,N,2653.24,2653.24,VALID,VALID,Johnson & Hall Insurance Services Ltd,21.38,2210.9999999999995,2023-02-13,2026-12-31 06:00:00
ALB-HOM-0003689,P0000029,45,HOM,DIRECT,2021-12-01,2022-12-01,IF,N,672.28,672.28,VALID,VALID,Wilson & Johnson Insurance Services Ltd,21.61,,,2026-12-31 06:00:00
ALB-HOM-0003696,P0002571,,HOM,BROKER,2026-10-09,2027-10-09,IF,N,2181.42,363.57,VALID,VALID,,,2181.42,2026-10-09,2026-12-31 06:00:00
ALB-HOM-0003699,P0002459,,HOM,BROKER,2019-06-28,2020-06-27,IF,N,508.01,508.01,VALID,VALID,,,507.95999999999987,2020-05-23,2026-12-31 06:00:00
ALB-HOM-0003702,P0002005,413,HOM,BROKER,2023-10-09,2024-10-08,IF,N,1766.98,1766.98,VALID,VALID,Taylor & Walker Insurance Services Ltd,13.94,1472.5,2024-08-04,2026-12-31 06:00:00
ALB-HOM-0003705,P0002405,339,HOM,BROKER,2020-02-16,2021-02-15,IF,N,4156.7,4156.70,VALID,VALID,,,4156.679999999999,2021-01-11,2026-12-31 06:00:00
ALB-HOM-0003706,P0000502,221,HOM,BROKER,2025-11-22,2026-11-22,RN,N,3895.5,3895.50,VALID,VALID,Baker & Hughes Insurance Services Ltd,13.91,3570.8199999999993,2026-10-18,2026-12-31 06:00:00
ALB-HOM-0003712,P0002054,221,HOM,AGGREGATOR,2023-07-09,2024-07-08,IF,N,3239.28,3239.28,VALID,VALID,,,3239.28,2024-06-03,2026-12-31 06:00:00
ALB-HOM-0003717,P0001430,,HOM,BROKER,2023-07-18,2024-07-17,IF,N,2537.22,2537.22,VALID,VALID,Jones & Baker Insurance Services Ltd,8.84,2537.16,2024-06-12,2026-12-31 06:00:00
ALB-HOM-0003723,P0001889,180,HOM,AGGREGATOR,2018-11-13,2019-11-13,EX,N,1029.38,1029.38,VALID,VALID,Johnson & Hall Insurance Services Ltd,21.38,1029.36,2019-10-09,2026-12-31 06:00:00
ALB-HOM-0003724,P0002481,,HOM,DIRECT,2026-03-29,2027-03-29,RN,N,908.22,681.17,VALID,VALID,Hall & Hall Insurance Services Ltd,9.1,,,2026-12-31 06:00:00
ALB-HOM-0003736,P0001850,149,HOM,DIRECT,2018-08-11,2019-08-11,IF,N,1444.73,1444.73,VALID,VALID,,,,,2026-12-31 06:00:00
ALB-HOM-0003739,P0002140,383,HOM,DIRECT,2020-06-19,2021-06-19,LP,N,1959.23,1959.23,VALID,VALID,Taylor & Murphy Insurance Services Ltd,20.48,1959.23,2020-06-19,2026-12-31 06:00:00
ALB-HOM-0003740,P0003025,333,HOM,AGGREGATOR,2024-12-22,2025-12-22,LP,N,3826.41,3826.41,VALID,VALID,Wilson & OBrien Insurance Services Ltd,9.12,3826.41,2024-12-22,2026-12-31 06:00:00
ALB-HOM-0003741,P0001386,,HOM,AGGREGATOR,2025-07-03,2026-07-03,IF,N,195.16,195.16,VALID,VALID,,,195.16,2025-07-03,2026-12-31 06:00:00
ALB-HOM-0003744,P0003038,,HOM,BROKER,2021-09-09,2022-09-09,LP,N,3465.08,3465.08,VALID,VALID,,,3465.120000000001,2022-08-05,2026-12-31 06:00:00
ALB-HOM-0003746,P0001432,458,HOM,BROKER,2025-06-20,2026-06-20,IF,N,3679.22,3679.22,VALID,VALID,Khan & Davies Insurance Services Ltd,12.18,3679.22,2025-06-20,2026-12-31 06:00:00
ALB-HOM-0003750,P0002538,,HOM,DIRECT,2018-02-07,2019-02-07,LP,N,4094.89,4094.89,VALID,VALID,,,3753.6399999999994,2019-01-03,2026-12-31 06:00:00
ALB-HOM-0003756,P0000728,420,HOM,BROKER,2024-06-19,2025-06-19,IF,N,710.58,710.58,VALID,VALID,Khan & Davies Insurance Services Ltd,12.18,710.6400000000002,2025-05-15,2026-12-31 06:00:00
ALB-HOM-0003762,P0001973,,HOM,BROKER,2018-12-21,2019-12-21,IF,N,1670.32,1670.32,VALID,VALID,,,1670.32,2018-12-21,2026-12-31 06:00:00
ALB-HOM-0003768,P0001271,,HOM,AGGREGATOR,2020-06-30,2021-06-30,RN,N,2060.88,2060.88,VALID,VALID,,,2060.88,2020-06-30,2026-12-31 06:00:00
ALB-HOM-0003781,P0000920,,HOM,DIRECT,2022-02-23,2023-02-23,EX,N,4057.12,4057.12,VALID,VALID,Johnson & Hall Insurance Services Ltd,21.38,3718.9900000000002,2023-01-19,2026-12-31 06:00:00
ALB-HOM-0003783,P0000877,,HOM,BROKER,2022-06-22,2023-06-22,EX,N,1304.72,1304.72,VALID,VALID,Davies & Hughes Insurance Services Ltd,15.18,1304.72,2022-06-22,2026-12-31 06:00:00
ALB-HOM-0003787,P0000820,30,HOM,DIRECT,2026-08-28,2027-08-28,RN,N,708.87,236.29,VALID,VALID,,,708.8400000000001,2027-07-24,2026-12-31 06:00:00
ALB-HOM-0003789,P0001177,20,HOM,AGGREGATOR,2018-08-11,2019-08-11,LP,N,3167.74,3167.74,VALID,VALID,Baker & Hughes Insurance Services Ltd,13.91,3167.74,2018-08-11,2026-12-31 06:00:00
ALB-HOM-0003804,P0002938,31,HOM,DIRECT,2021-10-10,2022-10-10,LP,N,3757.38,3757.38,VALID,VALID,Smith & Clarke Insurance Services Ltd,17.33,3757.439999999999,2022-09-05,2026-12-31 06:00:00
ALB-HOM-0003818,P0000442,478,HOM,BROKER,2019-12-13,2020-12-12,RN,N,535.75,535.75,VALID,VALID,Wilson & Johnson Insurance Services Ltd,21.61,357.19999999999993,2020-10-08,2026-12-31 06:00:00
ALB-HOM-0003820,P0002296,124,HOM,BROKER,2024-03-11,2025-03-11,CN,N,1974.51,1974.51,VALID,VALID,,,1974.4799999999998,2025-02-04,2026-12-31 06:00:00
ALB-HOM-0003835,P0002410,493,HOM,AGGREGATOR,2021-02-04,2022-02-04,IF,N,1086.33,1086.33,VALID,VALID,,,1086.33,2021-02-04,2026-12-31 06:00:00
ALB-HOM-0003848,P0001862,,HOM,BROKER,2025-06-20,2026-06-20,IF,N,3848.85,3848.85,VALID,VALID,,,3848.85,2025-06-20,2026-12-31 06:00:00
ALB-HOM-0003851,P0000439,147,HOM,AGGREGATOR,2022-05-10,2023-05-10,CN,N,3434.53,3434.53,VALID,VALID,Davies & Davies Insurance Services Ltd,17.73,3434.53,2022-05-10,2026-12-31 06:00:00
ALB-HOM-0003858,P0000108,414,HOM,BROKER,2019-08-03,2020-08-02,IF,N,3635.55,3635.55,VALID,VALID,Green & Jones Insurance Services Ltd,21.44,3635.52,2020-06-28,2026-12-31 06:00:00
ALB-HOM-0003862,P0001982,,HOM,AGGREGATOR,2023-09-22,2024-09-21,IF,N,1742.21,1742.21,VALID,VALID,Smith & Walker Insurance Services Ltd,18.79,1742.21,2023-09-22,2026-12-31 06:00:00
ALB-HOM-0003867,P0000789,,HOM,DIRECT,2021-12-16,2022-12-16,IF,N,3743.2,3743.20,VALID,VALID,Williams & Hall Insurance Services Ltd,14.19,3431.2299999999996,2022-11-11,2026-12-31 06:00:00
ALB-HOM-0003896,P0001237,,HOM,BROKER,2025-10-08,2026-10-08,EX,N,3896.79,3896.79,VALID,VALID,Baker & Wright Insurance Services Ltd,22.1,3896.76,2026-09-03,2026-12-31 06:00:00
ALB-HOM-0003905,P0001926,,HOM,AGGREGATOR,2023-08-04,2024-08-03,IF,N,3371.21,3371.21,VALID,VALID,OBrien & Patel Insurance Services Ltd,14.2,3371.21,2023-08-04,2026-12-31 06:00:00
ALB-HOM-0003917,P0000196,355,HOM,BROKER,2025-09-28,2026-09-28,IF,N,2599.85,2599.85,VALID,VALID,,,2599.85,2025-09-28,2026-12-31 06:00:00
ALB-HOM-0003919,P0002433,58,HOM,BROKER,2025-06-22,2026-06-22,CN,N,3486.29,3486.29,VALID,VALID,Taylor & Wilson Insurance Services Ltd,14.3,3486.29,2025-06-22,2026-12-31 06:00:00
ALB-HOM-0003920,P0001977,,HOM,BROKER,2022-03-26,2023-03-26,RN,N,2838.2,2838.20,VALID,VALID,,,2838.2400000000002,2023-02-19,2026-12-31 06:00:00
ALB-HOM-0003928,P0002880,301,HOM,DIRECT,2025-07-10,2026-07-10,RN,N,2332.62,2332.62,VALID,VALID,Baker & Brown Insurance Services Ltd,14.45,2332.5600000000004,2026-06-05,2026-12-31 06:00:00
ALB-HOM-0003931,P0001844,,HOM,AGGREGATOR,2026-06-06,2027-06-06,CN,N,972.25,486.13,VALID,VALID,,,972.25,2026-06-06,2026-12-31 06:00:00
ALB-HOM-0003945,P0002836,125,HOM,DIRECT,2022-11-14,2023-11-14,LP,N,3859.64,3859.64,VALID,VALID,Baker & Hughes Insurance Services Ltd,12.55,3538.039999999999,2023-10-10,2026-12-31 06:00:00
ALB-HOM-0003959,P0001818,,HOM,DIRECT,2025-02-01,2026-02-01,RN,N,1219.14,1219.14,VALID,VALID,,,1219.2,2025-12-28,2026-12-31 06:00:00
ALB-HOM-0003964,P0000263,,HOM,BROKER,2025-05-16,2026-05-16,IF,N,755.97,755.97,VALID,VALID,Clarke & Davies Insurance Services Ltd,10.43,756.0,2026-04-11,2026-12-31 06:00:00
ALB-HOM-0003972,P0002675,,HOM,BROKER,2022-03-23,2023-03-23,IF,N,184.72,184.72,VALID,VALID,Smith & Walker Insurance Services Ltd,18.79,169.28999999999996,2023-02-16,2026-12-31 06:00:00
ALB-HOM-0003973,P0002586,,HOM,BROKER,2020-01-27,2021-01-26,LP,N,3394.21,3394.21,VALID,VALID,Johnson & Hall Insurance Services Ltd,21.38,3111.3499999999995,2020-12-22,2026-12-31 06:00:00
ALB-HOM-0003975,P0001022,203,HOM,DIRECT,2023-10-27,2024-10-26,RN,N,2360.61,2360.61,VALID,VALID,Hughes & Wright Insurance Services Ltd,8.65,2360.64,2024-09-21,2026-12-31 06:00:00
ALB-HOM-0003984,P0000619,278,HOM,DIRECT,2019-05-01,2020-04-30,LP,N,1125.92,1125.92,VALID,VALID,Hall & Murphy Insurance Services Ltd,10.45,1125.92,2019-05-01,2026-12-31 06:00:00
ALB-HOM-0003987,P0002453,,HOM,DIRECT,2023-08-22,2024-08-21,CN,N,541.89,541.89,VALID,VALID,,,541.89,2023-08-22,2026-12-31 06:00:00
ALB-HOM-0003995,P0000626,467,HOM,BROKER,2023-07-08,2024-07-07,EX,N,1683.68,1683.68,VALID,VALID,Clarke & Davies Insurance Services Ltd,10.43,1683.7199999999996,2024-06-02,2026-12-31 06:00:00
ALB-HOM-0004000,P0000621,433,HOM,BROKER,2020-06-20,2021-06-20,IF,N,2078.35,2078.35,VALID,VALID,,,2078.35,2020-06-20,2026-12-31 06:00:00
ALB-HOM-0004001,P0000973,,HOM,DIRECT,2021-07-20,2022-07-20,LP,N,1224.77,1224.77,VALID,VALID,Patel & Clarke Insurance Services Ltd,9.04,1224.77,2021-07-20,2026-12-31 06:00:00
ALB-HOM-0004004,P0001718,362,HOM,BROKER,2024-01-02,2025-01-01,IF,N,881.14,881.14,VALID,VALID,Johnson & Hughes Insurance Services Ltd,17.19,881.1600000000003,2024-11-27,2026-12-31 06:00:00
ALB-HOM-0004015,P0002420,346,HOM,BROKER,2025-04-29,2026-04-29,IF,N,2646.05,2646.05,VALID,VALID,Patel & Wilson Insurance Services Ltd,12.84,2646.05,2025-04-29,2026-12-31 06:00:00
ALB-HOM-0004024,P0001054,,HOM,BROKER,2026-01-15,2027-01-15,IF,N,2066.91,1894.67,VALID,VALID,Green & Patel Insurance Services Ltd,10.9,2066.91,2026-01-15,2026-12-31 06:00:00
ALB-HOM-0004025,P0003153,203,HOM,BROKER,2023-08-10,2024-08-09,EX,N,401.79,401.79,VALID,VALID,,,401.79,2023-08-10,2026-12-31 06:00:00
ALB-HOM-0004029,P0003055,,HOM,AGGREGATOR,2023-04-19,2024-04-18,IF,N,1322.5,1322.50,VALID,VALID,,,1322.5,2023-04-19,2026-12-31 06:00:00
ALB-HOM-0004032,P0001147,,HOM,AGGREGATOR,2023-05-21,2024-05-20,EX,N,3175.39,3175.39,VALID,VALID,Clarke & Davies Insurance Services Ltd,10.43,2910.8199999999993,2024-04-15,2026-12-31 06:00:00
ALB-HOM-0004035,P0002413,,HOM,DIRECT,2020-01-14,2021-01-13,IF,N,4176.42,4176.42,VALID,VALID,,,3828.44,2020-12-09,2026-12-31 06:00:00
ALB-HOM-0004058,P0002407,,HOM,DIRECT,2025-09-18,2026-09-18,IF,N,2420.23,2420.23,VALID,VALID,Davies & Taylor Insurance Services Ltd,14.09,2420.23,2025-09-18,2026-12-31 06:00:00
ALB-HOM-0004070,P0000527,119,HOM,BROKER,2020-04-28,2021-04-28,EX,N,3037.37,3037.37,VALID,VALID,Walker & Wright Insurance Services Ltd,10.74,2784.210000000001,2021-03-24,2026-12-31 06:00:00
ALB-HOM-0004089,P0002827,,HOM,DIRECT,2020-02-07,2021-02-06,IF,N,1435.2,1435.20,VALID,VALID,Jones & Robinson Insurance Services Ltd,21.97,1435.1999999999998,2021-01-02,2026-12-31 06:00:00
ALB-HOM-0004090,P0002047,289,HOM,BROKER,2022-10-15,2023-10-15,RN,N,4016.77,4016.77,VALID,VALID,,,4016.76,2023-09-10,2026-12-31 06:00:00
ALB-HOM-0004096,P0001328,473,HOM,DIRECT,2026-07-22,2027-07-22,EX,N,1233.47,513.95,VALID,VALID,,,1233.4799999999998,2027-06-17,2026-12-31 06:00:00
ALB-HOM-0004099,P0001867,,HOM,BROKER,2023-07-29,2024-07-28,RN,N,862.85,862.85,VALID,VALID,Patel & Taylor Insurance Services Ltd,13.95,718.9999999999999,2024-06-23,2026-12-31 06:00:00
ALB-HOM-0004105,P0001878,368,HOM,BROKER,2024-02-23,2025-02-22,EX,N,3576.65,3576.65,VALID,VALID,,,3576.600000000001,2025-01-18,2026-12-31 06:00:00
ALB-HOM-0004107,P0000893,210,HOM,BROKER,2019-03-27,2020-03-26,EX,N,3044.11,3044.11,VALID,VALID,Williams & Hall Insurance Services Ltd,14.19,2790.48,2020-02-20,2026-12-31 06:00:00
ALB-HOM-0004116,P0001258,206,HOM,BROKER,2022-04-07,2023-04-07,IF,N,2035.49,2035.49,VALID,VALID,Khan & Davies Insurance Services Ltd,12.18,2035.49,2022-04-07,2026-12-31 06:00:00
ALB-HOM-0004125,P0001313,,HOM,BROKER,2024-03-22,2025-03-22,IF,N,2928.01,2928.01,VALID,VALID,Davies & Davies Insurance Services Ltd,17.73,2684.0,2025-02-15,2026-12-31 06:00:00
ALB-HOM-0004127,P0003194,128,HOM,BROKER,2026-09-23,2027-09-23,IF,Y,2310.13,577.53,VALID,VALID,,,2117.6099999999997,2027-08-19,2026-12-31 06:00:00
ALB-HOM-0004135,P0001819,344,HOM,BROKER,2018-03-14,2019-03-14,IF,N,2394.64,2394.64,VALID,VALID,Johnson & Hall Insurance Services Ltd,21.38,2195.0499999999997,2019-02-07,2026-12-31 06:00:00
ALB-HOM-0004146,P0002631,426,HOM,BROKER,2018-03-05,2019-03-05,IF,N,1546.75,1546.75,VALID,VALID,Hall & Khan Insurance Services Ltd,14.81,1546.75,2018-03-05,2026-12-31 06:00:00
ALB-HOM-0004149,P0001935,,HOM,BROKER,2019-11-13,2020-11-12,RN,N,3262.09,3262.09,VALID,VALID,,,2990.2400000000002,2020-10-08,2026-12-31 06:00:00
ALB-HOM-0004156,P0002646,116,HOM,AGGREGATOR,2026-07-13,2027-07-13,IF,Y,3427.62,1428.18,VALID,VALID,OBrien & Patel Insurance Services Ltd,14.2,3141.9300000000007,2027-06-08,2026-12-31 06:00:00
ALB-HOM-0004173,P0002843,,HOM,BROKER,2025-12-01,2026-12-01,LP,N,3263.45,3263.45,VALID,VALID,,,3263.45,2025-12-01,2026-12-31 06:00:00
ALB-HOM-0004178,P0002242,,HOM,AGGREGATOR,2021-06-04,2022-06-04,IF,N,1794.43,1794.43,VALID,VALID,,,1794.43,2021-06-04,2026-12-31 06:00:00
ALB-HOM-0004179,P0003045,356,HOM,AGGREGATOR,2018-09-13,2019-09-13,EX,N,882.24,882.24,VALID,VALID,Hall & Hall Insurance Services Ltd,9.1,882.2399999999999,2019-08-09,2026-12-31 06:00:00
ALB-HOM-0004184,P0002530,154,HOM,AGGREGATOR,2025-08-18,2026-08-18,RN,N,859.74,859.74,VALID,VALID,Davies & Davies Insurance Services Ltd,17.73,859.74,2025-08-18,2026-12-31 06:00:00
ALB-HOM-0004187,P0002787,56,HOM,DIRECT,2020-04-04,2021-04-04,LP,N,3321.06,3321.06,VALID,VALID,,,3321.06,2020-04-04,2026-12-31 06:00:00
ALB-HOM-0004191,P0002643,,HOM,BROKER,2021-01-24,2022-01-24,RN,N,4028.27,4028.27,VALID,VALID,,,4028.28,2021-12-20,2026-12-31 06:00:00
ALB-HOM-0004194,P0000927,,HOM,DIRECT,2019-10-22,2020-10-21,RN,N,3393.42,3393.42,INVALID,VALID,,,3393.48,2020-09-16,2026-12-31 06:00:00
ALB-HOM-0004198,P0000585,102,HOM,AGGREGATOR,2018-10-18,2019-10-18,EX,N,4111.58,4111.58,VALID,VALID,,,4111.58,2018-10-18,2026-12-31 06:00:00
ALB-HOM-0004200,P0001094,,HOM,DIRECT,2024-03-31,2025-03-31,EX,N,1944.1,1944.10,VALID,VALID,Khan & Smith Insurance Services Ltd,17.81,1944.1,2024-03-31,2026-12-31 06:00:00
ALB-HOM-0004209,P0000733,,HOM,BROKER,2025-10-14,2026-10-14,IF,N,3939.65,3939.65,VALID,VALID,,,3611.3000000000006,2026-09-09,2026-12-31 06:00:00
ALB-HOM-0004211,P0002984,280,HOM,DIRECT,2018-07-25,2019-07-25,EX,N,2231.0,2231.00,VALID,VALID,OBrien & Green Insurance Services Ltd,17.85,2231.0,2018-07-25,2026-12-31 06:00:00
ALB-HOM-0004215,P0000325,277,HOM,DIRECT,2023-04-21,2024-04-20,EX,N,4104.82,4104.82,VALID,VALID,,,4104.82,2023-04-21,2026-12-31 06:00:00
ALB-HOM-0004219,P0001627,,HOM,BROKER,2019-12-06,2020-12-05,EX,N,1442.26,1442.26,VALID,VALID,Hall & Khan Insurance Services Ltd,14.81,1322.0900000000004,2020-10-31,2026-12-31 06:00:00
ALB-HOM-0004221,P0001785,,HOM,BROKER,2019-10-14,2020-10-13,EX,N,2277.08,2277.08,VALID,VALID,Wilson & Wright Insurance Services Ltd,17.86,2087.3599999999997,2020-09-08,2026-12-31 06:00:00
ALB-HOM-0004235,P0001570,,HOM,BROKER,2023-03-24,2024-03-23,RN,N,3575.58,3575.58,VALID,VALID,,,3575.52,2024-02-17,2026-12-31 06:00:00
ALB-HOM-0004240,P0001114,,HOM,BROKER,2021-03-20,2022-03-20,IF,N,1256.26,1256.26,VALID,VALID,,,1151.5900000000004,2022-02-13,2026-12-31 06:00:00
ALB-HOM-0004247,P0000134,36,HOM,BROKER,2023-10-29,2024-10-28,IF,N,1785.44,1785.44,VALID,VALID,,,1785.4799999999998,2024-09-23,2026-12-31 06:00:00
ALB-HOM-0004257,P0002998,,HOM,BROKER,2024-10-29,2025-10-29,IF,N,581.76,581.76,VALID,VALID,,,484.80000000000007,2025-08-25,2026-12-31 06:00:00
ALB-HOM-0004258,P0000951,,HOM,BROKER,2019-04-09,2020-04-08,IF,N,3446.46,3446.46,VALID,VALID,Smith & Davies Insurance Services Ltd,14.16,2584.7999999999997,2020-03-04,2026-12-31 06:00:00
ALB-HOM-0004274,P0002580,,HOM,BROKER,2022-08-03,2023-08-03,RN,N,2128.07,2128.07,VALID,VALID,Baker & Hughes Insurance Services Ltd,12.55,2128.0799999999995,2023-06-29,2026-12-31 06:00:00
ALB-HOM-0004275,P0001049,,HOM,AGGREGATOR,2024-12-18,2025-12-18,IF,N,2632.37,2632.37,VALID,VALID,,,2412.960000000001,2025-11-13,2026-12-31 06:00:00
ALB-HOM-0004278,P0002233,,HOM,DIRECT,2025-10-23,2026-10-23,RN,N,1083.2,1083.20,VALID,VALID,Walker & Wright Insurance Services Ltd,10.74,1083.24,2026-09-18,2026-12-31 06:00:00
ALB-HOM-0004282,P0001226,224,HOM,DIRECT,2022-01-13,2023-01-13,IF,N,2242.02,2242.02,VALID,VALID,,,2055.24,2022-11-09,2026-12-31 06:00:00
ALB-HOM-0004288,P0000039,,HOM,AGGREGATOR,2019-02-06,2020-02-06,IF,N,2532.18,2532.18,VALID,VALID,,,2532.18,2019-02-06,2026-12-31 06:00:00
ALB-HOM-0004289,P0002974,,HOM,BROKER,2024-06-06,2025-06-06,IF,N,2316.5,2316.50,VALID,VALID,Khan & Smith Insurance Services Ltd,17.81,2123.44,2025-05-02,2026-12-31 06:00:00
ALB-HOM-0004290,P0000870,,HOM,BROKER,2024-10-14,2025-10-14,IF,N,3882.53,3882.53,VALID,VALID,Baker & Brown Insurance Services Ltd,14.45,3882.48,2025-09-09,2026-12-31 06:00:00
ALB-HOM-0004294,P0000504,28,HOM,AGGREGATOR,2019-02-07,2020-02-07,EX,N,1505.21,1505.21,VALID,VALID,,,1505.1600000000005,2020-01-03,2026-12-31 06:00:00
ALB-HOM-0004316,P0002617,,HOM,DIRECT,2020-12-31,2021-12-31,IF,N,1609.43,1609.43,VALID,VALID,Taylor & Walker Insurance Services Ltd,13.94,1609.43,2020-12-31,2026-12-31 06:00:00
ALB-HOM-0004323,P0002767,3,HOM,DIRECT,2018-01-09,2019-01-09,IF,N,3467.88,3467.88,VALID,VALID,Hall & Wright Insurance Services Ltd,8.65,3467.879999999999,2018-12-05,2026-12-31 06:00:00
ALB-HOM-0004325,P0000950,106,HOM,AGGREGATOR,2026-10-10,2027-10-10,EX,N,1518.78,253.13,VALID,VALID,Johnson & Hughes Insurance Services Ltd,17.19,1265.5999999999997,2027-09-05,2026-12-31 06:00:00
ALB-HOM-0004326,P0003045,356,HOM,DIRECT,2019-07-01,2020-06-30,IF,N,3755.13,3755.13,VALID,VALID,,,3755.1599999999994,2020-05-26,2026-12-31 06:00:00
ALB-HOM-0004335,P0000604,287,HOM,BROKER,2020-07-03,2021-07-03,CN,N,1061.19,1061.19,VALID,VALID,,,,,2026-12-31 06:00:00
ALB-HOM-0004345,P0001598,,HOM,DIRECT,2025-10-10,2026-10-10,LP,N,334.52,334.52,VALID,VALID,Hall & Brown Insurance Services Ltd,13.16,334.52,2025-10-10,2026-12-31 06:00:00
ALB-HOM-0004347,P0001692,,HOM,DIRECT,2022-08-02,2023-08-02,IF,N,1983.69,1983.69,VALID,VALID,,,1322.4799999999998,2023-06-28,2026-12-31 06:00:00
ALB-HOM-0004349,P0002312,,HOM,BROKER,2024-02-08,2025-02-07,IF,N,2214.78,2214.78,VALID,VALID,,,2214.78,2024-02-08,2026-12-31 06:00:00
ALB-HOM-0004363,P0000216,235,HOM,BROKER,2024-10-13,2025-10-13,EX,N,3593.59,3593.59,VALID,VALID,,,3294.170000000001,2025-09-08,2026-12-31 06:00:00
ALB-HOM-0004372,P0001262,,HOM,AGGREGATOR,2025-03-01,2026-03-01,RN,N,2252.64,2252.64,VALID,VALID,Davies & Wright Insurance Services Ltd,13.6,2252.64,2026-01-25,2026-12-31 06:00:00
ALB-HOM-0004377,P0001649,412,HOM,DIRECT,2021-03-21,2022-03-21,IF,N,1663.08,1663.08,VALID,VALID,Johnson & Hughes Insurance Services Ltd,17.19,1663.08,2021-03-21,2026-12-31 06:00:00
ALB-HOM-0004389,P0001063,,HOM,AGGREGATOR,2023-01-11,2024-01-11,EX,N,2001.19,2001.19,VALID,VALID,,,1667.7,2023-12-07,2026-12-31 06:00:00
ALB-HOM-0004399,P0001237,,HOM,BROKER,2021-02-01,2022-02-01,IF,N,3204.08,3204.08,VALID,VALID,Brown & Jones Insurance Services Ltd,10.15,3204.08,2021-02-01,2026-12-31 06:00:00
ALB-HOM-0004400,P0001447,278,HOM,DIRECT,2026-10-14,2027-10-14,LP,N,591.88,98.65,VALID,VALID,,,591.88,2026-10-14,2026-12-31 06:00:00
ALB-HOM-0004402,P0002735,,HOM,AGGREGATOR,2024-01-15,2025-01-14,CN,N,2698.59,2698.59,VALID,VALID,,,2698.59,2024-01-15,2026-12-31 06:00:00
ALB-HOM-0004407,P0003025,333,HOM,BROKER,2024-03-30,2025-03-30,EX,N,1752.01,1752.01,VALID,VALID,,,1752.0,2025-02-23,2026-12-31 06:00:00
ALB-HOM-0004408,P0001360,,HOM,BROKER,2024-05-10,2025-05-10,RN,N,2031.43,2031.43,VALID,VALID,Taylor & Walker Insurance Services Ltd,13.94,1862.1899999999998,2025-04-05,2026-12-31 06:00:00
ALB-HOM-0004409,P0002322,,HOM,DIRECT,2021-06-21,2022-06-21,RN,N,922.33,922.33,VALID,VALID,,,922.33,2021-06-21,2026-12-31 06:00:00
ALB-HOM-0004410,P0001915,333,HOM,BROKER,2023-07-25,2024-07-24,CN,N,2864.99,2864.99,VALID,VALID,,,2865.0,2024-06-19,2026-12-31 06:00:00
ALB-HOM-0004411,P0001272,,HOM,BROKER,2021-11-08,2022-11-08,RN,N,915.07,915.07,VALID,VALID,Smith & Brown Insurance Services Ltd,19.81,838.86,2022-10-04,2026-12-31 06:00:00
ALB-HOM-0004412,P0000429,285,HOM,BROKER,2019-03-22,2020-03-21,IF,N,1459.42,1459.42,VALID,VALID,,,1337.8199999999997,2020-02-15,2026-12-31 06:00:00
ALB-HOM-0004415,P0001111,319,HOM,DIRECT,2023-03-23,2024-03-22,IF,N,684.27,684.27,VALID,VALID,OBrien & Patel Insurance Services Ltd,14.2,627.2199999999999,2024-02-16,2026-12-31 06:00:00
ALB-HOM-0004419,P0000369,,HOM,DIRECT,2020-11-17,2021-11-17,RN,N,1647.92,1647.92,VALID,VALID,,,1235.97,2021-10-13,2026-12-31 06:00:00
ALB-HOM-0004422,P0000067,302,HOM,BROKER,2023-11-04,2024-11-03,IF,N,295.58,295.58,VALID,VALID,Davies & Taylor Insurance Services Ltd,14.09,295.56,2024-09-29,2026-12-31 06:00:00
ALB-HOM-0004430,P0002052,,HOM,BROKER,2024-12-16,2025-12-16,IF,N,574.16,574.16,VALID,VALID,Hall & Brown Insurance Services Ltd,13.16,430.6500000000001,2025-11-11,2026-12-31 06:00:00
ALB-HOM-0004433,P0001095,139,HOM,BROKER,2024-05-17,2025-05-17,EX,N,1637.82,1637.82,VALID,VALID,Khan & Smith Insurance Services Ltd,17.81,1637.82,2024-05-17,2026-12-31 06:00:00
ALB-HOM-0004435,P0000598,150,HOM,AGGREGATOR,2026-08-07,2027-08-07,EX,N,3130.46,1043.49,VALID,VALID,Johnson & Murphy Insurance Services Ltd,17.99,2869.5699999999993,2027-07-03,2026-12-31 06:00:00
ALB-HOM-0004449,P0001810,,HOM,DIRECT,2026-08-20,2027-08-20,IF,N,2416.75,805.58,VALID,VALID,Hughes & Wright Insurance Services Ltd,8.65,2416.75,2026-08-20,2026-12-31 06:00:00
ALB-HOM-0004463,P0001370,,HOM,BROKER,2026-02-02,2027-02-02,IF,N,265.2,243.10,VALID,VALID,,,265.2,2026-02-02,2026-12-31 06:00:00
ALB-HOM-0004465,P0002982,,HOM,DIRECT,2019-02-01,2020-02-01,IF,N,2462.13,2462.13,VALID,VALID,,,2462.16,2019-12-28,2026-12-31 06:00:00
ALB-HOM-0004494,P0002491,300,HOM,DIRECT,2021-09-02,2022-09-02,IF,N,3007.64,3007.64,VALID,VALID,Walker & Wright Insurance Services Ltd,10.74,3007.64,2021-09-02,2026-12-31 06:00:00
ALB-HOM-0004496,P0001732,218,HOM,DIRECT,2023-01-16,2024-01-16,EX,N,2711.96,2711.96,VALID,VALID,Jones & Robinson Insurance Services Ltd,21.97,2486.0,2023-12-12,2026-12-31 06:00:00
ALB-HOM-0004502,P0003104,87,HOM,AGGREGATOR,2026-08-27,2027-08-27,IF,Y,2791.72,930.57,VALID,VALID,Baker & Clarke Insurance Services Ltd,20.14,2791.679999999999,2027-07-23,2026-12-31 06:00:00
ALB-HOM-0004503,P0000871,,HOM,AGGREGATOR,2021-12-31,2022-12-31,RN,N,3920.73,3920.73,VALID,VALID,,,3920.76,2022-11-26,2026-12-31 06:00:00
ALB-HOM-0004508,P0002762,492,HOM,BROKER,2021-05-02,2022-05-02,IF,N,1985.31,1985.31,VALID,VALID,,,1985.2800000000004,2022-03-28,2026-12-31 06:00:00
ALB-HOM-0004512,P0001484,,HOM,DIRECT,2020-09-15,2021-09-15,IF,N,1673.59,1673.59,VALID,VALID,,,1673.64,2021-08-11,2026-12-31 06:00:00
ALB-HOM-0004517,P0001049,,HOM,BROKER,2025-12-13,2026-12-13,EX,N,1710.1,1710.10,VALID,VALID,,,1710.1,2025-12-13,2026-12-31 06:00:00
ALB-HOM-0004524,P0000881,164,HOM,BROKER,2024-04-03,2025-04-03,IF,N,2705.66,2705.66,VALID,VALID,Wilson & OBrien Insurance Services Ltd,9.12,2705.6399999999994,2025-02-27,2026-12-31 06:00:00
ALB-HOM-0004530,P0000911,,HOM,AGGREGATOR,2022-06-26,2023-06-26,RN,N,341.2,341.20,VALID,VALID,Baker & Hughes Insurance Services Ltd,12.55,312.73,2023-05-22,2026-12-31 06:00:00
ALB-HOM-0004539,P0000652,,HOM,DIRECT,2019-07-09,2020-07-08,IF,N,1391.2,1391.20,VALID,VALID,,,1391.2,2019-07-09,2026-12-31 06:00:00
ALB-HOM-0004540,P0002691,88,HOM,BROKER,2026-06-25,2027-06-25,EX,N,3877.79,1938.89,VALID,VALID,,,3877.8000000000006,2027-05-21,2026-12-31 06:00:00
ALB-HOM-0004553,P0001547,,HOM,DIRECT,2022-11-07,2023-11-07,IF,N,3346.56,3346.56,VALID,VALID,Clarke & Wright Insurance Services Ltd,9.41,3067.6800000000007,2023-10-03,2026-12-31 06:00:00
ALB-HOM-0004557,P0001463,121,HOM,DIRECT,2020-12-17,2021-12-17,RN,N,2975.71,2975.71,VALID,VALID,Khan & Davies Insurance Services Ltd,12.18,2975.71,2020-12-17,2026-12-31 06:00:00
ALB-HOM-0004581,P0002600,,HOM,AGGREGATOR,2020-07-16,2021-07-16,RN,N,1234.54,1234.54,VALID,VALID,,,1234.56,2021-06-11,2026-12-31 06:00:00
ALB-HOM-0004583,P0002923,,HOM,DIRECT,2023-12-30,2024-12-29,RN,N,3052.25,3052.25,VALID,VALID,,,,,2026-12-31 06:00:00
ALB-HOM-0004589,P0002593,402,HOM,AGGREGATOR,2019-06-17,2020-06-16,EX,N,2039.54,2039.54,VALID,VALID,,,2039.5200000000002,2020-05-12,2026-12-31 06:00:00
ALB-HOM-0004592,P0002366,,HOM,BROKER,2026-04-23,2027-04-23,IF,N,2459.19,1639.46,VALID,VALID,Clarke & Davies Insurance Services Ltd,10.43,2459.19,2026-04-23,2026-12-31 06:00:00
ALB-HOM-0004599,P0003193,,HOM,BROKER,2019-12-28,2020-12-27,IF,N,3328.57,3328.57,VALID,VALID,Brown & Jones Insurance Services Ltd,10.15,3328.57,2019-12-28,2026-12-31 06:00:00
ALB-HOM-0004604,P0001518,,HOM,BROKER,2020-05-13,2021-05-13,EX,N,860.49,860.49,VALID,VALID,,,860.49,2020-05-13,2026-12-31 06:00:00
ALB-HOM-0004613,P0001111,319,HOM,DIRECT,2025-01-22,2026-01-22,LP,N,1222.89,1222.89,VALID,VALID,Hall & Patel Insurance Services Ltd,13.7,1222.9199999999998,2025-12-18,2026-12-31 06:00:00
ALB-HOM-0004617,P0001173,29,HOM,BROKER,2025-10-15,2026-10-15,IF,N,2752.61,2752.61,VALID,VALID,Taylor & Walker Insurance Services Ltd,13.94,2752.560000000001,2026-09-10,2026-12-31 06:00:00
ALB-HOM-0004624,P0002725,,HOM,AGGREGATOR,2026-01-25,2027-01-25,IF,N,3077.63,2821.16,VALID,VALID,OBrien & Patel Insurance Services Ltd,14.2,3077.63,2026-01-25,2026-12-31 06:00:00
ALB-HOM-0004628,P0000673,,HOM,BROKER,2022-05-09,2023-05-09,CN,N,817.36,817.36,VALID,VALID,Jones & Baker Insurance Services Ltd,8.84,817.36,2022-05-09,2026-12-31 06:00:00
ALB-HOM-0004634,P0003126,,HOM,AGGREGATOR,2024-06-03,2025-06-03,RN,N,1114.09,1114.09,VALID,VALID,,,1114.09,2024-06-03,2026-12-31 06:00:00
ALB-HOM-0004637,P0001647,403,HOM,BROKER,2019-03-08,2020-03-07,IF,N,1231.51,1231.51,VALID,VALID,,,1231.51,2019-03-08,2026-12-31 06:00:00
ALB-HOM-0004640,P0003026,38,HOM,BROKER,2019-05-20,2020-05-19,EX,N,1076.3,1076.30,VALID,VALID,,,896.9000000000001,2020-04-14,2026-12-31 06:00:00
ALB-HOM-0004643,P0000712,394,HOM,DIRECT,2018-09-02,2019-09-02,EX,N,300.4,300.40,VALID,VALID,Smith & Brown Insurance Services Ltd,19.81,275.33000000000004,2019-07-29,2026-12-31 06:00:00
ALB-HOM-0004647,P0002445,,HOM,BROKER,2026-10-03,2027-10-03,RN,N,823.21,137.20,VALID,VALID,Baker & Clarke Insurance Services Ltd,20.14,823.2000000000002,2027-08-29,2026-12-31 06:00:00
ALB-HOM-0004648,P0001433,397,HOM,BROKER,2024-11-19,2025-11-19,IF,N,1772.14,1772.14,VALID,VALID,OBrien & Patel Insurance Services Ltd,14.2,1772.1600000000005,2025-10-15,2026-12-31 06:00:00
ALB-HOM-0004659,P0002385,227,HOM,DIRECT,2026-10-31,2027-10-31,IF,Y,3984.43,664.07,VALID,VALID,Smith & Walker Insurance Services Ltd,18.79,3984.48,2027-09-26,2026-12-31 06:00:00
ALB-HOM-0004663,P0002589,,HOM,BROKER,2022-08-19,2023-08-19,IF,N,759.34,759.34,VALID,VALID,Green & Murphy Insurance Services Ltd,11.43,,,2026-12-31 06:00:00
ALB-HOM-0004673,P0000121,151,HOM,AGGREGATOR,2023-01-23,2024-01-23,RN,N,3997.99,3997.99,VALID,VALID,Baker & Hughes Insurance Services Ltd,12.55,3997.99,2023-01-23,2026-12-31 06:00:00
ALB-HOM-0004676,P0002904,,HOM,BROKER,2018-10-25,2019-10-25,IF,N,1901.04,1901.04,VALID,VALID,,,1742.6200000000001,2019-09-20,2026-12-31 06:00:00
ALB-HOM-0004682,P0000641,144,HOM,BROKER,2024-03-19,2025-03-19,IF,N,621.98,621.98,VALID,VALID,Davies & Davies Insurance Services Ltd,17.73,621.96,2025-02-12,2026-12-31 06:00:00
ALB-HOM-0004688,P0000223,,HOM,DIRECT,2022-09-16,2023-09-16,IF,N,746.75,746.75,VALID,VALID,Taylor & Wilson Insurance Services Ltd,14.3,746.7600000000001,2023-08-12,2026-12-31 06:00:00
ALB-HOM-0004691,P0001524,415,HOM,DIRECT,2020-08-02,2021-08-02,IF,N,1149.03,1149.03,VALID,VALID,,,1053.25,2021-06-28,2026-12-31 06:00:00
ALB-HOM-0004694,P0002785,288,HOM,AGGREGATOR,2019-03-03,2020-03-02,RN,N,2810.85,2810.85,VALID,VALID,,,2810.85,2019-03-03,2026-12-31 06:00:00
ALB-HOM-0004697,P0002326,,HOM,AGGREGATOR,2025-04-23,2026-04-23,IF,N,686.02,686.02,VALID,VALID,,,686.02,2025-04-23,2026-12-31 06:00:00
ALB-HOM-0004698,P0000518,294,HOM,BROKER,2020-03-18,2021-03-18,IF,N,2342.16,2342.16,VALID,VALID,,,2342.1600000000003,2021-02-11,2026-12-31 06:00:00
ALB-HOM-0004700,P0001473,,HOM,AGGREGATOR,2026-06-24,2027-06-24,IF,N,4104.19,2052.09,INVALID,VALID,Clarke & Wright Insurance Services Ltd,9.41,4104.19,2026-06-24,2026-12-31 06:00:00
ALB-HOM-0004711,P0002333,159,HOM,DIRECT,2023-07-16,2024-07-15,LP,N,1912.27,1912.27,VALID,VALID,Smith & Clarke Insurance Services Ltd,17.33,1912.27,2023-07-16,2026-12-31 06:00:00
ALB-HOM-0004725,P0001291,35,HOM,DIRECT,2018-03-21,2019-03-21,IF,N,3216.69,3216.69,VALID,VALID,Johnson & Hall Insurance Services Ltd,21.38,2948.66,2019-02-14,2026-12-31 06:00:00
ALB-HOM-0004735,P0001194,320,HOM,BROKER,2020-01-31,2021-01-30,CN,N,2511.73,2511.73,VALID,VALID,Green & Jones Insurance Services Ltd,21.44,2093.1,2020-11-26,2026-12-31 06:00:00
ALB-HOM-0004737,P0002637,211,HOM,DIRECT,2021-03-11,2022-03-11,RN,N,1644.02,1644.02,VALID,VALID,,,1644.02,2021-03-11,2026-12-31 06:00:00
ALB-HOM-0004738,P0000074,4,HOM,AGGREGATOR,2023-09-20,2024-09-19,EX,N,878.61,878.61,VALID,VALID,Clarke & Davies Insurance Services Ltd,10.43,805.4200000000002,2024-08-15,2026-12-31 06:00:00
ALB-HOM-0004739,P0002476,,HOM,AGGREGATOR,2019-10-15,2020-10-14,RN,N,1211.91,1211.91,VALID,VALID,Davies & Green Insurance Services Ltd,7.72,1009.9,2020-09-09,2026-12-31 06:00:00
ALB-HOM-0004744,P0001462,,HOM,DIRECT,2026-10-05,2027-10-05,RN,N,993.66,165.61,VALID,VALID,Wilson & Wright Insurance Services Ltd,7.87,993.66,2026-10-05,2026-12-31 06:00:00
ALB-HOM-0004748,P0002739,289,HOM,DIRECT,2021-01-21,2022-01-21,IF,N,574.93,574.93,VALID,VALID,Johnson & Hughes Insurance Services Ltd,17.19,574.93,2021-01-21,2026-12-31 06:00:00
ALB-HOM-0004755,P0002126,,HOM,BROKER,2021-11-17,2022-11-17,RN,N,3272.04,3272.04,VALID,VALID,Davies & Hughes Insurance Services Ltd,15.18,2999.3700000000003,2022-10-13,2026-12-31 06:00:00
ALB-HOM-0004756,P0000255,459,HOM,BROKER,2022-10-28,2023-10-28,IF,N,2591.83,2591.83,VALID,VALID,,,2591.88,2023-09-23,2026-12-31 06:00:00
ALB-HOM-0004759,P0001147,,HOM,DIRECT,2018-08-26,2019-08-26,IF,N,1727.66,1727.66,VALID,VALID,Taylor & Wilson Insurance Services Ltd,14.3,,,2026-12-31 06:00:00
ALB-HOM-0004762,P0000471,169,HOM,BROKER,2018-03-22,2019-03-22,RN,N,2248.7,2248.70,VALID,VALID,,,2248.7,2018-03-22,2026-12-31 06:00:00
ALB-HOM-0004770,P0002453,,HOM,DIRECT,2020-06-21,2021-06-21,CN,N,959.35,959.35,VALID,VALID,Wilson & Johnson Insurance Services Ltd,21.61,959.35,2020-06-21,2026-12-31 06:00:00
ALB-HOM-0004776,P0001588,,HOM,BROKER,2018-10-04,2019-10-04,IF,N,2036.65,2036.65,VALID,VALID,Taylor & Wilson Insurance Services Ltd,14.3,2036.64,2019-08-30,2026-12-31 06:00:00
ALB-HOM-0004786,P0002074,297,HOM,BROKER,2026-03-02,2027-03-02,RN,N,2983.35,2486.13,VALID,VALID,,,2983.35,2026-03-02,2026-12-31 06:00:00
ALB-HOM-0004794,P0001548,,HOM,BROKER,2024-07-03,2025-07-03,CN,N,3025.16,3025.16,VALID,VALID,Brown & Jones Insurance Services Ltd,10.15,3025.16,2024-07-03,2026-12-31 06:00:00
ALB-HOM-0004800,P0002558,432,HOM,BROKER,2026-07-15,2027-07-15,RN,N,1096.64,456.93,VALID,VALID,,,1096.64,2026-07-15,2026-12-31 06:00:00
ALB-HOM-0004802,P0001850,149,HOM,BROKER,2018-05-06,2019-05-06,IF,N,1123.11,1123.11,VALID,VALID,Smith & Walker Insurance Services Ltd,18.79,1123.11,2018-05-06,2026-12-31 06:00:00
ALB-HOM-0004804,P0000117,194,HOM,BROKER,2025-08-09,2026-08-09,EX,N,2278.38,2278.38,VALID,VALID,Robinson & Brown Insurance Services Ltd,15.85,2278.38,2025-08-09,2026-12-31 06:00:00
ALB-HOM-0004806,P0002652,,HOM,AGGREGATOR,2019-02-11,2020-02-11,IF,N,1436.43,1436.43,VALID,VALID,Johnson & Hughes Insurance Services Ltd,17.19,1436.4000000000003,2020-01-07,2026-12-31 06:00:00
ALB-HOM-0004823,P0002955,240,HOM,BROKER,2026-04-24,2027-04-24,CN,N,2537.7,1691.80,VALID,VALID,Khan & Smith Insurance Services Ltd,17.81,2537.7,2026-04-24,2026-12-31 06:00:00
ALB-HOM-0004831,P0001534,,HOM,BROKER,2018-04-15,2019-04-15,EX,N,1033.6,1033.60,VALID,VALID,Clarke & Wright Insurance Services Ltd,11.72,1033.6,2018-04-15,2026-12-31 06:00:00
ALB-HOM-0004838,P0000693,383,HOM,BROKER,2021-06-06,2022-06-06,EX,N,2239.32,2239.32,VALID,VALID,Hall & Khan Insurance Services Ltd,14.81,1866.1000000000004,2022-05-02,2026-12-31 06:00:00
ALB-HOM-0004839,P0000415,,HOM,BROKER,2024-04-04,2025-04-04,LP,N,2109.35,2109.35,VALID,VALID,Williams & Williams Insurance Services Ltd,18.19,2109.35,2024-04-04,2026-12-31 06:00:00
ALB-HOM-0004844,P0000462,332,HOM,DIRECT,2020-05-24,2021-05-24,LP,N,2232.75,2232.75,VALID,VALID,,,2232.72,2021-04-19,2026-12-31 06:00:00
ALB-HOM-0004851,P0000216,235,HOM,BROKER,2025-07-15,2026-07-15,EX,N,1224.45,1224.45,VALID,VALID,,,1122.4399999999998,2026-06-10,2026-12-31 06:00:00
ALB-HOM-0004867,P0002001,,HOM,DIRECT,2021-11-29,2022-11-29,CN,N,1887.06,1887.06,VALID,VALID,,,1887.06,2021-11-29,2026-12-31 06:00:00
ALB-HOM-0004871,P0002213,,HOM,BROKER,2022-12-12,2023-12-12,RN,N,703.58,703.58,VALID,VALID,Patel & Clarke Insurance Services Ltd,9.04,703.5600000000001,2023-11-07,2026-12-31 06:00:00
ALB-HOM-0004874,P0000600,4,HOM,DIRECT,2021-10-23,2022-10-23,EX,N,211.08,211.08,VALID,VALID,,,211.08,2021-10-23,2026-12-31 06:00:00
ALB-HOM-0004878,P0002010,342,HOM,BROKER,2026-07-17,2027-07-17,EX,N,1195.01,497.92,VALID,VALID,,,1195.01,2026-07-17,2026-12-31 06:00:00
ALB-HOM-0004885,P0002908,183,HOM,DIRECT,2026-11-06,2027-11-06,IF,Y,3747.7,312.31,VALID,VALID,Davies & Wright Insurance Services Ltd,13.6,3747.72,2027-10-02,2026-12-31 06:00:00
ALB-HOM-0004893,P0000018,347,HOM,DIRECT,2021-08-30,2022-08-30,IF,N,522.0,522.00,VALID,VALID,Hall & Patel Insurance Services Ltd,13.7,435.0,2022-07-26,2026-12-31 06:00:00
ALB-HOM-0004913,P0000409,383,HOM,AGGREGATOR,2019-05-16,2020-05-15,RN,N,4184.32,4184.32,VALID,VALID,,,,,2026-12-31 06:00:00
ALB-HOM-0004935,P0000559,477,HOM,DIRECT,2025-05-10,2026-05-10,IF,N,3211.85,3211.85,VALID,VALID,Smith & Clarke Insurance Services Ltd,17.33,3211.8000000000006,2026-04-05,2026-12-31 06:00:00
ALB-HOM-0004939,P0001298,,HOM,DIRECT,2021-04-21,2022-04-21,RN,N,247.89,247.89,VALID,VALID,Taylor & Walker Insurance Services Ltd,13.94,165.28,2022-03-17,2026-12-31 06:00:00
ALB-HOM-0004943,P0002344,,HOM,BROKER,2020-03-14,2021-03-14,IF,N,1544.75,1544.75,VALID,VALID,,,1416.03,2021-02-07,2026-12-31 06:00:00
ALB-HOM-0004945,P0000552,156,HOM,AGGREGATOR,2022-02-21,2023-02-21,RN,N,1882.9,1882.90,VALID,VALID,,,1882.9200000000003,2023-01-17,2026-12-31 06:00:00
ALB-HOM-0004950,P0002624,,HOM,BROKER,2020-11-18,2021-11-18,CN,N,309.37,309.37,VALID,VALID,,,283.58000000000004,2021-09-14,2026-12-31 06:00:00
ALB-HOM-0004954,P0002101,362,HOM,DIRECT,2024-07-29,2025-07-29,RN,N,404.01,404.01,VALID,VALID,Brown & Davies Insurance Services Ltd,14.49,404.01,2024-07-29,2026-12-31 06:00:00
ALB-HOM-0004958,P0001861,,HOM,DIRECT,2021-04-07,2022-04-07,IF,N,1145.01,1145.01,VALID,VALID,Hughes & Wright Insurance Services Ltd,8.65,1145.01,2021-04-07,2026-12-31 06:00:00
ALB-HOM-0004994,P0001312,,HOM,BROKER,2024-11-14,2025-11-14,IF,N,411.1,411.10,VALID,VALID,,,411.11999999999995,2025-10-10,2026-12-31 06:00:00
ALB-HOM-0004998,P0000435,422,HOM,BROKER,2022-10-29,2023-10-29,RN,N,2696.32,2696.32,VALID,VALID,Johnson & Murphy Insurance Services Ltd,17.99,2696.32,2022-10-29,2026-12-31 06:00:00
ALB-HOM-0004999,P0002137,,HOM,BROKER,2020-11-26,2021-11-26,RN,N,1149.98,1149.98,VALID,VALID,Hughes & Wright Insurance Services Ltd,8.65,1149.98,2020-11-26,2026-12-31 06:00:00
ALB-HOM-0005003,P0000393,,HOM,DIRECT,2019-01-22,2020-01-22,IF,N,541.79,541.79,VALID,VALID,Baker & Wright Insurance Services Ltd,22.1,541.79,2019-01-22,2026-12-31 06:00:00
ALB-HOM-0005004,P0001888,207,HOM,AGGREGATOR,2023-02-06,2024-02-06,LP,N,3368.82,3368.82,VALID,VALID,,,3368.82,2023-02-06,2026-12-31 06:00:00
ALB-HOM-0005016,P0001868,,HOM,BROKER,2021-07-24,2022-07-24,LP,N,2564.64,2564.64,VALID,VALID,Clarke & Wright Insurance Services Ltd,11.72,2350.9199999999996,2022-06-19,2026-12-31 06:00:00
ALB-HOM-0005023,P0002302,226,HOM,DIRECT,2023-04-18,2024-04-17,CN,N,999.27,999.27,VALID,VALID,,,999.27,2023-04-18,2026-12-31 06:00:00
ALB-HOM-0005025,P0001279,,HOM,BROKER,2024-08-11,2025-08-11,IF,N,3973.93,3973.93,VALID,VALID,,,3973.9199999999996,2025-07-07,2026-12-31 06:00:00
ALB-HOM-0005037,P0000247,48,HOM,BROKER,2026-04-12,2027-04-12,IF,N,2078.55,1385.70,VALID,VALID,Brown & Jones Insurance Services Ltd,10.15,2078.55,2026-04-12,2026-12-31 06:00:00
ALB-HOM-0005049,P0000143,479,HOM,DIRECT,2018-06-22,2019-06-22,CN,N,3132.77,3132.77,VALID,VALID,,,3132.77,2018-06-22,2026-12-31 06:00:00
ALB-HOM-0005066,P0002625,354,HOM,BROKER,2025-09-08,2026-09-08,IF,N,516.89,516.89,VALID,VALID,Baker & Clarke Insurance Services Ltd,20.14,516.89,2025-09-08,2026-12-31 06:00:00
ALB-HOM-0005088,P0001790,,HOM,AGGREGATOR,2022-05-21,2023-05-21,EX,N,1282.18,1282.18,VALID,VALID,Baker & Clarke Insurance Services Ltd,20.14,1175.35,2023-04-16,2026-12-31 06:00:00
ALB-HOM-0005094,P0001984,71,HOM,DIRECT,2019-02-02,2020-02-02,CN,N,581.78,581.78,VALID,VALID,,,533.2800000000001,2019-12-29,2026-12-31 06:00:00
ALB-HOM-0005098,P0002505,,HOM,BROKER,2024-02-26,2025-02-25,EX,N,2406.93,2406.93,VALID,VALID,OBrien & Green Insurance Services Ltd,17.85,2406.9599999999996,2025-01-21,2026-12-31 06:00:00
ALB-HOM-0005099,P0000078,181,HOM,AGGREGATOR,2020-11-21,2021-11-21,IF,N,2891.05,2891.05,VALID,VALID,,,2891.05,2020-11-21,2026-12-31 06:00:00
ALB-HOM-0005101,P0000252,57,HOM,AGGREGATOR,2021-06-12,2022-06-12,IF,N,2273.97,2273.97,VALID,VALID,,,2274.0,2022-05-08,2026-12-31 06:00:00
ALB-HOM-0005105,P0002323,423,HOM,BROKER,2018-04-24,2019-04-24,IF,N,1423.95,1423.95,VALID,VALID,,,1305.26,2019-03-20,2026-12-31 06:00:00
ALB-HOM-0005108,P0001097,,HOM,AGGREGATOR,2026-11-03,2027-11-03,RN,N,1483.6,123.63,INVALID,VALID,Green & Patel Insurance Services Ltd,10.9,1483.5600000000004,2027-09-29,2026-12-31 06:00:00
ALB-HOM-0005110,P0001778,,HOM,BROKER,2022-03-25,2023-03-25,RN,N,422.62,422.62,VALID,VALID,Clarke & Wright Insurance Services Ltd,9.41,422.6400000000001,2023-02-18,2026-12-31 06:00:00
ALB-HOM-0005112,P0001008,,HOM,BROKER,2026-04-05,2027-04-05,EX,N,909.06,681.80,VALID,VALID,,,909.06,2026-04-05,2026-12-31 06:00:00
ALB-HOM-0005114,P0001701,,HOM,BROKER,2021-07-08,2022-07-08,IF,N,3343.01,3343.01,VALID,VALID,,,3342.9599999999996,2022-06-03,2026-12-31 06:00:00
ALB-HOM-0005116,P0000573,179,HOM,BROKER,2026-03-31,2027-03-31,LP,N,2848.94,2136.71,VALID,VALID,OBrien & Green Insurance Services Ltd,17.85,2848.9199999999996,2027-02-24,2026-12-31 06:00:00
ALB-HOM-0005133,P0002940,125,HOM,BROKER,2024-02-13,2025-02-12,CN,N,4059.39,4059.39,VALID,VALID,Davies & Brown Insurance Services Ltd,22.12,4059.3599999999988,2025-01-08,2026-12-31 06:00:00
ALB-HOM-0005134,P0002033,293,HOM,AGGREGATOR,2019-05-23,2020-05-22,EX,N,1447.3,1447.30,VALID,VALID,Taylor & Wilson Insurance Services Ltd,14.3,,,2026-12-31 06:00:00
ALB-HOM-0005138,P0000826,327,HOM,BROKER,2025-07-10,2026-07-10,CN,N,388.3,388.30,VALID,VALID,Walker & Wright Insurance Services Ltd,10.74,388.3200000000001,2026-06-05,2026-12-31 06:00:00
ALB-HOM-0005142,P0000606,318,HOM,BROKER,2019-02-26,2020-02-26,RN,N,2289.87,2289.87,VALID,VALID,Wilson & OBrien Insurance Services Ltd,9.12,2289.87,2019-02-26,2026-12-31 06:00:00
ALB-HOM-0005144,P0002485,450,HOM,BROKER,2020-03-07,2021-03-07,IF,N,601.0,601.00,VALID,VALID,Patel & Taylor Insurance Services Ltd,13.95,601.0,2020-03-07,2026-12-31 06:00:00
ALB-HOM-0005145,P0002218,375,HOM,DIRECT,2023-04-19,2024-04-18,LP,N,3166.08,3166.08,VALID,VALID,Johnson & Murphy Insurance Services Ltd,17.99,2902.2400000000002,2024-03-14,2026-12-31 06:00:00
ALB-HOM-0005149,P0003158,,HOM,DIRECT,2024-03-27,2025-03-27,IF,N,3463.58,3463.58,VALID,VALID,Wilson & OBrien Insurance Services Ltd,9.12,3174.9300000000007,2025-02-20,2026-12-31 06:00:00
ALB-HOM-0005150,P0001032,,HOM,BROKER,2019-04-28,2020-04-27,IF,N,1267.09,1267.09,VALID,VALID,Clarke & Wright Insurance Services Ltd,11.72,1267.09,2019-04-28,2026-12-31 06:00:00
ALB-HOM-0005155,P0002005,413,HOM,AGGREGATOR,2023-07-23,2024-07-22,RN,N,3490.28,3490.28,VALID,VALID,Williams & Williams Insurance Services Ltd,18.19,3490.320000000001,2024-06-17,2026-12-31 06:00:00
ALB-HOM-0005157,P0000118,,HOM,AGGREGATOR,2019-10-20,2020-10-19,EX,N,3950.74,3950.74,VALID,VALID,Hall & Murphy Insurance Services Ltd,10.45,3950.74,2019-10-20,2026-12-31 06:00:00
ALB-HOM-0005160,P0000855,11,HOM,BROKER,2024-04-02,2025-04-02,IF,N,1094.93,1094.93,VALID,VALID,Patel & Taylor Insurance Services Ltd,13.95,1094.93,2024-04-02,2026-12-31 06:00:00
ALB-HOM-0005169,P0000210,256,HOM,BROKER,2018-02-21,2019-02-21,IF,N,2294.77,2294.77,VALID,VALID,Davies & Hughes Insurance Services Ltd,15.18,2294.77,2018-02-21,2026-12-31 06:00:00
ALB-HOM-0005177,P0000116,64,HOM,BROKER,2022-07-25,2023-07-25,RN,N,180.03,180.03,VALID,VALID,Walker & Wright Insurance Services Ltd,10.74,180.03,2022-07-25,2026-12-31 06:00:00
ALB-HOM-0005178,P0000766,214,HOM,BROKER,2025-03-09,2026-03-09,IF,N,615.45,615.45,VALID,VALID,Hall & Baker Insurance Services Ltd,14.43,564.19,2026-02-02,2026-12-31 06:00:00
ALB-HOM-0005179,P0002007,479,HOM,AGGREGATOR,2021-08-15,2022-08-15,IF,N,333.65,333.65,VALID,VALID,,,333.65,2021-08-15,2026-12-31 06:00:00
ALB-HOM-0005183,P0000786,,HOM,DIRECT,2026-12-18,2027-12-18,EX,N,1584.74,0.00,VALID,VALID,,,1584.7199999999996,2027-11-13,2026-12-31 06:00:00
ALB-HOM-0005185,P0000999,,HOM,AGGREGATOR,2023-10-16,2024-10-15,IF,N,1926.61,1926.61,VALID,VALID,,,1926.61,2023-10-16,2026-12-31 06:00:00
ALB-HOM-0005186,P0003035,482,HOM,DIRECT,2023-04-24,2024-04-23,CN,N,4128.27,4128.27,VALID,VALID,Smith & Clarke Insurance Services Ltd,17.33,4128.24,2024-03-19,2026-12-31 06:00:00
ALB-HOM-0005187,P0002990,87,HOM,AGGREGATOR,2018-10-04,2019-10-04,LP,N,1061.55,1061.55,VALID,VALID,Brown & Jones Insurance Services Ltd,10.15,1061.55,2018-10-04,2026-12-31 06:00:00
ALB-HOM-0005193,P0003063,165,HOM,BROKER,2020-03-05,2021-03-05,IF,N,1490.04,1490.04,VALID,VALID,Wilson & Wright Insurance Services Ltd,7.87,1241.7,2021-01-29,2026-12-31 06:00:00
ALB-MOT-0000012,P0000623,185,MOT,DIRECT,2025-01-06,2026-01-06,EX,N,821.6,821.60,VALID,VALID,,,821.6400000000002,2025-12-02,2026-12-31 06:00:00
ALB-MOT-0000019,P0002552,122,MOT,BROKER,2020-12-06,2021-12-06,IF,N,2620.96,2620.96,VALID,VALID,,,2620.96,2020-12-06,2026-12-31 06:00:00
ALB-MOT-0000021,P0000368,73,MOT,DIRECT,2022-04-18,2023-04-18,EX,N,2112.94,2112.94,INVALID,VALID,Smith & Clarke Insurance Services Ltd,17.33,1936.8799999999997,2023-03-14,2026-12-31 06:00:00
ALB-MOT-0000027,P0002508,,MOT,DIRECT,2019-07-03,2020-07-02,IF,N,1189.59,1189.59,VALID,VALID,,,1189.56,2020-05-28,2026-12-31 06:00:00
ALB-MOT-0000028,P0000305,257,MOT,BROKER,2020-05-05,2021-05-05,IF,N,2958.37,2958.37,VALID,VALID,Davies & Green Insurance Services Ltd,7.72,2958.3600000000006,2021-03-31,2026-12-31 06:00:00
ALB-MOT-0000029,P0000277,,MOT,BROKER,2019-09-08,2020-09-07,EX,N,3722.98,3722.98,VALID,VALID,Johnson & Murphy Insurance Services Ltd,17.99,3412.75,2020-08-03,2026-12-31 06:00:00
ALB-MOT-0000030,P0001464,469,MOT,BROKER,2019-09-30,2020-09-29,IF,N,2042.5,2042.50,VALID,VALID,,,1872.3100000000002,2020-08-25,2026-12-31 06:00:00
ALB-MOT-0000034,P0000654,254,MOT,AGGREGATOR,2024-07-03,2025-07-03,EX,N,2583.67,2583.67,VALID,VALID,,,2583.67,2024-07-03,2026-12-31 06:00:00
ALB-MOT-0000038,P0001318,326,MOT,BROKER,2024-04-15,2025-04-15,IF,N,1648.73,1648.73,VALID,VALID,,,1511.2899999999995,2025-03-11,2026-12-31 06:00:00
ALB-MOT-0000044,P0000716,,MOT,DIRECT,2020-01-26,2021-01-25,LP,N,3450.1,3450.10,VALID,VALID,Williams & Baker Insurance Services Ltd,16.38,3450.120000000001,2020-12-21,2026-12-31 06:00:00
ALB-MOT-0000051,P0003139,214,MOT,BROKER,2019-05-17,2020-05-16,IF,N,3772.62,3772.62,VALID,VALID,Robinson & Brown Insurance Services Ltd,15.85,3772.62,2019-05-17,2026-12-31 06:00:00
ALB-MOT-0000052,P0002941,361,MOT,DIRECT,2018-08-09,2019-08-09,IF,N,191.75,191.75,VALID,VALID,,,191.76,2019-07-05,2026-12-31 06:00:00
ALB-MOT-0000059,P0001129,195,MOT,BROKER,2020-05-15,2021-05-15,LP,N,3461.42,3461.42,VALID,VALID,Hall & Murphy Insurance Services Ltd,10.45,3461.399999999999,2021-04-10,2026-12-31 06:00:00
ALB-MOT-0000075,P0003133,,MOT,DIRECT,2023-08-05,2024-08-04,IF,N,680.1,680.10,INVALID,VALID,,,680.1599999999999,2024-06-30,2026-12-31 06:00:00
ALB-MOT-0000076,P0002568,,MOT,BROKER,2020-09-04,2021-09-04,RN,N,2897.38,2897.38,VALID,VALID,Brown & Jones Insurance Services Ltd,10.15,2897.3999999999996,2021-07-31,2026-12-31 06:00:00
ALB-MOT-0000080,P0001851,,MOT,AGGREGATOR,2025-02-09,2026-02-09,IF,N,839.8,839.80,VALID,VALID,Davies & Taylor Insurance Services Ltd,14.09,839.8,2025-02-09,2026-12-31 06:00:00
ALB-MOT-0000112,P0002191,,MOT,BROKER,2018-08-04,2019-08-04,IF,N,1372.97,1372.97,VALID,VALID,Wilson & OBrien Insurance Services Ltd,9.12,1372.97,2018-08-04,2026-12-31 06:00:00
ALB-MOT-0000126,P0001631,228,MOT,DIRECT,2025-10-16,2026-10-16,RN,N,1346.0,1346.00,VALID,VALID,,,1233.87,2026-08-12,2026-12-31 06:00:00
ALB-MOT-0000127,P0000284,437,MOT,BROKER,2022-10-20,2023-10-20,IF,N,1578.87,1578.87,VALID,VALID,,,1447.2699999999995,2023-09-15,2026-12-31 06:00:00
ALB-MOT-0000128,P0000759,7,MOT,BROKER,2019-01-28,2020-01-28,CN,N,2749.51,2749.51,VALID,VALID,,,2520.4300000000007,2019-12-24,2026-12-31 06:00:00
ALB-MOT-0000142,P0002695,,MOT,BROKER,2020-05-15,2021-05-15,IF,N,1498.99,1498.99,VALID,VALID,,,1499.0400000000002,2021-04-10,2026-12-31 06:00:00
ALB-MOT-0000144,P0000777,95,MOT,BROKER,2026-06-01,2027-06-01,IF,N,3021.75,1762.69,VALID,VALID,Davies & Brown Insurance Services Ltd,22.12,3021.75,2026-06-01,2026-12-31 06:00:00
ALB-MOT-0000145,P0002421,388,MOT,AGGREGATOR,2024-03-10,2025-03-10,RN,N,3394.74,3394.74,VALID,VALID,Robinson & Brown Insurance Services Ltd,15.85,3394.74,2024-03-10,2026-12-31 06:00:00
ALB-MOT-0000151,P0001306,,MOT,DIRECT,2026-05-11,2027-05-11,IF,Y,3889.27,2268.74,VALID,VALID,,,3889.320000000001,2027-04-06,2026-12-31 06:00:00
ALB-MOT-0000161,P0001641,,MOT,BROKER,2025-09-28,2026-09-28,IF,N,3403.97,3403.97,VALID,VALID,Hall & Hall Insurance Services Ltd,9.1,3403.9199999999996,2026-08-24,2026-12-31 06:00:00
ALB-MOT-0000163,P0002519,,MOT,BROKER,2018-06-29,2019-06-29,EX,N,3791.91,3791.91,VALID,VALID,,,3791.879999999999,2019-05-25,2026-12-31 06:00:00
ALB-MOT-0000181,P0001519,,MOT,BROKER,2018-06-07,2019-06-07,LP,N,2606.47,2606.47,VALID,VALID,,,2606.52,2019-05-03,2026-12-31 06:00:00
ALB-MOT-0000192,P0000621,433,MOT,BROKER,2018-03-29,2019-03-29,IF,N,1386.83,1386.83,VALID,VALID,Patel & Taylor Insurance Services Ltd,13.95,1271.2699999999995,2019-02-22,2026-12-31 06:00:00
ALB-MOT-0000198,P0002005,413,MOT,BROKER,2019-05-19,2020-05-18,IF,N,561.78,561.78,VALID,VALID,,,561.78,2019-05-19,2026-12-31 06:00:00
ALB-MOT-0000204,P0000632,407,MOT,DIRECT,2025-03-23,2026-03-23,RN,N,747.62,747.62,VALID,VALID,Davies & Wright Insurance Services Ltd,13.6,747.5999999999999,2026-02-16,2026-12-31 06:00:00
ALB-MOT-0000212,P0002848,,MOT,AGGREGATOR,2022-12-09,2023-12-09,LP,N,1146.61,1146.61,VALID,VALID,,,1146.61,2022-12-09,2026-12-31 06:00:00
ALB-MOT-0000225,P0001362,,MOT,BROKER,2019-02-03,2020-02-03,CN,N,4019.49,4019.49,VALID,VALID,Khan & Smith Insurance Services Ltd,17.81,4019.52,2019-12-30,2026-12-31 06:00:00
ALB-MOT-0000245,P0001128,,MOT,BROKER,2024-12-23,2025-12-23,LP,N,1528.03,1528.03,VALID,VALID,,,1400.74,2025-11-18,2026-12-31 06:00:00
ALB-MOT-0000262,P0000196,355,MOT,BROKER,2019-12-20,2020-12-19,IF,N,4107.78,4107.78,VALID,VALID,Robinson & Brown Insurance Services Ltd,15.85,4107.78,2019-12-20,2026-12-31 06:00:00
ALB-MOT-0000264,P0001802,151,MOT,BROKER,2023-10-01,2024-09-30,RN,N,2119.04,2119.04,VALID,VALID,,,2119.04,2023-10-01,2026-12-31 06:00:00
ALB-MOT-0000266,P0000144,52,MOT,BROKER,2023-07-21,2024-07-20,IF,N,3767.21,3767.21,VALID,VALID,Taylor & Murphy Insurance Services Ltd,20.48,3767.21,2023-07-21,2026-12-31 06:00:00
ALB-MOT-0000285,P0001972,,MOT,DIRECT,2018-09-07,2019-09-07,IF,N,1205.37,1205.37,VALID,VALID,Wilson & Wright Insurance Services Ltd,17.86,1205.4000000000003,2019-08-03,2026-12-31 06:00:00
ALB-MOT-0000294,P0002190,,MOT,BROKER,2018-08-20,2019-08-20,IF,N,1950.27,1950.27,VALID,VALID,,,1950.24,2019-07-16,2026-12-31 06:00:00
ALB-MOT-0000310,P0001308,,MOT,DIRECT,2020-10-29,2021-10-29,IF,N,3680.77,3680.77,VALID,VALID,Johnson & Murphy Insurance Services Ltd,17.99,3680.77,2020-10-29,2026-12-31 06:00:00
ALB-MOT-0000317,P0002902,,MOT,BROKER,2018-02-23,2019-02-23,CN,N,3485.33,3485.33,VALID,VALID,Hall & Wright Insurance Services Ltd,8.65,2904.4,2019-01-19,2026-12-31 06:00:00
ALB-MOT-0000326,P0002977,350,MOT,BROKER,2022-03-02,2023-03-02,IF,N,207.25,207.25,VALID,VALID,,,189.97000000000003,2023-01-26,2026-12-31 06:00:00
ALB-MOT-0000327,P0001478,464,MOT,DIRECT,2019-02-03,2020-02-03,IF,N,3756.05,3756.05,VALID,VALID,,,3756.05,2019-02-03,2026-12-31 06:00:00
ALB-MOT-0000336,P0003147,,MOT,BROKER,2020-04-29,2021-04-29,IF,N,1051.81,1051.81,VALID,VALID,Jones & Robinson Insurance Services Ltd,21.97,964.1499999999999,2021-02-23,2026-12-31 06:00:00
ALB-MOT-0000352,P0003061,349,MOT,AGGREGATOR,2023-05-31,2024-05-30,LP,N,486.09,486.09,VALID,VALID,,,445.60999999999996,2024-04-25,2026-12-31 06:00:00
ALB-MOT-0000355,P0001122,,MOT,BROKER,2023-01-24,2024-01-24,IF,N,2096.23,2096.23,VALID,VALID,Hall & Brown Insurance Services Ltd,13.16,2096.28,2023-12-20,2026-12-31 06:00:00
ALB-MOT-0000357,P0001347,290,MOT,BROKER,2018-12-20,2019-12-20,RN,N,2581.23,2581.23,VALID,VALID,Clarke & Wright Insurance Services Ltd,9.41,2581.1999999999994,2019-11-15,2026-12-31 06:00:00
ALB-MOT-0000358,P0001186,447,MOT,DIRECT,2022-02-20,2023-02-20,EX,N,2245.77,2245.77,VALID,VALID,Davies & Davies Insurance Services Ltd,17.73,2245.77,2022-02-20,2026-12-31 06:00:00
ALB-MOT-0000359,P0003168,486,MOT,BROKER,2025-07-10,2026-07-10,RN,N,3760.82,3760.82,VALID,VALID,,,3447.4000000000005,2026-06-05,2026-12-31 06:00:00
ALB-MOT-0000370,P0000865,364,MOT,AGGREGATOR,2018-04-27,2019-04-27,IF,N,2745.36,2745.36,VALID,VALID,Johnson & Hall Insurance Services Ltd,21.38,2745.3600000000006,2019-03-23,2026-12-31 06:00:00
ALB-MOT-0000377,P0000374,,MOT,BROKER,2024-10-26,2025-10-26,RN,N,537.85,537.85,VALID,VALID,Khan & Smith Insurance Services Ltd,17.81,537.84,2025-09-21,2026-12-31 06:00:00
ALB-MOT-0000382,P0001289,98,MOT,DIRECT,2019-10-28,2020-10-27,RN,N,3303.33,3303.33,VALID,VALID,Jones & Robinson Insurance Services Ltd,21.97,3303.33,2019-10-28,2026-12-31 06:00:00
ALB-MOT-0000396,P0003137,258,MOT,BROKER,2025-08-13,2026-08-13,IF,N,1598.87,1598.87,VALID,VALID,,,1465.64,2026-07-09,2026-12-31 06:00:00
ALB-MOT-0000416,P0001299,,MOT,DIRECT,2026-12-14,2027-12-14,EX,N,3175.52,0.00,VALID,VALID,Taylor & Wilson Insurance Services Ltd,14.3,2910.9300000000007,2027-11-09,2026-12-31 06:00:00
ALB-MOT-0000420,P0001039,,MOT,BROKER,2024-01-09,2025-01-08,EX,N,2003.27,2003.27,VALID,VALID,,,2003.27,2024-01-09,2026-12-31 06:00:00
ALB-MOT-0000424,P0000662,323,MOT,DIRECT,2024-10-26,2025-10-26,LP,N,2061.55,2061.55,VALID,VALID,,,2061.6,2025-09-21,2026-12-31 06:00:00
ALB-MOT-0000437,P0002033,293,MOT,BROKER,2025-08-31,2026-08-31,IF,N,206.19,206.19,VALID,VALID,Taylor & Johnson Insurance Services Ltd,17.25,206.16000000000005,2026-07-27,2026-12-31 06:00:00
ALB-MOT-0000439,P0001369,425,MOT,AGGREGATOR,2019-03-15,2020-03-14,IF,N,749.79,749.79,VALID,VALID,,,687.2800000000001,2020-02-08,2026-12-31 06:00:00
ALB-MOT-0000440,P0001036,,MOT,DIRECT,2018-03-09,2019-03-09,LP,N,683.98,683.98,VALID,VALID,,,,,2026-12-31 06:00:00
ALB-MOT-0000445,P0000553,,MOT,BROKER,2023-01-27,2024-01-27,IF,N,2756.75,2756.75,VALID,VALID,Johnson & Murphy Insurance Services Ltd,21.31,2756.7599999999998,2023-12-23,2026-12-31 06:00:00
ALB-MOT-0000449,P0003086,188,MOT,BROKER,2024-05-05,2025-05-05,EX,N,1717.8,1717.80,VALID,VALID,,,1717.8,2024-05-05,2026-12-31 06:00:00
ALB-MOT-0000459,P0001348,,MOT,BROKER,2021-06-01,2022-06-01,IF,N,1226.08,1226.08,VALID,VALID,Smith & Walker Insurance Services Ltd,18.79,1226.08,2021-06-01,2026-12-31 06:00:00
ALB-MOT-0000460,P0000636,180,MOT,AGGREGATOR,2022-04-15,2023-04-15,RN,N,1423.89,1423.89,VALID,VALID,,,1423.92,2023-03-11,2026-12-31 06:00:00
ALB-MOT-0000462,P0000042,48,MOT,AGGREGATOR,2023-10-22,2024-10-21,IF,N,3886.81,3886.81,VALID,VALID,Clarke & Davies Insurance Services Ltd,10.43,3562.9000000000005,2024-09-16,2026-12-31 06:00:00
ALB-MOT-0000463,P0002252,,MOT,DIRECT,2026-06-19,2027-06-19,EX,N,2997.02,1498.51,VALID,VALID,,,2997.02,2026-06-19,2026-12-31 06:00:00
ALB-MOT-0000470,P0001097,,MOT,DIRECT,2026-01-22,2027-01-22,IF,Y,1627.7,1492.06,INVALID,VALID,,,1627.6799999999994,2026-12-18,2026-12-31 06:00:00
ALB-MOT-0000473,P0000412,462,MOT,DIRECT,2019-12-30,2020-12-29,CN,N,2788.51,2788.51,VALID,VALID,,,2788.560000000001,2020-11-24,2026-12-31 06:00:00
ALB-MOT-0000475,P0001573,,MOT,DIRECT,2019-06-24,2020-06-23,IF,N,3177.09,3177.09,VALID,VALID,Smith & Walker Insurance Services Ltd,18.79,2912.3600000000006,2020-05-19,2026-12-31 06:00:00
ALB-MOT-0000479,P0001884,,MOT,DIRECT,2024-02-12,2025-02-11,IF,N,2655.05,2655.05,VALID,VALID,,,2655.05,2024-02-12,2026-12-31 06:00:00
ALB-MOT-0000484,P0002375,,MOT,DIRECT,2026-07-13,2027-07-13,IF,Y,547.58,228.16,VALID,VALID,Jones & Baker Insurance Services Ltd,8.84,547.5600000000001,2027-06-08,2026-12-31 06:00:00
ALB-MOT-0000485,P0001474,,MOT,BROKER,2018-09-08,2019-09-08,IF,N,2666.19,2666.19,VALID,VALID,Taylor & Johnson Insurance Services Ltd,17.25,2666.19,2018-09-08,2026-12-31 06:00:00
ALB-MOT-0000491,P0000626,467,MOT,AGGREGATOR,2025-12-06,2026-12-06,EX,N,479.01,479.01,VALID,VALID,Davies & Wright Insurance Services Ltd,13.6,479.04000000000013,2026-11-01,2026-12-31 06:00:00
ALB-MOT-0000495,P0001972,,MOT,AGGREGATOR,2026-09-26,2027-09-26,EX,N,1652.07,413.02,VALID,VALID,Baker & Clarke Insurance Services Ltd,20.14,1652.07,2026-09-26,2026-12-31 06:00:00
ALB-MOT-0000506,P0001246,,MOT,BROKER,2021-10-21,2022-10-21,IF,N,3137.84,3137.84,VALID,VALID,Taylor & Wilson Insurance Services Ltd,14.3,3137.879999999999,2022-09-16,2026-12-31 06:00:00
ALB-MOT-0000507,P0002449,433,MOT,BROKER,2024-11-06,2025-11-06,IF,N,406.35,406.35,VALID,VALID,,,372.4600000000001,2025-10-02,2026-12-31 06:00:00
ALB-MOT-0000516,P0001508,,MOT,BROKER,2019-02-20,2020-02-20,IF,N,2487.4,2487.40,VALID,VALID,,,2280.0800000000004,2020-01-16,2026-12-31 06:00:00
ALB-MOT-0000522,P0000732,153,MOT,BROKER,2026-05-20,2027-05-20,EX,N,348.82,203.48,VALID,VALID,,,261.63,2027-04-15,2026-12-31 06:00:00
ALB-MOT-0000523,P0001715,144,MOT,AGGREGATOR,2023-06-19,2024-06-18,RN,N,3066.17,3066.17,VALID,VALID,Khan & Davies Insurance Services Ltd,12.18,3066.120000000001,2024-05-14,2026-12-31 06:00:00
ALB-MOT-0000524,P0002542,132,MOT,AGGREGATOR,2025-10-18,2026-10-18,EX,N,2475.96,2475.96,VALID,VALID,,,2269.6299999999997,2026-09-13,2026-12-31 06:00:00
ALB-MOT-0000528,P0000096,240,MOT,AGGREGATOR,2018-08-13,2019-08-13,LP,N,1377.22,1377.22,VALID,VALID,OBrien & Green Insurance Services Ltd,17.85,1377.24,2019-07-09,2026-12-31 06:00:00
ALB-MOT-0000529,P0000976,179,MOT,BROKER,2022-03-14,2023-03-14,LP,N,3781.83,3781.83,VALID,VALID,OBrien & Green Insurance Services Ltd,17.85,3466.6500000000005,2023-02-07,2026-12-31 06:00:00
ALB-MOT-0000539,P0001337,39,MOT,AGGREGATOR,2018-12-21,2019-12-21,RN,N,2111.78,2111.78,VALID,VALID,Walker & OBrien Insurance Services Ltd,10.5,2111.78,2018-12-21,2026-12-31 06:00:00
ALB-MOT-0000545,P0001303,,MOT,DIRECT,2021-11-18,2022-11-18,IF,N,713.21,713.21,VALID,VALID,Wilson & Wright Insurance Services Ltd,7.87,713.21,2021-11-18,2026-12-31 06:00:00
ALB-MOT-0000547,P0001290,389,MOT,DIRECT,2025-03-02,2026-03-02,IF,N,3549.24,3549.24,VALID,VALID,,,3549.24,2025-03-02,2026-12-31 06:00:00
ALB-MOT-0000552,P0002673,,MOT,DIRECT,2023-08-12,2024-08-11,IF,N,755.37,755.37,VALID,VALID,,,755.37,2023-08-12,2026-12-31 06:00:00
ALB-MOT-0000573,P0001095,139,MOT,BROKER,2019-06-07,2020-06-06,EX,N,3268.81,3268.81,VALID,VALID,Davies & Wright Insurance Services Ltd,13.6,3268.8000000000006,2020-05-02,2026-12-31 06:00:00
ALB-MOT-0000591,P0001427,278,MOT,AGGREGATOR,2019-09-22,2020-09-21,LP,N,3796.83,3796.83,VALID,VALID,Patel & Taylor Insurance Services Ltd,13.95,3480.4000000000005,2020-08-17,2026-12-31 06:00:00
ALB-MOT-0000592,P0001897,,MOT,BROKER,2025-09-30,2026-09-30,LP,N,1584.88,1584.88,VALID,VALID,,,1584.88,2025-09-30,2026-12-31 06:00:00
ALB-MOT-0000595,P0001250,,MOT,BROKER,2018-03-13,2019-03-13,IF,N,3814.07,3814.07,VALID,VALID,Murphy & Johnson Insurance Services Ltd,12.64,3814.0800000000004,2019-02-06,2026-12-31 06:00:00
ALB-MOT-0000600,P0002669,99,MOT,DIRECT,2018-05-27,2019-05-27,IF,N,1593.02,1593.02,VALID,VALID,Clarke & Davies Insurance Services Ltd,10.43,1593.02,2018-05-27,2026-12-31 06:00:00
ALB-MOT-0000611,P0003071,,MOT,AGGREGATOR,2022-11-14,2023-11-14,LP,N,1388.72,1388.72,VALID,VALID,Baker & Brown Insurance Services Ltd,14.45,1388.72,2022-11-14,2026-12-31 06:00:00
ALB-MOT-0000622,P0002056,142,MOT,BROKER,2024-03-31,2025-03-31,IF,N,2841.84,2841.84,VALID,VALID,Green & Patel Insurance Services Ltd,10.9,2841.84,2024-03-31,2026-12-31 06:00:00
ALB-MOT-0000623,P0001166,442,MOT,BROKER,2019-12-16,2020-12-15,IF,N,3863.95,3863.95,VALID,VALID,,,3864.0,2020-11-10,2026-12-31 06:00:00
ALB-MOT-0000625,P0003079,,MOT,DIRECT,2019-01-05,2020-01-05,IF,N,417.1,417.10,VALID,VALID,,,382.35999999999996,2019-12-01,2026-12-31 06:00:00
ALB-MOT-0000641,P0000637,67,MOT,BROKER,2023-02-27,2024-02-27,EX,N,3954.19,3954.19,VALID,VALID,Hall & Hall Insurance Services Ltd,9.1,3624.72,2024-01-23,2026-12-31 06:00:00
ALB-MOT-0000644,P0000893,210,MOT,BROKER,2023-09-29,2024-09-28,RN,N,1045.46,1045.46,VALID,VALID,,,958.32,2024-08-24,2026-12-31 06:00:00
ALB-MOT-0000650,P0001090,,MOT,BROKER,2023-09-02,2024-09-01,RN,N,839.09,839.09,VALID,VALID,,,769.1199999999999,2024-07-28,2026-12-31 06:00:00
ALB-MOT-0000652,P0000456,105,MOT,BROKER,2021-01-01,2022-01-01,CN,N,3057.56,3057.56,VALID,VALID,Johnson & Murphy Insurance Services Ltd,17.99,2802.8,2021-11-27,2026-12-31 06:00:00
ALB-MOT-0000655,P0001210,186,MOT,AGGREGATOR,2023-05-31,2024-05-30,EX,N,1212.19,1212.19,VALID,VALID,Hall & Brown Insurance Services Ltd,13.16,1212.19,2023-05-31,2026-12-31 06:00:00
ALB-MOT-0000662,P0002392,,MOT,DIRECT,2025-09-07,2026-09-07,CN,N,1048.61,1048.61,VALID,VALID,,,1048.56,2026-08-03,2026-12-31 06:00:00
ALB-MOT-0000669,P0003059,,MOT,DIRECT,2019-04-01,2020-03-31,EX,N,3648.53,3648.53,VALID,VALID,,,3344.44,2020-02-25,2026-12-31 06:00:00
ALB-MOT-0000674,P0000845,152,MOT,DIRECT,2022-03-10,2023-03-10,IF,N,1915.72,1915.72,VALID,VALID,,,1915.6799999999994,2023-02-03,2026-12-31 06:00:00
ALB-MOT-0000681,P0001030,,MOT,AGGREGATOR,2021-04-17,2022-04-17,IF,N,728.21,728.21,VALID,VALID,Green & Patel Insurance Services Ltd,10.9,606.8,2022-03-13,2026-12-31 06:00:00
ALB-MOT-0000682,P0002503,,MOT,BROKER,2021-02-10,2022-02-10,IF,N,1317.79,1317.79,VALID,VALID,OBrien & Green Insurance Services Ltd,17.85,1317.79,2021-02-10,2026-12-31 06:00:00
ALB-MOT-0000694,P0002377,,MOT,AGGREGATOR,2019-11-18,2020-11-17,IF,N,271.46,271.46,VALID,VALID,,,271.46,2019-11-18,2026-12-31 06:00:00
ALB-MOT-0000697,P0002257,218,MOT,DIRECT,2025-04-11,2026-04-11,RN,N,2760.18,2760.18,VALID,VALID,Patel & Clarke Insurance Services Ltd,9.04,2760.18,2025-04-11,2026-12-31 06:00:00
ALB-MOT-0000698,P0001422,,MOT,DIRECT,2022-04-05,2023-04-05,RN,N,776.65,776.65,VALID,VALID,Clarke & Wright Insurance Services Ltd,11.72,647.2000000000002,2023-03-01,2026-12-31 06:00:00
ALB-MOT-0000701,P0001150,338,MOT,AGGREGATOR,2019-02-26,2020-02-26,CN,N,622.12,622.12,VALID,VALID,,,622.12,2019-02-26,2026-12-31 06:00:00
ALB-MOT-0000711,P0000475,31,MOT,DIRECT,2025-10-25,2026-10-25,RN,N,2190.9,2190.90,VALID,VALID,,,1825.7999999999997,2026-09-20,2026-12-31 06:00:00
ALB-MOT-0000717,P0001335,13,MOT,BROKER,2023-01-18,2024-01-18,RN,N,1572.35,1572.35,VALID,VALID,,,1572.36,2023-12-14,2026-12-31 06:00:00
ALB-MOT-0000719,P0001118,,MOT,BROKER,2023-11-19,2024-11-18,IF,N,3711.3,3711.30,INVALID,VALID,Baker & Wright Insurance Services Ltd,22.1,3711.3,2023-11-19,2026-12-31 06:00:00
ALB-MOT-0000722,P0001422,,MOT,BROKER,2021-10-11,2022-10-11,RN,N,2490.06,2490.06,VALID,VALID,OBrien & Green Insurance Services Ltd,17.85,2490.0,2022-09-06,2026-12-31 06:00:00
ALB-MOT-0000723,P0001833,211,MOT,BROKER,2018-08-24,2019-08-24,RN,N,1955.28,1955.28,VALID,VALID,Davies & Taylor Insurance Services Ltd,14.09,1955.2800000000004,2019-07-20,2026-12-31 06:00:00
ALB-MOT-0000724,P0000665,133,MOT,BROKER,2024-01-23,2025-01-22,IF,N,1044.86,1044.86,VALID,VALID,Walker & Wright Insurance Services Ltd,10.74,1044.8399999999997,2024-12-18,2026-12-31 06:00:00
ALB-MOT-0000727,P0002999,,MOT,DIRECT,2018-01-30,2019-01-30,RN,N,3888.41,3888.41,VALID,VALID,,,3888.41,2018-01-30,2026-12-31 06:00:00
ALB-MOT-0000729,P0002152,,MOT,BROKER,2023-03-17,2024-03-16,LP,N,696.89,696.89,VALID,VALID,,,696.89,2023-03-17,2026-12-31 06:00:00
ALB-MOT-0000730,P0000467,,MOT,BROKER,2025-04-03,2026-04-03,LP,N,3535.6,3535.60,VALID,VALID,,,3535.560000000001,2026-02-27,2026-12-31 06:00:00
ALB-MOT-0000731,P0001486,,MOT,BROKER,2024-02-13,2025-02-12,IF,N,4189.9,4189.90,VALID,VALID,,,4189.9,2024-02-13,2026-12-31 06:00:00
ALB-MOT-0000732,P0002867,,MOT,DIRECT,2018-09-08,2019-09-08,IF,N,2826.98,2826.98,VALID,VALID,Taylor & Wilson Insurance Services Ltd,14.3,2355.7999999999997,2019-08-04,2026-12-31 06:00:00
ALB-MOT-0000734,P0001446,,MOT,DIRECT,2024-09-03,2025-09-03,IF,N,1202.15,1202.15,VALID,VALID,,,1202.1600000000003,2025-07-30,2026-12-31 06:00:00
ALB-MOT-0000739,P0000986,,MOT,AGGREGATOR,2026-08-05,2027-08-05,IF,N,2548.68,849.56,VALID,VALID,Patel & Taylor Insurance Services Ltd,13.95,2548.68,2026-08-05,2026-12-31 06:00:00
ALB-MOT-0000749,P0002812,,MOT,BROKER,2026-09-17,2027-09-17,RN,N,2362.56,590.64,VALID,VALID,,,2362.56,2026-09-17,2026-12-31 06:00:00
ALB-MOT-0000757,P0001989,186,MOT,DIRECT,2026-05-30,2027-05-30,IF,Y,1097.18,640.02,VALID,VALID,,,1097.1600000000003,2027-04-25,2026-12-31 06:00:00
ALB-MOT-0000762,P0003081,393,MOT,BROKER,2026-11-25,2027-11-25,EX,N,3923.23,326.94,INVALID,VALID,Baker & Hughes Insurance Services Ltd,12.55,3596.34,2027-10-21,2026-12-31 06:00:00
ALB-MOT-0000765,P0000147,455,MOT,AGGREGATOR,2021-09-20,2022-09-20,IF,N,3892.53,3892.53,VALID,VALID,Smith & Walker Insurance Services Ltd,18.79,3892.560000000001,2022-08-16,2026-12-31 06:00:00
ALB-MOT-0000776,P0002941,361,MOT,BROKER,2023-05-19,2024-05-18,IF,N,995.98,995.98,VALID,VALID,Brown & Davies Insurance Services Ltd,14.49,996.0,2024-04-13,2026-12-31 06:00:00
ALB-MOT-0000785,P0000660,19,MOT,DIRECT,2023-04-07,2024-04-06,EX,N,3019.04,3019.04,VALID,VALID,Baker & Williams Insurance Services Ltd,17.61,3019.0800000000004,2024-03-02,2026-12-31 06:00:00
ALB-MOT-0000810,P0002593,402,MOT,BROKER,2021-06-16,2022-06-16,IF,N,1415.34,1415.34,VALID,VALID,,,1297.3400000000004,2022-05-12,2026-12-31 06:00:00
ALB-MOT-0000820,P0000360,424,MOT,AGGREGATOR,2019-05-18,2020-05-17,EX,N,288.82,288.82,VALID,VALID,,,288.84,2020-04-12,2026-12-31 06:00:00
ALB-MOT-0000838,P0002554,149,MOT,DIRECT,2020-04-18,2021-04-18,CN,N,1467.4,1467.40,VALID,VALID,Robinson & Brown Insurance Services Ltd,15.85,1467.36,2021-03-14,2026-12-31 06:00:00
ALB-MOT-0000843,P0000601,421,MOT,BROKER,2020-09-09,2021-09-09,RN,N,1973.29,1973.29,VALID,VALID,,,1973.2800000000004,2021-08-05,2026-12-31 06:00:00
ALB-MOT-0000847,P0002654,247,MOT,AGGREGATOR,2023-11-20,2024-11-19,IF,N,4112.8,4112.80,VALID,VALID,,,4112.8,2023-11-20,2026-12-31 06:00:00
ALB-MOT-0000856,P0002840,,MOT,BROKER,2018-09-18,2019-09-18,IF,N,1471.14,1471.14,VALID,VALID,Murphy & Johnson Insurance Services Ltd,12.64,1103.4,2019-08-14,2026-12-31 06:00:00
ALB-MOT-0000867,P0000732,153,MOT,BROKER,2021-02-06,2022-02-06,EX,N,3518.55,3518.55,VALID,VALID,Smith & Clarke Insurance Services Ltd,17.33,3518.55,2021-02-06,2026-12-31 06:00:00
ALB-MOT-0000870,P0000336,10,MOT,BROKER,2019-03-10,2020-03-09,IF,N,2868.98,2868.98,VALID,VALID,Williams & Baker Insurance Services Ltd,16.38,2629.8799999999997,2020-02-03,2026-12-31 06:00:00
ALB-MOT-0000871,P0003017,200,MOT,BROKER,2023-08-27,2024-08-26,LP,N,2292.22,2292.22,VALID,VALID,Clarke & Wright Insurance Services Ltd,11.72,2292.2400000000002,2024-07-22,2026-12-31 06:00:00
ALB-MOT-0000874,P0000989,,MOT,BROKER,2019-05-09,2020-05-08,LP,N,1070.86,1070.86,VALID,VALID,Williams & Hall Insurance Services Ltd,14.19,1070.8799999999999,2020-04-03,2026-12-31 06:00:00
ALB-MOT-0000888,P0000837,,MOT,DIRECT,2024-02-09,2025-02-08,RN,N,3635.4,3635.40,VALID,VALID,Smith & Davies Insurance Services Ltd,14.16,3635.4,2024-02-09,2026-12-31 06:00:00
ALB-MOT-0000889,P0000722,363,MOT,AGGREGATOR,2019-10-23,2020-10-22,EX,N,1053.38,1053.38,VALID,VALID,,,965.5799999999998,2020-09-17,2026-12-31 06:00:00
ALB-MOT-0000895,P0000790,,MOT,BROKER,2023-07-01,2024-06-30,IF,N,3177.87,3177.87,VALID,VALID,Baker & Brown Insurance Services Ltd,14.45,2648.2000000000003,2024-05-26,2026-12-31 06:00:00
ALB-MOT-0000898,P0001337,39,MOT,AGGREGATOR,2024-12-29,2025-12-29,IF,N,2225.18,2225.18,VALID,VALID,,,2225.1600000000003,2025-11-24,2026-12-31 06:00:00
ALB-MOT-0000902,P0001315,,MOT,AGGREGATOR,2019-06-12,2020-06-11,EX,N,1532.03,1532.03,VALID,VALID,Johnson & Hall Insurance Services Ltd,21.38,1532.0400000000002,2020-05-07,2026-12-31 06:00:00
ALB-MOT-0000907,P0002369,,MOT,BROKER,2023-02-24,2024-02-24,IF,N,3075.42,3075.42,VALID,VALID,Baker & Hughes Insurance Services Ltd,12.55,3075.42,2023-02-24,2026-12-31 06:00:00
ALB-MOT-0000914,P0000269,196,MOT,DIRECT,2024-01-26,2025-01-25,LP,N,1236.3,1236.30,VALID,VALID,Hall & Khan Insurance Services Ltd,14.81,1236.24,2024-12-21,2026-12-31 06:00:00
ALB-MOT-0000929,P0002859,134,MOT,AGGREGATOR,2018-05-24,2019-05-24,RN,N,266.2,266.20,VALID,VALID,,,266.2,2018-05-24,2026-12-31 06:00:00
ALB-MOT-0000933,P0001452,430,MOT,BROKER,2026-07-02,2027-07-02,IF,Y,715.11,357.56,VALID,VALID,,,715.0800000000003,2027-05-28,2026-12-31 06:00:00
ALB-MOT-0000938,P0000829,,MOT,AGGREGATOR,2019-06-25,2020-06-24,EX,N,1074.97,1074.97,VALID,VALID,,,1074.97,2019-06-25,2026-12-31 06:00:00
ALB-MOT-0000940,P0001428,,MOT,BROKER,2021-05-06,2022-05-06,IF,N,1306.39,1306.39,VALID,VALID,,,1306.39,2021-05-06,2026-12-31 06:00:00
ALB-MOT-0000942,P0001611,292,MOT,AGGREGATOR,2019-10-15,2020-10-14,CN,N,1345.28,1345.28,VALID,VALID,,,1233.2099999999998,2020-09-09,2026-12-31 06:00:00
ALB-MOT-0000945,P0000031,45,MOT,BROKER,2026-09-05,2027-09-05,RN,N,1646.48,411.62,VALID,VALID,Green & Patel Insurance Services Ltd,10.9,1646.5200000000002,2027-08-01,2026-12-31 06:00:00
ALB-MOT-0000948,P0001760,,MOT,BROKER,2021-03-25,2022-03-25,EX,N,448.09,448.09,VALID,VALID,,,448.08000000000015,2022-02-18,2026-12-31 06:00:00
ALB-MOT-0000951,P0002529,397,MOT,BROKER,2026-05-16,2027-05-16,RN,N,3423.4,1996.98,INVALID,VALID,Davies & Taylor Insurance Services Ltd,14.09,3423.4,2026-05-16,2026-12-31 06:00:00
ALB-MOT-0000959,P0000012,,MOT,AGGREGATOR,2020-12-01,2021-12-01,EX,N,1831.58,1831.58,VALID,VALID,Khan & Smith Insurance Services Ltd,17.81,1373.67,2021-10-27,2026-12-31 06:00:00
ALB-MOT-0000961,P0000431,452,MOT,BROKER,2019-05-11,2020-05-10,LP,N,258.84,258.84,VALID,VALID,,,258.84,2019-05-11,2026-12-31 06:00:00
ALB-MOT-0000987,P0003020,,MOT,AGGREGATOR,2025-03-31,2026-03-31,LP,N,3558.54,3558.54,VALID,VALID,OBrien & Patel Insurance Services Ltd,14.2,3262.0500000000006,2026-02-24,2026-12-31 06:00:00
ALB-MOT-0001009,P0002525,,MOT,AGGREGATOR,2024-10-17,2025-10-17,RN,N,2358.87,2358.87,VALID,VALID,,,2358.87,2024-10-17,2026-12-31 06:00:00
ALB-MOT-0001025,P0000355,368,MOT,AGGREGATOR,2022-07-13,2023-07-13,RN,N,1189.09,1189.09,VALID,VALID,Johnson & Hughes Insurance Services Ltd,17.19,1189.09,2022-07-13,2026-12-31 06:00:00
ALB-MOT-0001026,P0002742,469,MOT,BROKER,2023-08-28,2024-08-27,LP,N,2057.09,2057.09,VALID,VALID,Clarke & Davies Insurance Services Ltd,10.43,2057.0400000000004,2024-07-23,2026-12-31 06:00:00
ALB-MOT-0001029,P0001600,459,MOT,BROKER,2021-06-29,2022-06-29,IF,N,3773.89,3773.89,VALID,VALID,Taylor & Walker Insurance Services Ltd,13.94,3773.879999999999,2022-05-25,2026-12-31 06:00:00
ALB-MOT-0001031,P0002293,,MOT,BROKER,2018-07-22,2019-07-22,LP,N,1569.56,1569.56,VALID,VALID,,,,,2026-12-31 06:00:00
ALB-MOT-0001032,P0000478,368,MOT,BROKER,2018-05-02,2019-05-02,IF,N,3670.56,3670.56,VALID,VALID,,,3670.56,2018-05-02,2026-12-31 06:00:00
ALB-MOT-0001052,P0000864,,MOT,DIRECT,2021-03-09,2022-03-09,EX,N,915.98,915.98,VALID,VALID,Green & Patel Insurance Services Ltd,10.9,763.3000000000001,2022-02-02,2026-12-31 06:00:00
ALB-MOT-0001053,P0000762,,MOT,DIRECT,2021-05-22,2022-05-22,RN,N,1972.82,1972.82,VALID,VALID,,,1972.8000000000004,2022-04-17,2026-12-31 06:00:00
ALB-MOT-0001054,P0003100,,MOT,DIRECT,2019-12-16,2020-12-15,IF,N,1527.32,1527.32,VALID,VALID,Murphy & Johnson Insurance Services Ltd,12.64,1400.08,2020-10-11,2026-12-31 06:00:00
ALB-MOT-0001058,P0000321,348,MOT,DIRECT,2020-07-14,2021-07-14,RN,N,2344.99,2344.99,VALID,VALID,Hall & Brown Insurance Services Ltd,13.16,2149.6200000000003,2021-06-09,2026-12-31 06:00:00
ALB-MOT-0001062,P0001723,167,MOT,BROKER,2025-07-05,2026-07-05,LP,N,2334.47,2334.47,VALID,VALID,Williams & Williams Insurance Services Ltd,18.19,2334.47,2025-07-05,2026-12-31 06:00:00
ALB-MOT-0001066,P0002820,,MOT,BROKER,2018-01-30,2019-01-30,RN,N,1103.29,1103.29,VALID,VALID,,,1103.2800000000002,2018-12-26,2026-12-31 06:00:00
ALB-MOT-0001071,P0000384,345,MOT,DIRECT,2021-04-11,2022-04-11,RN,N,3150.57,3150.57,VALID,VALID,Wilson & Johnson Insurance Services Ltd,21.61,3150.57,2021-04-11,2026-12-31 06:00:00
ALB-MOT-0001072,P0001271,,MOT,BROKER,2018-04-26,2019-04-26,LP,N,3657.6,3657.60,VALID,VALID,,,3657.6,2018-04-26,2026-12-31 06:00:00
ALB-MOT-0001077,P0001265,,MOT,BROKER,2018-07-12,2019-07-12,LP,N,2298.97,2298.97,VALID,VALID,,,2298.9599999999996,2019-06-07,2026-12-31 06:00:00
ALB-MOT-0001089,P0000945,91,MOT,DIRECT,2021-01-20,2022-01-20,CN,N,1052.3,1052.30,VALID,VALID,,,964.5900000000001,2021-12-16,2026-12-31 06:00:00
ALB-MOT-0001090,P0002243,,MOT,BROKER,2023-08-14,2024-08-13,IF,N,2843.82,2843.82,VALID,VALID,,,2843.82,2023-08-14,2026-12-31 06:00:00
ALB-MOT-0001092,P0002508,,MOT,BROKER,2024-05-21,2025-05-21,LP,N,3260.04,3260.04,VALID,VALID,,,3260.04,2024-05-21,2026-12-31 06:00:00
ALB-MOT-0001094,P0002694,,MOT,BROKER,2019-10-03,2020-10-02,EX,N,219.21,219.21,VALID,VALID,Khan & Smith Insurance Services Ltd,17.81,219.24000000000004,2020-08-28,2026-12-31 06:00:00
ALB-MOT-0001097,P0000183,,MOT,AGGREGATOR,2026-03-10,2027-03-10,IF,N,3110.39,2332.79,VALID,VALID,Clarke & Wright Insurance Services Ltd,11.72,3110.39,2026-03-10,2026-12-31 06:00:00
ALB-MOT-0001098,P0001822,,MOT,BROKER,2026-12-28,2027-12-28,LP,N,1873.06,0.00,INVALID,VALID,Hall & Patel Insurance Services Ltd,13.7,1873.0799999999997,2027-11-23,2026-12-31 06:00:00
ALB-MOT-0001099,P0003177,,MOT,DIRECT,2022-12-13,2023-12-13,CN,N,1422.18,1422.18,VALID,VALID,,,1422.18,2022-12-13,2026-12-31 06:00:00
ALB-MOT-0001112,P0002584,31,MOT,BROKER,2019-08-08,2020-08-07,RN,N,1093.73,1093.73,VALID,VALID,Hall & Murphy Insurance Services Ltd,10.45,1093.68,2020-07-03,2026-12-31 06:00:00
ALB-MOT-0001113,P0002488,183,MOT,AGGREGATOR,2018-10-15,2019-10-15,IF,N,1384.65,1384.65,INVALID,VALID,Khan & Smith Insurance Services Ltd,17.81,1384.6800000000003,2019-09-10,2026-12-31 06:00:00
ALB-MOT-0001114,P0000690,418,MOT,AGGREGATOR,2022-09-02,2023-09-02,EX,N,1194.45,1194.45,VALID,VALID,Hall & Patel Insurance Services Ltd,13.7,1194.45,2022-09-02,2026-12-31 06:00:00
ALB-MOT-0001125,P0002627,,MOT,BROKER,2026-02-05,2027-02-05,IF,Y,3666.23,3055.19,VALID,VALID,Brown & Jones Insurance Services Ltd,10.15,3055.2,2027-01-01,2026-12-31 06:00:00
ALB-MOT-0001126,P0001676,101,MOT,BROKER,2020-08-09,2021-08-09,IF,N,1227.75,1227.75,VALID,VALID,Baker & Hughes Insurance Services Ltd,12.55,1227.75,2020-08-09,2026-12-31 06:00:00
ALB-MOT-0001132,P0001522,186,MOT,DIRECT,2023-06-22,2024-06-21,IF,N,945.05,945.05,VALID,VALID,Green & Murphy Insurance Services Ltd,11.43,945.05,2023-06-22,2026-12-31 06:00:00
ALB-MOT-0001134,P0002658,,MOT,BROKER,2024-10-25,2025-10-25,EX,N,2312.4,2312.40,VALID,VALID,,,2312.4,2025-09-20,2026-12-31 06:00:00
ALB-MOT-0001155,P0000047,112,MOT,DIRECT,2026-11-12,2027-11-12,CN,N,1632.21,136.02,VALID,VALID,Baker & Wright Insurance Services Ltd,22.1,1632.21,2026-11-12,2026-12-31 06:00:00
ALB-MOT-0001165,P0001872,323,MOT,DIRECT,2026-02-07,2027-02-07,CN,N,1474.19,1228.49,VALID,VALID,Davies & Green Insurance Services Ltd,7.72,1474.19,2026-02-07,2026-12-31 06:00:00
ALB-MOT-0001168,P0000118,,MOT,BROKER,2023-01-09,2024-01-09,RN,N,2068.88,2068.88,VALID,VALID,Davies & Wright Insurance Services Ltd,13.6,,,2026-12-31 06:00:00
ALB-MOT-0001170,P0000578,,MOT,DIRECT,2024-10-03,2025-10-03,IF,N,844.08,844.08,VALID,VALID,Smith & Walker Insurance Services Ltd,18.79,703.4000000000002,2025-08-29,2026-12-31 06:00:00
ALB-MOT-0001179,P0002517,,MOT,DIRECT,2022-04-26,2023-04-26,LP,N,3795.52,3795.52,VALID,VALID,Clarke & Wright Insurance Services Ltd,9.41,3795.52,2022-04-26,2026-12-31 06:00:00
ALB-MOT-0001189,P0000778,,MOT,BROKER,2019-12-29,2020-12-28,IF,N,781.54,781.54,VALID,VALID,,,781.56,2020-11-23,2026-12-31 06:00:00
ALB-MOT-0001193,P0002737,14,MOT,DIRECT,2026-11-08,2027-11-08,CN,N,3911.78,325.98,VALID,VALID,,,3585.78,2027-10-04,2026-12-31 06:00:00
ALB-MOT-0001198,P0000992,,MOT,BROKER,2022-04-04,2023-04-04,EX,N,339.22,339.22,VALID,VALID,,,339.24,2023-02-28,2026-12-31 06:00:00
ALB-MOT-0001217,P0002832,,MOT,BROKER,2022-05-12,2023-05-12,CN,N,556.31,556.31,VALID,VALID,Davies & Taylor Insurance Services Ltd,14.09,556.32,2023-04-07,2026-12-31 06:00:00
ALB-MOT-0001219,P0001613,216,MOT,BROKER,2023-01-05,2024-01-05,IF,N,2163.53,2163.53,VALID,VALID,Brown & Jones Insurance Services Ltd,10.15,2163.53,2023-01-05,2026-12-31 06:00:00
ALB-MOT-0001220,P0001223,377,MOT,DIRECT,2021-03-08,2022-03-08,IF,N,262.41,262.41,VALID,VALID,Smith & Brown Insurance Services Ltd,19.81,240.57000000000002,2022-02-01,2026-12-31 06:00:00
ALB-MOT-0001243,P0002069,,MOT,BROKER,2024-07-15,2025-07-15,IF,N,3613.35,3613.35,VALID,VALID,Johnson & Hughes Insurance Services Ltd,17.19,3613.320000000001,2025-06-10,2026-12-31 06:00:00
ALB-MOT-0001253,P0001295,,MOT,DIRECT,2026-05-17,2027-05-17,CN,N,268.13,156.41,VALID,VALID,Williams & Hall Insurance Services Ltd,14.19,268.13,2026-05-17,2026-12-31 06:00:00
ALB-MOT-0001262,P0000265,3,MOT,AGGREGATOR,2026-08-10,2027-08-10,IF,Y,1587.51,529.17,VALID,VALID,Wilson & Wright Insurance Services Ltd,7.87,1455.1899999999998,2027-07-06,2026-12-31 06:00:00
ALB-MOT-0001265,P0000932,28,MOT,DIRECT,2023-01-28,2024-01-28,IF,N,2355.71,2355.71,VALID,VALID,Davies & Brown Insurance Services Ltd,22.12,2355.72,2023-12-24,2026-12-31 06:00:00
ALB-MOT-0001276,P0001410,136,MOT,AGGREGATOR,2018-12-23,2019-12-23,CN,N,1450.59,1450.59,VALID,VALID,,,1450.59,2018-12-23,2026-12-31 06:00:00
ALB-MOT-0001277,P0001690,281,MOT,AGGREGATOR,2019-09-17,2020-09-16,IF,N,2545.07,2545.07,VALID,VALID,,,2332.99,2020-08-12,2026-12-31 06:00:00
ALB-MOT-0001285,P0000821,,MOT,DIRECT,2018-05-10,2019-05-10,IF,N,1685.46,1685.46,VALID,VALID,,,1685.5200000000002,2019-04-05,2026-12-31 06:00:00
ALB-MOT-0001296,P0001625,,MOT,BROKER,2026-06-29,2027-06-29,LP,N,3208.14,1604.07,VALID,VALID,Murphy & Johnson Insurance Services Ltd,12.64,3208.14,2026-06-29,2026-12-31 06:00:00
ALB-MOT-0001319,P0000325,277,MOT,BROKER,2026-10-24,2027-10-24,IF,N,831.34,138.56,VALID,VALID,Robinson & Brown Insurance Services Ltd,15.85,831.34,2026-10-24,2026-12-31 06:00:00
ALB-MOT-0001323,P0001890,,MOT,AGGREGATOR,2020-05-11,2021-05-11,EX,N,4092.0,4092.00,VALID,VALID,Wilson & OBrien Insurance Services Ltd,9.12,4092.0,2021-04-06,2026-12-31 06:00:00
ALB-MOT-0001324,P0002066,410,MOT,AGGREGATOR,2026-04-26,2027-04-26,RN,N,236.48,157.65,VALID,VALID,,,236.52000000000007,2027-03-22,2026-12-31 06:00:00
ALB-MOT-0001334,P0002719,,MOT,DIRECT,2026-11-23,2027-11-23,IF,Y,639.01,53.25,VALID,VALID,,,639.0,2027-10-19,2026-12-31 06:00:00
ALB-MOT-0001347,P0001069,,MOT,BROKER,2020-04-12,2021-04-12,EX,N,2137.51,2137.51,VALID,VALID,,,1959.4300000000003,2021-03-08,2026-12-31 06:00:00
ALB-MOT-0001348,P0001255,,MOT,BROKER,2022-09-08,2023-09-08,IF,N,4020.4,4020.40,VALID,VALID,Davies & Davies Insurance Services Ltd,17.73,4020.4,2022-09-08,2026-12-31 06:00:00
ALB-MOT-0001350,P0000717,86,MOT,AGGREGATOR,2025-04-19,2026-04-19,IF,N,2365.02,2365.02,INVALID,VALID,Smith & Davies Insurance Services Ltd,14.16,,,2026-12-31 06:00:00
ALB-MOT-0001354,P0003052,,MOT,AGGREGATOR,2023-09-29,2024-09-28,CN,N,366.59,366.59,VALID,VALID,,,366.59,2023-09-29,2026-12-31 06:00:00
ALB-MOT-0001358,P0000433,485,MOT,AGGREGATOR,2024-04-05,2025-04-05,IF,N,2328.99,2328.99,VALID,VALID,Smith & Davies Insurance Services Ltd,14.16,2328.99,2024-04-05,2026-12-31 06:00:00
ALB-MOT-0001359,P0001858,,MOT,BROKER,2024-11-05,2025-11-05,IF,N,3799.53,3799.53,VALID,VALID,Walker & OBrien Insurance Services Ltd,10.5,3482.9300000000007,2025-10-01,2026-12-31 06:00:00
ALB-MOT-0001360,P0002736,,MOT,BROKER,2025-12-10,2026-12-10,IF,N,745.17,745.17,VALID,VALID,,,745.2000000000002,2026-11-05,2026-12-31 06:00:00
ALB-MOT-0001363,P0000900,384,MOT,DIRECT,2018-06-21,2019-06-21,IF,N,207.72,207.72,VALID,VALID,Williams & Hall Insurance Services Ltd,14.19,173.1,2019-05-17,2026-12-31 06:00:00
ALB-MOT-0001365,P0002577,266,MOT,DIRECT,2024-08-25,2025-08-25,IF,N,3203.12,3203.12,VALID,VALID,Taylor & Murphy Insurance Services Ltd,20.48,3203.12,2024-08-25,2026-12-31 06:00:00
ALB-MOT-0001389,P0001282,283,MOT,BROKER,2021-12-26,2022-12-26,IF,N,2293.9,2293.90,VALID,VALID,Smith & Davies Insurance Services Ltd,14.16,2293.9,2021-12-26,2026-12-31 06:00:00
ALB-MOT-0001400,P0000804,132,MOT,DIRECT,2022-11-11,2023-11-11,IF,N,2581.58,2581.58,VALID,VALID,Hall & Wright Insurance Services Ltd,8.65,2366.4300000000007,2023-10-07,2026-12-31 06:00:00
ALB-MOT-0001413,P0003085,250,MOT,BROKER,2018-04-11,2019-04-11,IF,N,891.41,891.41,VALID,VALID,,,891.41,2018-04-11,2026-12-31 06:00:00
ALB-MOT-0001419,P0002636,,MOT,DIRECT,2025-02-05,2026-02-05,IF,N,3689.61,3689.61,VALID,VALID,,,3689.61,2025-02-05,2026-12-31 06:00:00
ALB-MOT-0001420,P0001264,,MOT,BROKER,2021-06-09,2022-06-09,IF,N,3859.57,3859.57,VALID,VALID,Walker & Wright Insurance Services Ltd,10.74,3859.560000000001,2022-05-05,2026-12-31 06:00:00
ALB-MOT-0001424,P0001022,203,MOT,BROKER,2018-12-07,2019-12-07,IF,N,3994.83,3994.83,VALID,VALID,Green & Murphy Insurance Services Ltd,11.43,3994.83,2018-12-07,2026-12-31 06:00:00
ALB-MOT-0001425,P0002176,324,MOT,DIRECT,2021-12-09,2022-12-09,EX,N,2531.24,2531.24,VALID,VALID,,,2531.24,2021-12-09,2026-12-31 06:00:00
ALB-MOT-0001427,P0001522,186,MOT,BROKER,2018-10-20,2019-10-20,IF,N,2534.37,2534.37,VALID,VALID,,,2534.3999999999996,2019-09-15,2026-12-31 06:00:00
ALB-MOT-0001431,P0002663,148,MOT,BROKER,2022-12-14,2023-12-14,LP,N,1111.85,1111.85,VALID,VALID,,,1111.8,2023-11-09,2026-12-31 06:00:00
ALB-MOT-0001437,P0001099,,MOT,AGGREGATOR,2018-04-25,2019-04-25,RN,N,3099.89,3099.89,VALID,VALID,Patel & Wilson Insurance Services Ltd,12.84,2583.2000000000003,2019-03-21,2026-12-31 06:00:00
ALB-MOT-0001450,P0000090,111,MOT,BROKER,2019-03-12,2020-03-11,IF,N,4115.32,4115.32,VALID,VALID,Davies & Hughes Insurance Services Ltd,15.18,4115.28,2020-02-05,2026-12-31 06:00:00
ALB-MOT-0001452,P0002201,309,MOT,BROKER,2021-04-25,2022-04-25,LP,N,1757.7,1757.70,VALID,VALID,,,1611.17,2022-03-21,2026-12-31 06:00:00
ALB-MOT-0001456,P0002653,323,MOT,BROKER,2022-01-30,2023-01-30,EX,N,2181.02,2181.02,VALID,VALID,,,2181.02,2022-01-30,2026-12-31 06:00:00
ALB-MOT-0001461,P0000599,301,MOT,BROKER,2019-11-14,2020-11-13,LP,N,2313.2,2313.20,VALID,VALID,Johnson & Hall Insurance Services Ltd,21.38,2313.2,2019-11-14,2026-12-31 06:00:00
ALB-MOT-0001462,P0002000,,MOT,BROKER,2026-08-08,2027-08-08,RN,N,3700.61,1233.54,VALID,VALID,Johnson & Murphy Insurance Services Ltd,21.31,3083.8000000000006,2027-07-04,2026-12-31 06:00:00
ALB-MOT-0001464,P0000585,102,MOT,BROKER,2018-03-30,2019-03-30,EX,N,4186.12,4186.12,VALID,VALID,Wilson & Wright Insurance Services Ltd,17.86,4186.12,2018-03-30,2026-12-31 06:00:00
ALB-MOT-0001466,P0002106,,MOT,BROKER,2024-02-11,2025-02-10,IF,N,3301.05,3301.05,VALID,VALID,Smith & Clarke Insurance Services Ltd,17.33,3301.05,2024-02-11,2026-12-31 06:00:00
ALB-MOT-0001473,P0001413,,MOT,BROKER,2018-12-08,2019-12-08,IF,N,2867.06,2867.06,VALID,VALID,,,2867.0400000000004,2019-11-03,2026-12-31 06:00:00
ALB-MOT-0001476,P0002995,,MOT,BROKER,2019-10-03,2020-10-02,IF,N,963.57,963.57,VALID,VALID,,,963.57,2019-10-03,2026-12-31 06:00:00
ALB-MOT-0001482,P0002568,,MOT,DIRECT,2020-11-07,2021-11-07,IF,N,547.87,547.87,VALID,VALID,Davies & Brown Insurance Services Ltd,22.12,547.9199999999998,2021-10-03,2026-12-31 06:00:00
ALB-MOT-0001494,P0000390,,MOT,BROKER,2018-03-08,2019-03-08,IF,N,2245.04,2245.04,VALID,VALID,Baker & Brown Insurance Services Ltd,14.45,2245.04,2018-03-08,2026-12-31 06:00:00
ALB-MOT-0001500,P0001317,,MOT,DIRECT,2020-02-23,2021-02-22,EX,N,580.51,580.51,VALID,VALID,,,580.51,2020-02-23,2026-12-31 06:00:00
ALB-MOT-0001502,P0001800,18,MOT,BROKER,2022-11-11,2023-11-11,IF,N,1477.07,1477.07,VALID,VALID,,,1477.07,2022-11-11,2026-12-31 06:00:00
ALB-MOT-0001514,P0001435,,MOT,BROKER,2023-08-16,2024-08-15,IF,N,192.92,192.92,VALID,VALID,,,192.95999999999992,2024-07-11,2026-12-31 06:00:00
ALB-MOT-0001520,P0000744,27,MOT,DIRECT,2021-03-22,2022-03-22,IF,N,3036.8,3036.80,VALID,VALID,,,3036.8,2021-03-22,2026-12-31 06:00:00
ALB-MOT-0001522,P0002094,,MOT,DIRECT,2026-08-14,2027-08-14,IF,N,1855.03,618.34,VALID,VALID,,,1855.03,2026-08-14,2026-12-31 06:00:00
ALB-MOT-0001530,P0002115,,MOT,BROKER,2025-01-29,2026-01-29,IF,N,2755.79,2755.79,VALID,VALID,Smith & Clarke Insurance Services Ltd,17.33,2755.8000000000006,2025-12-25,2026-12-31 06:00:00
ALB-MOT-0001532,P0001079,426,MOT,BROKER,2026-02-11,2027-02-11,IF,Y,1375.93,1146.61,VALID,VALID,,,1261.26,2027-01-07,2026-12-31 06:00:00
ALB-MOT-0001534,P0000816,440,MOT,BROKER,2025-09-02,2026-09-02,RN,N,1695.57,1695.57,VALID,VALID,Wilson & OBrien Insurance Services Ltd,9.12,1695.5999999999997,2026-07-29,2026-12-31 06:00:00
ALB-MOT-0001537,P0001527,215,MOT,AGGREGATOR,2019-10-23,2020-10-22,IF,N,3505.03,3505.03,VALID,VALID,,,3505.0800000000004,2020-09-17,2026-12-31 06:00:00
ALB-MOT-0001540,P0001486,,MOT,BROKER,2022-03-24,2023-03-24,CN,N,924.54,924.54,VALID,VALID,,,847.5499999999998,2023-02-17,2026-12-31 06:00:00
ALB-MOT-0001552,P0002013,,MOT,DIRECT,2020-08-27,2021-08-27,RN,N,1034.62,1034.62,VALID,VALID,Wilson & Wright Insurance Services Ltd,17.86,948.4200000000002,2021-07-23,2026-12-31 06:00:00
ALB-MOT-0001554,P0000928,90,MOT,BROKER,2023-12-17,2024-12-16,RN,N,1814.37,1814.37,VALID,VALID,Williams & Baker Insurance Services Ltd,16.38,1814.4000000000003,2024-11-11,2026-12-31 06:00:00
ALB-MOT-0001555,P0003006,145,MOT,BROKER,2023-01-02,2024-01-02,IF,N,1276.07,1276.07,VALID,VALID,Baker & Wright Insurance Services Ltd,22.1,1276.07,2023-01-02,2026-12-31 06:00:00
ALB-MOT-0001561,P0000262,306,MOT,AGGREGATOR,2020-07-27,2021-07-27,EX,N,3773.06,3773.06,VALID,VALID,,,3458.6200000000003,2021-06-22,2026-12-31 06:00:00
ALB-MOT-0001564,P0001968,,MOT,BROKER,2026-04-27,2027-04-27,EX,N,2142.72,1428.48,VALID,VALID,,,1964.1599999999996,2027-03-23,2026-12-31 06:00:00
ALB-MOT-0001565,P0002297,,MOT,DIRECT,2022-04-23,2023-04-23,LP,N,1900.53,1900.53,VALID,VALID,,,1900.53,2022-04-23,2026-12-31 06:00:00
ALB-MOT-0001577,P0001943,130,MOT,BROKER,2026-10-18,2027-10-18,IF,Y,1732.41,288.74,VALID,VALID,Hughes & Wright Insurance Services Ltd,8.65,1588.0699999999997,2027-09-13,2026-12-31 06:00:00
ALB-MOT-0001579,P0002092,,MOT,BROKER,2026-10-21,2027-10-21,EX,N,2378.26,396.38,VALID,VALID,,,2378.28,2027-09-16,2026-12-31 06:00:00
ALB-MOT-0001580,P0002163,,MOT,DIRECT,2019-04-06,2020-04-05,IF,N,1325.24,1325.24,VALID,VALID,Williams & Williams Insurance Services Ltd,18.19,1325.24,2019-04-06,2026-12-31 06:00:00
ALB-MOT-0001582,P0002845,,MOT,BROKER,2024-04-24,2025-04-24,LP,N,1513.91,1513.91,VALID,VALID,,,1513.92,2025-03-20,2026-12-31 06:00:00
ALB-MOT-0001584,P0001462,,MOT,BROKER,2021-05-13,2022-05-13,CN,N,873.95,873.95,VALID,VALID,,,873.95,2021-05-13,2026-12-31 06:00:00
ALB-MOT-0001604,P0001058,,MOT,BROKER,2026-09-12,2027-09-12,IF,Y,3258.83,814.71,VALID,VALID,,,3258.8400000000006,2027-08-08,2026-12-31 06:00:00
ALB-MOT-0001605,P0000884,60,MOT,DIRECT,2022-10-06,2023-10-06,LP,N,3059.12,3059.12,INVALID,VALID,,,3059.12,2022-10-06,2026-12-31 06:00:00
ALB-MOT-0001606,P0000226,276,MOT,AGGREGATOR,2018-09-13,2019-09-13,IF,N,1951.34,1951.34,VALID,VALID,Green & Murphy Insurance Services Ltd,11.43,1951.34,2018-09-13,2026-12-31 06:00:00
ALB-MOT-0001612,P0002927,,MOT,DIRECT,2018-07-03,2019-07-03,RN,N,3350.28,3350.28,VALID,VALID,Brown & Davies Insurance Services Ltd,14.49,3071.09,2019-05-29,2026-12-31 06:00:00
ALB-MOT-0001613,P0001435,,MOT,BROKER,2022-11-24,2023-11-24,EX,N,3346.63,3346.63,VALID,VALID,Clarke & Davies Insurance Services Ltd,10.43,3346.63,2022-11-24,2026-12-31 06:00:00
ALB-MOT-0001636,P0002542,132,MOT,DIRECT,2023-09-27,2024-09-26,IF,N,4004.34,4004.34,VALID,VALID,,,4004.34,2023-09-27,2026-12-31 06:00:00
ALB-MOT-0001647,P0002263,302,MOT,AGGREGATOR,2019-01-07,2020-01-07,IF,N,1735.2,1735.20,VALID,VALID,OBrien & Patel Insurance Services Ltd,14.2,1735.2,2019-01-07,2026-12-31 06:00:00
ALB-MOT-0001653,P0002398,,MOT,BROKER,2023-11-19,2024-11-18,LP,N,3399.45,3399.45,VALID,VALID,,,3399.45,2023-11-19,2026-12-31 06:00:00
ALB-MOT-0001654,P0000477,106,MOT,AGGREGATOR,2020-11-17,2021-11-17,EX,N,3954.18,3954.18,VALID,VALID,Robinson & Brown Insurance Services Ltd,15.85,3954.18,2020-11-17,2026-12-31 06:00:00
ALB-MOT-0001656,P0001484,,MOT,DIRECT,2024-09-05,2025-09-05,LP,N,1340.59,1340.59,VALID,VALID,Patel & Wilson Insurance Services Ltd,12.84,1340.64,2025-08-01,2026-12-31 06:00:00
ALB-MOT-0001667,P0000551,197,MOT,DIRECT,2026-05-29,2027-05-29,LP,N,542.98,316.74,VALID,VALID,Johnson & Murphy Insurance Services Ltd,21.31,543.0,2027-04-24,2026-12-31 06:00:00
ALB-MOT-0001684,P0000750,,MOT,AGGREGATOR,2023-08-10,2024-08-09,LP,N,3110.28,3110.28,VALID,VALID,Hall & Hall Insurance Services Ltd,9.1,3110.28,2024-07-05,2026-12-31 06:00:00
ALB-MOT-0001685,P0000054,102,MOT,DIRECT,2026-06-29,2027-06-29,IF,N,3714.87,1857.44,VALID,VALID,Clarke & Wright Insurance Services Ltd,11.72,3714.87,2026-06-29,2026-12-31 06:00:00
ALB-MOT-0001696,P0002826,,MOT,AGGREGATOR,2020-08-27,2021-08-27,CN,N,3110.87,3110.87,VALID,VALID,Hall & Murphy Insurance Services Ltd,10.45,3110.87,2020-08-27,2026-12-31 06:00:00
ALB-MOT-0001697,P0001265,,MOT,DIRECT,2024-11-28,2025-11-28,LP,N,1296.59,1296.59,VALID,VALID,,,1296.59,2024-11-28,2026-12-31 06:00:00
ALB-MOT-0001700,P0000901,165,MOT,DIRECT,2025-01-16,2026-01-16,IF,N,586.08,586.08,VALID,VALID,Clarke & Wright Insurance Services Ltd,9.41,537.2400000000001,2025-12-12,2026-12-31 06:00:00
ALB-MOT-0001703,P0000253,79,MOT,BROKER,2018-04-15,2019-04-15,IF,N,899.15,899.15,VALID,VALID,,,899.1600000000003,2019-03-11,2026-12-31 06:00:00
ALB-MOT-0001707,P0000377,85,MOT,DIRECT,2021-09-08,2022-09-08,RN,N,2199.67,2199.67,VALID,VALID,Davies & Wright Insurance Services Ltd,13.6,2016.4099999999996,2022-08-04,2026-12-31 06:00:00
ALB-MOT-0001715,P0000518,294,MOT,DIRECT,2026-05-03,2027-05-03,EX,N,1447.93,965.29,VALID,VALID,Murphy & Johnson Insurance Services Ltd,12.64,1206.6,2027-03-29,2026-12-31 06:00:00
ALB-MOT-0001721,P0003074,480,MOT,BROKER,2022-10-22,2023-10-22,EX,N,3338.23,3338.23,VALID,VALID,Walker & OBrien Insurance Services Ltd,10.5,3338.23,2022-10-22,2026-12-31 06:00:00
ALB-MOT-0001738,P0000429,285,MOT,AGGREGATOR,2023-08-27,2024-08-26,RN,N,3699.49,3699.49,VALID,VALID,Hall & Hall Insurance Services Ltd,9.1,3082.9,2024-07-22,2026-12-31 06:00:00
ALB-MOT-0001751,P0002831,16,MOT,AGGREGATOR,2022-10-20,2023-10-20,LP,N,3425.47,3425.47,VALID,VALID,,,3140.06,2023-09-15,2026-12-31 06:00:00
ALB-MOT-0001753,P0001542,206,MOT,BROKER,2023-11-13,2024-11-12,LP,N,1671.21,1671.21,VALID,VALID,Patel & Taylor Insurance Services Ltd,13.95,1671.24,2024-10-08,2026-12-31 06:00:00
ALB-MOT-0001756,P0002488,183,MOT,AGGREGATOR,2022-03-28,2023-03-28,EX,N,3299.69,3299.69,INVALID,VALID,Green & Patel Insurance Services Ltd,10.9,3024.670000000001,2023-02-21,2026-12-31 06:00:00
ALB-MOT-0001778,P0002592,,MOT,BROKER,2026-11-24,2027-11-24,IF,Y,2900.19,241.68,VALID,VALID,,,2900.19,2026-11-24,2026-12-31 06:00:00
ALB-MOT-0001787,P0002756,118,MOT,BROKER,2020-09-20,2021-09-20,LP,N,1036.47,1036.47,VALID,VALID,Smith & Davies Insurance Services Ltd,14.16,1036.47,2020-09-20,2026-12-31 06:00:00
ALB-MOT-0001799,P0002195,273,MOT,BROKER,2026-08-27,2027-08-27,LP,N,1657.81,552.60,VALID,VALID,,,1519.6500000000003,2027-07-23,2026-12-31 06:00:00
ALB-MOT-0001803,P0002644,,MOT,BROKER,2026-03-14,2027-03-14,IF,Y,3917.92,2938.44,VALID,VALID,Walker & OBrien Insurance Services Ltd,10.5,3917.879999999999,2027-02-07,2026-12-31 06:00:00
ALB-MOT-0001805,P0002270,293,MOT,DIRECT,2021-11-12,2022-11-12,RN,N,3406.49,3406.49,VALID,VALID,Taylor & Wilson Insurance Services Ltd,14.3,3122.5699999999993,2022-10-08,2026-12-31 06:00:00
ALB-MOT-0001813,P0000595,399,MOT,BROKER,2019-04-01,2020-03-31,RN,N,3062.04,3062.04,VALID,VALID,Johnson & Hughes Insurance Services Ltd,17.19,3062.04,2019-04-01,2026-12-31 06:00:00
ALB-MOT-0001821,P0000830,122,MOT,DIRECT,2025-09-18,2026-09-18,IF,N,4084.36,4084.36,VALID,VALID,Johnson & Murphy Insurance Services Ltd,17.99,4084.36,2025-09-18,2026-12-31 06:00:00
ALB-MOT-0001841,P0002239,,MOT,DIRECT,2023-08-16,2024-08-15,RN,N,3402.92,3402.92,VALID,VALID,,,3402.92,2023-08-16,2026-12-31 06:00:00
ALB-MOT-0001843,P0001897,,MOT,AGGREGATOR,2024-06-13,2025-06-13,IF,N,497.72,497.72,VALID,VALID,,,373.32,2025-04-09,2026-12-31 06:00:00
ALB-MOT-0001844,P0000040,,MOT,DIRECT,2018-03-18,2019-03-18,IF,N,2138.46,2138.46,VALID,VALID,,,2138.52,2019-02-11,2026-12-31 06:00:00
ALB-MOT-0001848,P0000971,458,MOT,AGGREGATOR,2026-02-12,2027-02-12,EX,N,1285.75,1071.46,VALID,VALID,Taylor & Johnson Insurance Services Ltd,17.25,1285.75,2026-02-12,2026-12-31 06:00:00
ALB-MOT-0001852,P0002257,218,MOT,BROKER,2020-04-07,2021-04-07,IF,N,1750.31,1750.31,VALID,VALID,Smith & Walker Insurance Services Ltd,18.79,1750.3200000000006,2021-03-03,2026-12-31 06:00:00
ALB-MOT-0001864,P0001289,98,MOT,BROKER,2021-04-03,2022-04-03,RN,N,2741.28,2741.28,VALID,VALID,Johnson & Murphy Insurance Services Ltd,17.99,2512.84,2022-02-27,2026-12-31 06:00:00
ALB-MOT-0001867,P0001065,,MOT,BROKER,2018-11-10,2019-11-10,IF,N,3644.39,3644.39,VALID,VALID,Wilson & Johnson Insurance Services Ltd,21.61,3036.9999999999995,2019-10-06,2026-12-31 06:00:00
ALB-MOT-0001870,P0001342,,MOT,BROKER,2026-12-10,2027-12-10,LP,N,2950.4,0.00,VALID,VALID,,,2950.4,2026-12-10,2026-12-31 06:00:00
ALB-MOT-0001871,P0003119,,MOT,BROKER,2020-09-20,2021-09-20,EX,N,1867.71,1867.71,VALID,VALID,,,1867.6799999999994,2021-08-16,2026-12-31 06:00:00
ALB-MOT-0001872,P0000309,,MOT,BROKER,2025-05-14,2026-05-14,IF,N,413.95,413.95,VALID,VALID,,,379.5,2026-04-09,2026-12-31 06:00:00
ALB-MOT-0001877,P0001033,,MOT,DIRECT,2024-03-11,2025-03-11,RN,N,2396.79,2396.79,VALID,VALID,Johnson & Hughes Insurance Services Ltd,17.19,2396.7599999999998,2025-02-04,2026-12-31 06:00:00
ALB-MOT-0001880,P0002664,,MOT,BROKER,2022-04-04,2023-04-04,IF,N,2408.03,2408.03,VALID,VALID,Patel & Wilson Insurance Services Ltd,12.84,2408.03,2022-04-04,2026-12-31 06:00:00
ALB-MOT-0001893,P0001323,395,MOT,DIRECT,2025-06-13,2026-06-13,LP,N,611.26,611.26,VALID,VALID,,,611.26,2025-06-13,2026-12-31 06:00:00
ALB-MOT-0001895,P0002319,,MOT,BROKER,2024-08-09,2025-08-09,RN,N,2422.02,2422.02,VALID,VALID,Walker & Wright Insurance Services Ltd,10.74,2018.3999999999996,2025-07-05,2026-12-31 06:00:00
ALB-MOT-0001903,P0001929,393,MOT,BROKER,2022-12-18,2023-12-18,CN,N,1630.6,1630.60,VALID,VALID,Hall & Wright Insurance Services Ltd,8.65,1630.6,2022-12-18,2026-12-31 06:00:00
ALB-MOT-0001904,P0000293,338,MOT,DIRECT,2025-12-16,2026-12-16,IF,N,3980.95,3980.95,VALID,VALID,OBrien & Patel Insurance Services Ltd,14.2,3980.95,2025-12-16,2026-12-31 06:00:00
ALB-MOT-0001906,P0002197,203,MOT,DIRECT,2018-02-08,2019-02-08,LP,N,3922.86,3922.86,VALID,VALID,,,3922.9199999999996,2019-01-04,2026-12-31 06:00:00
ALB-MOT-0001913,P0000240,261,MOT,AGGREGATOR,2020-04-19,2021-04-19,IF,N,1154.85,1154.85,VALID,VALID,,,1154.8799999999999,2021-03-15,2026-12-31 06:00:00
ALB-MOT-0001914,P0001823,,MOT,BROKER,2026-12-25,2027-12-25,EX,N,2075.61,0.00,VALID,VALID,,,2075.64,2027-11-20,2026-12-31 06:00:00
ALB-MOT-0001922,P0000798,371,MOT,DIRECT,2019-04-20,2020-04-19,LP,N,823.99,823.99,VALID,VALID,Wilson & Wright Insurance Services Ltd,17.86,755.3699999999999,2020-03-15,2026-12-31 06:00:00
ALB-MOT-0001925,P0001940,212,MOT,BROKER,2021-08-17,2022-08-17,EX,N,3024.89,3024.89,VALID,VALID,Patel & Clarke Insurance Services Ltd,9.04,3024.84,2022-07-13,2026-12-31 06:00:00
ALB-MOT-0001931,P0001420,,MOT,BROKER,2019-03-27,2020-03-26,IF,N,3895.21,3895.21,VALID,VALID,,,3570.5999999999995,2020-02-20,2026-12-31 06:00:00
ALB-MOT-0001934,P0001548,,MOT,BROKER,2022-09-21,2023-09-21,IF,N,3003.99,3003.99,VALID,VALID,Taylor & Wilson Insurance Services Ltd,14.3,3003.99,2022-09-21,2026-12-31 06:00:00
ALB-MOT-0001949,P0002545,148,MOT,AGGREGATOR,2020-10-10,2021-10-10,RN,N,1701.57,1701.57,VALID,VALID,,,1701.5999999999997,2021-09-05,2026-12-31 06:00:00
ALB-MOT-0001957,P0000165,350,MOT,AGGREGATOR,2021-06-24,2022-06-24,IF,N,2920.17,2920.17,VALID,VALID,,,2676.8499999999995,2022-04-20,2026-12-31 06:00:00
ALB-MOT-0001971,P0000186,167,MOT,DIRECT,2026-10-12,2027-10-12,RN,N,1078.29,179.72,VALID,VALID,Baker & Williams Insurance Services Ltd,17.61,1078.32,2027-09-07,2026-12-31 06:00:00
ALB-MOT-0001981,P0001507,,MOT,DIRECT,2021-02-02,2022-02-02,EX,N,1561.38,1561.38,VALID,VALID,,,1561.38,2021-02-02,2026-12-31 06:00:00
ALB-MOT-0001988,P0000071,415,MOT,BROKER,2020-04-23,2021-04-23,IF,N,2395.19,2395.19,VALID,VALID,OBrien & Patel Insurance Services Ltd,14.2,2195.5999999999995,2021-03-19,2026-12-31 06:00:00
ALB-MOT-0001989,P0000341,346,MOT,DIRECT,2020-08-12,2021-08-12,IF,N,3483.57,3483.57,VALID,VALID,Hall & Khan Insurance Services Ltd,14.81,3193.3000000000006,2021-07-08,2026-12-31 06:00:00
ALB-MOT-0001992,P0001969,312,MOT,BROKER,2025-01-02,2026-01-02,RN,N,1840.88,1840.88,VALID,VALID,Hall & Murphy Insurance Services Ltd,10.45,1840.88,2025-01-02,2026-12-31 06:00:00
ALB-MOT-0001994,P0002352,,MOT,BROKER,2018-12-20,2019-12-20,EX,N,697.41,697.41,VALID,VALID,,,639.3199999999999,2019-11-15,2026-12-31 06:00:00
ALB-MOT-0001999,P0001389,31,MOT,AGGREGATOR,2026-05-25,2027-05-25,IF,Y,3512.17,2048.77,VALID,VALID,,,3512.1599999999994,2027-04-20,2026-12-31 06:00:00
ALB-MOT-0002001,P0000077,,MOT,BROKER,2023-11-29,2024-11-28,IF,N,1312.88,1312.88,VALID,VALID,Williams & Baker Insurance Services Ltd,16.38,1312.88,2023-11-29,2026-12-31 06:00:00
ALB-MOT-0002010,P0000988,223,MOT,DIRECT,2018-05-16,2019-05-16,IF,N,4019.07,4019.07,VALID,VALID,Wilson & Wright Insurance Services Ltd,7.87,3684.1200000000003,2019-04-11,2026-12-31 06:00:00
ALB-MOT-0002018,P0000418,35,MOT,BROKER,2019-08-12,2020-08-11,RN,N,3491.09,3491.09,VALID,VALID,Taylor & Murphy Insurance Services Ltd,20.48,3200.1200000000003,2020-07-07,2026-12-31 06:00:00
ALB-MOT-0002034,P0003060,,MOT,BROKER,2020-02-27,2021-02-26,IF,N,947.3,947.30,VALID,VALID,Khan & Davies Insurance Services Ltd,12.18,868.3400000000001,2021-01-22,2026-12-31 06:00:00
ALB-MOT-0002044,P0000634,134,MOT,BROKER,2020-04-26,2021-04-26,RN,N,1839.8,1839.80,VALID,VALID,Patel & Wilson Insurance Services Ltd,12.84,1839.8399999999995,2021-03-22,2026-12-31 06:00:00
ALB-MOT-0002051,P0001573,,MOT,DIRECT,2020-08-08,2021-08-08,IF,N,1247.89,1247.89,VALID,VALID,Taylor & Johnson Insurance Services Ltd,17.25,1247.89,2020-08-08,2026-12-31 06:00:00
ALB-MOT-0002054,P0002092,,MOT,DIRECT,2022-07-18,2023-07-18,IF,N,4093.93,4093.93,VALID,VALID,Davies & Taylor Insurance Services Ltd,14.09,4093.9199999999996,2023-06-13,2026-12-31 06:00:00
ALB-MOT-0002059,P0001950,,MOT,BROKER,2022-08-06,2023-08-06,RN,N,2627.03,2627.03,VALID,VALID,,,2408.1200000000003,2023-07-02,2026-12-31 06:00:00
ALB-MOT-0002062,P0001632,,MOT,BROKER,2019-08-04,2020-08-03,IF,N,1835.14,1835.14,INVALID,VALID,Walker & Wright Insurance Services Ltd,10.74,1835.14,2019-08-04,2026-12-31 06:00:00
ALB-MOT-0002065,P0002161,144,MOT,BROKER,2024-10-22,2025-10-22,IF,N,3297.56,3297.56,VALID,VALID,Brown & Davies Insurance Services Ltd,14.49,3297.56,2024-10-22,2026-12-31 06:00:00
ALB-MOT-0002067,P0002501,,MOT,DIRECT,2023-01-04,2024-01-04,IF,N,680.01,680.01,VALID,VALID,Williams & Baker Insurance Services Ltd,16.38,680.04,2023-11-30,2026-12-31 06:00:00
ALB-MOT-0002077,P0002343,,MOT,BROKER,2020-12-12,2021-12-12,EX,N,2300.55,2300.55,INVALID,VALID,Brown & Davies Insurance Services Ltd,14.49,2300.55,2020-12-12,2026-12-31 06:00:00
ALB-MOT-0002080,P0002089,267,MOT,BROKER,2018-12-26,2019-12-26,CN,N,2353.54,2353.54,VALID,VALID,Jones & Robinson Insurance Services Ltd,21.97,2353.5600000000004,2019-11-21,2026-12-31 06:00:00
ALB-MOT-0002089,P0000643,472,MOT,BROKER,2026-12-11,2027-12-11,RN,N,1961.3,0.00,VALID,VALID,,,1961.3,2026-12-11,2026-12-31 06:00:00
ALB-MOT-0002090,P0001939,324,MOT,BROKER,2024-10-28,2025-10-28,IF,N,4009.2,4009.20,VALID,VALID,Wilson & Johnson Insurance Services Ltd,21.61,4009.2,2024-10-28,2026-12-31 06:00:00
ALB-MOT-0002094,P0000191,206,MOT,DIRECT,2024-10-17,2025-10-17,RN,N,2606.88,2606.88,VALID,VALID,Johnson & Murphy Insurance Services Ltd,21.31,2606.88,2024-10-17,2026-12-31 06:00:00
ALB-MOT-0002119,P0000398,225,MOT,BROKER,2018-12-16,2019-12-16,EX,N,1650.54,1650.54,VALID,VALID,,,1650.4799999999998,2019-11-11,2026-12-31 06:00:00
ALB-MOT-0002122,P0002911,,MOT,AGGREGATOR,2025-12-11,2026-12-11,IF,N,1910.93,1910.93,VALID,VALID,,,1910.93,2025-12-11,2026-12-31 06:00:00
ALB-MOT-0002130,P0001588,,MOT,BROKER,2026-12-13,2027-12-13,LP,N,2590.39,0.00,VALID,VALID,Hall & Wright Insurance Services Ltd,8.65,2590.439999999999,2027-11-08,2026-12-31 06:00:00
ALB-MOT-0002134,P0002666,480,MOT,DIRECT,2024-10-21,2025-10-21,CN,N,3213.47,3213.47,VALID,VALID,Davies & Taylor Insurance Services Ltd,14.09,3213.48,2025-09-16,2026-12-31 06:00:00
ALB-MOT-0002136,P0001146,,MOT,BROKER,2021-08-20,2022-08-20,IF,N,1581.31,1581.31,VALID,VALID,,,1581.31,2021-08-20,2026-12-31 06:00:00
ALB-MOT-0002145,P0000868,229,MOT,BROKER,2018-12-23,2019-12-23,IF,N,714.51,714.51,VALID,VALID,Davies & Wright Insurance Services Ltd,13.6,595.4,2019-11-18,2026-12-31 06:00:00
ALB-MOT-0002150,P0000214,436,MOT,BROKER,2025-05-15,2026-05-15,IF,N,2271.73,2271.73,VALID,VALID,Wilson & Wright Insurance Services Ltd,7.87,2271.72,2026-04-10,2026-12-31 06:00:00
ALB-MOT-0002161,P0001746,199,MOT,AGGREGATOR,2018-07-26,2019-07-26,RN,N,3027.9,3027.90,VALID,VALID,Hughes & Wright Insurance Services Ltd,8.65,3027.9,2018-07-26,2026-12-31 06:00:00
ALB-MOT-0002172,P0001690,281,MOT,DIRECT,2026-06-10,2027-06-10,RN,N,3026.3,1513.15,VALID,VALID,Smith & Walker Insurance Services Ltd,18.79,3026.3,2026-06-10,2026-12-31 06:00:00
ALB-MOT-0002173,P0002930,,MOT,BROKER,2025-02-19,2026-02-19,IF,N,541.26,541.26,VALID,VALID,Khan & Davies Insurance Services Ltd,12.18,541.26,2025-02-19,2026-12-31 06:00:00
ALB-MOT-0002176,P0002533,175,MOT,BROKER,2025-12-09,2026-12-09,LP,N,3911.6,3911.60,VALID,VALID,,,3911.6,2025-12-09,2026-12-31 06:00:00
ALB-MOT-0002184,P0001566,250,MOT,BROKER,2021-08-21,2022-08-21,CN,N,213.91,213.91,VALID,VALID,,,213.91,2021-08-21,2026-12-31 06:00:00
ALB-MOT-0002186,P0000150,430,MOT,BROKER,2025-10-12,2026-10-12,LP,N,2056.41,2056.41,VALID,VALID,,,2056.41,2025-10-12,2026-12-31 06:00:00
ALB-MOT-0002190,P0002536,28,MOT,BROKER,2022-01-07,2023-01-07,IF,N,3608.91,3608.91,VALID,VALID,,,3007.3999999999996,2022-11-03,2026-12-31 06:00:00
ALB-MOT-0002202,P0000932,28,MOT,BROKER,2021-11-15,2022-11-15,IF,N,3199.81,3199.81,VALID,VALID,OBrien & Green Insurance Services Ltd,17.85,3199.81,2021-11-15,2026-12-31 06:00:00
ALB-MOT-0002208,P0000953,,MOT,DIRECT,2018-04-07,2019-04-07,CN,N,2713.06,2713.06,VALID,VALID,OBrien & Green Insurance Services Ltd,17.85,2486.99,2019-03-03,2026-12-31 06:00:00
ALB-MOT-0002220,P0001061,,MOT,DIRECT,2018-09-12,2019-09-12,IF,N,1199.29,1199.29,VALID,VALID,,,1199.2800000000002,2019-08-08,2026-12-31 06:00:00
ALB-MOT-0002229,P0000507,,MOT,BROKER,2020-07-02,2021-07-02,EX,N,3416.22,3416.22,VALID,VALID,,,3131.59,2021-05-28,2026-12-31 06:00:00
ALB-MOT-0002230,P0000764,128,MOT,DIRECT,2026-08-19,2027-08-19,IF,Y,3768.96,1256.32,INVALID,VALID,,,3454.8799999999997,2027-06-15,2026-12-31 06:00:00
ALB-MOT-0002235,P0002278,,MOT,AGGREGATOR,2018-08-23,2019-08-23,RN,N,1709.74,1709.74,VALID,VALID,Jones & Baker Insurance Services Ltd,8.84,1709.74,2018-08-23,2026-12-31 06:00:00
ALB-MOT-0002238,P0000588,,MOT,AGGREGATOR,2022-01-25,2023-01-25,IF,N,2421.28,2421.28,VALID,VALID,Davies & Brown Insurance Services Ltd,22.12,2421.28,2022-01-25,2026-12-31 06:00:00
ALB-MOT-0002252,P0002158,,MOT,AGGREGATOR,2023-05-03,2024-05-02,CN,N,4002.57,4002.57,VALID,VALID,Taylor & Murphy Insurance Services Ltd,20.48,3669.0500000000006,2024-03-28,2026-12-31 06:00:00
ALB-MOT-0002254,P0000789,,MOT,AGGREGATOR,2024-02-07,2025-02-06,RN,N,3376.93,3376.93,VALID,VALID,,,3095.5099999999998,2025-01-02,2026-12-31 06:00:00
ALB-MOT-0002261,P0000953,,MOT,BROKER,2024-07-25,2025-07-25,IF,N,3271.74,3271.74,VALID,VALID,Hall & Brown Insurance Services Ltd,13.16,3271.74,2024-07-25,2026-12-31 06:00:00
ALB-MOT-0002263,P0000314,437,MOT,BROKER,2026-05-12,2027-05-12,RN,N,2953.84,1723.07,VALID,VALID,Smith & Brown Insurance Services Ltd,19.81,2707.6500000000005,2027-04-07,2026-12-31 06:00:00
ALB-MOT-0002282,P0000493,26,MOT,BROKER,2020-12-15,2021-12-15,EX,N,4124.02,4124.02,VALID,VALID,,,4124.02,2020-12-15,2026-12-31 06:00:00
ALB-MOT-0002290,P0002142,,MOT,AGGREGATOR,2021-06-18,2022-06-18,CN,N,3211.82,3211.82,VALID,VALID,Murphy & Johnson Insurance Services Ltd,12.64,2944.1500000000005,2022-05-14,2026-12-31 06:00:00
ALB-MOT-0002298,P0000804,132,MOT,DIRECT,2024-09-19,2025-09-19,IF,N,813.05,813.05,VALID,VALID,,,813.05,2024-09-19,2026-12-31 06:00:00
ALB-MOT-0002311,P0002970,487,MOT,DIRECT,2022-12-27,2023-12-27,IF,N,1730.55,1730.55,VALID,VALID,Hall & Brown Insurance Services Ltd,13.16,1586.3100000000002,2023-11-22,2026-12-31 06:00:00
ALB-MOT-0002313,P0001858,,MOT,BROKER,2022-11-04,2023-11-04,IF,N,2555.22,2555.22,VALID,VALID,,,2555.16,2023-09-30,2026-12-31 06:00:00
ALB-MOT-0002315,P0000667,199,MOT,BROKER,2018-05-29,2019-05-29,EX,N,1865.9,1865.90,VALID,VALID,Clarke & Wright Insurance Services Ltd,9.41,1865.9,2018-05-29,2026-12-31 06:00:00
ALB-MOT-0002316,P0001033,,MOT,DIRECT,2023-05-29,2024-05-28,CN,N,1298.15,1298.15,VALID,VALID,,,1298.1600000000005,2024-04-23,2026-12-31 06:00:00
ALB-MOT-0002323,P0003012,,MOT,BROKER,2024-05-13,2025-05-13,IF,N,638.04,638.04,VALID,VALID,,,638.04,2024-05-13,2026-12-31 06:00:00
ALB-MOT-0002335,P0000887,93,MOT,AGGREGATOR,2018-03-25,2019-03-25,RN,N,3121.39,3121.39,VALID,VALID,Wilson & Wright Insurance Services Ltd,7.87,3121.439999999999,2019-02-18,2026-12-31 06:00:00
ALB-MOT-0002342,P0000869,250,MOT,DIRECT,2025-09-15,2026-09-15,RN,N,3271.02,3271.02,VALID,VALID,Baker & Brown Insurance Services Ltd,14.45,3270.9599999999996,2026-08-11,2026-12-31 06:00:00
ALB-MOT-0002353,P0000970,281,MOT,DIRECT,2020-01-06,2021-01-05,LP,N,3662.85,3662.85,INVALID,VALID,Hall & Murphy Insurance Services Ltd,10.45,3357.6399999999994,2020-12-01,2026-12-31 06:00:00
ALB-MOT-0002366,P0001184,232,MOT,BROKER,2024-04-07,2025-04-07,RN,N,2192.62,2192.62,VALID,VALID,,,2009.92,2025-03-03,2026-12-31 06:00:00
ALB-MOT-0002373,P0002355,63,MOT,DIRECT,2023-04-16,2024-04-15,RN,N,1282.06,1282.06,VALID,VALID,Taylor & Murphy Insurance Services Ltd,20.48,1175.24,2024-03-11,2026-12-31 06:00:00
ALB-MOT-0002376,P0001942,451,MOT,DIRECT,2025-08-09,2026-08-09,IF,N,2893.84,2893.84,VALID,VALID,Davies & Green Insurance Services Ltd,7.72,2893.84,2025-08-09,2026-12-31 06:00:00
ALB-MOT-0002377,P0003117,,MOT,AGGREGATOR,2018-05-05,2019-05-05,LP,N,2287.47,2287.47,VALID,VALID,Smith & Davies Insurance Services Ltd,14.16,2287.47,2018-05-05,2026-12-31 06:00:00
ALB-MOT-0002385,P0000323,,MOT,BROKER,2022-05-26,2023-05-26,EX,N,686.12,686.12,VALID,VALID,Davies & Green Insurance Services Ltd,7.72,686.1599999999999,2023-04-21,2026-12-31 06:00:00
ALB-MOT-0002386,P0002954,348,MOT,BROKER,2025-07-08,2026-07-08,IF,N,2980.48,2980.48,VALID,VALID,,,,,2026-12-31 06:00:00
ALB-MOT-0002388,P0002461,,MOT,BROKER,2018-11-05,2019-11-05,IF,N,514.91,514.91,VALID,VALID,Taylor & Wilson Insurance Services Ltd,14.3,514.91,2018-11-05,2026-12-31 06:00:00
ALB-MOT-0002397,P0000457,49,MOT,AGGREGATOR,2022-02-26,2023-02-26,EX,N,1535.9,1535.90,VALID,VALID,,,1407.8899999999999,2023-01-22,2026-12-31 06:00:00
ALB-MOT-0002400,P0000510,242,MOT,BROKER,2023-03-17,2024-03-16,IF,N,2241.52,2241.52,VALID,VALID,Taylor & Wilson Insurance Services Ltd,14.3,2241.52,2023-03-17,2026-12-31 06:00:00
ALB-MOT-0002405,P0000745,427,MOT,BROKER,2020-12-04,2021-12-04,EX,N,4139.21,4139.21,VALID,VALID,OBrien & Patel Insurance Services Ltd,14.2,3794.229999999999,2021-10-30,2026-12-31 06:00:00
ALB-MOT-0002406,P0001035,,MOT,AGGREGATOR,2020-10-31,2021-10-31,RN,N,3858.4,3858.40,VALID,VALID,Khan & Davies Insurance Services Ltd,12.18,3858.3599999999988,2021-09-26,2026-12-31 06:00:00
ALB-MOT-0002410,P0002991,,MOT,AGGREGATOR,2019-09-11,2020-09-10,RN,N,2044.45,2044.45,VALID,VALID,Davies & Wright Insurance Services Ltd,13.6,2044.4399999999996,2020-08-06,2026-12-31 06:00:00
ALB-MOT-0002411,P0002770,,MOT,BROKER,2020-12-18,2021-12-18,EX,N,1098.62,1098.62,VALID,VALID,,,1098.5999999999997,2021-11-13,2026-12-31 06:00:00
ALB-MOT-0002421,P0001493,,MOT,BROKER,2019-09-25,2020-09-24,IF,N,2665.01,2665.01,VALID,VALID,Green & Murphy Insurance Services Ltd,11.43,2665.01,2019-09-25,2026-12-31 06:00:00
ALB-MOT-0002435,P0000512,379,MOT,AGGREGATOR,2021-09-12,2022-09-12,EX,N,2792.3,2792.30,VALID,VALID,Patel & Wilson Insurance Services Ltd,12.84,2792.28,2022-08-08,2026-12-31 06:00:00
ALB-MOT-0002436,P0001247,,MOT,BROKER,2026-04-23,2027-04-23,IF,N,768.61,512.41,INVALID,VALID,,,768.61,2026-04-23,2026-12-31 06:00:00
ALB-MOT-0002449,P0002557,106,MOT,AGGREGATOR,2019-12-16,2020-12-15,IF,N,3707.15,3707.15,VALID,VALID,Williams & Baker Insurance Services Ltd,16.38,3707.1599999999994,2020-11-10,2026-12-31 06:00:00
ALB-MOT-0002451,P0001171,,MOT,BROKER,2023-02-21,2024-02-21,LP,N,2955.27,2955.27,VALID,VALID,Clarke & Davies Insurance Services Ltd,10.43,2955.2400000000002,2024-01-17,2026-12-31 06:00:00
ALB-MOT-0002454,P0001426,498,MOT,BROKER,2026-11-16,2027-11-16,CN,N,1717.85,143.15,VALID,VALID,,,1717.85,2026-11-16,2026-12-31 06:00:00
ALB-MOT-0002482,P0001784,,MOT,BROKER,2022-04-19,2023-04-19,IF,N,653.53,653.53,VALID,VALID,Clarke & Davies Insurance Services Ltd,10.43,653.52,2023-03-15,2026-12-31 06:00:00
ALB-MOT-0002489,P0001939,324,MOT,BROKER,2021-05-20,2022-05-20,CN,N,597.83,597.83,VALID,VALID,Green & Murphy Insurance Services Ltd,11.43,597.84,2022-04-15,2026-12-31 06:00:00
ALB-MOT-0002491,P0003047,,MOT,BROKER,2025-03-09,2026-03-09,CN,N,1337.53,1337.53,VALID,VALID,,,1337.5200000000002,2026-02-02,2026-12-31 06:00:00
ALB-MOT-0002507,P0001266,,MOT,BROKER,2023-09-13,2024-09-12,IF,N,3514.2,3514.20,VALID,VALID,Williams & Hall Insurance Services Ltd,14.19,3514.2,2023-09-13,2026-12-31 06:00:00
ALB-MOT-0002509,P0002693,129,MOT,BROKER,2021-08-26,2022-08-26,CN,N,905.87,905.87,VALID,VALID,Brown & Davies Insurance Services Ltd,14.49,905.88,2022-07-22,2026-12-31 06:00:00
ALB-MOT-0002517,P0001228,300,MOT,AGGREGATOR,2022-12-08,2023-12-08,RN,N,3132.87,3132.87,VALID,VALID,Wilson & Wright Insurance Services Ltd,17.86,3132.8400000000006,2023-11-03,2026-12-31 06:00:00
ALB-MOT-0002521,P0001118,,MOT,DIRECT,2025-10-11,2026-10-11,IF,N,3527.19,3527.19,INVALID,VALID,,,3527.1599999999994,2026-09-06,2026-12-31 06:00:00
ALB-MOT-0002525,P0001966,,MOT,DIRECT,2018-05-25,2019-05-25,RN,N,754.96,754.96,VALID,VALID,,,754.9199999999997,2019-04-20,2026-12-31 06:00:00
ALB-MOT-0002535,P0000536,385,MOT,DIRECT,2020-11-14,2021-11-14,LP,N,3583.16,3583.16,VALID,VALID,,,3583.1999999999994,2021-10-10,2026-12-31 06:00:00
ALB-MOT-0002540,P0000253,79,MOT,BROKER,2024-02-29,2025-02-28,LP,N,3778.27,3778.27,VALID,VALID,,,3778.320000000001,2025-01-24,2026-12-31 06:00:00
ALB-MOT-0002541,P0000920,,MOT,BROKER,2026-08-29,2027-08-29,RN,N,396.93,132.31,VALID,VALID,Wilson & OBrien Insurance Services Ltd,9.12,396.93,2026-08-29,2026-12-31 06:00:00
ALB-MOT-0002546,P0001708,128,MOT,DIRECT,2025-05-17,2026-05-17,IF,N,744.1,744.10,VALID,VALID,Smith & Davies Insurance Services Ltd,14.16,744.1,2025-05-17,2026-12-31 06:00:00
ALB-MOT-0002553,P0001556,97,MOT,DIRECT,2024-08-20,2025-08-20,IF,N,323.92,323.92,VALID,VALID,,,323.92,2024-08-20,2026-12-31 06:00:00
ALB-MOT-0002562,P0002371,,MOT,DIRECT,2019-09-12,2020-09-11,RN,N,3832.83,3832.83,VALID,VALID,Green & Jones Insurance Services Ltd,21.44,3832.83,2019-09-12,2026-12-31 06:00:00
ALB-MOT-0002568,P0003120,,MOT,AGGREGATOR,2019-02-26,2020-02-26,IF,N,4131.43,4131.43,VALID,VALID,,,4131.43,2019-02-26,2026-12-31 06:00:00
ALB-MOT-0002589,P0002744,,MOT,BROKER,2025-09-19,2026-09-19,LP,N,2646.58,2646.58,INVALID,VALID,Smith & Walker Insurance Services Ltd,18.79,2426.05,2026-08-15,2026-12-31 06:00:00
ALB-MOT-0002591,P0001844,,MOT,DIRECT,2023-06-09,2024-06-08,EX,N,3796.98,3796.98,VALID,VALID,Davies & Wright Insurance Services Ltd,13.6,3797.0400000000004,2024-05-04,2026-12-31 06:00:00
ALB-MOT-0002592,P0001495,,MOT,DIRECT,2025-04-27,2026-04-27,EX,N,3193.51,3193.51,VALID,VALID,Jones & Baker Insurance Services Ltd,8.84,3193.560000000001,2026-03-23,2026-12-31 06:00:00
ALB-MOT-0002595,P0000816,440,MOT,BROKER,2019-08-01,2020-07-31,IF,N,2823.56,2823.56,VALID,VALID,,,2823.56,2019-08-01,2026-12-31 06:00:00
ALB-MOT-0002598,P0000418,35,MOT,DIRECT,2018-05-06,2019-05-06,CN,N,1968.45,1968.45,VALID,VALID,,,1804.4399999999998,2019-04-01,2026-12-31 06:00:00
ALB-MOT-0002601,P0002800,,MOT,BROKER,2020-03-26,2021-03-26,IF,N,4133.03,4133.03,VALID,VALID,,,4133.03,2020-03-26,2026-12-31 06:00:00
ALB-MOT-0002602,P0001337,39,MOT,AGGREGATOR,2022-09-23,2023-09-23,IF,N,421.83,421.83,VALID,VALID,Baker & Hughes Insurance Services Ltd,12.55,421.83,2022-09-23,2026-12-31 06:00:00
ALB-MOT-0002612,P0000944,316,MOT,DIRECT,2018-09-09,2019-09-09,RN,N,1343.07,1343.07,VALID,VALID,,,1343.07,2018-09-09,2026-12-31 06:00:00
ALB-MOT-0002617,P0000968,179,MOT,BROKER,2018-05-24,2019-05-24,LP,N,4153.02,4153.02,VALID,VALID,Hall & Baker Insurance Services Ltd,14.43,4153.080000000001,2019-04-19,2026-12-31 06:00:00
ALB-MOT-0002619,P0002369,,MOT,BROKER,2021-01-28,2022-01-28,IF,N,211.59,211.59,VALID,VALID,,,211.59,2021-01-28,2026-12-31 06:00:00
ALB-MOT-0002624,P0000210,256,MOT,AGGREGATOR,2021-03-20,2022-03-20,RN,N,1804.6,1804.60,VALID,VALID,,,1503.8000000000002,2022-02-13,2026-12-31 06:00:00
ALB-MOT-0002643,P0000451,449,MOT,BROKER,2026-08-21,2027-08-21,RN,N,3820.74,1273.58,VALID,VALID,,,3820.679999999999,2027-07-17,2026-12-31 06:00:00
ALB-MOT-0002649,P0003002,27,MOT,DIRECT,2026-02-19,2027-02-19,IF,N,2903.29,2419.41,VALID,VALID,Davies & Wright Insurance Services Ltd,13.6,2903.29,2026-02-19,2026-12-31 06:00:00
ALB-MOT-0002658,P0000244,,MOT,BROKER,2022-02-04,2023-02-04,IF,N,1443.19,1443.19,VALID,VALID,,,1443.19,2022-02-04,2026-12-31 06:00:00
ALB-MOT-0002659,P0001933,343,MOT,BROKER,2023-05-26,2024-05-25,IF,N,332.81,332.81,VALID,VALID,,,332.81,2023-05-26,2026-12-31 06:00:00
ALB-MOT-0002671,P0003112,59,MOT,DIRECT,2025-11-15,2026-11-15,LP,N,2114.36,2114.36,VALID,VALID,Johnson & Hall Insurance Services Ltd,21.38,2114.36,2025-11-15,2026-12-31 06:00:00
ALB-MOT-0002678,P0001651,142,MOT,BROKER,2020-11-11,2021-11-11,IF,N,1236.64,1236.64,VALID,VALID,Davies & Brown Insurance Services Ltd,22.12,1236.5999999999997,2021-10-07,2026-12-31 06:00:00
ALB-MOT-0002688,P0000537,51,MOT,BROKER,2018-06-11,2019-06-11,IF,N,1889.12,1889.12,VALID,VALID,Smith & Walker Insurance Services Ltd,18.79,1731.7300000000005,2019-05-07,2026-12-31 06:00:00
ALB-MOT-0002690,P0002618,,MOT,BROKER,2022-11-03,2023-11-03,LP,N,2460.48,2460.48,VALID,VALID,,,2460.48,2022-11-03,2026-12-31 06:00:00
ALB-MOT-0002691,P0002147,,MOT,DIRECT,2026-01-28,2027-01-28,EX,N,2785.4,2553.28,INVALID,VALID,Jones & Robinson Insurance Services Ltd,21.97,2785.4,2026-01-28,2026-12-31 06:00:00
ALB-MOT-0002692,P0000838,367,MOT,DIRECT,2021-12-17,2022-12-17,EX,N,205.43,205.43,VALID,VALID,,,205.43,2021-12-17,2026-12-31 06:00:00
ALB-MOT-0002703,P0000176,,MOT,BROKER,2025-11-21,2026-11-21,RN,N,1531.47,1531.47,VALID,VALID,Green & Jones Insurance Services Ltd,21.44,1276.1999999999998,2026-10-17,2026-12-31 06:00:00
ALB-MOT-0002704,P0001891,482,MOT,DIRECT,2025-03-31,2026-03-31,LP,N,1333.89,1333.89,VALID,VALID,,,1222.76,2026-02-24,2026-12-31 06:00:00
ALB-MOT-0002707,P0001454,,MOT,BROKER,2019-07-10,2020-07-09,EX,N,1760.99,1760.99,VALID,VALID,,,1614.25,2020-06-04,2026-12-31 06:00:00
ALB-MOT-0002716,P0000001,328,MOT,BROKER,2022-09-07,2023-09-07,IF,N,3377.63,3377.63,VALID,VALID,,,3096.170000000001,2023-08-03,2026-12-31 06:00:00
ALB-MOT-0002718,P0001309,430,MOT,DIRECT,2018-03-28,2019-03-28,IF,N,3731.16,3731.16,VALID,VALID,,,3731.1599999999994,2019-02-21,2026-12-31 06:00:00
ALB-MOT-0002725,P0001775,,MOT,BROKER,2026-02-27,2027-02-27,IF,N,2659.13,2215.94,VALID,VALID,,,2659.13,2026-02-27,2026-12-31 06:00:00
ALB-MOT-0002735,P0002277,,MOT,BROKER,2020-04-26,2021-04-26,IF,N,2062.97,2062.97,VALID,VALID,Baker & Clarke Insurance Services Ltd,20.14,2062.97,2020-04-26,2026-12-31 06:00:00
ALB-MOT-0002742,P0002353,,MOT,AGGREGATOR,2022-11-16,2023-11-16,IF,N,3069.73,3069.73,INVALID,VALID,Hall & Patel Insurance Services Ltd,13.7,2813.91,2023-10-12,2026-12-31 06:00:00
ALB-MOT-0002744,P0001819,344,MOT,DIRECT,2018-02-24,2019-02-24,IF,N,2643.76,2643.76,VALID,VALID,,,2643.76,2018-02-24,2026-12-31 06:00:00
ALB-MOT-0002745,P0002255,,MOT,BROKER,2019-09-19,2020-09-18,EX,N,3852.21,3852.21,VALID,VALID,Khan & Smith Insurance Services Ltd,17.81,3531.22,2020-08-14,2026-12-31 06:00:00
ALB-MOT-0002754,P0000953,,MOT,AGGREGATOR,2020-10-09,2021-10-09,RN,N,3742.02,3742.02,VALID,VALID,,,3742.02,2020-10-09,2026-12-31 06:00:00
ALB-MOT-0002755,P0002996,325,MOT,DIRECT,2025-08-15,2026-08-15,RN,N,536.73,536.73,VALID,VALID,Hughes & Wright Insurance Services Ltd,8.65,492.0300000000001,2026-07-11,2026-12-31 06:00:00
ALB-MOT-0002763,P0000634,134,MOT,AGGREGATOR,2025-12-23,2026-12-23,RN,N,3051.97,3051.97,VALID,VALID,,,3051.97,2025-12-23,2026-12-31 06:00:00
ALB-MOT-0002766,P0000058,360,MOT,BROKER,2020-01-12,2021-01-11,RN,N,1651.6,1651.60,VALID,VALID,Davies & Wright Insurance Services Ltd,13.6,1101.04,2020-10-08,2026-12-31 06:00:00
ALB-MOT-0002776,P0002194,418,MOT,BROKER,2021-01-01,2022-01-01,CN,N,1665.17,1665.17,VALID,VALID,Patel & Taylor Insurance Services Ltd,13.95,1665.12,2021-11-27,2026-12-31 06:00:00
ALB-MOT-0002783,P0000556,390,MOT,AGGREGATOR,2026-02-19,2027-02-19,LP,N,3107.41,2589.51,VALID,VALID,Green & Patel Insurance Services Ltd,10.9,2848.4499999999994,2027-01-15,2026-12-31 06:00:00
ALB-MOT-0002793,P0001986,,MOT,DIRECT,2018-01-06,2019-01-06,IF,N,2804.09,2804.09,VALID,VALID,Green & Murphy Insurance Services Ltd,11.43,2804.0400000000004,2018-12-02,2026-12-31 06:00:00
ALB-MOT-0002795,P0000048,266,MOT,BROKER,2021-09-21,2022-09-21,IF,N,510.0,510.00,VALID,VALID,Williams & Baker Insurance Services Ltd,16.38,510.0,2022-08-17,2026-12-31 06:00:00
ALB-MOT-0002809,P0001217,,MOT,AGGREGATOR,2018-04-10,2019-04-10,EX,N,2928.22,2928.22,VALID,VALID,,,2928.22,2018-04-10,2026-12-31 06:00:00
ALB-MOT-0002810,P0002220,,MOT,DIRECT,2023-04-28,2024-04-27,IF,N,621.86,621.86,VALID,VALID,,,621.8400000000001,2024-03-23,2026-12-31 06:00:00
ALB-MOT-0002820,P0001126,383,MOT,BROKER,2021-04-23,2022-04-23,CN,N,1847.25,1847.25,VALID,VALID,Davies & Wright Insurance Services Ltd,13.6,1847.2800000000004,2022-03-19,2026-12-31 06:00:00
ALB-MOT-0002824,P0000726,285,MOT,BROKER,2025-06-18,2026-06-18,RN,N,1876.14,1876.14,VALID,VALID,Green & Jones Insurance Services Ltd,21.44,1876.0799999999997,2026-05-14,2026-12-31 06:00:00
ALB-MOT-0002827,P0001928,371,MOT,AGGREGATOR,2020-09-14,2021-09-14,RN,N,931.49,931.49,VALID,VALID,,,853.82,2021-08-10,2026-12-31 06:00:00
ALB-MOT-0002832,P0002148,,MOT,BROKER,2023-11-27,2024-11-26,IF,N,1272.42,1272.42,INVALID,VALID,Patel & Taylor Insurance Services Ltd,13.95,1272.4799999999998,2024-10-22,2026-12-31 06:00:00
ALB-MOT-0002834,P0003148,322,MOT,AGGREGATOR,2022-07-02,2023-07-02,IF,N,2138.21,2138.21,VALID,VALID,Robinson & Brown Insurance Services Ltd,15.85,2138.21,2022-07-02,2026-12-31 06:00:00
ALB-MOT-0002835,P0000297,81,MOT,DIRECT,2020-09-08,2021-09-08,IF,N,3295.22,3295.22,VALID,VALID,Smith & Brown Insurance Services Ltd,19.81,2745.9999999999995,2021-08-04,2026-12-31 06:00:00
ALB-MOT-0002839,P0000287,456,MOT,BROKER,2024-07-19,2025-07-19,IF,N,2057.65,2057.65,VALID,VALID,,,1543.23,2025-06-14,2026-12-31 06:00:00
ALB-MOT-0002843,P0002255,,MOT,BROKER,2025-05-23,2026-05-23,RN,N,1519.72,1519.72,VALID,VALID,Taylor & Johnson Insurance Services Ltd,17.25,1393.0400000000002,2026-04-18,2026-12-31 06:00:00
ALB-MOT-0002848,P0003001,123,MOT,DIRECT,2024-04-07,2025-04-07,RN,N,2729.06,2729.06,VALID,VALID,Davies & Brown Insurance Services Ltd,22.12,2729.0400000000004,2025-03-03,2026-12-31 06:00:00
ALB-MOT-0002855,P0000431,452,MOT,BROKER,2020-10-20,2021-10-20,RN,N,3947.22,3947.22,VALID,VALID,,,3947.22,2020-10-20,2026-12-31 06:00:00
ALB-MOT-0002856,P0001095,139,MOT,DIRECT,2020-07-22,2021-07-22,EX,N,2989.96,2989.96,VALID,VALID,,,2989.96,2020-07-22,2026-12-31 06:00:00
ALB-MOT-0002857,P0002277,,MOT,DIRECT,2022-11-24,2023-11-24,RN,N,1291.8,1291.80,VALID,VALID,,,1291.8,2022-11-24,2026-12-31 06:00:00
ALB-MOT-0002859,P0001177,20,MOT,BROKER,2023-12-04,2024-12-03,IF,N,263.93,263.93,VALID,VALID,,,263.88000000000005,2024-10-29,2026-12-31 06:00:00
ALB-MOT-0002860,P0002742,469,MOT,AGGREGATOR,2021-10-24,2022-10-24,CN,N,253.59,253.59,VALID,VALID,,,232.42999999999998,2022-08-20,2026-12-31 06:00:00
ALB-MOT-0002864,P0001822,,MOT,AGGREGATOR,2024-08-30,2025-08-30,LP,N,1118.43,1118.43,INVALID,VALID,Clarke & Wright Insurance Services Ltd,9.41,1118.43,2024-08-30,2026-12-31 06:00:00
ALB-MOT-0002866,P0003076,,MOT,AGGREGATOR,2018-02-20,2019-02-20,EX,N,843.89,843.89,VALID,VALID,,,843.8399999999997,2019-01-16,2026-12-31 06:00:00
ALB-MOT-0002872,P0002663,148,MOT,BROKER,2022-04-01,2023-04-01,IF,N,1437.63,1437.63,VALID,VALID,Hall & Patel Insurance Services Ltd,13.7,1437.5999999999997,2023-02-25,2026-12-31 06:00:00
ALB-MOT-0002874,P0000950,106,MOT,BROKER,2018-02-21,2019-02-21,EX,N,2293.48,2293.48,VALID,VALID,Khan & Davies Insurance Services Ltd,12.18,2293.4399999999996,2019-01-17,2026-12-31 06:00:00
ALB-MOT-0002877,P0000215,,MOT,DIRECT,2018-09-23,2019-09-23,IF,N,4168.24,4168.24,VALID,VALID,Hall & Wright Insurance Services Ltd,8.65,4168.2,2019-08-19,2026-12-31 06:00:00
ALB-MOT-0002883,P0000147,455,MOT,BROKER,2026-05-20,2027-05-20,IF,N,1419.8,828.22,VALID,VALID,Williams & Baker Insurance Services Ltd,16.38,1419.8,2026-05-20,2026-12-31 06:00:00
ALB-MOT-0002887,P0002887,101,MOT,BROKER,2026-10-28,2027-10-28,IF,N,3486.2,581.03,VALID,VALID,Baker & Williams Insurance Services Ltd,17.61,3486.2,2026-10-28,2026-12-31 06:00:00
ALB-MOT-0002900,P0000742,78,MOT,AGGREGATOR,2026-08-18,2027-08-18,EX,N,3019.68,1006.56,VALID,VALID,,,3019.68,2026-08-18,2026-12-31 06:00:00
ALB-MOT-0002908,P0002946,181,MOT,DIRECT,2024-09-12,2025-09-12,EX,N,1707.22,1707.22,VALID,VALID,Davies & Brown Insurance Services Ltd,22.12,1564.97,2025-08-08,2026-12-31 06:00:00
ALB-MOT-0002909,P0001434,,MOT,BROKER,2021-12-17,2022-12-17,RN,N,3160.55,3160.55,VALID,VALID,Johnson & Murphy Insurance Services Ltd,21.31,2897.1800000000007,2022-11-12,2026-12-31 06:00:00
ALB-MOT-0002917,P0000222,,MOT,DIRECT,2021-08-04,2022-08-04,IF,N,1799.36,1799.36,VALID,VALID,,,1649.4500000000003,2022-05-31,2026-12-31 06:00:00
ALB-MOT-0002927,P0001930,333,MOT,AGGREGATOR,2025-04-01,2026-04-01,EX,N,1573.67,1573.67,VALID,VALID,Johnson & Hughes Insurance Services Ltd,17.19,1573.6799999999994,2026-02-25,2026-12-31 06:00:00
ALB-MOT-0002931,P0002333,159,MOT,AGGREGATOR,2020-03-16,2021-03-16,IF,N,790.43,790.43,VALID,VALID,Smith & Davies Insurance Services Ltd,14.16,790.44,2021-02-09,2026-12-31 06:00:00
ALB-MOT-0002947,P0000038,17,MOT,DIRECT,2025-07-12,2026-07-12,IF,N,279.94,279.94,VALID,VALID,Davies & Davies Insurance Services Ltd,17.73,256.62999999999994,2026-06-07,2026-12-31 06:00:00
ALB-MOT-0002953,P0000725,491,MOT,BROKER,2019-06-28,2020-06-27,RN,N,2053.16,2053.16,VALID,VALID,Smith & Brown Insurance Services Ltd,19.81,2053.1999999999994,2020-05-23,2026-12-31 06:00:00
ALB-MOT-0002955,P0000378,366,MOT,AGGREGATOR,2022-06-28,2023-06-28,IF,N,1620.15,1620.15,VALID,VALID,Taylor & Murphy Insurance Services Ltd,20.48,1620.12,2023-05-24,2026-12-31 06:00:00
ALB-MOT-0002963,P0000051,309,MOT,BROKER,2026-04-04,2027-04-04,IF,Y,1478.09,1108.57,VALID,VALID,Brown & Jones Insurance Services Ltd,10.15,1231.7,2027-02-28,2026-12-31 06:00:00
ALB-MOT-0002964,P0002737,14,MOT,DIRECT,2019-06-28,2020-06-27,IF,N,3113.55,3113.55,VALID,VALID,Patel & Clarke Insurance Services Ltd,9.04,3113.55,2019-06-28,2026-12-31 06:00:00
ALB-MOT-0002972,P0002202,,MOT,BROKER,2020-10-03,2021-10-03,IF,N,417.79,417.79,VALID,VALID,,,417.84,2021-08-29,2026-12-31 06:00:00
ALB-MOT-0002980,P0001245,42,MOT,BROKER,2024-02-17,2025-02-16,IF,N,329.74,329.74,VALID,VALID,Hall & Baker Insurance Services Ltd,14.43,274.79999999999995,2025-01-12,2026-12-31 06:00:00
ALB-MOT-0002987,P0000447,201,MOT,BROKER,2019-11-30,2020-11-29,IF,N,3674.81,3674.81,VALID,VALID,Brown & Jones Insurance Services Ltd,10.15,3674.76,2020-10-25,2026-12-31 06:00:00
ALB-MOT-0002988,P0002387,,MOT,DIRECT,2023-01-10,2024-01-10,LP,N,2461.12,2461.12,VALID,VALID,Hall & Baker Insurance Services Ltd,14.43,2461.12,2023-01-10,2026-12-31 06:00:00
ALB-MOT-0002989,P0002461,,MOT,AGGREGATOR,2022-10-01,2023-10-01,LP,N,1999.55,1999.55,VALID,VALID,Johnson & Murphy Insurance Services Ltd,21.31,1999.5600000000004,2023-08-27,2026-12-31 06:00:00
ALB-MOT-0003016,P0002993,,MOT,AGGREGATOR,2026-08-03,2027-08-03,IF,Y,2049.7,854.04,VALID,VALID,Hall & Khan Insurance Services Ltd,14.81,2049.72,2027-06-29,2026-12-31 06:00:00
ALB-MOT-0003018,P0000340,,MOT,BROKER,2020-07-28,2021-07-28,RN,N,991.52,991.52,VALID,VALID,Davies & Green Insurance Services Ltd,7.72,991.52,2020-07-28,2026-12-31 06:00:00
ALB-MOT-0003020,P0002053,,MOT,DIRECT,2018-12-14,2019-12-14,IF,N,3152.63,3152.63,VALID,VALID,Hall & Baker Insurance Services Ltd,14.43,3152.63,2018-12-14,2026-12-31 06:00:00
ALB-MOT-0003022,P0002216,279,MOT,BROKER,2022-05-18,2023-05-18,EX,N,2664.73,2664.73,VALID,VALID,Hall & Murphy Insurance Services Ltd,10.45,2664.72,2023-04-13,2026-12-31 06:00:00
ALB-MOT-0003030,P0003029,,MOT,AGGREGATOR,2022-07-19,2023-07-19,RN,N,2034.5,2034.50,VALID,VALID,Hall & Baker Insurance Services Ltd,14.43,2034.4799999999998,2023-06-14,2026-12-31 06:00:00
ALB-MOT-0003036,P0001587,321,MOT,BROKER,2024-02-04,2025-02-03,LP,N,1650.51,1650.51,VALID,VALID,Smith & Brown Insurance Services Ltd,19.81,1650.51,2024-02-04,2026-12-31 06:00:00
ALB-MOT-0003039,P0000082,82,MOT,DIRECT,2020-01-01,2020-12-31,IF,N,2467.76,2467.76,VALID,VALID,,,2467.8000000000006,2020-11-26,2026-12-31 06:00:00
ALB-MOT-0003041,P0000684,423,MOT,AGGREGATOR,2026-06-12,2027-06-12,EX,N,485.65,242.82,VALID,VALID,Hall & Murphy Insurance Services Ltd,10.45,485.65,2026-06-12,2026-12-31 06:00:00
ALB-MOT-0003054,P0002637,211,MOT,BROKER,2024-06-18,2025-06-18,RN,N,1274.77,1274.77,VALID,VALID,Patel & Taylor Insurance Services Ltd,13.95,1274.76,2025-05-14,2026-12-31 06:00:00
ALB-MOT-0003069,P0001937,,MOT,BROKER,2023-05-01,2024-04-30,IF,N,1805.27,1805.27,VALID,VALID,Green & Murphy Insurance Services Ltd,11.43,1654.8400000000004,2024-02-25,2026-12-31 06:00:00
ALB-MOT-0003072,P0000649,315,MOT,AGGREGATOR,2024-01-28,2025-01-27,RN,N,3563.8,3563.80,VALID,VALID,Williams & Williams Insurance Services Ltd,18.19,3563.76,2024-12-23,2026-12-31 06:00:00
ALB-MOT-0003098,P0001865,176,MOT,DIRECT,2018-02-19,2019-02-19,IF,N,245.69,245.69,VALID,VALID,Green & Jones Insurance Services Ltd,21.44,245.64,2019-01-15,2026-12-31 06:00:00
ALB-MOT-0003099,P0000372,244,MOT,BROKER,2025-02-21,2026-02-21,IF,N,2695.51,2695.51,VALID,VALID,,,2695.560000000001,2026-01-17,2026-12-31 06:00:00
ALB-MOT-0003107,P0002402,363,MOT,BROKER,2018-05-19,2019-05-19,IF,N,1742.19,1742.19,VALID,VALID,Hall & Patel Insurance Services Ltd,13.7,1742.1600000000005,2019-04-14,2026-12-31 06:00:00
ALB-MOT-0003116,P0001504,,MOT,BROKER,2025-10-08,2026-10-08,RN,N,1438.52,1438.52,VALID,VALID,Williams & Baker Insurance Services Ltd,16.38,1438.5600000000004,2026-09-03,2026-12-31 06:00:00
ALB-MOT-0003120,P0001738,286,MOT,BROKER,2026-01-18,2027-01-18,LP,N,3782.67,3467.45,VALID,VALID,,,3467.420000000001,2026-12-14,2026-12-31 06:00:00
ALB-MOT-0003125,P0000533,227,MOT,BROKER,2022-07-29,2023-07-29,EX,N,1300.56,1300.56,VALID,VALID,,,1300.56,2023-06-24,2026-12-31 06:00:00
ALB-MOT-0003128,P0001355,,MOT,BROKER,2019-10-30,2020-10-29,IF,N,3458.25,3458.25,VALID,VALID,,,3458.28,2020-09-24,2026-12-31 06:00:00
ALB-MOT-0003136,P0003121,364,MOT,BROKER,2023-02-03,2024-02-03,IF,N,2146.45,2146.45,VALID,VALID,Williams & Williams Insurance Services Ltd,18.19,2146.4399999999996,2023-12-30,2026-12-31 06:00:00
ALB-MOT-0003154,P0002588,165,MOT,DIRECT,2026-04-08,2027-04-08,CN,N,285.94,190.63,VALID,VALID,,,285.9599999999999,2027-03-04,2026-12-31 06:00:00
ALB-MOT-0003157,P0001767,,MOT,AGGREGATOR,2021-09-20,2022-09-20,RN,N,289.56,289.56,VALID,VALID,Baker & Williams Insurance Services Ltd,17.61,289.56,2022-08-16,2026-12-31 06:00:00
ALB-MOT-0003161,P0000642,,MOT,BROKER,2022-10-23,2023-10-23,IF,N,1341.55,1341.55,VALID,VALID,,,1341.55,2022-10-23,2026-12-31 06:00:00
ALB-MOT-0003168,P0000230,331,MOT,DIRECT,2021-07-31,2022-07-31,IF,N,3466.94,3466.94,VALID,VALID,Taylor & Walker Insurance Services Ltd,13.94,3178.0099999999998,2022-06-26,2026-12-31 06:00:00
ALB-MOT-0003193,P0001155,,MOT,BROKER,2019-10-13,2020-10-12,RN,N,1020.13,1020.13,VALID,VALID,Hughes & Wright Insurance Services Ltd,8.65,935.11,2020-09-07,2026-12-31 06:00:00
ALB-MOT-0003203,P0001509,206,MOT,DIRECT,2022-01-26,2023-01-26,IF,N,1236.17,1236.17,VALID,VALID,Hall & Baker Insurance Services Ltd,14.43,1236.17,2022-01-26,2026-12-31 06:00:00
ALB-MOT-0003212,P0002981,,MOT,BROKER,2025-03-09,2026-03-09,IF,N,2052.11,2052.11,VALID,VALID,,,2052.11,2025-03-09,2026-12-31 06:00:00
ALB-MOT-0003220,P0003166,,MOT,BROKER,2018-01-05,2019-01-05,IF,N,314.06,314.06,VALID,VALID,Taylor & Murphy Insurance Services Ltd,20.48,314.06,2018-01-05,2026-12-31 06:00:00
ALB-MOT-0003224,P0001109,,MOT,BROKER,2023-06-03,2024-06-02,EX,N,3164.36,3164.36,VALID,VALID,Smith & Davies Insurance Services Ltd,14.16,3164.399999999999,2024-04-28,2026-12-31 06:00:00
ALB-MOT-0003231,P0000929,347,MOT,DIRECT,2019-08-20,2020-08-19,EX,N,2264.24,2264.24,VALID,VALID,,,2075.59,2020-07-15,2026-12-31 06:00:00
ALB-MOT-0003232,P0002494,,MOT,DIRECT,2022-05-19,2023-05-19,RN,N,1451.68,1451.68,VALID,VALID,,,1451.68,2022-05-19,2026-12-31 06:00:00
ALB-MOT-0003239,P0000172,274,MOT,AGGREGATOR,2019-12-03,2020-12-02,CN,N,215.28,215.28,VALID,VALID,Johnson & Hall Insurance Services Ltd,21.38,215.28,2020-10-28,2026-12-31 06:00:00
ALB-MOT-0003242,P0000241,253,MOT,BROKER,2018-02-04,2019-02-04,LP,N,1055.96,1055.96,VALID,VALID,Taylor & Johnson Insurance Services Ltd,17.25,1056.0,2018-12-31,2026-12-31 06:00:00
ALB-MOT-0003244,P0002096,,MOT,AGGREGATOR,2021-10-01,2022-10-01,IF,N,1346.94,1346.94,VALID,VALID,Walker & Wright Insurance Services Ltd,10.74,1234.75,2022-08-27,2026-12-31 06:00:00
ALB-MOT-0003245,P0000227,135,MOT,AGGREGATOR,2022-06-02,2023-06-02,IF,N,1311.1,1311.10,VALID,VALID,Taylor & Wilson Insurance Services Ltd,14.3,1311.1200000000001,2023-04-28,2026-12-31 06:00:00
ALB-MOT-0003250,P0002519,,MOT,BROKER,2018-03-01,2019-03-01,IF,N,1353.47,1353.47,VALID,VALID,,,1353.47,2018-03-01,2026-12-31 06:00:00
ALB-MOT-0003251,P0002625,354,MOT,BROKER,2024-10-07,2025-10-07,IF,N,284.01,284.01,VALID,VALID,Williams & Williams Insurance Services Ltd,18.19,260.37000000000006,2025-09-02,2026-12-31 06:00:00
ALB-MOT-0003252,P0001119,,MOT,BROKER,2024-11-28,2025-11-28,IF,N,1580.4,1580.40,VALID,VALID,Patel & Wilson Insurance Services Ltd,12.84,,,2026-12-31 06:00:00
ALB-MOT-0003257,P0002138,,MOT,DIRECT,2022-10-02,2023-10-02,IF,N,2412.2,2412.20,VALID,VALID,Patel & Wilson Insurance Services Ltd,12.84,2412.2400000000002,2023-08-28,2026-12-31 06:00:00
ALB-MOT-0003266,P0002884,487,MOT,BROKER,2026-10-19,2027-10-19,IF,Y,2608.49,434.75,VALID,VALID,Robinson & Brown Insurance Services Ltd,15.85,2608.439999999999,2027-09-14,2026-12-31 06:00:00
ALB-MOT-0003268,P0003154,363,MOT,BROKER,2024-10-20,2025-10-20,CN,N,3917.75,3917.75,VALID,VALID,,,3917.76,2025-09-15,2026-12-31 06:00:00
ALB-MOT-0003271,P0002844,,MOT,BROKER,2019-05-10,2020-05-09,IF,N,2344.37,2344.37,VALID,VALID,,,2148.9600000000005,2020-04-04,2026-12-31 06:00:00
ALB-MOT-0003273,P0001352,,MOT,DIRECT,2023-12-13,2024-12-12,IF,N,626.38,626.38,VALID,VALID,Davies & Hughes Insurance Services Ltd,15.18,626.4000000000001,2024-11-07,2026-12-31 06:00:00
ALB-MOT-0003274,P0000798,371,MOT,AGGREGATOR,2022-07-02,2023-07-02,LP,N,1573.81,1573.81,VALID,VALID,Davies & Green Insurance Services Ltd,7.72,1573.8000000000004,2023-05-28,2026-12-31 06:00:00
ALB-MOT-0003287,P0000060,215,MOT,DIRECT,2026-06-19,2027-06-19,LP,N,1030.93,515.47,VALID,VALID,Baker & Williams Insurance Services Ltd,17.61,1030.93,2026-06-19,2026-12-31 06:00:00
ALB-MOT-0003291,P0002444,,MOT,AGGREGATOR,2023-01-24,2024-01-24,IF,N,1183.26,1183.26,VALID,VALID,Jones & Robinson Insurance Services Ltd,21.97,986.1,2023-12-20,2026-12-31 06:00:00
ALB-MOT-0003304,P0003075,292,MOT,BROKER,2025-03-14,2026-03-14,IF,N,1810.13,1810.13,VALID,VALID,,,1659.2399999999998,2026-01-08,2026-12-31 06:00:00
ALB-MOT-0003311,P0002611,,MOT,AGGREGATOR,2023-05-25,2024-05-24,LP,N,645.15,645.15,VALID,VALID,,,537.6,2024-04-19,2026-12-31 06:00:00
ALB-MOT-0003316,P0000862,212,MOT,DIRECT,2023-11-04,2024-11-03,IF,N,2244.41,2244.41,VALID,VALID,Walker & Wright Insurance Services Ltd,10.74,2244.41,2023-11-04,2026-12-31 06:00:00
ALB-MOT-0003337,P0003090,461,MOT,BROKER,2025-12-31,2026-12-31,RN,N,3473.47,3473.47,VALID,VALID,Williams & Baker Insurance Services Ltd,16.38,3473.47,2025-12-31,2026-12-31 06:00:00
ALB-MOT-0003339,P0003004,167,MOT,DIRECT,2018-05-08,2019-05-08,CN,N,3668.5,3668.50,VALID,VALID,Smith & Walker Insurance Services Ltd,18.79,3057.1,2019-04-03,2026-12-31 06:00:00
ALB-MOT-0003351,P0001458,,MOT,BROKER,2020-02-19,2021-02-18,IF,N,3297.86,3297.86,VALID,VALID,Green & Patel Insurance Services Ltd,10.9,3023.0200000000004,2021-01-14,2026-12-31 06:00:00
ALB-MOT-0003355,P0000474,91,MOT,AGGREGATOR,2026-06-26,2027-06-26,RN,N,2654.08,1327.04,VALID,VALID,OBrien & Green Insurance Services Ltd,17.85,2654.0400000000004,2027-05-22,2026-12-31 06:00:00
ALB-MOT-0003363,P0002818,311,MOT,BROKER,2025-12-13,2026-12-13,IF,N,760.59,760.59,VALID,VALID,,,,,2026-12-31 06:00:00
ALB-MOT-0003368,P0000323,,MOT,AGGREGATOR,2025-07-20,2026-07-20,IF,N,302.01,302.01,VALID,VALID,Taylor & Wilson Insurance Services Ltd,14.3,276.87000000000006,2026-06-15,2026-12-31 06:00:00
ALB-MOT-0003377,P0002195,273,MOT,AGGREGATOR,2022-05-25,2023-05-25,LP,N,1010.34,1010.34,VALID,VALID,,,926.2000000000002,2023-04-20,2026-12-31 06:00:00
ALB-MOT-0003381,P0001751,,MOT,BROKER,2019-11-06,2020-11-05,RN,N,3645.84,3645.84,VALID,VALID,,,3645.84,2019-11-06,2026-12-31 06:00:00
ALB-MOT-0003406,P0002567,8,MOT,BROKER,2021-10-18,2022-10-18,IF,N,4028.32,4028.32,VALID,VALID,Brown & Jones Insurance Services Ltd,10.15,3356.9,2022-09-13,2026-12-31 06:00:00
ALB-MOT-0003408,P0001265,,MOT,DIRECT,2018-09-26,2019-09-26,EX,N,3107.17,3107.17,VALID,VALID,,,2848.2299999999996,2019-08-22,2026-12-31 06:00:00
ALB-MOT-0003410,P0001103,354,MOT,AGGREGATOR,2022-11-02,2023-11-02,IF,N,2235.54,2235.54,VALID,VALID,,,2049.19,2023-09-28,2026-12-31 06:00:00
ALB-MOT-0003411,P0003130,486,MOT,AGGREGATOR,2022-08-21,2023-08-21,LP,N,2454.15,2454.15,VALID,VALID,,,2454.15,2022-08-21,2026-12-31 06:00:00
ALB-MOT-0003412,P0002681,,MOT,DIRECT,2025-08-27,2026-08-27,EX,N,4014.83,4014.83,VALID,VALID,,,3680.2700000000004,2026-07-23,2026-12-31 06:00:00
ALB-MOT-0003417,P0002208,312,MOT,BROKER,2020-04-26,2021-04-26,IF,N,426.23,426.23,VALID,VALID,,,,,2026-12-31 06:00:00
ALB-MOT-0003421,P0002189,453,MOT,BROKER,2018-09-05,2019-09-05,CN,N,3136.38,3136.38,VALID,VALID,Taylor & Walker Insurance Services Ltd,13.94,2875.0699999999993,2019-08-01,2026-12-31 06:00:00
ALB-MOT-0003430,P0001971,435,MOT,BROKER,2018-10-12,2019-10-12,RN,N,229.35,229.35,VALID,VALID,,,229.35,2018-10-12,2026-12-31 06:00:00
ALB-MOT-0003432,P0000624,305,MOT,DIRECT,2019-05-04,2020-05-03,EX,N,4119.62,4119.62,VALID,VALID,Baker & Clarke Insurance Services Ltd,20.14,4119.62,2019-05-04,2026-12-31 06:00:00
ALB-MOT-0003436,P0001557,294,MOT,BROKER,2025-07-16,2026-07-16,IF,N,428.96,428.96,VALID,VALID,,,428.96,2025-07-16,2026-12-31 06:00:00
ALB-MOT-0003440,P0000242,,MOT,AGGREGATOR,2022-12-04,2023-12-04,CN,N,2620.62,2620.62,VALID,VALID,,,2620.62,2022-12-04,2026-12-31 06:00:00
ALB-MOT-0003450,P0001751,,MOT,BROKER,2023-11-02,2024-11-01,IF,N,289.55,289.55,VALID,VALID,Robinson & Brown Insurance Services Ltd,15.85,289.55,2023-11-02,2026-12-31 06:00:00
ALB-MOT-0003456,P0000367,223,MOT,BROKER,2026-08-29,2027-08-29,IF,Y,1482.81,494.27,VALID,VALID,Smith & Brown Insurance Services Ltd,19.81,1482.8399999999995,2027-07-25,2026-12-31 06:00:00
ALB-MOT-0003457,P0002447,,MOT,DIRECT,2023-03-23,2024-03-22,IF,N,1063.95,1063.95,VALID,VALID,Wilson & Wright Insurance Services Ltd,7.87,1063.9199999999998,2024-02-16,2026-12-31 06:00:00
ALB-MOT-0003461,P0001627,,MOT,AGGREGATOR,2020-09-17,2021-09-17,IF,N,706.59,706.59,VALID,VALID,Murphy & Johnson Insurance Services Ltd,12.64,706.5600000000001,2021-08-13,2026-12-31 06:00:00
ALB-MOT-0003471,P0003171,,MOT,BROKER,2021-01-01,2022-01-01,EX,N,933.21,933.21,VALID,VALID,Baker & Hughes Insurance Services Ltd,12.55,855.4699999999999,2021-11-27,2026-12-31 06:00:00
ALB-MOT-0003484,P0000515,,MOT,BROKER,2021-05-18,2022-05-18,IF,N,1340.01,1340.01,VALID,VALID,,,1340.01,2021-05-18,2026-12-31 06:00:00
ALB-MOT-0003501,P0002440,,MOT,BROKER,2023-11-18,2024-11-17,IF,N,2612.84,2612.84,VALID,VALID,Khan & Smith Insurance Services Ltd,17.81,2612.88,2024-10-13,2026-12-31 06:00:00
ALB-MOT-0003518,P0000454,354,MOT,BROKER,2025-05-29,2026-05-29,EX,N,699.23,699.23,VALID,VALID,Williams & Williams Insurance Services Ltd,18.19,,,2026-12-31 06:00:00
ALB-MOT-0003524,P0000046,170,MOT,BROKER,2023-10-13,2024-10-12,LP,N,1271.4,1271.40,VALID,VALID,Taylor & Wilson Insurance Services Ltd,14.3,1271.4000000000003,2024-09-07,2026-12-31 06:00:00
ALB-MOT-0003528,P0002592,,MOT,BROKER,2018-12-08,2019-12-08,IF,N,3304.89,3304.89,VALID,VALID,,,3029.5099999999998,2019-11-03,2026-12-31 06:00:00
ALB-MOT-0003535,P0001212,189,MOT,AGGREGATOR,2026-07-29,2027-07-29,IF,Y,1079.63,449.85,VALID,VALID,,,989.6700000000002,2027-06-24,2026-12-31 06:00:00
ALB-MOT-0003550,P0002799,,MOT,DIRECT,2026-03-28,2027-03-28,EX,N,2391.39,1793.54,VALID,VALID,,,2391.36,2027-02-21,2026-12-31 06:00:00
ALB-MOT-0003561,P0002856,379,MOT,AGGREGATOR,2024-02-08,2025-02-07,LP,N,1527.3,1527.30,VALID,VALID,,,1272.7,2025-01-03,2026-12-31 06:00:00
ALB-MOT-0003570,P0002734,,MOT,BROKER,2026-11-10,2027-11-10,IF,Y,4191.99,349.33,VALID,VALID,,,3842.6299999999997,2027-10-06,2026-12-31 06:00:00
ALB-MOT-0003571,P0003150,453,MOT,BROKER,2019-03-13,2020-03-12,IF,N,3813.67,3813.67,VALID,VALID,Davies & Taylor Insurance Services Ltd,14.09,3813.67,2019-03-13,2026-12-31 06:00:00
ALB-MOT-0003572,P0001994,,MOT,BROKER,2026-11-05,2027-11-05,IF,N,602.67,50.22,VALID,VALID,,,602.67,2026-11-05,2026-12-31 06:00:00
ALB-MOT-0003590,P0000613,,MOT,DIRECT,2023-08-05,2024-08-04,IF,N,255.11,255.11,VALID,VALID,,,255.11,2023-08-05,2026-12-31 06:00:00
ALB-MOT-0003602,P0000179,139,MOT,BROKER,2024-09-06,2025-09-06,IF,N,236.26,236.26,VALID,VALID,Wilson & Wright Insurance Services Ltd,7.87,216.59,2025-08-02,2026-12-31 06:00:00
ALB-MOT-0003603,P0002005,413,MOT,AGGREGATOR,2021-11-22,2022-11-22,LP,N,3468.93,3468.93,VALID,VALID,Wilson & Johnson Insurance Services Ltd,21.61,3468.93,2021-11-22,2026-12-31 06:00:00
ALB-MOT-0003606,P0000566,473,MOT,BROKER,2021-09-07,2022-09-07,EX,N,3716.76,3716.76,VALID,VALID,Baker & Brown Insurance Services Ltd,14.45,3407.03,2022-08-03,2026-12-31 06:00:00
ALB-MOT-0003611,P0002308,,MOT,DIRECT,2024-12-13,2025-12-13,RN,N,3096.97,3096.97,VALID,VALID,,,2580.7999999999997,2025-11-08,2026-12-31 06:00:00
ALB-MOT-0003622,P0002491,300,MOT,DIRECT,2021-02-02,2022-02-02,RN,N,1532.35,1532.35,VALID,VALID,Wilson & Wright Insurance Services Ltd,7.87,1532.35,2021-02-02,2026-12-31 06:00:00
ALB-MOT-0003626,P0002938,31,MOT,DIRECT,2020-02-21,2021-02-20,RN,N,2170.54,2170.54,VALID,VALID,Davies & Taylor Insurance Services Ltd,14.09,2170.54,2020-02-21,2026-12-31 06:00:00
ALB-MOT-0003628,P0001269,220,MOT,BROKER,2018-08-23,2019-08-23,EX,N,2322.87,2322.87,VALID,VALID,Baker & Hughes Insurance Services Ltd,12.55,2129.2699999999995,2019-07-19,2026-12-31 06:00:00
ALB-MOT-0003629,P0000980,,MOT,AGGREGATOR,2024-07-19,2025-07-19,EX,N,2282.45,2282.45,VALID,VALID,Brown & Davies Insurance Services Ltd,14.49,2282.4,2025-06-14,2026-12-31 06:00:00
ALB-MOT-0003641,P0001027,,MOT,BROKER,2025-11-19,2026-11-19,IF,N,3753.13,3753.13,VALID,VALID,Davies & Davies Insurance Services Ltd,17.73,3753.13,2025-11-19,2026-12-31 06:00:00
ALB-MOT-0003652,P0001093,,MOT,BROKER,2021-03-05,2022-03-05,IF,N,884.14,884.14,VALID,VALID,Taylor & Wilson Insurance Services Ltd,14.3,884.1600000000003,2022-01-29,2026-12-31 06:00:00
ALB-MOT-0003657,P0002206,,MOT,BROKER,2024-02-23,2025-02-22,IF,N,3262.12,3262.12,VALID,VALID,,,3262.0800000000004,2025-01-18,2026-12-31 06:00:00
ALB-MOT-0003661,P0000321,348,MOT,BROKER,2022-01-28,2023-01-28,IF,N,3018.01,3018.01,VALID,VALID,Clarke & Wright Insurance Services Ltd,9.41,3018.01,2022-01-28,2026-12-31 06:00:00
ALB-MOT-0003668,P0001965,,MOT,BROKER,2021-04-05,2022-04-05,RN,N,4048.07,4048.07,VALID,VALID,Green & Murphy Insurance Services Ltd,11.43,3373.4,2022-03-01,2026-12-31 06:00:00
ALB-MOT-0003672,P0000169,98,MOT,AGGREGATOR,2021-12-14,2022-12-14,IF,N,3258.74,3258.74,VALID,VALID,Khan & Smith Insurance Services Ltd,17.81,2987.16,2022-11-09,2026-12-31 06:00:00
ALB-MOT-0003692,P0001982,,MOT,BROKER,2019-12-25,2020-12-24,IF,N,3271.98,3271.98,VALID,VALID,,,2999.3700000000003,2020-11-19,2026-12-31 06:00:00
ALB-MOT-0003710,P0002077,,MOT,BROKER,2020-03-06,2021-03-06,LP,N,2640.57,2640.57,VALID,VALID,,,2640.57,2020-03-06,2026-12-31 06:00:00
ALB-MOT-0003718,P0001068,185,MOT,BROKER,2018-09-11,2019-09-11,LP,N,3633.46,3633.46,VALID,VALID,Smith & Brown Insurance Services Ltd,19.81,3633.48,2019-08-07,2026-12-31 06:00:00
ALB-MOT-0003725,P0001807,4,MOT,BROKER,2022-09-07,2023-09-07,RN,N,496.02,496.02,VALID,VALID,,,496.02,2022-09-07,2026-12-31 06:00:00
ALB-MOT-0003726,P0000887,93,MOT,BROKER,2023-10-09,2024-10-08,IF,N,2898.26,2898.26,VALID,VALID,Baker & Hughes Insurance Services Ltd,13.91,2898.26,2023-10-09,2026-12-31 06:00:00
ALB-MOT-0003738,P0001389,31,MOT,DIRECT,2020-02-07,2021-02-06,IF,N,837.76,837.76,VALID,VALID,Taylor & Johnson Insurance Services Ltd,17.25,767.9099999999999,2021-01-02,2026-12-31 06:00:00
ALB-MOT-0003748,P0001584,,MOT,BROKER,2024-07-29,2025-07-29,RN,N,2020.1,2020.10,VALID,VALID,Williams & Williams Insurance Services Ltd,18.19,2020.1,2024-07-29,2026-12-31 06:00:00
ALB-MOT-0003753,P0001705,274,MOT,BROKER,2026-08-17,2027-08-17,IF,N,938.46,312.82,VALID,VALID,OBrien & Patel Insurance Services Ltd,14.2,938.46,2026-08-17,2026-12-31 06:00:00
ALB-MOT-0003759,P0002986,,MOT,BROKER,2020-04-24,2021-04-24,LP,N,565.19,565.19,VALID,VALID,,,565.2000000000002,2021-03-20,2026-12-31 06:00:00
ALB-MOT-0003774,P0000057,159,MOT,DIRECT,2020-01-06,2021-01-05,IF,N,3389.91,3389.91,VALID,VALID,Walker & OBrien Insurance Services Ltd,10.5,3389.91,2020-01-06,2026-12-31 06:00:00
ALB-MOT-0003775,P0000817,17,MOT,BROKER,2019-11-27,2020-11-26,RN,N,1095.76,1095.76,VALID,VALID,Walker & Wright Insurance Services Ltd,10.74,1095.7199999999998,2020-10-22,2026-12-31 06:00:00
ALB-MOT-0003785,P0001554,200,MOT,BROKER,2021-02-11,2022-02-11,EX,N,874.05,874.05,VALID,VALID,,,874.05,2021-02-11,2026-12-31 06:00:00
ALB-MOT-0003811,P0000240,261,MOT,BROKER,2022-06-21,2023-06-21,RN,N,2602.02,2602.02,VALID,VALID,,,2602.02,2022-06-21,2026-12-31 06:00:00
ALB-MOT-0003817,P0001133,,MOT,BROKER,2022-10-27,2023-10-27,RN,N,1546.68,1546.68,INVALID,VALID,,,1546.6799999999994,2023-09-22,2026-12-31 06:00:00
ALB-MOT-0003827,P0003161,,MOT,DIRECT,2024-11-29,2025-11-29,CN,N,1155.4,1155.40,VALID,VALID,Hughes & Wright Insurance Services Ltd,8.65,1059.08,2025-10-25,2026-12-31 06:00:00
ALB-MOT-0003829,P0002223,,MOT,AGGREGATOR,2019-11-13,2020-11-12,IF,N,1467.79,1467.79,VALID,VALID,,,1467.8399999999995,2020-10-08,2026-12-31 06:00:00
ALB-MOT-0003832,P0001343,157,MOT,BROKER,2024-08-02,2025-08-02,LP,N,1992.12,1992.12,VALID,VALID,Baker & Brown Insurance Services Ltd,14.45,1992.12,2025-06-28,2026-12-31 06:00:00
ALB-MOT-0003841,P0002857,261,MOT,DIRECT,2024-06-04,2025-06-04,RN,N,4009.67,4009.67,VALID,VALID,Baker & Clarke Insurance Services Ltd,20.14,4009.67,2024-06-04,2026-12-31 06:00:00
ALB-MOT-0003843,P0001151,,MOT,DIRECT,2024-08-29,2025-08-29,LP,N,2817.83,2817.83,VALID,VALID,,,2583.02,2025-07-25,2026-12-31 06:00:00
ALB-MOT-0003847,P0002751,,MOT,AGGREGATOR,2022-12-10,2023-12-10,RN,N,1027.33,1027.33,VALID,VALID,,,941.71,2023-11-05,2026-12-31 06:00:00
ALB-MOT-0003850,P0000867,246,MOT,BROKER,2022-02-13,2023-02-13,RN,N,2361.33,2361.33,VALID,VALID,Patel & Taylor Insurance Services Ltd,13.95,2361.33,2022-02-13,2026-12-31 06:00:00
ALB-MOT-0003852,P0000107,,MOT,DIRECT,2020-02-04,2021-02-03,RN,N,3572.04,3572.04,VALID,VALID,Baker & Wright Insurance Services Ltd,22.1,3572.04,2020-02-04,2026-12-31 06:00:00
ALB-MOT-0003855,P0002448,445,MOT,DIRECT,2022-10-02,2023-10-02,RN,N,1909.06,1909.06,VALID,VALID,,,1909.06,2022-10-02,2026-12-31 06:00:00
ALB-MOT-0003857,P0001921,55,MOT,DIRECT,2021-06-22,2022-06-22,IF,N,1333.55,1333.55,VALID,VALID,Johnson & Murphy Insurance Services Ltd,21.31,1333.55,2021-06-22,2026-12-31 06:00:00
ALB-MOT-0003871,P0001538,343,MOT,BROKER,2021-03-07,2022-03-07,EX,N,1344.71,1344.71,VALID,VALID,Hall & Wright Insurance Services Ltd,8.65,1232.6599999999996,2022-01-31,2026-12-31 06:00:00
ALB-MOT-0003894,P0000883,369,MOT,DIRECT,2023-10-27,2024-10-26,IF,N,2686.43,2686.43,VALID,VALID,Baker & Clarke Insurance Services Ltd,20.14,2462.5699999999993,2024-09-21,2026-12-31 06:00:00
ALB-MOT-0003895,P0000243,58,MOT,BROKER,2024-09-19,2025-09-19,CN,N,3929.3,3929.30,VALID,VALID,,,3929.3,2024-09-19,2026-12-31 06:00:00
ALB-MOT-0003914,P0002297,,MOT,AGGREGATOR,2026-09-04,2027-09-04,IF,N,3406.52,851.63,VALID,VALID,,,,,2026-12-31 06:00:00
ALB-MOT-0003915,P0003073,117,MOT,AGGREGATOR,2020-09-06,2021-09-06,RN,N,3256.3,3256.30,VALID,VALID,,,2984.960000000001,2021-08-02,2026-12-31 06:00:00
ALB-MOT-0003924,P0002358,,MOT,BROKER,2025-02-25,2026-02-25,IF,N,2728.02,2728.02,VALID,VALID,Davies & Taylor Insurance Services Ltd,14.09,2500.74,2026-01-21,2026-12-31 06:00:00
ALB-MOT-0003926,P0000158,,MOT,DIRECT,2023-08-25,2024-08-24,LP,N,3623.85,3623.85,VALID,VALID,Smith & Davies Insurance Services Ltd,14.16,3623.85,2023-08-25,2026-12-31 06:00:00
ALB-MOT-0003932,P0002333,159,MOT,BROKER,2023-07-06,2024-07-05,RN,N,403.87,403.87,VALID,VALID,,,403.87,2023-07-06,2026-12-31 06:00:00
ALB-MOT-0003933,P0001059,240,MOT,BROKER,2019-05-24,2020-05-23,RN,N,2932.55,2932.55,VALID,VALID,Patel & Clarke Insurance Services Ltd,9.04,2688.1800000000007,2020-04-18,2026-12-31 06:00:00
ALB-MOT-0003943,P0002505,,MOT,BROKER,2020-05-27,2021-05-27,LP,N,2604.61,2604.61,VALID,VALID,,,2604.61,2020-05-27,2026-12-31 06:00:00
ALB-MOT-0003946,P0001913,,MOT,AGGREGATOR,2018-03-06,2019-03-06,LP,N,2943.81,2943.81,VALID,VALID,Wilson & Johnson Insurance Services Ltd,21.61,2698.52,2018-12-31,2026-12-31 06:00:00
ALB-MOT-0003948,P0002038,,MOT,BROKER,2024-06-16,2025-06-16,IF,N,1099.67,1099.67,VALID,VALID,,,1099.68,2025-05-12,2026-12-31 06:00:00
ALB-MOT-0003951,P0000954,,MOT,DIRECT,2025-12-29,2026-12-29,IF,Y,2917.65,2917.65,VALID,VALID,Davies & Hughes Insurance Services Ltd,15.18,2674.539999999999,2026-11-24,2026-12-31 06:00:00
ALB-MOT-0003953,P0000378,366,MOT,BROKER,2020-07-08,2021-07-08,RN,N,2783.96,2783.96,VALID,VALID,Taylor & Johnson Insurance Services Ltd,17.25,2784.0,2021-06-03,2026-12-31 06:00:00
ALB-MOT-0003974,P0003052,,MOT,BROKER,2026-07-31,2027-07-31,IF,Y,2538.57,1057.74,VALID,VALID,Khan & Davies Insurance Services Ltd,12.18,2115.5,2027-06-26,2026-12-31 06:00:00
ALB-MOT-0003981,P0001836,,MOT,BROKER,2019-01-21,2020-01-21,LP,N,2979.87,2979.87,VALID,VALID,Baker & Hughes Insurance Services Ltd,12.55,2979.84,2019-12-17,2026-12-31 06:00:00
ALB-MOT-0003997,P0000524,386,MOT,BROKER,2022-11-21,2023-11-21,IF,N,864.25,864.25,VALID,VALID,Hall & Wright Insurance Services Ltd,8.65,864.25,2022-11-21,2026-12-31 06:00:00
ALB-MOT-0004005,P0002716,,MOT,AGGREGATOR,2023-03-29,2024-03-28,RN,N,1578.65,1578.65,VALID,VALID,,,1578.65,2023-03-29,2026-12-31 06:00:00
ALB-MOT-0004008,P0001415,,MOT,DIRECT,2021-02-17,2022-02-17,LP,N,2015.47,2015.47,VALID,VALID,Davies & Green Insurance Services Ltd,7.72,1847.5600000000002,2022-01-13,2026-12-31 06:00:00
ALB-MOT-0004014,P0001151,,MOT,DIRECT,2022-07-29,2023-07-29,LP,N,3134.51,3134.51,VALID,VALID,,,3134.51,2022-07-29,2026-12-31 06:00:00
ALB-MOT-0004033,P0002076,,MOT,DIRECT,2023-08-18,2024-08-17,LP,N,2547.71,2547.71,VALID,VALID,,,2547.72,2024-07-13,2026-12-31 06:00:00
ALB-MOT-0004044,P0002534,,MOT,BROKER,2024-07-04,2025-07-04,CN,N,1240.58,1240.58,VALID,VALID,,,1240.56,2025-05-30,2026-12-31 06:00:00
ALB-MOT-0004052,P0002393,137,MOT,BROKER,2026-03-01,2027-03-01,LP,N,3891.97,3243.31,VALID,VALID,Davies & Wright Insurance Services Ltd,13.6,3243.2999999999997,2027-01-25,2026-12-31 06:00:00
ALB-MOT-0004063,P0002887,101,MOT,DIRECT,2021-06-27,2022-06-27,IF,N,3888.79,3888.79,VALID,VALID,,,3564.7700000000004,2022-05-23,2026-12-31 06:00:00
ALB-MOT-0004066,P0000391,,MOT,DIRECT,2026-01-04,2027-01-04,RN,N,3040.96,3040.96,VALID,VALID,,,3040.9199999999996,2026-11-30,2026-12-31 06:00:00
ALB-MOT-0004067,P0000835,367,MOT,DIRECT,2022-05-08,2023-05-08,RN,N,3856.16,3856.16,VALID,VALID,Smith & Walker Insurance Services Ltd,18.79,3213.4999999999995,2023-04-03,2026-12-31 06:00:00
ALB-MOT-0004078,P0001891,482,MOT,AGGREGATOR,2021-10-03,2022-10-03,RN,N,622.97,622.97,VALID,VALID,,,622.9199999999997,2022-08-29,2026-12-31 06:00:00
ALB-MOT-0004081,P0000639,450,MOT,DIRECT,2026-08-29,2027-08-29,IF,Y,979.72,326.57,VALID,VALID,Green & Patel Insurance Services Ltd,10.9,979.68,2027-07-25,2026-12-31 06:00:00
ALB-MOT-0004088,P0000529,237,MOT,BROKER,2022-11-13,2023-11-13,IF,N,1291.42,1291.42,VALID,VALID,Johnson & Murphy Insurance Services Ltd,21.31,1076.2,2023-10-09,2026-12-31 06:00:00
ALB-MOT-0004095,P0001511,,MOT,BROKER,2024-06-22,2025-06-22,LP,N,3986.53,3986.53,VALID,VALID,,,3654.31,2025-05-18,2026-12-31 06:00:00
ALB-MOT-0004114,P0002916,129,MOT,BROKER,2023-08-10,2024-08-09,RN,N,3149.94,3149.94,VALID,VALID,Taylor & Murphy Insurance Services Ltd,20.48,3149.94,2023-08-10,2026-12-31 06:00:00
ALB-MOT-0004120,P0002515,282,MOT,AGGREGATOR,2020-01-14,2021-01-13,IF,N,3566.62,3566.62,VALID,VALID,Walker & Wright Insurance Services Ltd,10.74,3566.6400000000012,2020-12-09,2026-12-31 06:00:00
ALB-MOT-0004129,P0001362,,MOT,AGGREGATOR,2022-05-30,2023-05-30,LP,N,3894.02,3894.02,VALID,VALID,,,3894.0,2023-04-25,2026-12-31 06:00:00
ALB-MOT-0004136,P0002212,,MOT,DIRECT,2022-05-04,2023-05-04,IF,N,1412.35,1412.35,VALID,VALID,,,1412.4000000000003,2023-03-30,2026-12-31 06:00:00
ALB-MOT-0004141,P0001877,,MOT,DIRECT,2023-11-03,2024-11-02,RN,N,1549.59,1549.59,VALID,VALID,Johnson & Hall Insurance Services Ltd,21.38,1549.59,2023-11-03,2026-12-31 06:00:00
ALB-MOT-0004152,P0001537,,MOT,DIRECT,2024-10-27,2025-10-27,CN,N,1919.87,1919.87,VALID,VALID,Patel & Clarke Insurance Services Ltd,9.04,1919.87,2024-10-27,2026-12-31 06:00:00
ALB-MOT-0004157,P0002992,,MOT,BROKER,2021-04-22,2022-04-22,IF,N,934.82,934.82,VALID,VALID,Davies & Taylor Insurance Services Ltd,14.09,856.8999999999999,2022-03-18,2026-12-31 06:00:00
ALB-MOT-0004160,P0002104,,MOT,DIRECT,2021-06-09,2022-06-09,IF,N,4022.15,4022.15,VALID,VALID,Baker & Williams Insurance Services Ltd,17.61,3686.9799999999996,2022-05-05,2026-12-31 06:00:00
ALB-MOT-0004161,P0002583,497,MOT,DIRECT,2022-06-12,2023-06-12,RN,N,3447.34,3447.34,VALID,VALID,Williams & Hall Insurance Services Ltd,14.19,3447.3599999999988,2023-05-08,2026-12-31 06:00:00
ALB-MOT-0004171,P0003145,,MOT,DIRECT,2019-08-31,2020-08-30,EX,N,3369.14,3369.14,VALID,VALID,Williams & Hall Insurance Services Ltd,14.19,3088.3600000000006,2020-07-26,2026-12-31 06:00:00
ALB-MOT-0004183,P0000946,,MOT,BROKER,2025-11-19,2026-11-19,IF,N,1288.71,1288.71,VALID,VALID,,,1288.6800000000003,2026-10-15,2026-12-31 06:00:00
ALB-MOT-0004190,P0002075,,MOT,BROKER,2019-10-01,2020-09-30,RN,N,1689.86,1689.86,VALID,VALID,,,1408.1999999999996,2020-08-26,2026-12-31 06:00:00
ALB-MOT-0004203,P0000323,,MOT,BROKER,2026-04-08,2027-04-08,EX,N,1619.01,1079.34,VALID,VALID,Patel & Taylor Insurance Services Ltd,13.95,,,2026-12-31 06:00:00
ALB-MOT-0004210,P0002172,69,MOT,BROKER,2022-12-29,2023-12-29,LP,N,669.24,669.24,VALID,VALID,,,669.2399999999999,2023-11-24,2026-12-31 06:00:00
ALB-MOT-0004213,P0002567,8,MOT,BROKER,2026-06-26,2027-06-26,LP,N,307.66,153.83,VALID,VALID,Hall & Hall Insurance Services Ltd,9.1,307.66,2026-06-26,2026-12-31 06:00:00
ALB-MOT-0004216,P0002569,329,MOT,BROKER,2023-01-12,2024-01-12,IF,N,3958.48,3958.48,VALID,VALID,,,3298.6999999999994,2023-12-08,2026-12-31 06:00:00
ALB-MOT-0004224,P0000568,116,MOT,BROKER,2026-06-06,2027-06-06,IF,Y,4160.44,2080.22,VALID,VALID,Hall & Patel Insurance Services Ltd,13.7,3813.699999999999,2027-04-02,2026-12-31 06:00:00
ALB-MOT-0004227,P0001294,,MOT,BROKER,2018-11-25,2019-11-25,RN,N,3161.35,3161.35,VALID,VALID,,,2634.4999999999995,2019-10-21,2026-12-31 06:00:00
ALB-MOT-0004232,P0000145,448,MOT,DIRECT,2021-12-08,2022-12-08,IF,N,434.88,434.88,VALID,VALID,,,434.88000000000005,2022-11-03,2026-12-31 06:00:00
ALB-MOT-0004236,P0000802,359,MOT,BROKER,2020-03-01,2021-03-01,EX,N,3227.24,3227.24,VALID,VALID,Murphy & Johnson Insurance Services Ltd,12.64,3227.24,2020-03-01,2026-12-31 06:00:00
ALB-MOT-0004243,P0001770,,MOT,BROKER,2022-01-30,2023-01-30,IF,N,488.63,488.63,VALID,VALID,,,488.63,2022-01-30,2026-12-31 06:00:00
ALB-MOT-0004248,P0000030,,MOT,AGGREGATOR,2024-10-03,2025-10-03,IF,N,1383.72,1383.72,VALID,VALID,Clarke & Davies Insurance Services Ltd,10.43,1383.7199999999996,2025-08-29,2026-12-31 06:00:00
ALB-MOT-0004252,P0000517,494,MOT,BROKER,2020-06-15,2021-06-15,RN,N,2361.75,2361.75,INVALID,VALID,,,1968.0999999999997,2021-04-11,2026-12-31 06:00:00
ALB-MOT-0004254,P0002770,,MOT,BROKER,2019-08-14,2020-08-13,RN,N,4043.39,4043.39,VALID,VALID,,,4043.39,2019-08-14,2026-12-31 06:00:00
ALB-MOT-0004256,P0000827,221,MOT,DIRECT,2024-10-23,2025-10-23,IF,N,2554.59,2554.59,VALID,VALID,Baker & Brown Insurance Services Ltd,14.45,2128.8000000000006,2025-09-18,2026-12-31 06:00:00
ALB-MOT-0004259,P0001568,,MOT,BROKER,2024-12-01,2025-12-01,LP,N,3249.0,3249.00,VALID,VALID,Murphy & Johnson Insurance Services Ltd,12.64,3249.0,2025-10-27,2026-12-31 06:00:00
ALB-MOT-0004270,P0000027,457,MOT,AGGREGATOR,2025-05-17,2026-05-17,EX,N,2684.29,2684.29,VALID,VALID,,,2684.28,2026-04-12,2026-12-31 06:00:00
ALB-MOT-0004277,P0002906,84,MOT,DIRECT,2023-07-16,2024-07-15,RN,N,3980.83,3980.83,VALID,VALID,,,3980.83,2023-07-16,2026-12-31 06:00:00
ALB-MOT-0004280,P0000849,211,MOT,BROKER,2021-03-27,2022-03-27,EX,N,3320.44,3320.44,VALID,VALID,Wilson & Wright Insurance Services Ltd,7.87,3320.44,2021-03-27,2026-12-31 06:00:00
ALB-MOT-0004285,P0001350,,MOT,AGGREGATOR,2026-08-22,2027-08-22,IF,Y,3270.94,1090.31,VALID,VALID,Jones & Baker Insurance Services Ltd,8.84,3270.9599999999996,2027-07-18,2026-12-31 06:00:00
ALB-MOT-0004287,P0000451,449,MOT,BROKER,2023-12-20,2024-12-19,LP,N,608.83,608.83,VALID,VALID,Smith & Brown Insurance Services Ltd,19.81,608.88,2024-11-14,2026-12-31 06:00:00
ALB-MOT-0004296,P0002540,,MOT,DIRECT,2025-08-05,2026-08-05,IF,N,4170.0,4170.00,VALID,VALID,Green & Murphy Insurance Services Ltd,11.43,3475.0,2026-07-01,2026-12-31 06:00:00
ALB-MOT-0004297,P0000263,,MOT,BROKER,2024-01-11,2025-01-10,IF,N,913.69,913.69,VALID,VALID,,,913.68,2024-12-06,2026-12-31 06:00:00
ALB-MOT-0004308,P0001330,,MOT,BROKER,2019-02-04,2020-02-04,LP,N,2778.65,2778.65,VALID,VALID,,,2547.05,2019-12-31,2026-12-31 06:00:00
ALB-MOT-0004313,P0000686,,MOT,AGGREGATOR,2023-08-12,2024-08-11,LP,N,3557.61,3557.61,VALID,VALID,,,3557.6400000000012,2024-07-07,2026-12-31 06:00:00
ALB-MOT-0004324,P0000727,395,MOT,AGGREGATOR,2024-09-12,2025-09-12,EX,N,2212.15,2212.15,VALID,VALID,Robinson & Brown Insurance Services Ltd,15.85,2212.15,2024-09-12,2026-12-31 06:00:00
ALB-MOT-0004334,P0001787,,MOT,BROKER,2018-02-03,2019-02-03,EX,N,842.96,842.96,VALID,VALID,Hall & Wright Insurance Services Ltd,8.65,842.96,2018-02-03,2026-12-31 06:00:00
ALB-MOT-0004337,P0000082,82,MOT,DIRECT,2025-06-17,2026-06-17,EX,N,1404.39,1404.39,VALID,VALID,,,1404.39,2025-06-17,2026-12-31 06:00:00
ALB-MOT-0004344,P0002836,125,MOT,BROKER,2022-01-03,2023-01-03,IF,N,2134.14,2134.14,VALID,VALID,,,1956.2399999999996,2022-11-29,2026-12-31 06:00:00
ALB-MOT-0004356,P0001875,290,MOT,AGGREGATOR,2026-10-27,2027-10-27,LP,N,2676.94,446.16,VALID,VALID,,,2453.8799999999997,2027-09-22,2026-12-31 06:00:00
ALB-MOT-0004368,P0002687,216,MOT,BROKER,2023-12-08,2024-12-07,IF,N,2754.41,2754.41,VALID,VALID,Patel & Taylor Insurance Services Ltd,13.95,2754.41,2023-12-08,2026-12-31 06:00:00
ALB-MOT-0004376,P0001867,,MOT,DIRECT,2023-03-21,2024-03-20,RN,N,2284.85,2284.85,VALID,VALID,Smith & Walker Insurance Services Ltd,18.79,2284.8000000000006,2024-02-14,2026-12-31 06:00:00
ALB-MOT-0004391,P0003049,,MOT,BROKER,2023-03-24,2024-03-23,RN,N,3918.53,3918.53,VALID,VALID,,,3918.48,2024-02-17,2026-12-31 06:00:00
ALB-MOT-0004420,P0000261,,MOT,AGGREGATOR,2019-03-14,2020-03-13,CN,N,2512.35,2512.35,VALID,VALID,Baker & Clarke Insurance Services Ltd,20.14,2512.320000000001,2020-02-07,2026-12-31 06:00:00
ALB-MOT-0004421,P0001108,138,MOT,BROKER,2018-10-17,2019-10-17,CN,N,536.41,536.41,VALID,VALID,,,,,2026-12-31 06:00:00
ALB-MOT-0004423,P0002174,214,MOT,BROKER,2020-08-04,2021-08-04,IF,N,1018.85,1018.85,VALID,VALID,Johnson & Hall Insurance Services Ltd,21.38,933.8999999999999,2021-06-30,2026-12-31 06:00:00
ALB-MOT-0004424,P0002344,,MOT,DIRECT,2020-06-23,2021-06-23,LP,N,3184.11,3184.11,VALID,VALID,,,3184.11,2020-06-23,2026-12-31 06:00:00
ALB-MOT-0004429,P0001226,224,MOT,BROKER,2020-10-28,2021-10-28,RN,N,1690.69,1690.69,VALID,VALID,,,1549.7899999999995,2021-09-23,2026-12-31 06:00:00
ALB-MOT-0004431,P0002669,99,MOT,DIRECT,2022-07-14,2023-07-14,IF,N,1731.71,1731.71,VALID,VALID,Baker & Hughes Insurance Services Ltd,12.55,1731.7199999999996,2023-06-09,2026-12-31 06:00:00
ALB-MOT-0004438,P0002519,,MOT,BROKER,2023-01-30,2024-01-30,IF,N,3663.74,3663.74,VALID,VALID,Johnson & Murphy Insurance Services Ltd,17.99,3663.74,2023-01-30,2026-12-31 06:00:00
ALB-MOT-0004441,P0002617,,MOT,DIRECT,2025-01-08,2026-01-08,RN,N,2081.09,2081.09,VALID,VALID,,,1907.6200000000003,2025-12-04,2026-12-31 06:00:00
ALB-MOT-0004442,P0001424,,MOT,BROKER,2024-08-07,2025-08-07,IF,N,3076.0,3076.00,VALID,VALID,,,3076.0,2024-08-07,2026-12-31 06:00:00
ALB-MOT-0004443,P0002763,240,MOT,DIRECT,2021-09-29,2022-09-29,EX,N,2207.68,2207.68,VALID,VALID,Davies & Brown Insurance Services Ltd,22.12,2207.64,2022-08-25,2026-12-31 06:00:00
ALB-MOT-0004444,P0001514,298,MOT,BROKER,2021-10-02,2022-10-02,RN,N,1054.08,1054.08,VALID,VALID,Walker & Wright Insurance Services Ltd,10.74,1054.0800000000002,2022-08-28,2026-12-31 06:00:00
ALB-MOT-0004446,P0000448,421,MOT,BROKER,2024-09-19,2025-09-19,RN,N,2865.6,2865.60,VALID,VALID,,,2865.6,2024-09-19,2026-12-31 06:00:00
ALB-MOT-0004457,P0001326,474,MOT,AGGREGATOR,2023-12-09,2024-12-08,RN,N,1768.83,1768.83,VALID,VALID,Khan & Smith Insurance Services Ltd,17.81,1768.8000000000004,2024-11-03,2026-12-31 06:00:00
ALB-MOT-0004459,P0000623,185,MOT,BROKER,2019-12-10,2020-12-09,IF,N,1056.85,1056.85,VALID,VALID,Hall & Hall Insurance Services Ltd,9.1,1056.85,2019-12-10,2026-12-31 06:00:00
ALB-MOT-0004466,P0001947,,MOT,BROKER,2020-12-25,2021-12-25,IF,N,3776.71,3776.71,VALID,VALID,Johnson & Murphy Insurance Services Ltd,17.99,3776.71,2020-12-25,2026-12-31 06:00:00
ALB-MOT-0004470,P0002947,,MOT,BROKER,2023-08-25,2024-08-24,IF,N,3542.99,3542.99,VALID,VALID,,,3247.75,2024-07-20,2026-12-31 06:00:00
ALB-MOT-0004475,P0001818,,MOT,DIRECT,2021-06-07,2022-06-07,IF,N,3420.86,3420.86,VALID,VALID,Brown & Davies Insurance Services Ltd,14.49,3420.8400000000006,2022-05-03,2026-12-31 06:00:00
ALB-MOT-0004479,P0002354,,MOT,BROKER,2022-11-03,2023-11-03,RN,N,2418.8,2418.80,VALID,VALID,,,2418.8,2022-11-03,2026-12-31 06:00:00
ALB-MOT-0004490,P0002772,364,MOT,AGGREGATOR,2022-04-15,2023-04-15,IF,N,2012.29,2012.29,VALID,VALID,Baker & Brown Insurance Services Ltd,14.45,2012.29,2022-04-15,2026-12-31 06:00:00
ALB-MOT-0004497,P0001300,,MOT,AGGREGATOR,2025-02-15,2026-02-15,RN,N,2645.48,2645.48,VALID,VALID,,,2645.48,2025-02-15,2026-12-31 06:00:00
ALB-MOT-0004498,P0002789,,MOT,AGGREGATOR,2021-06-06,2022-06-06,IF,N,4048.5,4048.50,VALID,VALID,,,3373.8000000000006,2022-05-02,2026-12-31 06:00:00
ALB-MOT-0004506,P0001822,,MOT,BROKER,2023-11-01,2024-10-31,RN,N,1355.9,1355.90,INVALID,VALID,Robinson & Brown Insurance Services Ltd,15.85,1355.9,2023-11-01,2026-12-31 06:00:00
ALB-MOT-0004516,P0003196,,MOT,AGGREGATOR,2021-02-03,2022-02-03,LP,N,1542.45,1542.45,VALID,VALID,Davies & Taylor Insurance Services Ltd,14.09,1542.4799999999998,2021-12-30,2026-12-31 06:00:00
ALB-MOT-0004520,P0003188,80,MOT,BROKER,2018-11-12,2019-11-12,IF,N,2336.81,2336.81,VALID,VALID,Wilson & Wright Insurance Services Ltd,17.86,2336.81,2018-11-12,2026-12-31 06:00:00
ALB-MOT-0004527,P0001295,,MOT,DIRECT,2019-09-16,2020-09-15,IF,N,3068.55,3068.55,VALID,VALID,Davies & Green Insurance Services Ltd,7.72,3068.55,2019-09-16,2026-12-31 06:00:00
ALB-MOT-0004536,P0000882,357,MOT,DIRECT,2023-01-03,2024-01-03,IF,N,2359.76,2359.76,VALID,VALID,Hall & Baker Insurance Services Ltd,14.43,2359.8000000000006,2023-11-29,2026-12-31 06:00:00
ALB-MOT-0004538,P0001554,200,MOT,AGGREGATOR,2023-01-14,2024-01-14,RN,N,3460.8,3460.80,VALID,VALID,Patel & Taylor Insurance Services Ltd,13.95,3460.8000000000006,2023-12-10,2026-12-31 06:00:00
ALB-MOT-0004548,P0001551,347,MOT,BROKER,2026-04-02,2027-04-02,EX,N,2675.51,2006.63,VALID,VALID,Clarke & Wright Insurance Services Ltd,9.41,2675.52,2027-02-26,2026-12-31 06:00:00
ALB-MOT-0004550,P0000901,165,MOT,AGGREGATOR,2021-06-01,2022-06-01,RN,N,806.76,806.76,VALID,VALID,,,806.7600000000001,2022-04-27,2026-12-31 06:00:00
ALB-MOT-0004551,P0001745,,MOT,BROKER,2021-08-21,2022-08-21,LP,N,251.92,251.92,VALID,VALID,Brown & Jones Insurance Services Ltd,10.15,,,2026-12-31 06:00:00
ALB-MOT-0004552,P0000572,,MOT,DIRECT,2020-01-07,2021-01-06,IF,N,2895.59,2895.59,VALID,VALID,,,2895.6000000000004,2020-12-02,2026-12-31 06:00:00
ALB-MOT-0004555,P0000223,,MOT,BROKER,2026-10-30,2027-10-30,RN,N,2104.98,350.83,VALID,VALID,,,1929.5100000000004,2027-09-25,2026-12-31 06:00:00
ALB-MOT-0004562,P0002016,,MOT,DIRECT,2021-02-18,2022-02-18,IF,N,1450.19,1450.19,VALID,VALID,Taylor & Murphy Insurance Services Ltd,20.48,1450.19,2021-02-18,2026-12-31 06:00:00
ALB-MOT-0004564,P0000868,229,MOT,DIRECT,2025-01-27,2026-01-27,EX,N,2121.62,2121.62,VALID,VALID,,,2121.62,2025-01-27,2026-12-31 06:00:00
ALB-MOT-0004574,P0002665,,MOT,DIRECT,2019-07-28,2020-07-27,EX,N,1345.16,1345.16,VALID,VALID,OBrien & Green Insurance Services Ltd,17.85,1345.16,2019-07-28,2026-12-31 06:00:00
ALB-MOT-0004577,P0000368,73,MOT,AGGREGATOR,2019-05-18,2020-05-17,RN,N,3742.06,3742.06,INVALID,VALID,,,3742.06,2019-05-18,2026-12-31 06:00:00
ALB-MOT-0004596,P0000146,,MOT,BROKER,2020-09-02,2021-09-02,LP,N,4121.74,4121.74,VALID,VALID,Hall & Wright Insurance Services Ltd,8.65,4121.76,2021-07-29,2026-12-31 06:00:00
ALB-MOT-0004607,P0003083,,MOT,BROKER,2026-09-27,2027-09-27,IF,Y,3089.13,772.28,VALID,VALID,Baker & Hughes Insurance Services Ltd,13.91,3089.1599999999994,2027-08-23,2026-12-31 06:00:00
ALB-MOT-0004609,P0002410,493,MOT,AGGREGATOR,2023-12-20,2024-12-19,EX,N,809.59,809.59,VALID,VALID,,,742.1700000000002,2024-11-14,2026-12-31 06:00:00
ALB-MOT-0004612,P0000071,415,MOT,BROKER,2022-03-13,2023-03-13,RN,N,3924.59,3924.59,VALID,VALID,,,3597.5500000000006,2023-02-06,2026-12-31 06:00:00
ALB-MOT-0004621,P0001340,,MOT,DIRECT,2022-11-25,2023-11-25,RN,N,2544.76,2544.76,VALID,VALID,Jones & Baker Insurance Services Ltd,8.84,2544.76,2022-11-25,2026-12-31 06:00:00
ALB-MOT-0004625,P0001498,316,MOT,AGGREGATOR,2026-03-28,2027-03-28,IF,Y,1578.38,1183.79,VALID,VALID,,,1578.36,2027-02-21,2026-12-31 06:00:00
ALB-MOT-0004633,P0000168,312,MOT,BROKER,2018-05-29,2019-05-29,RN,N,1577.12,1577.12,VALID,VALID,Brown & Davies Insurance Services Ltd,14.49,1577.1600000000005,2019-04-24,2026-12-31 06:00:00
ALB-MOT-0004636,P0002839,,MOT,AGGREGATOR,2018-02-08,2019-02-08,IF,N,3051.75,3051.75,VALID,VALID,Hall & Hall Insurance Services Ltd,9.1,2797.41,2018-12-05,2026-12-31 06:00:00
ALB-MOT-0004657,P0000532,496,MOT,BROKER,2018-10-26,2019-10-26,EX,N,3134.89,3134.89,VALID,VALID,,,3134.89,2018-10-26,2026-12-31 06:00:00
ALB-MOT-0004662,P0000443,63,MOT,BROKER,2018-09-05,2019-09-05,CN,N,1827.09,1827.09,INVALID,VALID,Green & Murphy Insurance Services Ltd,11.43,1674.86,2019-08-01,2026-12-31 06:00:00
ALB-MOT-0004664,P0000162,,MOT,DIRECT,2019-01-12,2020-01-12,LP,N,1277.23,1277.23,VALID,VALID,Khan & Davies Insurance Services Ltd,12.18,1170.8400000000004,2019-12-08,2026-12-31 06:00:00
ALB-MOT-0004666,P0000947,,MOT,BROKER,2026-05-29,2027-05-29,EX,N,1520.64,887.04,VALID,VALID,Patel & Clarke Insurance Services Ltd,9.04,1520.64,2026-05-29,2026-12-31 06:00:00
ALB-MOT-0004679,P0000876,321,MOT,BROKER,2020-10-04,2021-10-04,EX,N,2190.8,2190.80,VALID,VALID,Jones & Baker Insurance Services Ltd,8.84,1825.6999999999996,2021-08-30,2026-12-31 06:00:00
ALB-MOT-0004692,P0001420,,MOT,AGGREGATOR,2020-08-16,2021-08-16,CN,N,1497.66,1497.66,VALID,VALID,,,1123.2899999999997,2021-07-12,2026-12-31 06:00:00
ALB-MOT-0004696,P0000624,305,MOT,DIRECT,2022-04-23,2023-04-23,IF,N,1241.89,1241.89,VALID,VALID,Brown & Davies Insurance Services Ltd,14.49,1138.3899999999999,2023-03-19,2026-12-31 06:00:00
ALB-MOT-0004703,P0001824,150,MOT,BROKER,2019-10-29,2020-10-28,EX,N,711.61,711.61,VALID,VALID,Taylor & Wilson Insurance Services Ltd,14.3,711.5999999999999,2020-09-23,2026-12-31 06:00:00
ALB-MOT-0004704,P0000928,90,MOT,DIRECT,2022-11-07,2023-11-07,EX,N,706.09,706.09,VALID,VALID,Baker & Hughes Insurance Services Ltd,12.55,647.2400000000002,2023-09-03,2026-12-31 06:00:00
ALB-MOT-0004708,P0001043,,MOT,DIRECT,2024-06-30,2025-06-30,LP,N,846.68,846.68,VALID,VALID,,,705.5999999999999,2025-05-26,2026-12-31 06:00:00
ALB-MOT-0004709,P0002566,,MOT,BROKER,2021-10-23,2022-10-23,IF,N,3845.7,3845.70,VALID,VALID,,,3845.6400000000012,2022-09-18,2026-12-31 06:00:00
ALB-MOT-0004712,P0003113,,MOT,BROKER,2021-09-11,2022-09-11,LP,N,2696.26,2696.26,VALID,VALID,Hall & Brown Insurance Services Ltd,13.16,2696.28,2022-08-07,2026-12-31 06:00:00
ALB-MOT-0004714,P0001169,,MOT,BROKER,2019-05-14,2020-05-13,IF,N,1935.37,1935.37,VALID,VALID,,,1774.08,2020-04-08,2026-12-31 06:00:00
ALB-MOT-0004723,P0002627,,MOT,AGGREGATOR,2024-04-10,2025-04-10,IF,N,939.38,939.38,VALID,VALID,,,939.38,2024-04-10,2026-12-31 06:00:00
ALB-MOT-0004727,P0001055,295,MOT,BROKER,2019-04-19,2020-04-18,EX,N,2033.01,2033.01,VALID,VALID,,,2033.01,2019-04-19,2026-12-31 06:00:00
ALB-MOT-0004729,P0002887,101,MOT,BROKER,2020-02-19,2021-02-18,IF,N,624.64,624.64,VALID,VALID,Davies & Wright Insurance Services Ltd,13.6,624.5999999999999,2021-01-14,2026-12-31 06:00:00
ALB-MOT-0004741,P0002415,268,MOT,BROKER,2018-09-01,2019-09-01,RN,N,2916.87,2916.87,VALID,VALID,Wilson & Wright Insurance Services Ltd,17.86,2673.77,2019-06-28,2026-12-31 06:00:00
ALB-MOT-0004743,P0002460,99,MOT,AGGREGATOR,2018-10-18,2019-10-18,RN,N,1120.0,1120.00,VALID,VALID,Hall & Khan Insurance Services Ltd,14.81,1120.0,2018-10-18,2026-12-31 06:00:00
ALB-MOT-0004746,P0003029,,MOT,BROKER,2021-09-24,2022-09-24,LP,N,3312.33,3312.33,VALID,VALID,,,3312.3599999999988,2022-08-20,2026-12-31 06:00:00
ALB-MOT-0004751,P0000998,167,MOT,BROKER,2018-02-06,2019-02-06,IF,N,1971.44,1971.44,VALID,VALID,Wilson & Wright Insurance Services Ltd,17.86,1971.44,2018-02-06,2026-12-31 06:00:00
ALB-MOT-0004760,P0002428,13,MOT,DIRECT,2018-02-28,2019-02-28,IF,N,822.31,822.31,VALID,VALID,,,822.31,2018-02-28,2026-12-31 06:00:00
ALB-MOT-0004766,P0000386,373,MOT,DIRECT,2018-07-05,2019-07-05,CN,N,4044.19,4044.19,VALID,VALID,,,4044.24,2019-05-31,2026-12-31 06:00:00
ALB-MOT-0004768,P0002481,,MOT,BROKER,2023-08-03,2024-08-02,RN,N,655.67,655.67,VALID,VALID,Baker & Hughes Insurance Services Ltd,12.55,655.67,2023-08-03,2026-12-31 06:00:00
ALB-MOT-0004772,P0001098,379,MOT,BROKER,2023-07-31,2024-07-30,EX,N,1684.35,1684.35,VALID,VALID,,,1684.3200000000006,2024-06-25,2026-12-31 06:00:00
ALB-MOT-0004780,P0000407,11,MOT,AGGREGATOR,2026-10-21,2027-10-21,EX,N,3166.5,527.75,VALID,VALID,,,3166.560000000001,2027-09-16,2026-12-31 06:00:00
ALB-MOT-0004785,P0000086,175,MOT,AGGREGATOR,2019-08-11,2020-08-10,IF,N,457.79,457.79,VALID,VALID,,,457.7999999999999,2020-07-06,2026-12-31 06:00:00
ALB-MOT-0004796,P0001632,,MOT,AGGREGATOR,2023-04-25,2024-04-24,LP,N,2767.88,2767.88,INVALID,VALID,Smith & Walker Insurance Services Ltd,18.79,2767.88,2023-04-25,2026-12-31 06:00:00
ALB-MOT-0004797,P0002165,301,MOT,DIRECT,2026-09-20,2027-09-20,IF,N,4164.01,1041.00,VALID,VALID,Davies & Green Insurance Services Ltd,7.72,4164.01,2026-09-20,2026-12-31 06:00:00
ALB-MOT-0004798,P0002576,,MOT,AGGREGATOR,2023-07-13,2024-07-12,IF,N,2355.37,2355.37,VALID,VALID,,,2355.37,2023-07-13,2026-12-31 06:00:00
ALB-MOT-0004810,P0000337,331,MOT,AGGREGATOR,2022-10-23,2023-10-23,IF,N,3661.28,3661.28,VALID,VALID,Williams & Hall Insurance Services Ltd,14.19,3661.320000000001,2023-09-18,2026-12-31 06:00:00
ALB-MOT-0004813,P0001009,,MOT,AGGREGATOR,2026-10-29,2027-10-29,LP,N,896.81,149.47,VALID,VALID,,,896.7600000000001,2027-09-24,2026-12-31 06:00:00
ALB-MOT-0004822,P0002058,,MOT,DIRECT,2024-01-28,2025-01-27,IF,N,923.97,923.97,VALID,VALID,Green & Murphy Insurance Services Ltd,11.43,,,2026-12-31 06:00:00
ALB-MOT-0004846,P0002384,,MOT,AGGREGATOR,2020-06-14,2021-06-14,IF,N,3140.95,3140.95,VALID,VALID,,,3140.95,2020-06-14,2026-12-31 06:00:00
ALB-MOT-0004858,P0002189,453,MOT,BROKER,2020-08-20,2021-08-20,RN,N,3934.39,3934.39,VALID,VALID,Baker & Brown Insurance Services Ltd,14.45,3934.439999999999,2021-07-16,2026-12-31 06:00:00
ALB-MOT-0004862,P0000221,127,MOT,BROKER,2018-03-28,2019-03-28,LP,N,3673.98,3673.98,VALID,VALID,Hall & Hall Insurance Services Ltd,9.1,3674.0400000000004,2019-02-21,2026-12-31 06:00:00
ALB-MOT-0004875,P0003026,38,MOT,AGGREGATOR,2019-04-14,2020-04-13,IF,N,1644.98,1644.98,VALID,VALID,Green & Patel Insurance Services Ltd,10.9,1507.8799999999999,2020-03-09,2026-12-31 06:00:00
ALB-MOT-0004888,P0000258,294,MOT,BROKER,2022-09-27,2023-09-27,LP,N,1892.11,1892.11,VALID,VALID,OBrien & Green Insurance Services Ltd,17.85,1892.1600000000005,2023-08-23,2026-12-31 06:00:00
ALB-MOT-0004901,P0001295,,MOT,BROKER,2024-05-04,2025-05-04,IF,N,2766.59,2766.59,VALID,VALID,,,2305.5,2025-03-30,2026-12-31 06:00:00
ALB-MOT-0004903,P0002181,87,MOT,DIRECT,2021-04-12,2022-04-12,IF,N,3260.83,3260.83,INVALID,VALID,Clarke & Davies Insurance Services Ltd,10.43,3260.879999999999,2022-03-08,2026-12-31 06:00:00
ALB-MOT-0004907,P0000969,125,MOT,AGGREGATOR,2022-03-24,2023-03-24,IF,N,1806.37,1806.37,VALID,VALID,OBrien & Patel Insurance Services Ltd,14.2,1655.83,2023-02-17,2026-12-31 06:00:00
ALB-MOT-0004924,P0000673,,MOT,BROKER,2024-04-08,2025-04-08,EX,N,3232.73,3232.73,VALID,VALID,,,3232.679999999999,2025-03-04,2026-12-31 06:00:00
ALB-MOT-0004930,P0000865,364,MOT,AGGREGATOR,2023-03-18,2024-03-17,EX,N,2727.62,2727.62,VALID,VALID,Smith & Brown Insurance Services Ltd,19.81,2727.6000000000004,2024-02-11,2026-12-31 06:00:00
ALB-MOT-0004933,P0001624,56,MOT,BROKER,2022-05-01,2023-05-01,IF,N,1638.75,1638.75,VALID,VALID,Smith & Davies Insurance Services Ltd,14.16,1638.75,2022-05-01,2026-12-31 06:00:00
ALB-MOT-0004942,P0003058,,MOT,BROKER,2026-10-01,2027-10-01,IF,Y,1429.89,357.47,VALID,VALID,,,1310.76,2027-08-27,2026-12-31 06:00:00
ALB-MOT-0004955,P0000038,17,MOT,AGGREGATOR,2020-09-24,2021-09-24,EX,N,3853.77,3853.77,VALID,VALID,Taylor & Johnson Insurance Services Ltd,17.25,3853.8000000000006,2021-08-20,2026-12-31 06:00:00
ALB-MOT-0004957,P0000296,134,MOT,DIRECT,2018-08-08,2019-08-08,RN,N,1770.31,1770.31,VALID,VALID,,,1770.36,2019-07-04,2026-12-31 06:00:00
ALB-MOT-0004966,P0003006,145,MOT,BROKER,2020-09-08,2021-09-08,IF,N,3290.75,3290.75,VALID,VALID,,,3290.75,2020-09-08,2026-12-31 06:00:00
ALB-MOT-0004967,P0002358,,MOT,AGGREGATOR,2018-02-10,2019-02-10,LP,N,1688.28,1688.28,VALID,VALID,Clarke & Wright Insurance Services Ltd,11.72,1688.28,2018-02-10,2026-12-31 06:00:00
ALB-MOT-0004970,P0001955,398,MOT,DIRECT,2026-07-06,2027-07-06,EX,N,3645.63,1519.01,VALID,VALID,,,3645.63,2026-07-06,2026-12-31 06:00:00
ALB-MOT-0004971,P0000573,179,MOT,DIRECT,2021-09-06,2022-09-06,RN,N,2111.12,2111.12,VALID,VALID,Hughes & Wright Insurance Services Ltd,8.65,2111.12,2021-09-06,2026-12-31 06:00:00
ALB-MOT-0004973,P0002579,,MOT,BROKER,2023-09-04,2024-09-03,EX,N,2742.82,2742.82,VALID,VALID,,,2742.84,2024-07-30,2026-12-31 06:00:00
ALB-MOT-0004987,P0002725,,MOT,DIRECT,2020-03-04,2021-03-04,IF,N,1565.81,1565.81,VALID,VALID,Wilson & Wright Insurance Services Ltd,17.86,1565.76,2021-01-28,2026-12-31 06:00:00
ALB-MOT-0004990,P0002138,,MOT,DIRECT,2020-12-13,2021-12-13,LP,N,1697.48,1697.48,VALID,VALID,OBrien & Green Insurance Services Ltd,17.85,1697.48,2020-12-13,2026-12-31 06:00:00
ALB-MOT-0004993,P0000699,107,MOT,BROKER,2021-03-28,2022-03-28,IF,N,2392.36,2392.36,VALID,VALID,Patel & Clarke Insurance Services Ltd,9.04,2392.36,2021-03-28,2026-12-31 06:00:00
ALB-MOT-0004996,P0001484,,MOT,BROKER,2020-09-05,2021-09-05,IF,N,1031.78,1031.78,VALID,VALID,,,1031.76,2021-08-01,2026-12-31 06:00:00
ALB-MOT-0005006,P0001289,98,MOT,BROKER,2019-08-20,2020-08-19,RN,N,4036.15,4036.15,VALID,VALID,Davies & Taylor Insurance Services Ltd,14.09,4036.1999999999994,2020-07-15,2026-12-31 06:00:00
ALB-MOT-0005010,P0001293,430,MOT,BROKER,2026-06-03,2027-06-03,LP,N,3137.89,1830.44,VALID,VALID,Baker & Wright Insurance Services Ltd,22.1,3137.89,2026-06-03,2026-12-31 06:00:00
ALB-MOT-0005013,P0000711,154,MOT,AGGREGATOR,2024-07-01,2025-07-01,RN,N,1789.99,1789.99,VALID,VALID,Khan & Smith Insurance Services Ltd,17.81,1790.0400000000002,2025-05-27,2026-12-31 06:00:00
ALB-MOT-0005014,P0002459,,MOT,BROKER,2022-07-31,2023-07-31,IF,N,2040.1,2040.10,VALID,VALID,Smith & Clarke Insurance Services Ltd,17.33,2040.1,2022-07-31,2026-12-31 06:00:00
ALB-MOT-0005018,P0000013,115,MOT,BROKER,2020-01-09,2021-01-08,IF,N,2077.18,2077.18,VALID,VALID,,,1904.0999999999995,2020-12-04,2026-12-31 06:00:00
ALB-MOT-0005019,P0001821,,MOT,DIRECT,2020-08-17,2021-08-17,EX,N,1320.35,1320.35,VALID,VALID,Hall & Khan Insurance Services Ltd,14.81,1320.35,2020-08-17,2026-12-31 06:00:00
ALB-MOT-0005030,P0002956,274,MOT,AGGREGATOR,2023-02-27,2024-02-27,IF,N,1271.37,1271.37,VALID,VALID,Baker & Williams Insurance Services Ltd,17.61,1165.4500000000003,2024-01-23,2026-12-31 06:00:00
ALB-MOT-0005031,P0002630,,MOT,BROKER,2020-11-09,2021-11-09,RN,N,2288.61,2288.61,VALID,VALID,,,2288.61,2020-11-09,2026-12-31 06:00:00
ALB-MOT-0005034,P0000011,,MOT,BROKER,2026-02-13,2027-02-13,IF,Y,801.37,667.81,VALID,VALID,Davies & Hughes Insurance Services Ltd,15.18,801.3599999999998,2027-01-09,2026-12-31 06:00:00
ALB-MOT-0005039,P0001845,258,MOT,DIRECT,2026-10-26,2027-10-26,IF,Y,2590.89,431.82,VALID,VALID,Hall & Wright Insurance Services Ltd,8.65,2590.92,2027-09-21,2026-12-31 06:00:00
ALB-MOT-0005041,P0000825,176,MOT,BROKER,2020-02-23,2021-02-22,IF,N,2647.91,2647.91,VALID,VALID,Patel & Clarke Insurance Services Ltd,9.04,2647.91,2020-02-23,2026-12-31 06:00:00
ALB-MOT-0005047,P0002242,,MOT,DIRECT,2020-09-02,2021-09-02,EX,N,3711.71,3711.71,VALID,VALID,,,3711.72,2021-07-29,2026-12-31 06:00:00
ALB-MOT-0005051,P0000297,81,MOT,BROKER,2021-03-30,2022-03-30,LP,N,1196.55,1196.55,VALID,VALID,,,1196.55,2021-03-30,2026-12-31 06:00:00
ALB-MOT-0005070,P0001902,,MOT,DIRECT,2020-09-03,2021-09-03,IF,N,2749.87,2749.87,VALID,VALID,Brown & Davies Insurance Services Ltd,14.49,,,2026-12-31 06:00:00
ALB-MOT-0005073,P0001584,,MOT,BROKER,2022-06-05,2023-06-05,RN,N,1245.37,1245.37,VALID,VALID,Johnson & Murphy Insurance Services Ltd,21.31,1245.36,2023-05-01,2026-12-31 06:00:00
ALB-MOT-0005076,P0001918,,MOT,BROKER,2026-04-16,2027-04-16,CN,N,2743.87,1829.25,VALID,VALID,,,,,2026-12-31 06:00:00
ALB-MOT-0005085,P0000348,123,MOT,BROKER,2024-09-17,2025-09-17,RN,N,2268.99,2268.99,VALID,VALID,Baker & Williams Insurance Services Ltd,17.61,2268.9599999999996,2025-08-13,2026-12-31 06:00:00
ALB-MOT-0005092,P0001286,,MOT,DIRECT,2025-07-18,2026-07-18,RN,N,2813.84,2813.84,VALID,VALID,Johnson & Hughes Insurance Services Ltd,17.19,2813.879999999999,2026-06-13,2026-12-31 06:00:00
ALB-MOT-0005107,P0000958,,MOT,AGGREGATOR,2020-07-28,2021-07-28,RN,N,2273.7,2273.70,VALID,VALID,Patel & Wilson Insurance Services Ltd,12.84,2273.7,2020-07-28,2026-12-31 06:00:00
ALB-MOT-0005111,P0001797,181,MOT,BROKER,2022-03-19,2023-03-19,RN,N,2498.92,2498.92,VALID,VALID,Williams & Williams Insurance Services Ltd,18.19,2498.92,2022-03-19,2026-12-31 06:00:00
ALB-MOT-0005113,P0001358,303,MOT,AGGREGATOR,2024-07-04,2025-07-04,LP,N,2063.79,2063.79,VALID,VALID,Wilson & Wright Insurance Services Ltd,17.86,1891.78,2025-04-30,2026-12-31 06:00:00
ALB-MOT-0005117,P0000385,,MOT,AGGREGATOR,2024-05-19,2025-05-19,IF,N,2223.63,2223.63,VALID,VALID,Johnson & Murphy Insurance Services Ltd,21.31,2038.2999999999997,2025-04-14,2026-12-31 06:00:00
ALB-MOT-0005119,P0002939,,MOT,BROKER,2018-09-24,2019-09-24,CN,N,1015.17,1015.17,VALID,VALID,Baker & Williams Insurance Services Ltd,17.61,846.0000000000001,2019-08-20,2026-12-31 06:00:00
ALB-MOT-0005124,P0002548,197,MOT,BROKER,2019-03-29,2020-03-28,EX,N,1157.87,1157.87,VALID,VALID,Hall & Murphy Insurance Services Ltd,10.45,1157.87,2019-03-29,2026-12-31 06:00:00
ALB-MOT-0005147,P0002517,,MOT,BROKER,2024-03-10,2025-03-10,CN,N,1553.17,1553.17,VALID,VALID,,,1423.7300000000005,2025-02-03,2026-12-31 06:00:00
ALB-MOT-0005151,P0002092,,MOT,DIRECT,2021-04-18,2022-04-18,EX,N,3437.31,3437.31,VALID,VALID,Davies & Taylor Insurance Services Ltd,14.09,3437.28,2022-03-14,2026-12-31 06:00:00
ALB-MOT-0005152,P0003114,479,MOT,BROKER,2019-09-30,2020-09-29,RN,N,568.73,568.73,VALID,VALID,,,568.73,2019-09-30,2026-12-31 06:00:00
ALB-MOT-0005153,P0001042,370,MOT,AGGREGATOR,2023-02-22,2024-02-22,RN,N,4056.73,4056.73,VALID,VALID,Johnson & Hughes Insurance Services Ltd,17.19,3718.66,2024-01-18,2026-12-31 06:00:00
ALB-MOT-0005154,P0002148,,MOT,AGGREGATOR,2018-01-18,2019-01-18,IF,N,3582.44,3582.44,INVALID,VALID,,,3582.48,2018-12-14,2026-12-31 06:00:00
ALB-MOT-0005165,P0002021,490,MOT,AGGREGATOR,2020-04-20,2021-04-20,EX,N,1802.7,1802.70,VALID,VALID,Walker & OBrien Insurance Services Ltd,10.5,1802.7,2020-04-20,2026-12-31 06:00:00
ALB-MOT-0005167,P0003081,393,MOT,BROKER,2021-09-10,2022-09-10,IF,N,2182.76,2182.76,INVALID,VALID,Robinson & Brown Insurance Services Ltd,15.85,2182.76,2021-09-10,2026-12-31 06:00:00
ALB-MOT-0005175,P0002713,423,MOT,BROKER,2020-09-04,2021-09-04,IF,N,1070.97,1070.97,VALID,VALID,,,1070.97,2020-09-04,2026-12-31 06:00:00
ALB-MOT-0005176,P0001763,75,MOT,AGGREGATOR,2023-05-05,2024-05-04,IF,N,1726.89,1726.89,VALID,VALID,Davies & Davies Insurance Services Ltd,17.73,1726.9200000000003,2024-03-30,2026-12-31 06:00:00
ALB-MOT-0005188,P0002601,,MOT,AGGREGATOR,2026-03-20,2027-03-20,LP,N,1269.61,952.21,VALID,VALID,,,1269.61,2026-03-20,2026-12-31 06:00:00
ALB-MOT-0005194,P0002105,208,MOT,BROKER,2025-09-29,2026-09-29,IF,N,1454.94,1454.94,VALID,VALID,,,1454.94,2025-09-29,2026-12-31 06:00:00
ALB-MOT-0005195,P0002245,441,MOT,BROKER,2020-03-05,2021-03-05,RN,N,3839.36,3839.36,VALID,VALID,Clarke & Wright Insurance Services Ltd,9.41,3839.399999999999,2021-01-29,2026-12-31 06:00:00
ALB-MOT-0005197,P0000074,4,MOT,DIRECT,2025-10-02,2026-10-02,IF,N,1867.99,1867.99,VALID,VALID,Baker & Brown Insurance Services Ltd,14.45,1868.0400000000002,2026-08-28,2026-12-31 06:00:00
ALB-MOT-0005200,P0001691,392,MOT,BROKER,2022-01-24,2023-01-24,IF,N,3025.26,3025.26,VALID,VALID,Clarke & Wright Insurance Services Ltd,9.41,2773.210000000001,2022-12-20,2026-12-31 06:00:00
ALB-PET-0000001,P0000936,,PET,DIRECT,2022-07-30,2023-07-30,IF,N,3100.09,3100.09,VALID,VALID,Johnson & Hall Insurance Services Ltd,21.38,3100.0800000000004,2023-06-25,2026-12-31 06:00:00
ALB-PET-0000005,P0000115,275,PET,BROKER,2024-11-16,2025-11-16,EX,N,2168.03,2168.03,VALID,VALID,OBrien & Patel Insurance Services Ltd,14.2,2168.03,2024-11-16,2026-12-31 06:00:00
ALB-PET-0000008,P0000565,,PET,BROKER,2019-01-01,2020-01-01,IF,N,652.39,652.39,VALID,VALID,,,652.4399999999999,2019-11-27,2026-12-31 06:00:00
ALB-PET-0000009,P0003029,,PET,BROKER,2024-07-10,2025-07-10,IF,N,1651.88,1651.88,VALID,VALID,,,1514.2600000000002,2025-06-05,2026-12-31 06:00:00
ALB-PET-0000016,P0000983,,PET,DIRECT,2022-09-29,2023-09-29,IF,N,2830.61,2830.61,INVALID,VALID,,,2830.560000000001,2023-08-25,2026-12-31 06:00:00
ALB-PET-0000025,P0001241,,PET,BROKER,2024-03-05,2025-03-05,CN,N,2154.98,2154.98,VALID,VALID,Smith & Brown Insurance Services Ltd,19.81,2154.98,2024-03-05,2026-12-31 06:00:00
ALB-PET-0000035,P0002322,,PET,DIRECT,2021-05-01,2022-05-01,IF,N,1380.18,1380.18,VALID,VALID,Robinson & Brown Insurance Services Ltd,15.85,1380.24,2022-03-27,2026-12-31 06:00:00
ALB-PET-0000037,P0001755,320,PET,BROKER,2023-08-01,2024-07-31,IF,N,2525.9,2525.90,VALID,VALID,,,2315.3900000000003,2024-06-26,2026-12-31 06:00:00
ALB-PET-0000039,P0001694,,PET,BROKER,2021-10-12,2022-10-12,IF,N,1683.71,1683.71,VALID,VALID,,,1683.71,2021-10-12,2026-12-31 06:00:00
ALB-PET-0000048,P0002707,,PET,AGGREGATOR,2024-05-25,2025-05-25,RN,N,3540.66,3540.66,VALID,VALID,,,3540.66,2024-05-25,2026-12-31 06:00:00
ALB-PET-0000049,P0000913,263,PET,DIRECT,2026-07-18,2027-07-18,RN,N,2592.19,1080.08,INVALID,VALID,Taylor & Murphy Insurance Services Ltd,20.48,2160.2000000000003,2027-06-13,2026-12-31 06:00:00
ALB-PET-0000056,P0001668,205,PET,BROKER,2021-01-16,2022-01-16,RN,N,3529.3,3529.30,VALID,VALID,Williams & Baker Insurance Services Ltd,16.38,3529.3,2021-01-16,2026-12-31 06:00:00
ALB-PET-0000057,P0000490,117,PET,BROKER,2019-05-10,2020-05-09,RN,N,2486.54,2486.54,VALID,VALID,Green & Murphy Insurance Services Ltd,11.43,2486.52,2020-04-04,2026-12-31 06:00:00
ALB-PET-0000060,P0002462,71,PET,BROKER,2026-09-16,2027-09-16,CN,N,2543.63,635.91,VALID,VALID,Baker & Williams Insurance Services Ltd,17.61,2543.6399999999994,2027-08-12,2026-12-31 06:00:00
ALB-PET-0000062,P0002751,,PET,DIRECT,2024-09-15,2025-09-15,IF,N,3743.4,3743.40,VALID,VALID,,,3119.4999999999995,2025-08-11,2026-12-31 06:00:00
ALB-PET-0000073,P0001702,452,PET,AGGREGATOR,2024-07-28,2025-07-28,IF,N,627.87,627.87,VALID,VALID,,,575.5200000000001,2025-06-23,2026-12-31 06:00:00
ALB-PET-0000083,P0001110,,PET,AGGREGATOR,2024-10-17,2025-10-17,IF,N,3874.66,3874.66,VALID,VALID,,,3874.679999999999,2025-09-12,2026-12-31 06:00:00
ALB-PET-0000090,P0000102,139,PET,BROKER,2020-09-02,2021-09-02,EX,N,2092.15,2092.15,VALID,VALID,Wilson & OBrien Insurance Services Ltd,9.12,1917.8499999999995,2021-07-29,2026-12-31 06:00:00
ALB-PET-0000093,P0000673,,PET,DIRECT,2026-07-21,2027-07-21,EX,N,186.03,77.51,VALID,VALID,Jones & Baker Insurance Services Ltd,8.84,186.03,2026-07-21,2026-12-31 06:00:00
ALB-PET-0000102,P0002687,216,PET,DIRECT,2021-10-22,2022-10-22,IF,N,1420.97,1420.97,VALID,VALID,Wilson & Johnson Insurance Services Ltd,21.61,1420.92,2022-09-17,2026-12-31 06:00:00
ALB-PET-0000104,P0000608,297,PET,AGGREGATOR,2026-09-11,2027-09-11,IF,Y,2699.12,674.78,VALID,VALID,,,2699.16,2027-08-07,2026-12-31 06:00:00
ALB-PET-0000120,P0001612,272,PET,BROKER,2026-06-22,2027-06-22,LP,N,1299.85,649.92,VALID,VALID,Patel & Wilson Insurance Services Ltd,12.84,1191.5199999999995,2027-05-18,2026-12-31 06:00:00
ALB-PET-0000125,P0001501,442,PET,BROKER,2024-10-11,2025-10-11,IF,N,391.45,391.45,VALID,VALID,Patel & Clarke Insurance Services Ltd,9.04,391.44,2025-09-06,2026-12-31 06:00:00
ALB-PET-0000129,P0000383,381,PET,BROKER,2018-04-04,2019-04-04,LP,N,1229.68,1229.68,VALID,VALID,,,1229.64,2019-02-28,2026-12-31 06:00:00
ALB-PET-0000133,P0003149,,PET,DIRECT,2020-05-22,2021-05-22,IF,N,853.66,853.66,VALID,VALID,Patel & Taylor Insurance Services Ltd,13.95,853.68,2021-04-17,2026-12-31 06:00:00
ALB-PET-0000141,P0001669,170,PET,DIRECT,2026-11-12,2027-11-12,EX,N,2679.55,223.30,VALID,VALID,Johnson & Hall Insurance Services Ltd,21.38,2679.6000000000004,2027-10-08,2026-12-31 06:00:00
ALB-PET-0000148,P0000542,193,PET,BROKER,2025-01-23,2026-01-23,LP,N,3325.63,3325.63,VALID,VALID,Johnson & Murphy Insurance Services Ltd,21.31,3325.63,2025-01-23,2026-12-31 06:00:00
ALB-PET-0000149,P0002158,,PET,AGGREGATOR,2026-10-27,2027-10-27,IF,N,2004.14,334.02,VALID,VALID,Davies & Green Insurance Services Ltd,7.72,2004.14,2026-10-27,2026-12-31 06:00:00
ALB-PET-0000155,P0002417,,PET,BROKER,2023-09-08,2024-09-07,RN,N,668.6,668.60,VALID,VALID,Davies & Taylor Insurance Services Ltd,14.09,612.9200000000002,2024-08-03,2026-12-31 06:00:00
ALB-PET-0000156,P0000639,450,PET,BROKER,2020-11-03,2021-11-03,EX,N,3342.51,3342.51,VALID,VALID,Clarke & Wright Insurance Services Ltd,9.41,3342.48,2021-09-29,2026-12-31 06:00:00
ALB-PET-0000160,P0001313,,PET,AGGREGATOR,2023-08-24,2024-08-23,IF,N,3970.96,3970.96,VALID,VALID,,,3970.96,2023-08-24,2026-12-31 06:00:00
ALB-PET-0000168,P0000456,105,PET,BROKER,2020-03-20,2021-03-20,IF,N,2051.67,2051.67,VALID,VALID,,,2051.64,2021-02-13,2026-12-31 06:00:00
ALB-PET-0000172,P0000411,355,PET,AGGREGATOR,2020-08-15,2021-08-15,IF,N,1491.96,1491.96,VALID,VALID,,,1491.96,2020-08-15,2026-12-31 06:00:00
ALB-PET-0000174,P0000895,73,PET,DIRECT,2022-05-07,2023-05-07,IF,N,3432.41,3432.41,VALID,VALID,,,3432.3599999999988,2023-04-02,2026-12-31 06:00:00
ALB-PET-0000177,P0000320,,PET,AGGREGATOR,2025-07-15,2026-07-15,RN,N,4082.68,4082.68,VALID,VALID,Davies & Davies Insurance Services Ltd,17.73,4082.68,2025-07-15,2026-12-31 06:00:00
ALB-PET-0000179,P0000464,241,PET,DIRECT,2024-02-12,2025-02-11,RN,N,3084.13,3084.13,VALID,VALID,Brown & Jones Insurance Services Ltd,10.15,3084.13,2024-02-12,2026-12-31 06:00:00
ALB-PET-0000185,P0001880,170,PET,AGGREGATOR,2020-07-25,2021-07-25,EX,N,2201.81,2201.81,VALID,VALID,,,2018.28,2021-06-20,2026-12-31 06:00:00
ALB-PET-0000189,P0000210,256,PET,DIRECT,2023-12-21,2024-12-20,IF,N,2087.79,2087.79,VALID,VALID,Khan & Davies Insurance Services Ltd,12.18,1739.8,2024-11-15,2026-12-31 06:00:00
ALB-PET-0000195,P0002321,251,PET,BROKER,2026-12-26,2027-12-26,IF,Y,3916.42,0.00,VALID,VALID,,,3590.0699999999993,2027-11-21,2026-12-31 06:00:00
ALB-PET-0000196,P0002681,,PET,BROKER,2026-04-12,2027-04-12,IF,Y,965.23,643.49,VALID,VALID,Davies & Wright Insurance Services Ltd,13.6,965.2800000000002,2027-03-08,2026-12-31 06:00:00
ALB-PET-0000200,P0000355,368,PET,DIRECT,2022-10-23,2023-10-23,RN,N,1432.09,1432.09,VALID,VALID,Jones & Robinson Insurance Services Ltd,21.97,1432.09,2022-10-23,2026-12-31 06:00:00
ALB-PET-0000201,P0000947,,PET,DIRECT,2025-09-03,2026-09-03,EX,N,1047.32,1047.32,VALID,VALID,,,960.0799999999998,2026-07-30,2026-12-31 06:00:00
ALB-PET-0000202,P0000232,,PET,AGGREGATOR,2026-10-15,2027-10-15,CN,N,2344.84,390.81,VALID,VALID,,,2344.84,2026-10-15,2026-12-31 06:00:00
ALB-PET-0000213,P0002094,,PET,BROKER,2025-08-23,2026-08-23,IF,N,1269.2,1269.20,VALID,VALID,,,1269.2,2025-08-23,2026-12-31 06:00:00
ALB-PET-0000220,P0002034,127,PET,BROKER,2019-03-16,2020-03-15,RN,N,1223.94,1223.94,VALID,VALID,Brown & Davies Insurance Services Ltd,14.49,1224.0,2020-02-09,2026-12-31 06:00:00
ALB-PET-0000227,P0000355,368,PET,AGGREGATOR,2019-06-12,2020-06-11,LP,N,2650.99,2650.99,VALID,VALID,Davies & Taylor Insurance Services Ltd,14.09,2651.0400000000004,2020-05-07,2026-12-31 06:00:00
ALB-PET-0000228,P0001788,312,PET,BROKER,2026-11-25,2027-11-25,LP,N,2139.72,178.31,VALID,VALID,Wilson & Wright Insurance Services Ltd,7.87,2139.72,2027-10-21,2026-12-31 06:00:00
ALB-PET-0000229,P0001888,207,PET,DIRECT,2024-05-21,2025-05-21,IF,N,1141.94,1141.94,VALID,VALID,Khan & Davies Insurance Services Ltd,12.18,1046.7599999999998,2025-04-16,2026-12-31 06:00:00
ALB-PET-0000230,P0000747,5,PET,BROKER,2021-11-04,2022-11-04,RN,N,4008.86,4008.86,VALID,VALID,Khan & Smith Insurance Services Ltd,17.81,4008.8400000000006,2022-09-30,2026-12-31 06:00:00
ALB-PET-0000232,P0000392,160,PET,AGGREGATOR,2020-10-28,2021-10-28,RN,N,961.06,961.06,VALID,VALID,Taylor & Johnson Insurance Services Ltd,17.25,961.0800000000003,2021-09-23,2026-12-31 06:00:00
ALB-PET-0000237,P0003191,,PET,DIRECT,2018-08-26,2019-08-26,IF,N,441.8,441.80,VALID,VALID,Davies & Davies Insurance Services Ltd,17.73,441.8,2018-08-26,2026-12-31 06:00:00
ALB-PET-0000239,P0001092,75,PET,BROKER,2023-05-18,2024-05-17,EX,N,494.41,494.41,VALID,VALID,Baker & Williams Insurance Services Ltd,17.61,494.41,2023-05-18,2026-12-31 06:00:00
ALB-PET-0000250,P0002465,44,PET,DIRECT,2022-09-03,2023-09-03,IF,N,3667.46,3667.46,VALID,VALID,Williams & Hall Insurance Services Ltd,14.19,3361.8199999999993,2023-07-30,2026-12-31 06:00:00
ALB-PET-0000254,P0000204,377,PET,BROKER,2019-07-27,2020-07-26,IF,N,568.49,568.49,VALID,VALID,,,473.7,2020-06-21,2026-12-31 06:00:00
ALB-PET-0000267,P0001967,12,PET,BROKER,2018-03-23,2019-03-23,LP,N,2151.15,2151.15,VALID,VALID,Hall & Hall Insurance Services Ltd,9.1,2151.15,2018-03-23,2026-12-31 06:00:00
ALB-PET-0000276,P0002311,,PET,BROKER,2026-04-10,2027-04-10,RN,N,2827.92,1885.28,VALID,VALID,,,2827.9199999999996,2027-03-06,2026-12-31 06:00:00
ALB-PET-0000284,P0002694,,PET,BROKER,2023-07-06,2024-07-05,IF,N,189.81,189.81,VALID,VALID,,,158.19999999999996,2024-05-31,2026-12-31 06:00:00
ALB-PET-0000290,P0001022,203,PET,DIRECT,2018-06-02,2019-06-02,RN,N,3508.32,3508.32,VALID,VALID,,,3215.960000000001,2019-04-28,2026-12-31 06:00:00
ALB-PET-0000293,P0002969,,PET,BROKER,2018-08-24,2019-08-24,RN,N,2044.07,2044.07,VALID,VALID,,,2044.0799999999997,2019-07-20,2026-12-31 06:00:00
ALB-PET-0000296,P0001794,,PET,BROKER,2022-10-29,2023-10-29,RN,N,3345.04,3345.04,VALID,VALID,,,3345.04,2022-10-29,2026-12-31 06:00:00
ALB-PET-0000297,P0001991,109,PET,BROKER,2018-06-25,2019-06-25,LP,N,814.48,814.48,VALID,VALID,Williams & Hall Insurance Services Ltd,14.19,746.57,2019-05-21,2026-12-31 06:00:00
ALB-PET-0000300,P0000748,90,PET,DIRECT,2023-03-29,2024-03-28,IF,N,999.65,999.65,VALID,VALID,Patel & Clarke Insurance Services Ltd,9.04,999.5999999999998,2024-02-22,2026-12-31 06:00:00
ALB-PET-0000301,P0002144,453,PET,DIRECT,2018-05-22,2019-05-22,IF,N,742.28,742.28,VALID,VALID,,,742.32,2019-04-17,2026-12-31 06:00:00
ALB-PET-0000304,P0000068,184,PET,BROKER,2018-09-23,2019-09-23,EX,N,2657.7,2657.70,INVALID,VALID,Hall & Baker Insurance Services Ltd,14.43,2657.7,2018-09-23,2026-12-31 06:00:00
ALB-PET-0000305,P0001998,,PET,BROKER,2021-01-24,2022-01-24,IF,N,1334.13,1334.13,VALID,VALID,,,1334.13,2021-01-24,2026-12-31 06:00:00
ALB-PET-0000333,P0003152,322,PET,BROKER,2020-02-07,2021-02-06,IF,N,2802.31,2802.31,VALID,VALID,Davies & Taylor Insurance Services Ltd,14.09,2802.3600000000006,2021-01-02,2026-12-31 06:00:00
ALB-PET-0000344,P0001666,,PET,DIRECT,2022-08-27,2023-08-27,CN,N,3841.01,3841.01,VALID,VALID,Hall & Murphy Insurance Services Ltd,10.45,3841.01,2022-08-27,2026-12-31 06:00:00
ALB-PET-0000345,P0002733,,PET,AGGREGATOR,2020-08-20,2021-08-20,CN,N,2727.84,2727.84,VALID,VALID,Green & Patel Insurance Services Ltd,10.9,2500.52,2021-07-16,2026-12-31 06:00:00
ALB-PET-0000350,P0000807,298,PET,BROKER,2022-11-01,2023-11-01,IF,N,619.29,619.29,VALID,VALID,Baker & Wright Insurance Services Ltd,22.1,619.32,2023-09-27,2026-12-31 06:00:00
ALB-PET-0000351,P0001217,,PET,DIRECT,2023-02-12,2024-02-12,EX,N,2502.11,2502.11,VALID,VALID,Baker & Williams Insurance Services Ltd,17.61,2502.11,2023-02-12,2026-12-31 06:00:00
ALB-PET-0000360,P0001254,190,PET,AGGREGATOR,2020-05-19,2021-05-19,EX,N,2158.86,2158.86,VALID,VALID,,,2158.86,2020-05-19,2026-12-31 06:00:00
ALB-PET-0000364,P0001226,224,PET,DIRECT,2019-02-21,2020-02-21,IF,N,1620.9,1620.90,VALID,VALID,Wilson & Wright Insurance Services Ltd,17.86,1620.9,2019-02-21,2026-12-31 06:00:00
ALB-PET-0000368,P0000072,446,PET,BROKER,2026-02-11,2027-02-11,EX,N,1287.4,1072.83,VALID,VALID,Hall & Hall Insurance Services Ltd,9.1,1287.4,2026-02-11,2026-12-31 06:00:00
ALB-PET-0000369,P0001072,284,PET,DIRECT,2025-12-31,2026-12-31,LP,N,2889.78,2889.78,VALID,VALID,,,2649.02,2026-11-26,2026-12-31 06:00:00
ALB-PET-0000376,P0001914,165,PET,BROKER,2018-02-15,2019-02-15,LP,N,540.65,540.65,VALID,VALID,,,450.50000000000006,2018-11-12,2026-12-31 06:00:00
ALB-PET-0000395,P0000149,326,PET,BROKER,2021-08-11,2022-08-11,IF,N,2663.83,2663.83,VALID,VALID,Johnson & Murphy Insurance Services Ltd,21.31,2663.88,2022-07-07,2026-12-31 06:00:00
ALB-PET-0000405,P0000582,76,PET,BROKER,2019-01-08,2020-01-08,IF,N,634.58,634.58,VALID,VALID,,,581.6800000000001,2019-12-04,2026-12-31 06:00:00
ALB-PET-0000413,P0000409,383,PET,BROKER,2024-05-12,2025-05-12,IF,N,1520.36,1520.36,VALID,VALID,,,1520.4000000000003,2025-04-07,2026-12-31 06:00:00
ALB-PET-0000418,P0001699,264,PET,BROKER,2018-10-23,2019-10-23,EX,N,870.47,870.47,VALID,VALID,Smith & Brown Insurance Services Ltd,19.81,870.4799999999999,2019-09-18,2026-12-31 06:00:00
ALB-PET-0000427,P0001961,,PET,BROKER,2024-03-04,2025-03-04,RN,N,3269.95,3269.95,VALID,VALID,Taylor & Johnson Insurance Services Ltd,17.25,3269.95,2024-03-04,2026-12-31 06:00:00
ALB-PET-0000429,P0001703,,PET,AGGREGATOR,2022-12-28,2023-12-28,LP,N,3863.13,3863.13,VALID,VALID,Hall & Khan Insurance Services Ltd,14.81,,,2026-12-31 06:00:00
ALB-PET-0000434,P0001235,,PET,AGGREGATOR,2019-11-23,2020-11-22,IF,N,3214.56,3214.56,VALID,VALID,Taylor & Murphy Insurance Services Ltd,20.48,3214.560000000001,2020-10-18,2026-12-31 06:00:00
ALB-PET-0000436,P0001665,8,PET,BROKER,2022-11-30,2023-11-30,RN,N,2390.12,2390.12,VALID,VALID,,,2390.12,2022-11-30,2026-12-31 06:00:00
ALB-PET-0000464,P0002563,66,PET,BROKER,2018-01-06,2019-01-06,EX,N,3207.23,3207.23,VALID,VALID,Smith & Walker Insurance Services Ltd,18.79,3207.23,2018-01-06,2026-12-31 06:00:00
ALB-PET-0000483,P0001211,95,PET,DIRECT,2022-04-13,2023-04-13,RN,N,2320.75,2320.75,INVALID,VALID,Wilson & OBrien Insurance Services Ltd,9.12,2320.8000000000006,2023-03-09,2026-12-31 06:00:00
ALB-PET-0000487,P0003006,145,PET,BROKER,2022-08-22,2023-08-22,IF,N,2954.29,2954.29,VALID,VALID,,,2954.28,2023-07-18,2026-12-31 06:00:00
ALB-PET-0000496,P0001591,397,PET,BROKER,2022-04-23,2023-04-23,EX,N,2965.67,2965.67,VALID,VALID,OBrien & Green Insurance Services Ltd,17.85,2965.67,2022-04-23,2026-12-31 06:00:00
ALB-PET-0000500,P0000321,348,PET,BROKER,2018-04-26,2019-04-26,LP,N,3860.96,3860.96,VALID,VALID,,,3860.96,2018-04-26,2026-12-31 06:00:00
ALB-PET-0000505,P0001722,460,PET,DIRECT,2024-03-19,2025-03-19,IF,N,3136.17,3136.17,VALID,VALID,,,2874.8499999999995,2025-02-12,2026-12-31 06:00:00
ALB-PET-0000512,P0001465,203,PET,DIRECT,2025-12-07,2026-12-07,RN,N,2648.73,2648.73,VALID,VALID,,,2648.73,2025-12-07,2026-12-31 06:00:00
ALB-PET-0000521,P0000991,171,PET,BROKER,2021-07-28,2022-07-28,CN,N,1425.74,1425.74,VALID,VALID,,,1306.9099999999996,2022-06-23,2026-12-31 06:00:00
ALB-PET-0000525,P0002052,,PET,BROKER,2022-06-14,2023-06-14,IF,N,453.96,453.96,VALID,VALID,Wilson & Johnson Insurance Services Ltd,21.61,453.96,2022-06-14,2026-12-31 06:00:00
ALB-PET-0000526,P0002928,,PET,BROKER,2022-07-13,2023-07-13,LP,N,835.22,835.22,VALID,VALID,Patel & Taylor Insurance Services Ltd,13.95,835.22,2022-07-13,2026-12-31 06:00:00
ALB-PET-0000553,P0002186,,PET,BROKER,2022-12-19,2023-12-19,EX,N,1446.48,1446.48,VALID,VALID,,,1446.4799999999998,2023-11-14,2026-12-31 06:00:00
ALB-PET-0000557,P0001857,346,PET,AGGREGATOR,2023-09-22,2024-09-21,IF,N,1526.31,1526.31,VALID,VALID,Davies & Taylor Insurance Services Ltd,14.09,1526.31,2023-09-22,2026-12-31 06:00:00
ALB-PET-0000558,P0000589,329,PET,DIRECT,2021-05-09,2022-05-09,IF,N,2632.82,2632.82,VALID,VALID,Wilson & Johnson Insurance Services Ltd,21.61,2413.4000000000005,2022-04-04,2026-12-31 06:00:00
ALB-PET-0000560,P0001744,,PET,AGGREGATOR,2022-07-19,2023-07-19,LP,N,1513.03,1513.03,VALID,VALID,,,1513.08,2023-06-14,2026-12-31 06:00:00
ALB-PET-0000561,P0001097,,PET,BROKER,2026-07-07,2027-07-07,IF,Y,3829.84,1595.77,INVALID,VALID,,,3510.6500000000005,2027-06-02,2026-12-31 06:00:00
ALB-PET-0000565,P0002742,469,PET,AGGREGATOR,2019-11-08,2020-11-07,EX,N,2143.99,2143.99,VALID,VALID,Hall & Murphy Insurance Services Ltd,10.45,1965.3700000000003,2020-10-03,2026-12-31 06:00:00
ALB-PET-0000569,P0002720,,PET,BROKER,2020-11-20,2021-11-20,IF,N,3055.31,3055.31,VALID,VALID,,,3055.31,2020-11-20,2026-12-31 06:00:00
ALB-PET-0000575,P0002920,5,PET,AGGREGATOR,2021-05-15,2022-05-15,LP,N,3997.13,3997.13,VALID,VALID,Johnson & Murphy Insurance Services Ltd,17.99,3997.13,2021-05-15,2026-12-31 06:00:00
ALB-PET-0000576,P0000452,207,PET,BROKER,2026-06-19,2027-06-19,LP,N,1849.17,924.59,VALID,VALID,Green & Patel Insurance Services Ltd,10.9,1849.1999999999996,2027-05-15,2026-12-31 06:00:00
ALB-PET-0000578,P0001175,,PET,BROKER,2023-10-05,2024-10-04,IF,N,580.17,580.17,VALID,VALID,Wilson & Johnson Insurance Services Ltd,21.61,531.8500000000001,2024-08-30,2026-12-31 06:00:00
ALB-PET-0000590,P0002059,,PET,BROKER,2023-03-08,2024-03-07,LP,N,3310.94,3310.94,VALID,VALID,Smith & Clarke Insurance Services Ltd,17.33,3310.9199999999996,2024-02-01,2026-12-31 06:00:00
ALB-PET-0000602,P0000350,124,PET,BROKER,2018-08-18,2019-08-18,IF,N,4081.49,4081.49,VALID,VALID,,,4081.439999999999,2019-07-14,2026-12-31 06:00:00
ALB-PET-0000604,P0001888,207,PET,BROKER,2019-02-08,2020-02-08,EX,N,1032.2,1032.20,VALID,VALID,Hall & Baker Insurance Services Ltd,14.43,1032.24,2020-01-04,2026-12-31 06:00:00
ALB-PET-0000613,P0001970,,PET,BROKER,2023-08-21,2024-08-20,IF,N,1061.88,1061.88,VALID,VALID,Hall & Hall Insurance Services Ltd,9.1,1061.8799999999999,2024-07-16,2026-12-31 06:00:00
ALB-PET-0000616,P0002702,,PET,BROKER,2026-12-16,2027-12-16,RN,N,1715.83,0.00,VALID,VALID,Hughes & Wright Insurance Services Ltd,8.65,1715.83,2026-12-16,2026-12-31 06:00:00
ALB-PET-0000624,P0003101,,PET,DIRECT,2019-03-09,2020-03-08,RN,N,2645.64,2645.64,VALID,VALID,Davies & Hughes Insurance Services Ltd,15.18,2645.64,2019-03-09,2026-12-31 06:00:00
ALB-PET-0000636,P0001738,286,PET,AGGREGATOR,2024-09-11,2025-09-11,IF,N,2847.7,2847.70,VALID,VALID,Smith & Clarke Insurance Services Ltd,17.33,2610.41,2025-08-07,2026-12-31 06:00:00
ALB-PET-0000647,P0002237,402,PET,DIRECT,2024-01-26,2025-01-25,LP,N,2141.72,2141.72,VALID,VALID,Smith & Brown Insurance Services Ltd,19.81,2141.72,2024-01-26,2026-12-31 06:00:00
ALB-PET-0000648,P0002586,,PET,DIRECT,2024-07-27,2025-07-27,IF,N,1209.52,1209.52,VALID,VALID,Green & Murphy Insurance Services Ltd,11.43,1108.6899999999998,2025-06-22,2026-12-31 06:00:00
ALB-PET-0000649,P0002528,,PET,DIRECT,2019-03-04,2020-03-03,IF,N,747.93,747.93,VALID,VALID,,,747.93,2019-03-04,2026-12-31 06:00:00
ALB-PET-0000651,P0000414,35,PET,DIRECT,2022-06-19,2023-06-19,IF,N,428.7,428.70,INVALID,VALID,,,428.76000000000005,2023-05-15,2026-12-31 06:00:00
ALB-PET-0000658,P0002929,,PET,BROKER,2023-09-16,2024-09-15,IF,N,256.69,256.69,VALID,VALID,Taylor & Walker Insurance Services Ltd,13.94,256.69,2023-09-16,2026-12-31 06:00:00
ALB-PET-0000661,P0000852,22,PET,BROKER,2018-09-22,2019-09-22,IF,N,1555.55,1555.55,VALID,VALID,Wilson & Wright Insurance Services Ltd,17.86,1296.3000000000002,2019-08-18,2026-12-31 06:00:00
ALB-PET-0000664,P0002913,,PET,BROKER,2025-02-22,2026-02-22,LP,N,1643.24,1643.24,VALID,VALID,,,1643.2800000000004,2026-01-18,2026-12-31 06:00:00
ALB-PET-0000665,P0000142,,PET,AGGREGATOR,2024-12-07,2025-12-07,LP,N,596.91,596.91,VALID,VALID,OBrien & Patel Insurance Services Ltd,14.2,547.14,2025-11-02,2026-12-31 06:00:00
ALB-PET-0000667,P0000071,415,PET,BROKER,2018-07-19,2019-07-19,EX,N,562.16,562.16,VALID,VALID,Robinson & Brown Insurance Services Ltd,15.85,515.3500000000001,2019-06-14,2026-12-31 06:00:00
ALB-PET-0000675,P0001275,441,PET,AGGREGATOR,2025-10-30,2026-10-30,CN,N,268.35,268.35,VALID,VALID,Hall & Khan Insurance Services Ltd,14.81,268.32000000000005,2026-09-25,2026-12-31 06:00:00
ALB-PET-0000676,P0000425,,PET,BROKER,2026-11-24,2027-11-24,IF,Y,2175.64,181.30,VALID,VALID,,,2175.64,2026-11-24,2026-12-31 06:00:00
ALB-PET-0000687,P0000729,101,PET,BROKER,2026-11-17,2027-11-17,LP,N,596.2,49.68,VALID,VALID,Williams & Baker Insurance Services Ltd,16.38,596.2,2026-11-17,2026-12-31 06:00:00
ALB-PET-0000693,P0002781,,PET,BROKER,2023-07-05,2024-07-04,RN,N,1030.55,1030.55,VALID,VALID,,,944.68,2024-05-30,2026-12-31 06:00:00
ALB-PET-0000695,P0000558,,PET,AGGREGATOR,2023-03-14,2024-03-13,RN,N,3354.45,3354.45,VALID,VALID,,,3354.45,2023-03-14,2026-12-31 06:00:00
ALB-PET-0000703,P0000598,150,PET,BROKER,2024-10-02,2025-10-02,RN,N,2214.68,2214.68,VALID,VALID,Robinson & Brown Insurance Services Ltd,15.85,2214.68,2024-10-02,2026-12-31 06:00:00
ALB-PET-0000708,P0000913,263,PET,BROKER,2024-12-31,2025-12-31,IF,N,2694.57,2694.57,INVALID,VALID,Green & Jones Insurance Services Ltd,21.44,2245.5,2025-11-26,2026-12-31 06:00:00
ALB-PET-0000709,P0000355,368,PET,BROKER,2021-08-05,2022-08-05,RN,N,3080.86,3080.86,VALID,VALID,OBrien & Green Insurance Services Ltd,17.85,2824.1399999999994,2022-07-01,2026-12-31 06:00:00
ALB-PET-0000713,P0001733,267,PET,AGGREGATOR,2024-02-26,2025-02-25,IF,N,1076.57,1076.57,VALID,VALID,Smith & Brown Insurance Services Ltd,19.81,1076.57,2024-02-26,2026-12-31 06:00:00
ALB-PET-0000715,P0000743,,PET,AGGREGATOR,2021-01-16,2022-01-16,IF,N,1725.44,1725.44,VALID,VALID,,,1725.4799999999998,2021-12-12,2026-12-31 06:00:00
ALB-PET-0000744,P0000778,,PET,AGGREGATOR,2025-05-09,2026-05-09,CN,N,3949.78,3949.78,VALID,VALID,,,3620.6500000000005,2026-04-04,2026-12-31 06:00:00
ALB-PET-0000750,P0000454,354,PET,BROKER,2019-09-07,2020-09-06,CN,N,3679.34,3679.34,VALID,VALID,Walker & OBrien Insurance Services Ltd,10.5,3372.710000000001,2020-08-02,2026-12-31 06:00:00
ALB-PET-0000753,P0001370,,PET,AGGREGATOR,2023-06-28,2024-06-27,IF,N,3446.12,3446.12,VALID,VALID,,,2871.7999999999997,2024-05-23,2026-12-31 06:00:00
ALB-PET-0000773,P0002924,32,PET,DIRECT,2025-08-13,2026-08-13,IF,N,2483.37,2483.37,VALID,VALID,Davies & Brown Insurance Services Ltd,22.12,2069.5,2026-07-09,2026-12-31 06:00:00
ALB-PET-0000784,P0000488,451,PET,BROKER,2019-01-20,2020-01-20,LP,N,1245.79,1245.79,VALID,VALID,Clarke & Wright Insurance Services Ltd,11.72,1245.8399999999995,2019-12-16,2026-12-31 06:00:00
ALB-PET-0000787,P0002906,84,PET,BROKER,2024-08-24,2025-08-24,RN,N,1558.67,1558.67,VALID,VALID,,,1558.67,2024-08-24,2026-12-31 06:00:00
ALB-PET-0000796,P0000909,416,PET,DIRECT,2025-09-05,2026-09-05,EX,N,1915.24,1915.24,VALID,VALID,OBrien & Green Insurance Services Ltd,17.85,1915.1999999999996,2026-08-01,2026-12-31 06:00:00
ALB-PET-0000797,P0002600,,PET,BROKER,2022-11-16,2023-11-16,IF,N,271.94,271.94,VALID,VALID,,,271.94,2022-11-16,2026-12-31 06:00:00
ALB-PET-0000799,P0001422,,PET,DIRECT,2021-08-04,2022-08-04,EX,N,834.15,834.15,VALID,VALID,Hall & Khan Insurance Services Ltd,14.81,834.12,2022-06-30,2026-12-31 06:00:00
ALB-PET-0000800,P0002260,227,PET,DIRECT,2021-12-11,2022-12-11,IF,N,799.61,799.61,VALID,VALID,,,799.56,2022-11-06,2026-12-31 06:00:00
ALB-PET-0000805,P0000423,21,PET,BROKER,2026-08-01,2027-08-01,IF,Y,3512.44,1463.52,VALID,VALID,,,3512.399999999999,2027-06-27,2026-12-31 06:00:00
ALB-PET-0000816,P0001776,184,PET,DIRECT,2020-09-18,2021-09-18,CN,N,1305.3,1305.30,VALID,VALID,Williams & Hall Insurance Services Ltd,14.19,1196.47,2021-08-14,2026-12-31 06:00:00
ALB-PET-0000821,P0000481,282,PET,BROKER,2024-05-30,2025-05-30,LP,N,451.83,451.83,VALID,VALID,Taylor & Johnson Insurance Services Ltd,17.25,451.83,2024-05-30,2026-12-31 06:00:00
ALB-PET-0000823,P0002409,,PET,BROKER,2019-06-15,2020-06-14,IF,N,2192.61,2192.61,VALID,VALID,Wilson & Wright Insurance Services Ltd,7.87,2192.61,2019-06-15,2026-12-31 06:00:00
ALB-PET-0000824,P0000632,407,PET,DIRECT,2026-09-29,2027-09-29,RN,N,215.17,53.79,VALID,VALID,,,215.17,2026-09-29,2026-12-31 06:00:00
ALB-PET-0000831,P0002947,,PET,DIRECT,2022-05-14,2023-05-14,LP,N,2572.62,2572.62,VALID,VALID,Taylor & Murphy Insurance Services Ltd,20.48,,,2026-12-31 06:00:00
ALB-PET-0000833,P0002532,179,PET,DIRECT,2019-03-22,2020-03-21,LP,N,2907.65,2907.65,VALID,VALID,Davies & Brown Insurance Services Ltd,22.12,2907.65,2019-03-22,2026-12-31 06:00:00
ALB-PET-0000834,P0000336,10,PET,DIRECT,2020-08-18,2021-08-18,EX,N,2724.58,2724.58,VALID,VALID,Hall & Wright Insurance Services Ltd,8.65,2724.6000000000004,2021-07-14,2026-12-31 06:00:00
ALB-PET-0000844,P0000331,,PET,BROKER,2021-11-13,2022-11-13,LP,N,3498.14,3498.14,VALID,VALID,Taylor & Murphy Insurance Services Ltd,20.48,3498.14,2021-11-13,2026-12-31 06:00:00
ALB-PET-0000854,P0000634,134,PET,BROKER,2024-01-25,2025-01-24,IF,N,2489.21,2489.21,VALID,VALID,,,2489.21,2024-01-25,2026-12-31 06:00:00
ALB-PET-0000855,P0001862,,PET,BROKER,2022-10-14,2023-10-14,IF,N,1988.49,1988.49,VALID,VALID,Smith & Brown Insurance Services Ltd,19.81,1988.49,2022-10-14,2026-12-31 06:00:00
ALB-PET-0000857,P0001015,,PET,AGGREGATOR,2019-04-04,2020-04-03,IF,N,1862.91,1862.91,VALID,VALID,,,1862.91,2019-04-04,2026-12-31 06:00:00
ALB-PET-0000861,P0000494,,PET,BROKER,2025-12-05,2026-12-05,IF,N,2932.21,2932.21,VALID,VALID,,,2932.1999999999994,2026-10-31,2026-12-31 06:00:00
ALB-PET-0000876,P0002869,486,PET,AGGREGATOR,2022-07-27,2023-07-27,IF,N,938.54,938.54,VALID,VALID,,,938.5200000000001,2023-06-22,2026-12-31 06:00:00
ALB-PET-0000877,P0001804,,PET,BROKER,2026-07-09,2027-07-09,LP,N,2647.29,1103.04,VALID,VALID,,,2426.710000000001,2027-06-04,2026-12-31 06:00:00
ALB-PET-0000883,P0001945,,PET,BROKER,2025-04-10,2026-04-10,IF,N,1663.99,1663.99,VALID,VALID,,,1664.0400000000002,2026-03-06,2026-12-31 06:00:00
ALB-PET-0000894,P0000629,281,PET,DIRECT,2023-05-27,2024-05-26,EX,N,1777.3,1777.30,VALID,VALID,Smith & Clarke Insurance Services Ltd,17.33,1777.3200000000006,2024-04-21,2026-12-31 06:00:00
ALB-PET-0000899,P0002101,362,PET,DIRECT,2019-01-09,2020-01-09,EX,N,1234.74,1234.74,VALID,VALID,Patel & Taylor Insurance Services Ltd,13.95,1131.7900000000002,2019-12-05,2026-12-31 06:00:00
ALB-PET-0000909,P0002505,,PET,BROKER,2022-04-16,2023-04-16,IF,N,2854.48,2854.48,VALID,VALID,Jones & Baker Insurance Services Ltd,8.84,2854.48,2022-04-16,2026-12-31 06:00:00
ALB-PET-0000913,P0002708,347,PET,BROKER,2020-07-26,2021-07-26,IF,N,2985.97,2985.97,VALID,VALID,Johnson & Murphy Insurance Services Ltd,17.99,2737.1299999999997,2021-05-22,2026-12-31 06:00:00
ALB-PET-0000921,P0001697,426,PET,DIRECT,2026-06-11,2027-06-11,EX,N,1111.2,555.60,VALID,VALID,Davies & Brown Insurance Services Ltd,22.12,1111.2,2026-06-11,2026-12-31 06:00:00
ALB-PET-0000926,P0001986,,PET,DIRECT,2021-09-09,2022-09-09,LP,N,2345.68,2345.68,VALID,VALID,Green & Jones Insurance Services Ltd,21.44,2345.68,2021-09-09,2026-12-31 06:00:00
ALB-PET-0000931,P0001052,276,PET,BROKER,2025-10-13,2026-10-13,RN,N,3010.72,3010.72,VALID,VALID,,,3010.679999999999,2026-09-08,2026-12-31 06:00:00
ALB-PET-0000934,P0001870,,PET,BROKER,2024-07-26,2025-07-26,EX,N,808.21,808.21,VALID,VALID,Walker & Wright Insurance Services Ltd,10.74,808.21,2024-07-26,2026-12-31 06:00:00
ALB-PET-0000937,P0000906,,PET,BROKER,2024-04-09,2025-04-09,EX,N,1246.63,1246.63,VALID,VALID,Hall & Patel Insurance Services Ltd,13.7,1246.6800000000003,2025-03-05,2026-12-31 06:00:00
ALB-PET-0000943,P0001474,,PET,DIRECT,2021-12-28,2022-12-28,LP,N,4132.91,4132.91,VALID,VALID,Wilson & Wright Insurance Services Ltd,7.87,4132.919999999999,2022-11-23,2026-12-31 06:00:00
ALB-PET-0000944,P0000332,181,PET,AGGREGATOR,2025-08-03,2026-08-03,RN,N,2550.63,2550.63,VALID,VALID,Green & Jones Insurance Services Ltd,21.44,,,2026-12-31 06:00:00
ALB-PET-0000946,P0001188,412,PET,BROKER,2022-01-17,2023-01-17,LP,N,2541.37,2541.37,VALID,VALID,Clarke & Wright Insurance Services Ltd,9.41,2329.5800000000004,2022-12-13,2026-12-31 06:00:00
ALB-PET-0000958,P0000853,97,PET,DIRECT,2023-12-09,2024-12-08,IF,N,1127.25,1127.25,VALID,VALID,,,1033.3400000000001,2024-11-03,2026-12-31 06:00:00
ALB-PET-0000972,P0001780,,PET,BROKER,2024-01-06,2025-01-05,IF,N,754.27,754.27,VALID,VALID,,,754.27,2024-01-06,2026-12-31 06:00:00
ALB-PET-0000977,P0001422,,PET,AGGREGATOR,2022-01-30,2023-01-30,CN,N,354.34,354.34,VALID,VALID,,,354.3599999999999,2022-12-26,2026-12-31 06:00:00
ALB-PET-0000982,P0001011,,PET,DIRECT,2026-07-26,2027-07-26,IF,Y,1809.94,754.14,VALID,VALID,Taylor & Murphy Insurance Services Ltd,20.48,1659.1299999999999,2027-06-21,2026-12-31 06:00:00
ALB-PET-0000989,P0002796,,PET,BROKER,2021-05-17,2022-05-17,EX,N,1633.73,1633.73,VALID,VALID,Johnson & Hughes Insurance Services Ltd,17.19,1633.6799999999994,2022-04-12,2026-12-31 06:00:00
ALB-PET-0000991,P0000088,80,PET,BROKER,2021-02-13,2022-02-13,LP,N,1987.3,1987.30,VALID,VALID,,,1987.3200000000006,2022-01-09,2026-12-31 06:00:00
ALB-PET-0000997,P0001111,319,PET,BROKER,2019-05-19,2020-05-18,LP,N,2546.77,2546.77,VALID,VALID,Green & Patel Insurance Services Ltd,10.9,2546.77,2019-05-19,2026-12-31 06:00:00
ALB-PET-0001007,P0000861,130,PET,BROKER,2018-05-15,2019-05-15,CN,N,683.6,683.60,VALID,VALID,Baker & Hughes Insurance Services Ltd,12.55,683.6400000000002,2019-04-10,2026-12-31 06:00:00
ALB-PET-0001010,P0002635,,PET,DIRECT,2021-04-18,2022-04-18,CN,N,3097.52,3097.52,VALID,VALID,Baker & Williams Insurance Services Ltd,17.61,3097.560000000001,2022-03-14,2026-12-31 06:00:00
ALB-PET-0001017,P0001068,185,PET,DIRECT,2022-08-20,2023-08-20,IF,N,2452.38,2452.38,VALID,VALID,Davies & Wright Insurance Services Ltd,13.6,2452.4399999999996,2023-07-16,2026-12-31 06:00:00
ALB-PET-0001020,P0000688,,PET,BROKER,2024-05-01,2025-05-01,EX,N,2927.27,2927.27,VALID,VALID,Smith & Clarke Insurance Services Ltd,17.33,2927.27,2024-05-01,2026-12-31 06:00:00
ALB-PET-0001027,P0001894,,PET,AGGREGATOR,2018-03-27,2019-03-27,IF,N,1272.9,1272.90,VALID,VALID,Walker & Wright Insurance Services Ltd,10.74,1272.96,2019-02-20,2026-12-31 06:00:00
ALB-PET-0001036,P0001587,321,PET,DIRECT,2019-09-06,2020-09-05,LP,N,2303.53,2303.53,VALID,VALID,Khan & Smith Insurance Services Ltd,17.81,2303.52,2020-08-01,2026-12-31 06:00:00
ALB-PET-0001038,P0002843,,PET,BROKER,2018-11-07,2019-11-07,EX,N,503.53,503.53,VALID,VALID,Wilson & Johnson Insurance Services Ltd,21.61,,,2026-12-31 06:00:00
ALB-PET-0001043,P0002499,430,PET,DIRECT,2023-10-09,2024-10-08,IF,N,3415.7,3415.70,VALID,VALID,Hall & Wright Insurance Services Ltd,8.65,2846.399999999999,2024-09-03,2026-12-31 06:00:00
ALB-PET-0001045,P0000562,457,PET,BROKER,2024-12-06,2025-12-06,RN,N,1531.08,1531.08,VALID,VALID,Robinson & Brown Insurance Services Ltd,15.85,1531.08,2025-11-01,2026-12-31 06:00:00
ALB-PET-0001049,P0001775,,PET,DIRECT,2024-01-14,2025-01-13,EX,N,265.8,265.80,VALID,VALID,Patel & Taylor Insurance Services Ltd,13.95,221.50000000000003,2024-12-09,2026-12-31 06:00:00
ALB-PET-0001050,P0001695,,PET,BROKER,2021-05-23,2022-05-23,IF,N,1456.42,1456.42,VALID,VALID,Murphy & Johnson Insurance Services Ltd,12.64,1456.4399999999996,2022-04-18,2026-12-31 06:00:00
ALB-PET-0001063,P0002468,,PET,DIRECT,2025-06-02,2026-06-02,EX,N,3390.97,3390.97,VALID,VALID,,,3390.97,2025-06-02,2026-12-31 06:00:00
ALB-PET-0001067,P0002039,,PET,AGGREGATOR,2026-04-21,2027-04-21,IF,N,1132.77,755.18,VALID,VALID,Baker & Brown Insurance Services Ltd,14.45,1132.77,2026-04-21,2026-12-31 06:00:00
ALB-PET-0001069,P0003106,309,PET,DIRECT,2019-01-13,2020-01-13,CN,N,2194.7,2194.70,VALID,VALID,Patel & Clarke Insurance Services Ltd,9.04,2194.7,2019-01-13,2026-12-31 06:00:00
ALB-PET-0001083,P0001042,370,PET,BROKER,2019-04-19,2020-04-18,IF,N,2908.48,2908.48,VALID,VALID,Williams & Williams Insurance Services Ltd,18.19,2908.48,2019-04-19,2026-12-31 06:00:00
ALB-PET-0001087,P0001400,,PET,DIRECT,2020-06-19,2021-06-19,CN,N,1403.75,1403.75,VALID,VALID,,,1403.76,2021-05-15,2026-12-31 06:00:00
ALB-PET-0001088,P0000620,,PET,DIRECT,2021-11-18,2022-11-18,LP,N,1999.49,1999.49,VALID,VALID,Hall & Brown Insurance Services Ltd,13.16,1999.4399999999996,2022-10-14,2026-12-31 06:00:00
ALB-PET-0001103,P0000934,468,PET,BROKER,2018-06-06,2019-06-06,RN,N,923.87,923.87,VALID,VALID,Hall & Patel Insurance Services Ltd,13.7,923.88,2019-05-02,2026-12-31 06:00:00
ALB-PET-0001104,P0002012,,PET,AGGREGATOR,2025-03-27,2026-03-27,RN,N,3007.23,3007.23,VALID,VALID,,,3007.1999999999994,2026-02-20,2026-12-31 06:00:00
ALB-PET-0001110,P0000898,157,PET,DIRECT,2024-12-28,2025-12-28,IF,N,628.71,628.71,VALID,VALID,,,628.68,2025-11-23,2026-12-31 06:00:00
ALB-PET-0001115,P0000874,390,PET,AGGREGATOR,2020-12-04,2021-12-04,EX,N,2729.48,2729.48,VALID,VALID,Smith & Walker Insurance Services Ltd,18.79,2729.48,2020-12-04,2026-12-31 06:00:00
ALB-PET-0001117,P0002381,42,PET,DIRECT,2025-09-03,2026-09-03,RN,N,3623.31,3623.31,VALID,VALID,Baker & Hughes Insurance Services Ltd,13.91,3321.34,2026-07-30,2026-12-31 06:00:00
ALB-PET-0001118,P0000500,470,PET,BROKER,2022-04-09,2023-04-09,IF,N,1559.77,1559.77,VALID,VALID,Davies & Davies Insurance Services Ltd,17.73,1429.78,2023-03-05,2026-12-31 06:00:00
ALB-PET-0001121,P0002845,,PET,BROKER,2018-04-27,2019-04-27,IF,N,1597.32,1597.32,VALID,VALID,Baker & Brown Insurance Services Ltd,14.45,1597.32,2018-04-27,2026-12-31 06:00:00
ALB-PET-0001123,P0000098,50,PET,DIRECT,2026-05-15,2027-05-15,LP,N,553.5,322.88,VALID,VALID,Jones & Baker Insurance Services Ltd,8.84,553.5,2026-05-15,2026-12-31 06:00:00
ALB-PET-0001124,P0002605,181,PET,BROKER,2024-06-26,2025-06-26,IF,N,2484.31,2484.31,VALID,VALID,,,2484.31,2024-06-26,2026-12-31 06:00:00
ALB-PET-0001127,P0001318,326,PET,DIRECT,2021-11-22,2022-11-22,LP,N,3195.48,3195.48,VALID,VALID,Taylor & Walker Insurance Services Ltd,13.94,3195.48,2021-11-22,2026-12-31 06:00:00
ALB-PET-0001128,P0002649,,PET,BROKER,2023-03-13,2024-03-12,EX,N,2849.9,2849.90,VALID,VALID,,,2612.3899999999994,2024-02-06,2026-12-31 06:00:00
ALB-PET-0001131,P0001835,,PET,AGGREGATOR,2021-07-22,2022-07-22,LP,N,1286.12,1286.12,VALID,VALID,Wilson & Wright Insurance Services Ltd,17.86,1071.8000000000004,2022-06-17,2026-12-31 06:00:00
ALB-PET-0001137,P0001013,287,PET,BROKER,2018-07-09,2019-07-09,IF,N,3529.14,3529.14,VALID,VALID,Patel & Wilson Insurance Services Ltd,12.84,,,2026-12-31 06:00:00
ALB-PET-0001140,P0001330,,PET,BROKER,2019-09-05,2020-09-04,LP,N,1855.34,1855.34,VALID,VALID,,,1855.34,2019-09-05,2026-12-31 06:00:00
ALB-PET-0001178,P0000246,47,PET,BROKER,2021-05-27,2022-05-27,RN,N,2169.68,2169.68,VALID,VALID,,,2169.72,2022-04-22,2026-12-31 06:00:00
ALB-PET-0001181,P0002047,289,PET,BROKER,2018-11-07,2019-11-07,LP,N,2218.4,2218.40,VALID,VALID,,,2033.5699999999997,2019-10-03,2026-12-31 06:00:00
ALB-PET-0001187,P0000939,249,PET,BROKER,2019-11-16,2020-11-15,EX,N,435.69,435.69,VALID,VALID,Williams & Williams Insurance Services Ltd,18.19,435.72,2020-10-11,2026-12-31 06:00:00
ALB-PET-0001191,P0000161,344,PET,BROKER,2022-04-21,2023-04-21,RN,N,1269.0,1269.00,VALID,VALID,,,1269.0,2022-04-21,2026-12-31 06:00:00
ALB-PET-0001195,P0002735,,PET,BROKER,2026-11-02,2027-11-02,LP,N,1050.65,87.55,VALID,VALID,,,1050.65,2026-11-02,2026-12-31 06:00:00
ALB-PET-0001199,P0002937,,PET,BROKER,2023-12-31,2024-12-30,EX,N,3457.02,3457.02,VALID,VALID,,,3457.02,2023-12-31,2026-12-31 06:00:00
ALB-PET-0001204,P0002746,,PET,AGGREGATOR,2025-01-10,2026-01-10,IF,N,1992.88,1992.88,VALID,VALID,Murphy & Johnson Insurance Services Ltd,12.64,1992.88,2025-01-10,2026-12-31 06:00:00
ALB-PET-0001205,P0002054,221,PET,AGGREGATOR,2021-08-16,2022-08-16,IF,N,2261.0,2261.00,VALID,VALID,Clarke & Wright Insurance Services Ltd,11.72,2261.0400000000004,2022-07-12,2026-12-31 06:00:00
ALB-PET-0001222,P0000065,,PET,DIRECT,2020-09-05,2021-09-05,IF,N,821.04,821.04,VALID,VALID,,,821.0399999999998,2021-08-01,2026-12-31 06:00:00
ALB-PET-0001236,P0000445,,PET,BROKER,2019-08-23,2020-08-22,LP,N,1854.3,1854.30,VALID,VALID,OBrien & Green Insurance Services Ltd,17.85,1854.3,2019-08-23,2026-12-31 06:00:00
ALB-PET-0001238,P0000042,48,PET,BROKER,2026-09-11,2027-09-11,LP,N,468.52,117.13,VALID,VALID,Johnson & Hall Insurance Services Ltd,21.38,429.44000000000005,2027-08-07,2026-12-31 06:00:00
ALB-PET-0001242,P0000654,254,PET,DIRECT,2026-01-03,2027-01-03,RN,N,3663.87,3663.87,VALID,VALID,Smith & Brown Insurance Services Ltd,19.81,3358.5200000000004,2026-11-29,2026-12-31 06:00:00
ALB-PET-0001248,P0003076,,PET,BROKER,2023-03-18,2024-03-17,LP,N,211.17,211.17,VALID,VALID,Walker & Wright Insurance Services Ltd,10.74,211.17,2023-03-18,2026-12-31 06:00:00
ALB-PET-0001252,P0002259,,PET,BROKER,2024-10-06,2025-10-06,EX,N,734.55,734.55,VALID,VALID,,,673.3100000000001,2025-09-01,2026-12-31 06:00:00
ALB-PET-0001257,P0000384,345,PET,AGGREGATOR,2024-11-22,2025-11-22,RN,N,1763.3,1763.30,VALID,VALID,OBrien & Green Insurance Services Ltd,17.85,1763.2800000000004,2025-10-18,2026-12-31 06:00:00
ALB-PET-0001263,P0001569,313,PET,BROKER,2025-07-14,2026-07-14,IF,N,1943.72,1943.72,INVALID,VALID,OBrien & Green Insurance Services Ltd,17.85,1619.8,2026-05-10,2026-12-31 06:00:00
ALB-PET-0001268,P0002194,418,PET,AGGREGATOR,2020-03-11,2021-03-11,CN,N,1883.34,1883.34,VALID,VALID,Davies & Davies Insurance Services Ltd,17.73,1883.2800000000004,2021-02-04,2026-12-31 06:00:00
ALB-PET-0001275,P0000930,,PET,AGGREGATOR,2018-06-09,2019-06-09,RN,N,613.02,613.02,VALID,VALID,,,561.9900000000001,2019-05-05,2026-12-31 06:00:00
ALB-PET-0001284,P0000441,148,PET,BROKER,2018-06-22,2019-06-22,IF,N,2752.43,2752.43,VALID,VALID,,,2752.43,2018-06-22,2026-12-31 06:00:00
ALB-PET-0001304,P0002300,259,PET,BROKER,2024-07-27,2025-07-27,IF,N,1586.21,1586.21,VALID,VALID,Clarke & Davies Insurance Services Ltd,10.43,1321.8000000000004,2025-06-22,2026-12-31 06:00:00
ALB-PET-0001321,P0000273,,PET,DIRECT,2026-12-26,2027-12-26,CN,N,4156.89,0.00,VALID,VALID,,,3810.5099999999993,2027-11-21,2026-12-31 06:00:00
ALB-PET-0001328,P0001469,,PET,BROKER,2021-02-25,2022-02-25,EX,N,2877.82,2877.82,VALID,VALID,Walker & OBrien Insurance Services Ltd,10.5,2877.82,2021-02-25,2026-12-31 06:00:00
ALB-PET-0001329,P0002074,297,PET,BROKER,2026-11-22,2027-11-22,IF,Y,435.53,36.29,VALID,VALID,Johnson & Murphy Insurance Services Ltd,17.99,362.90000000000003,2027-10-18,2026-12-31 06:00:00
ALB-PET-0001332,P0001388,71,PET,DIRECT,2023-08-08,2024-08-07,EX,N,4092.64,4092.64,VALID,VALID,Clarke & Wright Insurance Services Ltd,11.72,2728.4,2024-07-03,2026-12-31 06:00:00
ALB-PET-0001336,P0002851,,PET,DIRECT,2025-08-08,2026-08-08,LP,N,1741.08,1741.08,VALID,VALID,,,1741.08,2025-08-08,2026-12-31 06:00:00
ALB-PET-0001337,P0001110,,PET,AGGREGATOR,2021-10-29,2022-10-29,IF,N,2957.89,2957.89,VALID,VALID,Wilson & Johnson Insurance Services Ltd,21.61,2957.89,2021-10-29,2026-12-31 06:00:00
ALB-PET-0001342,P0002963,,PET,AGGREGATOR,2019-04-10,2020-04-09,IF,N,1090.24,1090.24,VALID,VALID,,,1090.2,2020-03-05,2026-12-31 06:00:00
ALB-PET-0001346,P0001743,32,PET,DIRECT,2022-09-01,2023-09-01,IF,N,1608.07,1608.07,VALID,VALID,,,1474.11,2023-07-28,2026-12-31 06:00:00
ALB-PET-0001356,P0002157,,PET,BROKER,2021-12-23,2022-12-23,IF,N,3891.37,3891.37,VALID,VALID,Baker & Hughes Insurance Services Ltd,13.91,3242.7999999999993,2022-11-18,2026-12-31 06:00:00
ALB-PET-0001362,P0001122,,PET,AGGREGATOR,2023-09-04,2024-09-03,IF,N,1483.29,1483.29,VALID,VALID,Robinson & Brown Insurance Services Ltd,15.85,1236.1,2024-06-30,2026-12-31 06:00:00
ALB-PET-0001381,P0002797,195,PET,BROKER,2019-10-30,2020-10-29,IF,N,1461.52,1461.52,VALID,VALID,Clarke & Wright Insurance Services Ltd,9.41,1339.6899999999998,2020-08-25,2026-12-31 06:00:00
ALB-PET-0001382,P0000492,308,PET,BROKER,2021-01-11,2022-01-11,IF,N,1351.88,1351.88,VALID,VALID,Davies & Green Insurance Services Ltd,7.72,1126.6,2021-12-07,2026-12-31 06:00:00
ALB-PET-0001384,P0000487,476,PET,DIRECT,2021-05-14,2022-05-14,LP,N,1638.42,1638.42,VALID,VALID,,,1501.83,2022-04-09,2026-12-31 06:00:00
ALB-PET-0001393,P0000769,409,PET,BROKER,2025-02-12,2026-02-12,RN,N,262.79,262.79,VALID,VALID,Johnson & Murphy Insurance Services Ltd,21.31,262.8,2026-01-08,2026-12-31 06:00:00
ALB-PET-0001395,P0001069,,PET,AGGREGATOR,2021-10-10,2022-10-10,RN,N,952.08,952.08,VALID,VALID,,,952.08,2021-10-10,2026-12-31 06:00:00
ALB-PET-0001415,P0001212,189,PET,BROKER,2019-04-01,2020-03-31,IF,N,3122.18,3122.18,VALID,VALID,Taylor & Walker Insurance Services Ltd,13.94,3122.1599999999994,2020-02-25,2026-12-31 06:00:00
ALB-PET-0001416,P0001992,,PET,DIRECT,2026-08-18,2027-08-18,EX,N,2717.84,905.95,VALID,VALID,Johnson & Hall Insurance Services Ltd,21.38,,,2026-12-31 06:00:00
ALB-PET-0001428,P0001173,29,PET,BROKER,2023-01-16,2024-01-16,IF,N,501.47,501.47,VALID,VALID,Davies & Wright Insurance Services Ltd,13.6,459.69000000000005,2023-12-12,2026-12-31 06:00:00
ALB-PET-0001433,P0001447,278,PET,DIRECT,2025-02-18,2026-02-18,LP,N,553.7,553.70,VALID,VALID,Khan & Davies Insurance Services Ltd,12.18,,,2026-12-31 06:00:00
ALB-PET-0001436,P0002893,,PET,BROKER,2018-11-30,2019-11-30,IF,N,3366.09,3366.09,VALID,VALID,,,3366.120000000001,2019-10-26,2026-12-31 06:00:00
ALB-PET-0001444,P0002507,,PET,BROKER,2018-09-05,2019-09-05,IF,N,3642.44,3642.44,INVALID,VALID,,,3035.4,2019-08-01,2026-12-31 06:00:00
ALB-PET-0001457,P0003176,,PET,AGGREGATOR,2022-03-14,2023-03-14,EX,N,3500.6,3500.60,VALID,VALID,,,3500.6400000000012,2023-02-07,2026-12-31 06:00:00
ALB-PET-0001465,P0002991,,PET,DIRECT,2026-09-14,2027-09-14,LP,N,1239.33,309.83,VALID,VALID,Khan & Davies Insurance Services Ltd,12.18,1239.33,2026-09-14,2026-12-31 06:00:00
ALB-PET-0001471,P0001670,,PET,DIRECT,2023-03-07,2024-03-06,IF,N,2980.12,2980.12,VALID,VALID,,,2731.7400000000002,2024-01-31,2026-12-31 06:00:00
ALB-PET-0001477,P0001152,,PET,BROKER,2020-05-28,2021-05-28,IF,N,1616.34,1616.34,VALID,VALID,,,1616.2800000000004,2021-04-23,2026-12-31 06:00:00
ALB-PET-0001479,P0003142,64,PET,AGGREGATOR,2026-11-16,2027-11-16,EX,N,2020.94,168.41,VALID,VALID,,,2020.9200000000003,2027-10-12,2026-12-31 06:00:00
ALB-PET-0001487,P0000668,,PET,AGGREGATOR,2019-04-26,2020-04-25,IF,N,2741.42,2741.42,VALID,VALID,,,2512.95,2020-03-21,2026-12-31 06:00:00
ALB-PET-0001491,P0001808,122,PET,BROKER,2024-06-13,2025-06-13,LP,N,1063.36,1063.36,VALID,VALID,,,886.1,2025-05-09,2026-12-31 06:00:00
ALB-PET-0001492,P0002976,69,PET,BROKER,2018-02-19,2019-02-19,IF,N,1393.06,1393.06,VALID,VALID,Clarke & Davies Insurance Services Ltd,10.43,1276.99,2019-01-15,2026-12-31 06:00:00
ALB-PET-0001501,P0002349,,PET,BROKER,2024-06-11,2025-06-11,RN,N,3850.98,3850.98,VALID,VALID,OBrien & Patel Insurance Services Ltd,14.2,3850.98,2024-06-11,2026-12-31 06:00:00
ALB-PET-0001509,P0000757,,PET,BROKER,2020-03-21,2021-03-21,IF,N,2858.8,2858.80,VALID,VALID,Williams & Hall Insurance Services Ltd,14.19,2382.2999999999997,2021-02-14,2026-12-31 06:00:00
ALB-PET-0001512,P0001851,,PET,BROKER,2020-06-19,2021-06-19,RN,N,1891.15,1891.15,VALID,VALID,Patel & Clarke Insurance Services Ltd,9.04,,,2026-12-31 06:00:00
ALB-PET-0001515,P0001344,,PET,AGGREGATOR,2023-09-23,2024-09-22,LP,N,2215.19,2215.19,VALID,VALID,Smith & Clarke Insurance Services Ltd,17.33,1661.3999999999996,2024-08-18,2026-12-31 06:00:00
ALB-PET-0001521,P0002335,,PET,DIRECT,2019-10-23,2020-10-22,EX,N,4142.3,4142.30,VALID,VALID,Hall & Patel Insurance Services Ltd,13.7,3797.09,2020-08-18,2026-12-31 06:00:00
ALB-PET-0001528,P0001051,204,PET,DIRECT,2022-09-15,2023-09-15,LP,N,3033.22,3033.22,VALID,VALID,Green & Jones Insurance Services Ltd,21.44,3033.2400000000002,2023-08-11,2026-12-31 06:00:00
ALB-PET-0001533,P0002059,,PET,BROKER,2021-06-25,2022-06-25,IF,N,3289.13,3289.13,VALID,VALID,,,3289.0800000000004,2022-05-21,2026-12-31 06:00:00
ALB-PET-0001536,P0000120,283,PET,AGGREGATOR,2022-01-19,2023-01-19,IF,N,3939.31,3939.31,VALID,VALID,,,3939.3599999999988,2022-12-15,2026-12-31 06:00:00
ALB-PET-0001542,P0002707,,PET,AGGREGATOR,2018-12-06,2019-12-06,RN,N,3626.86,3626.86,VALID,VALID,,,3626.879999999999,2019-11-01,2026-12-31 06:00:00
ALB-PET-0001546,P0001310,,PET,AGGREGATOR,2021-03-12,2022-03-12,IF,N,3562.87,3562.87,VALID,VALID,Baker & Hughes Insurance Services Ltd,12.55,3562.9199999999996,2022-02-05,2026-12-31 06:00:00
ALB-PET-0001548,P0002671,,PET,BROKER,2025-08-01,2026-08-01,EX,N,1127.52,1127.52,VALID,VALID,Davies & Hughes Insurance Services Ltd,15.18,1127.52,2025-08-01,2026-12-31 06:00:00
ALB-PET-0001557,P0002410,493,PET,AGGREGATOR,2025-07-13,2026-07-13,LP,N,2454.33,2454.33,VALID,VALID,Baker & Wright Insurance Services Ltd,22.1,2045.3,2026-06-08,2026-12-31 06:00:00
ALB-PET-0001559,P0002788,,PET,AGGREGATOR,2020-07-25,2021-07-25,CN,N,4071.94,4071.94,VALID,VALID,Clarke & Wright Insurance Services Ltd,9.41,4071.94,2020-07-25,2026-12-31 06:00:00
ALB-PET-0001566,P0000115,275,PET,BROKER,2019-01-27,2020-01-27,IF,N,1101.03,1101.03,VALID,VALID,Brown & Davies Insurance Services Ltd,14.49,1101.0,2019-12-23,2026-12-31 06:00:00
ALB-PET-0001568,P0000786,,PET,BROKER,2020-07-11,2021-07-11,IF,N,944.4,944.40,VALID,VALID,Taylor & Walker Insurance Services Ltd,13.94,944.4,2020-07-11,2026-12-31 06:00:00
ALB-PET-0001572,P0002238,,PET,AGGREGATOR,2022-07-29,2023-07-29,IF,N,3902.16,3902.16,VALID,VALID,,,3902.16,2022-07-29,2026-12-31 06:00:00
ALB-PET-0001576,P0002058,,PET,BROKER,2020-10-22,2021-10-22,RN,N,3072.4,3072.40,VALID,VALID,,,3072.3599999999988,2021-09-17,2026-12-31 06:00:00
ALB-PET-0001581,P0001046,,PET,BROKER,2020-08-01,2021-08-01,CN,N,3569.12,3569.12,VALID,VALID,Patel & Taylor Insurance Services Ltd,13.95,3569.12,2020-08-01,2026-12-31 06:00:00
ALB-PET-0001587,P0000321,348,PET,BROKER,2024-04-27,2025-04-27,IF,N,1335.11,1335.11,VALID,VALID,Baker & Hughes Insurance Services Ltd,12.55,1335.1200000000001,2025-03-23,2026-12-31 06:00:00
ALB-PET-0001590,P0002701,327,PET,DIRECT,2024-07-05,2025-07-05,IF,N,1507.4,1507.40,VALID,VALID,Clarke & Davies Insurance Services Ltd,10.43,1507.4,2024-07-05,2026-12-31 06:00:00
ALB-PET-0001595,P0000591,419,PET,AGGREGATOR,2020-07-03,2021-07-03,LP,N,3833.92,3833.92,VALID,VALID,Johnson & Hall Insurance Services Ltd,21.38,3194.8999999999996,2021-05-29,2026-12-31 06:00:00
ALB-PET-0001596,P0001529,,PET,BROKER,2024-08-03,2025-08-03,IF,N,301.02,301.02,VALID,VALID,,,301.02,2024-08-03,2026-12-31 06:00:00
ALB-PET-0001599,P0000938,231,PET,BROKER,2019-11-24,2020-11-23,RN,N,3674.06,3674.06,VALID,VALID,,,3674.06,2019-11-24,2026-12-31 06:00:00
ALB-PET-0001600,P0002811,,PET,DIRECT,2021-04-05,2022-04-05,IF,N,192.02,192.02,VALID,VALID,,,192.0,2022-03-01,2026-12-31 06:00:00
ALB-PET-0001603,P0000862,212,PET,DIRECT,2025-10-01,2026-10-01,RN,N,1572.19,1572.19,VALID,VALID,Taylor & Wilson Insurance Services Ltd,14.3,1572.19,2025-10-01,2026-12-31 06:00:00
ALB-PET-0001608,P0002193,,PET,DIRECT,2022-09-12,2023-09-12,RN,N,205.87,205.87,VALID,VALID,Johnson & Hughes Insurance Services Ltd,17.19,205.87,2022-09-12,2026-12-31 06:00:00
ALB-PET-0001616,P0001291,35,PET,DIRECT,2023-03-10,2024-03-09,IF,N,1059.44,1059.44,VALID,VALID,,,971.1899999999998,2024-02-03,2026-12-31 06:00:00
ALB-PET-0001617,P0000856,279,PET,BROKER,2024-03-20,2025-03-20,EX,N,1097.04,1097.04,VALID,VALID,,,1005.6199999999998,2025-02-13,2026-12-31 06:00:00
ALB-PET-0001620,P0000014,72,PET,AGGREGATOR,2022-10-22,2023-10-22,IF,N,291.43,291.43,VALID,VALID,OBrien & Green Insurance Services Ltd,17.85,218.60999999999996,2023-09-17,2026-12-31 06:00:00
ALB-PET-0001621,P0002346,410,PET,DIRECT,2026-05-03,2027-05-03,RN,N,453.6,302.40,VALID,VALID,Jones & Baker Insurance Services Ltd,8.84,453.6000000000001,2027-03-29,2026-12-31 06:00:00
ALB-PET-0001646,P0001985,326,PET,AGGREGATOR,2020-11-13,2021-11-13,EX,N,3380.19,3380.19,VALID,VALID,,,3380.1599999999994,2021-10-09,2026-12-31 06:00:00
ALB-PET-0001650,P0001136,,PET,BROKER,2020-09-16,2021-09-16,IF,N,2458.08,2458.08,VALID,VALID,,,2458.08,2021-08-12,2026-12-31 06:00:00
ALB-PET-0001665,P0002133,,PET,BROKER,2019-09-16,2020-09-15,IF,N,3809.44,3809.44,VALID,VALID,Taylor & Johnson Insurance Services Ltd,17.25,3809.399999999999,2020-08-11,2026-12-31 06:00:00
ALB-PET-0001668,P0003044,,PET,BROKER,2018-07-09,2019-07-09,IF,N,2227.52,2227.52,VALID,VALID,Wilson & Johnson Insurance Services Ltd,21.61,2227.5600000000004,2019-06-04,2026-12-31 06:00:00
ALB-PET-0001671,P0000897,54,PET,DIRECT,2020-05-09,2021-05-09,CN,N,1237.84,1237.84,VALID,VALID,Smith & Brown Insurance Services Ltd,19.81,1237.8000000000002,2021-04-04,2026-12-31 06:00:00
ALB-PET-0001678,P0000998,167,PET,BROKER,2024-04-27,2025-04-27,LP,N,3880.34,3880.34,VALID,VALID,Hall & Hall Insurance Services Ltd,9.1,3880.320000000001,2025-03-23,2026-12-31 06:00:00
ALB-PET-0001679,P0003103,,PET,BROKER,2020-12-01,2021-12-01,LP,N,2194.01,2194.01,VALID,VALID,Baker & Wright Insurance Services Ltd,22.1,2194.01,2020-12-01,2026-12-31 06:00:00
ALB-PET-0001689,P0000048,266,PET,BROKER,2024-06-25,2025-06-25,IF,N,2106.18,2106.18,VALID,VALID,Smith & Davies Insurance Services Ltd,14.16,1930.61,2025-05-21,2026-12-31 06:00:00
ALB-PET-0001690,P0000920,,PET,BROKER,2026-12-13,2027-12-13,EX,N,2840.54,0.00,VALID,VALID,,,,,2026-12-31 06:00:00
ALB-PET-0001691,P0002900,,PET,BROKER,2020-02-28,2021-02-27,LP,N,2830.91,2830.91,INVALID,VALID,Clarke & Davies Insurance Services Ltd,10.43,2830.9199999999996,2021-01-23,2026-12-31 06:00:00
ALB-PET-0001695,P0000196,355,PET,DIRECT,2022-04-23,2023-04-23,IF,N,3856.37,3856.37,VALID,VALID,Green & Patel Insurance Services Ltd,10.9,3856.37,2022-04-23,2026-12-31 06:00:00
ALB-PET-0001698,P0001484,,PET,AGGREGATOR,2022-02-09,2023-02-09,IF,N,2701.76,2701.76,VALID,VALID,OBrien & Patel Insurance Services Ltd,14.2,2476.6500000000005,2023-01-05,2026-12-31 06:00:00
ALB-PET-0001705,P0000494,,PET,DIRECT,2020-02-04,2021-02-03,RN,N,1454.12,1454.12,VALID,VALID,Davies & Taylor Insurance Services Ltd,14.09,1454.1600000000005,2020-12-30,2026-12-31 06:00:00
ALB-PET-0001711,P0001425,154,PET,AGGREGATOR,2020-05-06,2021-05-06,LP,N,3451.73,3451.73,VALID,VALID,,,3451.73,2020-05-06,2026-12-31 06:00:00
ALB-PET-0001712,P0000006,13,PET,BROKER,2025-07-24,2026-07-24,EX,N,3450.77,3450.77,VALID,VALID,Baker & Clarke Insurance Services Ltd,20.14,3450.77,2025-07-24,2026-12-31 06:00:00
ALB-PET-0001717,P0001273,83,PET,BROKER,2025-11-28,2026-11-28,IF,N,1097.69,1097.69,VALID,VALID,Wilson & Johnson Insurance Services Ltd,21.61,1097.69,2025-11-28,2026-12-31 06:00:00
ALB-PET-0001723,P0001190,291,PET,DIRECT,2025-03-26,2026-03-26,LP,N,2364.56,2364.56,VALID,VALID,,,2364.56,2025-03-26,2026-12-31 06:00:00
ALB-PET-0001724,P0000146,,PET,DIRECT,2025-06-11,2026-06-11,LP,N,1390.48,1390.48,VALID,VALID,,,1390.4399999999996,2026-05-07,2026-12-31 06:00:00
ALB-PET-0001730,P0002481,,PET,AGGREGATOR,2018-05-23,2019-05-23,IF,N,3699.93,3699.93,VALID,VALID,,,3699.9599999999996,2019-04-18,2026-12-31 06:00:00
ALB-PET-0001739,P0001541,,PET,BROKER,2022-02-19,2023-02-19,IF,N,3761.68,3761.68,VALID,VALID,Baker & Hughes Insurance Services Ltd,13.91,3761.6400000000012,2023-01-15,2026-12-31 06:00:00
ALB-PET-0001741,P0002579,,PET,BROKER,2026-06-27,2027-06-27,IF,N,1801.37,900.69,VALID,VALID,Taylor & Johnson Insurance Services Ltd,17.25,1801.37,2026-06-27,2026-12-31 06:00:00
ALB-PET-0001743,P0000609,239,PET,DIRECT,2026-06-19,2027-06-19,RN,N,2018.01,1009.01,VALID,VALID,,,2018.01,2026-06-19,2026-12-31 06:00:00
ALB-PET-0001744,P0001735,168,PET,BROKER,2022-09-01,2023-09-01,LP,N,3200.04,3200.04,VALID,VALID,,,3200.04,2022-09-01,2026-12-31 06:00:00
ALB-PET-0001745,P0001569,313,PET,BROKER,2021-10-25,2022-10-25,RN,N,640.54,640.54,INVALID,VALID,Davies & Green Insurance Services Ltd,7.72,640.5600000000001,2022-09-20,2026-12-31 06:00:00
ALB-PET-0001765,P0002478,,PET,BROKER,2022-09-03,2023-09-03,LP,N,527.56,527.56,VALID,VALID,Green & Jones Insurance Services Ltd,21.44,527.5199999999999,2023-07-30,2026-12-31 06:00:00
ALB-PET-0001766,P0001806,,PET,BROKER,2023-12-03,2024-12-02,IF,N,2412.32,2412.32,VALID,VALID,,,2412.32,2023-12-03,2026-12-31 06:00:00
ALB-PET-0001767,P0003154,363,PET,AGGREGATOR,2019-02-05,2020-02-05,EX,N,478.99,478.99,VALID,VALID,Williams & Williams Insurance Services Ltd,18.19,478.99,2019-02-05,2026-12-31 06:00:00
ALB-PET-0001769,P0000053,288,PET,BROKER,2026-10-21,2027-10-21,RN,N,259.84,43.31,VALID,VALID,Baker & Wright Insurance Services Ltd,22.1,259.8,2027-09-16,2026-12-31 06:00:00
ALB-PET-0001772,P0000942,301,PET,BROKER,2025-07-04,2026-07-04,IF,N,3651.05,3651.05,VALID,VALID,Brown & Davies Insurance Services Ltd,14.49,3042.5,2026-05-30,2026-12-31 06:00:00
ALB-PET-0001775,P0001209,340,PET,BROKER,2026-03-23,2027-03-23,RN,N,1886.89,1415.17,VALID,VALID,Davies & Green Insurance Services Ltd,7.72,1886.89,2026-03-23,2026-12-31 06:00:00
ALB-PET-0001788,P0002064,,PET,DIRECT,2022-12-13,2023-12-13,IF,N,4141.05,4141.05,VALID,VALID,Hall & Brown Insurance Services Ltd,13.16,4141.05,2022-12-13,2026-12-31 06:00:00
ALB-PET-0001790,P0000037,403,PET,BROKER,2019-07-14,2020-07-13,IF,N,3975.39,3975.39,VALID,VALID,Smith & Clarke Insurance Services Ltd,17.33,3975.39,2019-07-14,2026-12-31 06:00:00
ALB-PET-0001806,P0000764,128,PET,BROKER,2024-07-05,2025-07-05,IF,N,2376.43,2376.43,INVALID,VALID,Walker & OBrien Insurance Services Ltd,10.5,2376.43,2024-07-05,2026-12-31 06:00:00
ALB-PET-0001808,P0002988,,PET,BROKER,2022-04-06,2023-04-06,IF,N,3932.28,3932.28,VALID,VALID,,,3932.28,2023-03-02,2026-12-31 06:00:00
ALB-PET-0001810,P0000123,425,PET,AGGREGATOR,2022-07-02,2023-07-02,IF,N,3716.42,3716.42,VALID,VALID,Williams & Baker Insurance Services Ltd,16.38,3716.399999999999,2023-05-28,2026-12-31 06:00:00
ALB-PET-0001812,P0000954,,PET,BROKER,2023-05-23,2024-05-22,RN,N,1864.73,1864.73,VALID,VALID,Robinson & Brown Insurance Services Ltd,15.85,1553.8999999999996,2024-04-17,2026-12-31 06:00:00
ALB-PET-0001826,P0002248,,PET,DIRECT,2019-10-14,2020-10-13,CN,N,1384.17,1384.17,VALID,VALID,,,1153.5,2020-09-08,2026-12-31 06:00:00
ALB-PET-0001828,P0001278,37,PET,AGGREGATOR,2025-03-28,2026-03-28,IF,N,2558.59,2558.59,VALID,VALID,Davies & Davies Insurance Services Ltd,17.73,2132.2,2026-02-21,2026-12-31 06:00:00
ALB-PET-0001832,P0001754,459,PET,DIRECT,2025-11-26,2026-11-26,IF,N,2313.73,2313.73,VALID,VALID,,,2313.72,2026-10-22,2026-12-31 06:00:00
ALB-PET-0001833,P0000052,14,PET,DIRECT,2019-08-31,2020-08-30,LP,N,2232.32,2232.32,VALID,VALID,Clarke & Davies Insurance Services Ltd,10.43,,,2026-12-31 06:00:00
ALB-PET-0001834,P0001748,492,PET,BROKER,2019-09-16,2020-09-15,EX,N,444.06,444.06,VALID,VALID,,,444.06,2019-09-16,2026-12-31 06:00:00
ALB-PET-0001835,P0001034,,PET,AGGREGATOR,2020-06-15,2021-06-15,RN,N,3395.97,3395.97,VALID,VALID,,,3113.0,2021-05-11,2026-12-31 06:00:00
ALB-PET-0001838,P0002933,423,PET,AGGREGATOR,2023-06-04,2024-06-03,CN,N,1600.25,1600.25,VALID,VALID,,,1466.8499999999997,2024-04-29,2026-12-31 06:00:00
ALB-PET-0001845,P0002686,,PET,BROKER,2022-11-10,2023-11-10,RN,N,3410.08,3410.08,VALID,VALID,Davies & Green Insurance Services Ltd,7.72,3410.0400000000004,2023-10-06,2026-12-31 06:00:00
ALB-PET-0001857,P0001307,322,PET,BROKER,2021-02-26,2022-02-26,IF,N,3904.26,3904.26,VALID,VALID,,,3904.26,2021-02-26,2026-12-31 06:00:00
ALB-PET-0001861,P0003178,82,PET,BROKER,2026-06-03,2027-06-03,EX,N,1554.18,906.61,VALID,VALID,,,1554.24,2027-04-29,2026-12-31 06:00:00
ALB-PET-0001863,P0001048,348,PET,BROKER,2021-01-27,2022-01-27,RN,N,2094.75,2094.75,VALID,VALID,,,2094.75,2021-01-27,2026-12-31 06:00:00
ALB-PET-0001878,P0002992,,PET,DIRECT,2023-06-29,2024-06-28,EX,N,2542.14,2542.14,VALID,VALID,,,2118.3999999999996,2024-05-24,2026-12-31 06:00:00
ALB-PET-0001890,P0001702,452,PET,AGGREGATOR,2019-06-07,2020-06-06,EX,N,562.45,562.45,VALID,VALID,Smith & Brown Insurance Services Ltd,19.81,562.45,2019-06-07,2026-12-31 06:00:00
ALB-PET-0001892,P0000479,233,PET,BROKER,2023-08-29,2024-08-28,IF,N,3410.07,3410.07,VALID,VALID,,,3410.0400000000004,2024-07-24,2026-12-31 06:00:00
ALB-PET-0001898,P0000981,,PET,AGGREGATOR,2024-09-07,2025-09-07,IF,N,819.96,819.96,VALID,VALID,Baker & Hughes Insurance Services Ltd,13.91,683.3000000000001,2025-08-03,2026-12-31 06:00:00
ALB-PET-0001911,P0001307,322,PET,BROKER,2020-01-09,2021-01-08,RN,N,3574.02,3574.02,VALID,VALID,,,3573.9599999999996,2020-12-04,2026-12-31 06:00:00
ALB-PET-0001916,P0002271,,PET,AGGREGATOR,2018-07-19,2019-07-19,CN,N,388.27,388.27,VALID,VALID,,,355.9600000000001,2019-06-14,2026-12-31 06:00:00
ALB-PET-0001932,P0000935,,PET,DIRECT,2023-02-22,2024-02-22,IF,N,2667.51,2667.51,VALID,VALID,Green & Jones Insurance Services Ltd,21.44,2222.9,2024-01-18,2026-12-31 06:00:00
ALB-PET-0001935,P0002216,279,PET,AGGREGATOR,2024-06-07,2025-06-07,IF,N,649.13,649.13,VALID,VALID,,,649.13,2024-06-07,2026-12-31 06:00:00
ALB-PET-0001936,P0001717,47,PET,BROKER,2018-08-27,2019-08-27,CN,N,4025.51,4025.51,VALID,VALID,Davies & Wright Insurance Services Ltd,13.6,4025.51,2018-08-27,2026-12-31 06:00:00
ALB-PET-0001943,P0000540,149,PET,DIRECT,2022-01-29,2023-01-29,IF,N,3871.06,3871.06,VALID,VALID,,,3871.06,2022-01-29,2026-12-31 06:00:00
ALB-PET-0001945,P0001787,,PET,DIRECT,2022-09-06,2023-09-06,IF,N,1185.74,1185.74,VALID,VALID,Davies & Hughes Insurance Services Ltd,15.18,1086.9099999999999,2023-08-02,2026-12-31 06:00:00
ALB-PET-0001956,P0001175,,PET,BROKER,2021-06-23,2022-06-23,IF,N,3981.09,3981.09,VALID,VALID,Williams & Hall Insurance Services Ltd,14.19,3317.6000000000004,2022-05-19,2026-12-31 06:00:00
ALB-PET-0001964,P0002212,,PET,BROKER,2023-07-02,2024-07-01,IF,N,473.21,473.21,VALID,VALID,,,473.16,2024-05-27,2026-12-31 06:00:00
ALB-PET-0001966,P0001408,456,PET,BROKER,2022-05-16,2023-05-16,IF,N,2219.54,2219.54,VALID,VALID,Baker & Brown Insurance Services Ltd,14.45,2219.54,2022-05-16,2026-12-31 06:00:00
ALB-PET-0001967,P0000699,107,PET,BROKER,2018-09-08,2019-09-08,LP,N,211.6,211.60,VALID,VALID,Khan & Smith Insurance Services Ltd,17.81,193.92999999999998,2019-08-04,2026-12-31 06:00:00
ALB-PET-0001995,P0000779,454,PET,BROKER,2018-02-28,2019-02-28,CN,N,1164.18,1164.18,VALID,VALID,,,1164.18,2018-02-28,2026-12-31 06:00:00
ALB-PET-0001996,P0002485,450,PET,BROKER,2023-08-13,2024-08-12,LP,N,948.29,948.29,VALID,VALID,,,948.2399999999999,2024-07-08,2026-12-31 06:00:00
ALB-PET-0002011,P0002590,22,PET,BROKER,2019-07-26,2020-07-25,IF,N,1043.14,1043.14,VALID,VALID,Patel & Wilson Insurance Services Ltd,12.84,1043.1600000000003,2020-06-20,2026-12-31 06:00:00
ALB-PET-0002021,P0000023,25,PET,BROKER,2022-04-10,2023-04-10,CN,N,3332.07,3332.07,VALID,VALID,,,3332.07,2022-04-10,2026-12-31 06:00:00
ALB-PET-0002027,P0002260,227,PET,BROKER,2026-10-23,2027-10-23,LP,N,2013.7,335.62,VALID,VALID,Khan & Davies Insurance Services Ltd,12.18,2013.7,2026-10-23,2026-12-31 06:00:00
ALB-PET-0002030,P0001207,46,PET,BROKER,2023-01-27,2024-01-27,LP,N,4189.38,4189.38,VALID,VALID,Davies & Taylor Insurance Services Ltd,14.09,4189.44,2023-12-23,2026-12-31 06:00:00
ALB-PET-0002043,P0000796,161,PET,DIRECT,2021-05-01,2022-05-01,EX,N,3987.81,3987.81,VALID,VALID,,,3655.5200000000004,2022-03-27,2026-12-31 06:00:00
ALB-PET-0002050,P0002540,,PET,DIRECT,2026-01-24,2027-01-24,IF,Y,2725.81,2498.66,VALID,VALID,,,2498.6500000000005,2026-12-20,2026-12-31 06:00:00
ALB-PET-0002061,P0001727,254,PET,BROKER,2026-12-06,2027-12-06,RN,N,208.15,0.00,VALID,VALID,Johnson & Hughes Insurance Services Ltd,17.19,208.15,2026-12-06,2026-12-31 06:00:00
ALB-PET-0002071,P0002229,,PET,BROKER,2019-11-02,2020-11-01,IF,N,3895.11,3895.11,VALID,VALID,Wilson & Wright Insurance Services Ltd,7.87,3895.11,2019-11-02,2026-12-31 06:00:00
ALB-PET-0002072,P0000325,277,PET,DIRECT,2021-06-27,2022-06-27,RN,N,3764.42,3764.42,VALID,VALID,,,3764.399999999999,2022-05-23,2026-12-31 06:00:00
ALB-PET-0002083,P0000956,55,PET,BROKER,2018-04-05,2019-04-05,IF,N,783.23,783.23,VALID,VALID,,,783.2399999999999,2019-03-01,2026-12-31 06:00:00
ALB-PET-0002098,P0001024,,PET,DIRECT,2026-02-20,2027-02-20,IF,N,1751.64,1459.70,VALID,VALID,,,1751.64,2026-02-20,2026-12-31 06:00:00
ALB-PET-0002102,P0002926,212,PET,BROKER,2022-06-13,2023-06-13,IF,N,3295.75,3295.75,VALID,VALID,Khan & Smith Insurance Services Ltd,17.81,3295.8000000000006,2023-05-09,2026-12-31 06:00:00
ALB-PET-0002107,P0000655,,PET,BROKER,2020-11-15,2021-11-15,IF,N,3302.85,3302.85,VALID,VALID,,,3302.879999999999,2021-10-11,2026-12-31 06:00:00
ALB-PET-0002108,P0000611,131,PET,DIRECT,2018-04-30,2019-04-30,CN,N,735.84,735.84,VALID,VALID,Jones & Baker Insurance Services Ltd,8.84,674.5200000000001,2019-03-26,2026-12-31 06:00:00
ALB-PET-0002111,P0002329,224,PET,BROKER,2018-06-15,2019-06-15,IF,N,3503.92,3503.92,VALID,VALID,,,3503.879999999999,2019-05-11,2026-12-31 06:00:00
ALB-PET-0002118,P0001234,336,PET,BROKER,2025-06-01,2026-06-01,IF,N,1735.89,1735.89,VALID,VALID,,,1591.2600000000002,2026-04-27,2026-12-31 06:00:00
ALB-PET-0002121,P0003054,,PET,BROKER,2022-05-01,2023-05-01,IF,N,1868.17,1868.17,VALID,VALID,Jones & Robinson Insurance Services Ltd,21.97,1868.1600000000005,2023-03-27,2026-12-31 06:00:00
ALB-PET-0002123,P0001811,404,PET,AGGREGATOR,2018-05-18,2019-05-18,RN,N,1336.88,1336.88,VALID,VALID,,,1225.51,2019-04-13,2026-12-31 06:00:00
ALB-PET-0002146,P0000981,,PET,AGGREGATOR,2018-06-03,2019-06-03,EX,N,2020.01,2020.01,VALID,VALID,,,1851.6299999999999,2019-04-29,2026-12-31 06:00:00
ALB-PET-0002148,P0001573,,PET,AGGREGATOR,2019-04-28,2020-04-27,IF,N,3027.39,3027.39,VALID,VALID,Patel & Taylor Insurance Services Ltd,13.95,,,2026-12-31 06:00:00
ALB-PET-0002160,P0000253,79,PET,BROKER,2026-08-05,2027-08-05,IF,Y,1650.69,550.23,VALID,VALID,,,1513.1599999999996,2027-07-01,2026-12-31 06:00:00
ALB-PET-0002169,P0000414,35,PET,DIRECT,2020-01-24,2021-01-23,RN,N,2538.48,2538.48,INVALID,VALID,,,2326.94,2020-11-19,2026-12-31 06:00:00
ALB-PET-0002174,P0001514,298,PET,DIRECT,2026-01-29,2027-01-29,IF,N,4132.06,3787.72,VALID,VALID,,,4132.06,2026-01-29,2026-12-31 06:00:00
ALB-PET-0002175,P0000213,330,PET,DIRECT,2022-01-05,2023-01-05,IF,N,2276.2,2276.20,INVALID,VALID,Taylor & Walker Insurance Services Ltd,13.94,2276.1600000000003,2022-12-01,2026-12-31 06:00:00
ALB-PET-0002197,P0002567,8,PET,BROKER,2023-07-10,2024-07-09,EX,N,343.96,343.96,VALID,VALID,,,343.96,2023-07-10,2026-12-31 06:00:00
ALB-PET-0002206,P0000427,441,PET,AGGREGATOR,2019-06-26,2020-06-25,IF,N,2972.79,2972.79,VALID,VALID,,,2972.79,2019-06-26,2026-12-31 06:00:00
ALB-PET-0002209,P0000797,38,PET,BROKER,2024-09-03,2025-09-03,IF,N,745.64,745.64,VALID,VALID,Khan & Davies Insurance Services Ltd,12.18,745.64,2024-09-03,2026-12-31 06:00:00
ALB-PET-0002210,P0001236,,PET,BROKER,2020-10-17,2021-10-17,RN,N,3081.2,3081.20,VALID,VALID,Patel & Taylor Insurance Services Ltd,13.95,3081.2,2020-10-17,2026-12-31 06:00:00
ALB-PET-0002212,P0000333,307,PET,BROKER,2020-12-20,2021-12-20,IF,N,951.18,951.18,VALID,VALID,,,871.9699999999999,2021-11-15,2026-12-31 06:00:00
ALB-PET-0002226,P0001323,395,PET,DIRECT,2020-07-26,2021-07-26,RN,N,1640.29,1640.29,VALID,VALID,Hall & Murphy Insurance Services Ltd,10.45,1640.2800000000004,2021-06-21,2026-12-31 06:00:00
ALB-PET-0002231,P0000571,213,PET,BROKER,2019-01-10,2020-01-10,LP,N,2490.12,2490.12,INVALID,VALID,Hughes & Wright Insurance Services Ltd,8.65,2490.12,2019-01-10,2026-12-31 06:00:00
ALB-PET-0002241,P0000547,458,PET,BROKER,2026-11-07,2027-11-07,IF,Y,225.33,18.78,VALID,VALID,Brown & Jones Insurance Services Ltd,10.15,225.36,2027-10-03,2026-12-31 06:00:00
ALB-PET-0002266,P0003119,,PET,DIRECT,2022-09-01,2023-09-01,CN,N,1134.95,1134.95,VALID,VALID,,,1134.96,2023-07-28,2026-12-31 06:00:00
ALB-PET-0002269,P0002001,,PET,BROKER,2021-09-02,2022-09-02,IF,N,3951.26,3951.26,VALID,VALID,Baker & Wright Insurance Services Ltd,22.1,3621.97,2022-06-29,2026-12-31 06:00:00
ALB-PET-0002270,P0000083,358,PET,BROKER,2023-05-13,2024-05-12,RN,N,3688.49,3688.49,VALID,VALID,,,3073.6999999999994,2024-04-07,2026-12-31 06:00:00
ALB-PET-0002296,P0002922,,PET,AGGREGATOR,2026-09-27,2027-09-27,IF,N,1733.3,433.33,VALID,VALID,Hall & Murphy Insurance Services Ltd,10.45,,,2026-12-31 06:00:00
ALB-PET-0002303,P0002188,430,PET,DIRECT,2018-06-02,2019-06-02,RN,N,3367.6,3367.60,VALID,VALID,Taylor & Johnson Insurance Services Ltd,17.25,3086.9300000000007,2019-04-28,2026-12-31 06:00:00
ALB-PET-0002304,P0002249,261,PET,AGGREGATOR,2025-01-15,2026-01-15,IF,N,1032.97,1032.97,VALID,VALID,Hall & Baker Insurance Services Ltd,14.43,860.8000000000002,2025-12-11,2026-12-31 06:00:00
ALB-PET-0002310,P0002671,,PET,AGGREGATOR,2026-03-08,2027-03-08,IF,N,458.8,344.10,VALID,VALID,Baker & Wright Insurance Services Ltd,22.1,458.8,2026-03-08,2026-12-31 06:00:00
ALB-PET-0002312,P0000513,134,PET,AGGREGATOR,2021-02-14,2022-02-14,RN,N,227.23,227.23,VALID,VALID,Hall & Baker Insurance Services Ltd,14.43,208.34,2022-01-10,2026-12-31 06:00:00
ALB-PET-0002314,P0001494,,PET,BROKER,2025-10-04,2026-10-04,RN,N,3981.55,3981.55,VALID,VALID,,,3981.600000000001,2026-08-30,2026-12-31 06:00:00
ALB-PET-0002318,P0000722,363,PET,BROKER,2019-11-16,2020-11-15,IF,N,1384.68,1384.68,VALID,VALID,Taylor & Murphy Insurance Services Ltd,20.48,1384.68,2019-11-16,2026-12-31 06:00:00
ALB-PET-0002328,P0000278,284,PET,BROKER,2023-10-21,2024-10-20,RN,N,1480.34,1480.34,VALID,VALID,,,1480.34,2023-10-21,2026-12-31 06:00:00
ALB-PET-0002329,P0001653,72,PET,BROKER,2019-07-01,2020-06-30,CN,N,3711.92,3711.92,VALID,VALID,Davies & Green Insurance Services Ltd,7.72,3711.92,2019-07-01,2026-12-31 06:00:00
ALB-PET-0002330,P0000157,182,PET,DIRECT,2023-11-17,2024-11-16,RN,N,1360.79,1360.79,VALID,VALID,Smith & Clarke Insurance Services Ltd,17.33,1360.8000000000002,2024-10-12,2026-12-31 06:00:00
ALB-PET-0002336,P0000746,295,PET,BROKER,2022-02-14,2023-02-14,RN,N,1314.88,1314.88,VALID,VALID,,,1314.88,2022-02-14,2026-12-31 06:00:00
ALB-PET-0002339,P0003148,322,PET,AGGREGATOR,2018-12-30,2019-12-30,EX,N,2420.88,2420.88,VALID,VALID,,,2219.1400000000003,2019-11-25,2026-12-31 06:00:00
ALB-PET-0002341,P0002990,87,PET,DIRECT,2018-02-08,2019-02-08,IF,N,1361.49,1361.49,VALID,VALID,,,1248.0600000000002,2019-01-04,2026-12-31 06:00:00
ALB-PET-0002344,P0001863,,PET,DIRECT,2025-06-12,2026-06-12,CN,N,3579.27,3579.27,VALID,VALID,,,3579.27,2025-06-12,2026-12-31 06:00:00
ALB-PET-0002349,P0000770,408,PET,BROKER,2023-02-02,2024-02-02,EX,N,2331.46,2331.46,INVALID,VALID,Williams & Baker Insurance Services Ltd,16.38,2331.46,2023-02-02,2026-12-31 06:00:00
ALB-PET-0002351,P0000248,130,PET,BROKER,2023-02-18,2024-02-18,RN,N,2140.32,2140.32,VALID,VALID,Baker & Hughes Insurance Services Ltd,13.91,2140.32,2023-02-18,2026-12-31 06:00:00
ALB-PET-0002355,P0000040,,PET,BROKER,2019-10-04,2020-10-03,RN,N,4124.67,4124.67,VALID,VALID,Clarke & Wright Insurance Services Ltd,9.41,4124.67,2019-10-04,2026-12-31 06:00:00
ALB-PET-0002356,P0000565,,PET,AGGREGATOR,2021-10-09,2022-10-09,IF,N,2653.87,2653.87,VALID,VALID,Davies & Green Insurance Services Ltd,7.72,2653.92,2022-09-04,2026-12-31 06:00:00
ALB-PET-0002361,P0000787,305,PET,BROKER,2024-03-28,2025-03-28,IF,N,2472.52,2472.52,VALID,VALID,Green & Patel Insurance Services Ltd,10.9,2472.48,2025-02-21,2026-12-31 06:00:00
ALB-PET-0002371,P0001939,324,PET,BROKER,2020-05-08,2021-05-08,LP,N,3353.31,3353.31,VALID,VALID,,,3353.31,2020-05-08,2026-12-31 06:00:00
ALB-PET-0002383,P0001944,,PET,DIRECT,2021-07-31,2022-07-31,IF,N,706.35,706.35,VALID,VALID,Clarke & Wright Insurance Services Ltd,9.41,647.46,2022-06-26,2026-12-31 06:00:00
ALB-PET-0002384,P0000099,,PET,BROKER,2019-03-31,2020-03-30,EX,N,876.6,876.60,VALID,VALID,Wilson & Wright Insurance Services Ltd,17.86,876.6,2019-03-31,2026-12-31 06:00:00
ALB-PET-0002389,P0001063,,PET,BROKER,2023-10-15,2024-10-14,RN,N,271.84,271.84,VALID,VALID,Johnson & Hughes Insurance Services Ltd,17.19,249.15000000000003,2024-09-09,2026-12-31 06:00:00
ALB-PET-0002391,P0002155,,PET,BROKER,2020-04-10,2021-04-10,IF,N,2123.69,2123.69,VALID,VALID,Green & Jones Insurance Services Ltd,21.44,2123.69,2020-04-10,2026-12-31 06:00:00
ALB-PET-0002403,P0000847,69,PET,BROKER,2020-07-23,2021-07-23,LP,N,2966.53,2966.53,VALID,VALID,Wilson & Wright Insurance Services Ltd,17.86,2966.52,2021-06-18,2026-12-31 06:00:00
ALB-PET-0002412,P0002146,,PET,BROKER,2018-11-30,2019-11-30,IF,N,465.07,465.07,VALID,VALID,Hall & Wright Insurance Services Ltd,8.65,426.35999999999996,2019-10-26,2026-12-31 06:00:00
ALB-PET-0002417,P0001562,,PET,BROKER,2021-12-18,2022-12-18,IF,N,2257.91,2257.91,VALID,VALID,Robinson & Brown Insurance Services Ltd,15.85,2257.92,2022-11-13,2026-12-31 06:00:00
ALB-PET-0002427,P0002231,,PET,DIRECT,2019-03-10,2020-03-09,CN,N,1231.49,1231.49,VALID,VALID,Williams & Hall Insurance Services Ltd,14.19,1231.44,2020-02-03,2026-12-31 06:00:00
ALB-PET-0002431,P0002644,,PET,DIRECT,2022-08-17,2023-08-17,RN,N,3085.0,3085.00,VALID,VALID,Jones & Robinson Insurance Services Ltd,21.97,2827.8799999999997,2023-07-13,2026-12-31 06:00:00
ALB-PET-0002434,P0002584,31,PET,AGGREGATOR,2023-11-24,2024-11-23,RN,N,4161.99,4161.99,VALID,VALID,Brown & Davies Insurance Services Ltd,14.49,3815.1299999999997,2024-10-19,2026-12-31 06:00:00
ALB-PET-0002447,P0000570,,PET,BROKER,2019-09-16,2020-09-15,RN,N,2563.79,2563.79,VALID,VALID,,,2350.1500000000005,2020-08-11,2026-12-31 06:00:00
ALB-PET-0002460,P0000832,140,PET,BROKER,2022-07-31,2023-07-31,RN,N,338.6,338.60,VALID,VALID,,,338.6,2022-07-31,2026-12-31 06:00:00
ALB-PET-0002466,P0003043,,PET,AGGREGATOR,2020-09-28,2021-09-28,EX,N,1391.71,1391.71,INVALID,VALID,,,1391.71,2020-09-28,2026-12-31 06:00:00
ALB-PET-0002469,P0000068,184,PET,BROKER,2025-01-11,2026-01-11,IF,N,2723.67,2723.67,INVALID,VALID,Baker & Hughes Insurance Services Ltd,12.55,2723.67,2025-01-11,2026-12-31 06:00:00
ALB-PET-0002473,P0000759,7,PET,DIRECT,2026-12-01,2027-12-01,RN,N,1317.97,109.83,VALID,VALID,,,1317.97,2026-12-01,2026-12-31 06:00:00
ALB-PET-0002474,P0002900,,PET,BROKER,2024-11-22,2025-11-22,EX,N,2156.72,2156.72,INVALID,VALID,Clarke & Wright Insurance Services Ltd,9.41,1977.03,2025-10-18,2026-12-31 06:00:00
ALB-PET-0002484,P0001952,,PET,AGGREGATOR,2026-06-25,2027-06-25,EX,N,824.04,412.02,VALID,VALID,Smith & Clarke Insurance Services Ltd,17.33,755.3699999999999,2027-05-21,2026-12-31 06:00:00
ALB-PET-0002485,P0001177,20,PET,AGGREGATOR,2021-06-30,2022-06-30,IF,N,546.49,546.49,VALID,VALID,Hall & Baker Insurance Services Ltd,14.43,546.49,2021-06-30,2026-12-31 06:00:00
ALB-PET-0002492,P0002925,,PET,BROKER,2021-04-20,2022-04-20,IF,N,3087.15,3087.15,VALID,VALID,Jones & Robinson Insurance Services Ltd,21.97,2829.8600000000006,2022-03-16,2026-12-31 06:00:00
ALB-PET-0002493,P0002548,197,PET,AGGREGATOR,2026-11-24,2027-11-24,IF,Y,2331.96,194.33,VALID,VALID,Clarke & Davies Insurance Services Ltd,10.43,2331.9599999999996,2027-10-20,2026-12-31 06:00:00
ALB-PET-0002494,P0003124,,PET,DIRECT,2024-09-12,2025-09-12,RN,N,2876.35,2876.35,VALID,VALID,Hall & Hall Insurance Services Ltd,9.1,2876.35,2024-09-12,2026-12-31 06:00:00
ALB-PET-0002495,P0002029,,PET,AGGREGATOR,2025-11-03,2026-11-03,RN,N,2679.81,2679.81,VALID,VALID,,,2679.81,2025-11-03,2026-12-31 06:00:00
ALB-PET-0002502,P0000554,,PET,DIRECT,2021-12-23,2022-12-23,IF,N,2135.33,2135.33,VALID,VALID,Walker & Wright Insurance Services Ltd,10.74,1957.3400000000004,2022-11-18,2026-12-31 06:00:00
ALB-PET-0002508,P0001012,373,PET,BROKER,2019-07-08,2020-07-07,EX,N,1068.55,1068.55,VALID,VALID,Davies & Brown Insurance Services Ltd,22.12,890.4999999999998,2020-05-03,2026-12-31 06:00:00
ALB-PET-0002511,P0002499,430,PET,DIRECT,2021-11-14,2022-11-14,RN,N,847.75,847.75,VALID,VALID,,,847.75,2021-11-14,2026-12-31 06:00:00
ALB-PET-0002512,P0001452,430,PET,BROKER,2026-10-25,2027-10-25,IF,Y,2155.36,359.23,VALID,VALID,Johnson & Murphy Insurance Services Ltd,21.31,1975.7100000000005,2027-09-20,2026-12-31 06:00:00
ALB-PET-0002520,P0002627,,PET,BROKER,2020-02-15,2021-02-14,RN,N,2916.98,2916.98,VALID,VALID,Brown & Davies Insurance Services Ltd,14.49,2916.98,2020-02-15,2026-12-31 06:00:00
ALB-PET-0002522,P0002615,,PET,DIRECT,2020-05-28,2021-05-28,IF,N,3736.81,3736.81,VALID,VALID,Khan & Smith Insurance Services Ltd,17.81,3736.8000000000006,2021-04-23,2026-12-31 06:00:00
ALB-PET-0002524,P0001214,147,PET,BROKER,2022-03-21,2023-03-21,CN,N,2236.31,2236.31,VALID,VALID,Wilson & OBrien Insurance Services Ltd,9.12,2236.3200000000006,2023-02-14,2026-12-31 06:00:00
ALB-PET-0002526,P0000832,140,PET,DIRECT,2024-05-18,2025-05-18,LP,N,2019.03,2019.03,VALID,VALID,,,2019.0,2025-04-13,2026-12-31 06:00:00
ALB-PET-0002537,P0002364,223,PET,DIRECT,2024-06-09,2025-06-09,EX,N,2771.16,2771.16,VALID,VALID,,,2771.16,2025-05-05,2026-12-31 06:00:00
ALB-PET-0002548,P0002926,212,PET,DIRECT,2023-03-17,2024-03-16,CN,N,3687.59,3687.59,VALID,VALID,Williams & Hall Insurance Services Ltd,14.19,3687.600000000001,2024-02-10,2026-12-31 06:00:00
ALB-PET-0002551,P0002811,,PET,AGGREGATOR,2026-07-17,2027-07-17,RN,N,2320.8,967.00,VALID,VALID,Davies & Hughes Insurance Services Ltd,15.18,2320.8000000000006,2027-06-12,2026-12-31 06:00:00
ALB-PET-0002552,P0002576,,PET,DIRECT,2025-01-31,2026-01-31,CN,N,2014.24,2014.24,VALID,VALID,Taylor & Walker Insurance Services Ltd,13.94,2014.24,2025-01-31,2026-12-31 06:00:00
ALB-PET-0002565,P0001978,,PET,AGGREGATOR,2018-10-04,2019-10-04,RN,N,1684.98,1684.98,VALID,VALID,Williams & Hall Insurance Services Ltd,14.19,1684.9200000000003,2019-08-30,2026-12-31 06:00:00
ALB-PET-0002570,P0000696,429,PET,AGGREGATOR,2026-02-05,2027-02-05,RN,N,438.76,365.63,VALID,VALID,Davies & Davies Insurance Services Ltd,17.73,438.72,2027-01-01,2026-12-31 06:00:00
ALB-PET-0002582,P0002732,,PET,BROKER,2018-02-04,2019-02-04,IF,N,282.73,282.73,VALID,VALID,,,282.73,2018-02-04,2026-12-31 06:00:00
ALB-PET-0002583,P0001634,48,PET,BROKER,2019-01-23,2020-01-23,IF,N,4100.93,4100.93,VALID,VALID,Clarke & Wright Insurance Services Ltd,9.41,4100.879999999999,2019-12-19,2026-12-31 06:00:00
ALB-PET-0002600,P0000993,,PET,DIRECT,2025-08-09,2026-08-09,CN,N,2239.61,2239.61,VALID,VALID,Brown & Jones Insurance Services Ltd,10.15,1493.04,2026-05-06,2026-12-31 06:00:00
ALB-PET-0002605,P0001004,,PET,BROKER,2025-06-05,2026-06-05,LP,N,3423.94,3423.94,VALID,VALID,,,3138.6299999999997,2026-04-01,2026-12-31 06:00:00
ALB-PET-0002616,P0001153,156,PET,DIRECT,2020-08-04,2021-08-04,RN,N,1167.27,1167.27,VALID,VALID,Taylor & Wilson Insurance Services Ltd,14.3,,,2026-12-31 06:00:00
ALB-PET-0002620,P0000257,,PET,DIRECT,2020-10-13,2021-10-13,IF,N,1375.11,1375.11,VALID,VALID,Walker & Wright Insurance Services Ltd,10.74,1375.08,2021-09-08,2026-12-31 06:00:00
ALB-PET-0002625,P0001507,,PET,AGGREGATOR,2024-05-13,2025-05-13,EX,N,1231.94,1231.94,VALID,VALID,,,1231.94,2024-05-13,2026-12-31 06:00:00
ALB-PET-0002638,P0001348,,PET,BROKER,2018-10-29,2019-10-29,LP,N,904.78,904.78,VALID,VALID,,,904.78,2018-10-29,2026-12-31 06:00:00
ALB-PET-0002662,P0000371,66,PET,BROKER,2022-07-28,2023-07-28,IF,N,2412.61,2412.61,VALID,VALID,,,2412.6,2023-06-23,2026-12-31 06:00:00
ALB-PET-0002664,P0002121,91,PET,DIRECT,2020-07-22,2021-07-22,IF,N,3469.71,3469.71,VALID,VALID,,,3180.539999999999,2021-06-17,2026-12-31 06:00:00
ALB-PET-0002684,P0001878,368,PET,BROKER,2021-08-27,2022-08-27,LP,N,4126.34,4126.34,VALID,VALID,Brown & Jones Insurance Services Ltd,10.15,4126.34,2021-08-27,2026-12-31 06:00:00
ALB-PET-0002686,P0001645,,PET,DIRECT,2026-08-23,2027-08-23,CN,N,1953.98,651.33,VALID,VALID,Baker & Hughes Insurance Services Ltd,12.55,1953.9599999999998,2027-07-19,2026-12-31 06:00:00
ALB-PET-0002700,P0001260,,PET,BROKER,2023-07-26,2024-07-25,LP,N,3503.71,3503.71,VALID,VALID,Williams & Baker Insurance Services Ltd,16.38,3503.71,2023-07-26,2026-12-31 06:00:00
ALB-PET-0002712,P0001233,300,PET,DIRECT,2024-02-16,2025-02-15,RN,N,2510.9,2510.90,VALID,VALID,Wilson & OBrien Insurance Services Ltd,9.12,2301.6400000000003,2025-01-11,2026-12-31 06:00:00
ALB-PET-0002719,P0001322,46,PET,BROKER,2024-01-12,2025-01-11,EX,N,2446.82,2446.82,VALID,VALID,,,2446.8000000000006,2024-12-07,2026-12-31 06:00:00
ALB-PET-0002728,P0001101,,PET,BROKER,2018-10-16,2019-10-16,IF,N,3968.63,3968.63,VALID,VALID,Green & Patel Insurance Services Ltd,10.9,3968.63,2018-10-16,2026-12-31 06:00:00
ALB-PET-0002729,P0002741,314,PET,BROKER,2024-10-16,2025-10-16,RN,N,1479.33,1479.33,VALID,VALID,Johnson & Hall Insurance Services Ltd,21.38,1232.8,2025-09-11,2026-12-31 06:00:00
ALB-PET-0002737,P0003131,,PET,BROKER,2026-11-28,2027-11-28,LP,N,2881.31,240.11,VALID,VALID,Wilson & Wright Insurance Services Ltd,17.86,2881.31,2026-11-28,2026-12-31 06:00:00
ALB-PET-0002740,P0001472,,PET,BROKER,2019-07-14,2020-07-13,RN,N,1209.17,1209.17,VALID,VALID,,,1209.1200000000001,2020-06-08,2026-12-31 06:00:00
ALB-PET-0002747,P0001234,336,PET,AGGREGATOR,2018-04-29,2019-04-29,RN,N,4132.84,4132.84,VALID,VALID,Jones & Baker Insurance Services Ltd,8.84,3099.6000000000004,2019-03-25,2026-12-31 06:00:00
ALB-PET-0002748,P0001297,264,PET,AGGREGATOR,2024-12-28,2025-12-28,IF,N,2332.09,2332.09,VALID,VALID,Khan & Smith Insurance Services Ltd,17.81,2137.74,2025-11-23,2026-12-31 06:00:00
ALB-PET-0002758,P0003120,,PET,BROKER,2019-10-08,2020-10-07,IF,N,2892.31,2892.31,VALID,VALID,Baker & Hughes Insurance Services Ltd,12.55,2410.3,2020-09-02,2026-12-31 06:00:00
ALB-PET-0002759,P0000298,396,PET,BROKER,2026-07-01,2027-07-01,LP,N,2679.87,1339.94,VALID,VALID,Hall & Khan Insurance Services Ltd,14.81,2233.2,2027-05-27,2026-12-31 06:00:00
ALB-PET-0002764,P0001547,,PET,AGGREGATOR,2023-01-17,2024-01-17,IF,N,3988.98,3988.98,VALID,VALID,,,3656.6200000000003,2023-12-13,2026-12-31 06:00:00
ALB-PET-0002769,P0001075,,PET,BROKER,2022-11-04,2023-11-04,IF,N,1304.88,1304.88,VALID,VALID,Davies & Hughes Insurance Services Ltd,15.18,1304.88,2022-11-04,2026-12-31 06:00:00
ALB-PET-0002775,P0001977,,PET,DIRECT,2023-07-04,2024-07-03,IF,N,1351.21,1351.21,VALID,VALID,,,1351.1999999999998,2024-05-29,2026-12-31 06:00:00
ALB-PET-0002789,P0003063,165,PET,BROKER,2021-07-19,2022-07-19,IF,N,1855.84,1855.84,VALID,VALID,,,1701.1500000000003,2022-06-14,2026-12-31 06:00:00
ALB-PET-0002805,P0000562,457,PET,DIRECT,2024-03-29,2025-03-29,IF,N,1684.61,1684.61,VALID,VALID,,,1684.61,2024-03-29,2026-12-31 06:00:00
ALB-PET-0002811,P0001109,,PET,DIRECT,2019-10-23,2020-10-22,EX,N,1749.96,1749.96,VALID,VALID,,,1749.9599999999998,2020-09-17,2026-12-31 06:00:00
ALB-PET-0002813,P0002659,,PET,BROKER,2019-07-02,2020-07-01,IF,N,3965.26,3965.26,VALID,VALID,Taylor & Murphy Insurance Services Ltd,20.48,3634.84,2020-05-27,2026-12-31 06:00:00
ALB-PET-0002821,P0001351,,PET,BROKER,2022-09-18,2023-09-18,IF,N,3169.97,3169.97,VALID,VALID,Johnson & Hall Insurance Services Ltd,21.38,3169.9199999999996,2023-08-14,2026-12-31 06:00:00
ALB-PET-0002826,P0000950,106,PET,BROKER,2025-05-23,2026-05-23,IF,N,3570.38,3570.38,VALID,VALID,Hall & Hall Insurance Services Ltd,9.1,3272.829999999999,2026-04-18,2026-12-31 06:00:00
ALB-PET-0002847,P0002879,,PET,DIRECT,2025-12-20,2026-12-20,CN,N,2516.59,2516.59,VALID,VALID,,,2306.9199999999996,2026-11-15,2026-12-31 06:00:00
ALB-PET-0002853,P0000882,357,PET,DIRECT,2025-10-18,2026-10-18,LP,N,3263.93,3263.93,VALID,VALID,,,2991.8899999999994,2026-09-13,2026-12-31 06:00:00
ALB-PET-0002854,P0000182,286,PET,AGGREGATOR,2019-02-12,2020-02-12,RN,N,929.5,929.50,VALID,VALID,,,929.5200000000001,2020-01-08,2026-12-31 06:00:00
ALB-PET-0002862,P0000385,,PET,DIRECT,2024-07-23,2025-07-23,IF,N,719.43,719.43,VALID,VALID,,,659.45,2025-05-19,2026-12-31 06:00:00
ALB-PET-0002867,P0002906,84,PET,BROKER,2026-05-02,2027-05-02,EX,N,4017.61,2678.41,VALID,VALID,Hall & Khan Insurance Services Ltd,14.81,4017.61,2026-05-02,2026-12-31 06:00:00
ALB-PET-0002875,P0002197,203,PET,BROKER,2021-04-30,2022-04-30,IF,N,3214.87,3214.87,VALID,VALID,,,3214.9199999999996,2022-03-26,2026-12-31 06:00:00
ALB-PET-0002882,P0000137,388,PET,BROKER,2025-09-19,2026-09-19,EX,N,2566.22,2566.22,VALID,VALID,Clarke & Wright Insurance Services Ltd,9.41,2352.3499999999995,2026-08-15,2026-12-31 06:00:00
ALB-PET-0002895,P0001958,493,PET,DIRECT,2020-09-17,2021-09-17,IF,N,2343.5,2343.50,INVALID,VALID,Hall & Baker Insurance Services Ltd,14.43,2148.19,2021-08-13,2026-12-31 06:00:00
ALB-PET-0002897,P0001644,,PET,BROKER,2021-10-27,2022-10-27,RN,N,738.13,738.13,VALID,VALID,Clarke & Davies Insurance Services Ltd,10.43,738.12,2022-09-22,2026-12-31 06:00:00
ALB-PET-0002901,P0002903,188,PET,DIRECT,2019-07-28,2020-07-27,IF,N,877.34,877.34,VALID,VALID,Khan & Smith Insurance Services Ltd,17.81,877.32,2020-06-22,2026-12-31 06:00:00
ALB-PET-0002910,P0001689,80,PET,DIRECT,2020-03-30,2021-03-30,LP,N,1552.43,1552.43,VALID,VALID,,,1552.4399999999996,2021-02-23,2026-12-31 06:00:00
ALB-PET-0002929,P0002133,,PET,DIRECT,2025-02-12,2026-02-12,IF,N,2787.27,2787.27,VALID,VALID,Green & Jones Insurance Services Ltd,21.44,2787.27,2025-02-12,2026-12-31 06:00:00
ALB-PET-0002935,P0002699,428,PET,AGGREGATOR,2022-03-19,2023-03-19,IF,N,1450.37,1450.37,VALID,VALID,Baker & Hughes Insurance Services Ltd,13.91,1450.37,2022-03-19,2026-12-31 06:00:00
ALB-PET-0002937,P0002335,,PET,BROKER,2025-05-04,2026-05-04,EX,N,1160.94,1160.94,VALID,VALID,,,,,2026-12-31 06:00:00
ALB-PET-0002939,P0003167,,PET,BROKER,2021-05-30,2022-05-30,IF,N,3119.96,3119.96,VALID,VALID,,,2600.0,2022-03-26,2026-12-31 06:00:00
ALB-PET-0002942,P0002050,,PET,BROKER,2026-01-08,2027-01-08,IF,N,772.68,708.29,VALID,VALID,,,772.68,2026-01-08,2026-12-31 06:00:00
ALB-PET-0002950,P0002904,,PET,BROKER,2022-01-03,2023-01-03,IF,N,1675.24,1675.24,VALID,VALID,Taylor & Walker Insurance Services Ltd,13.94,1535.5999999999997,2022-11-29,2026-12-31 06:00:00
ALB-PET-0002965,P0002125,,PET,DIRECT,2022-11-13,2023-11-13,IF,N,2686.94,2686.94,INVALID,VALID,Hall & Baker Insurance Services Ltd,14.43,2239.1000000000004,2023-10-09,2026-12-31 06:00:00
ALB-PET-0002977,P0000587,,PET,BROKER,2020-03-09,2021-03-09,CN,N,1906.5,1906.50,VALID,VALID,,,1906.5,2020-03-09,2026-12-31 06:00:00
ALB-PET-0002978,P0002205,313,PET,BROKER,2023-11-16,2024-11-15,IF,N,213.25,213.25,VALID,VALID,,,195.47000000000003,2024-10-11,2026-12-31 06:00:00
ALB-PET-0002985,P0001725,76,PET,BROKER,2026-01-29,2027-01-29,EX,N,2112.22,1936.20,VALID,VALID,,,2112.22,2026-01-29,2026-12-31 06:00:00
ALB-PET-0002997,P0001464,469,PET,DIRECT,2020-05-07,2021-05-07,EX,N,3901.18,3901.18,VALID,VALID,,,3576.0999999999995,2021-04-02,2026-12-31 06:00:00
ALB-PET-0003001,P0002966,323,PET,AGGREGATOR,2026-10-03,2027-10-03,IF,Y,3246.4,541.07,VALID,VALID,Clarke & Davies Insurance Services Ltd,10.43,2975.829999999999,2027-07-30,2026-12-31 06:00:00
ALB-PET-0003002,P0000093,173,PET,BROKER,2021-06-13,2022-06-13,IF,N,3167.82,3167.82,VALID,VALID,,,3167.82,2021-06-13,2026-12-31 06:00:00
ALB-PET-0003015,P0000788,398,PET,BROKER,2019-12-30,2020-12-29,RN,N,2014.12,2014.12,VALID,VALID,,,2014.12,2019-12-30,2026-12-31 06:00:00
ALB-PET-0003027,P0002877,6,PET,BROKER,2025-05-03,2026-05-03,CN,N,1359.51,1359.51,VALID,VALID,Murphy & Johnson Insurance Services Ltd,12.64,1359.4799999999998,2026-03-29,2026-12-31 06:00:00
ALB-PET-0003033,P0001821,,PET,BROKER,2022-02-13,2023-02-13,IF,N,965.45,965.45,VALID,VALID,Hall & Baker Insurance Services Ltd,14.43,965.4000000000002,2023-01-09,2026-12-31 06:00:00
ALB-PET-0003034,P0002943,244,PET,BROKER,2019-01-03,2020-01-03,IF,N,3679.6,3679.60,VALID,VALID,Green & Jones Insurance Services Ltd,21.44,3679.560000000001,2019-11-29,2026-12-31 06:00:00
ALB-PET-0003038,P0001888,207,PET,AGGREGATOR,2021-11-27,2022-11-27,IF,N,3219.62,3219.62,VALID,VALID,Hall & Hall Insurance Services Ltd,9.1,2683.0000000000005,2022-10-23,2026-12-31 06:00:00
ALB-PET-0003042,P0002317,449,PET,DIRECT,2018-07-21,2019-07-21,IF,N,3403.31,3403.31,VALID,VALID,,,3403.31,2018-07-21,2026-12-31 06:00:00
ALB-PET-0003049,P0002584,31,PET,AGGREGATOR,2020-06-30,2021-06-30,IF,N,1403.57,1403.57,VALID,VALID,OBrien & Patel Insurance Services Ltd,14.2,1286.5600000000002,2021-05-26,2026-12-31 06:00:00
ALB-PET-0003051,P0000815,304,PET,BROKER,2018-02-05,2019-02-05,EX,N,3916.25,3916.25,VALID,VALID,,,3916.25,2018-02-05,2026-12-31 06:00:00
ALB-PET-0003053,P0000102,139,PET,DIRECT,2022-10-18,2023-10-18,LP,N,207.73,207.73,VALID,VALID,,,207.72,2023-09-13,2026-12-31 06:00:00
ALB-PET-0003066,P0000730,,PET,AGGREGATOR,2019-03-05,2020-03-04,CN,N,3993.91,3993.91,VALID,VALID,,,2995.47,2020-01-29,2026-12-31 06:00:00
ALB-PET-0003078,P0001928,371,PET,AGGREGATOR,2025-06-18,2026-06-18,LP,N,1643.41,1643.41,VALID,VALID,,,1643.41,2025-06-18,2026-12-31 06:00:00
ALB-PET-0003079,P0002210,,PET,BROKER,2025-02-02,2026-02-02,IF,N,3151.41,3151.41,VALID,VALID,Green & Jones Insurance Services Ltd,21.44,3151.439999999999,2025-12-29,2026-12-31 06:00:00
ALB-PET-0003086,P0002038,,PET,AGGREGATOR,2019-11-23,2020-11-22,IF,N,312.72,312.72,VALID,VALID,Brown & Jones Insurance Services Ltd,10.15,312.71999999999997,2020-10-18,2026-12-31 06:00:00
ALB-PET-0003090,P0002562,,PET,AGGREGATOR,2026-09-07,2027-09-07,IF,Y,2104.44,526.11,VALID,VALID,,,1753.6999999999998,2027-08-03,2026-12-31 06:00:00
ALB-PET-0003092,P0001694,,PET,BROKER,2025-08-20,2026-08-20,EX,N,1561.46,1561.46,VALID,VALID,Khan & Smith Insurance Services Ltd,17.81,1561.46,2025-08-20,2026-12-31 06:00:00
ALB-PET-0003097,P0003145,,PET,AGGREGATOR,2025-07-03,2026-07-03,IF,N,1651.41,1651.41,VALID,VALID,,,1513.8199999999997,2026-05-29,2026-12-31 06:00:00
ALB-PET-0003106,P0002692,,PET,AGGREGATOR,2019-04-10,2020-04-09,EX,N,3841.61,3841.61,VALID,VALID,Johnson & Hughes Insurance Services Ltd,17.19,3841.560000000001,2020-03-05,2026-12-31 06:00:00
ALB-PET-0003114,P0002151,298,PET,DIRECT,2026-05-27,2027-05-27,LP,N,1335.76,779.19,VALID,VALID,,,1335.76,2026-05-27,2026-12-31 06:00:00
ALB-PET-0003115,P0001057,22,PET,AGGREGATOR,2023-06-18,2024-06-17,IF,N,3071.51,3071.51,VALID,VALID,Hall & Murphy Insurance Services Ltd,10.45,2815.56,2024-05-13,2026-12-31 06:00:00
ALB-PET-0003118,P0001006,,PET,BROKER,2025-05-26,2026-05-26,IF,N,2829.26,2829.26,VALID,VALID,Davies & Taylor Insurance Services Ltd,14.09,2829.26,2025-05-26,2026-12-31 06:00:00
ALB-PET-0003119,P0000528,219,PET,DIRECT,2025-01-01,2026-01-01,IF,N,3558.97,3558.97,VALID,VALID,OBrien & Patel Insurance Services Ltd,14.2,3262.3799999999997,2025-11-27,2026-12-31 06:00:00
ALB-PET-0003124,P0003141,,PET,BROKER,2026-10-04,2027-10-04,IF,N,2161.61,360.27,VALID,VALID,Hall & Hall Insurance Services Ltd,9.1,2161.61,2026-10-04,2026-12-31 06:00:00
ALB-PET-0003129,P0002869,486,PET,BROKER,2021-11-25,2022-11-25,IF,N,3619.44,3619.44,VALID,VALID,Baker & Hughes Insurance Services Ltd,13.91,3317.8199999999993,2022-10-21,2026-12-31 06:00:00
ALB-PET-0003131,P0001933,343,PET,DIRECT,2018-12-09,2019-12-09,IF,N,1206.92,1206.92,VALID,VALID,Hall & Murphy Insurance Services Ltd,10.45,1106.38,2019-11-04,2026-12-31 06:00:00
ALB-PET-0003138,P0000012,,PET,DIRECT,2021-01-06,2022-01-06,IF,N,4186.38,4186.38,VALID,VALID,,,4186.38,2021-01-06,2026-12-31 06:00:00
ALB-PET-0003142,P0001477,,PET,AGGREGATOR,2026-11-24,2027-11-24,RN,N,1246.47,103.87,VALID,VALID,,,1246.44,2027-10-20,2026-12-31 06:00:00
ALB-PET-0003143,P0002813,255,PET,BROKER,2022-09-29,2023-09-29,EX,N,3622.35,3622.35,VALID,VALID,Green & Murphy Insurance Services Ltd,11.43,3622.35,2022-09-29,2026-12-31 06:00:00
ALB-PET-0003145,P0003057,,PET,DIRECT,2026-09-09,2027-09-09,RN,N,3453.19,863.30,VALID,VALID,OBrien & Green Insurance Services Ltd,17.85,3165.47,2027-08-05,2026-12-31 06:00:00
ALB-PET-0003162,P0002310,337,PET,BROKER,2020-03-13,2021-03-13,EX,N,1625.31,1625.31,VALID,VALID,Hall & Baker Insurance Services Ltd,14.43,1354.4000000000003,2021-02-06,2026-12-31 06:00:00
ALB-PET-0003173,P0001228,300,PET,BROKER,2025-08-14,2026-08-14,RN,N,3412.8,3412.80,VALID,VALID,,,3412.8,2025-08-14,2026-12-31 06:00:00
ALB-PET-0003176,P0000518,294,PET,BROKER,2018-05-07,2019-05-07,RN,N,692.33,692.33,VALID,VALID,Green & Murphy Insurance Services Ltd,11.43,576.9000000000001,2019-04-02,2026-12-31 06:00:00
ALB-PET-0003183,P0001265,,PET,BROKER,2018-11-30,2019-11-30,IF,N,2569.84,2569.84,VALID,VALID,Hughes & Wright Insurance Services Ltd,8.65,2569.84,2018-11-30,2026-12-31 06:00:00
ALB-PET-0003195,P0002932,,PET,DIRECT,2023-07-16,2024-07-15,LP,N,2944.68,2944.68,VALID,VALID,Davies & Taylor Insurance Services Ltd,14.09,2944.68,2023-07-16,2026-12-31 06:00:00
ALB-PET-0003196,P0001829,270,PET,AGGREGATOR,2023-09-20,2024-09-19,EX,N,890.07,890.07,VALID,VALID,Johnson & Hughes Insurance Services Ltd,17.19,815.8699999999999,2024-08-15,2026-12-31 06:00:00
ALB-PET-0003206,P0000419,61,PET,DIRECT,2025-10-03,2026-10-03,IF,N,3377.14,3377.14,VALID,VALID,Brown & Jones Insurance Services Ltd,10.15,3377.14,2025-10-03,2026-12-31 06:00:00
ALB-PET-0003207,P0001862,,PET,AGGREGATOR,2025-10-14,2026-10-14,RN,N,1822.13,1822.13,VALID,VALID,,,1822.0799999999997,2026-09-09,2026-12-31 06:00:00
ALB-PET-0003215,P0002100,486,PET,BROKER,2020-01-01,2020-12-31,RN,N,656.39,656.39,VALID,VALID,Davies & Wright Insurance Services Ltd,13.6,656.4000000000001,2020-11-26,2026-12-31 06:00:00
ALB-PET-0003216,P0001638,430,PET,BROKER,2024-03-31,2025-03-31,EX,N,3496.31,3496.31,VALID,VALID,,,3204.960000000001,2025-02-24,2026-12-31 06:00:00
ALB-PET-0003236,P0000062,297,PET,BROKER,2021-12-27,2022-12-27,CN,N,1306.56,1306.56,VALID,VALID,,,1306.56,2021-12-27,2026-12-31 06:00:00
ALB-PET-0003253,P0000904,,PET,DIRECT,2023-08-10,2024-08-09,IF,N,1611.25,1611.25,VALID,VALID,,,1476.97,2024-07-05,2026-12-31 06:00:00
ALB-PET-0003254,P0000962,,PET,DIRECT,2019-12-26,2020-12-25,LP,N,2748.51,2748.51,VALID,VALID,Taylor & Johnson Insurance Services Ltd,17.25,2519.44,2020-11-20,2026-12-31 06:00:00
ALB-PET-0003272,P0001453,,PET,AGGREGATOR,2025-03-03,2026-03-03,CN,N,3950.06,3950.06,VALID,VALID,Williams & Williams Insurance Services Ltd,18.19,3950.0400000000004,2026-01-27,2026-12-31 06:00:00
ALB-PET-0003278,P0002750,339,PET,AGGREGATOR,2022-10-22,2023-10-22,EX,N,3152.65,3152.65,VALID,VALID,Davies & Hughes Insurance Services Ltd,15.18,2627.2000000000007,2023-09-17,2026-12-31 06:00:00
ALB-PET-0003281,P0001050,75,PET,AGGREGATOR,2026-09-05,2027-09-05,IF,Y,445.47,111.37,VALID,VALID,Baker & Wright Insurance Services Ltd,22.1,445.44,2027-08-01,2026-12-31 06:00:00
ALB-PET-0003284,P0000359,249,PET,DIRECT,2024-08-23,2025-08-23,IF,N,2949.82,2949.82,VALID,VALID,Hall & Brown Insurance Services Ltd,13.16,2704.02,2025-06-19,2026-12-31 06:00:00
ALB-PET-0003289,P0000136,339,PET,BROKER,2024-08-15,2025-08-15,RN,N,233.26,233.26,VALID,VALID,,,,,2026-12-31 06:00:00
ALB-PET-0003292,P0001354,,PET,DIRECT,2018-01-08,2019-01-08,RN,N,1304.18,1304.18,VALID,VALID,,,1304.1600000000005,2018-12-04,2026-12-31 06:00:00
ALB-PET-0003301,P0002102,,PET,BROKER,2025-05-27,2026-05-27,RN,N,612.35,612.35,VALID,VALID,Brown & Davies Insurance Services Ltd,14.49,612.3599999999999,2026-04-22,2026-12-31 06:00:00
ALB-PET-0003302,P0001846,265,PET,BROKER,2024-09-02,2025-09-02,EX,N,2198.0,2198.00,VALID,VALID,,,2198.0400000000004,2025-07-29,2026-12-31 06:00:00
ALB-PET-0003306,P0003014,,PET,BROKER,2023-06-16,2024-06-15,EX,N,590.57,590.57,VALID,VALID,Green & Patel Insurance Services Ltd,10.9,590.57,2023-06-16,2026-12-31 06:00:00
ALB-PET-0003327,P0002733,,PET,BROKER,2026-04-10,2027-04-10,EX,N,1300.33,866.89,VALID,VALID,Davies & Wright Insurance Services Ltd,13.6,1300.3199999999997,2027-03-06,2026-12-31 06:00:00
ALB-PET-0003328,P0000114,236,PET,BROKER,2019-07-04,2020-07-03,EX,N,1326.44,1326.44,VALID,VALID,,,1326.44,2019-07-04,2026-12-31 06:00:00
ALB-PET-0003335,P0000312,55,PET,AGGREGATOR,2022-06-03,2023-06-03,RN,N,728.0,728.00,VALID,VALID,,,667.37,2023-04-29,2026-12-31 06:00:00
ALB-PET-0003340,P0000915,66,PET,BROKER,2024-08-15,2025-08-15,EX,N,951.07,951.07,VALID,VALID,,,951.07,2024-08-15,2026-12-31 06:00:00
ALB-PET-0003346,P0001375,497,PET,BROKER,2024-09-30,2025-09-30,RN,N,407.72,407.72,VALID,VALID,Taylor & Murphy Insurance Services Ltd,20.48,373.78000000000003,2025-07-27,2026-12-31 06:00:00
ALB-PET-0003353,P0002847,,PET,DIRECT,2018-09-16,2019-09-16,IF,N,2310.49,2310.49,VALID,VALID,,,2310.49,2018-09-16,2026-12-31 06:00:00
ALB-PET-0003357,P0000457,49,PET,AGGREGATOR,2023-06-04,2024-06-03,IF,N,1135.34,1135.34,VALID,VALID,,,1135.34,2023-06-04,2026-12-31 06:00:00
ALB-PET-0003362,P0001259,,PET,DIRECT,2020-10-04,2021-10-04,RN,N,1673.04,1673.04,VALID,VALID,,,1673.0400000000002,2021-08-30,2026-12-31 06:00:00
ALB-PET-0003372,P0002914,,PET,AGGREGATOR,2026-09-28,2027-09-28,IF,N,1735.9,433.98,INVALID,VALID,,,1735.9,2026-09-28,2026-12-31 06:00:00
ALB-PET-0003374,P0002088,,PET,BROKER,2023-01-09,2024-01-09,IF,N,3945.97,3945.97,VALID,VALID,,,,,2026-12-31 06:00:00
ALB-PET-0003376,P0001407,,PET,AGGREGATOR,2026-10-09,2027-10-09,LP,N,1533.29,255.55,VALID,VALID,Smith & Brown Insurance Services Ltd,19.81,1277.7,2027-08-05,2026-12-31 06:00:00
ALB-PET-0003382,P0000561,68,PET,BROKER,2024-01-19,2025-01-18,EX,N,3328.71,3328.71,VALID,VALID,,,3328.71,2024-01-19,2026-12-31 06:00:00
ALB-PET-0003389,P0000818,97,PET,DIRECT,2018-02-23,2019-02-23,IF,N,498.05,498.05,VALID,VALID,,,498.0,2019-01-19,2026-12-31 06:00:00
ALB-PET-0003390,P0002471,,PET,AGGREGATOR,2025-08-07,2026-08-07,LP,N,2838.85,2838.85,VALID,VALID,Clarke & Wright Insurance Services Ltd,9.41,2838.84,2026-07-03,2026-12-31 06:00:00
ALB-PET-0003391,P0000902,,PET,BROKER,2022-02-25,2023-02-25,LP,N,2599.76,2599.76,VALID,VALID,Patel & Wilson Insurance Services Ltd,12.84,2599.76,2022-02-25,2026-12-31 06:00:00
ALB-PET-0003392,P0000603,,PET,BROKER,2018-10-08,2019-10-08,IF,N,2268.4,2268.40,VALID,VALID,,,2268.4,2018-10-08,2026-12-31 06:00:00
ALB-PET-0003394,P0000654,254,PET,BROKER,2026-01-26,2027-01-26,EX,N,2405.86,2205.37,VALID,VALID,Khan & Davies Insurance Services Ltd,12.18,2405.88,2026-12-22,2026-12-31 06:00:00
ALB-PET-0003407,P0001754,459,PET,DIRECT,2026-07-10,2027-07-10,LP,N,3803.37,1584.74,VALID,VALID,Hall & Murphy Insurance Services Ltd,10.45,3486.4499999999994,2027-06-05,2026-12-31 06:00:00
ALB-PET-0003413,P0002899,,PET,BROKER,2026-08-10,2027-08-10,RN,N,3904.45,1301.48,VALID,VALID,,,3904.439999999999,2027-07-06,2026-12-31 06:00:00
ALB-PET-0003447,P0000374,,PET,AGGREGATOR,2023-08-23,2024-08-22,IF,N,1325.87,1325.87,VALID,VALID,Davies & Davies Insurance Services Ltd,17.73,1325.8799999999999,2024-07-18,2026-12-31 06:00:00
ALB-PET-0003454,P0002360,257,PET,BROKER,2020-01-02,2021-01-01,IF,N,3692.42,3692.42,VALID,VALID,,,3692.399999999999,2020-11-27,2026-12-31 06:00:00
ALB-PET-0003455,P0000437,226,PET,BROKER,2020-09-02,2021-09-02,IF,N,3962.21,3962.21,VALID,VALID,Baker & Hughes Insurance Services Ltd,13.91,3962.21,2020-09-02,2026-12-31 06:00:00
ALB-PET-0003465,P0001008,,PET,DIRECT,2021-05-23,2022-05-23,IF,N,735.99,735.99,VALID,VALID,Patel & Taylor Insurance Services Ltd,13.95,735.99,2021-05-23,2026-12-31 06:00:00
ALB-PET-0003467,P0002501,,PET,BROKER,2018-02-11,2019-02-11,CN,N,457.92,457.92,VALID,VALID,Williams & Baker Insurance Services Ltd,16.38,457.92,2018-02-11,2026-12-31 06:00:00
ALB-PET-0003469,P0000050,259,PET,BROKER,2020-09-27,2021-09-27,RN,N,1465.67,1465.67,VALID,VALID,Taylor & Murphy Insurance Services Ltd,20.48,1343.5400000000002,2021-08-23,2026-12-31 06:00:00
ALB-PET-0003476,P0001300,,PET,BROKER,2022-10-15,2023-10-15,RN,N,4069.28,4069.28,VALID,VALID,Green & Jones Insurance Services Ltd,21.44,4069.28,2022-10-15,2026-12-31 06:00:00
ALB-PET-0003479,P0000146,,PET,BROKER,2018-03-13,2019-03-13,EX,N,2964.06,2964.06,VALID,VALID,Taylor & Murphy Insurance Services Ltd,20.48,2717.0,2019-02-06,2026-12-31 06:00:00
ALB-PET-0003481,P0002664,,PET,BROKER,2025-05-10,2026-05-10,LP,N,1668.2,1668.20,VALID,VALID,,,1529.22,2026-04-05,2026-12-31 06:00:00
ALB-PET-0003488,P0000617,466,PET,BROKER,2025-08-11,2026-08-11,IF,N,2608.49,2608.49,VALID,VALID,,,2608.49,2025-08-11,2026-12-31 06:00:00
ALB-PET-0003489,P0002033,293,PET,DIRECT,2024-06-22,2025-06-22,IF,N,1660.97,1660.97,VALID,VALID,OBrien & Green Insurance Services Ltd,17.85,1660.9200000000003,2025-05-18,2026-12-31 06:00:00
ALB-PET-0003493,P0002760,,PET,BROKER,2024-07-06,2025-07-06,IF,N,3641.1,3641.10,VALID,VALID,,,3641.1599999999994,2025-06-01,2026-12-31 06:00:00
ALB-PET-0003498,P0001440,434,PET,DIRECT,2024-12-09,2025-12-09,IF,N,1508.86,1508.86,VALID,VALID,Brown & Davies Insurance Services Ltd,14.49,,,2026-12-31 06:00:00
ALB-PET-0003502,P0000246,47,PET,AGGREGATOR,2026-03-11,2027-03-11,RN,N,4104.22,3078.17,VALID,VALID,,,4104.22,2026-03-11,2026-12-31 06:00:00
ALB-PET-0003504,P0000973,,PET,BROKER,2019-06-22,2020-06-21,CN,N,2189.11,2189.11,VALID,VALID,,,2189.1600000000003,2020-05-17,2026-12-31 06:00:00
ALB-PET-0003508,P0002025,359,PET,BROKER,2024-12-31,2025-12-31,RN,N,3256.06,3256.06,VALID,VALID,Hall & Patel Insurance Services Ltd,13.7,3256.0800000000004,2025-11-26,2026-12-31 06:00:00
ALB-PET-0003510,P0002697,,PET,DIRECT,2023-04-10,2024-04-09,IF,N,3243.52,3243.52,VALID,VALID,Khan & Smith Insurance Services Ltd,17.81,2973.19,2024-03-05,2026-12-31 06:00:00
ALB-PET-0003513,P0000800,44,PET,BROKER,2023-11-10,2024-11-09,IF,N,2375.66,2375.66,VALID,VALID,Smith & Brown Insurance Services Ltd,19.81,1979.7,2024-10-05,2026-12-31 06:00:00
ALB-PET-0003514,P0000007,,PET,BROKER,2020-10-25,2021-10-25,EX,N,1781.73,1781.73,VALID,VALID,Brown & Davies Insurance Services Ltd,14.49,1781.76,2021-09-20,2026-12-31 06:00:00
ALB-PET-0003519,P0000210,256,PET,DIRECT,2018-12-28,2019-12-28,IF,N,1634.31,1634.31,VALID,VALID,,,1498.0900000000004,2019-10-24,2026-12-31 06:00:00
ALB-PET-0003523,P0000019,,PET,AGGREGATOR,2018-07-06,2019-07-06,IF,N,621.04,621.04,VALID,VALID,,,621.0,2019-06-01,2026-12-31 06:00:00
ALB-PET-0003531,P0002074,297,PET,BROKER,2018-12-20,2019-12-20,IF,N,3749.91,3749.91,VALID,VALID,,,3749.91,2018-12-20,2026-12-31 06:00:00
ALB-PET-0003538,P0002137,,PET,DIRECT,2019-06-27,2020-06-26,EX,N,1488.02,1488.02,VALID,VALID,,,1488.02,2019-06-27,2026-12-31 06:00:00
ALB-PET-0003544,P0000771,,PET,BROKER,2018-01-05,2019-01-05,IF,N,2036.52,2036.52,VALID,VALID,,,2036.52,2018-01-05,2026-12-31 06:00:00
ALB-PET-0003549,P0000467,,PET,DIRECT,2024-08-22,2025-08-22,EX,N,2783.56,2783.56,VALID,VALID,,,2551.56,2025-07-18,2026-12-31 06:00:00
ALB-PET-0003551,P0000967,,PET,AGGREGATOR,2019-05-23,2020-05-22,LP,N,1920.89,1920.89,VALID,VALID,Clarke & Davies Insurance Services Ltd,10.43,1920.89,2019-05-23,2026-12-31 06:00:00
ALB-PET-0003553,P0001895,371,PET,BROKER,2019-02-02,2020-02-02,LP,N,2652.47,2652.47,VALID,VALID,,,2652.48,2019-12-29,2026-12-31 06:00:00
ALB-PET-0003563,P0002289,428,PET,DIRECT,2018-07-18,2019-07-18,IF,N,378.04,378.04,VALID,VALID,Green & Murphy Insurance Services Ltd,11.43,378.04,2018-07-18,2026-12-31 06:00:00
ALB-PET-0003566,P0002846,365,PET,DIRECT,2021-04-11,2022-04-11,CN,N,1907.29,1907.29,VALID,VALID,Baker & Wright Insurance Services Ltd,22.1,1907.29,2021-04-11,2026-12-31 06:00:00
ALB-PET-0003568,P0000255,459,PET,AGGREGATOR,2021-01-03,2022-01-03,EX,N,188.37,188.37,VALID,VALID,Wilson & Johnson Insurance Services Ltd,21.61,188.39999999999998,2021-11-29,2026-12-31 06:00:00
ALB-PET-0003573,P0000810,,PET,DIRECT,2026-07-13,2027-07-13,LP,N,1359.9,566.63,VALID,VALID,,,1359.96,2027-06-08,2026-12-31 06:00:00
ALB-PET-0003575,P0000752,10,PET,BROKER,2024-05-13,2025-05-13,IF,N,3320.29,3320.29,VALID,VALID,Baker & Brown Insurance Services Ltd,14.45,3320.28,2025-04-08,2026-12-31 06:00:00
ALB-PET-0003576,P0001661,,PET,AGGREGATOR,2025-05-04,2026-05-04,CN,N,1540.01,1540.01,VALID,VALID,,,1411.6299999999999,2026-03-30,2026-12-31 06:00:00
ALB-PET-0003580,P0001903,7,PET,BROKER,2020-05-07,2021-05-07,EX,N,546.87,546.87,VALID,VALID,Green & Patel Insurance Services Ltd,10.9,546.87,2020-05-07,2026-12-31 06:00:00
ALB-PET-0003581,P0000422,266,PET,AGGREGATOR,2020-09-30,2021-09-30,CN,N,3660.54,3660.54,VALID,VALID,Smith & Brown Insurance Services Ltd,19.81,3660.54,2020-09-30,2026-12-31 06:00:00
ALB-PET-0003586,P0001907,,PET,BROKER,2018-12-06,2019-12-06,EX,N,3100.33,3100.33,VALID,VALID,Johnson & Hall Insurance Services Ltd,21.38,3100.33,2018-12-06,2026-12-31 06:00:00
ALB-PET-0003592,P0001995,165,PET,BROKER,2023-09-02,2024-09-01,IF,N,3064.58,3064.58,VALID,VALID,Walker & OBrien Insurance Services Ltd,10.5,2809.1800000000007,2024-07-28,2026-12-31 06:00:00
ALB-PET-0003596,P0002823,104,PET,BROKER,2021-02-06,2022-02-06,EX,N,1681.05,1681.05,VALID,VALID,,,1681.05,2021-02-06,2026-12-31 06:00:00
ALB-PET-0003601,P0002025,359,PET,BROKER,2024-02-18,2025-02-17,IF,N,2217.44,2217.44,VALID,VALID,,,2217.44,2024-02-18,2026-12-31 06:00:00
ALB-PET-0003605,P0001824,150,PET,BROKER,2025-11-17,2026-11-17,IF,N,2198.89,2198.89,VALID,VALID,,,2015.64,2026-10-13,2026-12-31 06:00:00
ALB-PET-0003613,P0000502,221,PET,DIRECT,2026-03-20,2027-03-20,IF,Y,2550.9,1913.18,VALID,VALID,Khan & Davies Insurance Services Ltd,12.18,2338.3799999999997,2027-02-13,2026-12-31 06:00:00
ALB-PET-0003618,P0003007,,PET,BROKER,2019-07-18,2020-07-17,IF,N,704.72,704.72,VALID,VALID,,,646.0300000000001,2020-06-12,2026-12-31 06:00:00
ALB-PET-0003624,P0002530,154,PET,BROKER,2023-01-16,2024-01-16,IF,N,2163.85,2163.85,VALID,VALID,Johnson & Murphy Insurance Services Ltd,21.31,2163.8399999999997,2023-12-12,2026-12-31 06:00:00
ALB-PET-0003625,P0002412,,PET,BROKER,2026-08-08,2027-08-08,EX,N,3627.82,1209.27,VALID,VALID,,,3023.2000000000003,2027-06-04,2026-12-31 06:00:00
ALB-PET-0003627,P0001349,,PET,DIRECT,2024-12-23,2025-12-23,EX,N,363.67,363.67,VALID,VALID,Taylor & Walker Insurance Services Ltd,13.94,333.40999999999997,2025-11-18,2026-12-31 06:00:00
ALB-PET-0003630,P0001387,184,PET,DIRECT,2022-04-28,2023-04-28,LP,N,601.41,601.41,VALID,VALID,,,601.41,2022-04-28,2026-12-31 06:00:00
ALB-PET-0003636,P0001382,,PET,BROKER,2026-10-20,2027-10-20,CN,N,1567.03,261.17,VALID,VALID,,,1567.03,2026-10-20,2026-12-31 06:00:00
ALB-PET-0003642,P0001240,321,PET,DIRECT,2024-01-15,2025-01-14,LP,N,1327.06,1327.06,VALID,VALID,Davies & Wright Insurance Services Ltd,13.6,1327.06,2024-01-15,2026-12-31 06:00:00
ALB-PET-0003643,P0002337,,PET,BROKER,2020-10-08,2021-10-08,RN,N,1930.94,1930.94,VALID,VALID,Johnson & Hall Insurance Services Ltd,21.38,1930.9200000000003,2021-09-03,2026-12-31 06:00:00
ALB-PET-0003651,P0002544,391,PET,BROKER,2018-05-06,2019-05-06,IF,N,1201.71,1201.71,VALID,VALID,Khan & Smith Insurance Services Ltd,17.81,1201.68,2019-04-01,2026-12-31 06:00:00
ALB-PET-0003653,P0002559,372,PET,DIRECT,2023-09-19,2024-09-18,CN,N,3013.41,3013.41,VALID,VALID,OBrien & Patel Insurance Services Ltd,14.2,3013.41,2023-09-19,2026-12-31 06:00:00
ALB-PET-0003658,P0000569,428,PET,AGGREGATOR,2018-06-15,2019-06-15,EX,N,3593.72,3593.72,VALID,VALID,Williams & Williams Insurance Services Ltd,18.19,3593.72,2018-06-15,2026-12-31 06:00:00
ALB-PET-0003665,P0000482,,PET,BROKER,2019-09-08,2020-09-07,IF,N,2937.38,2937.38,VALID,VALID,Jones & Robinson Insurance Services Ltd,21.97,2937.3600000000006,2020-08-03,2026-12-31 06:00:00
ALB-PET-0003669,P0002944,,PET,AGGREGATOR,2026-09-18,2027-09-18,IF,Y,2085.04,521.26,VALID,VALID,,,2085.0,2027-08-14,2026-12-31 06:00:00
ALB-PET-0003686,P0002955,240,PET,BROKER,2021-11-21,2022-11-21,RN,N,2038.79,2038.79,VALID,VALID,Johnson & Hall Insurance Services Ltd,21.38,2038.79,2021-11-21,2026-12-31 06:00:00
ALB-PET-0003687,P0001010,82,PET,BROKER,2019-03-04,2020-03-03,IF,N,1410.49,1410.49,INVALID,VALID,Smith & Clarke Insurance Services Ltd,17.33,1175.3999999999999,2020-01-28,2026-12-31 06:00:00
ALB-PET-0003691,P0002435,,PET,AGGREGATOR,2024-07-11,2025-07-11,IF,N,190.23,190.23,VALID,VALID,Khan & Smith Insurance Services Ltd,17.81,190.19999999999996,2025-06-06,2026-12-31 06:00:00
ALB-PET-0003695,P0002727,56,PET,DIRECT,2018-12-28,2019-12-28,IF,N,3999.66,3999.66,VALID,VALID,OBrien & Green Insurance Services Ltd,17.85,3999.66,2018-12-28,2026-12-31 06:00:00
ALB-PET-0003698,P0002637,211,PET,AGGREGATOR,2021-01-15,2022-01-15,EX,N,2013.12,2013.12,VALID,VALID,,,2013.12,2021-12-11,2026-12-31 06:00:00
ALB-PET-0003701,P0001532,,PET,BROKER,2025-08-08,2026-08-08,RN,N,3177.22,3177.22,VALID,VALID,Williams & Hall Insurance Services Ltd,14.19,3177.24,2026-07-04,2026-12-31 06:00:00
ALB-PET-0003703,P0001166,442,PET,BROKER,2024-11-27,2025-11-27,RN,N,1599.94,1599.94,VALID,VALID,,,1599.94,2024-11-27,2026-12-31 06:00:00
ALB-PET-0003714,P0002243,,PET,DIRECT,2023-11-18,2024-11-17,CN,N,1257.99,1257.99,VALID,VALID,,,1153.13,2024-10-13,2026-12-31 06:00:00
ALB-PET-0003729,P0000792,5,PET,BROKER,2021-06-17,2022-06-17,CN,N,1694.7,1694.70,VALID,VALID,Smith & Brown Insurance Services Ltd,19.81,1412.2,2022-05-13,2026-12-31 06:00:00
ALB-PET-0003737,P0000263,,PET,BROKER,2018-10-11,2019-10-11,RN,N,2909.37,2909.37,VALID,VALID,,,2909.37,2018-10-11,2026-12-31 06:00:00
ALB-PET-0003755,P0001874,,PET,BROKER,2018-07-04,2019-07-04,EX,N,577.9,577.90,VALID,VALID,Smith & Walker Insurance Services Ltd,18.79,577.9,2018-07-04,2026-12-31 06:00:00
ALB-PET-0003769,P0003107,,PET,AGGREGATOR,2019-08-26,2020-08-25,RN,N,4120.99,4120.99,INVALID,VALID,Davies & Wright Insurance Services Ltd,13.6,4120.99,2019-08-26,2026-12-31 06:00:00
ALB-PET-0003773,P0002650,,PET,BROKER,2025-07-18,2026-07-18,IF,N,4004.93,4004.93,VALID,VALID,Hall & Patel Insurance Services Ltd,13.7,3337.3999999999996,2026-06-13,2026-12-31 06:00:00
ALB-PET-0003778,P0000233,299,PET,AGGREGATOR,2019-01-10,2020-01-10,IF,N,1003.02,1003.02,VALID,VALID,Clarke & Davies Insurance Services Ltd,10.43,1002.9600000000002,2019-12-06,2026-12-31 06:00:00
ALB-PET-0003779,P0002471,,PET,BROKER,2024-05-22,2025-05-22,IF,N,351.41,351.41,VALID,VALID,,,292.79999999999995,2025-04-17,2026-12-31 06:00:00
ALB-PET-0003780,P0000839,178,PET,DIRECT,2019-09-05,2020-09-04,IF,N,2486.32,2486.32,VALID,VALID,Davies & Taylor Insurance Services Ltd,14.09,2486.28,2020-07-31,2026-12-31 06:00:00
ALB-PET-0003791,P0001773,275,PET,DIRECT,2025-04-19,2026-04-19,RN,N,2122.06,2122.06,VALID,VALID,Wilson & Wright Insurance Services Ltd,7.87,2122.0799999999995,2026-03-15,2026-12-31 06:00:00
ALB-PET-0003794,P0001381,,PET,AGGREGATOR,2018-09-02,2019-09-02,IF,N,3904.33,3904.33,VALID,VALID,Wilson & OBrien Insurance Services Ltd,9.12,3904.33,2018-09-02,2026-12-31 06:00:00
ALB-PET-0003797,P0001406,,PET,DIRECT,2026-09-28,2027-09-28,RN,N,2251.82,562.96,VALID,VALID,,,2251.8000000000006,2027-08-24,2026-12-31 06:00:00
ALB-PET-0003800,P0003170,415,PET,DIRECT,2021-02-23,2022-02-23,RN,N,2098.14,2098.14,INVALID,VALID,,,2098.0799999999995,2022-01-19,2026-12-31 06:00:00
ALB-PET-0003812,P0001379,123,PET,DIRECT,2022-04-17,2023-04-17,IF,N,872.61,872.61,VALID,VALID,Wilson & Wright Insurance Services Ltd,17.86,872.61,2022-04-17,2026-12-31 06:00:00
ALB-PET-0003814,P0000173,439,PET,BROKER,2023-02-16,2024-02-16,RN,N,3824.32,3824.32,VALID,VALID,Williams & Williams Insurance Services Ltd,18.19,3824.32,2023-02-16,2026-12-31 06:00:00
ALB-PET-0003825,P0002673,,PET,BROKER,2020-10-02,2021-10-02,IF,N,2311.65,2311.65,VALID,VALID,Green & Patel Insurance Services Ltd,10.9,2311.65,2020-10-02,2026-12-31 06:00:00
ALB-PET-0003826,P0000931,,PET,BROKER,2022-10-02,2023-10-02,IF,N,1098.02,1098.02,VALID,VALID,,,1098.0,2023-08-28,2026-12-31 06:00:00
ALB-PET-0003833,P0000544,43,PET,BROKER,2023-11-02,2024-11-01,IF,N,2355.54,2355.54,VALID,VALID,,,2159.19,2024-09-27,2026-12-31 06:00:00
ALB-PET-0003834,P0001642,,PET,AGGREGATOR,2021-07-15,2022-07-15,IF,N,1384.09,1384.09,VALID,VALID,,,1384.08,2022-06-10,2026-12-31 06:00:00
ALB-PET-0003859,P0002333,159,PET,BROKER,2022-09-16,2023-09-16,RN,N,3398.97,3398.97,VALID,VALID,Clarke & Wright Insurance Services Ltd,11.72,2832.5,2023-07-13,2026-12-31 06:00:00
ALB-PET-0003869,P0002499,430,PET,BROKER,2019-01-08,2020-01-08,LP,N,3754.76,3754.76,VALID,VALID,Hall & Khan Insurance Services Ltd,14.81,3754.76,2019-01-08,2026-12-31 06:00:00
ALB-PET-0003873,P0000856,279,PET,BROKER,2018-09-22,2019-09-22,IF,N,1399.46,1399.46,VALID,VALID,,,,,2026-12-31 06:00:00
ALB-PET-0003874,P0002475,62,PET,DIRECT,2018-06-05,2019-06-05,IF,N,1297.07,1297.07,VALID,VALID,Khan & Smith Insurance Services Ltd,17.81,1188.99,2019-05-01,2026-12-31 06:00:00
ALB-PET-0003875,P0000961,146,PET,BROKER,2020-12-04,2021-12-04,IF,N,3547.94,3547.94,VALID,VALID,Smith & Davies Insurance Services Ltd,14.16,3547.9199999999996,2021-10-30,2026-12-31 06:00:00
ALB-PET-0003878,P0000542,193,PET,BROKER,2018-08-24,2019-08-24,IF,N,500.08,500.08,VALID,VALID,Patel & Clarke Insurance Services Ltd,9.04,500.08,2018-08-24,2026-12-31 06:00:00
ALB-PET-0003881,P0001876,432,PET,DIRECT,2022-09-08,2023-09-08,RN,N,3589.35,3589.35,VALID,VALID,Davies & Taylor Insurance Services Ltd,14.09,3589.35,2022-09-08,2026-12-31 06:00:00
ALB-PET-0003882,P0000780,375,PET,BROKER,2022-10-17,2023-10-17,LP,N,493.65,493.65,VALID,VALID,Robinson & Brown Insurance Services Ltd,15.85,411.3999999999999,2023-09-12,2026-12-31 06:00:00
ALB-PET-0003893,P0000743,,PET,DIRECT,2022-12-12,2023-12-12,IF,N,2888.21,2888.21,VALID,VALID,,,2647.48,2023-11-07,2026-12-31 06:00:00
ALB-PET-0003904,P0000101,184,PET,BROKER,2018-08-06,2019-08-06,EX,N,210.5,210.50,VALID,VALID,,,210.5,2018-08-06,2026-12-31 06:00:00
ALB-PET-0003922,P0003110,,PET,BROKER,2023-01-10,2024-01-10,RN,N,3879.72,3879.72,VALID,VALID,,,3556.41,2023-12-06,2026-12-31 06:00:00
ALB-PET-0003939,P0002236,,PET,DIRECT,2025-10-25,2026-10-25,RN,N,4186.97,4186.97,VALID,VALID,Baker & Wright Insurance Services Ltd,22.1,3489.0999999999995,2026-09-20,2026-12-31 06:00:00
ALB-PET-0003962,P0002406,,PET,DIRECT,2023-04-08,2024-04-07,IF,N,3755.69,3755.69,VALID,VALID,,,3755.69,2023-04-08,2026-12-31 06:00:00
ALB-PET-0003963,P0002855,,PET,DIRECT,2019-08-29,2020-08-28,IF,N,2228.71,2228.71,VALID,VALID,,,2228.7599999999998,2020-07-24,2026-12-31 06:00:00
ALB-PET-0003967,P0001703,,PET,BROKER,2024-06-17,2025-06-17,EX,N,1678.89,1678.89,VALID,VALID,,,1678.9200000000003,2025-05-13,2026-12-31 06:00:00
ALB-PET-0003978,P0000830,122,PET,BROKER,2019-08-13,2020-08-12,LP,N,3667.48,3667.48,VALID,VALID,Smith & Walker Insurance Services Ltd,18.79,3361.8199999999993,2020-06-08,2026-12-31 06:00:00
ALB-PET-0003989,P0000522,261,PET,AGGREGATOR,2018-03-06,2019-03-06,IF,N,2317.48,2317.48,VALID,VALID,Jones & Baker Insurance Services Ltd,8.84,2124.3199999999997,2019-01-30,2026-12-31 06:00:00
ALB-PET-0003990,P0000982,,PET,DIRECT,2026-05-16,2027-05-16,LP,N,3474.53,2026.81,VALID,VALID,Hall & Murphy Insurance Services Ltd,10.45,3474.53,2026-05-16,2026-12-31 06:00:00
ALB-PET-0003991,P0000643,472,PET,BROKER,2025-01-23,2026-01-23,EX,N,3162.64,3162.64,VALID,VALID,Jones & Baker Insurance Services Ltd,8.84,3162.600000000001,2025-12-19,2026-12-31 06:00:00
ALB-PET-0004007,P0001390,,PET,AGGREGATOR,2022-03-03,2023-03-03,RN,N,2398.53,2398.53,VALID,VALID,Taylor & Walker Insurance Services Ltd,13.94,2398.53,2022-03-03,2026-12-31 06:00:00
ALB-PET-0004010,P0003031,455,PET,BROKER,2026-05-17,2027-05-17,EX,N,1892.03,1103.68,VALID,VALID,,,1892.0400000000002,2027-04-12,2026-12-31 06:00:00
ALB-PET-0004013,P0002124,189,PET,DIRECT,2018-05-11,2019-05-11,EX,N,600.93,600.93,VALID,VALID,Walker & Wright Insurance Services Ltd,10.74,600.93,2018-05-11,2026-12-31 06:00:00
ALB-PET-0004018,P0003078,262,PET,BROKER,2020-07-08,2021-07-08,IF,N,2175.98,2175.98,VALID,VALID,Brown & Jones Insurance Services Ltd,10.15,2175.9599999999996,2021-06-03,2026-12-31 06:00:00
ALB-PET-0004022,P0002286,,PET,BROKER,2021-10-24,2022-10-24,IF,N,1190.55,1190.55,VALID,VALID,,,1190.55,2021-10-24,2026-12-31 06:00:00
ALB-PET-0004026,P0002793,356,PET,BROKER,2022-11-15,2023-11-15,RN,N,2067.64,2067.64,VALID,VALID,Walker & OBrien Insurance Services Ltd,10.5,,,2026-12-31 06:00:00
ALB-PET-0004027,P0002531,,PET,BROKER,2019-02-13,2020-02-13,LP,N,1640.69,1640.69,VALID,VALID,Robinson & Brown Insurance Services Ltd,15.85,1367.2,2020-01-09,2026-12-31 06:00:00
ALB-PET-0004030,P0000634,134,PET,DIRECT,2022-08-02,2023-08-02,IF,N,1195.72,1195.72,VALID,VALID,Johnson & Murphy Insurance Services Ltd,21.31,1195.68,2023-06-28,2026-12-31 06:00:00
ALB-PET-0004045,P0003100,,PET,BROKER,2022-07-12,2023-07-12,CN,N,3032.75,3032.75,VALID,VALID,,,3032.7599999999998,2023-06-07,2026-12-31 06:00:00
ALB-PET-0004056,P0000678,291,PET,BROKER,2025-12-21,2026-12-21,IF,Y,3043.93,3043.93,VALID,VALID,Baker & Wright Insurance Services Ltd,22.1,2536.6,2026-11-16,2026-12-31 06:00:00
ALB-PET-0004061,P0002139,,PET,DIRECT,2024-04-13,2025-04-13,RN,N,2806.67,2806.67,VALID,VALID,,,2806.679999999999,2025-03-09,2026-12-31 06:00:00
ALB-PET-0004068,P0002271,,PET,AGGREGATOR,2025-11-30,2026-11-30,CN,N,988.6,988.60,VALID,VALID,,,988.6,2025-11-30,2026-12-31 06:00:00
ALB-PET-0004087,P0002216,279,PET,AGGREGATOR,2026-06-17,2027-06-17,IF,Y,4097.49,2048.75,VALID,VALID,Smith & Davies Insurance Services Ltd,14.16,4097.5199999999995,2027-05-13,2026-12-31 06:00:00
ALB-PET-0004092,P0001258,206,PET,AGGREGATOR,2019-04-12,2020-04-11,IF,N,3897.96,3897.96,VALID,VALID,Davies & Davies Insurance Services Ltd,17.73,3573.1299999999997,2020-03-07,2026-12-31 06:00:00
ALB-PET-0004101,P0000832,140,PET,DIRECT,2020-03-05,2021-03-05,IF,N,1637.33,1637.33,VALID,VALID,Taylor & Murphy Insurance Services Ltd,20.48,1637.2800000000004,2021-01-29,2026-12-31 06:00:00
ALB-PET-0004102,P0003064,,PET,DIRECT,2026-02-17,2027-02-17,IF,N,2112.36,1760.30,VALID,VALID,,,2112.36,2026-02-17,2026-12-31 06:00:00
ALB-PET-0004109,P0002427,,PET,BROKER,2024-05-21,2025-05-21,IF,N,3442.3,3442.30,VALID,VALID,Jones & Robinson Insurance Services Ltd,21.97,3155.460000000001,2025-04-16,2026-12-31 06:00:00
ALB-PET-0004111,P0002725,,PET,AGGREGATOR,2020-04-01,2021-04-01,IF,N,2456.9,2456.90,VALID,VALID,,,2456.88,2021-02-25,2026-12-31 06:00:00
ALB-PET-0004112,P0001910,,PET,BROKER,2026-01-07,2027-01-07,CN,N,2842.24,2605.39,VALID,VALID,,,2842.24,2026-01-07,2026-12-31 06:00:00
ALB-PET-0004113,P0000738,,PET,AGGREGATOR,2025-11-29,2026-11-29,IF,N,760.69,760.69,VALID,VALID,,,697.29,2026-10-25,2026-12-31 06:00:00
ALB-PET-0004115,P0000326,272,PET,DIRECT,2018-11-17,2019-11-17,RN,N,1016.71,1016.71,VALID,VALID,Wilson & Wright Insurance Services Ltd,17.86,1016.7600000000001,2019-10-13,2026-12-31 06:00:00
ALB-PET-0004122,P0001092,75,PET,BROKER,2020-04-09,2021-04-09,RN,N,2314.62,2314.62,VALID,VALID,Smith & Clarke Insurance Services Ltd,17.33,2121.6800000000003,2021-03-05,2026-12-31 06:00:00
ALB-PET-0004126,P0002468,,PET,BROKER,2025-02-08,2026-02-08,IF,N,1169.67,1169.67,VALID,VALID,Davies & Wright Insurance Services Ltd,13.6,1169.67,2025-02-08,2026-12-31 06:00:00
ALB-PET-0004128,P0002376,73,PET,BROKER,2021-04-25,2022-04-25,CN,N,2278.12,2278.12,VALID,VALID,Hall & Murphy Insurance Services Ltd,10.45,2088.24,2022-03-21,2026-12-31 06:00:00
ALB-PET-0004133,P0000455,,PET,BROKER,2024-02-07,2025-02-06,IF,N,2590.31,2590.31,VALID,VALID,Clarke & Wright Insurance Services Ltd,11.72,2590.320000000001,2025-01-02,2026-12-31 06:00:00
ALB-PET-0004151,P0000033,,PET,BROKER,2023-12-06,2024-12-05,IF,N,1575.49,1575.49,VALID,VALID,Wilson & Johnson Insurance Services Ltd,21.61,1575.4799999999998,2024-10-31,2026-12-31 06:00:00
ALB-PET-0004162,P0002140,383,PET,DIRECT,2023-10-01,2024-09-30,LP,N,1369.08,1369.08,VALID,VALID,Smith & Walker Insurance Services Ltd,18.79,1369.08,2024-08-26,2026-12-31 06:00:00
ALB-PET-0004164,P0002828,,PET,AGGREGATOR,2022-12-06,2023-12-06,EX,N,344.07,344.07,VALID,VALID,Patel & Clarke Insurance Services Ltd,9.04,344.04000000000013,2023-11-01,2026-12-31 06:00:00
ALB-PET-0004168,P0002884,487,PET,DIRECT,2024-12-21,2025-12-21,IF,N,1666.34,1666.34,VALID,VALID,,,1666.34,2024-12-21,2026-12-31 06:00:00
ALB-PET-0004172,P0002806,147,PET,DIRECT,2020-03-22,2021-03-22,IF,N,658.21,658.21,VALID,VALID,,,658.2000000000002,2021-02-15,2026-12-31 06:00:00
ALB-PET-0004174,P0002460,99,PET,BROKER,2025-05-11,2026-05-11,IF,N,1915.4,1915.40,VALID,VALID,Williams & Hall Insurance Services Ltd,14.19,1915.4399999999996,2026-04-06,2026-12-31 06:00:00
ALB-PET-0004195,P0000356,,PET,BROKER,2022-10-14,2023-10-14,EX,N,2953.59,2953.59,VALID,VALID,,,2953.59,2022-10-14,2026-12-31 06:00:00
ALB-PET-0004197,P0000680,486,PET,BROKER,2020-01-14,2021-01-13,LP,N,1396.08,1396.08,VALID,VALID,Hall & Murphy Insurance Services Ltd,10.45,1279.74,2020-12-09,2026-12-31 06:00:00
ALB-PET-0004202,P0002892,,PET,BROKER,2023-04-02,2024-04-01,EX,N,3567.09,3567.09,VALID,VALID,Taylor & Johnson Insurance Services Ltd,17.25,3567.120000000001,2024-02-26,2026-12-31 06:00:00
ALB-PET-0004207,P0002280,,PET,AGGREGATOR,2024-02-13,2025-02-12,IF,N,1909.79,1909.79,VALID,VALID,,,1750.6500000000003,2025-01-08,2026-12-31 06:00:00
ALB-PET-0004214,P0002822,,PET,AGGREGATOR,2024-06-15,2025-06-15,IF,N,1182.58,1182.58,VALID,VALID,Hall & Patel Insurance Services Ltd,13.7,1084.0499999999997,2025-05-11,2026-12-31 06:00:00
ALB-PET-0004220,P0000981,,PET,BROKER,2025-06-12,2026-06-12,IF,N,2664.89,2664.89,VALID,VALID,OBrien & Patel Insurance Services Ltd,14.2,2442.77,2026-05-08,2026-12-31 06:00:00
ALB-PET-0004233,P0000206,336,PET,AGGREGATOR,2024-04-23,2025-04-23,IF,N,3666.5,3666.50,VALID,VALID,Johnson & Murphy Insurance Services Ltd,21.31,3055.4,2025-03-19,2026-12-31 06:00:00
ALB-PET-0004238,P0002091,33,PET,DIRECT,2021-10-07,2022-10-07,IF,N,1899.32,1899.32,VALID,VALID,Davies & Wright Insurance Services Ltd,13.6,1899.32,2021-10-07,2026-12-31 06:00:00
ALB-PET-0004241,P0001329,,PET,BROKER,2025-12-18,2026-12-18,RN,N,3347.56,3347.56,VALID,VALID,Hall & Khan Insurance Services Ltd,14.81,3347.52,2026-11-13,2026-12-31 06:00:00
ALB-PET-0004250,P0000383,381,PET,DIRECT,2025-02-05,2026-02-05,IF,N,2242.26,2242.26,VALID,VALID,Johnson & Hughes Insurance Services Ltd,17.19,2242.3200000000006,2026-01-01,2026-12-31 06:00:00
ALB-PET-0004262,P0001372,,PET,BROKER,2020-07-08,2021-07-08,RN,N,1198.98,1198.98,VALID,VALID,,,1198.98,2020-07-08,2026-12-31 06:00:00
ALB-PET-0004265,P0000849,211,PET,BROKER,2026-11-25,2027-11-25,IF,Y,3526.89,293.91,VALID,VALID,,,3526.9199999999996,2027-10-21,2026-12-31 06:00:00
ALB-PET-0004268,P0002564,129,PET,BROKER,2020-12-28,2021-12-28,IF,N,1537.29,1537.29,VALID,VALID,,,1281.1000000000004,2021-11-23,2026-12-31 06:00:00
ALB-PET-0004298,P0000765,,PET,DIRECT,2025-08-20,2026-08-20,RN,N,2232.53,2232.53,VALID,VALID,,,2232.53,2025-08-20,2026-12-31 06:00:00
ALB-PET-0004299,P0001471,307,PET,BROKER,2026-12-23,2027-12-23,CN,N,3274.93,0.00,VALID,VALID,,,3274.9199999999996,2027-11-18,2026-12-31 06:00:00
ALB-PET-0004300,P0000357,44,PET,BROKER,2021-11-22,2022-11-22,CN,N,3267.94,3267.94,VALID,VALID,,,3267.9599999999996,2022-10-18,2026-12-31 06:00:00
ALB-PET-0004302,P0000924,91,PET,BROKER,2020-12-28,2021-12-28,RN,N,2442.71,2442.71,VALID,VALID,Green & Jones Insurance Services Ltd,21.44,2442.72,2021-11-23,2026-12-31 06:00:00
ALB-PET-0004304,P0002041,,PET,AGGREGATOR,2025-07-12,2026-07-12,RN,N,574.57,574.57,VALID,VALID,Green & Murphy Insurance Services Ltd,11.43,574.5600000000001,2026-06-07,2026-12-31 06:00:00
ALB-PET-0004318,P0003090,461,PET,BROKER,2019-04-29,2020-04-28,RN,N,3948.01,3948.01,VALID,VALID,Jones & Robinson Insurance Services Ltd,21.97,3948.0,2020-03-24,2026-12-31 06:00:00
ALB-PET-0004327,P0003177,,PET,BROKER,2019-02-26,2020-02-26,LP,N,3287.95,3287.95,VALID,VALID,,,3014.0,2019-12-23,2026-12-31 06:00:00
ALB-PET-0004328,P0002329,224,PET,BROKER,2023-09-05,2024-09-04,IF,N,3098.82,3098.82,VALID,VALID,Taylor & Johnson Insurance Services Ltd,17.25,3098.879999999999,2024-07-31,2026-12-31 06:00:00
ALB-PET-0004333,P0001561,,PET,DIRECT,2022-07-20,2023-07-20,EX,N,976.06,976.06,VALID,VALID,Davies & Wright Insurance Services Ltd,13.6,976.0800000000003,2023-06-15,2026-12-31 06:00:00
ALB-PET-0004339,P0000691,32,PET,DIRECT,2024-05-20,2025-05-20,IF,N,963.85,963.85,VALID,VALID,,,963.85,2024-05-20,2026-12-31 06:00:00
ALB-PET-0004341,P0002428,13,PET,DIRECT,2026-08-19,2027-08-19,LP,N,910.56,303.52,VALID,VALID,Khan & Davies Insurance Services Ltd,12.18,910.56,2026-08-19,2026-12-31 06:00:00
ALB-PET-0004350,P0000474,91,PET,BROKER,2022-06-09,2023-06-09,CN,N,1471.35,1471.35,VALID,VALID,Johnson & Hughes Insurance Services Ltd,17.19,1471.35,2022-06-09,2026-12-31 06:00:00
ALB-PET-0004353,P0002298,,PET,DIRECT,2019-05-24,2020-05-23,CN,N,2024.93,2024.93,VALID,VALID,,,2024.93,2019-05-24,2026-12-31 06:00:00
ALB-PET-0004355,P0001506,434,PET,BROKER,2020-01-04,2021-01-03,IF,N,1936.98,1936.98,VALID,VALID,Murphy & Johnson Insurance Services Ltd,12.64,1936.9200000000003,2020-11-29,2026-12-31 06:00:00
ALB-PET-0004357,P0003088,,PET,AGGREGATOR,2021-11-21,2022-11-21,RN,N,2037.63,2037.63,VALID,VALID,,,1528.1999999999998,2022-10-17,2026-12-31 06:00:00
ALB-PET-0004361,P0002001,,PET,DIRECT,2024-05-21,2025-05-21,IF,N,935.57,935.57,VALID,VALID,,,779.6,2025-04-16,2026-12-31 06:00:00
ALB-PET-0004364,P0002603,,PET,BROKER,2026-10-18,2027-10-18,IF,N,3075.58,512.60,VALID,VALID,Wilson & Wright Insurance Services Ltd,17.86,,,2026-12-31 06:00:00
ALB-PET-0004381,P0001085,,PET,AGGREGATOR,2024-12-07,2025-12-07,EX,N,429.12,429.12,VALID,VALID,Baker & Hughes Insurance Services Ltd,13.91,429.11999999999995,2025-11-02,2026-12-31 06:00:00
ALB-PET-0004384,P0001357,74,PET,BROKER,2018-09-07,2019-09-07,IF,N,2986.93,2986.93,VALID,VALID,,,2986.9199999999996,2019-08-03,2026-12-31 06:00:00
ALB-PET-0004386,P0002369,,PET,DIRECT,2018-03-02,2019-03-02,IF,N,577.93,577.93,VALID,VALID,Williams & Williams Insurance Services Ltd,18.19,577.9199999999998,2019-01-26,2026-12-31 06:00:00
ALB-PET-0004392,P0001104,,PET,DIRECT,2024-04-10,2025-04-10,EX,N,3687.21,3687.21,VALID,VALID,,,3379.97,2025-03-06,2026-12-31 06:00:00
ALB-PET-0004398,P0000059,487,PET,BROKER,2025-09-21,2026-09-21,IF,N,1304.43,1304.43,VALID,VALID,,,1304.43,2025-09-21,2026-12-31 06:00:00
ALB-PET-0004404,P0003177,,PET,BROKER,2021-02-27,2022-02-27,IF,N,4189.08,4189.08,VALID,VALID,Hall & Baker Insurance Services Ltd,14.43,4189.08,2021-02-27,2026-12-31 06:00:00
ALB-PET-0004405,P0003005,,PET,BROKER,2023-11-25,2024-11-24,RN,N,3976.15,3976.15,VALID,VALID,,,3976.1999999999994,2024-10-20,2026-12-31 06:00:00
ALB-PET-0004414,P0001101,,PET,BROKER,2019-06-13,2020-06-12,IF,N,2637.8,2637.80,VALID,VALID,Williams & Williams Insurance Services Ltd,18.19,2418.02,2020-05-08,2026-12-31 06:00:00
ALB-PET-0004417,P0002653,323,PET,DIRECT,2019-09-05,2020-09-04,EX,N,1058.33,1058.33,VALID,VALID,Hughes & Wright Insurance Services Ltd,8.65,1058.2800000000002,2020-07-31,2026-12-31 06:00:00
ALB-PET-0004418,P0000661,3,PET,AGGREGATOR,2022-07-17,2023-07-17,RN,N,1020.05,1020.05,VALID,VALID,Walker & Wright Insurance Services Ltd,10.74,850.0,2023-06-12,2026-12-31 06:00:00
ALB-PET-0004432,P0000584,,PET,AGGREGATOR,2021-09-03,2022-09-03,EX,N,1533.29,1533.29,VALID,VALID,Patel & Wilson Insurance Services Ltd,12.84,1533.24,2022-07-30,2026-12-31 06:00:00
ALB-PET-0004436,P0001988,236,PET,BROKER,2026-08-19,2027-08-19,CN,N,2854.05,951.35,VALID,VALID,,,2854.05,2026-08-19,2026-12-31 06:00:00
ALB-PET-0004440,P0003199,,PET,BROKER,2024-09-11,2025-09-11,CN,N,3491.27,3491.27,VALID,VALID,Baker & Hughes Insurance Services Ltd,13.91,3491.28,2025-08-07,2026-12-31 06:00:00
ALB-PET-0004445,P0002108,,PET,DIRECT,2024-05-18,2025-05-18,IF,N,712.23,712.23,INVALID,VALID,Davies & Taylor Insurance Services Ltd,14.09,712.23,2024-05-18,2026-12-31 06:00:00
ALB-PET-0004447,P0000652,,PET,BROKER,2024-04-11,2025-04-11,IF,N,3439.79,3439.79,VALID,VALID,Taylor & Walker Insurance Services Ltd,13.94,3439.8000000000006,2025-03-07,2026-12-31 06:00:00
ALB-PET-0004455,P0000766,214,PET,BROKER,2026-01-05,2027-01-05,EX,N,2808.57,2808.57,VALID,VALID,Smith & Walker Insurance Services Ltd,18.79,2808.57,2026-01-05,2026-12-31 06:00:00
ALB-PET-0004456,P0002487,,PET,BROKER,2022-09-21,2023-09-21,RN,N,2985.0,2985.00,VALID,VALID,,,2985.0,2023-08-17,2026-12-31 06:00:00
ALB-PET-0004458,P0000977,,PET,AGGREGATOR,2021-10-11,2022-10-11,RN,N,233.7,233.70,VALID,VALID,,,233.7,2021-10-11,2026-12-31 06:00:00
ALB-PET-0004462,P0001944,,PET,DIRECT,2020-03-09,2021-03-09,IF,N,3338.61,3338.61,VALID,VALID,Smith & Brown Insurance Services Ltd,19.81,3338.61,2020-03-09,2026-12-31 06:00:00
ALB-PET-0004471,P0000989,,PET,BROKER,2018-12-07,2019-12-07,RN,N,3100.25,3100.25,VALID,VALID,OBrien & Green Insurance Services Ltd,17.85,3100.25,2018-12-07,2026-12-31 06:00:00
ALB-PET-0004473,P0001314,,PET,BROKER,2023-10-02,2024-10-01,RN,N,4060.15,4060.15,VALID,VALID,,,,,2026-12-31 06:00:00
ALB-PET-0004481,P0000611,131,PET,BROKER,2025-01-20,2026-01-20,IF,N,1298.4,1298.40,VALID,VALID,Wilson & Wright Insurance Services Ltd,7.87,1298.4,2025-01-20,2026-12-31 06:00:00
ALB-PET-0004485,P0000626,467,PET,AGGREGATOR,2026-10-20,2027-10-20,CN,N,2346.31,391.05,VALID,VALID,,,1955.3,2027-09-15,2026-12-31 06:00:00
ALB-PET-0004493,P0001000,,PET,AGGREGATOR,2024-03-14,2025-03-14,RN,N,1327.14,1327.14,VALID,VALID,,,1327.14,2024-03-14,2026-12-31 06:00:00
ALB-PET-0004507,P0000643,472,PET,BROKER,2026-03-26,2027-03-26,LP,N,762.7,572.03,VALID,VALID,Smith & Walker Insurance Services Ltd,18.79,762.7,2026-03-26,2026-12-31 06:00:00
ALB-PET-0004509,P0000164,471,PET,BROKER,2026-02-08,2027-02-08,EX,N,1707.8,1423.17,VALID,VALID,Brown & Davies Insurance Services Ltd,14.49,1707.8399999999995,2027-01-04,2026-12-31 06:00:00
ALB-PET-0004526,P0000236,428,PET,DIRECT,2025-10-18,2026-10-18,IF,N,2822.96,2822.96,VALID,VALID,,,2822.96,2025-10-18,2026-12-31 06:00:00
ALB-PET-0004528,P0000880,211,PET,BROKER,2022-11-05,2023-11-05,IF,N,1823.75,1823.75,VALID,VALID,Walker & OBrien Insurance Services Ltd,10.5,1823.75,2022-11-05,2026-12-31 06:00:00
ALB-PET-0004529,P0001981,348,PET,AGGREGATOR,2019-11-25,2020-11-24,IF,N,580.86,580.86,VALID,VALID,,,580.86,2019-11-25,2026-12-31 06:00:00
ALB-PET-0004542,P0002297,,PET,DIRECT,2021-01-11,2022-01-11,RN,N,2022.47,2022.47,VALID,VALID,Hall & Murphy Insurance Services Ltd,10.45,2022.4799999999998,2021-12-07,2026-12-31 06:00:00
ALB-PET-0004545,P0001337,39,PET,BROKER,2018-08-02,2019-08-02,LP,N,3172.92,3172.92,VALID,VALID,Green & Jones Insurance Services Ltd,21.44,3172.9199999999996,2019-06-28,2026-12-31 06:00:00
ALB-PET-0004547,P0001393,,PET,AGGREGATOR,2019-01-06,2020-01-06,IF,N,3212.6,3212.60,VALID,VALID,Taylor & Murphy Insurance Services Ltd,20.48,3212.6400000000012,2019-12-02,2026-12-31 06:00:00
ALB-PET-0004558,P0000685,,PET,AGGREGATOR,2024-02-06,2025-02-05,LP,N,2093.95,2093.95,VALID,VALID,Williams & Williams Insurance Services Ltd,18.19,1919.5,2025-01-01,2026-12-31 06:00:00
ALB-PET-0004559,P0001449,360,PET,BROKER,2019-09-10,2020-09-09,LP,N,3703.54,3703.54,VALID,VALID,Khan & Smith Insurance Services Ltd,17.81,3703.54,2019-09-10,2026-12-31 06:00:00
ALB-PET-0004563,P0000312,55,PET,DIRECT,2026-01-12,2027-01-12,CN,N,1872.81,1716.74,VALID,VALID,,,1716.7699999999995,2026-11-08,2026-12-31 06:00:00
ALB-PET-0004568,P0001615,499,PET,DIRECT,2018-08-20,2019-08-20,IF,N,1101.5,1101.50,VALID,VALID,Brown & Davies Insurance Services Ltd,14.49,1101.4799999999998,2019-07-16,2026-12-31 06:00:00
ALB-PET-0004572,P0000485,222,PET,AGGREGATOR,2026-10-17,2027-10-17,EX,N,3056.15,509.36,VALID,VALID,Brown & Jones Insurance Services Ltd,10.15,3056.15,2026-10-17,2026-12-31 06:00:00
ALB-PET-0004579,P0002626,114,PET,BROKER,2022-09-16,2023-09-16,IF,N,964.56,964.56,VALID,VALID,Davies & Davies Insurance Services Ltd,17.73,964.56,2022-09-16,2026-12-31 06:00:00
ALB-PET-0004585,P0000841,155,PET,BROKER,2021-05-11,2022-05-11,IF,N,1802.03,1802.03,VALID,VALID,Wilson & OBrien Insurance Services Ltd,9.12,1651.8700000000001,2022-03-07,2026-12-31 06:00:00
ALB-PET-0004591,P0002537,3,PET,BROKER,2021-08-18,2022-08-18,IF,N,3747.22,3747.22,VALID,VALID,Green & Murphy Insurance Services Ltd,11.43,3434.97,2022-07-14,2026-12-31 06:00:00
ALB-PET-0004594,P0002433,58,PET,BROKER,2022-11-30,2023-11-30,LP,N,3986.58,3986.58,VALID,VALID,Johnson & Hall Insurance Services Ltd,21.38,3986.58,2022-11-30,2026-12-31 06:00:00
ALB-PET-0004610,P0001302,,PET,DIRECT,2019-09-15,2020-09-14,IF,N,902.66,902.66,VALID,VALID,Hall & Brown Insurance Services Ltd,13.16,902.6400000000002,2020-08-10,2026-12-31 06:00:00
ALB-PET-0004616,P0003059,,PET,AGGREGATOR,2024-07-06,2025-07-06,CN,N,759.78,759.78,VALID,VALID,Hall & Khan Insurance Services Ltd,14.81,633.0999999999999,2025-06-01,2026-12-31 06:00:00
ALB-PET-0004618,P0002914,,PET,AGGREGATOR,2020-08-12,2021-08-12,IF,N,2591.07,2591.07,INVALID,VALID,Baker & Hughes Insurance Services Ltd,12.55,2375.1200000000003,2021-07-08,2026-12-31 06:00:00
ALB-PET-0004622,P0000686,,PET,BROKER,2026-10-18,2027-10-18,RN,N,3286.29,547.72,VALID,VALID,Clarke & Wright Insurance Services Ltd,11.72,3286.29,2026-10-18,2026-12-31 06:00:00
ALB-PET-0004635,P0000256,,PET,BROKER,2019-02-02,2020-02-02,CN,N,1729.52,1729.52,VALID,VALID,OBrien & Patel Insurance Services Ltd,14.2,1585.4300000000003,2019-12-29,2026-12-31 06:00:00
ALB-PET-0004641,P0001965,,PET,AGGREGATOR,2018-09-13,2019-09-13,LP,N,2699.28,2699.28,VALID,VALID,,,2249.4,2019-08-09,2026-12-31 06:00:00
ALB-PET-0004649,P0002358,,PET,AGGREGATOR,2018-01-22,2019-01-22,RN,N,2428.73,2428.73,VALID,VALID,Hall & Wright Insurance Services Ltd,8.65,2428.6799999999994,2018-12-18,2026-12-31 06:00:00
ALB-PET-0004656,P0000728,420,PET,BROKER,2020-09-17,2021-09-17,EX,N,3731.47,3731.47,VALID,VALID,Walker & OBrien Insurance Services Ltd,10.5,3731.47,2020-09-17,2026-12-31 06:00:00
ALB-PET-0004667,P0001342,,PET,AGGREGATOR,2021-12-15,2022-12-15,IF,N,1655.05,1655.05,VALID,VALID,Khan & Davies Insurance Services Ltd,12.18,1655.05,2021-12-15,2026-12-31 06:00:00
ALB-PET-0004672,P0002967,,PET,AGGREGATOR,2026-02-01,2027-02-01,RN,N,4195.59,3845.96,VALID,VALID,,,4195.59,2026-02-01,2026-12-31 06:00:00
ALB-PET-0004681,P0000163,137,PET,BROKER,2025-01-25,2026-01-25,IF,N,3014.54,3014.54,VALID,VALID,Smith & Brown Insurance Services Ltd,19.81,2260.89,2025-12-21,2026-12-31 06:00:00
ALB-PET-0004689,P0002148,,PET,DIRECT,2024-07-19,2025-07-19,RN,N,1615.31,1615.31,INVALID,VALID,Patel & Wilson Insurance Services Ltd,12.84,1615.3200000000006,2025-06-14,2026-12-31 06:00:00
ALB-PET-0004707,P0000130,99,PET,BROKER,2021-10-02,2022-10-02,IF,N,791.7,791.70,VALID,VALID,Smith & Walker Insurance Services Ltd,18.79,791.7,2021-10-02,2026-12-31 06:00:00
ALB-PET-0004715,P0002701,327,PET,AGGREGATOR,2018-05-17,2019-05-17,IF,N,357.96,357.96,VALID,VALID,,,357.95999999999987,2019-04-12,2026-12-31 06:00:00
ALB-PET-0004732,P0001989,186,PET,AGGREGATOR,2018-06-14,2019-06-14,IF,N,3567.88,3567.88,VALID,VALID,Williams & Williams Insurance Services Ltd,18.19,2973.2000000000003,2019-05-10,2026-12-31 06:00:00
ALB-PET-0004745,P0002901,152,PET,AGGREGATOR,2020-05-11,2021-05-11,RN,N,209.36,209.36,VALID,VALID,,,209.36,2020-05-11,2026-12-31 06:00:00
ALB-PET-0004747,P0001247,,PET,BROKER,2021-07-19,2022-07-19,IF,N,1327.09,1327.09,INVALID,VALID,Patel & Clarke Insurance Services Ltd,9.04,1327.08,2022-06-14,2026-12-31 06:00:00
ALB-PET-0004749,P0002003,,PET,AGGREGATOR,2020-06-20,2021-06-20,LP,N,4182.76,4182.76,VALID,VALID,Green & Murphy Insurance Services Ltd,11.43,4182.76,2020-06-20,2026-12-31 06:00:00
ALB-PET-0004753,P0001083,226,PET,BROKER,2018-10-17,2019-10-17,LP,N,2054.71,2054.71,INVALID,VALID,,,2054.71,2018-10-17,2026-12-31 06:00:00
ALB-PET-0004777,P0001434,,PET,BROKER,2025-03-14,2026-03-14,IF,N,1082.93,1082.93,VALID,VALID,Johnson & Murphy Insurance Services Ltd,17.99,1082.93,2025-03-14,2026-12-31 06:00:00
ALB-PET-0004782,P0001777,,PET,BROKER,2020-04-30,2021-04-30,IF,N,1277.16,1277.16,VALID,VALID,,,1277.1600000000005,2021-03-26,2026-12-31 06:00:00
ALB-PET-0004801,P0001046,,PET,BROKER,2022-02-24,2023-02-24,CN,N,828.07,828.07,VALID,VALID,,,828.07,2022-02-24,2026-12-31 06:00:00
ALB-PET-0004807,P0000864,,PET,DIRECT,2023-02-17,2024-02-17,IF,N,1600.74,1600.74,VALID,VALID,Davies & Green Insurance Services Ltd,7.72,1467.4000000000003,2024-01-13,2026-12-31 06:00:00
ALB-PET-0004809,P0003007,,PET,BROKER,2022-06-07,2023-06-07,LP,N,1487.2,1487.20,VALID,VALID,Davies & Davies Insurance Services Ltd,17.73,1487.2,2022-06-07,2026-12-31 06:00:00
ALB-PET-0004817,P0000486,411,PET,AGGREGATOR,2020-03-28,2021-03-28,IF,N,236.74,236.74,VALID,VALID,Wilson & Wright Insurance Services Ltd,7.87,236.75999999999996,2021-02-21,2026-12-31 06:00:00
ALB-PET-0004818,P0002349,,PET,AGGREGATOR,2026-06-06,2027-06-06,IF,N,777.97,388.98,VALID,VALID,Hughes & Wright Insurance Services Ltd,8.65,777.97,2026-06-06,2026-12-31 06:00:00
ALB-PET-0004819,P0000033,,PET,DIRECT,2025-07-31,2026-07-31,LP,N,1033.5,1033.50,VALID,VALID,,,947.32,2026-06-26,2026-12-31 06:00:00
ALB-PET-0004826,P0001907,,PET,AGGREGATOR,2022-04-27,2023-04-27,EX,N,3015.76,3015.76,VALID,VALID,,,3015.72,2023-03-23,2026-12-31 06:00:00
ALB-PET-0004829,P0000415,,PET,AGGREGATOR,2025-01-28,2026-01-28,CN,N,3100.61,3100.61,VALID,VALID,Davies & Taylor Insurance Services Ltd,14.09,2842.1800000000007,2025-12-24,2026-12-31 06:00:00
ALB-PET-0004843,P0001029,351,PET,DIRECT,2024-05-02,2025-05-02,LP,N,451.86,451.86,INVALID,VALID,,,451.91999999999985,2025-03-28,2026-12-31 06:00:00
ALB-PET-0004847,P0002739,289,PET,BROKER,2025-03-30,2026-03-30,EX,N,3311.92,3311.92,VALID,VALID,,,2759.8999999999996,2026-01-24,2026-12-31 06:00:00
ALB-PET-0004849,P0002132,,PET,DIRECT,2020-11-21,2021-11-21,IF,N,352.0,352.00,VALID,VALID,,,352.0,2020-11-21,2026-12-31 06:00:00
ALB-PET-0004850,P0001507,,PET,BROKER,2019-09-04,2020-09-03,IF,N,706.74,706.74,VALID,VALID,Davies & Brown Insurance Services Ltd,22.12,,,2026-12-31 06:00:00
ALB-PET-0004854,P0001362,,PET,BROKER,2019-05-27,2020-05-26,IF,N,3774.64,3774.64,VALID,VALID,Khan & Davies Insurance Services Ltd,12.18,3774.600000000001,2020-04-21,2026-12-31 06:00:00
ALB-PET-0004855,P0000745,427,PET,BROKER,2023-01-06,2024-01-06,IF,N,3945.43,3945.43,VALID,VALID,,,3945.43,2023-01-06,2026-12-31 06:00:00
ALB-PET-0004863,P0000896,,PET,DIRECT,2023-12-04,2024-12-03,IF,N,2522.26,2522.26,VALID,VALID,,,2522.26,2023-12-04,2026-12-31 06:00:00
ALB-PET-0004869,P0002220,,PET,BROKER,2018-04-18,2019-04-18,IF,N,2168.88,2168.88,VALID,VALID,Hughes & Wright Insurance Services Ltd,8.65,2168.88,2019-03-14,2026-12-31 06:00:00
ALB-PET-0004879,P0001824,150,PET,AGGREGATOR,2020-12-04,2021-12-04,IF,N,1362.29,1362.29,VALID,VALID,Wilson & Wright Insurance Services Ltd,17.86,1248.72,2021-10-30,2026-12-31 06:00:00
ALB-PET-0004880,P0002477,,PET,DIRECT,2025-12-14,2026-12-14,CN,N,3959.67,3959.67,VALID,VALID,,,3629.670000000001,2026-10-10,2026-12-31 06:00:00
ALB-PET-0004881,P0000403,116,PET,AGGREGATOR,2018-08-09,2019-08-09,LP,N,2129.66,2129.66,VALID,VALID,,,2129.64,2019-07-05,2026-12-31 06:00:00
ALB-PET-0004883,P0002822,,PET,DIRECT,2020-11-24,2021-11-24,EX,N,845.74,845.74,VALID,VALID,,,845.7600000000001,2021-10-20,2026-12-31 06:00:00
ALB-PET-0004884,P0000969,125,PET,BROKER,2023-06-08,2024-06-07,RN,N,1722.47,1722.47,VALID,VALID,Hall & Wright Insurance Services Ltd,8.65,1722.47,2023-06-08,2026-12-31 06:00:00
ALB-PET-0004887,P0000121,151,PET,BROKER,2023-08-02,2024-08-01,EX,N,2731.09,2731.09,VALID,VALID,Wilson & Johnson Insurance Services Ltd,21.61,2731.09,2023-08-02,2026-12-31 06:00:00
ALB-PET-0004910,P0000128,427,PET,AGGREGATOR,2020-08-04,2021-08-04,RN,N,4137.83,4137.83,VALID,VALID,,,3793.020000000001,2021-06-30,2026-12-31 06:00:00
ALB-PET-0004915,P0000765,,PET,BROKER,2026-07-24,2027-07-24,LP,N,478.25,199.27,VALID,VALID,,,478.2000000000001,2027-06-19,2026-12-31 06:00:00
ALB-PET-0004926,P0002530,154,PET,BROKER,2025-06-21,2026-06-21,CN,N,881.04,881.04,VALID,VALID,,,881.0399999999998,2026-05-17,2026-12-31 06:00:00
ALB-PET-0004927,P0001341,,PET,DIRECT,2024-06-07,2025-06-07,IF,N,197.23,197.23,VALID,VALID,Khan & Smith Insurance Services Ltd,17.81,164.4,2025-05-03,2026-12-31 06:00:00
ALB-PET-0004932,P0000460,420,PET,AGGREGATOR,2024-07-06,2025-07-06,IF,N,3582.85,3582.85,VALID,VALID,Davies & Davies Insurance Services Ltd,17.73,3582.85,2024-07-06,2026-12-31 06:00:00
ALB-PET-0004936,P0001657,480,PET,DIRECT,2021-12-07,2022-12-07,IF,N,852.03,852.03,VALID,VALID,Jones & Robinson Insurance Services Ltd,21.97,781.0,2022-11-02,2026-12-31 06:00:00
ALB-PET-0004941,P0002994,178,PET,BROKER,2025-04-29,2026-04-29,EX,N,2608.46,2608.46,VALID,VALID,Davies & Hughes Insurance Services Ltd,15.18,2608.46,2025-04-29,2026-12-31 06:00:00
ALB-PET-0004946,P0000462,332,PET,BROKER,2025-08-27,2026-08-27,IF,N,2126.49,2126.49,VALID,VALID,,,2126.49,2025-08-27,2026-12-31 06:00:00
ALB-PET-0004949,P0000809,200,PET,BROKER,2026-08-07,2027-08-07,RN,N,4145.67,1381.89,VALID,VALID,Walker & OBrien Insurance Services Ltd,10.5,4145.67,2026-08-07,2026-12-31 06:00:00
ALB-PET-0004952,P0001306,,PET,DIRECT,2018-08-11,2019-08-11,IF,N,793.36,793.36,VALID,VALID,Hall & Murphy Insurance Services Ltd,10.45,793.32,2019-07-07,2026-12-31 06:00:00
ALB-PET-0004964,P0002263,302,PET,AGGREGATOR,2021-06-30,2022-06-30,IF,N,2954.1,2954.10,VALID,VALID,,,2707.8700000000003,2022-05-26,2026-12-31 06:00:00
ALB-PET-0004968,P0001179,,PET,DIRECT,2020-01-17,2021-01-16,EX,N,1009.12,1009.12,VALID,VALID,,,1009.0800000000003,2020-12-12,2026-12-31 06:00:00
ALB-PET-0004972,P0001504,,PET,DIRECT,2021-05-29,2022-05-29,IF,N,2093.6,2093.60,VALID,VALID,Taylor & Wilson Insurance Services Ltd,14.3,2093.64,2022-04-24,2026-12-31 06:00:00
ALB-PET-0004985,P0000289,241,PET,BROKER,2026-06-25,2027-06-25,RN,N,3487.66,1743.83,VALID,VALID,Taylor & Wilson Insurance Services Ltd,14.3,3487.66,2026-06-25,2026-12-31 06:00:00
ALB-PET-0004992,P0000526,,PET,DIRECT,2022-08-18,2023-08-18,RN,N,2306.7,2306.70,VALID,VALID,Robinson & Brown Insurance Services Ltd,15.85,2306.7,2022-08-18,2026-12-31 06:00:00
ALB-PET-0004997,P0000995,384,PET,DIRECT,2024-03-10,2025-03-10,LP,N,324.19,324.19,VALID,VALID,,,324.24,2025-02-03,2026-12-31 06:00:00
ALB-PET-0005007,P0000889,416,PET,DIRECT,2020-04-12,2021-04-12,LP,N,3670.9,3670.90,VALID,VALID,,,3670.9199999999996,2021-03-08,2026-12-31 06:00:00
ALB-PET-0005021,P0001404,,PET,DIRECT,2024-10-03,2025-10-03,IF,N,1850.24,1850.24,VALID,VALID,Smith & Clarke Insurance Services Ltd,17.33,1850.24,2024-10-03,2026-12-31 06:00:00
ALB-PET-0005036,P0000846,228,PET,BROKER,2018-06-25,2019-06-25,IF,N,843.39,843.39,VALID,VALID,Walker & OBrien Insurance Services Ltd,10.5,843.3599999999998,2019-05-21,2026-12-31 06:00:00
ALB-PET-0005050,P0002739,289,PET,DIRECT,2019-11-04,2020-11-03,IF,N,2145.39,2145.39,VALID,VALID,Hall & Hall Insurance Services Ltd,9.1,1966.58,2020-09-29,2026-12-31 06:00:00
ALB-PET-0005054,P0000413,401,PET,BROKER,2026-12-17,2027-12-17,EX,N,1300.29,0.00,VALID,VALID,Green & Murphy Insurance Services Ltd,11.43,1083.6,2027-11-12,2026-12-31 06:00:00
ALB-PET-0005060,P0001040,227,PET,BROKER,2026-03-13,2027-03-13,EX,N,2469.99,1852.49,VALID,VALID,Davies & Hughes Insurance Services Ltd,15.18,2058.2999999999997,2027-02-06,2026-12-31 06:00:00
ALB-PET-0005069,P0002261,177,PET,BROKER,2018-09-23,2019-09-23,LP,N,970.65,970.65,VALID,VALID,Baker & Brown Insurance Services Ltd,14.45,889.79,2019-08-19,2026-12-31 06:00:00
ALB-PET-0005071,P0002798,,PET,DIRECT,2020-09-06,2021-09-06,IF,N,3879.85,3879.85,VALID,VALID,Green & Patel Insurance Services Ltd,10.9,3879.85,2020-09-06,2026-12-31 06:00:00
ALB-PET-0005075,P0000143,479,PET,DIRECT,2023-12-18,2024-12-17,IF,N,2949.57,2949.57,VALID,VALID,,,2949.6000000000004,2024-11-12,2026-12-31 06:00:00
ALB-PET-0005077,P0003097,105,PET,DIRECT,2024-07-16,2025-07-16,LP,N,2170.7,2170.70,VALID,VALID,Taylor & Wilson Insurance Services Ltd,14.3,1628.0099999999998,2025-06-11,2026-12-31 06:00:00
ALB-PET-0005084,P0001242,,PET,DIRECT,2025-07-10,2026-07-10,IF,N,2877.74,2877.74,VALID,VALID,,,2877.72,2026-06-05,2026-12-31 06:00:00
ALB-PET-0005089,P0002138,,PET,BROKER,2022-01-02,2023-01-02,RN,N,2896.91,2896.91,VALID,VALID,Baker & Clarke Insurance Services Ltd,20.14,2896.9199999999996,2022-11-28,2026-12-31 06:00:00
ALB-PET-0005093,P0001048,348,PET,BROKER,2026-01-11,2027-01-11,IF,N,664.65,609.26,VALID,VALID,Clarke & Davies Insurance Services Ltd,10.43,664.65,2026-01-11,2026-12-31 06:00:00
ALB-PET-0005103,P0002984,280,PET,DIRECT,2025-12-04,2026-12-04,IF,N,2196.37,2196.37,VALID,VALID,Green & Murphy Insurance Services Ltd,11.43,2196.37,2025-12-04,2026-12-31 06:00:00
ALB-PET-0005118,P0001216,376,PET,AGGREGATOR,2021-05-08,2022-05-08,CN,N,2607.81,2607.81,INVALID,VALID,,,2607.81,2021-05-08,2026-12-31 06:00:00
ALB-PET-0005125,P0002478,,PET,DIRECT,2026-08-27,2027-08-27,LP,N,3633.15,1211.05,VALID,VALID,Hall & Hall Insurance Services Ltd,9.1,3633.15,2026-08-27,2026-12-31 06:00:00
ALB-PET-0005126,P0001240,321,PET,AGGREGATOR,2020-07-18,2021-07-18,RN,N,1929.14,1929.14,VALID,VALID,Johnson & Hughes Insurance Services Ltd,17.19,,,2026-12-31 06:00:00
ALB-PET-0005127,P0002005,413,PET,AGGREGATOR,2020-01-27,2021-01-26,IF,N,2332.15,2332.15,VALID,VALID,Hall & Brown Insurance Services Ltd,13.16,2332.15,2020-01-27,2026-12-31 06:00:00
ALB-PET-0005129,P0002927,,PET,BROKER,2019-08-23,2020-08-22,IF,N,1691.67,1691.67,VALID,VALID,,,1691.64,2020-07-18,2026-12-31 06:00:00
ALB-PET-0005172,P0001553,425,PET,AGGREGATOR,2021-04-22,2022-04-22,IF,N,698.02,698.02,VALID,VALID,Robinson & Brown Insurance Services Ltd,15.85,639.87,2022-03-18,2026-12-31 06:00:00
ALB-PET-0005184,P0002944,,PET,BROKER,2026-11-11,2027-11-11,CN,N,1382.98,115.25,VALID,VALID,,,1382.98,2026-11-11,2026-12-31 06:00:00
ALB-PET-0005190,P0002919,364,PET,BROKER,2019-11-23,2020-11-22,EX,N,911.33,911.33,VALID,VALID,Smith & Davies Insurance Services Ltd,14.16,911.33,2019-11-23,2026-12-31 06:00:00
ALB-TRV-0000010,P0000487,476,TRV,BROKER,2025-08-28,2026-08-28,RN,N,3734.1,3734.10,VALID,VALID,,,3734.1599999999994,2026-07-24,2026-12-31 06:00:00
ALB-TRV-0000015,P0002785,288,TRV,DIRECT,2018-01-26,2019-01-26,CN,N,744.55,744.55,VALID,VALID,,,682.55,2018-12-22,2026-12-31 06:00:00
ALB-TRV-0000017,P0003197,,TRV,DIRECT,2025-10-13,2026-10-13,IF,N,1750.58,1750.58,VALID,VALID,Wilson & Johnson Insurance Services Ltd,21.61,1750.58,2025-10-13,2026-12-31 06:00:00
ALB-TRV-0000020,P0003143,,TRV,BROKER,2019-07-22,2020-07-21,RN,N,1692.76,1692.76,VALID,VALID,Smith & Walker Insurance Services Ltd,18.79,1692.7199999999996,2020-06-16,2026-12-31 06:00:00
ALB-TRV-0000040,P0001358,303,TRV,BROKER,2023-08-23,2024-08-22,RN,N,1427.83,1427.83,VALID,VALID,Walker & OBrien Insurance Services Ltd,10.5,1189.8999999999999,2024-07-18,2026-12-31 06:00:00
ALB-TRV-0000043,P0003126,,TRV,BROKER,2021-09-14,2022-09-14,IF,N,3390.48,3390.48,VALID,VALID,,,3390.48,2022-08-10,2026-12-31 06:00:00
ALB-TRV-0000045,P0002867,,TRV,BROKER,2019-07-05,2020-07-04,EX,N,1699.69,1699.69,VALID,VALID,Baker & Hughes Insurance Services Ltd,12.55,1416.3999999999996,2020-05-30,2026-12-31 06:00:00
ALB-TRV-0000068,P0000958,,TRV,BROKER,2024-11-03,2025-11-03,IF,N,2867.38,2867.38,VALID,VALID,Green & Jones Insurance Services Ltd,21.44,,,2026-12-31 06:00:00
ALB-TRV-0000069,P0002579,,TRV,BROKER,2018-02-21,2019-02-21,LP,N,3710.74,3710.74,VALID,VALID,,,3401.53,2018-12-18,2026-12-31 06:00:00
ALB-TRV-0000086,P0001184,232,TRV,BROKER,2020-10-23,2021-10-23,CN,N,1412.67,1412.67,VALID,VALID,Davies & Taylor Insurance Services Ltd,14.09,1412.67,2020-10-23,2026-12-31 06:00:00
ALB-TRV-0000088,P0001488,159,TRV,BROKER,2021-06-21,2022-06-21,RN,N,3388.82,3388.82,VALID,VALID,,,,,2026-12-31 06:00:00
ALB-TRV-0000091,P0003183,216,TRV,BROKER,2025-11-19,2026-11-19,RN,N,3992.69,3992.69,VALID,VALID,Jones & Baker Insurance Services Ltd,8.84,3992.69,2025-11-19,2026-12-31 06:00:00
ALB-TRV-0000094,P0001180,,TRV,AGGREGATOR,2019-07-17,2020-07-16,IF,N,4098.12,4098.12,VALID,VALID,,,4098.12,2019-07-17,2026-12-31 06:00:00
ALB-TRV-0000098,P0000735,208,TRV,AGGREGATOR,2020-07-16,2021-07-16,IF,N,532.19,532.19,VALID,VALID,,,487.85000000000014,2021-06-11,2026-12-31 06:00:00
ALB-TRV-0000111,P0002317,449,TRV,AGGREGATOR,2023-07-13,2024-07-12,RN,N,1614.49,1614.49,VALID,VALID,Taylor & Wilson Insurance Services Ltd,14.3,1614.49,2023-07-13,2026-12-31 06:00:00
ALB-TRV-0000115,P0001107,357,TRV,BROKER,2025-03-01,2026-03-01,CN,N,546.13,546.13,VALID,VALID,,,546.12,2026-01-25,2026-12-31 06:00:00
ALB-TRV-0000122,P0000836,,TRV,BROKER,2019-10-15,2020-10-14,EX,N,1207.66,1207.66,VALID,VALID,Johnson & Murphy Insurance Services Ltd,21.31,1207.68,2020-09-09,2026-12-31 06:00:00
ALB-TRV-0000123,P0002859,134,TRV,BROKER,2022-05-16,2023-05-16,IF,N,1402.61,1402.61,VALID,VALID,Baker & Wright Insurance Services Ltd,22.1,1402.61,2022-05-16,2026-12-31 06:00:00
ALB-TRV-0000130,P0002150,274,TRV,DIRECT,2024-02-23,2025-02-22,IF,N,3414.48,3414.48,VALID,VALID,Jones & Baker Insurance Services Ltd,8.84,3414.48,2024-02-23,2026-12-31 06:00:00
ALB-TRV-0000152,P0003007,,TRV,DIRECT,2024-05-08,2025-05-08,IF,N,1259.81,1259.81,VALID,VALID,Baker & Wright Insurance Services Ltd,22.1,1259.76,2025-04-03,2026-12-31 06:00:00
ALB-TRV-0000153,P0002123,251,TRV,BROKER,2018-09-23,2019-09-23,IF,N,4122.55,4122.55,VALID,VALID,Davies & Davies Insurance Services Ltd,17.73,4122.600000000001,2019-08-19,2026-12-31 06:00:00
ALB-TRV-0000162,P0002999,,TRV,BROKER,2021-02-21,2022-02-21,IF,N,3735.35,3735.35,VALID,VALID,Hall & Patel Insurance Services Ltd,13.7,3735.35,2021-02-21,2026-12-31 06:00:00
ALB-TRV-0000164,P0001710,336,TRV,DIRECT,2023-01-14,2024-01-14,LP,N,1936.71,1936.71,VALID,VALID,Brown & Jones Insurance Services Ltd,10.15,1613.8999999999996,2023-12-10,2026-12-31 06:00:00
ALB-TRV-0000166,P0000504,28,TRV,AGGREGATOR,2021-05-04,2022-05-04,CN,N,2573.33,2573.33,VALID,VALID,,,2144.4,2022-03-30,2026-12-31 06:00:00
ALB-TRV-0000175,P0003135,63,TRV,DIRECT,2022-02-03,2023-02-03,CN,N,2876.8,2876.80,VALID,VALID,Hall & Wright Insurance Services Ltd,8.65,2637.0299999999997,2022-12-30,2026-12-31 06:00:00
ALB-TRV-0000180,P0002459,,TRV,DIRECT,2025-02-24,2026-02-24,IF,N,1663.88,1663.88,VALID,VALID,Hall & Patel Insurance Services Ltd,13.7,1663.9200000000003,2026-01-20,2026-12-31 06:00:00
ALB-TRV-0000184,P0000676,234,TRV,BROKER,2022-12-29,2023-12-29,IF,N,1089.83,1089.83,VALID,VALID,,,1089.83,2022-12-29,2026-12-31 06:00:00
ALB-TRV-0000187,P0002993,,TRV,AGGREGATOR,2019-04-04,2020-04-03,IF,N,978.98,978.98,VALID,VALID,,,978.9600000000002,2020-02-28,2026-12-31 06:00:00
ALB-TRV-0000188,P0000260,488,TRV,DIRECT,2023-07-30,2024-07-29,IF,N,3091.34,3091.34,VALID,VALID,,,2833.710000000001,2024-06-24,2026-12-31 06:00:00
ALB-TRV-0000197,P0000845,152,TRV,BROKER,2023-06-20,2024-06-19,LP,N,1057.15,1057.15,VALID,VALID,Taylor & Wilson Insurance Services Ltd,14.3,1057.15,2023-06-20,2026-12-31 06:00:00
ALB-TRV-0000208,P0000323,,TRV,BROKER,2021-03-15,2022-03-15,CN,N,1131.02,1131.02,VALID,VALID,Hall & Wright Insurance Services Ltd,8.65,1131.02,2021-03-15,2026-12-31 06:00:00
ALB-TRV-0000217,P0000229,,TRV,DIRECT,2018-08-28,2019-08-28,IF,N,3823.36,3823.36,VALID,VALID,Davies & Brown Insurance Services Ltd,22.12,3823.36,2018-08-28,2026-12-31 06:00:00
ALB-TRV-0000221,P0002330,21,TRV,DIRECT,2023-11-02,2024-11-01,IF,N,3572.03,3572.03,VALID,VALID,Khan & Davies Insurance Services Ltd,12.18,3572.03,2023-11-02,2026-12-31 06:00:00
ALB-TRV-0000231,P0001313,,TRV,BROKER,2026-06-14,2027-06-14,EX,N,2696.69,1348.35,VALID,VALID,Williams & Hall Insurance Services Ltd,14.19,2696.69,2026-06-14,2026-12-31 06:00:00
ALB-TRV-0000242,P0001725,76,TRV,BROKER,2025-01-31,2026-01-31,IF,N,1129.97,1129.97,VALID,VALID,,,1129.97,2025-01-31,2026-12-31 06:00:00
ALB-TRV-0000243,P0001995,165,TRV,AGGREGATOR,2020-11-14,2021-11-14,IF,N,561.73,561.73,VALID,VALID,,,561.72,2021-10-10,2026-12-31 06:00:00
ALB-TRV-0000244,P0002398,,TRV,BROKER,2019-05-15,2020-05-14,LP,N,3242.9,3242.90,VALID,VALID,Johnson & Hall Insurance Services Ltd,21.38,3242.9,2019-05-15,2026-12-31 06:00:00
ALB-TRV-0000247,P0001628,,TRV,AGGREGATOR,2021-02-26,2022-02-26,EX,N,3003.34,3003.34,VALID,VALID,Clarke & Wright Insurance Services Ltd,11.72,2502.8,2022-01-22,2026-12-31 06:00:00
ALB-TRV-0000271,P0002853,,TRV,BROKER,2023-03-10,2024-03-09,IF,N,3734.72,3734.72,VALID,VALID,Williams & Baker Insurance Services Ltd,16.38,3734.76,2024-02-03,2026-12-31 06:00:00
ALB-TRV-0000275,P0002233,,TRV,AGGREGATOR,2023-08-13,2024-08-12,RN,N,340.75,340.75,VALID,VALID,,,312.4,2024-07-08,2026-12-31 06:00:00
ALB-TRV-0000292,P0002445,,TRV,BROKER,2018-05-05,2019-05-05,LP,N,3916.84,3916.84,VALID,VALID,,,3916.8000000000006,2019-03-31,2026-12-31 06:00:00
ALB-TRV-0000299,P0002198,340,TRV,BROKER,2026-06-17,2027-06-17,IF,Y,1030.13,515.07,VALID,VALID,Smith & Davies Insurance Services Ltd,14.16,1030.0800000000002,2027-05-13,2026-12-31 06:00:00
ALB-TRV-0000306,P0002316,,TRV,DIRECT,2019-02-15,2020-02-15,LP,N,2139.03,2139.03,VALID,VALID,,,2139.0,2020-01-11,2026-12-31 06:00:00
ALB-TRV-0000318,P0002126,,TRV,BROKER,2021-04-08,2022-04-08,IF,N,3423.82,3423.82,VALID,VALID,,,3423.8400000000006,2022-03-04,2026-12-31 06:00:00
ALB-TRV-0000319,P0002814,,TRV,BROKER,2024-06-25,2025-06-25,CN,N,1101.39,1101.39,VALID,VALID,Wilson & Wright Insurance Services Ltd,7.87,1101.39,2024-06-25,2026-12-31 06:00:00
ALB-TRV-0000328,P0001709,337,TRV,AGGREGATOR,2025-01-17,2026-01-17,IF,N,1692.12,1692.12,VALID,VALID,,,1551.11,2025-11-13,2026-12-31 06:00:00
ALB-TRV-0000332,P0002998,,TRV,DIRECT,2018-03-16,2019-03-16,RN,N,288.16,288.16,VALID,VALID,Smith & Clarke Insurance Services Ltd,17.33,288.11999999999995,2019-02-09,2026-12-31 06:00:00
ALB-TRV-0000337,P0001493,,TRV,DIRECT,2021-08-03,2022-08-03,IF,N,3793.5,3793.50,VALID,VALID,Hall & Brown Insurance Services Ltd,13.16,3793.5,2021-08-03,2026-12-31 06:00:00
ALB-TRV-0000341,P0001970,,TRV,DIRECT,2024-12-18,2025-12-18,EX,N,3043.94,3043.94,VALID,VALID,Hall & Khan Insurance Services Ltd,14.81,3043.94,2024-12-18,2026-12-31 06:00:00
ALB-TRV-0000343,P0001752,112,TRV,BROKER,2019-01-15,2020-01-15,EX,N,2824.42,2824.42,VALID,VALID,Clarke & Davies Insurance Services Ltd,10.43,2824.42,2019-01-15,2026-12-31 06:00:00
ALB-TRV-0000356,P0001800,18,TRV,AGGREGATOR,2024-08-12,2025-08-12,RN,N,3591.35,3591.35,VALID,VALID,Clarke & Wright Insurance Services Ltd,11.72,3591.3599999999988,2025-07-08,2026-12-31 06:00:00
ALB-TRV-0000363,P0002578,177,TRV,BROKER,2023-09-07,2024-09-06,IF,N,2666.96,2666.96,VALID,VALID,Wilson & Johnson Insurance Services Ltd,21.61,2444.75,2024-08-02,2026-12-31 06:00:00
ALB-TRV-0000367,P0000574,258,TRV,AGGREGATOR,2026-01-01,2027-01-01,IF,Y,965.42,965.42,VALID,VALID,,,965.4000000000002,2026-11-27,2026-12-31 06:00:00
ALB-TRV-0000372,P0002659,,TRV,BROKER,2018-07-03,2019-07-03,IF,N,373.25,373.25,VALID,VALID,Taylor & Wilson Insurance Services Ltd,14.3,373.20000000000005,2019-05-29,2026-12-31 06:00:00
ALB-TRV-0000374,P0002308,,TRV,DIRECT,2020-02-17,2021-02-16,LP,N,3570.75,3570.75,VALID,VALID,Hughes & Wright Insurance Services Ltd,8.65,3273.16,2021-01-12,2026-12-31 06:00:00
ALB-TRV-0000389,P0001174,248,TRV,AGGREGATOR,2022-09-17,2023-09-17,EX,N,265.43,265.43,VALID,VALID,,,265.44,2023-08-13,2026-12-31 06:00:00
ALB-TRV-0000394,P0000546,125,TRV,BROKER,2026-05-05,2027-05-05,EX,N,693.01,462.01,INVALID,VALID,Clarke & Wright Insurance Services Ltd,9.41,693.0,2027-03-31,2026-12-31 06:00:00
ALB-TRV-0000398,P0002938,31,TRV,AGGREGATOR,2026-04-04,2027-04-04,RN,N,936.87,702.65,VALID,VALID,Jones & Robinson Insurance Services Ltd,21.97,780.6999999999998,2027-02-28,2026-12-31 06:00:00
ALB-TRV-0000400,P0002989,,TRV,BROKER,2022-11-26,2023-11-26,RN,N,829.8,829.80,VALID,VALID,Jones & Robinson Insurance Services Ltd,21.97,829.8,2022-11-26,2026-12-31 06:00:00
ALB-TRV-0000407,P0001673,479,TRV,DIRECT,2023-08-17,2024-08-16,IF,N,3748.03,3748.03,INVALID,VALID,Baker & Clarke Insurance Services Ltd,20.14,3748.0800000000004,2024-07-12,2026-12-31 06:00:00
ALB-TRV-0000408,P0000365,273,TRV,BROKER,2019-10-24,2020-10-23,EX,N,418.68,418.68,VALID,VALID,,,418.6799999999999,2020-09-18,2026-12-31 06:00:00
ALB-TRV-0000414,P0002246,498,TRV,DIRECT,2018-07-05,2019-07-05,IF,N,2763.64,2763.64,VALID,VALID,,,2533.3,2019-05-31,2026-12-31 06:00:00
ALB-TRV-0000423,P0003151,90,TRV,DIRECT,2022-05-16,2023-05-16,IF,N,1223.83,1223.83,VALID,VALID,OBrien & Patel Insurance Services Ltd,14.2,1223.8799999999999,2023-04-11,2026-12-31 06:00:00
ALB-TRV-0000433,P0002907,,TRV,AGGREGATOR,2022-11-05,2023-11-05,RN,N,1012.76,1012.76,VALID,VALID,Jones & Robinson Insurance Services Ltd,21.97,1012.76,2022-11-05,2026-12-31 06:00:00
ALB-TRV-0000443,P0001253,,TRV,BROKER,2023-05-18,2024-05-17,RN,N,3906.53,3906.53,VALID,VALID,Clarke & Wright Insurance Services Ltd,11.72,,,2026-12-31 06:00:00
ALB-TRV-0000457,P0002710,313,TRV,AGGREGATOR,2024-09-30,2025-09-30,IF,N,2396.2,2396.20,VALID,VALID,Smith & Brown Insurance Services Ltd,19.81,1996.8000000000004,2025-08-26,2026-12-31 06:00:00
ALB-TRV-0000465,P0000700,167,TRV,DIRECT,2019-02-01,2020-02-01,CN,N,2554.2,2554.20,VALID,VALID,Jones & Robinson Insurance Services Ltd,21.97,2554.2,2019-02-01,2026-12-31 06:00:00
ALB-TRV-0000467,P0002802,126,TRV,DIRECT,2020-01-03,2021-01-02,IF,N,414.03,414.03,VALID,VALID,,,414.0,2020-11-28,2026-12-31 06:00:00
ALB-TRV-0000472,P0001777,,TRV,BROKER,2023-08-12,2024-08-11,IF,N,2105.03,2105.03,VALID,VALID,,,2105.0400000000004,2024-07-07,2026-12-31 06:00:00
ALB-TRV-0000477,P0001379,123,TRV,BROKER,2020-07-22,2021-07-22,CN,N,1784.42,1784.42,VALID,VALID,,,1784.42,2020-07-22,2026-12-31 06:00:00
ALB-TRV-0000486,P0003179,,TRV,BROKER,2022-05-18,2023-05-18,IF,N,196.7,196.70,VALID,VALID,,,196.67999999999995,2023-04-13,2026-12-31 06:00:00
ALB-TRV-0000489,P0002352,,TRV,BROKER,2024-10-11,2025-10-11,IF,N,3318.58,3318.58,VALID,VALID,Walker & OBrien Insurance Services Ltd,10.5,3318.58,2024-10-11,2026-12-31 06:00:00
ALB-TRV-0000490,P0001267,444,TRV,BROKER,2026-06-24,2027-06-24,RN,N,513.43,256.71,VALID,VALID,Wilson & Johnson Insurance Services Ltd,21.61,513.43,2026-06-24,2026-12-31 06:00:00
ALB-TRV-0000492,P0000449,248,TRV,BROKER,2026-04-02,2027-04-02,LP,N,3654.28,2740.71,VALID,VALID,Baker & Brown Insurance Services Ltd,14.45,3654.24,2027-02-26,2026-12-31 06:00:00
ALB-TRV-0000493,P0001599,146,TRV,DIRECT,2023-11-29,2024-11-28,EX,N,1155.99,1155.99,VALID,VALID,Davies & Taylor Insurance Services Ltd,14.09,1059.63,2024-10-24,2026-12-31 06:00:00
ALB-TRV-0000497,P0001373,55,TRV,BROKER,2026-09-02,2027-09-02,CN,N,630.75,210.25,VALID,VALID,Clarke & Davies Insurance Services Ltd,10.43,630.72,2027-07-29,2026-12-31 06:00:00
ALB-TRV-0000509,P0002137,,TRV,DIRECT,2020-12-28,2021-12-28,RN,N,2353.95,2353.95,VALID,VALID,Hall & Brown Insurance Services Ltd,13.16,2353.92,2021-11-23,2026-12-31 06:00:00
ALB-TRV-0000511,P0002449,433,TRV,DIRECT,2026-01-11,2027-01-11,EX,N,2473.58,2267.45,VALID,VALID,Hughes & Wright Insurance Services Ltd,8.65,2473.560000000001,2026-12-07,2026-12-31 06:00:00
ALB-TRV-0000514,P0002185,84,TRV,BROKER,2021-10-15,2022-10-15,EX,N,344.58,344.58,VALID,VALID,Walker & OBrien Insurance Services Ltd,10.5,344.52,2022-09-10,2026-12-31 06:00:00
ALB-TRV-0000519,P0001200,198,TRV,BROKER,2019-12-26,2020-12-25,IF,N,2322.45,2322.45,VALID,VALID,,,2322.45,2019-12-26,2026-12-31 06:00:00
ALB-TRV-0000531,P0000795,499,TRV,DIRECT,2018-04-30,2019-04-30,IF,N,1091.85,1091.85,VALID,VALID,Patel & Taylor Insurance Services Ltd,13.95,1091.85,2018-04-30,2026-12-31 06:00:00
ALB-TRV-0000534,P0001540,,TRV,BROKER,2024-02-12,2025-02-11,IF,N,3519.65,3519.65,VALID,VALID,Hall & Baker Insurance Services Ltd,14.43,3519.65,2024-02-12,2026-12-31 06:00:00
ALB-TRV-0000536,P0001171,,TRV,DIRECT,2026-11-23,2027-11-23,IF,Y,1541.82,128.48,VALID,VALID,,,1541.82,2026-11-23,2026-12-31 06:00:00
ALB-TRV-0000542,P0002329,224,TRV,DIRECT,2018-08-13,2019-08-13,EX,N,2862.81,2862.81,VALID,VALID,Jones & Baker Insurance Services Ltd,8.84,2624.27,2019-07-09,2026-12-31 06:00:00
ALB-TRV-0000544,P0001213,,TRV,BROKER,2019-12-20,2020-12-19,IF,N,460.08,460.08,VALID,VALID,OBrien & Patel Insurance Services Ltd,14.2,460.08,2019-12-20,2026-12-31 06:00:00
ALB-TRV-0000559,P0000252,57,TRV,BROKER,2022-06-24,2023-06-24,EX,N,292.95,292.95,VALID,VALID,Jones & Baker Insurance Services Ltd,8.84,292.95,2022-06-24,2026-12-31 06:00:00
ALB-TRV-0000577,P0000645,,TRV,DIRECT,2021-04-26,2022-04-26,IF,N,3095.33,3095.33,VALID,VALID,Baker & Hughes Insurance Services Ltd,13.91,3095.33,2021-04-26,2026-12-31 06:00:00
ALB-TRV-0000580,P0000768,188,TRV,DIRECT,2025-02-09,2026-02-09,IF,N,801.55,801.55,VALID,VALID,Clarke & Davies Insurance Services Ltd,10.43,801.55,2025-02-09,2026-12-31 06:00:00
ALB-TRV-0000585,P0002084,,TRV,BROKER,2018-01-22,2019-01-22,LP,N,4041.34,4041.34,VALID,VALID,Johnson & Murphy Insurance Services Ltd,21.31,4041.34,2018-01-22,2026-12-31 06:00:00
ALB-TRV-0000588,P0001172,,TRV,AGGREGATOR,2024-01-07,2025-01-06,IF,N,3431.57,3431.57,VALID,VALID,,,3431.52,2024-12-02,2026-12-31 06:00:00
ALB-TRV-0000589,P0000499,87,TRV,DIRECT,2020-02-24,2021-02-23,RN,N,3357.99,3357.99,VALID,VALID,Davies & Green Insurance Services Ltd,7.72,3078.1299999999997,2021-01-19,2026-12-31 06:00:00
ALB-TRV-0000599,P0000486,411,TRV,AGGREGATOR,2023-07-16,2024-07-15,IF,N,2036.52,2036.52,VALID,VALID,,,2036.5200000000002,2024-06-10,2026-12-31 06:00:00
ALB-TRV-0000601,P0001099,,TRV,BROKER,2024-10-27,2025-10-27,LP,N,2685.06,2685.06,VALID,VALID,,,2685.06,2024-10-27,2026-12-31 06:00:00
ALB-TRV-0000605,P0000789,,TRV,DIRECT,2018-08-11,2019-08-11,LP,N,2340.76,2340.76,VALID,VALID,Williams & Hall Insurance Services Ltd,14.19,2340.72,2019-07-07,2026-12-31 06:00:00
ALB-TRV-0000612,P0001574,,TRV,DIRECT,2019-02-15,2020-02-15,IF,N,3142.83,3142.83,VALID,VALID,Johnson & Hughes Insurance Services Ltd,17.19,3142.8000000000006,2020-01-11,2026-12-31 06:00:00
ALB-TRV-0000621,P0001855,19,TRV,DIRECT,2023-09-04,2024-09-03,CN,N,1340.0,1340.00,VALID,VALID,Green & Murphy Insurance Services Ltd,11.43,1340.04,2024-07-30,2026-12-31 06:00:00
ALB-TRV-0000630,P0000846,228,TRV,AGGREGATOR,2021-09-06,2022-09-06,RN,N,1961.38,1961.38,VALID,VALID,Brown & Jones Insurance Services Ltd,10.15,1961.4000000000003,2022-08-02,2026-12-31 06:00:00
ALB-TRV-0000654,P0002654,247,TRV,AGGREGATOR,2018-05-13,2019-05-13,IF,N,947.02,947.02,VALID,VALID,Davies & Taylor Insurance Services Ltd,14.09,868.1199999999999,2019-04-08,2026-12-31 06:00:00
ALB-TRV-0000660,P0002668,438,TRV,BROKER,2024-11-17,2025-11-17,IF,N,3428.57,3428.57,VALID,VALID,,,3428.52,2025-10-13,2026-12-31 06:00:00
ALB-TRV-0000672,P0000366,65,TRV,BROKER,2023-01-18,2024-01-18,IF,N,2921.58,2921.58,VALID,VALID,Baker & Wright Insurance Services Ltd,22.1,2678.1699999999996,2023-12-14,2026-12-31 06:00:00
ALB-TRV-0000683,P0001410,136,TRV,BROKER,2024-07-29,2025-07-29,IF,N,3123.15,3123.15,VALID,VALID,Clarke & Wright Insurance Services Ltd,9.41,3123.15,2024-07-29,2026-12-31 06:00:00
ALB-TRV-0000686,P0001081,,TRV,DIRECT,2019-07-13,2020-07-12,LP,N,3332.42,3332.42,VALID,VALID,,,3332.42,2019-07-13,2026-12-31 06:00:00
ALB-TRV-0000688,P0001838,,TRV,BROKER,2019-05-27,2020-05-26,IF,N,3660.87,3660.87,VALID,VALID,Patel & Clarke Insurance Services Ltd,9.04,3050.7000000000003,2020-04-21,2026-12-31 06:00:00
ALB-TRV-0000689,P0000530,20,TRV,DIRECT,2019-04-25,2020-04-24,IF,N,3901.11,3901.11,VALID,VALID,,,3901.0800000000004,2020-03-20,2026-12-31 06:00:00
ALB-TRV-0000690,P0003079,,TRV,AGGREGATOR,2024-02-29,2025-02-28,IF,N,386.36,386.36,VALID,VALID,,,386.3999999999999,2025-01-24,2026-12-31 06:00:00
ALB-TRV-0000700,P0002090,,TRV,DIRECT,2022-04-19,2023-04-19,EX,N,266.57,266.57,VALID,VALID,Baker & Brown Insurance Services Ltd,14.45,266.52000000000004,2023-03-15,2026-12-31 06:00:00
ALB-TRV-0000706,P0001328,473,TRV,DIRECT,2018-12-01,2019-12-01,CN,N,1394.12,1394.12,VALID,VALID,,,1394.12,2018-12-01,2026-12-31 06:00:00
ALB-TRV-0000736,P0002341,,TRV,BROKER,2019-11-28,2020-11-27,RN,N,3892.96,3892.96,VALID,VALID,Clarke & Davies Insurance Services Ltd,10.43,3892.96,2019-11-28,2026-12-31 06:00:00
ALB-TRV-0000737,P0002520,430,TRV,AGGREGATOR,2026-09-14,2027-09-14,EX,N,3156.35,789.09,VALID,VALID,,,3156.3599999999988,2027-08-10,2026-12-31 06:00:00
ALB-TRV-0000738,P0001874,,TRV,AGGREGATOR,2022-05-18,2023-05-18,LP,N,2133.99,2133.99,VALID,VALID,,,1956.1299999999997,2023-04-13,2026-12-31 06:00:00
ALB-TRV-0000741,P0002556,49,TRV,BROKER,2026-03-30,2027-03-30,RN,N,3695.07,2771.30,VALID,VALID,Wilson & OBrien Insurance Services Ltd,9.12,3387.1200000000003,2027-02-23,2026-12-31 06:00:00
ALB-TRV-0000751,P0001550,,TRV,BROKER,2020-03-06,2021-03-06,RN,N,1021.14,1021.14,VALID,VALID,Taylor & Murphy Insurance Services Ltd,20.48,1021.0800000000003,2021-01-30,2026-12-31 06:00:00
ALB-TRV-0000758,P0002589,,TRV,DIRECT,2021-10-27,2022-10-27,IF,N,4117.55,4117.55,VALID,VALID,,,,,2026-12-31 06:00:00
ALB-TRV-0000761,P0002541,,TRV,BROKER,2025-01-11,2026-01-11,LP,N,3869.72,3869.72,VALID,VALID,Clarke & Wright Insurance Services Ltd,9.41,3869.76,2025-12-07,2026-12-31 06:00:00
ALB-TRV-0000767,P0000555,98,TRV,AGGREGATOR,2026-08-31,2027-08-31,LP,N,2307.78,769.26,VALID,VALID,,,2115.5199999999995,2027-07-27,2026-12-31 06:00:00
ALB-TRV-0000779,P0001693,278,TRV,AGGREGATOR,2022-12-13,2023-12-13,RN,N,2862.17,2862.17,VALID,VALID,Baker & Brown Insurance Services Ltd,14.45,2862.120000000001,2023-11-08,2026-12-31 06:00:00
ALB-TRV-0000794,P0002717,483,TRV,BROKER,2023-06-21,2024-06-20,IF,N,2957.03,2957.03,VALID,VALID,Davies & Wright Insurance Services Ltd,13.6,2957.03,2023-06-21,2026-12-31 06:00:00
ALB-TRV-0000806,P0000664,325,TRV,AGGREGATOR,2020-12-03,2021-12-03,LP,N,3782.31,3782.31,VALID,VALID,Davies & Wright Insurance Services Ltd,13.6,3467.09,2021-10-29,2026-12-31 06:00:00
ALB-TRV-0000808,P0001814,,TRV,DIRECT,2026-03-27,2027-03-27,RN,N,3576.1,2682.08,VALID,VALID,Walker & OBrien Insurance Services Ltd,10.5,3576.120000000001,2027-02-20,2026-12-31 06:00:00
ALB-TRV-0000811,P0002123,251,TRV,BROKER,2023-06-22,2024-06-21,CN,N,3232.78,3232.78,VALID,VALID,,,3232.8000000000006,2024-05-17,2026-12-31 06:00:00
ALB-TRV-0000819,P0002139,,TRV,BROKER,2021-05-17,2022-05-17,RN,N,839.03,839.03,VALID,VALID,Hall & Hall Insurance Services Ltd,9.1,769.1199999999999,2022-04-12,2026-12-31 06:00:00
ALB-TRV-0000822,P0002650,,TRV,DIRECT,2021-06-05,2022-06-05,RN,N,2995.08,2995.08,VALID,VALID,Clarke & Wright Insurance Services Ltd,9.41,2995.0800000000004,2022-05-01,2026-12-31 06:00:00
ALB-TRV-0000827,P0001197,,TRV,BROKER,2022-07-20,2023-07-20,IF,N,2695.93,2695.93,VALID,VALID,,,2695.92,2023-06-15,2026-12-31 06:00:00
ALB-TRV-0000830,P0002385,227,TRV,DIRECT,2022-01-14,2023-01-14,EX,N,368.13,368.13,VALID,VALID,Hall & Wright Insurance Services Ltd,8.65,368.16,2022-12-10,2026-12-31 06:00:00
ALB-TRV-0000832,P0000630,494,TRV,DIRECT,2023-10-21,2024-10-20,IF,N,2962.76,2962.76,VALID,VALID,,,2715.9000000000005,2024-09-15,2026-12-31 06:00:00
ALB-TRV-0000842,P0001741,,TRV,DIRECT,2019-05-05,2020-05-04,RN,N,2459.63,2459.63,VALID,VALID,Clarke & Wright Insurance Services Ltd,11.72,2254.6699999999996,2020-03-30,2026-12-31 06:00:00
ALB-TRV-0000848,P0000214,436,TRV,DIRECT,2025-05-22,2026-05-22,IF,N,2785.42,2785.42,VALID,VALID,Baker & Wright Insurance Services Ltd,22.1,2785.439999999999,2026-04-17,2026-12-31 06:00:00
ALB-TRV-0000851,P0000868,229,TRV,DIRECT,2026-08-03,2027-08-03,EX,N,4065.31,1693.88,VALID,VALID,Hall & Murphy Insurance Services Ltd,10.45,4065.3599999999988,2027-06-29,2026-12-31 06:00:00
ALB-TRV-0000853,P0000692,,TRV,AGGREGATOR,2026-04-13,2027-04-13,EX,N,661.59,441.06,VALID,VALID,,,606.4300000000001,2027-03-09,2026-12-31 06:00:00
ALB-TRV-0000868,P0000261,,TRV,BROKER,2024-06-28,2025-06-28,IF,N,2477.13,2477.13,VALID,VALID,Patel & Taylor Insurance Services Ltd,13.95,2064.3,2025-05-24,2026-12-31 06:00:00
ALB-TRV-0000875,P0001712,399,TRV,BROKER,2022-12-04,2023-12-04,LP,N,3374.39,3374.39,VALID,VALID,Davies & Brown Insurance Services Ltd,22.12,3374.39,2022-12-04,2026-12-31 06:00:00
ALB-TRV-0000890,P0001780,,TRV,DIRECT,2018-11-04,2019-11-04,IF,N,4039.46,4039.46,VALID,VALID,Baker & Williams Insurance Services Ltd,17.61,3366.1999999999994,2019-09-30,2026-12-31 06:00:00
ALB-TRV-0000896,P0000873,8,TRV,BROKER,2022-08-31,2023-08-31,EX,N,2922.52,2922.52,VALID,VALID,,,2922.52,2022-08-31,2026-12-31 06:00:00
ALB-TRV-0000903,P0000757,,TRV,DIRECT,2019-11-23,2020-11-22,IF,N,3718.61,3718.61,VALID,VALID,,,3718.61,2019-11-23,2026-12-31 06:00:00
ALB-TRV-0000908,P0000891,334,TRV,BROKER,2018-10-10,2019-10-10,IF,N,2864.71,2864.71,VALID,VALID,Walker & OBrien Insurance Services Ltd,10.5,2864.7599999999998,2019-09-05,2026-12-31 06:00:00
ALB-TRV-0000912,P0000776,469,TRV,BROKER,2024-12-21,2025-12-21,IF,N,2352.1,2352.10,VALID,VALID,Hall & Murphy Insurance Services Ltd,10.45,2352.12,2025-11-16,2026-12-31 06:00:00
ALB-TRV-0000917,P0000334,166,TRV,BROKER,2025-12-23,2026-12-23,IF,N,2732.47,2732.47,VALID,VALID,,,2732.47,2025-12-23,2026-12-31 06:00:00
ALB-TRV-0000925,P0002922,,TRV,DIRECT,2018-06-10,2019-06-10,IF,N,2938.64,2938.64,VALID,VALID,,,2938.64,2018-06-10,2026-12-31 06:00:00
ALB-TRV-0000932,P0002846,365,TRV,DIRECT,2026-09-23,2027-09-23,IF,N,194.14,48.54,VALID,VALID,,,194.14,2026-09-23,2026-12-31 06:00:00
ALB-TRV-0000935,P0000477,106,TRV,BROKER,2019-11-16,2020-11-15,IF,N,2616.27,2616.27,VALID,VALID,,,2616.27,2019-11-16,2026-12-31 06:00:00
ALB-TRV-0000936,P0000199,160,TRV,AGGREGATOR,2025-08-26,2026-08-26,IF,N,1942.88,1942.88,VALID,VALID,,,1942.88,2025-08-26,2026-12-31 06:00:00
ALB-TRV-0000952,P0001568,,TRV,AGGREGATOR,2020-05-29,2021-05-29,RN,N,757.13,757.13,VALID,VALID,Johnson & Murphy Insurance Services Ltd,21.31,693.9900000000002,2021-04-24,2026-12-31 06:00:00
ALB-TRV-0000953,P0000135,24,TRV,BROKER,2018-02-07,2019-02-07,CN,N,1189.77,1189.77,VALID,VALID,Green & Patel Insurance Services Ltd,10.9,1189.77,2018-02-07,2026-12-31 06:00:00
ALB-TRV-0000956,P0001830,,TRV,BROKER,2019-06-16,2020-06-15,RN,N,1179.61,1179.61,VALID,VALID,Smith & Walker Insurance Services Ltd,18.79,1179.61,2019-06-16,2026-12-31 06:00:00
ALB-TRV-0000969,P0001870,,TRV,DIRECT,2023-01-15,2024-01-15,RN,N,663.23,663.23,VALID,VALID,Taylor & Walker Insurance Services Ltd,13.94,607.9699999999999,2023-12-11,2026-12-31 06:00:00
ALB-TRV-0000970,P0000874,390,TRV,BROKER,2019-08-24,2020-08-23,LP,N,4178.6,4178.60,VALID,VALID,,,4178.6,2019-08-24,2026-12-31 06:00:00
ALB-TRV-0000973,P0002579,,TRV,AGGREGATOR,2024-12-22,2025-12-22,RN,N,452.69,452.69,VALID,VALID,,,452.6400000000001,2025-11-17,2026-12-31 06:00:00
ALB-TRV-0000978,P0002135,,TRV,BROKER,2026-12-02,2027-12-02,LP,N,3689.27,0.00,VALID,VALID,,,3689.28,2027-10-28,2026-12-31 06:00:00
ALB-TRV-0000979,P0000263,,TRV,AGGREGATOR,2018-10-22,2019-10-22,LP,N,1942.29,1942.29,VALID,VALID,Davies & Brown Insurance Services Ltd,22.12,1942.3200000000006,2019-09-17,2026-12-31 06:00:00
ALB-TRV-0000990,P0001198,189,TRV,AGGREGATOR,2018-01-15,2019-01-15,EX,N,2501.01,2501.01,VALID,VALID,Walker & OBrien Insurance Services Ltd,10.5,2501.01,2018-01-15,2026-12-31 06:00:00
ALB-TRV-0000996,P0003103,,TRV,DIRECT,2023-06-10,2024-06-09,IF,N,890.89,890.89,VALID,VALID,Hall & Baker Insurance Services Ltd,14.43,816.64,2024-05-05,2026-12-31 06:00:00
ALB-TRV-0001012,P0001629,347,TRV,AGGREGATOR,2022-06-27,2023-06-27,IF,N,3450.39,3450.39,VALID,VALID,Clarke & Wright Insurance Services Ltd,11.72,2875.2999999999993,2023-05-23,2026-12-31 06:00:00
ALB-TRV-0001019,P0001995,165,TRV,AGGREGATOR,2018-05-29,2019-05-29,IF,N,1896.16,1896.16,VALID,VALID,Hall & Patel Insurance Services Ltd,13.7,1896.12,2019-04-24,2026-12-31 06:00:00
ALB-TRV-0001021,P0002376,73,TRV,BROKER,2024-07-09,2025-07-09,LP,N,3298.03,3298.03,VALID,VALID,Wilson & OBrien Insurance Services Ltd,9.12,3298.03,2024-07-09,2026-12-31 06:00:00
ALB-TRV-0001024,P0001080,,TRV,BROKER,2023-11-18,2024-11-17,EX,N,3531.67,3531.67,VALID,VALID,,,3531.67,2023-11-18,2026-12-31 06:00:00
ALB-TRV-0001037,P0002060,,TRV,BROKER,2022-06-20,2023-06-20,EX,N,2844.58,2844.58,VALID,VALID,Patel & Wilson Insurance Services Ltd,12.84,2844.6000000000004,2023-05-16,2026-12-31 06:00:00
ALB-TRV-0001039,P0000837,,TRV,BROKER,2018-06-23,2019-06-23,LP,N,767.78,767.78,VALID,VALID,Smith & Walker Insurance Services Ltd,18.79,767.78,2018-06-23,2026-12-31 06:00:00
ALB-TRV-0001040,P0000860,163,TRV,DIRECT,2019-01-01,2020-01-01,IF,N,3581.36,3581.36,VALID,VALID,,,3581.399999999999,2019-11-27,2026-12-31 06:00:00
ALB-TRV-0001041,P0001313,,TRV,DIRECT,2019-02-25,2020-02-25,EX,N,1918.46,1918.46,VALID,VALID,,,1758.5699999999997,2020-01-21,2026-12-31 06:00:00
ALB-TRV-0001044,P0001781,,TRV,BROKER,2023-08-23,2024-08-22,IF,N,3870.34,3870.34,VALID,VALID,Khan & Davies Insurance Services Ltd,12.18,3225.2999999999993,2024-07-18,2026-12-31 06:00:00
ALB-TRV-0001061,P0002880,301,TRV,BROKER,2018-10-15,2019-10-15,IF,N,3967.3,3967.30,VALID,VALID,Hughes & Wright Insurance Services Ltd,8.65,3306.100000000001,2019-09-10,2026-12-31 06:00:00
ALB-TRV-0001073,P0002814,,TRV,BROKER,2020-04-12,2021-04-12,IF,N,3866.26,3866.26,VALID,VALID,,,3544.09,2021-03-08,2026-12-31 06:00:00
ALB-TRV-0001075,P0001922,,TRV,BROKER,2025-02-08,2026-02-08,RN,N,3001.71,3001.71,VALID,VALID,Hall & Brown Insurance Services Ltd,13.16,2751.539999999999,2026-01-04,2026-12-31 06:00:00
ALB-TRV-0001078,P0000194,,TRV,AGGREGATOR,2021-11-12,2022-11-12,IF,N,2104.58,2104.58,VALID,VALID,Wilson & Wright Insurance Services Ltd,17.86,2104.5600000000004,2022-10-08,2026-12-31 06:00:00
ALB-TRV-0001085,P0000097,195,TRV,AGGREGATOR,2019-12-14,2020-12-13,RN,N,2870.31,2870.31,VALID,VALID,,,2870.31,2019-12-14,2026-12-31 06:00:00
ALB-TRV-0001096,P0001147,,TRV,BROKER,2021-08-25,2022-08-25,IF,N,939.26,939.26,VALID,VALID,Johnson & Murphy Insurance Services Ltd,17.99,939.2399999999999,2022-07-21,2026-12-31 06:00:00
ALB-TRV-0001107,P0002012,,TRV,BROKER,2025-04-16,2026-04-16,RN,N,931.38,931.38,VALID,VALID,,,853.71,2026-03-12,2026-12-31 06:00:00
ALB-TRV-0001109,P0002663,148,TRV,BROKER,2018-01-23,2019-01-23,CN,N,3447.88,3447.88,VALID,VALID,,,2873.2000000000003,2018-12-19,2026-12-31 06:00:00
ALB-TRV-0001144,P0000917,,TRV,DIRECT,2026-03-15,2027-03-15,CN,N,2546.95,1910.21,VALID,VALID,,,2547.0,2027-02-08,2026-12-31 06:00:00
ALB-TRV-0001147,P0000313,230,TRV,AGGREGATOR,2023-08-11,2024-08-10,RN,N,1002.3,1002.30,VALID,VALID,,,1002.3,2023-08-11,2026-12-31 06:00:00
ALB-TRV-0001149,P0002155,,TRV,BROKER,2022-11-29,2023-11-29,IF,N,3154.12,3154.12,VALID,VALID,Davies & Green Insurance Services Ltd,7.72,3154.0800000000004,2023-10-25,2026-12-31 06:00:00
ALB-TRV-0001150,P0002559,372,TRV,AGGREGATOR,2020-05-19,2021-05-19,IF,N,3318.69,3318.69,VALID,VALID,Smith & Walker Insurance Services Ltd,18.79,3318.69,2020-05-19,2026-12-31 06:00:00
ALB-TRV-0001154,P0003050,,TRV,AGGREGATOR,2023-01-30,2024-01-30,CN,N,1107.29,1107.29,VALID,VALID,Baker & Hughes Insurance Services Ltd,13.91,1107.29,2023-01-30,2026-12-31 06:00:00
ALB-TRV-0001160,P0001205,,TRV,DIRECT,2022-11-10,2023-11-10,IF,N,2980.13,2980.13,VALID,VALID,Patel & Clarke Insurance Services Ltd,9.04,2980.13,2022-11-10,2026-12-31 06:00:00
ALB-TRV-0001163,P0000767,335,TRV,BROKER,2024-09-18,2025-09-18,IF,N,1808.99,1808.99,VALID,VALID,Johnson & Hughes Insurance Services Ltd,17.19,1507.5,2025-08-14,2026-12-31 06:00:00
ALB-TRV-0001164,P0000687,245,TRV,AGGREGATOR,2020-05-08,2021-05-08,CN,N,2462.86,2462.86,VALID,VALID,,,2462.88,2021-04-03,2026-12-31 06:00:00
ALB-TRV-0001173,P0001309,430,TRV,AGGREGATOR,2026-01-13,2027-01-13,RN,N,1065.57,976.77,VALID,VALID,Johnson & Murphy Insurance Services Ltd,17.99,1065.57,2026-01-13,2026-12-31 06:00:00
ALB-TRV-0001174,P0000724,156,TRV,AGGREGATOR,2019-08-28,2020-08-27,RN,N,2656.04,2656.04,VALID,VALID,Hughes & Wright Insurance Services Ltd,8.65,2656.04,2019-08-28,2026-12-31 06:00:00
ALB-TRV-0001177,P0000088,80,TRV,BROKER,2024-09-14,2025-09-14,RN,N,3162.17,3162.17,VALID,VALID,Wilson & Johnson Insurance Services Ltd,21.61,3162.120000000001,2025-08-10,2026-12-31 06:00:00
ALB-TRV-0001186,P0002239,,TRV,BROKER,2019-12-14,2020-12-13,LP,N,2970.45,2970.45,VALID,VALID,,,2722.94,2020-11-08,2026-12-31 06:00:00
ALB-TRV-0001192,P0002315,456,TRV,BROKER,2021-09-12,2022-09-12,IF,N,1093.25,1093.25,VALID,VALID,,,1093.2,2022-08-08,2026-12-31 06:00:00
ALB-TRV-0001202,P0001567,59,TRV,DIRECT,2023-04-18,2024-04-17,LP,N,2933.23,2933.23,VALID,VALID,,,2933.23,2023-04-18,2026-12-31 06:00:00
ALB-TRV-0001210,P0001905,299,TRV,BROKER,2020-03-05,2021-03-05,IF,N,4021.52,4021.52,INVALID,VALID,Taylor & Johnson Insurance Services Ltd,17.25,4021.52,2020-03-05,2026-12-31 06:00:00
ALB-TRV-0001218,P0003047,,TRV,AGGREGATOR,2020-08-06,2021-08-06,IF,N,2671.73,2671.73,VALID,VALID,,,2671.679999999999,2021-07-02,2026-12-31 06:00:00
ALB-TRV-0001223,P0001415,,TRV,DIRECT,2021-04-17,2022-04-17,IF,N,2633.21,2633.21,VALID,VALID,,,2633.16,2022-03-13,2026-12-31 06:00:00
ALB-TRV-0001229,P0002557,106,TRV,DIRECT,2024-05-28,2025-05-28,IF,N,2699.59,2699.59,VALID,VALID,Johnson & Hall Insurance Services Ltd,21.38,2474.6699999999996,2025-04-23,2026-12-31 06:00:00
ALB-TRV-0001232,P0001465,203,TRV,BROKER,2024-08-07,2025-08-07,CN,N,781.09,781.09,VALID,VALID,Hall & Khan Insurance Services Ltd,14.81,650.9000000000002,2025-06-03,2026-12-31 06:00:00
ALB-TRV-0001239,P0001957,,TRV,DIRECT,2022-04-05,2023-04-05,CN,N,2605.12,2605.12,VALID,VALID,Patel & Clarke Insurance Services Ltd,9.04,2387.99,2023-03-01,2026-12-31 06:00:00
ALB-TRV-0001246,P0001424,,TRV,DIRECT,2024-11-26,2025-11-26,IF,N,3618.55,3618.55,VALID,VALID,,,3317.0500000000006,2025-10-22,2026-12-31 06:00:00
ALB-TRV-0001256,P0003068,,TRV,DIRECT,2022-07-07,2023-07-07,EX,N,3469.04,3469.04,VALID,VALID,Hall & Murphy Insurance Services Ltd,10.45,3179.9900000000002,2023-06-02,2026-12-31 06:00:00
ALB-TRV-0001258,P0002924,32,TRV,BROKER,2024-03-10,2025-03-10,IF,N,3256.95,3256.95,VALID,VALID,,,3256.95,2024-03-10,2026-12-31 06:00:00
ALB-TRV-0001261,P0000581,285,TRV,AGGREGATOR,2023-03-23,2024-03-22,RN,N,3301.01,3301.01,VALID,VALID,,,3300.9599999999996,2024-02-16,2026-12-31 06:00:00
ALB-TRV-0001264,P0000312,55,TRV,AGGREGATOR,2024-02-10,2025-02-09,IF,N,3999.72,3999.72,VALID,VALID,Davies & Taylor Insurance Services Ltd,14.09,3999.72,2024-02-10,2026-12-31 06:00:00
ALB-TRV-0001270,P0002957,7,TRV,DIRECT,2020-03-17,2021-03-17,RN,N,443.82,443.82,VALID,VALID,,,443.76000000000005,2021-02-10,2026-12-31 06:00:00
ALB-TRV-0001274,P0002390,365,TRV,BROKER,2021-04-25,2022-04-25,EX,N,2188.05,2188.05,VALID,VALID,Green & Murphy Insurance Services Ltd,11.43,2005.7399999999996,2022-03-21,2026-12-31 06:00:00
ALB-TRV-0001289,P0002251,492,TRV,BROKER,2019-12-10,2020-12-09,IF,N,2188.28,2188.28,VALID,VALID,Baker & Hughes Insurance Services Ltd,12.55,2188.3200000000006,2020-11-04,2026-12-31 06:00:00
ALB-TRV-0001291,P0001777,,TRV,DIRECT,2019-03-22,2020-03-21,IF,N,343.7,343.70,VALID,VALID,Smith & Walker Insurance Services Ltd,18.79,315.0399999999999,2020-02-15,2026-12-31 06:00:00
ALB-TRV-0001295,P0002339,,TRV,BROKER,2020-08-25,2021-08-25,RN,N,1226.15,1226.15,VALID,VALID,Hall & Wright Insurance Services Ltd,8.65,1123.9800000000002,2021-07-21,2026-12-31 06:00:00
ALB-TRV-0001298,P0001759,,TRV,BROKER,2019-01-01,2020-01-01,CN,N,2593.62,2593.62,VALID,VALID,Baker & Hughes Insurance Services Ltd,13.91,2377.4300000000007,2019-11-27,2026-12-31 06:00:00
ALB-TRV-0001301,P0000615,18,TRV,DIRECT,2025-07-02,2026-07-02,RN,N,316.25,316.25,INVALID,VALID,,,316.20000000000005,2026-05-28,2026-12-31 06:00:00
ALB-TRV-0001305,P0001439,,TRV,BROKER,2023-07-06,2024-07-05,EX,N,926.78,926.78,VALID,VALID,Clarke & Wright Insurance Services Ltd,11.72,926.78,2023-07-06,2026-12-31 06:00:00
ALB-TRV-0001311,P0002902,,TRV,BROKER,2019-11-30,2020-11-29,IF,N,1697.32,1697.32,VALID,VALID,Taylor & Wilson Insurance Services Ltd,14.3,1697.32,2019-11-30,2026-12-31 06:00:00
ALB-TRV-0001314,P0001467,218,TRV,DIRECT,2018-08-31,2019-08-31,LP,N,1911.84,1911.84,VALID,VALID,Khan & Smith Insurance Services Ltd,17.81,1911.84,2018-08-31,2026-12-31 06:00:00
ALB-TRV-0001318,P0000293,338,TRV,BROKER,2023-06-27,2024-06-26,IF,N,3843.2,3843.20,VALID,VALID,Baker & Clarke Insurance Services Ltd,20.14,3843.2,2023-06-27,2026-12-31 06:00:00
ALB-TRV-0001322,P0000220,493,TRV,DIRECT,2020-08-05,2021-08-05,IF,N,2544.26,2544.26,VALID,VALID,Hall & Murphy Insurance Services Ltd,10.45,2544.2400000000002,2021-07-01,2026-12-31 06:00:00
ALB-TRV-0001327,P0002929,,TRV,BROKER,2025-01-12,2026-01-12,RN,N,1186.07,1186.07,VALID,VALID,,,1087.2400000000002,2025-12-08,2026-12-31 06:00:00
ALB-TRV-0001335,P0001168,,TRV,BROKER,2024-07-06,2025-07-06,LP,N,990.16,990.16,VALID,VALID,Murphy & Johnson Insurance Services Ltd,12.64,990.12,2025-06-01,2026-12-31 06:00:00
ALB-TRV-0001338,P0002846,365,TRV,DIRECT,2018-09-25,2019-09-25,EX,N,3977.31,3977.31,VALID,VALID,Patel & Clarke Insurance Services Ltd,9.04,3977.28,2019-08-21,2026-12-31 06:00:00
ALB-TRV-0001345,P0002305,,TRV,AGGREGATOR,2019-05-10,2020-05-09,RN,N,2386.05,2386.05,VALID,VALID,Davies & Brown Insurance Services Ltd,22.12,2386.08,2020-04-04,2026-12-31 06:00:00
ALB-TRV-0001351,P0001450,4,TRV,DIRECT,2025-01-12,2026-01-12,RN,N,1978.66,1978.66,VALID,VALID,,,1813.7899999999995,2025-12-08,2026-12-31 06:00:00
ALB-TRV-0001353,P0002984,280,TRV,AGGREGATOR,2025-08-05,2026-08-05,IF,N,418.03,418.03,VALID,VALID,Smith & Walker Insurance Services Ltd,18.79,418.03,2025-08-05,2026-12-31 06:00:00
ALB-TRV-0001367,P0000969,125,TRV,BROKER,2018-07-01,2019-07-01,RN,N,2719.34,2719.34,VALID,VALID,,,2492.710000000001,2019-05-27,2026-12-31 06:00:00
ALB-TRV-0001373,P0001025,474,TRV,AGGREGATOR,2024-04-25,2025-04-25,IF,N,2874.72,2874.72,VALID,VALID,Clarke & Wright Insurance Services Ltd,9.41,2874.72,2025-03-21,2026-12-31 06:00:00
ALB-TRV-0001374,P0001913,,TRV,BROKER,2022-01-16,2023-01-16,IF,N,3854.42,3854.42,VALID,VALID,,,3854.42,2022-01-16,2026-12-31 06:00:00
ALB-TRV-0001379,P0000981,,TRV,BROKER,2019-09-03,2020-09-02,IF,N,3064.39,3064.39,VALID,VALID,Clarke & Wright Insurance Services Ltd,9.41,3064.439999999999,2020-07-29,2026-12-31 06:00:00
ALB-TRV-0001388,P0001042,370,TRV,BROKER,2022-08-11,2023-08-11,LP,N,3744.08,3744.08,VALID,VALID,,,3744.120000000001,2023-07-07,2026-12-31 06:00:00
ALB-TRV-0001394,P0000510,242,TRV,AGGREGATOR,2022-03-20,2023-03-20,EX,N,1682.63,1682.63,VALID,VALID,Smith & Brown Insurance Services Ltd,19.81,1542.42,2023-02-13,2026-12-31 06:00:00
ALB-TRV-0001399,P0002261,177,TRV,DIRECT,2018-02-14,2019-02-14,LP,N,1853.58,1853.58,VALID,VALID,OBrien & Green Insurance Services Ltd,17.85,1699.17,2019-01-10,2026-12-31 06:00:00
ALB-TRV-0001403,P0000880,211,TRV,AGGREGATOR,2019-12-30,2020-12-29,EX,N,3081.07,3081.07,VALID,VALID,Baker & Clarke Insurance Services Ltd,20.14,3081.120000000001,2020-11-24,2026-12-31 06:00:00
ALB-TRV-0001408,P0002026,,TRV,DIRECT,2026-07-19,2027-07-19,LP,N,3505.49,1460.62,VALID,VALID,,,,,2026-12-31 06:00:00
ALB-TRV-0001414,P0000116,64,TRV,BROKER,2022-06-18,2023-06-18,EX,N,714.06,714.06,VALID,VALID,,,714.0,2023-05-14,2026-12-31 06:00:00
ALB-TRV-0001417,P0001177,20,TRV,BROKER,2024-03-31,2025-03-31,LP,N,3594.04,3594.04,VALID,VALID,,,3594.0,2025-02-24,2026-12-31 06:00:00
ALB-TRV-0001418,P0002583,497,TRV,DIRECT,2023-11-21,2024-11-20,EX,N,3233.01,3233.01,VALID,VALID,,,2963.6200000000003,2024-10-16,2026-12-31 06:00:00
ALB-TRV-0001423,P0001253,,TRV,DIRECT,2020-05-08,2021-05-08,CN,N,1364.08,1364.08,VALID,VALID,Walker & OBrien Insurance Services Ltd,10.5,1364.04,2021-04-03,2026-12-31 06:00:00
ALB-TRV-0001434,P0000888,,TRV,AGGREGATOR,2018-08-06,2019-08-06,EX,N,2110.28,2110.28,VALID,VALID,Patel & Clarke Insurance Services Ltd,9.04,2110.28,2018-08-06,2026-12-31 06:00:00
ALB-TRV-0001445,P0000075,162,TRV,DIRECT,2023-10-08,2024-10-07,CN,N,2421.39,2421.39,VALID,VALID,Hall & Murphy Insurance Services Ltd,10.45,2421.39,2023-10-08,2026-12-31 06:00:00
ALB-TRV-0001446,P0003149,,TRV,DIRECT,2024-01-01,2024-12-31,RN,N,1272.78,1272.78,VALID,VALID,,,1272.78,2024-01-01,2026-12-31 06:00:00
ALB-TRV-0001447,P0002519,,TRV,DIRECT,2022-08-12,2023-08-12,RN,N,2021.26,2021.26,VALID,VALID,Williams & Hall Insurance Services Ltd,14.19,2021.26,2022-08-12,2026-12-31 06:00:00
ALB-TRV-0001460,P0000288,499,TRV,BROKER,2020-05-19,2021-05-19,RN,N,2655.46,2655.46,VALID,VALID,,,2655.46,2020-05-19,2026-12-31 06:00:00
ALB-TRV-0001486,P0000399,265,TRV,DIRECT,2026-02-14,2027-02-14,EX,N,379.24,316.03,VALID,VALID,Wilson & Wright Insurance Services Ltd,17.86,347.6,2027-01-10,2026-12-31 06:00:00
ALB-TRV-0001488,P0001261,226,TRV,BROKER,2022-06-05,2023-06-05,IF,N,2113.98,2113.98,VALID,VALID,,,2113.98,2022-06-05,2026-12-31 06:00:00
ALB-TRV-0001489,P0000183,,TRV,DIRECT,2020-04-29,2021-04-29,IF,N,3934.76,3934.76,VALID,VALID,Davies & Hughes Insurance Services Ltd,15.18,3606.9000000000005,2021-03-25,2026-12-31 06:00:00
ALB-TRV-0001490,P0002448,445,TRV,DIRECT,2021-07-16,2022-07-16,EX,N,2031.54,2031.54,VALID,VALID,Williams & Hall Insurance Services Ltd,14.19,1862.1899999999998,2022-06-11,2026-12-31 06:00:00
ALB-TRV-0001504,P0000819,,TRV,DIRECT,2018-10-18,2019-10-18,EX,N,1255.41,1255.41,VALID,VALID,,,1255.41,2018-10-18,2026-12-31 06:00:00
ALB-TRV-0001506,P0001206,,TRV,BROKER,2024-03-15,2025-03-15,RN,N,894.5,894.50,VALID,VALID,Green & Patel Insurance Services Ltd,10.9,,,2026-12-31 06:00:00
ALB-TRV-0001510,P0002845,,TRV,BROKER,2020-01-01,2020-12-31,IF,N,1092.51,1092.51,VALID,VALID,Johnson & Murphy Insurance Services Ltd,21.31,1092.4799999999998,2020-11-26,2026-12-31 06:00:00
ALB-TRV-0001511,P0001194,320,TRV,BROKER,2026-03-01,2027-03-01,IF,Y,707.1,589.25,VALID,VALID,Johnson & Hughes Insurance Services Ltd,17.19,530.37,2027-01-25,2026-12-31 06:00:00
ALB-TRV-0001518,P0001018,6,TRV,BROKER,2022-10-12,2023-10-12,IF,N,958.98,958.98,VALID,VALID,,,879.1199999999999,2023-09-07,2026-12-31 06:00:00
ALB-TRV-0001524,P0001382,,TRV,DIRECT,2023-11-11,2024-11-10,EX,N,817.04,817.04,VALID,VALID,,,817.04,2023-11-11,2026-12-31 06:00:00
ALB-TRV-0001529,P0002223,,TRV,DIRECT,2023-08-28,2024-08-27,EX,N,1729.86,1729.86,VALID,VALID,Patel & Clarke Insurance Services Ltd,9.04,1585.7600000000002,2024-07-23,2026-12-31 06:00:00
ALB-TRV-0001531,P0001887,96,TRV,AGGREGATOR,2019-05-27,2020-05-26,RN,N,3102.47,3102.47,INVALID,VALID,,,3102.47,2019-05-27,2026-12-31 06:00:00
ALB-TRV-0001538,P0001263,,TRV,BROKER,2022-03-13,2023-03-13,EX,N,3196.92,3196.92,VALID,VALID,,,3196.92,2022-03-13,2026-12-31 06:00:00
ALB-TRV-0001539,P0003182,,TRV,BROKER,2018-04-07,2019-04-07,IF,N,349.74,349.74,INVALID,VALID,Johnson & Murphy Insurance Services Ltd,21.31,349.74,2018-04-07,2026-12-31 06:00:00
ALB-TRV-0001545,P0002505,,TRV,DIRECT,2023-05-31,2024-05-30,CN,N,911.81,911.81,VALID,VALID,,,911.81,2023-05-31,2026-12-31 06:00:00
ALB-TRV-0001550,P0001954,,TRV,BROKER,2020-02-13,2021-02-12,IF,N,3733.2,3733.20,VALID,VALID,,,3733.1999999999994,2021-01-08,2026-12-31 06:00:00
ALB-TRV-0001558,P0000204,377,TRV,BROKER,2020-12-31,2021-12-31,EX,N,4187.92,4187.92,VALID,VALID,Murphy & Johnson Insurance Services Ltd,12.64,3838.8899999999994,2021-11-26,2026-12-31 06:00:00
ALB-TRV-0001562,P0000306,,TRV,BROKER,2025-02-24,2026-02-24,RN,N,2734.88,2734.88,VALID,VALID,,,2279.1,2026-01-20,2026-12-31 06:00:00
ALB-TRV-0001578,P0002279,,TRV,BROKER,2018-02-23,2019-02-23,CN,N,4194.12,4194.12,VALID,VALID,Smith & Brown Insurance Services Ltd,19.81,3844.6100000000006,2019-01-19,2026-12-31 06:00:00
ALB-TRV-0001586,P0001876,432,TRV,DIRECT,2019-11-10,2020-11-09,IF,N,2218.43,2218.43,VALID,VALID,OBrien & Green Insurance Services Ltd,17.85,2218.4399999999996,2020-10-05,2026-12-31 06:00:00
ALB-TRV-0001588,P0001899,459,TRV,DIRECT,2025-12-24,2026-12-24,EX,N,2555.28,2555.28,VALID,VALID,,,2555.28,2025-12-24,2026-12-31 06:00:00
ALB-TRV-0001592,P0002407,,TRV,DIRECT,2026-08-31,2027-08-31,RN,N,3529.0,1176.33,VALID,VALID,,,3529.0,2026-08-31,2026-12-31 06:00:00
ALB-TRV-0001622,P0002220,,TRV,BROKER,2021-08-21,2022-08-21,IF,N,1899.99,1899.99,VALID,VALID,Clarke & Davies Insurance Services Ltd,10.43,1899.99,2021-08-21,2026-12-31 06:00:00
ALB-TRV-0001628,P0003042,,TRV,DIRECT,2022-02-14,2023-02-14,IF,N,3162.79,3162.79,VALID,VALID,,,,,2026-12-31 06:00:00
ALB-TRV-0001630,P0000791,94,TRV,AGGREGATOR,2022-04-28,2023-04-28,IF,N,1381.62,1381.62,VALID,VALID,Hall & Hall Insurance Services Ltd,9.1,1381.5600000000004,2023-03-24,2026-12-31 06:00:00
ALB-TRV-0001643,P0002429,,TRV,BROKER,2023-08-12,2024-08-11,IF,N,1819.58,1819.58,VALID,VALID,Davies & Green Insurance Services Ltd,7.72,1819.58,2023-08-12,2026-12-31 06:00:00
ALB-TRV-0001652,P0002430,,TRV,BROKER,2022-07-30,2023-07-30,CN,N,4008.34,4008.34,VALID,VALID,Davies & Wright Insurance Services Ltd,13.6,4008.34,2022-07-30,2026-12-31 06:00:00
ALB-TRV-0001655,P0002414,52,TRV,BROKER,2018-02-17,2019-02-17,IF,N,1590.05,1590.05,VALID,VALID,Taylor & Wilson Insurance Services Ltd,14.3,1590.0,2019-01-13,2026-12-31 06:00:00
ALB-TRV-0001672,P0002166,251,TRV,BROKER,2025-02-21,2026-02-21,RN,N,971.7,971.70,INVALID,VALID,,,971.7,2025-02-21,2026-12-31 06:00:00
ALB-TRV-0001673,P0001364,,TRV,BROKER,2019-03-31,2020-03-30,IF,N,2963.3,2963.30,VALID,VALID,,,2963.3,2019-03-31,2026-12-31 06:00:00
ALB-TRV-0001675,P0000779,454,TRV,BROKER,2022-12-21,2023-12-21,RN,N,2928.47,2928.47,VALID,VALID,,,2928.47,2022-12-21,2026-12-31 06:00:00
ALB-TRV-0001682,P0000768,188,TRV,BROKER,2024-01-11,2025-01-10,LP,N,962.63,962.63,VALID,VALID,,,962.6400000000002,2024-12-06,2026-12-31 06:00:00
ALB-TRV-0001688,P0002657,,TRV,BROKER,2023-03-24,2024-03-23,LP,N,3655.28,3655.28,VALID,VALID,,,3655.320000000001,2024-02-17,2026-12-31 06:00:00
ALB-TRV-0001706,P0000348,123,TRV,DIRECT,2019-01-17,2020-01-17,IF,N,3236.04,3236.04,VALID,VALID,Wilson & Wright Insurance Services Ltd,17.86,3236.04,2019-01-17,2026-12-31 06:00:00
ALB-TRV-0001710,P0000356,,TRV,DIRECT,2022-07-24,2023-07-24,IF,N,2851.56,2851.56,VALID,VALID,Williams & Williams Insurance Services Ltd,18.19,2613.9300000000007,2023-05-20,2026-12-31 06:00:00
ALB-TRV-0001716,P0003121,364,TRV,BROKER,2022-12-27,2023-12-27,EX,N,468.39,468.39,VALID,VALID,,,468.3599999999999,2023-11-22,2026-12-31 06:00:00
ALB-TRV-0001729,P0001468,,TRV,BROKER,2021-12-31,2022-12-31,LP,N,3453.38,3453.38,VALID,VALID,Baker & Clarke Insurance Services Ltd,20.14,3453.38,2021-12-31,2026-12-31 06:00:00
ALB-TRV-0001736,P0001246,,TRV,BROKER,2023-12-17,2024-12-16,LP,N,1706.94,1706.94,VALID,VALID,Jones & Robinson Insurance Services Ltd,21.97,1707.0,2024-11-11,2026-12-31 06:00:00
ALB-TRV-0001748,P0000845,152,TRV,BROKER,2024-09-17,2025-09-17,LP,N,1964.8,1964.80,VALID,VALID,,,1801.03,2025-08-13,2026-12-31 06:00:00
ALB-TRV-0001749,P0001013,287,TRV,AGGREGATOR,2026-04-17,2027-04-17,EX,N,645.4,430.27,VALID,VALID,,,591.5799999999998,2027-03-13,2026-12-31 06:00:00
ALB-TRV-0001758,P0003045,356,TRV,BROKER,2025-01-19,2026-01-19,IF,N,1205.7,1205.70,VALID,VALID,,,1205.7,2025-01-19,2026-12-31 06:00:00
ALB-TRV-0001763,P0001613,216,TRV,DIRECT,2023-06-03,2024-06-02,IF,N,956.95,956.95,VALID,VALID,Green & Murphy Insurance Services Ltd,11.43,877.25,2024-04-28,2026-12-31 06:00:00
ALB-TRV-0001780,P0001515,,TRV,BROKER,2018-12-29,2019-12-29,CN,N,875.56,875.56,VALID,VALID,,,875.56,2018-12-29,2026-12-31 06:00:00
ALB-TRV-0001784,P0002365,75,TRV,DIRECT,2018-06-16,2019-06-16,RN,N,1933.36,1933.36,VALID,VALID,Baker & Hughes Insurance Services Ltd,13.91,1933.36,2018-06-16,2026-12-31 06:00:00
ALB-TRV-0001793,P0001977,,TRV,DIRECT,2026-04-02,2027-04-02,IF,N,697.4,523.05,VALID,VALID,Smith & Davies Insurance Services Ltd,14.16,697.4,2026-04-02,2026-12-31 06:00:00
ALB-TRV-0001794,P0002069,,TRV,BROKER,2026-12-01,2027-12-01,RN,N,3585.75,298.81,VALID,VALID,,,3286.91,2027-10-27,2026-12-31 06:00:00
ALB-TRV-0001804,P0002822,,TRV,AGGREGATOR,2023-07-23,2024-07-22,RN,N,1215.88,1215.88,VALID,VALID,,,1215.8399999999997,2024-06-17,2026-12-31 06:00:00
ALB-TRV-0001815,P0002435,,TRV,AGGREGATOR,2023-10-02,2024-10-01,IF,N,817.88,817.88,VALID,VALID,,,681.5999999999998,2024-08-27,2026-12-31 06:00:00
ALB-TRV-0001819,P0000421,170,TRV,AGGREGATOR,2019-07-03,2020-07-02,IF,N,1750.02,1750.02,VALID,VALID,,,1604.2399999999998,2020-05-28,2026-12-31 06:00:00
ALB-TRV-0001827,P0002030,44,TRV,DIRECT,2023-03-31,2024-03-30,LP,N,1922.59,1922.59,VALID,VALID,Hall & Baker Insurance Services Ltd,14.43,1762.42,2024-02-24,2026-12-31 06:00:00
ALB-TRV-0001831,P0000576,392,TRV,BROKER,2020-08-14,2021-08-14,IF,N,2517.86,2517.86,VALID,VALID,Taylor & Murphy Insurance Services Ltd,20.48,2517.84,2021-07-10,2026-12-31 06:00:00
ALB-TRV-0001836,P0001737,292,TRV,AGGREGATOR,2021-12-05,2022-12-05,IF,N,3867.57,3867.57,VALID,VALID,,,3545.3000000000006,2022-10-31,2026-12-31 06:00:00
ALB-TRV-0001837,P0000777,95,TRV,AGGREGATOR,2018-07-16,2019-07-16,IF,N,449.79,449.79,VALID,VALID,Hall & Wright Insurance Services Ltd,8.65,449.76000000000005,2019-06-11,2026-12-31 06:00:00
ALB-TRV-0001846,P0002220,,TRV,DIRECT,2018-09-17,2019-09-17,EX,N,1396.41,1396.41,VALID,VALID,,,1396.41,2018-09-17,2026-12-31 06:00:00
ALB-TRV-0001849,P0001517,,TRV,BROKER,2025-11-28,2026-11-28,LP,N,4127.01,4127.01,VALID,VALID,,,4127.01,2025-11-28,2026-12-31 06:00:00
ALB-TRV-0001850,P0000958,,TRV,BROKER,2019-07-03,2020-07-02,IF,N,557.55,557.55,VALID,VALID,,,511.0599999999999,2020-05-28,2026-12-31 06:00:00
ALB-TRV-0001851,P0002087,340,TRV,AGGREGATOR,2022-11-26,2023-11-26,IF,N,771.87,771.87,VALID,VALID,Patel & Taylor Insurance Services Ltd,13.95,771.8399999999997,2023-10-22,2026-12-31 06:00:00
ALB-TRV-0001862,P0000880,211,TRV,DIRECT,2020-04-30,2021-04-30,IF,N,1773.9,1773.90,VALID,VALID,,,1773.9,2020-04-30,2026-12-31 06:00:00
ALB-TRV-0001897,P0000496,482,TRV,BROKER,2021-07-26,2022-07-26,LP,N,438.14,438.14,VALID,VALID,Johnson & Hughes Insurance Services Ltd,17.19,438.11999999999995,2022-06-21,2026-12-31 06:00:00
ALB-TRV-0001900,P0001262,,TRV,AGGREGATOR,2021-10-14,2022-10-14,IF,N,3289.65,3289.65,VALID,VALID,,,3289.679999999999,2022-09-09,2026-12-31 06:00:00
ALB-TRV-0001909,P0001638,430,TRV,BROKER,2019-12-16,2020-12-15,IF,N,1051.03,1051.03,VALID,VALID,,,963.4900000000002,2020-11-10,2026-12-31 06:00:00
ALB-TRV-0001921,P0000782,189,TRV,BROKER,2024-05-24,2025-05-24,RN,N,3240.15,3240.15,VALID,VALID,Wilson & Wright Insurance Services Ltd,17.86,3240.120000000001,2025-04-19,2026-12-31 06:00:00
ALB-TRV-0001926,P0000611,131,TRV,DIRECT,2024-01-13,2025-01-12,IF,N,402.0,402.00,VALID,VALID,Wilson & OBrien Insurance Services Ltd,9.12,402.0,2024-12-08,2026-12-31 06:00:00
ALB-TRV-0001930,P0002109,396,TRV,AGGREGATOR,2026-01-17,2027-01-17,RN,N,2522.86,2312.62,VALID,VALID,Wilson & OBrien Insurance Services Ltd,9.12,2522.88,2026-12-13,2026-12-31 06:00:00
ALB-TRV-0001933,P0001983,48,TRV,AGGREGATOR,2022-01-16,2023-01-16,RN,N,2219.16,2219.16,VALID,VALID,Clarke & Wright Insurance Services Ltd,11.72,2219.1600000000003,2022-12-12,2026-12-31 06:00:00
ALB-TRV-0001938,P0001286,,TRV,AGGREGATOR,2022-03-28,2023-03-28,LP,N,1172.94,1172.94,VALID,VALID,Baker & Wright Insurance Services Ltd,22.1,1173.0,2023-02-21,2026-12-31 06:00:00
ALB-TRV-0001939,P0002208,312,TRV,BROKER,2026-07-13,2027-07-13,RN,N,829.31,345.55,VALID,VALID,Baker & Hughes Insurance Services Ltd,12.55,829.32,2027-06-08,2026-12-31 06:00:00
ALB-TRV-0001942,P0002192,283,TRV,BROKER,2023-04-27,2024-04-26,RN,N,1713.92,1713.92,INVALID,VALID,Davies & Taylor Insurance Services Ltd,14.09,1428.3,2024-03-22,2026-12-31 06:00:00
ALB-TRV-0001944,P0003163,,TRV,BROKER,2021-10-06,2022-10-06,IF,N,3662.62,3662.62,VALID,VALID,Baker & Wright Insurance Services Ltd,22.1,3662.62,2021-10-06,2026-12-31 06:00:00
ALB-TRV-0001948,P0001441,,TRV,AGGREGATOR,2026-04-29,2027-04-29,CN,N,727.43,484.95,VALID,VALID,,,666.8199999999999,2027-03-25,2026-12-31 06:00:00
ALB-TRV-0001958,P0001111,319,TRV,BROKER,2019-04-18,2020-04-17,IF,N,326.41,326.41,VALID,VALID,Taylor & Johnson Insurance Services Ltd,17.25,326.41,2019-04-18,2026-12-31 06:00:00
ALB-TRV-0001965,P0002805,,TRV,BROKER,2019-11-20,2020-11-19,IF,N,1675.85,1675.85,VALID,VALID,Taylor & Murphy Insurance Services Ltd,20.48,1675.85,2019-11-20,2026-12-31 06:00:00
ALB-TRV-0001974,P0001174,248,TRV,DIRECT,2019-09-04,2020-09-03,RN,N,1174.68,1174.68,VALID,VALID,Davies & Davies Insurance Services Ltd,17.73,1174.68,2019-09-04,2026-12-31 06:00:00
ALB-TRV-0001984,P0000897,54,TRV,BROKER,2024-01-27,2025-01-26,IF,N,1112.08,1112.08,VALID,VALID,Hall & Wright Insurance Services Ltd,8.65,1112.0399999999997,2024-12-22,2026-12-31 06:00:00
ALB-TRV-0001986,P0001442,,TRV,BROKER,2018-05-24,2019-05-24,IF,N,610.44,610.44,VALID,VALID,,,559.5699999999999,2019-04-19,2026-12-31 06:00:00
ALB-TRV-0001990,P0000341,346,TRV,DIRECT,2020-07-24,2021-07-24,EX,N,2351.08,2351.08,VALID,VALID,Taylor & Murphy Insurance Services Ltd,20.48,2351.0400000000004,2021-06-19,2026-12-31 06:00:00
ALB-TRV-0002013,P0003185,,TRV,AGGREGATOR,2022-03-06,2023-03-06,IF,N,2841.75,2841.75,VALID,VALID,,,2604.91,2023-01-30,2026-12-31 06:00:00
ALB-TRV-0002014,P0000341,346,TRV,AGGREGATOR,2026-09-29,2027-09-29,CN,N,2857.08,714.27,VALID,VALID,Walker & Wright Insurance Services Ltd,10.74,2857.08,2026-09-29,2026-12-31 06:00:00
ALB-TRV-0002015,P0000302,33,TRV,DIRECT,2018-12-01,2019-12-01,IF,N,2240.08,2240.08,VALID,VALID,,,2053.3700000000003,2019-10-27,2026-12-31 06:00:00
ALB-TRV-0002016,P0000127,186,TRV,BROKER,2020-03-30,2021-03-30,RN,N,791.03,791.03,VALID,VALID,,,791.03,2020-03-30,2026-12-31 06:00:00
ALB-TRV-0002017,P0000988,223,TRV,BROKER,2020-05-04,2021-05-04,RN,N,1964.55,1964.55,VALID,VALID,Baker & Clarke Insurance Services Ltd,20.14,1637.1000000000001,2021-02-28,2026-12-31 06:00:00
ALB-TRV-0002024,P0000411,355,TRV,BROKER,2024-10-12,2025-10-12,IF,N,1746.93,1746.93,VALID,VALID,,,1310.22,2025-09-07,2026-12-31 06:00:00
ALB-TRV-0002032,P0001179,,TRV,DIRECT,2026-05-21,2027-05-21,IF,Y,4018.26,2343.99,VALID,VALID,Wilson & Wright Insurance Services Ltd,7.87,4018.320000000001,2027-04-16,2026-12-31 06:00:00
ALB-TRV-0002037,P0000209,,TRV,DIRECT,2020-03-29,2021-03-29,IF,N,2328.66,2328.66,VALID,VALID,Hall & Patel Insurance Services Ltd,13.7,2328.6,2021-02-22,2026-12-31 06:00:00
ALB-TRV-0002038,P0002992,,TRV,DIRECT,2021-01-14,2022-01-14,LP,N,1920.34,1920.34,VALID,VALID,,,1760.33,2021-12-10,2026-12-31 06:00:00
ALB-TRV-0002040,P0000807,298,TRV,BROKER,2018-06-02,2019-06-02,IF,N,3335.0,3335.00,VALID,VALID,Davies & Davies Insurance Services Ltd,17.73,3335.0,2018-06-02,2026-12-31 06:00:00
ALB-TRV-0002049,P0000624,305,TRV,BROKER,2025-05-10,2026-05-10,IF,N,3976.54,3976.54,VALID,VALID,Smith & Walker Insurance Services Ltd,18.79,3976.54,2025-05-10,2026-12-31 06:00:00
ALB-TRV-0002084,P0001874,,TRV,BROKER,2021-07-24,2022-07-24,IF,N,2634.93,2634.93,VALID,VALID,Smith & Walker Insurance Services Ltd,18.79,2634.93,2021-07-24,2026-12-31 06:00:00
ALB-TRV-0002088,P0001670,,TRV,BROKER,2026-09-14,2027-09-14,IF,Y,2332.66,583.17,VALID,VALID,Hall & Patel Insurance Services Ltd,13.7,2138.2899999999995,2027-08-10,2026-12-31 06:00:00
ALB-TRV-0002091,P0002239,,TRV,AGGREGATOR,2021-07-08,2022-07-08,IF,N,1726.7,1726.70,VALID,VALID,Hughes & Wright Insurance Services Ltd,8.65,1582.7899999999995,2022-06-03,2026-12-31 06:00:00
ALB-TRV-0002093,P0000117,194,TRV,BROKER,2020-02-23,2021-02-22,IF,N,2970.07,2970.07,VALID,VALID,OBrien & Patel Insurance Services Ltd,14.2,,,2026-12-31 06:00:00
ALB-TRV-0002100,P0001410,136,TRV,DIRECT,2026-06-11,2027-06-11,CN,N,2262.89,1131.45,VALID,VALID,Murphy & Johnson Insurance Services Ltd,12.64,2262.8399999999997,2027-05-07,2026-12-31 06:00:00
ALB-TRV-0002101,P0002994,178,TRV,DIRECT,2023-07-21,2024-07-20,EX,N,2354.2,2354.20,VALID,VALID,OBrien & Green Insurance Services Ltd,17.85,2354.1600000000003,2024-06-15,2026-12-31 06:00:00
ALB-TRV-0002104,P0001308,,TRV,BROKER,2018-10-18,2019-10-18,IF,N,2573.33,2573.33,VALID,VALID,Khan & Smith Insurance Services Ltd,17.81,2358.84,2019-09-13,2026-12-31 06:00:00
ALB-TRV-0002117,P0000228,300,TRV,BROKER,2026-04-22,2027-04-22,RN,N,1196.81,797.87,VALID,VALID,,,1196.76,2027-03-18,2026-12-31 06:00:00
ALB-TRV-0002120,P0001310,,TRV,BROKER,2026-11-24,2027-11-24,EX,N,1349.08,112.42,VALID,VALID,,,,,2026-12-31 06:00:00
ALB-TRV-0002126,P0000665,133,TRV,BROKER,2021-08-10,2022-08-10,LP,N,2052.42,2052.42,VALID,VALID,,,2052.36,2022-07-06,2026-12-31 06:00:00
ALB-TRV-0002128,P0000795,499,TRV,DIRECT,2019-12-06,2020-12-05,RN,N,4125.44,4125.44,VALID,VALID,,,4125.4800000000005,2020-10-31,2026-12-31 06:00:00
ALB-TRV-0002137,P0003017,200,TRV,BROKER,2023-09-30,2024-09-29,CN,N,3702.78,3702.78,VALID,VALID,Davies & Taylor Insurance Services Ltd,14.09,3085.6,2024-08-25,2026-12-31 06:00:00
ALB-TRV-0002138,P0002058,,TRV,AGGREGATOR,2023-06-06,2024-06-05,IF,N,2998.58,2998.58,VALID,VALID,Williams & Williams Insurance Services Ltd,18.19,2998.560000000001,2024-05-01,2026-12-31 06:00:00
ALB-TRV-0002139,P0003111,,TRV,DIRECT,2024-03-22,2025-03-22,CN,N,4089.77,4089.77,VALID,VALID,Taylor & Wilson Insurance Services Ltd,14.3,4089.77,2024-03-22,2026-12-31 06:00:00
ALB-TRV-0002144,P0000643,472,TRV,BROKER,2026-06-17,2027-06-17,CN,N,1414.62,707.31,VALID,VALID,,,1178.8000000000002,2027-04-13,2026-12-31 06:00:00
ALB-TRV-0002147,P0001988,236,TRV,BROKER,2022-11-21,2023-11-21,IF,N,2304.64,2304.64,VALID,VALID,,,2304.6,2023-10-17,2026-12-31 06:00:00
ALB-TRV-0002149,P0002875,305,TRV,BROKER,2019-08-11,2020-08-10,RN,N,1520.87,1520.87,INVALID,VALID,Baker & Hughes Insurance Services Ltd,12.55,1394.1399999999999,2020-06-06,2026-12-31 06:00:00
ALB-TRV-0002153,P0002950,42,TRV,AGGREGATOR,2018-02-11,2019-02-11,EX,N,2116.58,2116.58,VALID,VALID,Williams & Hall Insurance Services Ltd,14.19,1940.1800000000003,2019-01-07,2026-12-31 06:00:00
ALB-TRV-0002154,P0000228,300,TRV,DIRECT,2025-09-20,2026-09-20,RN,N,4004.94,4004.94,VALID,VALID,,,4005.0,2026-08-16,2026-12-31 06:00:00
ALB-TRV-0002155,P0002152,,TRV,BROKER,2025-10-27,2026-10-27,IF,N,759.82,759.82,VALID,VALID,,,759.8400000000001,2026-09-22,2026-12-31 06:00:00
ALB-TRV-0002156,P0001345,351,TRV,BROKER,2021-06-06,2022-06-06,IF,N,270.01,270.01,VALID,VALID,Davies & Davies Insurance Services Ltd,17.73,270.0,2022-05-02,2026-12-31 06:00:00
ALB-TRV-0002179,P0000938,231,TRV,AGGREGATOR,2022-09-30,2023-09-30,RN,N,884.4,884.40,VALID,VALID,Brown & Davies Insurance Services Ltd,14.49,884.4,2022-09-30,2026-12-31 06:00:00
ALB-TRV-0002181,P0001420,,TRV,BROKER,2018-06-05,2019-06-05,CN,N,1572.33,1572.33,VALID,VALID,Murphy & Johnson Insurance Services Ltd,12.64,1441.33,2019-04-01,2026-12-31 06:00:00
ALB-TRV-0002187,P0001354,,TRV,BROKER,2019-07-21,2020-07-20,EX,N,937.43,937.43,VALID,VALID,,,937.43,2019-07-21,2026-12-31 06:00:00
ALB-TRV-0002201,P0001459,,TRV,BROKER,2021-01-06,2022-01-06,CN,N,2792.42,2792.42,VALID,VALID,Davies & Green Insurance Services Ltd,7.72,2559.7,2021-12-02,2026-12-31 06:00:00
ALB-TRV-0002213,P0000566,473,TRV,BROKER,2026-01-05,2027-01-05,IF,N,1557.3,1557.30,VALID,VALID,Williams & Baker Insurance Services Ltd,16.38,1557.3,2026-01-05,2026-12-31 06:00:00
ALB-TRV-0002214,P0000559,477,TRV,BROKER,2018-10-31,2019-10-31,EX,N,916.79,916.79,VALID,VALID,,,916.79,2018-10-31,2026-12-31 06:00:00
ALB-TRV-0002217,P0001778,,TRV,AGGREGATOR,2018-08-23,2019-08-23,EX,N,2979.73,2979.73,VALID,VALID,,,2979.72,2019-07-19,2026-12-31 06:00:00
ALB-TRV-0002223,P0001972,,TRV,AGGREGATOR,2025-05-01,2026-05-01,IF,N,2680.09,2680.09,VALID,VALID,Johnson & Hall Insurance Services Ltd,21.38,2680.09,2025-05-01,2026-12-31 06:00:00
ALB-TRV-0002224,P0002983,367,TRV,DIRECT,2023-05-02,2024-05-01,RN,N,3297.95,3297.95,VALID,VALID,Hall & Brown Insurance Services Ltd,13.16,3297.95,2023-05-02,2026-12-31 06:00:00
ALB-TRV-0002237,P0003170,415,TRV,BROKER,2024-06-05,2025-06-05,IF,N,2460.91,2460.91,INVALID,VALID,Hall & Khan Insurance Services Ltd,14.81,2255.8799999999997,2025-05-01,2026-12-31 06:00:00
ALB-TRV-0002239,P0000359,249,TRV,AGGREGATOR,2020-01-27,2021-01-26,LP,N,2669.82,2669.82,VALID,VALID,Patel & Clarke Insurance Services Ltd,9.04,2669.82,2020-01-27,2026-12-31 06:00:00
ALB-TRV-0002243,P0000260,488,TRV,AGGREGATOR,2023-10-07,2024-10-06,EX,N,2210.35,2210.35,VALID,VALID,Davies & Wright Insurance Services Ltd,13.6,2210.35,2023-10-07,2026-12-31 06:00:00
ALB-TRV-0002246,P0001675,423,TRV,DIRECT,2019-05-17,2020-05-16,LP,N,2491.64,2491.64,VALID,VALID,Walker & OBrien Insurance Services Ltd,10.5,2284.039999999999,2020-04-11,2026-12-31 06:00:00
ALB-TRV-0002262,P0001036,,TRV,DIRECT,2026-12-22,2027-12-22,CN,N,3104.6,0.00,VALID,VALID,,,3104.6,2026-12-22,2026-12-31 06:00:00
ALB-TRV-0002264,P0001930,333,TRV,DIRECT,2021-08-25,2022-08-25,EX,N,1466.09,1466.09,VALID,VALID,Baker & Brown Insurance Services Ltd,14.45,1466.09,2021-08-25,2026-12-31 06:00:00
ALB-TRV-0002265,P0000267,198,TRV,BROKER,2026-01-17,2027-01-17,IF,Y,318.2,291.68,VALID,VALID,,,291.72,2026-12-13,2026-12-31 06:00:00
ALB-TRV-0002267,P0001645,,TRV,AGGREGATOR,2020-01-06,2021-01-05,RN,N,319.9,319.90,VALID,VALID,Smith & Clarke Insurance Services Ltd,17.33,319.9,2020-01-06,2026-12-31 06:00:00
ALB-TRV-0002271,P0000636,180,TRV,BROKER,2020-09-18,2021-09-18,CN,N,188.77,188.77,VALID,VALID,,,157.3,2021-08-14,2026-12-31 06:00:00
ALB-TRV-0002272,P0002567,8,TRV,DIRECT,2018-09-29,2019-09-29,CN,N,1826.02,1826.02,VALID,VALID,Baker & Hughes Insurance Services Ltd,12.55,1521.7,2019-08-25,2026-12-31 06:00:00
ALB-TRV-0002277,P0001881,,TRV,BROKER,2018-10-23,2019-10-23,RN,N,2145.06,2145.06,VALID,VALID,,,1787.5,2019-09-18,2026-12-31 06:00:00
ALB-TRV-0002280,P0000656,77,TRV,BROKER,2022-08-28,2023-08-28,IF,N,1915.8,1915.80,VALID,VALID,Smith & Davies Insurance Services Ltd,14.16,1915.8,2022-08-28,2026-12-31 06:00:00
ALB-TRV-0002281,P0000495,292,TRV,BROKER,2020-06-14,2021-06-14,EX,N,401.18,401.18,VALID,VALID,Taylor & Walker Insurance Services Ltd,13.94,401.16,2021-05-10,2026-12-31 06:00:00
ALB-TRV-0002284,P0000510,242,TRV,DIRECT,2019-02-01,2020-02-01,EX,N,1415.19,1415.19,VALID,VALID,Hall & Hall Insurance Services Ltd,9.1,1415.19,2019-02-01,2026-12-31 06:00:00
ALB-TRV-0002291,P0000535,,TRV,BROKER,2019-05-18,2020-05-17,IF,N,2875.27,2875.27,VALID,VALID,,,2875.27,2019-05-18,2026-12-31 06:00:00
ALB-TRV-0002295,P0000342,119,TRV,DIRECT,2022-12-18,2023-12-18,IF,N,1524.12,1524.12,VALID,VALID,Wilson & Johnson Insurance Services Ltd,21.61,1524.12,2022-12-18,2026-12-31 06:00:00
ALB-TRV-0002305,P0002898,,TRV,AGGREGATOR,2021-10-23,2022-10-23,LP,N,3459.78,3459.78,VALID,VALID,Taylor & Johnson Insurance Services Ltd,17.25,3459.72,2022-09-18,2026-12-31 06:00:00
ALB-TRV-0002317,P0002711,,TRV,BROKER,2018-02-09,2019-02-09,RN,N,3814.2,3814.20,VALID,VALID,,,3814.2,2018-02-09,2026-12-31 06:00:00
ALB-TRV-0002332,P0002698,,TRV,AGGREGATOR,2023-06-25,2024-06-24,CN,N,2480.56,2480.56,VALID,VALID,Smith & Davies Insurance Services Ltd,14.16,2273.81,2024-04-20,2026-12-31 06:00:00
ALB-TRV-0002338,P0000124,322,TRV,DIRECT,2018-03-01,2019-03-01,RN,N,1420.2,1420.20,VALID,VALID,,,1420.1999999999998,2019-01-25,2026-12-31 06:00:00
ALB-TRV-0002343,P0001451,,TRV,AGGREGATOR,2022-01-04,2023-01-04,IF,N,1082.01,1082.01,VALID,VALID,,,991.8699999999998,2022-11-30,2026-12-31 06:00:00
ALB-TRV-0002346,P0000570,,TRV,AGGREGATOR,2020-08-19,2021-08-19,RN,N,3632.8,3632.80,VALID,VALID,Taylor & Murphy Insurance Services Ltd,20.48,3632.8,2020-08-19,2026-12-31 06:00:00
ALB-TRV-0002347,P0002163,,TRV,BROKER,2019-04-03,2020-04-02,EX,N,2060.62,2060.62,VALID,VALID,Wilson & Wright Insurance Services Ltd,7.87,2060.64,2020-02-27,2026-12-31 06:00:00
ALB-TRV-0002359,P0002005,413,TRV,BROKER,2025-04-28,2026-04-28,IF,N,2268.93,2268.93,VALID,VALID,,,2268.9599999999996,2026-03-24,2026-12-31 06:00:00
ALB-TRV-0002362,P0000489,168,TRV,AGGREGATOR,2021-12-13,2022-12-13,IF,N,2053.69,2053.69,VALID,VALID,Smith & Brown Insurance Services Ltd,19.81,2053.69,2021-12-13,2026-12-31 06:00:00
ALB-TRV-0002368,P0003155,,TRV,DIRECT,2018-03-12,2019-03-12,LP,N,1325.7,1325.70,VALID,VALID,Patel & Wilson Insurance Services Ltd,12.84,1215.28,2019-02-05,2026-12-31 06:00:00
ALB-TRV-0002370,P0002919,364,TRV,BROKER,2022-09-20,2023-09-20,CN,N,753.38,753.38,VALID,VALID,Baker & Clarke Insurance Services Ltd,20.14,753.38,2022-09-20,2026-12-31 06:00:00
ALB-TRV-0002379,P0002621,,TRV,BROKER,2023-04-12,2024-04-11,IF,N,1800.49,1800.49,INVALID,VALID,Clarke & Davies Insurance Services Ltd,10.43,1800.49,2023-04-12,2026-12-31 06:00:00
ALB-TRV-0002380,P0002707,,TRV,BROKER,2019-10-20,2020-10-19,EX,N,2249.56,2249.56,VALID,VALID,,,2062.06,2020-09-14,2026-12-31 06:00:00
ALB-TRV-0002381,P0000916,,TRV,BROKER,2024-10-01,2025-10-01,IF,N,4062.84,4062.84,VALID,VALID,Green & Murphy Insurance Services Ltd,11.43,4062.84,2024-10-01,2026-12-31 06:00:00
ALB-TRV-0002387,P0000999,,TRV,BROKER,2025-12-26,2026-12-26,IF,Y,483.04,483.04,VALID,VALID,Johnson & Murphy Insurance Services Ltd,17.99,442.75,2026-11-21,2026-12-31 06:00:00
ALB-TRV-0002390,P0001097,,TRV,DIRECT,2021-04-06,2022-04-06,RN,N,3834.31,3834.31,INVALID,VALID,,,3514.829999999999,2022-03-02,2026-12-31 06:00:00
ALB-TRV-0002402,P0001827,,TRV,DIRECT,2022-01-07,2023-01-07,EX,N,2485.91,2485.91,VALID,VALID,,,2485.91,2022-01-07,2026-12-31 06:00:00
ALB-TRV-0002404,P0000950,106,TRV,BROKER,2025-12-02,2026-12-02,LP,N,1726.88,1726.88,VALID,VALID,,,1726.9200000000003,2026-10-28,2026-12-31 06:00:00
ALB-TRV-0002413,P0002023,198,TRV,BROKER,2020-07-31,2021-07-31,EX,N,2368.96,2368.96,VALID,VALID,Hall & Hall Insurance Services Ltd,9.1,2171.51,2021-06-26,2026-12-31 06:00:00
ALB-TRV-0002414,P0001902,,TRV,DIRECT,2019-05-15,2020-05-14,IF,N,1555.9,1555.90,VALID,VALID,,,1037.28,2020-03-10,2026-12-31 06:00:00
ALB-TRV-0002418,P0001236,,TRV,BROKER,2022-06-27,2023-06-27,IF,N,956.29,956.29,VALID,VALID,Smith & Brown Insurance Services Ltd,19.81,876.5900000000001,2023-05-23,2026-12-31 06:00:00
ALB-TRV-0002419,P0002368,,TRV,DIRECT,2020-12-16,2021-12-16,IF,N,3813.07,3813.07,VALID,VALID,Patel & Clarke Insurance Services Ltd,9.04,,,2026-12-31 06:00:00
ALB-TRV-0002438,P0002976,69,TRV,BROKER,2020-09-27,2021-09-27,EX,N,2850.41,2850.41,VALID,VALID,Smith & Brown Insurance Services Ltd,19.81,2612.8300000000004,2021-08-23,2026-12-31 06:00:00
ALB-TRV-0002439,P0002845,,TRV,BROKER,2018-05-28,2019-05-28,IF,N,1651.97,1651.97,VALID,VALID,Baker & Brown Insurance Services Ltd,14.45,1376.6000000000001,2019-04-23,2026-12-31 06:00:00
ALB-TRV-0002441,P0001335,13,TRV,DIRECT,2025-11-19,2026-11-19,IF,N,1692.64,1692.64,VALID,VALID,Hall & Hall Insurance Services Ltd,9.1,1692.64,2025-11-19,2026-12-31 06:00:00
ALB-TRV-0002442,P0001767,,TRV,DIRECT,2025-10-10,2026-10-10,EX,N,1787.11,1787.11,VALID,VALID,Walker & OBrien Insurance Services Ltd,10.5,1787.1600000000005,2026-09-05,2026-12-31 06:00:00
ALB-TRV-0002446,P0002208,312,TRV,BROKER,2020-09-28,2021-09-28,IF,N,1934.91,1934.91,VALID,VALID,Khan & Davies Insurance Services Ltd,12.18,1773.64,2021-08-24,2026-12-31 06:00:00
ALB-TRV-0002455,P0000902,,TRV,BROKER,2025-11-23,2026-11-23,LP,N,244.74,244.74,VALID,VALID,Hall & Hall Insurance Services Ltd,9.1,244.74,2025-11-23,2026-12-31 06:00:00
ALB-TRV-0002463,P0002245,441,TRV,AGGREGATOR,2022-05-15,2023-05-15,RN,N,2952.45,2952.45,VALID,VALID,,,2952.45,2022-05-15,2026-12-31 06:00:00
ALB-TRV-0002467,P0000095,481,TRV,BROKER,2020-07-07,2021-07-07,EX,N,3443.69,3443.69,VALID,VALID,Smith & Brown Insurance Services Ltd,19.81,3443.69,2020-07-07,2026-12-31 06:00:00
ALB-TRV-0002475,P0001534,,TRV,BROKER,2020-05-15,2021-05-15,EX,N,622.7,622.70,VALID,VALID,Khan & Davies Insurance Services Ltd,12.18,570.79,2021-04-10,2026-12-31 06:00:00
ALB-TRV-0002481,P0001545,,TRV,DIRECT,2025-05-14,2026-05-14,IF,N,2534.46,2534.46,VALID,VALID,Davies & Wright Insurance Services Ltd,13.6,2534.46,2025-05-14,2026-12-31 06:00:00
ALB-TRV-0002486,P0003051,259,TRV,BROKER,2018-10-03,2019-10-03,LP,N,3489.62,3489.62,VALID,VALID,Baker & Wright Insurance Services Ltd,22.1,3489.600000000001,2019-08-29,2026-12-31 06:00:00
ALB-TRV-0002490,P0000524,386,TRV,BROKER,2018-09-11,2019-09-11,RN,N,1710.55,1710.55,VALID,VALID,,,1425.4999999999998,2019-08-07,2026-12-31 06:00:00
ALB-TRV-0002499,P0000132,246,TRV,DIRECT,2019-07-12,2020-07-11,IF,N,2843.4,2843.40,VALID,VALID,Green & Murphy Insurance Services Ltd,11.43,2843.4,2019-07-12,2026-12-31 06:00:00
ALB-TRV-0002500,P0001141,284,TRV,BROKER,2020-02-08,2021-02-07,IF,N,2814.55,2814.55,VALID,VALID,,,2814.6000000000004,2021-01-03,2026-12-31 06:00:00
ALB-TRV-0002513,P0002168,,TRV,BROKER,2020-08-27,2021-08-27,CN,N,198.2,198.20,VALID,VALID,Wilson & Johnson Insurance Services Ltd,21.61,198.2,2020-08-27,2026-12-31 06:00:00
ALB-TRV-0002514,P0003017,200,TRV,BROKER,2025-04-06,2026-04-06,IF,N,3877.67,3877.67,VALID,VALID,,,3877.679999999999,2026-03-02,2026-12-31 06:00:00
ALB-TRV-0002516,P0003186,160,TRV,BROKER,2020-09-29,2021-09-29,IF,N,3122.73,3122.73,VALID,VALID,Hall & Murphy Insurance Services Ltd,10.45,3122.73,2020-09-29,2026-12-31 06:00:00
ALB-TRV-0002519,P0000464,241,TRV,AGGREGATOR,2026-06-23,2027-06-23,RN,N,2909.27,1454.64,VALID,VALID,,,2424.4,2027-05-19,2026-12-31 06:00:00
ALB-TRV-0002523,P0002275,105,TRV,DIRECT,2021-10-17,2022-10-17,IF,N,1267.03,1267.03,VALID,VALID,Davies & Hughes Insurance Services Ltd,15.18,1267.03,2021-10-17,2026-12-31 06:00:00
ALB-TRV-0002527,P0001573,,TRV,BROKER,2026-09-25,2027-09-25,RN,N,1615.72,403.93,VALID,VALID,Taylor & Walker Insurance Services Ltd,13.94,1615.6799999999994,2027-08-21,2026-12-31 06:00:00
ALB-TRV-0002528,P0001680,,TRV,AGGREGATOR,2025-02-08,2026-02-08,EX,N,559.29,559.29,VALID,VALID,Patel & Wilson Insurance Services Ltd,12.84,466.1000000000001,2026-01-04,2026-12-31 06:00:00
ALB-TRV-0002532,P0001934,134,TRV,AGGREGATOR,2023-02-11,2024-02-11,RN,N,313.37,313.37,VALID,VALID,,,287.2100000000001,2024-01-07,2026-12-31 06:00:00
ALB-TRV-0002533,P0000248,130,TRV,DIRECT,2022-11-29,2023-11-29,IF,N,742.61,742.61,VALID,VALID,Taylor & Johnson Insurance Services Ltd,17.25,680.6800000000001,2023-10-25,2026-12-31 06:00:00
ALB-TRV-0002555,P0002023,198,TRV,BROKER,2021-05-31,2022-05-31,EX,N,462.42,462.42,VALID,VALID,Green & Jones Insurance Services Ltd,21.44,462.4800000000001,2022-04-26,2026-12-31 06:00:00
ALB-TRV-0002558,P0002960,,TRV,DIRECT,2022-01-30,2023-01-30,RN,N,2050.79,2050.79,VALID,VALID,Green & Murphy Insurance Services Ltd,11.43,2050.8000000000006,2022-12-26,2026-12-31 06:00:00
ALB-TRV-0002560,P0001610,,TRV,BROKER,2018-08-26,2019-08-26,CN,N,2568.87,2568.87,VALID,VALID,Johnson & Hughes Insurance Services Ltd,17.19,2568.84,2019-07-22,2026-12-31 06:00:00
ALB-TRV-0002561,P0003042,,TRV,BROKER,2026-08-02,2027-08-02,IF,Y,2266.25,944.27,VALID,VALID,Hall & Brown Insurance Services Ltd,13.16,2266.1999999999994,2027-06-28,2026-12-31 06:00:00
ALB-TRV-0002575,P0001008,,TRV,BROKER,2019-05-07,2020-05-06,EX,N,3985.13,3985.13,VALID,VALID,Green & Jones Insurance Services Ltd,21.44,3652.9900000000002,2020-04-01,2026-12-31 06:00:00
ALB-TRV-0002576,P0002263,302,TRV,BROKER,2019-03-30,2020-03-29,IF,N,392.51,392.51,VALID,VALID,,,392.51,2019-03-30,2026-12-31 06:00:00
ALB-TRV-0002577,P0001800,18,TRV,BROKER,2018-10-07,2019-10-07,IF,N,835.54,835.54,VALID,VALID,Davies & Taylor Insurance Services Ltd,14.09,835.56,2019-09-02,2026-12-31 06:00:00
ALB-TRV-0002579,P0002620,,TRV,DIRECT,2021-11-17,2022-11-17,LP,N,3363.27,3363.27,VALID,VALID,,,3082.97,2022-10-13,2026-12-31 06:00:00
ALB-TRV-0002585,P0002802,126,TRV,BROKER,2023-05-21,2024-05-20,LP,N,926.87,926.87,VALID,VALID,OBrien & Green Insurance Services Ltd,17.85,849.64,2024-04-15,2026-12-31 06:00:00
ALB-TRV-0002587,P0000959,,TRV,DIRECT,2023-12-10,2024-12-09,IF,N,3984.5,3984.50,VALID,VALID,Walker & Wright Insurance Services Ltd,10.74,3984.5,2023-12-10,2026-12-31 06:00:00
ALB-TRV-0002597,P0002860,17,TRV,BROKER,2025-05-06,2026-05-06,IF,N,2175.92,2175.92,VALID,VALID,,,1994.6299999999997,2026-04-01,2026-12-31 06:00:00
ALB-TRV-0002599,P0001999,,TRV,BROKER,2022-04-09,2023-04-09,RN,N,1405.86,1405.86,VALID,VALID,Hall & Khan Insurance Services Ltd,14.81,1405.8000000000002,2023-03-05,2026-12-31 06:00:00
ALB-TRV-0002603,P0000462,332,TRV,DIRECT,2020-08-25,2021-08-25,CN,N,3102.99,3102.99,VALID,VALID,,,3102.9599999999996,2021-07-21,2026-12-31 06:00:00
ALB-TRV-0002606,P0000526,,TRV,DIRECT,2024-12-02,2025-12-02,RN,N,3970.89,3970.89,VALID,VALID,Davies & Hughes Insurance Services Ltd,15.18,3970.89,2024-12-02,2026-12-31 06:00:00
ALB-TRV-0002610,P0000375,282,TRV,DIRECT,2018-09-20,2019-09-20,IF,N,3753.67,3753.67,VALID,VALID,Hall & Wright Insurance Services Ltd,8.65,3753.72,2019-08-16,2026-12-31 06:00:00
ALB-TRV-0002614,P0003154,363,TRV,BROKER,2021-12-27,2022-12-27,IF,N,259.8,259.80,VALID,VALID,,,259.8,2021-12-27,2026-12-31 06:00:00
ALB-TRV-0002615,P0002095,216,TRV,DIRECT,2018-01-29,2019-01-29,IF,N,831.68,831.68,VALID,VALID,,,831.68,2018-01-29,2026-12-31 06:00:00
ALB-TRV-0002618,P0000562,457,TRV,BROKER,2025-05-14,2026-05-14,IF,N,1948.39,1948.39,VALID,VALID,OBrien & Patel Insurance Services Ltd,14.2,1948.4399999999996,2026-04-09,2026-12-31 06:00:00
ALB-TRV-0002623,P0001503,,TRV,DIRECT,2025-07-20,2026-07-20,IF,N,212.57,212.57,VALID,VALID,,,212.57,2025-07-20,2026-12-31 06:00:00
ALB-TRV-0002628,P0000284,437,TRV,BROKER,2024-06-14,2025-06-14,RN,N,361.72,361.72,VALID,VALID,Wilson & Wright Insurance Services Ltd,7.87,301.3999999999999,2025-05-10,2026-12-31 06:00:00
ALB-TRV-0002629,P0002916,129,TRV,AGGREGATOR,2019-08-23,2020-08-22,IF,N,2933.83,2933.83,VALID,VALID,Williams & Baker Insurance Services Ltd,16.38,2933.83,2019-08-23,2026-12-31 06:00:00
ALB-TRV-0002635,P0002973,,TRV,DIRECT,2026-06-27,2027-06-27,IF,Y,283.98,141.99,VALID,VALID,,,260.37000000000006,2027-05-23,2026-12-31 06:00:00
ALB-TRV-0002639,P0000243,58,TRV,DIRECT,2026-08-04,2027-08-04,RN,N,1183.64,394.55,VALID,VALID,Khan & Davies Insurance Services Ltd,12.18,1085.04,2027-06-30,2026-12-31 06:00:00
ALB-TRV-0002644,P0002998,,TRV,AGGREGATOR,2018-03-16,2019-03-16,EX,N,980.05,980.05,VALID,VALID,Hall & Murphy Insurance Services Ltd,10.45,980.05,2018-03-16,2026-12-31 06:00:00
ALB-TRV-0002645,P0002903,188,TRV,DIRECT,2026-08-10,2027-08-10,CN,N,3079.84,1026.61,VALID,VALID,Williams & Hall Insurance Services Ltd,14.19,3079.84,2026-08-10,2026-12-31 06:00:00
ALB-TRV-0002657,P0002680,,TRV,DIRECT,2024-08-02,2025-08-02,EX,N,4121.72,4121.72,VALID,VALID,Murphy & Johnson Insurance Services Ltd,12.64,3778.28,2025-05-29,2026-12-31 06:00:00
ALB-TRV-0002661,P0002532,179,TRV,BROKER,2019-05-18,2020-05-17,RN,N,2282.18,2282.18,VALID,VALID,Williams & Baker Insurance Services Ltd,16.38,2282.1600000000003,2020-04-12,2026-12-31 06:00:00
ALB-TRV-0002666,P0002899,,TRV,BROKER,2020-08-14,2021-08-14,IF,N,1341.45,1341.45,VALID,VALID,,,1341.4799999999998,2021-07-10,2026-12-31 06:00:00
ALB-TRV-0002675,P0000593,191,TRV,AGGREGATOR,2020-07-23,2021-07-23,RN,N,1166.21,1166.21,VALID,VALID,,,,,2026-12-31 06:00:00
ALB-TRV-0002677,P0000043,488,TRV,AGGREGATOR,2020-06-02,2021-06-02,IF,N,1446.7,1446.70,VALID,VALID,Hall & Patel Insurance Services Ltd,13.7,1446.7,2020-06-02,2026-12-31 06:00:00
ALB-TRV-0002687,P0002067,,TRV,AGGREGATOR,2019-05-19,2020-05-18,IF,N,219.94,219.94,VALID,VALID,,,201.62999999999994,2020-04-13,2026-12-31 06:00:00
ALB-TRV-0002689,P0001450,4,TRV,AGGREGATOR,2021-06-24,2022-06-24,RN,N,3286.75,3286.75,VALID,VALID,,,3286.8000000000006,2022-05-20,2026-12-31 06:00:00
ALB-TRV-0002706,P0001335,13,TRV,DIRECT,2020-05-05,2021-05-05,RN,N,1064.92,1064.92,VALID,VALID,Baker & Williams Insurance Services Ltd,17.61,1064.92,2020-05-05,2026-12-31 06:00:00
ALB-TRV-0002709,P0001305,,TRV,BROKER,2024-10-02,2025-10-02,CN,N,2048.96,2048.96,VALID,VALID,Baker & Wright Insurance Services Ltd,22.1,2048.96,2024-10-02,2026-12-31 06:00:00
ALB-TRV-0002717,P0002910,,TRV,DIRECT,2018-05-09,2019-05-09,RN,N,3076.05,3076.05,VALID,VALID,Wilson & Wright Insurance Services Ltd,7.87,3076.05,2018-05-09,2026-12-31 06:00:00
ALB-TRV-0002720,P0000091,30,TRV,BROKER,2018-10-02,2019-10-02,IF,N,2931.38,2931.38,VALID,VALID,,,2931.3600000000006,2019-08-28,2026-12-31 06:00:00
ALB-TRV-0002724,P0000906,,TRV,AGGREGATOR,2018-03-12,2019-03-12,LP,N,2757.86,2757.86,VALID,VALID,Davies & Brown Insurance Services Ltd,22.12,2757.84,2019-02-05,2026-12-31 06:00:00
ALB-TRV-0002730,P0002562,,TRV,DIRECT,2025-02-18,2026-02-18,IF,N,2444.0,2444.00,VALID,VALID,,,2444.0,2025-02-18,2026-12-31 06:00:00
ALB-TRV-0002741,P0001462,,TRV,DIRECT,2021-12-26,2022-12-26,CN,N,3336.7,3336.70,VALID,VALID,Davies & Wright Insurance Services Ltd,13.6,3336.7,2021-12-26,2026-12-31 06:00:00
ALB-TRV-0002750,P0000787,305,TRV,BROKER,2026-05-03,2027-05-03,IF,Y,1842.52,1228.35,VALID,VALID,Davies & Davies Insurance Services Ltd,17.73,1842.4799999999998,2027-03-29,2026-12-31 06:00:00
ALB-TRV-0002767,P0000681,311,TRV,AGGREGATOR,2020-12-15,2021-12-15,IF,N,1977.73,1977.73,VALID,VALID,,,1812.9099999999996,2021-10-11,2026-12-31 06:00:00
ALB-TRV-0002770,P0000723,231,TRV,DIRECT,2021-07-31,2022-07-31,IF,N,3221.93,3221.93,VALID,VALID,Williams & Baker Insurance Services Ltd,16.38,3221.93,2021-07-31,2026-12-31 06:00:00
ALB-TRV-0002771,P0000800,44,TRV,BROKER,2018-05-14,2019-05-14,EX,N,4034.49,4034.49,VALID,VALID,Taylor & Wilson Insurance Services Ltd,14.3,,,2026-12-31 06:00:00
ALB-TRV-0002778,P0001963,191,TRV,DIRECT,2021-04-05,2022-04-05,IF,N,3896.45,3896.45,VALID,VALID,Johnson & Murphy Insurance Services Ltd,21.31,3571.6999999999994,2022-03-01,2026-12-31 06:00:00
ALB-TRV-0002779,P0000627,270,TRV,DIRECT,2018-09-27,2019-09-27,RN,N,3913.85,3913.85,VALID,VALID,,,3913.8000000000006,2019-08-23,2026-12-31 06:00:00
ALB-TRV-0002781,P0000490,117,TRV,AGGREGATOR,2019-05-13,2020-05-12,IF,N,2237.77,2237.77,VALID,VALID,Davies & Taylor Insurance Services Ltd,14.09,2237.7599999999998,2020-04-07,2026-12-31 06:00:00
ALB-TRV-0002785,P0000213,330,TRV,BROKER,2023-05-15,2024-05-14,IF,N,1770.21,1770.21,INVALID,VALID,,,1622.72,2024-04-09,2026-12-31 06:00:00
ALB-TRV-0002796,P0002188,430,TRV,BROKER,2019-04-26,2020-04-25,RN,N,576.1,576.10,VALID,VALID,,,528.11,2020-02-20,2026-12-31 06:00:00
ALB-TRV-0002799,P0000101,184,TRV,BROKER,2019-01-25,2020-01-25,IF,N,2773.36,2773.36,VALID,VALID,,,2773.320000000001,2019-12-21,2026-12-31 06:00:00
ALB-TRV-0002806,P0001388,71,TRV,BROKER,2019-01-14,2020-01-14,IF,N,1919.65,1919.65,VALID,VALID,,,1759.67,2019-12-10,2026-12-31 06:00:00
ALB-TRV-0002814,P0001275,441,TRV,DIRECT,2020-10-04,2021-10-04,IF,N,2439.42,2439.42,VALID,VALID,,,2236.08,2021-08-30,2026-12-31 06:00:00
ALB-TRV-0002817,P0000968,179,TRV,DIRECT,2020-07-20,2021-07-20,RN,N,3147.23,3147.23,VALID,VALID,Khan & Davies Insurance Services Ltd,12.18,3147.24,2021-06-15,2026-12-31 06:00:00
ALB-TRV-0002829,P0000523,438,TRV,DIRECT,2022-05-23,2023-05-23,IF,N,3462.59,3462.59,VALID,VALID,Robinson & Brown Insurance Services Ltd,15.85,3462.59,2022-05-23,2026-12-31 06:00:00
ALB-TRV-0002830,P0000494,,TRV,BROKER,2019-09-14,2020-09-13,CN,N,778.04,778.04,VALID,VALID,Patel & Wilson Insurance Services Ltd,12.84,778.04,2019-09-14,2026-12-31 06:00:00
ALB-TRV-0002841,P0001432,458,TRV,BROKER,2020-02-02,2021-02-01,IF,N,1682.04,1682.04,VALID,VALID,Wilson & Johnson Insurance Services Ltd,21.61,1682.04,2020-02-02,2026-12-31 06:00:00
ALB-TRV-0002842,P0000506,436,TRV,BROKER,2023-06-15,2024-06-14,IF,N,4148.85,4148.85,VALID,VALID,Walker & Wright Insurance Services Ltd,10.74,3803.1399999999994,2024-05-10,2026-12-31 06:00:00
ALB-TRV-0002846,P0002159,,TRV,DIRECT,2024-05-14,2025-05-14,IF,N,2165.12,2165.12,VALID,VALID,Taylor & Wilson Insurance Services Ltd,14.3,2165.12,2024-05-14,2026-12-31 06:00:00
ALB-TRV-0002868,P0000598,150,TRV,BROKER,2026-05-04,2027-05-04,RN,N,3022.81,2015.21,VALID,VALID,,,3022.81,2026-05-04,2026-12-31 06:00:00
ALB-TRV-0002869,P0002606,216,TRV,DIRECT,2021-08-22,2022-08-22,LP,N,1930.34,1930.34,VALID,VALID,Walker & OBrien Insurance Services Ltd,10.5,1930.34,2021-08-22,2026-12-31 06:00:00
ALB-TRV-0002873,P0001603,,TRV,BROKER,2021-05-19,2022-05-19,IF,N,3599.59,3599.59,VALID,VALID,Davies & Brown Insurance Services Ltd,22.12,3599.6400000000012,2022-04-14,2026-12-31 06:00:00
ALB-TRV-0002879,P0000472,,TRV,BROKER,2024-07-13,2025-07-13,IF,N,2927.25,2927.25,VALID,VALID,,,2439.4,2025-05-09,2026-12-31 06:00:00
ALB-TRV-0002880,P0002390,365,TRV,BROKER,2024-07-06,2025-07-06,IF,N,1359.49,1359.49,VALID,VALID,,,1246.1899999999998,2025-06-01,2026-12-31 06:00:00
ALB-TRV-0002881,P0001479,466,TRV,BROKER,2019-05-28,2020-05-27,IF,N,3761.75,3761.75,VALID,VALID,Taylor & Johnson Insurance Services Ltd,17.25,3761.76,2020-04-22,2026-12-31 06:00:00
ALB-TRV-0002888,P0000553,,TRV,DIRECT,2018-06-01,2019-06-01,IF,N,3805.33,3805.33,VALID,VALID,Patel & Taylor Insurance Services Ltd,13.95,3805.320000000001,2019-04-27,2026-12-31 06:00:00
ALB-TRV-0002894,P0000641,144,TRV,BROKER,2020-12-10,2021-12-10,IF,N,3922.76,3922.76,VALID,VALID,Clarke & Davies Insurance Services Ltd,10.43,3922.76,2020-12-10,2026-12-31 06:00:00
ALB-TRV-0002902,P0001699,264,TRV,BROKER,2018-07-13,2019-07-13,IF,N,3774.37,3774.37,VALID,VALID,,,3774.3599999999988,2019-06-08,2026-12-31 06:00:00
ALB-TRV-0002915,P0002672,65,TRV,AGGREGATOR,2025-09-19,2026-09-19,IF,N,3646.88,3646.88,VALID,VALID,,,3343.0099999999998,2026-08-15,2026-12-31 06:00:00
ALB-TRV-0002919,P0000649,315,TRV,DIRECT,2022-06-08,2023-06-08,CN,N,3120.64,3120.64,VALID,VALID,Patel & Clarke Insurance Services Ltd,9.04,3120.64,2022-06-08,2026-12-31 06:00:00
ALB-TRV-0002920,P0002481,,TRV,DIRECT,2020-01-29,2021-01-28,IF,N,1923.68,1923.68,VALID,VALID,,,1603.0999999999997,2020-12-24,2026-12-31 06:00:00
ALB-TRV-0002924,P0001073,,TRV,AGGREGATOR,2018-05-06,2019-05-06,IF,N,3899.7,3899.70,VALID,VALID,Hall & Murphy Insurance Services Ltd,10.45,3574.670000000001,2019-04-01,2026-12-31 06:00:00
ALB-TRV-0002925,P0001217,,TRV,DIRECT,2026-05-02,2027-05-02,RN,N,938.04,625.36,VALID,VALID,,,938.04,2026-05-02,2026-12-31 06:00:00
ALB-TRV-0002943,P0000835,367,TRV,AGGREGATOR,2018-08-18,2019-08-18,IF,N,4000.45,4000.45,VALID,VALID,Johnson & Murphy Insurance Services Ltd,21.31,3667.0699999999993,2019-07-14,2026-12-31 06:00:00
ALB-TRV-0002948,P0000417,269,TRV,BROKER,2021-06-03,2022-06-03,EX,N,2206.22,2206.22,VALID,VALID,,,1838.4999999999995,2022-04-29,2026-12-31 06:00:00
ALB-TRV-0002956,P0002289,428,TRV,DIRECT,2019-11-15,2020-11-14,EX,N,2489.14,2489.14,VALID,VALID,Patel & Clarke Insurance Services Ltd,9.04,,,2026-12-31 06:00:00
ALB-TRV-0002961,P0001228,300,TRV,DIRECT,2025-10-09,2026-10-09,IF,N,3466.48,3466.48,VALID,VALID,Williams & Hall Insurance Services Ltd,14.19,3177.5699999999993,2026-09-04,2026-12-31 06:00:00
ALB-TRV-0002962,P0000026,,TRV,BROKER,2026-07-08,2027-07-08,CN,N,2031.53,846.47,VALID,VALID,Smith & Walker Insurance Services Ltd,18.79,2031.53,2026-07-08,2026-12-31 06:00:00
ALB-TRV-0002967,P0002156,359,TRV,BROKER,2023-06-22,2024-06-21,IF,N,1296.6,1296.60,VALID,VALID,Patel & Taylor Insurance Services Ltd,13.95,1188.5499999999997,2024-05-17,2026-12-31 06:00:00
ALB-TRV-0002970,P0002570,239,TRV,BROKER,2018-04-11,2019-04-11,IF,N,3067.53,3067.53,VALID,VALID,Khan & Smith Insurance Services Ltd,17.81,3067.53,2018-04-11,2026-12-31 06:00:00
ALB-TRV-0002999,P0000405,343,TRV,BROKER,2024-03-15,2025-03-15,RN,N,414.92,414.92,VALID,VALID,,,414.92,2024-03-15,2026-12-31 06:00:00
ALB-TRV-0003000,P0003020,,TRV,BROKER,2024-08-30,2025-08-30,IF,N,1226.51,1226.51,VALID,VALID,Hall & Khan Insurance Services Ltd,14.81,1226.51,2024-08-30,2026-12-31 06:00:00
ALB-TRV-0003004,P0000174,495,TRV,AGGREGATOR,2023-01-02,2024-01-02,RN,N,1673.57,1673.57,INVALID,VALID,,,1534.0600000000002,2023-11-28,2026-12-31 06:00:00
ALB-TRV-0003006,P0002407,,TRV,AGGREGATOR,2026-12-13,2027-12-13,IF,Y,4187.84,0.00,VALID,VALID,,,4187.84,2026-12-13,2026-12-31 06:00:00
ALB-TRV-0003007,P0002152,,TRV,BROKER,2019-09-03,2020-09-02,IF,N,1876.48,1876.48,VALID,VALID,Patel & Taylor Insurance Services Ltd,13.95,1876.4399999999996,2020-07-29,2026-12-31 06:00:00
ALB-TRV-0003008,P0002180,,TRV,AGGREGATOR,2018-03-30,2019-03-30,IF,N,1133.2,1133.20,VALID,VALID,,,1038.7300000000002,2019-01-24,2026-12-31 06:00:00
ALB-TRV-0003010,P0002807,210,TRV,BROKER,2022-10-31,2023-10-31,RN,N,1110.25,1110.25,VALID,VALID,,,1110.25,2022-10-31,2026-12-31 06:00:00
ALB-TRV-0003011,P0000783,,TRV,DIRECT,2021-05-14,2022-05-14,LP,N,3358.48,3358.48,INVALID,VALID,Taylor & Murphy Insurance Services Ltd,20.48,3358.48,2021-05-14,2026-12-31 06:00:00
ALB-TRV-0003012,P0001067,299,TRV,DIRECT,2022-11-19,2023-11-19,IF,N,2445.3,2445.30,VALID,VALID,,,2241.58,2023-10-15,2026-12-31 06:00:00
ALB-TRV-0003017,P0000544,43,TRV,AGGREGATOR,2018-11-06,2019-11-06,IF,N,327.65,327.65,VALID,VALID,,,300.30000000000007,2019-10-02,2026-12-31 06:00:00
ALB-TRV-0003021,P0002764,,TRV,AGGREGATOR,2025-06-20,2026-06-20,EX,N,2807.75,2807.75,VALID,VALID,Baker & Clarke Insurance Services Ltd,20.14,2807.7599999999998,2026-05-16,2026-12-31 06:00:00
ALB-TRV-0003032,P0001738,286,TRV,BROKER,2026-10-26,2027-10-26,RN,N,467.02,77.84,VALID,VALID,Davies & Wright Insurance Services Ltd,13.6,467.04000000000013,2027-09-21,2026-12-31 06:00:00
ALB-TRV-0003044,P0002259,,TRV,BROKER,2018-02-16,2019-02-16,IF,N,2562.52,2562.52,VALID,VALID,,,2562.52,2018-02-16,2026-12-31 06:00:00
ALB-TRV-0003045,P0000068,184,TRV,DIRECT,2020-10-27,2021-10-27,RN,N,3101.25,3101.25,INVALID,VALID,Taylor & Walker Insurance Services Ltd,13.94,3101.28,2021-09-22,2026-12-31 06:00:00
ALB-TRV-0003048,P0000215,,TRV,DIRECT,2020-09-29,2021-09-29,LP,N,1531.08,1531.08,VALID,VALID,Baker & Clarke Insurance Services Ltd,20.14,1531.08,2021-08-25,2026-12-31 06:00:00
ALB-TRV-0003056,P0002928,,TRV,AGGREGATOR,2026-11-22,2027-11-22,RN,N,1069.38,89.12,VALID,VALID,Johnson & Murphy Insurance Services Ltd,21.31,1069.38,2026-11-22,2026-12-31 06:00:00
ALB-TRV-0003061,P0000952,182,TRV,DIRECT,2023-09-14,2024-09-13,EX,N,541.1,541.10,VALID,VALID,,,541.0800000000002,2024-08-09,2026-12-31 06:00:00
ALB-TRV-0003062,P0002491,300,TRV,BROKER,2019-09-02,2020-09-01,EX,N,1156.94,1156.94,VALID,VALID,,,1060.5099999999998,2020-07-28,2026-12-31 06:00:00
ALB-TRV-0003065,P0001389,31,TRV,DIRECT,2022-11-12,2023-11-12,RN,N,3267.09,3267.09,VALID,VALID,,,3267.120000000001,2023-10-08,2026-12-31 06:00:00
ALB-TRV-0003068,P0001620,28,TRV,BROKER,2025-10-01,2026-10-01,IF,N,1371.84,1371.84,VALID,VALID,,,1371.8399999999995,2026-08-27,2026-12-31 06:00:00
ALB-TRV-0003070,P0001474,,TRV,AGGREGATOR,2022-10-20,2023-10-20,CN,N,1579.11,1579.11,VALID,VALID,,,1579.11,2022-10-20,2026-12-31 06:00:00
ALB-TRV-0003075,P0002700,,TRV,AGGREGATOR,2024-12-30,2025-12-30,RN,N,1499.13,1499.13,VALID,VALID,Davies & Wright Insurance Services Ltd,13.6,1249.3000000000004,2025-10-26,2026-12-31 06:00:00
ALB-TRV-0003076,P0003183,216,TRV,DIRECT,2025-05-10,2026-05-10,IF,N,3125.42,3125.42,VALID,VALID,Baker & Clarke Insurance Services Ltd,20.14,2864.9499999999994,2026-04-05,2026-12-31 06:00:00
ALB-TRV-0003077,P0002118,,TRV,AGGREGATOR,2019-03-19,2020-03-18,EX,N,1171.05,1171.05,VALID,VALID,,,1073.4900000000002,2020-02-12,2026-12-31 06:00:00
ALB-TRV-0003082,P0002270,293,TRV,BROKER,2024-10-12,2025-10-12,EX,N,1177.27,1177.27,VALID,VALID,,,1079.21,2025-09-07,2026-12-31 06:00:00
ALB-TRV-0003089,P0000614,449,TRV,BROKER,2026-04-02,2027-04-02,RN,N,1843.03,1382.27,VALID,VALID,,,1843.03,2026-04-02,2026-12-31 06:00:00
ALB-TRV-0003095,P0001103,354,TRV,DIRECT,2025-03-30,2026-03-30,IF,N,2754.98,2754.98,VALID,VALID,,,2525.3799999999997,2026-02-23,2026-12-31 06:00:00
ALB-TRV-0003102,P0000971,458,TRV,BROKER,2018-02-26,2019-02-26,RN,N,804.39,804.39,VALID,VALID,,,804.3599999999998,2019-01-22,2026-12-31 06:00:00
ALB-TRV-0003110,P0001314,,TRV,DIRECT,2021-06-04,2022-06-04,EX,N,4150.83,4150.83,VALID,VALID,Green & Patel Insurance Services Ltd,10.9,4150.8,2022-04-30,2026-12-31 06:00:00
ALB-TRV-0003117,P0003034,,TRV,BROKER,2026-05-21,2027-05-21,IF,N,3891.08,2269.80,VALID,VALID,,,3891.08,2026-05-21,2026-12-31 06:00:00
ALB-TRV-0003122,P0000687,245,TRV,BROKER,2018-05-08,2019-05-08,IF,N,2470.6,2470.60,VALID,VALID,Johnson & Hughes Insurance Services Ltd,17.19,2470.560000000001,2019-04-03,2026-12-31 06:00:00
ALB-TRV-0003130,P0002672,65,TRV,DIRECT,2026-09-23,2027-09-23,RN,N,1558.76,389.69,VALID,VALID,,,1428.9000000000003,2027-08-19,2026-12-31 06:00:00
ALB-TRV-0003135,P0000011,,TRV,BROKER,2023-12-29,2024-12-28,IF,N,210.14,210.14,VALID,VALID,Murphy & Johnson Insurance Services Ltd,12.64,210.14,2023-12-29,2026-12-31 06:00:00
ALB-TRV-0003139,P0003187,,TRV,BROKER,2021-01-13,2022-01-13,EX,N,4078.86,4078.86,VALID,VALID,,,4078.9199999999996,2021-12-09,2026-12-31 06:00:00
ALB-TRV-0003150,P0002132,,TRV,BROKER,2024-03-31,2025-03-31,RN,N,2736.55,2736.55,VALID,VALID,Khan & Davies Insurance Services Ltd,12.18,2736.55,2024-03-31,2026-12-31 06:00:00
ALB-TRV-0003153,P0001138,35,TRV,AGGREGATOR,2018-02-27,2019-02-27,IF,N,3212.91,3212.91,VALID,VALID,OBrien & Green Insurance Services Ltd,17.85,3212.879999999999,2019-01-23,2026-12-31 06:00:00
ALB-TRV-0003158,P0000420,382,TRV,BROKER,2025-06-10,2026-06-10,IF,N,212.23,212.23,VALID,VALID,Smith & Clarke Insurance Services Ltd,17.33,194.59,2026-05-06,2026-12-31 06:00:00
ALB-TRV-0003159,P0002066,410,TRV,DIRECT,2021-08-20,2022-08-20,IF,N,2447.59,2447.59,VALID,VALID,Baker & Wright Insurance Services Ltd,22.1,2243.67,2022-07-16,2026-12-31 06:00:00
ALB-TRV-0003170,P0002803,,TRV,BROKER,2022-06-26,2023-06-26,EX,N,2475.82,2475.82,VALID,VALID,Davies & Davies Insurance Services Ltd,17.73,2475.82,2022-06-26,2026-12-31 06:00:00
ALB-TRV-0003179,P0001475,219,TRV,DIRECT,2023-07-05,2024-07-04,IF,N,674.44,674.44,INVALID,VALID,Hall & Hall Insurance Services Ltd,9.1,674.44,2023-07-05,2026-12-31 06:00:00
ALB-TRV-0003180,P0003156,,TRV,DIRECT,2025-05-08,2026-05-08,RN,N,1066.85,1066.85,VALID,VALID,Wilson & Wright Insurance Services Ltd,17.86,1066.85,2025-05-08,2026-12-31 06:00:00
ALB-TRV-0003182,P0001377,,TRV,DIRECT,2019-03-19,2020-03-18,RN,N,3991.49,3991.49,VALID,VALID,Davies & Green Insurance Services Ltd,7.72,3991.49,2019-03-19,2026-12-31 06:00:00
ALB-TRV-0003184,P0002238,,TRV,DIRECT,2021-07-23,2022-07-23,EX,N,2335.45,2335.45,VALID,VALID,Hughes & Wright Insurance Services Ltd,8.65,2335.4399999999996,2022-06-18,2026-12-31 06:00:00
ALB-TRV-0003190,P0002477,,TRV,DIRECT,2023-04-20,2024-04-19,IF,N,1851.07,1851.07,VALID,VALID,OBrien & Green Insurance Services Ltd,17.85,1696.86,2024-03-15,2026-12-31 06:00:00
ALB-TRV-0003191,P0002748,,TRV,DIRECT,2022-09-20,2023-09-20,RN,N,366.45,366.45,VALID,VALID,Williams & Williams Insurance Services Ltd,18.19,335.94,2023-08-16,2026-12-31 06:00:00
ALB-TRV-0003194,P0001549,,TRV,BROKER,2020-05-24,2021-05-24,LP,N,1542.36,1542.36,VALID,VALID,,,1542.36,2021-04-19,2026-12-31 06:00:00
ALB-TRV-0003197,P0001718,362,TRV,AGGREGATOR,2019-08-26,2020-08-25,IF,N,2910.82,2910.82,VALID,VALID,,,2668.27,2020-07-21,2026-12-31 06:00:00
ALB-TRV-0003198,P0002905,,TRV,AGGREGATOR,2020-07-03,2021-07-03,LP,N,3161.36,3161.36,VALID,VALID,Williams & Baker Insurance Services Ltd,16.38,3161.36,2020-07-03,2026-12-31 06:00:00
ALB-TRV-0003204,P0002803,,TRV,DIRECT,2022-05-29,2023-05-29,RN,N,1315.52,1315.52,VALID,VALID,,,1096.3,2023-04-24,2026-12-31 06:00:00
ALB-TRV-0003210,P0002383,306,TRV,BROKER,2018-10-12,2019-10-12,IF,N,1844.02,1844.02,INVALID,VALID,,,1844.0400000000002,2019-09-07,2026-12-31 06:00:00
ALB-TRV-0003229,P0002860,17,TRV,BROKER,2021-04-01,2022-04-01,IF,N,1964.28,1964.28,VALID,VALID,Hall & Patel Insurance Services Ltd,13.7,1964.2800000000004,2022-02-25,2026-12-31 06:00:00
ALB-TRV-0003234,P0000295,288,TRV,DIRECT,2020-01-21,2021-01-20,CN,N,912.39,912.39,VALID,VALID,Davies & Wright Insurance Services Ltd,13.6,912.3599999999998,2020-12-16,2026-12-31 06:00:00
ALB-TRV-0003235,P0002741,314,TRV,BROKER,2020-06-09,2021-06-09,LP,N,953.33,953.33,VALID,VALID,,,953.33,2020-06-09,2026-12-31 06:00:00
ALB-TRV-0003240,P0002282,,TRV,AGGREGATOR,2024-07-24,2025-07-24,IF,N,811.73,811.73,VALID,VALID,,,676.4,2025-04-20,2026-12-31 06:00:00
ALB-TRV-0003249,P0001194,320,TRV,BROKER,2022-07-17,2023-07-17,IF,N,2131.08,2131.08,VALID,VALID,Clarke & Wright Insurance Services Ltd,11.72,2131.08,2022-07-17,2026-12-31 06:00:00
ALB-TRV-0003262,P0001934,134,TRV,AGGREGATOR,2018-06-05,2019-06-05,RN,N,4076.83,4076.83,VALID,VALID,,,3737.1399999999994,2019-05-01,2026-12-31 06:00:00
ALB-TRV-0003270,P0002696,,TRV,AGGREGATOR,2026-04-09,2027-04-09,IF,Y,3474.39,2316.26,VALID,VALID,Hall & Khan Insurance Services Ltd,14.81,3184.829999999999,2027-03-05,2026-12-31 06:00:00
ALB-TRV-0003276,P0002839,,TRV,AGGREGATOR,2018-11-12,2019-11-12,IF,N,975.14,975.14,VALID,VALID,,,975.12,2019-10-08,2026-12-31 06:00:00
ALB-TRV-0003283,P0002535,,TRV,DIRECT,2023-10-02,2024-10-01,RN,N,3189.23,3189.23,VALID,VALID,,,3189.24,2024-08-27,2026-12-31 06:00:00
ALB-TRV-0003295,P0001358,303,TRV,BROKER,2023-01-15,2024-01-15,IF,N,502.65,502.65,VALID,VALID,Johnson & Hughes Insurance Services Ltd,17.19,502.65,2023-01-15,2026-12-31 06:00:00
ALB-TRV-0003299,P0002447,,TRV,DIRECT,2019-12-11,2020-12-10,EX,N,3259.94,3259.94,VALID,VALID,,,2716.6,2020-11-05,2026-12-31 06:00:00
ALB-TRV-0003300,P0000790,,TRV,BROKER,2023-05-08,2024-05-07,IF,N,1772.46,1772.46,VALID,VALID,,,1772.46,2023-05-08,2026-12-31 06:00:00
ALB-TRV-0003310,P0001877,,TRV,DIRECT,2024-07-18,2025-07-18,IF,N,2451.29,2451.29,VALID,VALID,Johnson & Murphy Insurance Services Ltd,21.31,2451.2400000000002,2025-06-13,2026-12-31 06:00:00
ALB-TRV-0003314,P0000206,336,TRV,BROKER,2018-01-07,2019-01-07,EX,N,2689.75,2689.75,VALID,VALID,,,2689.8000000000006,2018-12-03,2026-12-31 06:00:00
ALB-TRV-0003321,P0000075,162,TRV,DIRECT,2025-02-23,2026-02-23,LP,N,1640.04,1640.04,VALID,VALID,,,1640.0400000000002,2026-01-19,2026-12-31 06:00:00
ALB-TRV-0003322,P0003188,80,TRV,DIRECT,2023-07-26,2024-07-25,EX,N,4124.26,4124.26,VALID,VALID,OBrien & Patel Insurance Services Ltd,14.2,4124.26,2023-07-26,2026-12-31 06:00:00
ALB-TRV-0003325,P0002416,,TRV,DIRECT,2019-03-13,2020-03-12,EX,N,1219.28,1219.28,VALID,VALID,,,1117.71,2020-02-06,2026-12-31 06:00:00
ALB-TRV-0003329,P0003064,,TRV,DIRECT,2021-11-30,2022-11-30,IF,N,3754.62,3754.62,VALID,VALID,,,3754.560000000001,2022-10-26,2026-12-31 06:00:00
ALB-TRV-0003330,P0000812,333,TRV,DIRECT,2025-06-03,2026-06-03,EX,N,4052.93,4052.93,VALID,VALID,Taylor & Murphy Insurance Services Ltd,20.48,3377.3999999999996,2026-02-28,2026-12-31 06:00:00
ALB-TRV-0003343,P0001823,,TRV,BROKER,2020-11-20,2021-11-20,IF,N,3607.64,3607.64,VALID,VALID,,,3607.64,2020-11-20,2026-12-31 06:00:00
ALB-TRV-0003347,P0003068,,TRV,DIRECT,2025-01-23,2026-01-23,RN,N,2045.49,2045.49,VALID,VALID,,,2045.5200000000002,2025-12-19,2026-12-31 06:00:00
ALB-TRV-0003354,P0002497,263,TRV,BROKER,2025-08-12,2026-08-12,CN,N,641.77,641.77,VALID,VALID,Clarke & Wright Insurance Services Ltd,9.41,641.7600000000001,2026-07-08,2026-12-31 06:00:00
ALB-TRV-0003360,P0002992,,TRV,DIRECT,2023-01-05,2024-01-05,EX,N,2401.98,2401.98,VALID,VALID,Hall & Brown Insurance Services Ltd,13.16,2401.98,2023-01-05,2026-12-31 06:00:00
ALB-TRV-0003361,P0002026,,TRV,BROKER,2019-12-25,2020-12-24,IF,N,2637.77,2637.77,VALID,VALID,Baker & Brown Insurance Services Ltd,14.45,2637.72,2020-11-19,2026-12-31 06:00:00
ALB-TRV-0003365,P0001574,,TRV,BROKER,2018-06-10,2019-06-10,IF,N,3502.73,3502.73,VALID,VALID,,,3502.73,2018-06-10,2026-12-31 06:00:00
ALB-TRV-0003386,P0003074,480,TRV,BROKER,2018-04-04,2019-04-04,RN,N,1685.58,1685.58,VALID,VALID,,,1685.58,2018-04-04,2026-12-31 06:00:00
ALB-TRV-0003395,P0000766,214,TRV,AGGREGATOR,2020-04-28,2021-04-28,IF,N,3169.41,3169.41,VALID,VALID,,,3169.439999999999,2021-03-24,2026-12-31 06:00:00
ALB-TRV-0003400,P0000569,428,TRV,DIRECT,2020-09-18,2021-09-18,IF,N,2344.42,2344.42,VALID,VALID,Davies & Davies Insurance Services Ltd,17.73,2149.0699999999997,2021-08-14,2026-12-31 06:00:00
ALB-TRV-0003403,P0001298,,TRV,DIRECT,2024-05-28,2025-05-28,IF,N,3230.67,3230.67,VALID,VALID,Hall & Wright Insurance Services Ltd,8.65,2961.420000000001,2025-04-23,2026-12-31 06:00:00
ALB-TRV-0003415,P0000963,,TRV,BROKER,2022-01-04,2023-01-04,CN,N,2854.59,2854.59,VALID,VALID,,,2854.59,2022-01-04,2026-12-31 06:00:00
ALB-TRV-0003419,P0001920,233,TRV,DIRECT,2024-08-08,2025-08-08,IF,N,4122.18,4122.18,VALID,VALID,Johnson & Hall Insurance Services Ltd,21.38,4122.18,2024-08-08,2026-12-31 06:00:00
ALB-TRV-0003420,P0000431,452,TRV,BROKER,2023-05-26,2024-05-25,IF,N,3326.59,3326.59,VALID,VALID,Williams & Williams Insurance Services Ltd,18.19,3326.6400000000012,2024-04-20,2026-12-31 06:00:00
ALB-TRV-0003426,P0002400,53,TRV,DIRECT,2024-05-24,2025-05-24,EX,N,1973.14,1973.14,VALID,VALID,Baker & Brown Insurance Services Ltd,14.45,1973.1600000000005,2025-04-19,2026-12-31 06:00:00
ALB-TRV-0003434,P0001032,,TRV,DIRECT,2019-10-19,2020-10-18,RN,N,2399.26,2399.26,VALID,VALID,Clarke & Davies Insurance Services Ltd,10.43,2199.34,2020-09-13,2026-12-31 06:00:00
ALB-TRV-0003438,P0002429,,TRV,AGGREGATOR,2021-10-28,2022-10-28,IF,N,1500.77,1500.77,VALID,VALID,Jones & Baker Insurance Services Ltd,8.84,1500.77,2021-10-28,2026-12-31 06:00:00
ALB-TRV-0003449,P0001607,208,TRV,DIRECT,2019-02-10,2020-02-10,EX,N,1201.77,1201.77,VALID,VALID,,,1201.8,2020-01-06,2026-12-31 06:00:00
ALB-TRV-0003451,P0000260,488,TRV,BROKER,2020-04-08,2021-04-08,IF,N,1763.37,1763.37,VALID,VALID,Patel & Taylor Insurance Services Ltd,13.95,1616.4500000000003,2021-03-04,2026-12-31 06:00:00
ALB-TRV-0003477,P0000565,,TRV,BROKER,2023-04-01,2024-03-31,LP,N,2419.43,2419.43,VALID,VALID,,,2419.4399999999996,2024-02-25,2026-12-31 06:00:00
ALB-TRV-0003485,P0001124,232,TRV,AGGREGATOR,2020-01-28,2021-01-27,CN,N,2189.98,2189.98,VALID,VALID,,,2190.0,2020-12-23,2026-12-31 06:00:00
ALB-TRV-0003491,P0002788,,TRV,DIRECT,2019-01-18,2020-01-18,IF,N,770.13,770.13,VALID,VALID,Johnson & Murphy Insurance Services Ltd,17.99,770.13,2019-01-18,2026-12-31 06:00:00
ALB-TRV-0003494,P0002860,17,TRV,BROKER,2018-02-16,2019-02-16,IF,N,292.84,292.84,VALID,VALID,Wilson & OBrien Insurance Services Ltd,9.12,268.40000000000003,2018-12-13,2026-12-31 06:00:00
ALB-TRV-0003496,P0001366,152,TRV,BROKER,2024-09-19,2025-09-19,LP,N,1423.26,1423.26,VALID,VALID,,,1423.3199999999997,2025-08-15,2026-12-31 06:00:00
ALB-TRV-0003497,P0000680,486,TRV,AGGREGATOR,2021-08-05,2022-08-05,LP,N,2516.82,2516.82,VALID,VALID,Smith & Brown Insurance Services Ltd,19.81,2516.82,2021-08-05,2026-12-31 06:00:00
ALB-TRV-0003527,P0001225,429,TRV,BROKER,2023-09-03,2024-09-02,LP,N,3872.73,3872.73,VALID,VALID,,,3872.76,2024-07-29,2026-12-31 06:00:00
ALB-TRV-0003537,P0002771,144,TRV,BROKER,2019-01-31,2020-01-31,LP,N,1163.61,1163.61,VALID,VALID,,,1163.61,2019-01-31,2026-12-31 06:00:00
ALB-TRV-0003554,P0001945,,TRV,DIRECT,2024-05-05,2025-05-05,LP,N,3617.54,3617.54,VALID,VALID,Clarke & Wright Insurance Services Ltd,9.41,3014.6,2025-03-31,2026-12-31 06:00:00
ALB-TRV-0003557,P0003143,,TRV,BROKER,2021-10-25,2022-10-25,IF,N,3631.27,3631.27,VALID,VALID,Hall & Patel Insurance Services Ltd,13.7,3631.27,2021-10-25,2026-12-31 06:00:00
ALB-TRV-0003574,P0003143,,TRV,DIRECT,2021-11-25,2022-11-25,IF,N,1244.67,1244.67,VALID,VALID,Davies & Hughes Insurance Services Ltd,15.18,1244.67,2021-11-25,2026-12-31 06:00:00
ALB-TRV-0003578,P0000740,,TRV,AGGREGATOR,2019-06-15,2020-06-14,EX,N,3600.5,3600.50,VALID,VALID,Clarke & Wright Insurance Services Ltd,9.41,3600.5,2019-06-15,2026-12-31 06:00:00
ALB-TRV-0003588,P0003122,154,TRV,BROKER,2024-08-06,2025-08-06,IF,N,3644.61,3644.61,VALID,VALID,Hall & Brown Insurance Services Ltd,13.16,3644.6400000000012,2025-07-02,2026-12-31 06:00:00
ALB-TRV-0003589,P0002243,,TRV,DIRECT,2025-01-06,2026-01-06,LP,N,2204.35,2204.35,VALID,VALID,Wilson & Wright Insurance Services Ltd,17.86,2204.4,2025-12-02,2026-12-31 06:00:00
ALB-TRV-0003595,P0001025,474,TRV,DIRECT,2026-03-13,2027-03-13,IF,N,1692.52,1269.39,VALID,VALID,,,1692.52,2026-03-13,2026-12-31 06:00:00
ALB-TRV-0003604,P0002802,126,TRV,BROKER,2019-06-02,2020-06-01,EX,N,1913.37,1913.37,VALID,VALID,Baker & Clarke Insurance Services Ltd,20.14,1913.37,2019-06-02,2026-12-31 06:00:00
ALB-TRV-0003607,P0001151,,TRV,DIRECT,2021-02-26,2022-02-26,IF,N,3827.44,3827.44,VALID,VALID,,,3827.399999999999,2022-01-22,2026-12-31 06:00:00
ALB-TRV-0003610,P0001230,381,TRV,BROKER,2019-04-02,2020-04-01,IF,N,3721.47,3721.47,VALID,VALID,Baker & Wright Insurance Services Ltd,22.1,3411.3199999999993,2020-01-27,2026-12-31 06:00:00
ALB-TRV-0003615,P0001309,430,TRV,DIRECT,2020-08-29,2021-08-29,IF,N,2071.5,2071.50,VALID,VALID,Wilson & Wright Insurance Services Ltd,7.87,1898.8199999999997,2021-07-25,2026-12-31 06:00:00
ALB-TRV-0003619,P0000488,451,TRV,DIRECT,2023-11-24,2024-11-23,IF,N,2613.36,2613.36,VALID,VALID,,,2395.5800000000004,2024-10-19,2026-12-31 06:00:00
ALB-TRV-0003632,P0000155,84,TRV,BROKER,2021-06-27,2022-06-27,RN,N,3457.78,3457.78,VALID,VALID,Smith & Brown Insurance Services Ltd,19.81,3169.6500000000005,2022-05-23,2026-12-31 06:00:00
ALB-TRV-0003633,P0002644,,TRV,AGGREGATOR,2025-06-15,2026-06-15,IF,N,3001.24,3001.24,VALID,VALID,,,3001.1999999999994,2026-05-11,2026-12-31 06:00:00
ALB-TRV-0003637,P0000035,217,TRV,BROKER,2026-08-07,2027-08-07,LP,N,1186.75,395.58,VALID,VALID,,,1186.8,2027-07-03,2026-12-31 06:00:00
ALB-TRV-0003645,P0000190,162,TRV,BROKER,2024-09-08,2025-09-08,IF,N,2967.25,2967.25,VALID,VALID,Baker & Hughes Insurance Services Ltd,13.91,2967.2400000000002,2025-08-04,2026-12-31 06:00:00
ALB-TRV-0003660,P0002625,354,TRV,AGGREGATOR,2020-06-01,2021-06-01,IF,N,1826.29,1826.29,VALID,VALID,Green & Patel Insurance Services Ltd,10.9,1826.29,2020-06-01,2026-12-31 06:00:00
ALB-TRV-0003663,P0000194,,TRV,DIRECT,2024-01-16,2025-01-15,EX,N,2590.52,2590.52,VALID,VALID,Davies & Green Insurance Services Ltd,7.72,2590.560000000001,2024-12-11,2026-12-31 06:00:00
ALB-TRV-0003667,P0000175,410,TRV,BROKER,2021-06-08,2022-06-08,IF,N,4174.81,4174.81,VALID,VALID,,,4174.81,2021-06-08,2026-12-31 06:00:00
ALB-TRV-0003674,P0002451,323,TRV,AGGREGATOR,2026-09-13,2027-09-13,IF,N,2327.48,581.87,VALID,VALID,Davies & Green Insurance Services Ltd,7.72,2327.48,2026-09-13,2026-12-31 06:00:00
ALB-TRV-0003679,P0002027,466,TRV,BROKER,2019-12-03,2020-12-02,EX,N,3133.91,3133.91,INVALID,VALID,Clarke & Wright Insurance Services Ltd,11.72,3133.91,2019-12-03,2026-12-31 06:00:00
ALB-TRV-0003690,P0000264,,TRV,BROKER,2026-06-07,2027-06-07,IF,N,2696.65,1348.33,VALID,VALID,,,2696.65,2026-06-07,2026-12-31 06:00:00
ALB-TRV-0003697,P0003034,,TRV,DIRECT,2018-07-16,2019-07-16,IF,N,588.37,588.37,VALID,VALID,Wilson & OBrien Insurance Services Ltd,9.12,539.3299999999999,2019-06-11,2026-12-31 06:00:00
ALB-TRV-0003700,P0002068,101,TRV,DIRECT,2026-01-31,2027-01-31,IF,N,1686.75,1546.19,VALID,VALID,,,1686.75,2026-01-31,2026-12-31 06:00:00
ALB-TRV-0003704,P0002983,367,TRV,BROKER,2021-07-18,2022-07-18,LP,N,3408.42,3408.42,VALID,VALID,,,3408.42,2021-07-18,2026-12-31 06:00:00
ALB-TRV-0003708,P0001602,,TRV,DIRECT,2018-12-21,2019-12-21,IF,N,1463.02,1463.02,VALID,VALID,,,1463.0400000000002,2019-11-16,2026-12-31 06:00:00
ALB-TRV-0003709,P0003002,27,TRV,BROKER,2020-01-15,2021-01-14,IF,N,2146.17,2146.17,VALID,VALID,,,2146.1999999999994,2020-12-10,2026-12-31 06:00:00
ALB-TRV-0003720,P0002565,23,TRV,BROKER,2022-04-12,2023-04-12,RN,N,1336.83,1336.83,VALID,VALID,Williams & Baker Insurance Services Ltd,16.38,1336.8000000000002,2023-03-08,2026-12-31 06:00:00
ALB-TRV-0003733,P0000269,196,TRV,BROKER,2020-12-08,2021-12-08,IF,N,2658.9,2658.90,VALID,VALID,,,2658.9,2020-12-08,2026-12-31 06:00:00
ALB-TRV-0003734,P0001805,,TRV,BROKER,2023-01-22,2024-01-22,LP,N,2403.27,2403.27,VALID,VALID,,,2403.2400000000002,2023-12-18,2026-12-31 06:00:00
ALB-TRV-0003735,P0003048,440,TRV,BROKER,2023-01-29,2024-01-29,EX,N,1004.41,1004.41,VALID,VALID,Williams & Hall Insurance Services Ltd,14.19,1004.4000000000002,2023-12-25,2026-12-31 06:00:00
ALB-TRV-0003747,P0002070,332,TRV,BROKER,2025-12-27,2026-12-27,IF,Y,3986.27,3986.27,VALID,VALID,,,3986.28,2026-11-22,2026-12-31 06:00:00
ALB-TRV-0003758,P0002887,101,TRV,BROKER,2026-07-06,2027-07-06,RN,N,1794.93,747.89,VALID,VALID,Williams & Hall Insurance Services Ltd,14.19,1794.9599999999998,2027-06-01,2026-12-31 06:00:00
ALB-TRV-0003760,P0001556,97,TRV,AGGREGATOR,2023-04-10,2024-04-09,RN,N,479.16,479.16,VALID,VALID,,,479.16,2024-03-05,2026-12-31 06:00:00
ALB-TRV-0003763,P0000344,23,TRV,DIRECT,2024-11-16,2025-11-16,IF,N,2365.59,2365.59,VALID,VALID,Smith & Davies Insurance Services Ltd,14.16,,,2026-12-31 06:00:00
ALB-TRV-0003764,P0001755,320,TRV,BROKER,2023-03-31,2024-03-30,CN,N,3995.85,3995.85,VALID,VALID,Hall & Murphy Insurance Services Ltd,10.45,3995.879999999999,2024-02-24,2026-12-31 06:00:00
ALB-TRV-0003771,P0000976,179,TRV,BROKER,2022-01-31,2023-01-31,RN,N,1313.45,1313.45,VALID,VALID,Hall & Patel Insurance Services Ltd,13.7,1313.45,2022-01-31,2026-12-31 06:00:00
ALB-TRV-0003784,P0002423,436,TRV,BROKER,2022-02-26,2023-02-26,IF,N,2736.04,2736.04,VALID,VALID,Robinson & Brown Insurance Services Ltd,15.85,2736.0,2023-01-22,2026-12-31 06:00:00
ALB-TRV-0003788,P0002513,85,TRV,BROKER,2024-03-03,2025-03-03,IF,N,1835.47,1835.47,VALID,VALID,Hall & Khan Insurance Services Ltd,14.81,1682.5600000000002,2025-01-27,2026-12-31 06:00:00
ALB-TRV-0003790,P0001886,237,TRV,BROKER,2023-07-04,2024-07-03,RN,N,1411.51,1411.51,VALID,VALID,,,1411.51,2023-07-04,2026-12-31 06:00:00
ALB-TRV-0003795,P0000987,,TRV,BROKER,2022-08-09,2023-08-09,CN,N,2432.36,2432.36,VALID,VALID,,,2229.7000000000003,2023-07-05,2026-12-31 06:00:00
ALB-TRV-0003798,P0001429,,TRV,AGGREGATOR,2018-03-07,2019-03-07,RN,N,1631.34,1631.34,VALID,VALID,Williams & Hall Insurance Services Ltd,14.19,1631.2800000000004,2019-01-31,2026-12-31 06:00:00
ALB-TRV-0003799,P0001651,142,TRV,DIRECT,2020-01-25,2021-01-24,IF,N,193.66,193.66,VALID,VALID,Brown & Davies Insurance Services Ltd,14.49,193.66,2020-01-25,2026-12-31 06:00:00
ALB-TRV-0003805,P0001060,11,TRV,BROKER,2023-06-30,2024-06-29,CN,N,3958.19,3958.19,INVALID,VALID,Smith & Clarke Insurance Services Ltd,17.33,3958.1999999999994,2024-05-25,2026-12-31 06:00:00
ALB-TRV-0003806,P0001866,119,TRV,BROKER,2022-09-08,2023-09-08,IF,N,2016.5,2016.50,VALID,VALID,Davies & Hughes Insurance Services Ltd,15.18,2016.5,2022-09-08,2026-12-31 06:00:00
ALB-TRV-0003808,P0000319,474,TRV,BROKER,2019-07-09,2020-07-08,IF,N,1374.39,1374.39,VALID,VALID,,,1145.3,2020-06-03,2026-12-31 06:00:00
ALB-TRV-0003809,P0000934,468,TRV,AGGREGATOR,2019-06-08,2020-06-07,EX,N,1399.04,1399.04,VALID,VALID,Wilson & OBrien Insurance Services Ltd,9.12,1399.04,2019-06-08,2026-12-31 06:00:00
ALB-TRV-0003810,P0002403,285,TRV,BROKER,2025-09-09,2026-09-09,LP,N,259.28,259.28,VALID,VALID,,,259.28,2025-09-09,2026-12-31 06:00:00
ALB-TRV-0003819,P0001685,,TRV,AGGREGATOR,2023-04-02,2024-04-01,IF,N,2606.0,2606.00,VALID,VALID,Green & Jones Insurance Services Ltd,21.44,2606.0400000000004,2024-02-26,2026-12-31 06:00:00
ALB-TRV-0003821,P0002327,,TRV,BROKER,2018-04-13,2019-04-13,RN,N,2522.32,2522.32,VALID,VALID,Smith & Clarke Insurance Services Ltd,17.33,2312.09,2019-03-09,2026-12-31 06:00:00
ALB-TRV-0003828,P0002233,,TRV,DIRECT,2021-08-01,2022-08-01,LP,N,2274.76,2274.76,VALID,VALID,Hall & Murphy Insurance Services Ltd,10.45,2274.72,2022-06-27,2026-12-31 06:00:00
ALB-TRV-0003831,P0000358,322,TRV,BROKER,2018-08-02,2019-08-02,IF,N,444.46,444.46,VALID,VALID,,,407.44000000000005,2019-05-29,2026-12-31 06:00:00
ALB-TRV-0003836,P0002292,377,TRV,DIRECT,2026-12-18,2027-12-18,IF,Y,2301.63,0.00,VALID,VALID,,,1917.9999999999998,2027-11-13,2026-12-31 06:00:00
ALB-TRV-0003854,P0002228,,TRV,BROKER,2024-08-17,2025-08-17,EX,N,1683.77,1683.77,VALID,VALID,Walker & Wright Insurance Services Ltd,10.74,1683.77,2024-08-17,2026-12-31 06:00:00
ALB-TRV-0003860,P0001042,370,TRV,AGGREGATOR,2018-06-26,2019-06-26,IF,N,3626.77,3626.77,VALID,VALID,Williams & Baker Insurance Services Ltd,16.38,3626.76,2019-05-22,2026-12-31 06:00:00
ALB-TRV-0003866,P0002393,137,TRV,BROKER,2024-05-12,2025-05-12,RN,N,3370.38,3370.38,VALID,VALID,Davies & Green Insurance Services Ltd,7.72,3370.38,2024-05-12,2026-12-31 06:00:00
ALB-TRV-0003868,P0002577,266,TRV,BROKER,2023-07-05,2024-07-04,IF,N,2604.31,2604.31,VALID,VALID,Davies & Taylor Insurance Services Ltd,14.09,2604.3600000000006,2024-05-30,2026-12-31 06:00:00
ALB-TRV-0003876,P0001018,6,TRV,DIRECT,2020-10-14,2021-10-14,IF,N,1218.39,1218.39,VALID,VALID,Hall & Murphy Insurance Services Ltd,10.45,1116.83,2021-09-09,2026-12-31 06:00:00
ALB-TRV-0003877,P0001352,,TRV,DIRECT,2018-12-21,2019-12-21,IF,N,1886.41,1886.41,VALID,VALID,Wilson & Johnson Insurance Services Ltd,21.61,1729.2000000000003,2019-11-16,2026-12-31 06:00:00
ALB-TRV-0003879,P0001136,,TRV,BROKER,2019-03-19,2020-03-18,IF,N,1466.02,1466.02,VALID,VALID,Baker & Hughes Insurance Services Ltd,12.55,1466.0400000000002,2020-02-12,2026-12-31 06:00:00
ALB-TRV-0003883,P0000159,,TRV,BROKER,2025-05-03,2026-05-03,IF,N,2272.28,2272.28,VALID,VALID,Johnson & Hughes Insurance Services Ltd,17.19,2082.9600000000005,2026-03-29,2026-12-31 06:00:00
ALB-TRV-0003884,P0001104,,TRV,BROKER,2020-06-30,2021-06-30,IF,N,2314.07,2314.07,VALID,VALID,Walker & Wright Insurance Services Ltd,10.74,2314.08,2021-05-26,2026-12-31 06:00:00
ALB-TRV-0003885,P0000358,322,TRV,BROKER,2025-08-10,2026-08-10,CN,N,2398.45,2398.45,VALID,VALID,Taylor & Johnson Insurance Services Ltd,17.25,2398.4399999999996,2026-07-06,2026-12-31 06:00:00
ALB-TRV-0003888,P0001386,,TRV,BROKER,2023-04-15,2024-04-14,RN,N,1799.3,1799.30,VALID,VALID,OBrien & Patel Insurance Services Ltd,14.2,1799.3,2023-04-15,2026-12-31 06:00:00
ALB-TRV-0003890,P0003051,259,TRV,DIRECT,2023-01-17,2024-01-17,IF,N,2984.94,2984.94,VALID,VALID,,,2985.0,2023-12-13,2026-12-31 06:00:00
ALB-TRV-0003908,P0002178,104,TRV,BROKER,2020-03-26,2021-03-26,EX,N,2566.62,2566.62,VALID,VALID,Patel & Wilson Insurance Services Ltd,12.84,2566.560000000001,2021-02-19,2026-12-31 06:00:00
ALB-TRV-0003910,P0001745,,TRV,DIRECT,2021-10-29,2022-10-29,IF,N,1090.63,1090.63,VALID,VALID,,,,,2026-12-31 06:00:00
ALB-TRV-0003912,P0001613,216,TRV,DIRECT,2025-01-22,2026-01-22,RN,N,3627.74,3627.74,VALID,VALID,Davies & Wright Insurance Services Ltd,13.6,3325.41,2025-12-18,2026-12-31 06:00:00
ALB-TRV-0003927,P0000696,429,TRV,DIRECT,2023-10-07,2024-10-06,IF,N,3034.36,3034.36,VALID,VALID,Baker & Hughes Insurance Services Ltd,12.55,3034.36,2023-10-07,2026-12-31 06:00:00
ALB-TRV-0003934,P0002173,,TRV,BROKER,2023-10-13,2024-10-12,IF,N,2135.98,2135.98,VALID,VALID,Hall & Baker Insurance Services Ltd,14.43,2135.98,2023-10-13,2026-12-31 06:00:00
ALB-TRV-0003935,P0002240,117,TRV,BROKER,2019-01-06,2020-01-06,RN,N,2326.09,2326.09,VALID,VALID,,,2326.08,2019-12-02,2026-12-31 06:00:00
ALB-TRV-0003941,P0002092,,TRV,BROKER,2019-08-11,2020-08-10,CN,N,4047.93,4047.93,VALID,VALID,,,3710.6299999999997,2020-07-06,2026-12-31 06:00:00
ALB-TRV-0003949,P0001865,176,TRV,BROKER,2026-08-24,2027-08-24,IF,N,3620.63,1206.88,VALID,VALID,Davies & Taylor Insurance Services Ltd,14.09,3620.63,2026-08-24,2026-12-31 06:00:00
ALB-TRV-0003950,P0002648,,TRV,DIRECT,2023-10-03,2024-10-02,IF,N,1106.87,1106.87,VALID,VALID,Johnson & Hall Insurance Services Ltd,21.38,1106.87,2023-10-03,2026-12-31 06:00:00
ALB-TRV-0003954,P0002486,180,TRV,AGGREGATOR,2025-03-29,2026-03-29,IF,N,1205.18,1205.18,VALID,VALID,Baker & Clarke Insurance Services Ltd,20.14,1205.1600000000003,2026-02-22,2026-12-31 06:00:00
ALB-TRV-0003955,P0001691,392,TRV,BROKER,2025-09-07,2026-09-07,IF,N,3927.4,3927.40,VALID,VALID,Williams & Baker Insurance Services Ltd,16.38,3600.079999999999,2026-08-03,2026-12-31 06:00:00
ALB-TRV-0003966,P0001374,,TRV,DIRECT,2026-09-16,2027-09-16,EX,N,2402.33,600.58,VALID,VALID,Hall & Hall Insurance Services Ltd,9.1,2402.33,2026-09-16,2026-12-31 06:00:00
ALB-TRV-0003969,P0002981,,TRV,BROKER,2020-12-08,2021-12-08,LP,N,1537.65,1537.65,VALID,VALID,,,1537.6799999999994,2021-11-03,2026-12-31 06:00:00
ALB-TRV-0003976,P0002301,200,TRV,BROKER,2023-05-11,2024-05-10,RN,N,3038.73,3038.73,VALID,VALID,,,3038.73,2023-05-11,2026-12-31 06:00:00
ALB-TRV-0003983,P0002015,98,TRV,AGGREGATOR,2023-07-13,2024-07-12,IF,N,787.49,787.49,VALID,VALID,,,721.82,2024-06-07,2026-12-31 06:00:00
ALB-TRV-0003986,P0002645,,TRV,BROKER,2022-06-11,2023-06-11,IF,N,3247.88,3247.88,VALID,VALID,Khan & Davies Insurance Services Ltd,12.18,2706.6,2023-05-07,2026-12-31 06:00:00
ALB-TRV-0003992,P0001160,472,TRV,DIRECT,2020-07-25,2021-07-25,LP,N,1039.1,1039.10,VALID,VALID,Wilson & Wright Insurance Services Ltd,7.87,1039.1,2020-07-25,2026-12-31 06:00:00
ALB-TRV-0003993,P0000290,432,TRV,AGGREGATOR,2019-08-30,2020-08-29,LP,N,1136.22,1136.22,VALID,VALID,Baker & Hughes Insurance Services Ltd,13.91,1041.5900000000001,2020-06-25,2026-12-31 06:00:00
ALB-TRV-0003996,P0000312,55,TRV,AGGREGATOR,2023-08-02,2024-08-01,EX,N,3937.46,3937.46,VALID,VALID,,,3937.46,2023-08-02,2026-12-31 06:00:00
ALB-TRV-0003999,P0000514,256,TRV,BROKER,2022-09-23,2023-09-23,IF,N,1537.33,1537.33,VALID,VALID,Williams & Williams Insurance Services Ltd,18.19,1409.2100000000005,2023-07-20,2026-12-31 06:00:00
ALB-TRV-0004002,P0001401,462,TRV,BROKER,2024-12-23,2025-12-23,IF,N,2184.14,2184.14,INVALID,VALID,Williams & Hall Insurance Services Ltd,14.19,1820.1,2025-11-18,2026-12-31 06:00:00
ALB-TRV-0004006,P0001515,,TRV,AGGREGATOR,2025-06-22,2026-06-22,IF,N,1056.49,1056.49,VALID,VALID,Williams & Baker Insurance Services Ltd,16.38,1056.4799999999998,2026-05-18,2026-12-31 06:00:00
ALB-TRV-0004019,P0000861,130,TRV,AGGREGATOR,2019-01-09,2020-01-09,EX,N,483.19,483.19,VALID,VALID,,,483.19,2019-01-09,2026-12-31 06:00:00
ALB-TRV-0004020,P0002848,,TRV,AGGREGATOR,2022-10-18,2023-10-18,IF,N,1450.54,1450.54,VALID,VALID,Smith & Walker Insurance Services Ltd,18.79,1450.5600000000004,2023-09-13,2026-12-31 06:00:00
ALB-TRV-0004034,P0002576,,TRV,DIRECT,2025-01-14,2026-01-14,IF,N,1085.67,1085.67,VALID,VALID,Walker & OBrien Insurance Services Ltd,10.5,995.1700000000002,2025-12-10,2026-12-31 06:00:00
ALB-TRV-0004042,P0001623,,TRV,BROKER,2020-06-02,2021-06-02,EX,N,682.78,682.78,VALID,VALID,Taylor & Murphy Insurance Services Ltd,20.48,682.78,2020-06-02,2026-12-31 06:00:00
ALB-TRV-0004046,P0000320,,TRV,DIRECT,2023-07-21,2024-07-20,IF,N,3748.68,3748.68,VALID,VALID,,,3748.679999999999,2024-06-15,2026-12-31 06:00:00
ALB-TRV-0004047,P0001621,,TRV,BROKER,2022-11-07,2023-11-07,IF,N,1414.76,1414.76,VALID,VALID,Murphy & Johnson Insurance Services Ltd,12.64,1414.76,2022-11-07,2026-12-31 06:00:00
ALB-TRV-0004050,P0003034,,TRV,DIRECT,2023-05-23,2024-05-22,IF,N,945.32,945.32,VALID,VALID,,,945.32,2023-05-23,2026-12-31 06:00:00
ALB-TRV-0004062,P0001571,479,TRV,AGGREGATOR,2026-11-11,2027-11-11,IF,Y,1944.75,162.06,VALID,VALID,Clarke & Wright Insurance Services Ltd,9.41,1944.7199999999996,2027-10-07,2026-12-31 06:00:00
ALB-TRV-0004064,P0002610,,TRV,AGGREGATOR,2024-08-19,2025-08-19,IF,N,1008.11,1008.11,VALID,VALID,,,840.1,2025-05-16,2026-12-31 06:00:00
ALB-TRV-0004069,P0001650,,TRV,DIRECT,2022-08-20,2023-08-20,IF,N,3210.22,3210.22,INVALID,VALID,Khan & Smith Insurance Services Ltd,17.81,2942.72,2023-07-16,2026-12-31 06:00:00
ALB-TRV-0004072,P0002746,,TRV,BROKER,2023-03-11,2024-03-10,EX,N,2793.78,2793.78,VALID,VALID,Baker & Wright Insurance Services Ltd,22.1,2561.02,2024-02-04,2026-12-31 06:00:00
ALB-TRV-0004073,P0000691,32,TRV,BROKER,2023-04-08,2024-04-07,CN,N,1582.21,1582.21,VALID,VALID,,,1582.21,2023-04-08,2026-12-31 06:00:00
ALB-TRV-0004083,P0001930,333,TRV,BROKER,2019-04-18,2020-04-17,RN,N,411.75,411.75,VALID,VALID,Williams & Williams Insurance Services Ltd,18.19,411.72,2020-03-13,2026-12-31 06:00:00
ALB-TRV-0004086,P0001766,444,TRV,DIRECT,2020-09-01,2021-09-01,IF,N,2713.25,2713.25,VALID,VALID,Williams & Baker Insurance Services Ltd,16.38,2713.1999999999994,2021-07-28,2026-12-31 06:00:00
ALB-TRV-0004091,P0001363,,TRV,AGGREGATOR,2023-06-23,2024-06-22,EX,N,533.08,533.08,VALID,VALID,,,533.08,2023-06-23,2026-12-31 06:00:00
ALB-TRV-0004093,P0002401,,TRV,BROKER,2018-09-28,2019-09-28,RN,N,289.11,289.11,VALID,VALID,,,289.11,2018-09-28,2026-12-31 06:00:00
ALB-TRV-0004117,P0000283,59,TRV,BROKER,2019-02-05,2020-02-05,LP,N,633.06,633.06,INVALID,VALID,,,633.06,2019-02-05,2026-12-31 06:00:00
ALB-TRV-0004137,P0000666,264,TRV,DIRECT,2020-01-06,2021-01-05,IF,N,3258.19,3258.19,VALID,VALID,Taylor & Murphy Insurance Services Ltd,20.48,2986.72,2020-12-01,2026-12-31 06:00:00
ALB-TRV-0004139,P0002929,,TRV,DIRECT,2019-12-05,2020-12-04,IF,N,798.93,798.93,VALID,VALID,,,798.9600000000002,2020-10-30,2026-12-31 06:00:00
ALB-TRV-0004140,P0002454,,TRV,BROKER,2025-02-03,2026-02-03,RN,N,2620.56,2620.56,VALID,VALID,Baker & Wright Insurance Services Ltd,22.1,2620.56,2025-02-03,2026-12-31 06:00:00
ALB-TRV-0004148,P0001228,300,TRV,DIRECT,2019-06-19,2020-06-18,EX,N,3148.19,3148.19,VALID,VALID,OBrien & Green Insurance Services Ltd,17.85,3148.19,2019-06-19,2026-12-31 06:00:00
ALB-TRV-0004154,P0003064,,TRV,BROKER,2022-06-12,2023-06-12,IF,N,1959.4,1959.40,VALID,VALID,Green & Murphy Insurance Services Ltd,11.43,1959.36,2023-05-08,2026-12-31 06:00:00
ALB-TRV-0004158,P0001285,,TRV,AGGREGATOR,2021-04-02,2022-04-02,IF,N,2150.56,2150.56,VALID,VALID,Clarke & Wright Insurance Services Ltd,9.41,2150.56,2021-04-02,2026-12-31 06:00:00
ALB-TRV-0004169,P0001222,,TRV,BROKER,2018-02-08,2019-02-08,IF,N,3095.0,3095.00,VALID,VALID,,,3095.0400000000004,2019-01-04,2026-12-31 06:00:00
ALB-TRV-0004177,P0000237,387,TRV,BROKER,2022-05-10,2023-05-10,IF,N,1183.56,1183.56,VALID,VALID,,,1183.56,2023-04-05,2026-12-31 06:00:00
ALB-TRV-0004182,P0001810,,TRV,BROKER,2023-03-04,2024-03-03,RN,N,4026.52,4026.52,VALID,VALID,,,4026.48,2024-01-28,2026-12-31 06:00:00
ALB-TRV-0004188,P0003170,415,TRV,BROKER,2022-03-26,2023-03-26,RN,N,1380.23,1380.23,INVALID,VALID,Johnson & Hughes Insurance Services Ltd,17.19,1265.22,2023-02-19,2026-12-31 06:00:00
ALB-TRV-0004196,P0002094,,TRV,BROKER,2026-08-10,2027-08-10,RN,N,520.41,173.47,VALID,VALID,Wilson & OBrien Insurance Services Ltd,9.12,520.4399999999999,2027-07-06,2026-12-31 06:00:00
ALB-TRV-0004201,P0002106,,TRV,DIRECT,2022-08-25,2023-08-25,RN,N,423.99,423.99,VALID,VALID,Hall & Khan Insurance Services Ltd,14.81,388.6299999999999,2023-07-21,2026-12-31 06:00:00
ALB-TRV-0004204,P0001803,356,TRV,BROKER,2026-08-25,2027-08-25,IF,Y,3696.09,1232.03,VALID,VALID,Taylor & Walker Insurance Services Ltd,13.94,2772.09,2027-07-21,2026-12-31 06:00:00
ALB-TRV-0004208,P0001654,275,TRV,BROKER,2026-04-12,2027-04-12,IF,Y,477.22,318.15,VALID,VALID,Jones & Robinson Insurance Services Ltd,21.97,477.23999999999995,2027-03-08,2026-12-31 06:00:00
ALB-TRV-0004212,P0002765,295,TRV,DIRECT,2026-11-24,2027-11-24,IF,Y,1164.63,97.05,VALID,VALID,Johnson & Hughes Insurance Services Ltd,17.19,1067.5499999999997,2027-10-20,2026-12-31 06:00:00
ALB-TRV-0004226,P0002865,,TRV,AGGREGATOR,2025-06-11,2026-06-11,RN,N,923.62,923.62,VALID,VALID,Patel & Clarke Insurance Services Ltd,9.04,923.62,2025-06-11,2026-12-31 06:00:00
ALB-TRV-0004229,P0000357,44,TRV,BROKER,2018-08-18,2019-08-18,EX,N,2171.04,2171.04,VALID,VALID,Williams & Hall Insurance Services Ltd,14.19,2171.0400000000004,2019-07-14,2026-12-31 06:00:00
ALB-TRV-0004230,P0002789,,TRV,BROKER,2024-05-31,2025-05-31,IF,N,3782.6,3782.60,VALID,VALID,,,3782.6400000000012,2025-04-26,2026-12-31 06:00:00
ALB-TRV-0004237,P0001821,,TRV,DIRECT,2025-06-15,2026-06-15,IF,N,1148.16,1148.16,VALID,VALID,Hughes & Wright Insurance Services Ltd,8.65,1148.16,2025-06-15,2026-12-31 06:00:00
ALB-TRV-0004242,P0002069,,TRV,DIRECT,2024-09-12,2025-09-12,RN,N,3832.06,3832.06,VALID,VALID,Johnson & Hughes Insurance Services Ltd,17.19,3193.4,2025-08-08,2026-12-31 06:00:00
ALB-TRV-0004246,P0001659,321,TRV,BROKER,2026-12-12,2027-12-12,EX,N,2670.53,0.00,VALID,VALID,,,2447.94,2027-11-07,2026-12-31 06:00:00
ALB-TRV-0004255,P0000717,86,TRV,BROKER,2021-03-12,2022-03-12,IF,N,2636.43,2636.43,INVALID,VALID,Baker & Clarke Insurance Services Ltd,20.14,2636.43,2021-03-12,2026-12-31 06:00:00
ALB-TRV-0004260,P0001715,144,TRV,DIRECT,2020-10-25,2021-10-25,IF,N,491.95,491.95,VALID,VALID,,,,,2026-12-31 06:00:00
ALB-TRV-0004263,P0002651,65,TRV,BROKER,2020-01-15,2021-01-14,IF,N,2696.45,2696.45,VALID,VALID,,,2696.45,2020-01-15,2026-12-31 06:00:00
ALB-TRV-0004264,P0002308,,TRV,AGGREGATOR,2019-11-01,2020-10-31,CN,N,1922.52,1922.52,VALID,VALID,,,1922.5200000000002,2020-09-26,2026-12-31 06:00:00
ALB-TRV-0004266,P0000154,327,TRV,BROKER,2022-10-10,2023-10-10,IF,N,3824.74,3824.74,VALID,VALID,,,3187.3,2023-09-05,2026-12-31 06:00:00
ALB-TRV-0004267,P0003082,,TRV,AGGREGATOR,2021-07-31,2022-07-31,EX,N,1606.92,1606.92,VALID,VALID,,,1473.0100000000002,2022-05-27,2026-12-31 06:00:00
ALB-TRV-0004271,P0000171,88,TRV,AGGREGATOR,2024-09-11,2025-09-11,EX,N,3711.59,3711.59,VALID,VALID,Clarke & Davies Insurance Services Ltd,10.43,3711.59,2024-09-11,2026-12-31 06:00:00
ALB-TRV-0004276,P0002093,160,TRV,BROKER,2024-06-27,2025-06-27,IF,N,1522.42,1522.42,VALID,VALID,Davies & Davies Insurance Services Ltd,17.73,,,2026-12-31 06:00:00
ALB-TRV-0004281,P0000889,416,TRV,BROKER,2024-03-04,2025-03-04,EX,N,2594.19,2594.19,VALID,VALID,,,2594.19,2024-03-04,2026-12-31 06:00:00
ALB-TRV-0004283,P0000072,446,TRV,BROKER,2023-04-13,2024-04-12,RN,N,1234.74,1234.74,VALID,VALID,Baker & Clarke Insurance Services Ltd,20.14,1234.6800000000003,2024-03-08,2026-12-31 06:00:00
ALB-TRV-0004291,P0000038,17,TRV,BROKER,2021-04-15,2022-04-15,IF,N,1119.81,1119.81,VALID,VALID,Khan & Smith Insurance Services Ltd,17.81,1119.81,2021-04-15,2026-12-31 06:00:00
ALB-TRV-0004301,P0002297,,TRV,BROKER,2023-12-07,2024-12-06,RN,N,1463.9,1463.90,VALID,VALID,OBrien & Patel Insurance Services Ltd,14.2,1341.8899999999999,2024-11-01,2026-12-31 06:00:00
ALB-TRV-0004303,P0001415,,TRV,AGGREGATOR,2022-02-19,2023-02-19,IF,N,3985.93,3985.93,VALID,VALID,,,3985.93,2022-02-19,2026-12-31 06:00:00
ALB-TRV-0004305,P0000619,278,TRV,BROKER,2018-12-13,2019-12-13,RN,N,693.56,693.56,VALID,VALID,,,635.8,2019-10-09,2026-12-31 06:00:00
ALB-TRV-0004310,P0000355,368,TRV,AGGREGATOR,2020-12-28,2021-12-28,IF,N,3648.84,3648.84,VALID,VALID,Johnson & Murphy Insurance Services Ltd,21.31,3648.8400000000006,2021-11-23,2026-12-31 06:00:00
ALB-TRV-0004315,P0002094,,TRV,BROKER,2025-11-02,2026-11-02,RN,N,197.68,197.68,VALID,VALID,Davies & Hughes Insurance Services Ltd,15.18,197.68,2025-11-02,2026-12-31 06:00:00
ALB-TRV-0004322,P0002610,,TRV,DIRECT,2023-02-18,2024-02-18,RN,N,2902.82,2902.82,VALID,VALID,Davies & Brown Insurance Services Ltd,22.12,2902.8000000000006,2024-01-14,2026-12-31 06:00:00
ALB-TRV-0004330,P0001983,48,TRV,DIRECT,2019-09-24,2020-09-23,RN,N,570.77,570.77,VALID,VALID,,,523.1600000000001,2020-08-19,2026-12-31 06:00:00
ALB-TRV-0004336,P0001980,172,TRV,DIRECT,2023-08-05,2024-08-04,EX,N,3120.83,3120.83,INVALID,VALID,Smith & Brown Insurance Services Ltd,19.81,3120.8400000000006,2024-06-30,2026-12-31 06:00:00
ALB-TRV-0004340,P0000876,321,TRV,BROKER,2019-03-18,2020-03-17,IF,N,1074.26,1074.26,VALID,VALID,Baker & Wright Insurance Services Ltd,22.1,984.7199999999999,2020-02-11,2026-12-31 06:00:00
ALB-TRV-0004351,P0001145,,TRV,DIRECT,2019-03-10,2020-03-09,EX,N,1281.85,1281.85,VALID,VALID,Taylor & Johnson Insurance Services Ltd,17.25,1281.85,2019-03-10,2026-12-31 06:00:00
ALB-TRV-0004352,P0002018,434,TRV,DIRECT,2022-11-07,2023-11-07,IF,N,3486.82,3486.82,VALID,VALID,Smith & Clarke Insurance Services Ltd,17.33,3486.82,2022-11-07,2026-12-31 06:00:00
ALB-TRV-0004354,P0000035,217,TRV,BROKER,2022-01-12,2023-01-12,RN,N,200.9,200.90,VALID,VALID,Wilson & Johnson Insurance Services Ltd,21.61,200.88000000000002,2022-12-08,2026-12-31 06:00:00
ALB-TRV-0004371,P0000256,,TRV,DIRECT,2019-04-24,2020-04-23,EX,N,2431.56,2431.56,VALID,VALID,Clarke & Wright Insurance Services Ltd,11.72,2431.5600000000004,2020-03-19,2026-12-31 06:00:00
ALB-TRV-0004380,P0001541,,TRV,BROKER,2026-09-26,2027-09-26,CN,N,463.2,115.80,VALID,VALID,Johnson & Murphy Insurance Services Ltd,21.31,463.2,2026-09-26,2026-12-31 06:00:00
ALB-TRV-0004382,P0002844,,TRV,BROKER,2018-03-24,2019-03-24,EX,N,2323.11,2323.11,VALID,VALID,,,2323.11,2018-03-24,2026-12-31 06:00:00
ALB-TRV-0004428,P0000100,384,TRV,DIRECT,2019-09-08,2020-09-07,EX,N,826.84,826.84,VALID,VALID,,,826.84,2019-09-08,2026-12-31 06:00:00
ALB-TRV-0004434,P0002523,,TRV,DIRECT,2019-10-21,2020-10-20,RN,N,3546.08,3546.08,VALID,VALID,,,3546.08,2019-10-21,2026-12-31 06:00:00
ALB-TRV-0004448,P0001018,6,TRV,AGGREGATOR,2020-04-20,2021-04-20,EX,N,3506.62,3506.62,VALID,VALID,Johnson & Hughes Insurance Services Ltd,17.19,3506.62,2020-04-20,2026-12-31 06:00:00
ALB-TRV-0004453,P0000338,356,TRV,BROKER,2025-06-04,2026-06-04,IF,N,3190.2,3190.20,INVALID,VALID,Wilson & Johnson Insurance Services Ltd,21.61,2924.3499999999995,2026-03-31,2026-12-31 06:00:00
ALB-TRV-0004468,P0000031,45,TRV,DIRECT,2021-02-19,2022-02-19,IF,N,3686.2,3686.20,VALID,VALID,Taylor & Johnson Insurance Services Ltd,17.25,3686.2,2021-02-19,2026-12-31 06:00:00
ALB-TRV-0004472,P0003118,,TRV,BROKER,2023-03-07,2024-03-06,LP,N,3256.9,3256.90,VALID,VALID,,,3256.9,2023-03-07,2026-12-31 06:00:00
ALB-TRV-0004484,P0001952,,TRV,BROKER,2022-09-17,2023-09-17,IF,N,2949.62,2949.62,VALID,VALID,Taylor & Murphy Insurance Services Ltd,20.48,2949.6000000000004,2023-08-13,2026-12-31 06:00:00
ALB-TRV-0004489,P0001580,76,TRV,AGGREGATOR,2024-10-04,2025-10-04,IF,N,515.49,515.49,VALID,VALID,Johnson & Murphy Insurance Services Ltd,17.99,515.5199999999999,2025-08-30,2026-12-31 06:00:00
ALB-TRV-0004501,P0001263,,TRV,AGGREGATOR,2021-08-06,2022-08-06,RN,N,530.79,530.79,VALID,VALID,Patel & Wilson Insurance Services Ltd,12.84,530.79,2021-08-06,2026-12-31 06:00:00
ALB-TRV-0004504,P0002198,340,TRV,AGGREGATOR,2024-12-29,2025-12-29,RN,N,831.29,831.29,VALID,VALID,Baker & Brown Insurance Services Ltd,14.45,831.2399999999999,2025-11-24,2026-12-31 06:00:00
ALB-TRV-0004505,P0001906,166,TRV,DIRECT,2020-09-29,2021-09-29,RN,N,1942.03,1942.03,VALID,VALID,Robinson & Brown Insurance Services Ltd,15.85,,,2026-12-31 06:00:00
ALB-TRV-0004510,P0000590,,TRV,BROKER,2019-02-26,2020-02-26,IF,N,725.04,725.04,VALID,VALID,Davies & Taylor Insurance Services Ltd,14.09,725.04,2020-01-22,2026-12-31 06:00:00
ALB-TRV-0004511,P0001005,81,TRV,DIRECT,2020-08-23,2021-08-23,EX,N,1089.09,1089.09,VALID,VALID,Smith & Brown Insurance Services Ltd,19.81,1089.09,2020-08-23,2026-12-31 06:00:00
ALB-TRV-0004522,P0001960,353,TRV,BROKER,2024-08-04,2025-08-04,CN,N,3913.34,3913.34,VALID,VALID,Green & Patel Insurance Services Ltd,10.9,3913.320000000001,2025-06-30,2026-12-31 06:00:00
ALB-TRV-0004534,P0000494,,TRV,DIRECT,2021-02-25,2022-02-25,RN,N,684.51,684.51,VALID,VALID,,,627.4399999999999,2022-01-21,2026-12-31 06:00:00
ALB-TRV-0004535,P0002329,224,TRV,BROKER,2022-04-03,2023-04-03,IF,N,2770.96,2770.96,VALID,VALID,,,2770.9199999999996,2023-02-27,2026-12-31 06:00:00
ALB-TRV-0004543,P0002970,487,TRV,DIRECT,2023-07-30,2024-07-29,IF,N,1736.71,1736.71,VALID,VALID,,,1736.71,2023-07-30,2026-12-31 06:00:00
ALB-TRV-0004549,P0002423,436,TRV,BROKER,2023-02-20,2024-02-20,RN,N,3391.53,3391.53,VALID,VALID,Green & Patel Insurance Services Ltd,10.9,3108.9300000000007,2024-01-16,2026-12-31 06:00:00
ALB-TRV-0004554,P0000866,,TRV,AGGREGATOR,2019-09-23,2020-09-22,IF,N,2923.82,2923.82,VALID,VALID,Jones & Baker Insurance Services Ltd,8.84,2923.8000000000006,2020-08-18,2026-12-31 06:00:00
ALB-TRV-0004556,P0000439,147,TRV,DIRECT,2022-09-18,2023-09-18,IF,N,2844.1,2844.10,VALID,VALID,,,2607.1100000000006,2023-07-15,2026-12-31 06:00:00
ALB-TRV-0004565,P0000130,99,TRV,BROKER,2020-05-11,2021-05-11,IF,N,1480.39,1480.39,VALID,VALID,,,1480.39,2020-05-11,2026-12-31 06:00:00
ALB-TRV-0004567,P0001416,,TRV,BROKER,2026-12-05,2027-12-05,RN,N,2157.4,0.00,VALID,VALID,Clarke & Wright Insurance Services Ltd,11.72,2157.4,2026-12-05,2026-12-31 06:00:00
ALB-TRV-0004575,P0001391,226,TRV,BROKER,2020-08-26,2021-08-26,IF,N,1031.66,1031.66,VALID,VALID,Davies & Wright Insurance Services Ltd,13.6,1031.66,2020-08-26,2026-12-31 06:00:00
ALB-TRV-0004578,P0001439,,TRV,BROKER,2023-05-13,2024-05-12,EX,N,4047.97,4047.97,VALID,VALID,,,4047.97,2023-05-13,2026-12-31 06:00:00
ALB-TRV-0004582,P0000203,,TRV,DIRECT,2025-12-23,2026-12-23,IF,N,3849.82,3849.82,VALID,VALID,,,3849.82,2025-12-23,2026-12-31 06:00:00
ALB-TRV-0004587,P0001391,226,TRV,DIRECT,2025-07-24,2026-07-24,LP,N,2565.73,2565.73,VALID,VALID,Walker & Wright Insurance Services Ltd,10.74,2351.91,2026-05-20,2026-12-31 06:00:00
ALB-TRV-0004601,P0000050,259,TRV,BROKER,2018-05-24,2019-05-24,RN,N,2190.84,2190.84,VALID,VALID,Baker & Wright Insurance Services Ltd,22.1,2008.2699999999995,2019-04-19,2026-12-31 06:00:00
ALB-TRV-0004608,P0002043,,TRV,BROKER,2025-01-28,2026-01-28,EX,N,2705.84,2705.84,VALID,VALID,Khan & Smith Insurance Services Ltd,17.81,2705.84,2025-01-28,2026-12-31 06:00:00
ALB-TRV-0004619,P0001965,,TRV,BROKER,2019-07-06,2020-07-05,IF,N,1186.97,1186.97,VALID,VALID,,,1186.97,2019-07-06,2026-12-31 06:00:00
ALB-TRV-0004620,P0000751,426,TRV,BROKER,2023-10-27,2024-10-26,RN,N,3011.49,3011.49,VALID,VALID,,,2760.56,2024-09-21,2026-12-31 06:00:00
ALB-TRV-0004626,P0002110,,TRV,DIRECT,2018-12-07,2019-12-07,RN,N,1135.1,1135.10,VALID,VALID,Hall & Wright Insurance Services Ltd,8.65,1040.4900000000002,2019-11-02,2026-12-31 06:00:00
ALB-TRV-0004627,P0001552,137,TRV,AGGREGATOR,2019-10-14,2020-10-13,IF,N,381.19,381.19,VALID,VALID,Taylor & Johnson Insurance Services Ltd,17.25,381.23999999999995,2020-09-08,2026-12-31 06:00:00
ALB-TRV-0004645,P0001773,275,TRV,BROKER,2026-04-25,2027-04-25,LP,N,1435.32,956.88,VALID,VALID,Jones & Baker Insurance Services Ltd,8.84,1315.7099999999998,2027-03-21,2026-12-31 06:00:00
ALB-TRV-0004650,P0002238,,TRV,DIRECT,2020-03-07,2021-03-07,EX,N,2362.8,2362.80,VALID,VALID,,,2362.8,2020-03-07,2026-12-31 06:00:00
ALB-TRV-0004652,P0002963,,TRV,AGGREGATOR,2023-04-14,2024-04-13,IF,N,2983.6,2983.60,VALID,VALID,,,2983.560000000001,2024-03-09,2026-12-31 06:00:00
ALB-TRV-0004661,P0003194,128,TRV,BROKER,2022-01-15,2023-01-15,IF,N,3284.62,3284.62,VALID,VALID,,,3284.6400000000012,2022-12-11,2026-12-31 06:00:00
ALB-TRV-0004668,P0001727,254,TRV,DIRECT,2021-09-26,2022-09-26,IF,N,3768.14,3768.14,VALID,VALID,Patel & Clarke Insurance Services Ltd,9.04,3454.1100000000006,2022-08-22,2026-12-31 06:00:00
ALB-TRV-0004675,P0002963,,TRV,BROKER,2022-10-08,2023-10-08,EX,N,3218.65,3218.65,VALID,VALID,Smith & Walker Insurance Services Ltd,18.79,3218.65,2022-10-08,2026-12-31 06:00:00
ALB-TRV-0004678,P0001061,,TRV,BROKER,2022-08-05,2023-08-05,EX,N,189.39,189.39,VALID,VALID,Williams & Hall Insurance Services Ltd,14.19,189.35999999999999,2023-07-01,2026-12-31 06:00:00
ALB-TRV-0004683,P0002238,,TRV,AGGREGATOR,2025-05-14,2026-05-14,EX,N,2942.7,2942.70,VALID,VALID,,,2942.6399999999994,2026-04-09,2026-12-31 06:00:00
ALB-TRV-0004684,P0001374,,TRV,DIRECT,2019-09-27,2020-09-26,RN,N,787.73,787.73,VALID,VALID,,,787.73,2019-09-27,2026-12-31 06:00:00
ALB-TRV-0004685,P0001759,,TRV,BROKER,2020-11-22,2021-11-22,LP,N,3392.64,3392.64,VALID,VALID,,,3392.64,2020-11-22,2026-12-31 06:00:00
ALB-TRV-0004686,P0000105,310,TRV,BROKER,2021-11-26,2022-11-26,RN,N,3563.04,3563.04,VALID,VALID,Davies & Taylor Insurance Services Ltd,14.09,2672.28,2022-10-22,2026-12-31 06:00:00
ALB-TRV-0004687,P0000404,24,TRV,AGGREGATOR,2018-04-15,2019-04-15,EX,N,3038.31,3038.31,VALID,VALID,Smith & Clarke Insurance Services Ltd,17.33,3038.31,2018-04-15,2026-12-31 06:00:00
ALB-TRV-0004693,P0002273,46,TRV,BROKER,2025-04-29,2026-04-29,IF,N,371.69,371.69,INVALID,VALID,Robinson & Brown Insurance Services Ltd,15.85,371.69,2025-04-29,2026-12-31 06:00:00
ALB-TRV-0004699,P0000752,10,TRV,AGGREGATOR,2023-05-18,2024-05-17,EX,N,1614.33,1614.33,VALID,VALID,,,1614.36,2024-04-12,2026-12-31 06:00:00
ALB-TRV-0004705,P0002692,,TRV,BROKER,2018-12-27,2019-12-27,LP,N,2273.37,2273.37,VALID,VALID,Williams & Baker Insurance Services Ltd,16.38,2273.4,2019-11-22,2026-12-31 06:00:00
ALB-TRV-0004718,P0001103,354,TRV,DIRECT,2021-09-20,2022-09-20,IF,N,3269.34,3269.34,VALID,VALID,Taylor & Walker Insurance Services Ltd,13.94,3269.28,2022-08-16,2026-12-31 06:00:00
ALB-TRV-0004719,P0000106,136,TRV,BROKER,2018-02-11,2019-02-11,LP,N,354.48,354.48,VALID,VALID,Hughes & Wright Insurance Services Ltd,8.65,354.48,2018-02-11,2026-12-31 06:00:00
ALB-TRV-0004736,P0002338,413,TRV,BROKER,2018-07-08,2019-07-08,EX,N,2115.57,2115.57,VALID,VALID,,,1939.2999999999997,2019-06-03,2026-12-31 06:00:00
ALB-TRV-0004750,P0000656,77,TRV,AGGREGATOR,2019-06-15,2020-06-14,IF,N,2754.23,2754.23,VALID,VALID,Baker & Brown Insurance Services Ltd,14.45,2524.7200000000003,2020-05-10,2026-12-31 06:00:00
ALB-TRV-0004758,P0001084,186,TRV,DIRECT,2021-07-23,2022-07-23,CN,N,1402.03,1402.03,VALID,VALID,,,1402.08,2022-06-18,2026-12-31 06:00:00
ALB-TRV-0004763,P0001096,344,TRV,AGGREGATOR,2018-03-05,2019-03-05,EX,N,3583.32,3583.32,VALID,VALID,,,3583.32,2018-03-05,2026-12-31 06:00:00
ALB-TRV-0004765,P0000388,335,TRV,BROKER,2025-06-08,2026-06-08,IF,N,3097.26,3097.26,VALID,VALID,Patel & Clarke Insurance Services Ltd,9.04,3097.26,2025-06-08,2026-12-31 06:00:00
ALB-TRV-0004767,P0001353,,TRV,DIRECT,2023-04-21,2024-04-20,RN,N,3175.55,3175.55,VALID,VALID,Smith & Walker Insurance Services Ltd,18.79,2646.3000000000006,2024-03-16,2026-12-31 06:00:00
ALB-TRV-0004769,P0000378,366,TRV,BROKER,2026-01-11,2027-01-11,IF,N,1279.57,1172.94,VALID,VALID,OBrien & Green Insurance Services Ltd,17.85,1279.57,2026-01-11,2026-12-31 06:00:00
ALB-TRV-0004775,P0001022,203,TRV,AGGREGATOR,2018-07-25,2019-07-25,RN,N,1257.82,1257.82,VALID,VALID,,,1257.8399999999995,2019-06-20,2026-12-31 06:00:00
ALB-TRV-0004784,P0000187,29,TRV,AGGREGATOR,2023-06-23,2024-06-22,CN,N,204.74,204.74,VALID,VALID,,,,,2026-12-31 06:00:00
ALB-TRV-0004789,P0002808,104,TRV,DIRECT,2023-10-01,2024-09-30,LP,N,3115.74,3115.74,VALID,VALID,Khan & Davies Insurance Services Ltd,12.18,3115.74,2023-10-01,2026-12-31 06:00:00
ALB-TRV-0004793,P0001388,71,TRV,DIRECT,2024-07-15,2025-07-15,EX,N,3679.32,3679.32,VALID,VALID,,,3679.32,2024-07-15,2026-12-31 06:00:00
ALB-TRV-0004808,P0002752,,TRV,AGGREGATOR,2019-09-13,2020-09-12,IF,N,2980.45,2980.45,VALID,VALID,,,2980.439999999999,2020-08-08,2026-12-31 06:00:00
ALB-TRV-0004814,P0000344,23,TRV,AGGREGATOR,2026-11-08,2027-11-08,IF,Y,1603.31,133.61,VALID,VALID,,,1603.3200000000006,2027-10-04,2026-12-31 06:00:00
ALB-TRV-0004815,P0001128,,TRV,DIRECT,2021-10-23,2022-10-23,LP,N,2009.73,2009.73,VALID,VALID,,,1842.28,2022-09-18,2026-12-31 06:00:00
ALB-TRV-0004825,P0002333,159,TRV,BROKER,2023-09-05,2024-09-04,IF,N,653.35,653.35,VALID,VALID,Johnson & Hall Insurance Services Ltd,21.38,598.95,2024-07-31,2026-12-31 06:00:00
ALB-TRV-0004832,P0001779,79,TRV,BROKER,2023-11-30,2024-11-29,IF,N,2542.97,2542.97,VALID,VALID,Taylor & Johnson Insurance Services Ltd,17.25,2542.97,2023-11-30,2026-12-31 06:00:00
ALB-TRV-0004835,P0001801,,TRV,DIRECT,2020-01-08,2021-01-07,IF,N,1803.15,1803.15,VALID,VALID,OBrien & Patel Insurance Services Ltd,14.2,1502.6,2020-11-03,2026-12-31 06:00:00
ALB-TRV-0004848,P0001666,,TRV,DIRECT,2025-06-13,2026-06-13,IF,N,3752.89,3752.89,VALID,VALID,Hall & Wright Insurance Services Ltd,8.65,3752.89,2025-06-13,2026-12-31 06:00:00
ALB-TRV-0004857,P0000740,,TRV,BROKER,2025-04-03,2026-04-03,IF,N,3078.27,3078.27,VALID,VALID,Davies & Wright Insurance Services Ltd,13.6,3078.27,2025-04-03,2026-12-31 06:00:00
ALB-TRV-0004860,P0000484,417,TRV,AGGREGATOR,2026-06-06,2027-06-06,LP,N,2451.98,1225.99,VALID,VALID,Davies & Hughes Insurance Services Ltd,15.18,2043.2999999999997,2027-05-02,2026-12-31 06:00:00
ALB-TRV-0004864,P0002386,,TRV,DIRECT,2023-11-22,2024-11-21,IF,N,2542.34,2542.34,VALID,VALID,,,2330.460000000001,2024-10-17,2026-12-31 06:00:00
ALB-TRV-0004872,P0000782,189,TRV,DIRECT,2022-04-29,2023-04-29,CN,N,3393.63,3393.63,VALID,VALID,,,,,2026-12-31 06:00:00
ALB-TRV-0004877,P0002107,325,TRV,DIRECT,2026-02-11,2027-02-11,IF,Y,3085.1,2570.92,VALID,VALID,Robinson & Brown Insurance Services Ltd,15.85,2827.9900000000002,2027-01-07,2026-12-31 06:00:00
ALB-TRV-0004882,P0001786,,TRV,DIRECT,2019-06-16,2020-06-15,IF,N,874.8,874.80,VALID,VALID,,,874.7999999999998,2020-05-11,2026-12-31 06:00:00
ALB-TRV-0004889,P0001920,233,TRV,BROKER,2026-08-21,2027-08-21,LP,N,1921.93,640.64,VALID,VALID,,,1921.9200000000003,2027-07-17,2026-12-31 06:00:00
ALB-TRV-0004892,P0000251,25,TRV,DIRECT,2022-08-02,2023-08-02,RN,N,639.73,639.73,VALID,VALID,Murphy & Johnson Insurance Services Ltd,12.64,639.72,2023-06-28,2026-12-31 06:00:00
ALB-TRV-0004895,P0001836,,TRV,BROKER,2020-05-04,2021-05-04,IF,N,2750.54,2750.54,VALID,VALID,Smith & Clarke Insurance Services Ltd,17.33,2292.1,2021-02-28,2026-12-31 06:00:00
ALB-TRV-0004896,P0000600,4,TRV,DIRECT,2019-07-05,2020-07-04,RN,N,3153.86,3153.86,VALID,VALID,Taylor & Wilson Insurance Services Ltd,14.3,3153.86,2019-07-05,2026-12-31 06:00:00
ALB-TRV-0004897,P0002076,,TRV,BROKER,2024-02-27,2025-02-26,CN,N,439.69,439.69,VALID,VALID,,,,,2026-12-31 06:00:00
ALB-TRV-0004905,P0000551,197,TRV,DIRECT,2025-07-04,2026-07-04,IF,N,1276.26,1276.26,VALID,VALID,Wilson & Wright Insurance Services Ltd,17.86,1169.9599999999998,2026-05-30,2026-12-31 06:00:00
ALB-TRV-0004911,P0001731,,TRV,DIRECT,2023-08-30,2024-08-29,IF,N,2329.4,2329.40,VALID,VALID,Murphy & Johnson Insurance Services Ltd,12.64,2135.3199999999997,2024-07-25,2026-12-31 06:00:00
ALB-TRV-0004916,P0002355,63,TRV,BROKER,2026-05-20,2027-05-20,RN,N,3663.7,2137.16,VALID,VALID,,,3663.7,2026-05-20,2026-12-31 06:00:00
ALB-TRV-0004921,P0002117,337,TRV,BROKER,2023-10-26,2024-10-25,LP,N,290.15,290.15,VALID,VALID,Patel & Clarke Insurance Services Ltd,9.04,290.16,2024-09-20,2026-12-31 06:00:00
ALB-TRV-0004938,P0001638,430,TRV,DIRECT,2020-08-29,2021-08-29,IF,N,3263.1,3263.10,VALID,VALID,Green & Jones Insurance Services Ltd,21.44,3263.1599999999994,2021-07-25,2026-12-31 06:00:00
ALB-TRV-0004940,P0000835,367,TRV,DIRECT,2019-01-10,2020-01-10,IF,N,1658.78,1658.78,VALID,VALID,,,1658.78,2019-01-10,2026-12-31 06:00:00
ALB-TRV-0004961,P0000097,195,TRV,BROKER,2023-06-20,2024-06-19,LP,N,1812.48,1812.48,VALID,VALID,,,1812.4799999999998,2024-05-15,2026-12-31 06:00:00
ALB-TRV-0004969,P0001855,19,TRV,AGGREGATOR,2020-05-10,2021-05-10,IF,N,665.07,665.07,VALID,VALID,Baker & Hughes Insurance Services Ltd,12.55,609.62,2021-04-05,2026-12-31 06:00:00
ALB-TRV-0004974,P0001333,368,TRV,AGGREGATOR,2019-12-30,2020-12-29,IF,N,3397.75,3397.75,VALID,VALID,,,3397.8000000000006,2020-11-24,2026-12-31 06:00:00
ALB-TRV-0004975,P0002250,,TRV,DIRECT,2022-07-07,2023-07-07,EX,N,1551.3,1551.30,VALID,VALID,Taylor & Murphy Insurance Services Ltd,20.48,1551.36,2023-06-02,2026-12-31 06:00:00
ALB-TRV-0004978,P0001969,312,TRV,DIRECT,2024-02-14,2025-02-13,IF,N,2178.68,2178.68,VALID,VALID,Baker & Clarke Insurance Services Ltd,20.14,2178.72,2025-01-09,2026-12-31 06:00:00
ALB-TRV-0004995,P0000819,,TRV,DIRECT,2022-05-29,2023-05-29,IF,N,1533.93,1533.93,VALID,VALID,Khan & Davies Insurance Services Ltd,12.18,1533.93,2022-05-29,2026-12-31 06:00:00
ALB-TRV-0005002,P0003140,,TRV,BROKER,2024-05-19,2025-05-19,CN,N,2957.82,2957.82,VALID,VALID,Clarke & Wright Insurance Services Ltd,9.41,2957.82,2024-05-19,2026-12-31 06:00:00
ALB-TRV-0005011,P0001362,,TRV,BROKER,2022-02-17,2023-02-17,RN,N,1912.02,1912.02,VALID,VALID,,,1912.0799999999997,2023-01-13,2026-12-31 06:00:00
ALB-TRV-0005012,P0001642,,TRV,DIRECT,2025-10-19,2026-10-19,CN,N,3897.88,3897.88,VALID,VALID,,,3897.8400000000006,2026-09-14,2026-12-31 06:00:00
ALB-TRV-0005017,P0000685,,TRV,DIRECT,2025-07-11,2026-07-11,EX,N,1552.76,1552.76,VALID,VALID,Murphy & Johnson Insurance Services Ltd,12.64,1552.76,2025-07-11,2026-12-31 06:00:00
ALB-TRV-0005024,P0002160,497,TRV,BROKER,2018-03-30,2019-03-30,EX,N,453.88,453.88,VALID,VALID,Smith & Davies Insurance Services Ltd,14.16,453.88,2018-03-30,2026-12-31 06:00:00
ALB-TRV-0005035,P0000498,362,TRV,BROKER,2019-12-21,2020-12-20,IF,N,4154.66,4154.66,VALID,VALID,,,3808.420000000001,2020-10-16,2026-12-31 06:00:00
ALB-TRV-0005045,P0001844,,TRV,DIRECT,2024-09-25,2025-09-25,RN,N,216.65,216.65,VALID,VALID,Smith & Walker Insurance Services Ltd,18.79,216.60000000000005,2025-08-21,2026-12-31 06:00:00
ALB-TRV-0005056,P0002540,,TRV,BROKER,2025-10-16,2026-10-16,IF,N,3168.03,3168.03,VALID,VALID,Smith & Clarke Insurance Services Ltd,17.33,3168.03,2025-10-16,2026-12-31 06:00:00
ALB-TRV-0005059,P0000057,159,TRV,BROKER,2026-07-03,2027-07-03,IF,N,3142.93,1571.47,VALID,VALID,Murphy & Johnson Insurance Services Ltd,12.64,3142.93,2026-07-03,2026-12-31 06:00:00
ALB-TRV-0005062,P0001067,299,TRV,DIRECT,2025-04-29,2026-04-29,CN,N,1147.71,1147.71,VALID,VALID,Smith & Clarke Insurance Services Ltd,17.33,1147.68,2026-03-25,2026-12-31 06:00:00
ALB-TRV-0005064,P0000308,,TRV,AGGREGATOR,2023-09-28,2024-09-27,IF,N,628.86,628.86,VALID,VALID,,,628.86,2023-09-28,2026-12-31 06:00:00
ALB-TRV-0005068,P0000069,289,TRV,AGGREGATOR,2019-03-20,2020-03-19,RN,N,3472.56,3472.56,VALID,VALID,Johnson & Murphy Insurance Services Ltd,17.99,3472.560000000001,2020-02-13,2026-12-31 06:00:00
ALB-TRV-0005072,P0001984,71,TRV,DIRECT,2024-06-23,2025-06-23,IF,N,1436.01,1436.01,VALID,VALID,,,1436.0400000000002,2025-05-19,2026-12-31 06:00:00
ALB-TRV-0005079,P0001062,,TRV,BROKER,2024-05-29,2025-05-29,RN,N,2876.71,2876.71,VALID,VALID,Baker & Clarke Insurance Services Ltd,20.14,2876.71,2024-05-29,2026-12-31 06:00:00
ALB-TRV-0005080,P0003141,,TRV,BROKER,2026-05-30,2027-05-30,LP,N,3506.05,2045.20,VALID,VALID,Smith & Brown Insurance Services Ltd,19.81,3506.0400000000004,2027-04-25,2026-12-31 06:00:00
ALB-TRV-0005087,P0000988,223,TRV,BROKER,2018-12-25,2019-12-25,EX,N,3466.92,3466.92,VALID,VALID,Patel & Clarke Insurance Services Ltd,9.04,3466.9199999999996,2019-11-20,2026-12-31 06:00:00
ALB-TRV-0005091,P0002105,208,TRV,DIRECT,2022-03-03,2023-03-03,IF,N,489.29,489.29,VALID,VALID,Wilson & Johnson Insurance Services Ltd,21.61,489.29,2022-03-03,2026-12-31 06:00:00
ALB-TRV-0005095,P0003085,250,TRV,BROKER,2026-05-01,2027-05-01,RN,N,885.43,590.29,VALID,VALID,,,885.43,2026-05-01,2026-12-31 06:00:00
ALB-TRV-0005100,P0000668,,TRV,DIRECT,2024-02-26,2025-02-25,IF,N,3715.92,3715.92,VALID,VALID,Johnson & Hughes Insurance Services Ltd,17.19,3715.9199999999996,2025-01-21,2026-12-31 06:00:00
ALB-TRV-0005106,P0003085,250,TRV,AGGREGATOR,2025-03-12,2026-03-12,EX,N,2646.66,2646.66,VALID,VALID,Brown & Davies Insurance Services Ltd,14.49,2646.6000000000004,2026-02-05,2026-12-31 06:00:00
ALB-TRV-0005115,P0003072,,TRV,BROKER,2023-08-26,2024-08-25,RN,N,1822.53,1822.53,VALID,VALID,,,1518.8000000000002,2024-07-21,2026-12-31 06:00:00
ALB-TRV-0005121,P0001386,,TRV,BROKER,2019-02-15,2020-02-15,IF,N,3068.47,3068.47,VALID,VALID,Patel & Clarke Insurance Services Ltd,9.04,3068.47,2019-02-15,2026-12-31 06:00:00
ALB-TRV-0005123,P0001901,,TRV,BROKER,2019-09-09,2020-09-08,RN,N,1034.41,1034.41,INVALID,VALID,,,862.0000000000002,2020-08-04,2026-12-31 06:00:00
ALB-TRV-0005141,P0001454,,TRV,BROKER,2020-12-29,2021-12-29,LP,N,1732.04,1732.04,VALID,VALID,,,1732.04,2020-12-29,2026-12-31 06:00:00
ALB-TRV-0005158,P0002906,84,TRV,DIRECT,2025-12-08,2026-12-08,RN,N,3155.27,3155.27,VALID,VALID,Davies & Taylor Insurance Services Ltd,14.09,3155.27,2025-12-08,2026-12-31 06:00:00
ALB-TRV-0005159,P0001019,,TRV,BROKER,2022-06-01,2023-06-01,IF,N,3326.46,3326.46,VALID,VALID,,,3326.399999999999,2023-04-27,2026-12-31 06:00:00
ALB-TRV-0005161,P0001815,466,TRV,AGGREGATOR,2019-03-30,2020-03-29,EX,N,1425.77,1425.77,VALID,VALID,Hall & Wright Insurance Services Ltd,8.65,1425.7199999999996,2020-02-23,2026-12-31 06:00:00
ALB-TRV-0005173,P0001247,,TRV,DIRECT,2022-07-21,2023-07-21,RN,N,3339.09,3339.09,INVALID,VALID,OBrien & Green Insurance Services Ltd,17.85,3060.8600000000006,2023-06-16,2026-12-31 06:00:00
ALB-TRV-0005174,P0002817,,TRV,DIRECT,2021-07-11,2022-07-11,IF,N,2003.79,2003.79,VALID,VALID,Davies & Davies Insurance Services Ltd,17.73,2003.76,2022-06-06,2026-12-31 06:00:00
ALB-TRV-0005180,P0000345,392,TRV,BROKER,2021-09-03,2022-09-03,IF,N,1293.62,1293.62,VALID,VALID,,,1293.5999999999997,2022-07-30,2026-12-31 06:00:00
ALB-TRV-0005182,P0000334,166,TRV,DIRECT,2023-02-22,2024-02-22,EX,N,2610.49,2610.49,VALID,VALID,Williams & Baker Insurance Services Ltd,16.38,2610.48,2024-01-18,2026-12-31 06:00:00
ALB-TRV-0005191,P0001485,128,TRV,BROKER,2021-11-26,2022-11-26,RN,N,586.42,586.42,VALID,VALID,Hall & Wright Insurance Services Ltd,8.65,439.83,2022-10-22,2026-12-31 06:00:00
ALB-TRV-0005198,P0000642,,TRV,AGGREGATOR,2023-08-25,2024-08-24,IF,N,3215.95,3215.95,VALID,VALID,Smith & Clarke Insurance Services Ltd,17.33,3215.95,2023-08-25,2026-12-31 06:00:00
