policy_no,uw_year,product_cd,gwp,ipt_amt,earned_premium,unearned_premium,treaty_id,cession_pct,ceded_premium,as_at_dt
ALB-CLB-0000003,2021,CLB,11647.48,1397.6976,11647.48,0.00,,,0.00,2026-12-31
ALB-CLB-0000007,2022,CLB,8660.2,1039.2240000000002,8660.20,0.00,,,0.00,2026-12-31
ALB-CLB-0000011,2025,CLB,11296.6,1355.592,11296.60,0.00,,,0.00,2026-12-31
ALB-CLB-0000031,2020,CLB,954.96,114.5952,954.96,0.00,,,0.00,2026-12-31
ALB-CLB-0000041,2024,CLB,11557.53,1386.9036,11557.53,0.00,,,0.00,2026-12-31
ALB-CLB-0000071,2019,CLB,1340.7,160.884,1340.70,0.00,,,0.00,2026-12-31
ALB-CLB-0000072,2026,CLB,5105.06,612.6072,4679.64,425.42,TR013,20.8,1061.85,2026-12-31
ALB-CLB-0000077,2025,CLB,3029.87,363.58439999999996,3029.87,0.00,,,0.00,2026-12-31
ALB-CLB-0000081,2022,CLB,10746.81,1289.6172,10746.81,0.00,,,0.00,2026-12-31
ALB-CLB-0000099,2018,CLB,5507.58,660.9096,5507.58,0.00,,,0.00,2026-12-31
ALB-CLB-0000118,2018,CLB,5985.74,718.2887999999999,5985.74,0.00,,,0.00,2026-12-31
ALB-CLB-0000131,2020,CLB,5142.06,617.0472,5142.06,0.00,,,0.00,2026-12-31
ALB-CLB-0000132,2023,CLB,5546.64,665.5968,5546.64,0.00,TR011,31.9,1769.38,2026-12-31
ALB-CLB-0000170,2023,CLB,2432.23,291.8676,2432.23,0.00,TR011,31.9,775.88,2026-12-31
ALB-CLB-0000171,2021,CLB,4501.18,540.1416,4501.18,0.00,,,0.00,2026-12-31
ALB-CLB-0000176,2024,CLB,2220.5,266.46,2220.50,0.00,,,0.00,2026-12-31
ALB-CLB-0000210,2026,CLB,4084.59,490.1508,680.77,3403.83,TR013,20.8,849.59,2026-12-31
ALB-CLB-0000215,2026,CLB,2040.9,244.90800000000002,170.08,1870.83,TR013,20.8,424.51,2026-12-31
ALB-CLB-0000238,2022,CLB,6512.99,781.5587999999999,6512.99,0.00,,,0.00,2026-12-31
ALB-CLB-0000240,2020,CLB,12325.38,1479.0456,12325.38,0.00,,,0.00,2026-12-31
ALB-CLB-0000248,2025,CLB,8030.16,963.6192,8030.16,0.00,,,0.00,2026-12-31
ALB-CLB-0000251,2026,CLB,5615.71,673.8851999999999,5147.73,467.98,TR013,20.8,1168.07,2026-12-31
ALB-CLB-0000257,2024,CLB,4865.4,583.848,4865.40,0.00,,,0.00,2026-12-31
ALB-CLB-0000258,2026,CLB,6415.25,769.8299999999999,3742.23,2673.02,TR013,20.8,1334.37,2026-12-31
ALB-CLB-0000259,2021,CLB,1590.21,190.8252,1590.21,0.00,,,0.00,2026-12-31
ALB-CLB-0000263,2020,CLB,3508.12,420.97439999999995,3508.12,0.00,,,0.00,2026-12-31
ALB-CLB-0000268,2021,CLB,12117.73,1454.1275999999998,12117.73,0.00,,,0.00,2026-12-31
ALB-CLB-0000273,2018,CLB,3039.67,364.7604,3039.67,0.00,,,0.00,2026-12-31
ALB-CLB-0000279,2026,CLB,5808.31,696.9972,484.03,5324.28,TR013,20.8,1208.13,2026-12-31
ALB-CLB-0000283,2022,CLB,4660.64,559.2768,4660.64,0.00,,,0.00,2026-12-31
ALB-CLB-0000295,2025,CLB,9096.68,1091.6016,9096.68,0.00,,,0.00,2026-12-31
ALB-CLB-0000302,2021,CLB,12914.19,1549.7028,12914.19,0.00,,,0.00,2026-12-31
ALB-CLB-0000303,2025,CLB,11662.69,1399.5228,11662.69,0.00,,,0.00,2026-12-31
ALB-CLB-0000322,2019,CLB,2737.26,328.4712,2737.26,0.00,,,0.00,2026-12-31
ALB-CLB-0000325,2022,CLB,7065.04,847.8048,7065.04,0.00,,,0.00,2026-12-31
ALB-CLB-0000348,2022,CLB,6045.93,725.5116,6045.93,0.00,,,0.00,2026-12-31
ALB-CLB-0000373,2022,CLB,3528.86,423.4632,3528.86,0.00,,,0.00,2026-12-31
ALB-CLB-0000381,2023,CLB,7469.98,896.3975999999999,7469.98,0.00,TR011,31.9,2382.92,2026-12-31
ALB-CLB-0000401,2024,CLB,9389.05,1126.686,9389.05,0.00,,,0.00,2026-12-31
ALB-CLB-0000402,2022,CLB,10420.79,1250.4948000000002,10420.79,0.00,,,0.00,2026-12-31
ALB-CLB-0000404,2023,CLB,2286.18,274.34159999999997,2286.18,0.00,TR011,31.9,729.29,2026-12-31
ALB-CLB-0000409,2024,CLB,7125.52,855.0624,7125.52,0.00,,,0.00,2026-12-31
ALB-CLB-0000410,2020,CLB,5412.58,649.5096,5412.58,0.00,,,0.00,2026-12-31
ALB-CLB-0000415,2021,CLB,8709.65,1045.158,8709.65,0.00,,,0.00,2026-12-31
ALB-CLB-0000425,2021,CLB,1682.45,201.894,1682.45,0.00,,,0.00,2026-12-31
ALB-CLB-0000431,2022,CLB,5807.12,696.8543999999999,5807.12,0.00,,,0.00,2026-12-31
ALB-CLB-0000438,2018,CLB,1205.59,144.67079999999999,1205.59,0.00,,,0.00,2026-12-31
ALB-CLB-0000444,2020,CLB,2495.56,299.4672,2495.56,0.00,,,0.00,2026-12-31
ALB-CLB-0000461,2019,CLB,10521.64,1262.5967999999998,10521.64,0.00,,,0.00,2026-12-31
ALB-CLB-0000468,2022,CLB,4014.21,481.7052,4014.21,0.00,,,0.00,2026-12-31
ALB-CLB-0000469,2021,CLB,4047.59,485.7108,4047.59,0.00,,,0.00,2026-12-31
ALB-CLB-0000480,2018,CLB,1878.29,225.39479999999998,1878.29,0.00,,,0.00,2026-12-31
ALB-CLB-0000481,2024,CLB,14669.9,1760.388,14669.90,0.00,,,0.00,2026-12-31
ALB-CLB-0000498,2025,CLB,5379.99,645.5988,5379.99,0.00,,,0.00,2026-12-31
ALB-CLB-0000503,2023,CLB,3681.71,441.8052,3681.71,0.00,TR011,31.9,1174.47,2026-12-31
ALB-CLB-0000513,2019,CLB,12342.14,1481.0567999999998,12342.14,0.00,,,0.00,2026-12-31
ALB-CLB-0000517,2018,CLB,2997.13,359.6556,2997.13,0.00,,,0.00,2026-12-31
ALB-CLB-0000537,2024,CLB,2565.27,307.8324,2565.27,0.00,,,0.00,2026-12-31
ALB-CLB-0000540,2023,CLB,6890.39,826.8468,6890.39,0.00,TR011,31.9,2198.03,2026-12-31
ALB-CLB-0000548,2021,CLB,9270.14,1112.4168,9270.14,0.00,,,0.00,2026-12-31
ALB-CLB-0000550,2024,CLB,7472.49,896.6987999999999,7472.49,0.00,,,0.00,2026-12-31
ALB-CLB-0000554,2020,CLB,3169.24,380.30879999999996,3169.24,0.00,,,0.00,2026-12-31
ALB-CLB-0000562,2018,CLB,3060.69,367.2828,3060.69,0.00,,,0.00,2026-12-31
ALB-CLB-0000563,2018,CLB,1165.51,139.8612,1165.51,0.00,,,0.00,2026-12-31
ALB-CLB-0000564,2023,CLB,3587.69,430.5228,3587.69,0.00,TR011,31.9,1144.47,2026-12-31
ALB-CLB-0000582,2021,CLB,7575.45,909.054,7575.45,0.00,,,0.00,2026-12-31
ALB-CLB-0000583,2025,CLB,8554.22,1026.5064,8554.22,0.00,,,0.00,2026-12-31
ALB-CLB-0000603,2021,CLB,10142.37,1217.0844,10142.37,0.00,,,0.00,2026-12-31
ALB-CLB-0000609,2024,CLB,3216.67,386.0004,3216.67,0.00,,,0.00,2026-12-31
ALB-CLB-0000610,2025,CLB,5041.65,604.9979999999999,5041.65,0.00,,,0.00,2026-12-31
ALB-CLB-0000614,2022,CLB,14105.8,1692.696,14105.80,0.00,,,0.00,2026-12-31
ALB-CLB-0000619,2021,CLB,10746.8,1289.6159999999998,10746.80,0.00,,,0.00,2026-12-31
ALB-CLB-0000629,2021,CLB,8697.87,1043.7444,8697.87,0.00,,,0.00,2026-12-31
ALB-CLB-0000633,2026,CLB,8276.37,993.1644000000001,2069.09,6207.28,TR013,20.8,1721.48,2026-12-31
ALB-CLB-0000642,2024,CLB,11870.76,1424.4912,11870.76,0.00,,,0.00,2026-12-31
ALB-CLB-0000645,2025,CLB,10849.4,1301.9279999999999,10849.40,0.00,,,0.00,2026-12-31
ALB-CLB-0000659,2018,CLB,8602.88,1032.3455999999999,8602.88,0.00,,,0.00,2026-12-31
ALB-CLB-0000663,2026,CLB,7956.76,954.8112,3978.38,3978.38,TR013,20.8,1655.01,2026-12-31
ALB-CLB-0000679,2025,CLB,3875.79,465.09479999999996,3875.79,0.00,,,0.00,2026-12-31
ALB-CLB-0000684,2019,CLB,12390.11,1486.8132,12390.11,0.00,,,0.00,2026-12-31
ALB-CLB-0000696,2025,CLB,3608.28,432.9936,3608.28,0.00,,,0.00,2026-12-31
ALB-CLB-0000702,2023,CLB,2400.46,288.0552,2400.46,0.00,TR011,31.9,765.75,2026-12-31
ALB-CLB-0000704,2025,CLB,13589.8,1630.7759999999998,13589.80,0.00,,,0.00,2026-12-31
ALB-CLB-0000714,2019,CLB,1447.37,173.68439999999998,1447.37,0.00,,,0.00,2026-12-31
ALB-CLB-0000716,2023,CLB,9864.62,1183.7544,9864.62,0.00,TR011,31.9,3146.81,2026-12-31
ALB-CLB-0000728,2020,CLB,1768.61,212.23319999999998,1768.61,0.00,,,0.00,2026-12-31
ALB-CLB-0000735,2020,CLB,12989.6,1558.752,12989.60,0.00,,,0.00,2026-12-31
ALB-CLB-0000760,2026,CLB,11877.95,1425.354,8908.46,2969.49,TR013,20.8,2470.61,2026-12-31
ALB-CLB-0000766,2021,CLB,3447.32,413.6784,3447.32,0.00,,,0.00,2026-12-31
ALB-CLB-0000769,2022,CLB,7286.76,874.4112,7286.76,0.00,,,0.00,2026-12-31
ALB-CLB-0000772,2023,CLB,11975.97,1437.1163999999999,11975.97,0.00,TR011,31.9,3820.33,2026-12-31
ALB-CLB-0000775,2020,CLB,9484.55,1138.146,9484.55,0.00,,,0.00,2026-12-31
ALB-CLB-0000777,2022,CLB,11409.16,1369.0991999999999,11409.16,0.00,,,0.00,2026-12-31
ALB-CLB-0000789,2026,CLB,14139.26,1696.7112,0.00,14139.26,TR013,20.8,2940.97,2026-12-31
ALB-CLB-0000807,2024,CLB,11695.52,1403.4624,11695.52,0.00,,,0.00,2026-12-31
ALB-CLB-0000825,2026,CLB,4418.0,530.16,736.33,3681.67,TR013,20.8,918.94,2026-12-31
ALB-CLB-0000826,2023,CLB,3053.37,366.40439999999995,3053.37,0.00,TR011,31.9,974.03,2026-12-31
ALB-CLB-0000846,2021,CLB,12734.42,1528.1304,12734.42,0.00,,,0.00,2026-12-31
ALB-CLB-0000849,2025,CLB,11329.58,1359.5495999999998,11329.58,0.00,,,0.00,2026-12-31
ALB-CLB-0000852,2018,CLB,8989.59,1078.7508,8989.59,0.00,,,0.00,2026-12-31
ALB-CLB-0000859,2023,CLB,885.34,106.2408,885.34,0.00,TR011,31.9,282.42,2026-12-31
ALB-CLB-0000860,2026,CLB,13572.25,1628.6699999999998,10179.19,3393.06,TR013,20.8,2823.03,2026-12-31
ALB-CLB-0000863,2024,CLB,10399.54,1247.9448,10399.54,0.00,,,0.00,2026-12-31
ALB-CLB-0000865,2019,CLB,2503.75,300.45,2503.75,0.00,,,0.00,2026-12-31
ALB-CLB-0000872,2026,CLB,14364.19,1723.7028,10773.14,3591.05,TR013,20.8,2987.75,2026-12-31
ALB-CLB-0000878,2024,CLB,1950.45,234.054,1950.45,0.00,,,0.00,2026-12-31
ALB-CLB-0000920,2026,CLB,5403.78,648.4535999999999,450.32,4953.47,TR013,20.8,1123.99,2026-12-31
ALB-CLB-0000922,2021,CLB,2745.22,329.42639999999994,2745.22,0.00,,,0.00,2026-12-31
ALB-CLB-0000930,2022,CLB,12576.57,1509.1884,12576.57,0.00,,,0.00,2026-12-31
ALB-CLB-0000947,2026,CLB,8302.07,996.2484,3459.20,4842.87,TR013,20.8,1726.83,2026-12-31
ALB-CLB-0000955,2019,CLB,7167.56,860.1072,7167.56,0.00,,,0.00,2026-12-31
ALB-CLB-0000963,2018,CLB,8073.34,968.8008,8073.34,0.00,,,0.00,2026-12-31
ALB-CLB-0000983,2023,CLB,10961.06,1315.3272,10961.06,0.00,TR011,31.9,3496.58,2026-12-31
ALB-CLB-0001004,2025,CLB,5343.01,641.1612,5343.01,0.00,,,0.00,2026-12-31
ALB-CLB-0001005,2018,CLB,4926.81,591.2172,4926.81,0.00,,,0.00,2026-12-31
ALB-CLB-0001013,2019,CLB,3053.35,366.402,3053.35,0.00,,,0.00,2026-12-31
ALB-CLB-0001014,2024,CLB,13635.26,1636.2312,13635.26,0.00,,,0.00,2026-12-31
ALB-CLB-0001018,2023,CLB,10548.69,1265.8428000000001,10548.69,0.00,TR011,31.9,3365.03,2026-12-31
ALB-CLB-0001022,2024,CLB,7291.29,874.9548,7291.29,0.00,,,0.00,2026-12-31
ALB-CLB-0001028,2024,CLB,5109.62,613.1544,5109.62,0.00,,,0.00,2026-12-31
ALB-CLB-0001065,2025,CLB,1534.02,184.08239999999998,1534.02,0.00,,,0.00,2026-12-31
ALB-CLB-0001102,2018,CLB,5030.9,603.708,5030.90,0.00,,,0.00,2026-12-31
ALB-CLB-0001136,2021,CLB,6199.04,743.8847999999999,6199.04,0.00,,,0.00,2026-12-31
ALB-CLB-0001152,2019,CLB,6420.93,770.5116,6420.93,0.00,,,0.00,2026-12-31
ALB-CLB-0001157,2023,CLB,14493.14,1739.1768,14493.14,0.00,TR011,31.9,4623.31,2026-12-31
ALB-CLB-0001158,2022,CLB,7897.01,947.6412,7897.01,0.00,,,0.00,2026-12-31
ALB-CLB-0001190,2025,CLB,2236.05,268.326,2236.05,0.00,,,0.00,2026-12-31
ALB-CLB-0001206,2018,CLB,1337.74,160.5288,1337.74,0.00,,,0.00,2026-12-31
ALB-CLB-0001225,2024,CLB,8018.63,962.2356,8018.63,0.00,,,0.00,2026-12-31
ALB-CLB-0001244,2018,CLB,1148.02,137.76239999999999,1148.02,0.00,,,0.00,2026-12-31
ALB-CLB-0001251,2018,CLB,14444.25,1733.31,14444.25,0.00,,,0.00,2026-12-31
ALB-CLB-0001255,2023,CLB,2814.63,337.7556,2814.63,0.00,TR011,31.9,897.87,2026-12-31
ALB-CLB-0001260,2026,CLB,8935.63,1072.2756,2233.91,6701.72,TR013,20.8,1858.61,2026-12-31
ALB-CLB-0001271,2019,CLB,5466.85,656.022,5466.85,0.00,,,0.00,2026-12-31
ALB-CLB-0001283,2026,CLB,5649.74,677.9688,1883.25,3766.49,TR013,20.8,1175.15,2026-12-31
ALB-CLB-0001287,2025,CLB,7359.95,883.194,7359.95,0.00,,,0.00,2026-12-31
ALB-CLB-0001307,2020,CLB,4352.79,522.3348,4352.79,0.00,,,0.00,2026-12-31
ALB-CLB-0001308,2022,CLB,13354.99,1602.5988,13354.99,0.00,,,0.00,2026-12-31
ALB-CLB-0001317,2022,CLB,1838.9,220.668,1838.90,0.00,,,0.00,2026-12-31
ALB-CLB-0001352,2018,CLB,12188.04,1462.5648,12188.04,0.00,,,0.00,2026-12-31
ALB-CLB-0001361,2023,CLB,7879.56,945.5472,7879.56,0.00,TR011,31.9,2513.58,2026-12-31
ALB-CLB-0001364,2019,CLB,11110.39,1333.2468,11110.39,0.00,,,0.00,2026-12-31
ALB-CLB-0001368,2022,CLB,3950.62,474.07439999999997,3950.62,0.00,,,0.00,2026-12-31
ALB-CLB-0001375,2021,CLB,9246.04,1109.5248000000001,9246.04,0.00,,,0.00,2026-12-31
ALB-CLB-0001387,2025,CLB,14263.63,1711.6355999999998,14263.63,0.00,,,0.00,2026-12-31
ALB-CLB-0001390,2018,CLB,4512.35,541.482,4512.35,0.00,,,0.00,2026-12-31
ALB-CLB-0001405,2024,CLB,9865.48,1183.8575999999998,9865.48,0.00,,,0.00,2026-12-31
ALB-CLB-0001409,2020,CLB,6159.91,739.1891999999999,6159.91,0.00,,,0.00,2026-12-31
ALB-CLB-0001439,2024,CLB,8255.05,990.6059999999999,8255.05,0.00,,,0.00,2026-12-31
ALB-CLB-0001442,2024,CLB,6682.41,801.8892,6682.41,0.00,,,0.00,2026-12-31
ALB-CLB-0001453,2022,CLB,8554.96,1026.5951999999997,8554.96,0.00,,,0.00,2026-12-31
ALB-CLB-0001458,2022,CLB,2582.17,309.86039999999997,2582.17,0.00,,,0.00,2026-12-31
ALB-CLB-0001459,2022,CLB,8844.54,1061.3448,8844.54,0.00,,,0.00,2026-12-31
ALB-CLB-0001478,2022,CLB,13987.28,1678.4736,13987.28,0.00,,,0.00,2026-12-31
ALB-CLB-0001481,2021,CLB,8745.08,1049.4096,8745.08,0.00,,,0.00,2026-12-31
ALB-CLB-0001505,2022,CLB,5013.51,601.6212,5013.51,0.00,,,0.00,2026-12-31
ALB-CLB-0001519,2023,CLB,3503.89,420.4668,3503.89,0.00,TR011,31.9,1117.74,2026-12-31
ALB-CLB-0001544,2025,CLB,7910.21,949.2252,7910.21,0.00,,,0.00,2026-12-31
ALB-CLB-0001549,2018,CLB,9190.42,1102.8504,9190.42,0.00,,,0.00,2026-12-31
ALB-CLB-0001551,2022,CLB,12417.77,1490.1324,12417.77,0.00,,,0.00,2026-12-31
ALB-CLB-0001553,2023,CLB,2270.06,272.4072,2270.06,0.00,TR011,31.9,724.15,2026-12-31
ALB-CLB-0001567,2021,CLB,9357.61,1122.9132,9357.61,0.00,,,0.00,2026-12-31
ALB-CLB-0001573,2021,CLB,14148.69,1697.8428,14148.69,0.00,,,0.00,2026-12-31
ALB-CLB-0001583,2026,CLB,5605.15,672.6179999999999,934.19,4670.96,TR013,20.8,1165.87,2026-12-31
ALB-CLB-0001598,2022,CLB,6039.08,724.6895999999999,6039.08,0.00,,,0.00,2026-12-31
ALB-CLB-0001602,2026,CLB,10954.06,1314.4871999999998,7302.71,3651.35,TR013,20.8,2278.44,2026-12-31
ALB-CLB-0001607,2018,CLB,12921.99,1550.6388,12921.99,0.00,,,0.00,2026-12-31
ALB-CLB-0001624,2018,CLB,1553.03,186.3636,1553.03,0.00,,,0.00,2026-12-31
ALB-CLB-0001631,2021,CLB,10677.32,1281.2784,10677.32,0.00,,,0.00,2026-12-31
ALB-CLB-0001635,2020,CLB,13883.01,1665.9612,13883.01,0.00,,,0.00,2026-12-31
ALB-CLB-0001649,2019,CLB,11607.79,1392.9348,11607.79,0.00,,,0.00,2026-12-31
ALB-CLB-0001658,2021,CLB,7992.29,959.0748,7992.29,0.00,,,0.00,2026-12-31
ALB-CLB-0001660,2026,CLB,7220.32,866.4383999999999,3008.47,4211.85,TR013,20.8,1501.83,2026-12-31
ALB-CLB-0001666,2021,CLB,7866.79,944.0147999999999,7866.79,0.00,,,0.00,2026-12-31
ALB-CLB-0001692,2021,CLB,8163.64,979.6368,8163.64,0.00,,,0.00,2026-12-31
ALB-CLB-0001699,2023,CLB,2430.08,291.6096,2430.08,0.00,TR011,31.9,775.20,2026-12-31
ALB-CLB-0001713,2025,CLB,990.64,118.87679999999999,990.64,0.00,,,0.00,2026-12-31
ALB-CLB-0001718,2019,CLB,9495.88,1139.5056,9495.88,0.00,,,0.00,2026-12-31
ALB-CLB-0001722,2025,CLB,5448.31,653.7972,5448.31,0.00,,,0.00,2026-12-31
ALB-CLB-0001728,2022,CLB,5385.97,646.3164,5385.97,0.00,,,0.00,2026-12-31
ALB-CLB-0001737,2018,CLB,10775.93,1293.1116,10775.93,0.00,,,0.00,2026-12-31
ALB-CLB-0001750,2018,CLB,4608.38,553.0056,4608.38,0.00,,,0.00,2026-12-31
ALB-CLB-0001752,2018,CLB,6156.17,738.7404,6156.17,0.00,,,0.00,2026-12-31
ALB-CLB-0001755,2019,CLB,3777.59,453.31080000000003,3777.59,0.00,,,0.00,2026-12-31
ALB-CLB-0001757,2020,CLB,10654.75,1278.57,10654.75,0.00,,,0.00,2026-12-31
ALB-CLB-0001760,2020,CLB,1858.92,223.0704,1858.92,0.00,,,0.00,2026-12-31
ALB-CLB-0001761,2018,CLB,9007.96,1080.9551999999999,9007.96,0.00,,,0.00,2026-12-31
ALB-CLB-0001783,2018,CLB,9623.92,1154.8704,9623.92,0.00,,,0.00,2026-12-31
ALB-CLB-0001789,2026,CLB,2430.04,291.6048,1417.52,1012.52,TR013,20.8,505.45,2026-12-31
ALB-CLB-0001798,2023,CLB,3899.74,467.96879999999993,3899.74,0.00,TR011,31.9,1244.02,2026-12-31
ALB-CLB-0001801,2020,CLB,1190.32,142.83839999999998,1190.32,0.00,,,0.00,2026-12-31
ALB-CLB-0001825,2025,CLB,9713.13,1165.5756,9713.13,0.00,,,0.00,2026-12-31
ALB-CLB-0001829,2020,CLB,3276.55,393.18600000000004,3276.55,0.00,,,0.00,2026-12-31
ALB-CLB-0001830,2021,CLB,8537.82,1024.5384,8537.82,0.00,,,0.00,2026-12-31
ALB-CLB-0001839,2023,CLB,10307.03,1236.8436,10307.03,0.00,TR011,31.9,3287.94,2026-12-31
ALB-CLB-0001847,2021,CLB,7255.0,870.6,7255.00,0.00,,,0.00,2026-12-31
ALB-CLB-0001873,2022,CLB,2730.53,327.66360000000003,2730.53,0.00,,,0.00,2026-12-31
ALB-CLB-0001875,2021,CLB,14517.37,1742.0844,14517.37,0.00,,,0.00,2026-12-31
ALB-CLB-0001886,2020,CLB,8104.62,972.5544,8104.62,0.00,,,0.00,2026-12-31
ALB-CLB-0001889,2019,CLB,2546.42,305.5704,2546.42,0.00,,,0.00,2026-12-31
ALB-CLB-0001901,2022,CLB,9728.84,1167.4608,9728.84,0.00,,,0.00,2026-12-31
ALB-CLB-0001902,2022,CLB,5281.34,633.7608,5281.34,0.00,,,0.00,2026-12-31
ALB-CLB-0001905,2021,CLB,6124.69,734.9627999999999,6124.69,0.00,,,0.00,2026-12-31
ALB-CLB-0001928,2023,CLB,7136.67,856.4004,7136.67,0.00,TR011,31.9,2276.60,2026-12-31
ALB-CLB-0001941,2019,CLB,8679.36,1041.5232,8679.36,0.00,,,0.00,2026-12-31
ALB-CLB-0001947,2019,CLB,8400.55,1008.0659999999999,8400.55,0.00,,,0.00,2026-12-31
ALB-CLB-0001951,2018,CLB,5778.88,693.4656,5778.88,0.00,,,0.00,2026-12-31
ALB-CLB-0001975,2025,CLB,2545.48,305.4576,2545.48,0.00,,,0.00,2026-12-31
ALB-CLB-0001978,2019,CLB,12061.8,1447.416,12061.80,0.00,,,0.00,2026-12-31
ALB-CLB-0001997,2026,CLB,6206.34,744.7608,3103.17,3103.17,TR013,20.8,1290.92,2026-12-31
ALB-CLB-0002004,2024,CLB,11359.02,1363.0824,11359.02,0.00,,,0.00,2026-12-31
ALB-CLB-0002007,2019,CLB,14233.69,1708.0428,14233.69,0.00,,,0.00,2026-12-31
ALB-CLB-0002012,2020,CLB,5499.4,659.9279999999999,5499.40,0.00,,,0.00,2026-12-31
ALB-CLB-0002019,2021,CLB,2547.47,305.6964,2547.47,0.00,,,0.00,2026-12-31
ALB-CLB-0002022,2025,CLB,14467.9,1736.148,14467.90,0.00,,,0.00,2026-12-31
ALB-CLB-0002025,2026,CLB,4737.92,568.5504,3553.44,1184.48,TR013,20.8,985.49,2026-12-31
ALB-CLB-0002035,2019,CLB,1881.61,225.79319999999998,1881.61,0.00,,,0.00,2026-12-31
ALB-CLB-0002039,2022,CLB,6244.3,749.316,6244.30,0.00,,,0.00,2026-12-31
ALB-CLB-0002046,2024,CLB,13243.99,1589.2787999999998,13243.99,0.00,,,0.00,2026-12-31
ALB-CLB-0002047,2018,CLB,4549.37,545.9244,4549.37,0.00,,,0.00,2026-12-31
ALB-CLB-0002048,2025,CLB,5751.35,690.162,5751.35,0.00,,,0.00,2026-12-31
ALB-CLB-0002056,2024,CLB,1973.62,236.8344,1973.62,0.00,,,0.00,2026-12-31
ALB-CLB-0002060,2018,CLB,2222.15,266.658,2222.15,0.00,,,0.00,2026-12-31
ALB-CLB-0002068,2023,CLB,8839.66,1060.7592,8839.66,0.00,TR011,31.9,2819.85,2026-12-31
ALB-CLB-0002069,2020,CLB,3747.88,449.7456,3747.88,0.00,,,0.00,2026-12-31
ALB-CLB-0002070,2023,CLB,5380.09,645.6108,5380.09,0.00,TR011,31.9,1716.25,2026-12-31
ALB-CLB-0002079,2025,CLB,2709.14,325.0968,2709.14,0.00,,,0.00,2026-12-31
ALB-CLB-0002085,2025,CLB,12396.23,1487.5475999999999,12396.23,0.00,,,0.00,2026-12-31
ALB-CLB-0002086,2019,CLB,8741.86,1049.0232,8741.86,0.00,,,0.00,2026-12-31
ALB-CLB-0002092,2025,CLB,7348.04,881.7647999999999,7348.04,0.00,,,0.00,2026-12-31
ALB-CLB-0002096,2018,CLB,8930.62,1071.6744,8930.62,0.00,,,0.00,2026-12-31
ALB-CLB-0002099,2018,CLB,12833.29,1539.9948,12833.29,0.00,,,0.00,2026-12-31
ALB-CLB-0002110,2020,CLB,2264.13,271.6956,2264.13,0.00,,,0.00,2026-12-31
ALB-CLB-0002113,2023,CLB,11925.53,1431.0636,11925.53,0.00,TR011,31.9,3804.24,2026-12-31
ALB-CLB-0002115,2022,CLB,3570.27,428.4324,3570.27,0.00,,,0.00,2026-12-31
ALB-CLB-0002140,2024,CLB,7545.35,905.442,7545.35,0.00,,,0.00,2026-12-31
ALB-CLB-0002157,2019,CLB,947.95,113.754,947.95,0.00,,,0.00,2026-12-31
ALB-CLB-0002177,2026,CLB,5822.09,698.6508,3881.39,1940.70,TR013,20.8,1210.99,2026-12-31
ALB-CLB-0002185,2019,CLB,2742.58,329.1096,2742.58,0.00,,,0.00,2026-12-31
ALB-CLB-0002189,2018,CLB,2319.8,278.37600000000003,2319.80,0.00,,,0.00,2026-12-31
ALB-CLB-0002191,2025,CLB,1997.43,239.6916,1997.43,0.00,,,0.00,2026-12-31
ALB-CLB-0002205,2020,CLB,7533.87,904.0644,7533.87,0.00,,,0.00,2026-12-31
ALB-CLB-0002215,2023,CLB,9187.47,1102.4964,9187.47,0.00,TR011,31.9,2930.80,2026-12-31
ALB-CLB-0002219,2018,CLB,4347.82,521.7384,4347.82,0.00,,,0.00,2026-12-31
ALB-CLB-0002227,2023,CLB,13481.13,1617.7355999999997,13481.13,0.00,TR011,31.9,4300.48,2026-12-31
ALB-CLB-0002234,2024,CLB,13288.94,1594.6728,13288.94,0.00,,,0.00,2026-12-31
ALB-CLB-0002245,2020,CLB,12124.31,1454.9171999999999,12124.31,0.00,,,0.00,2026-12-31
ALB-CLB-0002258,2024,CLB,3932.12,471.85439999999994,3932.12,0.00,,,0.00,2026-12-31
ALB-CLB-0002259,2021,CLB,13807.86,1656.9432,13807.86,0.00,,,0.00,2026-12-31
ALB-CLB-0002268,2025,CLB,4205.92,504.7104,4205.92,0.00,,,0.00,2026-12-31
ALB-CLB-0002273,2021,CLB,7502.67,900.3204,7502.67,0.00,,,0.00,2026-12-31
ALB-CLB-0002276,2019,CLB,14605.18,1752.6216,14605.18,0.00,,,0.00,2026-12-31
ALB-CLB-0002288,2019,CLB,5894.22,707.3064,5894.22,0.00,,,0.00,2026-12-31
ALB-CLB-0002308,2026,CLB,8425.14,1011.0167999999999,2106.29,6318.86,TR013,20.8,1752.43,2026-12-31
ALB-CLB-0002319,2023,CLB,6209.18,745.1016,6209.18,0.00,TR011,31.9,1980.73,2026-12-31
ALB-CLB-0002334,2023,CLB,7213.97,865.6764,7213.97,0.00,TR011,31.9,2301.26,2026-12-31
ALB-CLB-0002340,2022,CLB,7785.56,934.2672,7785.56,0.00,,,0.00,2026-12-31
ALB-CLB-0002350,2026,CLB,7291.31,874.9572000000001,1822.83,5468.48,TR013,20.8,1516.59,2026-12-31
ALB-CLB-0002358,2022,CLB,2023.2,242.784,2023.20,0.00,,,0.00,2026-12-31
ALB-CLB-0002364,2022,CLB,2258.5,271.02,2258.50,0.00,,,0.00,2026-12-31
ALB-CLB-0002365,2024,CLB,1439.9,172.788,1439.90,0.00,,,0.00,2026-12-31
ALB-CLB-0002375,2020,CLB,12093.83,1451.2595999999999,12093.83,0.00,,,0.00,2026-12-31
ALB-CLB-0002378,2023,CLB,9673.68,1160.8416,9673.68,0.00,TR011,31.9,3085.90,2026-12-31
ALB-CLB-0002382,2024,CLB,13052.54,1566.3048000000001,13052.54,0.00,,,0.00,2026-12-31
ALB-CLB-0002395,2021,CLB,8932.17,1071.8604,8932.17,0.00,,,0.00,2026-12-31
ALB-CLB-0002409,2020,CLB,7237.06,868.4472000000001,7237.06,0.00,,,0.00,2026-12-31
ALB-CLB-0002416,2023,CLB,6432.17,771.8604,6432.17,0.00,TR011,31.9,2051.86,2026-12-31
ALB-CLB-0002422,2018,CLB,7308.12,876.9744,7308.12,0.00,,,0.00,2026-12-31
ALB-CLB-0002423,2023,CLB,8534.48,1024.1376,8534.48,0.00,TR011,31.9,2722.50,2026-12-31
ALB-CLB-0002432,2024,CLB,8149.58,977.9495999999999,8149.58,0.00,,,0.00,2026-12-31
ALB-CLB-0002433,2022,CLB,2642.71,317.1252,2642.71,0.00,,,0.00,2026-12-31
ALB-CLB-0002443,2023,CLB,1611.11,193.33319999999998,1611.11,0.00,TR011,31.9,513.94,2026-12-31
ALB-CLB-0002468,2025,CLB,735.6,88.272,735.60,0.00,,,0.00,2026-12-31
ALB-CLB-0002470,2024,CLB,1283.96,154.0752,1283.96,0.00,,,0.00,2026-12-31
ALB-CLB-0002478,2023,CLB,3651.09,438.1308,3651.09,0.00,TR011,31.9,1164.70,2026-12-31
ALB-CLB-0002487,2025,CLB,13748.27,1649.7924,13748.27,0.00,,,0.00,2026-12-31
ALB-CLB-0002498,2026,CLB,9126.1,1095.132,4563.05,4563.05,TR013,20.8,1898.23,2026-12-31
ALB-CLB-0002505,2024,CLB,7079.71,849.5652,7079.71,0.00,,,0.00,2026-12-31
ALB-CLB-0002510,2022,CLB,6287.04,754.4448,6287.04,0.00,,,0.00,2026-12-31
ALB-CLB-0002529,2026,CLB,6362.34,763.4808,5301.95,1060.39,TR013,20.8,1323.37,2026-12-31
ALB-CLB-0002538,2023,CLB,3121.4,374.568,3121.40,0.00,TR011,31.9,995.73,2026-12-31
ALB-CLB-0002542,2021,CLB,12603.71,1512.4451999999999,12603.71,0.00,,,0.00,2026-12-31
ALB-CLB-0002543,2022,CLB,640.67,76.8804,640.67,0.00,,,0.00,2026-12-31
ALB-CLB-0002547,2022,CLB,9828.43,1179.4116,9828.43,0.00,,,0.00,2026-12-31
ALB-CLB-0002550,2023,CLB,10488.04,1258.5648,10488.04,0.00,TR011,31.9,3345.68,2026-12-31
ALB-CLB-0002563,2019,CLB,9085.14,1090.2168,9085.14,0.00,,,0.00,2026-12-31
ALB-CLB-0002566,2019,CLB,9365.02,1123.8024,9365.02,0.00,,,0.00,2026-12-31
ALB-CLB-0002571,2022,CLB,14678.56,1761.4271999999999,14678.56,0.00,,,0.00,2026-12-31
ALB-CLB-0002578,2024,CLB,5459.88,655.1856,5459.88,0.00,,,0.00,2026-12-31
ALB-CLB-0002604,2023,CLB,3936.04,472.3248,3936.04,0.00,TR011,31.9,1255.60,2026-12-31
ALB-CLB-0002607,2018,CLB,10702.3,1284.2759999999998,10702.30,0.00,,,0.00,2026-12-31
ALB-CLB-0002611,2019,CLB,8295.63,995.4755999999999,8295.63,0.00,,,0.00,2026-12-31
ALB-CLB-0002633,2023,CLB,4719.73,566.3675999999999,4719.73,0.00,TR011,31.9,1505.59,2026-12-31
ALB-CLB-0002646,2026,CLB,6243.06,749.1672,4682.30,1560.77,TR013,20.8,1298.56,2026-12-31
ALB-CLB-0002647,2024,CLB,12267.88,1472.1455999999998,12267.88,0.00,,,0.00,2026-12-31
ALB-CLB-0002655,2025,CLB,9077.85,1089.342,9077.85,0.00,,,0.00,2026-12-31
ALB-CLB-0002656,2018,CLB,12880.43,1545.6516,12880.43,0.00,,,0.00,2026-12-31
ALB-CLB-0002660,2024,CLB,14592.16,1751.0592,14592.16,0.00,,,0.00,2026-12-31
ALB-CLB-0002663,2018,CLB,5188.77,622.6524000000001,5188.77,0.00,,,0.00,2026-12-31
ALB-CLB-0002665,2018,CLB,14120.26,1694.4312,14120.26,0.00,,,0.00,2026-12-31
ALB-CLB-0002669,2020,CLB,7308.73,877.0475999999999,7308.73,0.00,,,0.00,2026-12-31
ALB-CLB-0002672,2019,CLB,1243.5,149.22,1243.50,0.00,,,0.00,2026-12-31
ALB-CLB-0002680,2023,CLB,2276.27,273.1524,2276.27,0.00,TR011,31.9,726.13,2026-12-31
ALB-CLB-0002693,2024,CLB,13178.8,1581.456,13178.80,0.00,,,0.00,2026-12-31
ALB-CLB-0002715,2021,CLB,12693.61,1523.2332000000001,12693.61,0.00,,,0.00,2026-12-31
ALB-CLB-0002731,2022,CLB,5062.26,607.4712,5062.26,0.00,,,0.00,2026-12-31
ALB-CLB-0002738,2024,CLB,12179.97,1461.5964,12179.97,0.00,,,0.00,2026-12-31
ALB-CLB-0002739,2024,CLB,7544.57,905.3484,7544.57,0.00,,,0.00,2026-12-31
ALB-CLB-0002761,2018,CLB,12496.37,1499.5644,12496.37,0.00,,,0.00,2026-12-31
ALB-CLB-0002782,2023,CLB,9889.01,1186.6812,9889.01,0.00,TR011,31.9,3154.59,2026-12-31
ALB-CLB-0002784,2018,CLB,3830.76,459.69120000000004,3830.76,0.00,,,0.00,2026-12-31
ALB-CLB-0002786,2022,CLB,12290.59,1474.8708,12290.59,0.00,,,0.00,2026-12-31
ALB-CLB-0002804,2021,CLB,5179.38,621.5255999999999,5179.38,0.00,,,0.00,2026-12-31
ALB-CLB-0002812,2023,CLB,3005.81,360.69719999999995,3005.81,0.00,TR011,31.9,958.85,2026-12-31
ALB-CLB-0002818,2020,CLB,6676.49,801.1787999999999,6676.49,0.00,,,0.00,2026-12-31
ALB-CLB-0002825,2024,CLB,6524.19,782.9028,6524.19,0.00,,,0.00,2026-12-31
ALB-CLB-0002833,2022,CLB,10555.01,1266.6012,10555.01,0.00,,,0.00,2026-12-31
ALB-CLB-0002840,2020,CLB,5851.63,702.1956,5851.63,0.00,,,0.00,2026-12-31
ALB-CLB-0002849,2026,CLB,11407.48,1368.8975999999998,1901.25,9506.23,TR013,20.8,2372.76,2026-12-31
ALB-CLB-0002852,2020,CLB,3607.96,432.9552,3607.96,0.00,,,0.00,2026-12-31
ALB-CLB-0002865,2020,CLB,7318.73,878.2475999999999,7318.73,0.00,,,0.00,2026-12-31
ALB-CLB-0002876,2023,CLB,8295.92,995.5104,8295.92,0.00,TR011,31.9,2646.40,2026-12-31
ALB-CLB-0002891,2025,CLB,6798.82,815.8584,6798.82,0.00,,,0.00,2026-12-31
ALB-CLB-0002903,2026,CLB,3902.74,468.32879999999994,1951.37,1951.37,TR013,20.8,811.77,2026-12-31
ALB-CLB-0002905,2021,CLB,11755.51,1410.6612,11755.51,0.00,,,0.00,2026-12-31
ALB-CLB-0002907,2023,CLB,10339.9,1240.788,10339.90,0.00,TR011,31.9,3298.43,2026-12-31
ALB-CLB-0002911,2020,CLB,2809.25,337.11,2809.25,0.00,,,0.00,2026-12-31
ALB-CLB-0002916,2024,CLB,7790.91,934.9091999999999,7790.91,0.00,,,0.00,2026-12-31
ALB-CLB-0002933,2023,CLB,5296.54,635.5848,5296.54,0.00,TR011,31.9,1689.60,2026-12-31
ALB-CLB-0002940,2019,CLB,8279.66,993.5591999999999,8279.66,0.00,,,0.00,2026-12-31
ALB-CLB-0002944,2021,CLB,5656.33,678.7596,5656.33,0.00,,,0.00,2026-12-31
ALB-CLB-0002946,2024,CLB,11895.55,1427.466,11895.55,0.00,,,0.00,2026-12-31
ALB-CLB-0002957,2023,CLB,11486.75,1378.4099999999999,11486.75,0.00,TR011,31.9,3664.27,2026-12-31
ALB-CLB-0002968,2025,CLB,874.33,104.9196,874.33,0.00,,,0.00,2026-12-31
ALB-CLB-0002969,2026,CLB,1294.66,155.35920000000002,539.44,755.22,TR013,20.8,269.29,2026-12-31
ALB-CLB-0002971,2020,CLB,5690.18,682.8216,5690.18,0.00,,,0.00,2026-12-31
ALB-CLB-0002974,2022,CLB,13693.63,1643.2355999999997,13693.63,0.00,,,0.00,2026-12-31
ALB-CLB-0002975,2026,CLB,1665.79,199.89479999999998,832.90,832.90,TR013,20.8,346.48,2026-12-31
ALB-CLB-0002981,2021,CLB,6766.39,811.9668,6766.39,0.00,,,0.00,2026-12-31
ALB-CLB-0002998,2026,CLB,1225.35,147.04199999999997,102.11,1123.24,TR013,20.8,254.87,2026-12-31
ALB-CLB-0003009,2023,CLB,6342.55,761.106,6342.55,0.00,TR011,31.9,2023.27,2026-12-31
ALB-CLB-0003013,2025,CLB,3859.38,463.1256,3859.38,0.00,,,0.00,2026-12-31
ALB-CLB-0003023,2020,CLB,2091.41,250.96919999999997,2091.41,0.00,,,0.00,2026-12-31
ALB-CLB-0003025,2020,CLB,11151.37,1338.1644000000001,11151.37,0.00,,,0.00,2026-12-31
ALB-CLB-0003026,2025,CLB,14074.06,1688.8872,14074.06,0.00,,,0.00,2026-12-31
ALB-CLB-0003031,2018,CLB,7847.93,941.7516,7847.93,0.00,,,0.00,2026-12-31
ALB-CLB-0003047,2022,CLB,8481.4,1017.7679999999999,8481.40,0.00,,,0.00,2026-12-31
ALB-CLB-0003050,2018,CLB,9467.28,1136.0736,9467.28,0.00,,,0.00,2026-12-31
ALB-CLB-0003058,2018,CLB,10025.71,1203.0851999999998,10025.71,0.00,,,0.00,2026-12-31
ALB-CLB-0003093,2023,CLB,11660.0,1399.2,11660.00,0.00,TR011,31.9,3719.54,2026-12-31
ALB-CLB-0003096,2021,CLB,14508.67,1741.0403999999999,14508.67,0.00,,,0.00,2026-12-31
ALB-CLB-0003103,2025,CLB,4496.33,539.5595999999999,4496.33,0.00,,,0.00,2026-12-31
ALB-CLB-0003104,2025,CLB,12134.82,1456.1784,12134.82,0.00,,,0.00,2026-12-31
ALB-CLB-0003105,2026,CLB,14559.67,1747.1604,12133.06,2426.61,TR013,20.8,3028.41,2026-12-31
ALB-CLB-0003113,2025,CLB,5667.77,680.1324000000001,5667.77,0.00,,,0.00,2026-12-31
ALB-CLB-0003121,2024,CLB,7722.51,926.7012,7722.51,0.00,,,0.00,2026-12-31
ALB-CLB-0003134,2021,CLB,13712.68,1645.5216,13712.68,0.00,,,0.00,2026-12-31
ALB-CLB-0003140,2021,CLB,5734.92,688.1904,5734.92,0.00,,,0.00,2026-12-31
ALB-CLB-0003147,2024,CLB,6720.93,806.5116,6720.93,0.00,,,0.00,2026-12-31
ALB-CLB-0003151,2024,CLB,4180.91,501.70919999999995,4180.91,0.00,,,0.00,2026-12-31
ALB-CLB-0003166,2023,CLB,11064.17,1327.7004,11064.17,0.00,TR011,31.9,3529.47,2026-12-31
ALB-CLB-0003171,2020,CLB,4330.73,519.6876,4330.73,0.00,,,0.00,2026-12-31
ALB-CLB-0003187,2020,CLB,7230.67,867.6804,7230.67,0.00,,,0.00,2026-12-31
ALB-CLB-0003205,2018,CLB,5669.33,680.3195999999999,5669.33,0.00,,,0.00,2026-12-31
ALB-CLB-0003209,2025,CLB,7454.08,894.4896,7454.08,0.00,,,0.00,2026-12-31
ALB-CLB-0003247,2018,CLB,9943.79,1193.2548000000002,9943.79,0.00,,,0.00,2026-12-31
ALB-CLB-0003255,2024,CLB,3776.47,453.17639999999994,3776.47,0.00,,,0.00,2026-12-31
ALB-CLB-0003260,2022,CLB,2601.67,312.2004,2601.67,0.00,,,0.00,2026-12-31
ALB-CLB-0003261,2019,CLB,12425.88,1491.1055999999999,12425.88,0.00,,,0.00,2026-12-31
ALB-CLB-0003269,2020,CLB,5742.84,689.1408,5742.84,0.00,,,0.00,2026-12-31
ALB-CLB-0003286,2019,CLB,14336.74,1720.4088,14336.74,0.00,,,0.00,2026-12-31
ALB-CLB-0003290,2020,CLB,10466.25,1255.95,10466.25,0.00,,,0.00,2026-12-31
ALB-CLB-0003298,2018,CLB,8059.44,967.1327999999999,8059.44,0.00,,,0.00,2026-12-31
ALB-CLB-0003303,2022,CLB,14614.28,1753.7136,14614.28,0.00,,,0.00,2026-12-31
ALB-CLB-0003312,2024,CLB,1423.07,170.76839999999999,1423.07,0.00,,,0.00,2026-12-31
ALB-CLB-0003317,2022,CLB,12803.6,1536.432,12803.60,0.00,,,0.00,2026-12-31
ALB-CLB-0003334,2022,CLB,13881.31,1665.7571999999998,13881.31,0.00,,,0.00,2026-12-31
ALB-CLB-0003358,2021,CLB,10280.93,1233.7116,10280.93,0.00,,,0.00,2026-12-31
ALB-CLB-0003378,2024,CLB,1239.42,148.7304,1239.42,0.00,,,0.00,2026-12-31
ALB-CLB-0003384,2019,CLB,14401.84,1728.2208,14401.84,0.00,,,0.00,2026-12-31
ALB-CLB-0003388,2025,CLB,10486.55,1258.386,10486.55,0.00,,,0.00,2026-12-31
ALB-CLB-0003396,2026,CLB,10841.38,1300.9655999999998,1806.90,9034.48,TR013,20.8,2255.01,2026-12-31
ALB-CLB-0003409,2025,CLB,7576.66,909.1991999999999,7576.66,0.00,,,0.00,2026-12-31
ALB-CLB-0003428,2022,CLB,1215.76,145.8912,1215.76,0.00,,,0.00,2026-12-31
ALB-CLB-0003442,2025,CLB,8520.83,1022.4996,8520.83,0.00,,,0.00,2026-12-31
ALB-CLB-0003464,2024,CLB,3748.89,449.86679999999996,3748.89,0.00,,,0.00,2026-12-31
ALB-CLB-0003466,2021,CLB,13321.35,1598.562,13321.35,0.00,,,0.00,2026-12-31
ALB-CLB-0003473,2023,CLB,14632.24,1755.8688,14632.24,0.00,TR011,31.9,4667.68,2026-12-31
ALB-CLB-0003487,2020,CLB,14040.96,1684.9152,14040.96,0.00,,,0.00,2026-12-31
ALB-CLB-0003490,2026,CLB,14058.89,1687.0667999999998,5857.87,8201.02,TR013,20.8,2924.25,2026-12-31
ALB-CLB-0003495,2018,CLB,2203.94,264.4728,2203.94,0.00,,,0.00,2026-12-31
ALB-CLB-0003506,2023,CLB,9089.86,1090.7832,9089.86,0.00,TR011,31.9,2899.67,2026-12-31
ALB-CLB-0003511,2018,CLB,11472.26,1376.6712,11472.26,0.00,,,0.00,2026-12-31
ALB-CLB-0003520,2022,CLB,9671.33,1160.5596,9671.33,0.00,,,0.00,2026-12-31
ALB-CLB-0003525,2026,CLB,10040.52,1204.8624,6693.68,3346.84,TR013,20.8,2088.43,2026-12-31
ALB-CLB-0003529,2025,CLB,6756.99,810.8388,6756.99,0.00,,,0.00,2026-12-31
ALB-CLB-0003539,2025,CLB,2735.11,328.21320000000003,2735.11,0.00,,,0.00,2026-12-31
ALB-CLB-0003543,2018,CLB,3246.8,389.616,3246.80,0.00,,,0.00,2026-12-31
ALB-CLB-0003558,2020,CLB,2833.02,339.9624,2833.02,0.00,,,0.00,2026-12-31
ALB-CLB-0003591,2023,CLB,5104.81,612.5772000000001,5104.81,0.00,TR011,31.9,1628.43,2026-12-31
ALB-CLB-0003593,2024,CLB,2768.97,332.27639999999997,2768.97,0.00,,,0.00,2026-12-31
ALB-CLB-0003616,2026,CLB,13034.87,1564.1844,9776.15,3258.72,TR013,20.8,2711.25,2026-12-31
ALB-CLB-0003638,2020,CLB,2089.05,250.686,2089.05,0.00,,,0.00,2026-12-31
ALB-CLB-0003639,2026,CLB,1124.96,134.9952,0.00,1124.96,TR013,20.8,233.99,2026-12-31
ALB-CLB-0003644,2023,CLB,14025.53,1683.0636,14025.53,0.00,TR011,31.9,4474.14,2026-12-31
ALB-CLB-0003646,2023,CLB,5134.2,616.1039999999999,5134.20,0.00,TR011,31.9,1637.81,2026-12-31
ALB-CLB-0003655,2025,CLB,14306.29,1716.7548,14306.29,0.00,,,0.00,2026-12-31
ALB-CLB-0003656,2023,CLB,14594.29,1751.3148,14594.29,0.00,TR011,31.9,4655.58,2026-12-31
ALB-CLB-0003670,2020,CLB,4603.61,552.4331999999999,4603.61,0.00,,,0.00,2026-12-31
ALB-CLB-0003673,2021,CLB,8033.7,964.044,8033.70,0.00,,,0.00,2026-12-31
ALB-CLB-0003680,2025,CLB,13317.24,1598.0688,13317.24,0.00,,,0.00,2026-12-31
ALB-CLB-0003684,2021,CLB,12209.08,1465.0896,12209.08,0.00,,,0.00,2026-12-31
ALB-CLB-0003685,2022,CLB,4753.37,570.4044,4753.37,0.00,,,0.00,2026-12-31
ALB-CLB-0003693,2022,CLB,7142.15,857.0579999999999,7142.15,0.00,,,0.00,2026-12-31
ALB-CLB-0003715,2019,CLB,3961.25,475.34999999999997,3961.25,0.00,,,0.00,2026-12-31
ALB-CLB-0003719,2021,CLB,3751.64,450.1968,3751.64,0.00,,,0.00,2026-12-31
ALB-CLB-0003730,2022,CLB,12207.3,1464.8759999999997,12207.30,0.00,,,0.00,2026-12-31
ALB-CLB-0003731,2025,CLB,4797.57,575.7084,4797.57,0.00,,,0.00,2026-12-31
ALB-CLB-0003742,2021,CLB,4256.51,510.7812,4256.51,0.00,,,0.00,2026-12-31
ALB-CLB-0003743,2024,CLB,1416.23,169.9476,1416.23,0.00,,,0.00,2026-12-31
ALB-CLB-0003745,2024,CLB,2905.87,348.70439999999996,2905.87,0.00,,,0.00,2026-12-31
ALB-CLB-0003752,2020,CLB,1239.29,148.7148,1239.29,0.00,,,0.00,2026-12-31
ALB-CLB-0003757,2021,CLB,3350.75,402.09,3350.75,0.00,,,0.00,2026-12-31
ALB-CLB-0003772,2019,CLB,4590.07,550.8083999999999,4590.07,0.00,,,0.00,2026-12-31
ALB-CLB-0003776,2021,CLB,3458.47,415.0164,3458.47,0.00,,,0.00,2026-12-31
ALB-CLB-0003786,2018,CLB,3629.92,435.5904,3629.92,0.00,,,0.00,2026-12-31
ALB-CLB-0003822,2023,CLB,9644.81,1157.3772,9644.81,0.00,TR011,31.9,3076.69,2026-12-31
ALB-CLB-0003844,2023,CLB,11111.94,1333.4328,11111.94,0.00,TR011,31.9,3544.71,2026-12-31
ALB-CLB-0003849,2026,CLB,12987.46,1558.4951999999998,2164.58,10822.88,TR013,20.8,2701.39,2026-12-31
ALB-CLB-0003853,2020,CLB,10317.92,1238.1504,10317.92,0.00,,,0.00,2026-12-31
ALB-CLB-0003865,2019,CLB,3251.54,390.1848,3251.54,0.00,,,0.00,2026-12-31
ALB-CLB-0003872,2019,CLB,8947.04,1073.6448,8947.04,0.00,,,0.00,2026-12-31
ALB-CLB-0003880,2022,CLB,3369.62,404.3544,3369.62,0.00,,,0.00,2026-12-31
ALB-CLB-0003897,2026,CLB,4387.56,526.5072,365.63,4021.93,TR013,20.8,912.61,2026-12-31
ALB-CLB-0003898,2021,CLB,12370.24,1484.4288,12370.24,0.00,,,0.00,2026-12-31
ALB-CLB-0003902,2021,CLB,8550.43,1026.0516,8550.43,0.00,,,0.00,2026-12-31
ALB-CLB-0003913,2022,CLB,5435.63,652.2755999999999,5435.63,0.00,,,0.00,2026-12-31
ALB-CLB-0003921,2026,CLB,11036.57,1324.3883999999998,5518.29,5518.29,TR013,20.8,2295.61,2026-12-31
ALB-CLB-0003925,2024,CLB,13148.59,1577.8308,13148.59,0.00,,,0.00,2026-12-31
ALB-CLB-0003936,2025,CLB,1748.51,209.8212,1748.51,0.00,,,0.00,2026-12-31
ALB-CLB-0003940,2023,CLB,12281.59,1473.7908,12281.59,0.00,TR011,31.9,3917.83,2026-12-31
ALB-CLB-0003942,2022,CLB,4805.2,576.6239999999999,4805.20,0.00,,,0.00,2026-12-31
ALB-CLB-0003957,2023,CLB,8427.73,1011.3276,8427.73,0.00,TR011,31.9,2688.45,2026-12-31
ALB-CLB-0003968,2023,CLB,7801.06,936.1272,7801.06,0.00,TR011,31.9,2488.54,2026-12-31
ALB-CLB-0003982,2026,CLB,13808.3,1656.9959999999999,4602.77,9205.53,TR013,20.8,2872.13,2026-12-31
ALB-CLB-0003985,2019,CLB,2456.83,294.8196,2456.83,0.00,,,0.00,2026-12-31
ALB-CLB-0004009,2019,CLB,1201.22,144.1464,1201.22,0.00,,,0.00,2026-12-31
ALB-CLB-0004012,2019,CLB,13384.92,1606.1904,13384.92,0.00,,,0.00,2026-12-31
ALB-CLB-0004017,2024,CLB,12824.22,1538.9063999999998,12824.22,0.00,,,0.00,2026-12-31
ALB-CLB-0004021,2023,CLB,6804.48,816.5375999999999,6804.48,0.00,TR011,31.9,2170.63,2026-12-31
ALB-CLB-0004037,2024,CLB,7231.14,867.7368,7231.14,0.00,,,0.00,2026-12-31
ALB-CLB-0004038,2025,CLB,12446.79,1493.6148,12446.79,0.00,,,0.00,2026-12-31
ALB-CLB-0004043,2018,CLB,820.14,98.4168,820.14,0.00,,,0.00,2026-12-31
ALB-CLB-0004048,2024,CLB,3594.94,431.39279999999997,3594.94,0.00,,,0.00,2026-12-31
ALB-CLB-0004051,2021,CLB,12897.0,1547.6399999999999,12897.00,0.00,,,0.00,2026-12-31
ALB-CLB-0004055,2026,CLB,4032.2,483.864,1008.05,3024.15,TR013,20.8,838.70,2026-12-31
ALB-CLB-0004057,2024,CLB,2219.35,266.322,2219.35,0.00,,,0.00,2026-12-31
ALB-CLB-0004071,2024,CLB,10553.49,1266.4188,10553.49,0.00,,,0.00,2026-12-31
ALB-CLB-0004075,2021,CLB,3190.57,382.8684,3190.57,0.00,,,0.00,2026-12-31
ALB-CLB-0004077,2025,CLB,1284.83,154.1796,1284.83,0.00,,,0.00,2026-12-31
ALB-CLB-0004084,2024,CLB,12270.81,1472.4971999999998,12270.81,0.00,,,0.00,2026-12-31
ALB-CLB-0004085,2023,CLB,11249.51,1349.9412,11249.51,0.00,TR011,31.9,3588.59,2026-12-31
ALB-CLB-0004097,2023,CLB,4664.49,559.7388,4664.49,0.00,TR011,31.9,1487.97,2026-12-31
ALB-CLB-0004108,2026,CLB,4649.41,557.9291999999999,4649.41,0.00,TR013,20.8,967.08,2026-12-31
ALB-CLB-0004142,2020,CLB,2643.95,317.27399999999994,2643.95,0.00,,,0.00,2026-12-31
ALB-CLB-0004155,2019,CLB,1755.07,210.6084,1755.07,0.00,,,0.00,2026-12-31
ALB-CLB-0004170,2022,CLB,7541.15,904.9379999999999,7541.15,0.00,,,0.00,2026-12-31
ALB-CLB-0004176,2022,CLB,5893.99,707.2787999999999,5893.99,0.00,,,0.00,2026-12-31
ALB-CLB-0004186,2020,CLB,14080.4,1689.648,14080.40,0.00,,,0.00,2026-12-31
ALB-CLB-0004193,2018,CLB,3710.17,445.2204,3710.17,0.00,,,0.00,2026-12-31
ALB-CLB-0004199,2024,CLB,7424.32,890.9183999999999,7424.32,0.00,,,0.00,2026-12-31
ALB-CLB-0004218,2020,CLB,1202.08,144.2496,1202.08,0.00,,,0.00,2026-12-31
ALB-CLB-0004234,2022,CLB,12943.74,1553.2487999999998,12943.74,0.00,,,0.00,2026-12-31
ALB-CLB-0004251,2019,CLB,14299.41,1715.9291999999998,14299.41,0.00,,,0.00,2026-12-31
ALB-CLB-0004253,2024,CLB,4938.03,592.5636,4938.03,0.00,,,0.00,2026-12-31
ALB-CLB-0004273,2025,CLB,6075.78,729.0935999999999,6075.78,0.00,,,0.00,2026-12-31
ALB-CLB-0004295,2024,CLB,8010.04,961.2048,8010.04,0.00,,,0.00,2026-12-31
ALB-CLB-0004317,2023,CLB,9603.84,1152.4608,9603.84,0.00,TR011,31.9,3063.62,2026-12-31
ALB-CLB-0004319,2026,CLB,13039.2,1564.704,0.00,13039.20,TR013,20.8,2712.15,2026-12-31
ALB-CLB-0004321,2023,CLB,13914.95,1669.794,13914.95,0.00,TR011,31.9,4438.87,2026-12-31
ALB-CLB-0004329,2021,CLB,11344.37,1361.3244,11344.37,0.00,,,0.00,2026-12-31
ALB-CLB-0004338,2024,CLB,12162.9,1459.548,12162.90,0.00,,,0.00,2026-12-31
ALB-CLB-0004374,2022,CLB,6875.93,825.1116,6875.93,0.00,,,0.00,2026-12-31
ALB-CLB-0004375,2018,CLB,10720.66,1286.4792,10720.66,0.00,,,0.00,2026-12-31
ALB-CLB-0004383,2023,CLB,1543.65,185.238,1543.65,0.00,TR011,31.9,492.42,2026-12-31
ALB-CLB-0004387,2021,CLB,8886.1,1066.332,8886.10,0.00,,,0.00,2026-12-31
ALB-CLB-0004416,2026,CLB,11802.87,1416.3444,9835.73,1967.15,TR013,20.8,2455.00,2026-12-31
ALB-CLB-0004426,2023,CLB,13393.15,1607.1779999999999,13393.15,0.00,TR011,31.9,4272.41,2026-12-31
ALB-CLB-0004450,2023,CLB,2574.21,308.9052,2574.21,0.00,TR011,31.9,821.17,2026-12-31
ALB-CLB-0004454,2025,CLB,7797.77,935.7324,7797.77,0.00,,,0.00,2026-12-31
ALB-CLB-0004460,2020,CLB,9861.96,1183.4352,9861.96,0.00,,,0.00,2026-12-31
ALB-CLB-0004487,2021,CLB,8353.08,1002.3696,8353.08,0.00,,,0.00,2026-12-31
ALB-CLB-0004491,2025,CLB,13898.6,1667.8319999999999,13898.60,0.00,,,0.00,2026-12-31
ALB-CLB-0004495,2024,CLB,6991.79,839.0147999999999,6991.79,0.00,,,0.00,2026-12-31
ALB-CLB-0004499,2024,CLB,3273.05,392.766,3273.05,0.00,,,0.00,2026-12-31
ALB-CLB-0004514,2022,CLB,8544.9,1025.388,8544.90,0.00,,,0.00,2026-12-31
ALB-CLB-0004515,2024,CLB,10238.42,1228.6104,10238.42,0.00,,,0.00,2026-12-31
ALB-CLB-0004518,2024,CLB,5669.13,680.2956,5669.13,0.00,,,0.00,2026-12-31
ALB-CLB-0004523,2020,CLB,11020.79,1322.4948000000002,11020.79,0.00,,,0.00,2026-12-31
ALB-CLB-0004525,2018,CLB,13228.0,1587.36,13228.00,0.00,,,0.00,2026-12-31
ALB-CLB-0004533,2023,CLB,8173.0,980.76,8173.00,0.00,TR011,31.9,2607.19,2026-12-31
ALB-CLB-0004546,2019,CLB,13805.49,1656.6588,13805.49,0.00,,,0.00,2026-12-31
ALB-CLB-0004560,2024,CLB,3541.58,424.9896,3541.58,0.00,,,0.00,2026-12-31
ALB-CLB-0004561,2026,CLB,8504.59,1020.5508,708.72,7795.87,TR013,20.8,1768.95,2026-12-31
ALB-CLB-0004571,2026,CLB,5362.37,643.4843999999999,4915.51,446.86,TR013,20.8,1115.37,2026-12-31
ALB-CLB-0004586,2020,CLB,9975.21,1197.0251999999998,9975.21,0.00,,,0.00,2026-12-31
ALB-CLB-0004595,2025,CLB,13284.79,1594.1748,13284.79,0.00,,,0.00,2026-12-31
ALB-CLB-0004597,2018,CLB,9332.03,1119.8436,9332.03,0.00,,,0.00,2026-12-31
ALB-CLB-0004600,2018,CLB,12834.48,1540.1375999999998,12834.48,0.00,,,0.00,2026-12-31
ALB-CLB-0004605,2019,CLB,7628.84,915.4608,7628.84,0.00,,,0.00,2026-12-31
ALB-CLB-0004614,2026,CLB,11768.05,1412.166,8826.04,2942.01,TR013,20.8,2447.75,2026-12-31
ALB-CLB-0004623,2022,CLB,4235.68,508.2816,4235.68,0.00,,,0.00,2026-12-31
ALB-CLB-0004629,2025,CLB,10047.85,1205.742,10047.85,0.00,,,0.00,2026-12-31
ALB-CLB-0004644,2021,CLB,14059.13,1687.0955999999999,14059.13,0.00,,,0.00,2026-12-31
ALB-CLB-0004654,2026,CLB,14430.68,1731.6816,7215.34,7215.34,TR013,20.8,3001.58,2026-12-31
ALB-CLB-0004669,2021,CLB,13617.78,1634.1336000000001,13617.78,0.00,,,0.00,2026-12-31
ALB-CLB-0004671,2019,CLB,3111.0,373.32,3111.00,0.00,,,0.00,2026-12-31
ALB-CLB-0004677,2021,CLB,9113.95,1093.674,9113.95,0.00,,,0.00,2026-12-31
ALB-CLB-0004680,2025,CLB,10865.63,1303.8755999999998,10865.63,0.00,,,0.00,2026-12-31
ALB-CLB-0004690,2025,CLB,2155.24,258.62879999999996,2155.24,0.00,,,0.00,2026-12-31
ALB-CLB-0004695,2018,CLB,3306.48,396.7776,3306.48,0.00,,,0.00,2026-12-31
ALB-CLB-0004702,2019,CLB,7060.58,847.2696,7060.58,0.00,,,0.00,2026-12-31
ALB-CLB-0004717,2026,CLB,5556.78,666.8136,4630.65,926.13,TR013,20.8,1155.81,2026-12-31
ALB-CLB-0004722,2026,CLB,4740.9,568.9079999999999,1975.38,2765.52,TR013,20.8,986.11,2026-12-31
ALB-CLB-0004724,2025,CLB,7920.89,950.5068,7920.89,0.00,,,0.00,2026-12-31
ALB-CLB-0004726,2020,CLB,9345.22,1121.4263999999998,9345.22,0.00,,,0.00,2026-12-31
ALB-CLB-0004734,2026,CLB,1785.92,214.3104,148.83,1637.09,TR013,20.8,371.47,2026-12-31
ALB-CLB-0004740,2024,CLB,1680.34,201.64079999999998,1680.34,0.00,,,0.00,2026-12-31
ALB-CLB-0004742,2020,CLB,11155.26,1338.6312,11155.26,0.00,,,0.00,2026-12-31
ALB-CLB-0004752,2023,CLB,11006.39,1320.7667999999999,11006.39,0.00,TR011,31.9,3511.04,2026-12-31
ALB-CLB-0004764,2025,CLB,2491.12,298.9344,2491.12,0.00,,,0.00,2026-12-31
ALB-CLB-0004779,2020,CLB,7529.35,903.522,7529.35,0.00,,,0.00,2026-12-31
ALB-CLB-0004787,2021,CLB,3142.25,377.07,3142.25,0.00,,,0.00,2026-12-31
ALB-CLB-0004788,2021,CLB,10451.46,1254.1752,10451.46,0.00,,,0.00,2026-12-31
ALB-CLB-0004790,2019,CLB,13898.73,1667.8475999999998,13898.73,0.00,,,0.00,2026-12-31
ALB-CLB-0004791,2022,CLB,1218.24,146.1888,1218.24,0.00,,,0.00,2026-12-31
ALB-CLB-0004805,2026,CLB,10668.62,1280.2344,8890.52,1778.10,TR013,20.8,2219.07,2026-12-31
ALB-CLB-0004811,2019,CLB,5318.48,638.2176,5318.48,0.00,,,0.00,2026-12-31
ALB-CLB-0004812,2026,CLB,14599.12,1751.8944000000001,6082.97,8516.15,TR013,20.8,3036.62,2026-12-31
ALB-CLB-0004816,2023,CLB,12329.12,1479.4944,12329.12,0.00,TR011,31.9,3932.99,2026-12-31
ALB-CLB-0004821,2018,CLB,7032.17,843.8604,7032.17,0.00,,,0.00,2026-12-31
ALB-CLB-0004824,2020,CLB,8480.79,1017.6948000000001,8480.79,0.00,,,0.00,2026-12-31
ALB-CLB-0004827,2022,CLB,12941.58,1552.9895999999999,12941.58,0.00,,,0.00,2026-12-31
ALB-CLB-0004840,2024,CLB,7176.67,861.2004,7176.67,0.00,,,0.00,2026-12-31
ALB-CLB-0004856,2026,CLB,4791.4,574.968,0.00,4791.40,TR013,20.8,996.61,2026-12-31
ALB-CLB-0004859,2023,CLB,11138.14,1336.5767999999998,11138.14,0.00,TR011,31.9,3553.07,2026-12-31
ALB-CLB-0004873,2023,CLB,2416.35,289.962,2416.35,0.00,TR011,31.9,770.82,2026-12-31
ALB-CLB-0004891,2021,CLB,6939.63,832.7556,6939.63,0.00,,,0.00,2026-12-31
ALB-CLB-0004908,2024,CLB,13402.15,1608.2579999999998,13402.15,0.00,,,0.00,2026-12-31
ALB-CLB-0004912,2022,CLB,8628.35,1035.402,8628.35,0.00,,,0.00,2026-12-31
ALB-CLB-0004914,2025,CLB,5401.99,648.2388,5401.99,0.00,,,0.00,2026-12-31
ALB-CLB-0004917,2023,CLB,8074.77,968.9724,8074.77,0.00,TR011,31.9,2575.85,2026-12-31
ALB-CLB-0004919,2024,CLB,3740.48,448.8576,3740.48,0.00,,,0.00,2026-12-31
ALB-CLB-0004948,2019,CLB,7711.89,925.4268,7711.89,0.00,,,0.00,2026-12-31
ALB-CLB-0004953,2024,CLB,6624.62,794.9544,6624.62,0.00,,,0.00,2026-12-31
ALB-CLB-0004956,2022,CLB,12214.63,1465.7556,12214.63,0.00,,,0.00,2026-12-31
ALB-CLB-0004959,2025,CLB,11131.69,1335.8028,11131.69,0.00,,,0.00,2026-12-31
ALB-CLB-0004962,2020,CLB,4622.89,554.7468,4622.89,0.00,,,0.00,2026-12-31
ALB-CLB-0004977,2026,CLB,2667.12,320.0544,666.78,2000.34,TR013,20.8,554.76,2026-12-31
ALB-CLB-0004979,2026,CLB,5811.96,697.4352,1452.99,4358.97,TR013,20.8,1208.89,2026-12-31
ALB-CLB-0004981,2018,CLB,5278.63,633.4356,5278.63,0.00,,,0.00,2026-12-31
ALB-CLB-0005008,2024,CLB,6871.25,824.55,6871.25,0.00,,,0.00,2026-12-31
ALB-CLB-0005015,2025,CLB,7753.62,930.4344,7753.62,0.00,,,0.00,2026-12-31
ALB-CLB-0005028,2019,CLB,1789.42,214.7304,1789.42,0.00,,,0.00,2026-12-31
ALB-CLB-0005038,2020,CLB,6846.21,821.5452,6846.21,0.00,,,0.00,2026-12-31
ALB-CLB-0005042,2018,CLB,9841.0,1180.9199999999998,9841.00,0.00,,,0.00,2026-12-31
ALB-CLB-0005043,2021,CLB,955.27,114.63239999999999,955.27,0.00,,,0.00,2026-12-31
ALB-CLB-0005048,2023,CLB,13087.2,1570.464,13087.20,0.00,TR011,31.9,4174.82,2026-12-31
ALB-CLB-0005052,2020,CLB,9132.53,1095.9036,9132.53,0.00,,,0.00,2026-12-31
ALB-CLB-0005053,2019,CLB,10918.6,1310.232,10918.60,0.00,,,0.00,2026-12-31
ALB-CLB-0005061,2021,CLB,8714.28,1045.7136,8714.28,0.00,,,0.00,2026-12-31
ALB-CLB-0005063,2019,CLB,10064.77,1207.7724,10064.77,0.00,,,0.00,2026-12-31
ALB-CLB-0005078,2018,CLB,8719.4,1046.328,8719.40,0.00,,,0.00,2026-12-31
ALB-CLB-0005090,2023,CLB,10160.84,1219.3008,10160.84,0.00,TR011,31.9,3241.31,2026-12-31
ALB-CLB-0005120,2022,CLB,13451.71,1614.2051999999999,13451.71,0.00,,,0.00,2026-12-31
ALB-CLB-0005128,2023,CLB,1984.71,238.1652,1984.71,0.00,TR011,31.9,633.12,2026-12-31
ALB-CLB-0005139,2023,CLB,765.98,91.9176,765.98,0.00,TR011,31.9,244.35,2026-12-31
ALB-CLB-0005146,2020,CLB,11990.29,1438.8348,11990.29,0.00,,,0.00,2026-12-31
ALB-CLB-0005181,2023,CLB,13567.5,1628.1,13567.50,0.00,TR011,31.9,4328.03,2026-12-31
ALB-CLB-0005196,2020,CLB,9969.53,1196.3436,9969.53,0.00,,,0.00,2026-12-31
ALB-CPM-0000004,2024,CPM,5518.41,662.2092,5518.41,0.00,,,0.00,2026-12-31
ALB-CPM-0000014,2018,CPM,12872.45,1544.694,12872.45,0.00,,,0.00,2026-12-31
ALB-CPM-0000023,2025,CPM,14177.24,1701.2687999999998,14177.24,0.00,,,0.00,2026-12-31
ALB-CPM-0000026,2023,CPM,3286.13,394.3356,3286.13,0.00,TR008,26.7,877.40,2026-12-31
ALB-CPM-0000032,2024,CPM,13378.84,1605.4608,13378.84,0.00,,,0.00,2026-12-31
ALB-CPM-0000033,2026,CPM,3121.57,374.5884,2861.44,260.13,,,0.00,2026-12-31
ALB-CPM-0000046,2023,CPM,5063.66,607.6392,5063.66,0.00,TR008,26.7,1352.00,2026-12-31
ALB-CPM-0000053,2025,CPM,9759.17,1171.1004,9759.17,0.00,,,0.00,2026-12-31
ALB-CPM-0000054,2020,CPM,10090.5,1210.86,10090.50,0.00,,,0.00,2026-12-31
ALB-CPM-0000066,2025,CPM,10934.66,1312.1591999999998,10934.66,0.00,,,0.00,2026-12-31
ALB-CPM-0000067,2023,CPM,11653.25,1398.3899999999999,11653.25,0.00,TR008,26.7,3111.42,2026-12-31
ALB-CPM-0000074,2024,CPM,10525.47,1263.0564,10525.47,0.00,,,0.00,2026-12-31
ALB-CPM-0000078,2019,CPM,7676.73,921.2076,7676.73,0.00,TR006,11.0,844.44,2026-12-31
ALB-CPM-0000079,2025,CPM,6517.68,782.1216000000001,6517.68,0.00,,,0.00,2026-12-31
ALB-CPM-0000095,2023,CPM,12211.01,1465.3211999999999,12211.01,0.00,TR008,26.7,3260.34,2026-12-31
ALB-CPM-0000101,2020,CPM,11604.99,1392.5988,11604.99,0.00,,,0.00,2026-12-31
ALB-CPM-0000114,2021,CPM,5023.43,602.8116,5023.43,0.00,TR017,32.8,1647.69,2026-12-31
ALB-CPM-0000121,2018,CPM,5390.26,646.8312,5390.26,0.00,,,0.00,2026-12-31
ALB-CPM-0000134,2021,CPM,10377.45,1245.294,10377.45,0.00,TR017,32.8,3403.80,2026-12-31
ALB-CPM-0000139,2025,CPM,5106.62,612.7944,5106.62,0.00,,,0.00,2026-12-31
ALB-CPM-0000158,2018,CPM,7195.13,863.4155999999999,7195.13,0.00,,,0.00,2026-12-31
ALB-CPM-0000173,2024,CPM,14397.56,1727.7071999999998,14397.56,0.00,,,0.00,2026-12-31
ALB-CPM-0000178,2019,CPM,12416.84,1490.0208,12416.84,0.00,TR006,11.0,1365.85,2026-12-31
ALB-CPM-0000191,2020,CPM,11852.38,1422.2856,11852.38,0.00,,,0.00,2026-12-31
ALB-CPM-0000194,2022,CPM,2431.7,291.804,2431.70,0.00,,,0.00,2026-12-31
ALB-CPM-0000209,2021,CPM,1030.79,123.69479999999999,1030.79,0.00,TR017,32.8,338.10,2026-12-31
ALB-CPM-0000219,2024,CPM,5500.21,660.0251999999999,5500.21,0.00,,,0.00,2026-12-31
ALB-CPM-0000234,2022,CPM,4872.42,584.6904,4872.42,0.00,,,0.00,2026-12-31
ALB-CPM-0000253,2023,CPM,879.61,105.5532,879.61,0.00,TR008,26.7,234.86,2026-12-31
ALB-CPM-0000260,2025,CPM,13003.13,1560.3755999999998,13003.13,0.00,,,0.00,2026-12-31
ALB-CPM-0000269,2022,CPM,7403.63,888.4356,7403.63,0.00,,,0.00,2026-12-31
ALB-CPM-0000277,2025,CPM,10436.15,1252.338,10436.15,0.00,,,0.00,2026-12-31
ALB-CPM-0000288,2023,CPM,10756.48,1290.7776,10756.48,0.00,TR008,26.7,2871.98,2026-12-31
ALB-CPM-0000298,2025,CPM,3272.42,392.6904,3272.42,0.00,,,0.00,2026-12-31
ALB-CPM-0000316,2021,CPM,1215.2,145.824,1215.20,0.00,TR017,32.8,398.59,2026-12-31
ALB-CPM-0000323,2022,CPM,9258.57,1111.0284,9258.57,0.00,,,0.00,2026-12-31
ALB-CPM-0000324,2022,CPM,4961.47,595.3764,4961.47,0.00,,,0.00,2026-12-31
ALB-CPM-0000331,2024,CPM,3313.07,397.5684,3313.07,0.00,,,0.00,2026-12-31
ALB-CPM-0000338,2018,CPM,10697.5,1283.7,10697.50,0.00,,,0.00,2026-12-31
ALB-CPM-0000342,2019,CPM,11290.74,1354.8888,11290.74,0.00,TR006,11.0,1241.98,2026-12-31
ALB-CPM-0000346,2021,CPM,1270.89,152.5068,1270.89,0.00,TR017,32.8,416.85,2026-12-31
ALB-CPM-0000353,2024,CPM,13954.3,1674.5159999999998,13954.30,0.00,,,0.00,2026-12-31
ALB-CPM-0000361,2019,CPM,13866.82,1664.0184,13866.82,0.00,TR006,11.0,1525.35,2026-12-31
ALB-CPM-0000366,2018,CPM,4024.3,482.916,4024.30,0.00,,,0.00,2026-12-31
ALB-CPM-0000380,2025,CPM,13627.79,1635.3348,13627.79,0.00,,,0.00,2026-12-31
ALB-CPM-0000387,2020,CPM,2419.63,290.3556,2419.63,0.00,,,0.00,2026-12-31
ALB-CPM-0000412,2023,CPM,14540.41,1744.8491999999999,14540.41,0.00,TR008,26.7,3882.29,2026-12-31
ALB-CPM-0000422,2019,CPM,2007.41,240.8892,2007.41,0.00,TR006,11.0,220.82,2026-12-31
ALB-CPM-0000430,2022,CPM,9215.35,1105.842,9215.35,0.00,,,0.00,2026-12-31
ALB-CPM-0000446,2021,CPM,12689.5,1522.74,12689.50,0.00,TR017,32.8,4162.16,2026-12-31
ALB-CPM-0000451,2018,CPM,12082.36,1449.8832,12082.36,0.00,,,0.00,2026-12-31
ALB-CPM-0000454,2025,CPM,14030.81,1683.6971999999998,14030.81,0.00,,,0.00,2026-12-31
ALB-CPM-0000455,2019,CPM,8739.17,1048.7004,8739.17,0.00,TR006,11.0,961.31,2026-12-31
ALB-CPM-0000476,2024,CPM,11669.2,1400.304,11669.20,0.00,,,0.00,2026-12-31
ALB-CPM-0000478,2020,CPM,13238.36,1588.6032,13238.36,0.00,,,0.00,2026-12-31
ALB-CPM-0000488,2023,CPM,4984.97,598.1964,4984.97,0.00,TR008,26.7,1330.99,2026-12-31
ALB-CPM-0000501,2025,CPM,1293.69,155.2428,1293.69,0.00,,,0.00,2026-12-31
ALB-CPM-0000527,2018,CPM,993.59,119.2308,993.59,0.00,,,0.00,2026-12-31
ALB-CPM-0000546,2023,CPM,7443.87,893.2643999999999,7443.87,0.00,TR008,26.7,1987.51,2026-12-31
ALB-CPM-0000551,2020,CPM,13865.47,1663.8564,13865.47,0.00,,,0.00,2026-12-31
ALB-CPM-0000556,2023,CPM,8007.92,960.9504,8007.92,0.00,TR008,26.7,2138.11,2026-12-31
ALB-CPM-0000567,2026,CPM,2891.96,347.0352,1686.98,1204.98,,,0.00,2026-12-31
ALB-CPM-0000570,2019,CPM,6579.18,789.5016,6579.18,0.00,TR006,11.0,723.71,2026-12-31
ALB-CPM-0000572,2023,CPM,3379.97,405.59639999999996,3379.97,0.00,TR008,26.7,902.45,2026-12-31
ALB-CPM-0000579,2025,CPM,5948.65,713.838,5948.65,0.00,,,0.00,2026-12-31
ALB-CPM-0000587,2018,CPM,6018.42,722.2103999999999,6018.42,0.00,,,0.00,2026-12-31
ALB-CPM-0000615,2025,CPM,9905.87,1188.7044,9905.87,0.00,,,0.00,2026-12-31
ALB-CPM-0000617,2026,CPM,2785.12,334.21439999999996,1160.47,1624.65,,,0.00,2026-12-31
ALB-CPM-0000626,2018,CPM,742.94,89.1528,742.94,0.00,,,0.00,2026-12-31
ALB-CPM-0000635,2025,CPM,11671.38,1400.5656,11671.38,0.00,,,0.00,2026-12-31
ALB-CPM-0000653,2024,CPM,10033.43,1204.0116,10033.43,0.00,,,0.00,2026-12-31
ALB-CPM-0000657,2018,CPM,6408.03,768.9635999999999,6408.03,0.00,,,0.00,2026-12-31
ALB-CPM-0000673,2019,CPM,13939.25,1672.71,13939.25,0.00,TR006,11.0,1533.32,2026-12-31
ALB-CPM-0000685,2022,CPM,702.61,84.3132,702.61,0.00,,,0.00,2026-12-31
ALB-CPM-0000725,2020,CPM,5755.98,690.7176,5755.98,0.00,,,0.00,2026-12-31
ALB-CPM-0000752,2018,CPM,1975.83,237.09959999999998,1975.83,0.00,,,0.00,2026-12-31
ALB-CPM-0000755,2025,CPM,13314.64,1597.7567999999999,13314.64,0.00,,,0.00,2026-12-31
ALB-CPM-0000770,2024,CPM,6591.52,790.9824,6591.52,0.00,,,0.00,2026-12-31
ALB-CPM-0000780,2026,CPM,6262.69,751.5228,5218.91,1043.78,,,0.00,2026-12-31
ALB-CPM-0000782,2025,CPM,1809.84,217.18079999999998,1809.84,0.00,,,0.00,2026-12-31
ALB-CPM-0000788,2020,CPM,4624.73,554.9676,4624.73,0.00,,,0.00,2026-12-31
ALB-CPM-0000790,2020,CPM,8705.18,1044.6216,8705.18,0.00,,,0.00,2026-12-31
ALB-CPM-0000792,2022,CPM,11868.03,1424.1636,11868.03,0.00,,,0.00,2026-12-31
ALB-CPM-0000793,2019,CPM,6381.27,765.7524000000001,6381.27,0.00,TR006,11.0,701.94,2026-12-31
ALB-CPM-0000803,2023,CPM,1068.17,128.1804,1068.17,0.00,TR008,26.7,285.20,2026-12-31
ALB-CPM-0000804,2021,CPM,5014.76,601.7712,5014.76,0.00,TR017,32.8,1644.84,2026-12-31
ALB-CPM-0000814,2021,CPM,9650.64,1158.0767999999998,9650.64,0.00,TR017,32.8,3165.41,2026-12-31
ALB-CPM-0000815,2021,CPM,13003.35,1560.402,13003.35,0.00,TR017,32.8,4265.10,2026-12-31
ALB-CPM-0000818,2022,CPM,5857.38,702.8856,5857.38,0.00,,,0.00,2026-12-31
ALB-CPM-0000836,2018,CPM,7407.83,888.9395999999999,7407.83,0.00,,,0.00,2026-12-31
ALB-CPM-0000840,2020,CPM,13773.07,1652.7684,13773.07,0.00,,,0.00,2026-12-31
ALB-CPM-0000841,2025,CPM,10063.33,1207.5996,10063.33,0.00,,,0.00,2026-12-31
ALB-CPM-0000862,2018,CPM,5824.32,698.9183999999999,5824.32,0.00,,,0.00,2026-12-31
ALB-CPM-0000869,2026,CPM,12917.45,1550.094,7535.18,5382.27,,,0.00,2026-12-31
ALB-CPM-0000880,2018,CPM,810.78,97.2936,810.78,0.00,,,0.00,2026-12-31
ALB-CPM-0000886,2026,CPM,12832.97,1539.9563999999998,7485.90,5347.07,,,0.00,2026-12-31
ALB-CPM-0000901,2024,CPM,2588.42,310.61039999999997,2588.42,0.00,,,0.00,2026-12-31
ALB-CPM-0000915,2022,CPM,3156.24,378.74879999999996,3156.24,0.00,,,0.00,2026-12-31
ALB-CPM-0000916,2021,CPM,7281.52,873.7824,7281.52,0.00,TR017,32.8,2388.34,2026-12-31
ALB-CPM-0000918,2024,CPM,9690.08,1162.8096,9690.08,0.00,,,0.00,2026-12-31
ALB-CPM-0000919,2026,CPM,5104.92,612.5903999999999,2127.05,2977.87,,,0.00,2026-12-31
ALB-CPM-0000949,2023,CPM,5606.17,672.7404,5606.17,0.00,TR008,26.7,1496.85,2026-12-31
ALB-CPM-0000964,2025,CPM,2920.02,350.4024,2920.02,0.00,,,0.00,2026-12-31
ALB-CPM-0000966,2020,CPM,5688.99,682.6787999999999,5688.99,0.00,,,0.00,2026-12-31
ALB-CPM-0000968,2024,CPM,10324.92,1238.9904,10324.92,0.00,,,0.00,2026-12-31
ALB-CPM-0000976,2023,CPM,9410.55,1129.2659999999998,9410.55,0.00,TR008,26.7,2512.62,2026-12-31
ALB-CPM-0000980,2020,CPM,5640.65,676.8779999999999,5640.65,0.00,,,0.00,2026-12-31
ALB-CPM-0000998,2020,CPM,3564.95,427.794,3564.95,0.00,,,0.00,2026-12-31
ALB-CPM-0000999,2020,CPM,6882.18,825.8616,6882.18,0.00,,,0.00,2026-12-31
ALB-CPM-0001008,2021,CPM,3285.35,394.24199999999996,3285.35,0.00,TR017,32.8,1077.59,2026-12-31
ALB-CPM-0001033,2025,CPM,10022.01,1202.6412,10022.01,0.00,,,0.00,2026-12-31
ALB-CPM-0001046,2024,CPM,5949.48,713.9376,5949.48,0.00,,,0.00,2026-12-31
ALB-CPM-0001068,2020,CPM,13859.53,1663.1436,13859.53,0.00,,,0.00,2026-12-31
ALB-CPM-0001070,2025,CPM,1778.02,213.36239999999998,1778.02,0.00,,,0.00,2026-12-31
ALB-CPM-0001076,2023,CPM,10611.55,1273.386,10611.55,0.00,TR008,26.7,2833.28,2026-12-31
ALB-CPM-0001079,2023,CPM,1221.73,146.6076,1221.73,0.00,TR008,26.7,326.20,2026-12-31
ALB-CPM-0001080,2018,CPM,1236.13,148.3356,1236.13,0.00,,,0.00,2026-12-31
ALB-CPM-0001086,2020,CPM,14633.54,1756.0248000000001,14633.54,0.00,,,0.00,2026-12-31
ALB-CPM-0001091,2019,CPM,12424.09,1490.8908,12424.09,0.00,TR006,11.0,1366.65,2026-12-31
ALB-CPM-0001105,2025,CPM,12364.7,1483.7640000000001,12364.70,0.00,,,0.00,2026-12-31
ALB-CPM-0001106,2025,CPM,1652.15,198.258,1652.15,0.00,,,0.00,2026-12-31
ALB-CPM-0001111,2023,CPM,3732.3,447.87600000000003,3732.30,0.00,TR008,26.7,996.52,2026-12-31
ALB-CPM-0001116,2019,CPM,8133.42,976.0104,8133.42,0.00,TR006,11.0,894.68,2026-12-31
ALB-CPM-0001138,2020,CPM,13935.6,1672.272,13935.60,0.00,,,0.00,2026-12-31
ALB-CPM-0001148,2023,CPM,11236.54,1348.3848,11236.54,0.00,TR008,26.7,3000.16,2026-12-31
ALB-CPM-0001151,2025,CPM,11289.74,1354.7687999999998,11289.74,0.00,,,0.00,2026-12-31
ALB-CPM-0001153,2019,CPM,8223.34,986.8008,8223.34,0.00,TR006,11.0,904.57,2026-12-31
ALB-CPM-0001159,2025,CPM,13156.01,1578.7212,13156.01,0.00,,,0.00,2026-12-31
ALB-CPM-0001162,2019,CPM,14263.91,1711.6691999999998,14263.91,0.00,TR006,11.0,1569.03,2026-12-31
ALB-CPM-0001182,2023,CPM,1387.41,166.4892,1387.41,0.00,TR008,26.7,370.44,2026-12-31
ALB-CPM-0001194,2023,CPM,8937.82,1072.5384,8937.82,0.00,TR008,26.7,2386.40,2026-12-31
ALB-CPM-0001203,2019,CPM,10263.32,1231.5983999999999,10263.32,0.00,TR006,11.0,1128.97,2026-12-31
ALB-CPM-0001207,2024,CPM,9641.7,1157.0040000000001,9641.70,0.00,,,0.00,2026-12-31
ALB-CPM-0001245,2020,CPM,1054.91,126.5892,1054.91,0.00,,,0.00,2026-12-31
ALB-CPM-0001254,2021,CPM,9653.38,1158.4055999999998,9653.38,0.00,TR017,32.8,3166.31,2026-12-31
ALB-CPM-0001269,2021,CPM,4902.47,588.2964000000001,4902.47,0.00,TR017,32.8,1608.01,2026-12-31
ALB-CPM-0001273,2023,CPM,11480.95,1377.714,11480.95,0.00,TR008,26.7,3065.41,2026-12-31
ALB-CPM-0001281,2025,CPM,2852.38,342.2856,2852.38,0.00,,,0.00,2026-12-31
ALB-CPM-0001286,2020,CPM,12762.62,1531.5144,12762.62,0.00,,,0.00,2026-12-31
ALB-CPM-0001292,2024,CPM,11150.82,1338.0983999999999,11150.82,0.00,,,0.00,2026-12-31
ALB-CPM-0001299,2022,CPM,13531.95,1623.834,13531.95,0.00,,,0.00,2026-12-31
ALB-CPM-0001306,2021,CPM,1979.82,237.5784,1979.82,0.00,TR017,32.8,649.38,2026-12-31
ALB-CPM-0001312,2022,CPM,14071.66,1688.5991999999999,14071.66,0.00,,,0.00,2026-12-31
ALB-CPM-0001320,2018,CPM,3814.99,457.79879999999997,3814.99,0.00,,,0.00,2026-12-31
ALB-CPM-0001330,2025,CPM,8163.51,979.6212,8163.51,0.00,,,0.00,2026-12-31
ALB-CPM-0001331,2022,CPM,12222.79,1466.7348,12222.79,0.00,,,0.00,2026-12-31
ALB-CPM-0001333,2020,CPM,2450.37,294.0444,2450.37,0.00,,,0.00,2026-12-31
ALB-CPM-0001349,2020,CPM,9435.39,1132.2468,9435.39,0.00,,,0.00,2026-12-31
ALB-CPM-0001355,2026,CPM,8891.76,1067.0112,1481.96,7409.80,,,0.00,2026-12-31
ALB-CPM-0001366,2019,CPM,10954.34,1314.5208,10954.34,0.00,TR006,11.0,1204.98,2026-12-31
ALB-CPM-0001370,2023,CPM,13389.55,1606.7459999999999,13389.55,0.00,TR008,26.7,3575.01,2026-12-31
ALB-CPM-0001372,2021,CPM,5003.32,600.3983999999999,5003.32,0.00,TR017,32.8,1641.09,2026-12-31
ALB-CPM-0001377,2021,CPM,3079.0,369.47999999999996,3079.00,0.00,TR017,32.8,1009.91,2026-12-31
ALB-CPM-0001380,2022,CPM,8760.74,1051.2888,8760.74,0.00,,,0.00,2026-12-31
ALB-CPM-0001386,2024,CPM,6652.35,798.282,6652.35,0.00,,,0.00,2026-12-31
ALB-CPM-0001391,2020,CPM,3794.62,455.3544,3794.62,0.00,,,0.00,2026-12-31
ALB-CPM-0001392,2023,CPM,9448.74,1133.8488,9448.74,0.00,TR008,26.7,2522.81,2026-12-31
ALB-CPM-0001401,2026,CPM,12515.36,1501.8432,7300.63,5214.73,,,0.00,2026-12-31
ALB-CPM-0001402,2023,CPM,4361.4,523.3679999999999,4361.40,0.00,TR008,26.7,1164.49,2026-12-31
ALB-CPM-0001404,2021,CPM,2779.77,333.57239999999996,2779.77,0.00,TR017,32.8,911.76,2026-12-31
ALB-CPM-0001406,2021,CPM,5754.28,690.5136,5754.28,0.00,TR017,32.8,1887.40,2026-12-31
ALB-CPM-0001410,2024,CPM,6322.52,758.7024,6322.52,0.00,,,0.00,2026-12-31
ALB-CPM-0001411,2018,CPM,11549.61,1385.9532,11549.61,0.00,,,0.00,2026-12-31
ALB-CPM-0001421,2023,CPM,3750.63,450.0756,3750.63,0.00,TR008,26.7,1001.42,2026-12-31
ALB-CPM-0001426,2023,CPM,1095.61,131.4732,1095.61,0.00,TR008,26.7,292.53,2026-12-31
ALB-CPM-0001432,2023,CPM,6943.41,833.2091999999999,6943.41,0.00,TR008,26.7,1853.89,2026-12-31
ALB-CPM-0001440,2023,CPM,12538.84,1504.6607999999999,12538.84,0.00,TR008,26.7,3347.87,2026-12-31
ALB-CPM-0001449,2024,CPM,1967.91,236.1492,1967.91,0.00,,,0.00,2026-12-31
ALB-CPM-0001469,2023,CPM,8391.47,1006.9763999999999,8391.47,0.00,TR008,26.7,2240.52,2026-12-31
ALB-CPM-0001474,2019,CPM,6390.84,766.9008,6390.84,0.00,TR006,11.0,702.99,2026-12-31
ALB-CPM-0001480,2023,CPM,13496.25,1619.55,13496.25,0.00,TR008,26.7,3603.50,2026-12-31
ALB-CPM-0001484,2021,CPM,2241.42,268.9704,2241.42,0.00,TR017,32.8,735.19,2026-12-31
ALB-CPM-0001495,2024,CPM,5775.74,693.0888,5775.74,0.00,,,0.00,2026-12-31
ALB-CPM-0001496,2020,CPM,5602.69,672.3227999999999,5602.69,0.00,,,0.00,2026-12-31
ALB-CPM-0001499,2021,CPM,10873.72,1304.8464,10873.72,0.00,TR017,32.8,3566.58,2026-12-31
ALB-CPM-0001517,2018,CPM,2421.21,290.54519999999997,2421.21,0.00,,,0.00,2026-12-31
ALB-CPM-0001523,2025,CPM,4921.76,590.6112,4921.76,0.00,,,0.00,2026-12-31
ALB-CPM-0001526,2022,CPM,10477.38,1257.2856,10477.38,0.00,,,0.00,2026-12-31
ALB-CPM-0001527,2019,CPM,7246.52,869.5824,7246.52,0.00,TR006,11.0,797.12,2026-12-31
ALB-CPM-0001547,2019,CPM,7720.84,926.5008,7720.84,0.00,TR006,11.0,849.29,2026-12-31
ALB-CPM-0001556,2026,CPM,11945.53,1433.4636,0.00,11945.53,,,0.00,2026-12-31
ALB-CPM-0001574,2022,CPM,2089.72,250.76639999999998,2089.72,0.00,,,0.00,2026-12-31
ALB-CPM-0001575,2020,CPM,699.64,83.9568,699.64,0.00,,,0.00,2026-12-31
ALB-CPM-0001585,2026,CPM,14332.36,1719.8832,8360.54,5971.82,,,0.00,2026-12-31
ALB-CPM-0001591,2021,CPM,911.45,109.374,911.45,0.00,TR017,32.8,298.96,2026-12-31
ALB-CPM-0001609,2023,CPM,12028.72,1443.4463999999998,12028.72,0.00,TR008,26.7,3211.67,2026-12-31
ALB-CPM-0001623,2023,CPM,12938.96,1552.6752,12938.96,0.00,TR008,26.7,3454.70,2026-12-31
ALB-CPM-0001625,2025,CPM,5013.42,601.6104,5013.42,0.00,,,0.00,2026-12-31
ALB-CPM-0001629,2021,CPM,1072.85,128.742,1072.85,0.00,TR017,32.8,351.89,2026-12-31
ALB-CPM-0001638,2023,CPM,3630.54,435.66479999999996,3630.54,0.00,TR008,26.7,969.35,2026-12-31
ALB-CPM-0001639,2018,CPM,9175.67,1101.0804,9175.67,0.00,,,0.00,2026-12-31
ALB-CPM-0001640,2019,CPM,6356.68,762.8016,6356.68,0.00,TR006,11.0,699.23,2026-12-31
ALB-CPM-0001674,2020,CPM,10310.76,1237.2912,10310.76,0.00,,,0.00,2026-12-31
ALB-CPM-0001680,2024,CPM,10423.49,1250.8188,10423.49,0.00,,,0.00,2026-12-31
ALB-CPM-0001683,2023,CPM,10684.1,1282.092,10684.10,0.00,TR008,26.7,2852.65,2026-12-31
ALB-CPM-0001693,2026,CPM,7548.16,905.7792,2516.05,5032.11,,,0.00,2026-12-31
ALB-CPM-0001702,2019,CPM,4674.78,560.9735999999999,4674.78,0.00,TR006,11.0,514.23,2026-12-31
ALB-CPM-0001704,2024,CPM,2539.93,304.79159999999996,2539.93,0.00,,,0.00,2026-12-31
ALB-CPM-0001719,2023,CPM,8383.94,1006.0728,8383.94,0.00,TR008,26.7,2238.51,2026-12-31
ALB-CPM-0001732,2018,CPM,8035.08,964.2095999999999,8035.08,0.00,,,0.00,2026-12-31
ALB-CPM-0001746,2020,CPM,14267.37,1712.0844,14267.37,0.00,,,0.00,2026-12-31
ALB-CPM-0001764,2020,CPM,6053.61,726.4331999999999,6053.61,0.00,,,0.00,2026-12-31
ALB-CPM-0001771,2020,CPM,1567.72,188.1264,1567.72,0.00,,,0.00,2026-12-31
ALB-CPM-0001773,2018,CPM,10965.79,1315.8948,10965.79,0.00,,,0.00,2026-12-31
ALB-CPM-0001774,2021,CPM,1684.44,202.1328,1684.44,0.00,TR017,32.8,552.50,2026-12-31
ALB-CPM-0001777,2021,CPM,9483.92,1138.0704,9483.92,0.00,TR017,32.8,3110.73,2026-12-31
ALB-CPM-0001782,2023,CPM,14460.92,1735.3103999999998,14460.92,0.00,TR008,26.7,3861.07,2026-12-31
ALB-CPM-0001791,2026,CPM,2881.18,345.74159999999995,2160.88,720.30,,,0.00,2026-12-31
ALB-CPM-0001792,2021,CPM,3918.31,470.19719999999995,3918.31,0.00,TR017,32.8,1285.21,2026-12-31
ALB-CPM-0001795,2019,CPM,6974.98,836.9975999999999,6974.98,0.00,TR006,11.0,767.25,2026-12-31
ALB-CPM-0001796,2020,CPM,7832.08,939.8496,7832.08,0.00,,,0.00,2026-12-31
ALB-CPM-0001802,2025,CPM,13658.17,1638.9804,13658.17,0.00,,,0.00,2026-12-31
ALB-CPM-0001816,2025,CPM,2653.25,318.39,2653.25,0.00,,,0.00,2026-12-31
ALB-CPM-0001820,2022,CPM,4406.48,528.7775999999999,4406.48,0.00,,,0.00,2026-12-31
ALB-CPM-0001822,2026,CPM,11616.93,1394.0316,6776.54,4840.39,,,0.00,2026-12-31
ALB-CPM-0001854,2019,CPM,10275.55,1233.0659999999998,10275.55,0.00,TR006,11.0,1130.31,2026-12-31
ALB-CPM-0001860,2024,CPM,11194.57,1343.3483999999999,11194.57,0.00,,,0.00,2026-12-31
ALB-CPM-0001866,2024,CPM,7771.76,932.6111999999999,7771.76,0.00,,,0.00,2026-12-31
ALB-CPM-0001874,2024,CPM,7291.29,874.9548,7291.29,0.00,,,0.00,2026-12-31
ALB-CPM-0001896,2019,CPM,5834.13,700.0956,5834.13,0.00,TR006,11.0,641.75,2026-12-31
ALB-CPM-0001907,2018,CPM,7956.54,954.7847999999999,7956.54,0.00,,,0.00,2026-12-31
ALB-CPM-0001908,2019,CPM,13665.1,1639.812,13665.10,0.00,TR006,11.0,1503.16,2026-12-31
ALB-CPM-0001917,2026,CPM,10546.38,1265.5656,3515.46,7030.92,,,0.00,2026-12-31
ALB-CPM-0001918,2024,CPM,11942.42,1433.0904,11942.42,0.00,,,0.00,2026-12-31
ALB-CPM-0001919,2023,CPM,9609.58,1153.1496,9609.58,0.00,TR008,26.7,2565.76,2026-12-31
ALB-CPM-0001950,2019,CPM,6722.6,806.712,6722.60,0.00,TR006,11.0,739.49,2026-12-31
ALB-CPM-0001961,2018,CPM,8079.08,969.4896,8079.08,0.00,,,0.00,2026-12-31
ALB-CPM-0001968,2019,CPM,2758.87,331.0644,2758.87,0.00,TR006,11.0,303.48,2026-12-31
ALB-CPM-0001973,2021,CPM,2677.46,321.29519999999997,2677.46,0.00,TR017,32.8,878.21,2026-12-31
ALB-CPM-0001976,2020,CPM,4458.45,535.014,4458.45,0.00,,,0.00,2026-12-31
ALB-CPM-0001982,2025,CPM,3760.51,451.26120000000003,3760.51,0.00,,,0.00,2026-12-31
ALB-CPM-0001983,2020,CPM,10104.98,1212.5975999999998,10104.98,0.00,,,0.00,2026-12-31
ALB-CPM-0001991,2022,CPM,12888.33,1546.5996,12888.33,0.00,,,0.00,2026-12-31
ALB-CPM-0001993,2023,CPM,6668.9,800.2679999999999,6668.90,0.00,TR008,26.7,1780.60,2026-12-31
ALB-CPM-0002003,2023,CPM,13026.02,1563.1224,13026.02,0.00,TR008,26.7,3477.95,2026-12-31
ALB-CPM-0002005,2019,CPM,6552.42,786.2904,6552.42,0.00,TR006,11.0,720.77,2026-12-31
ALB-CPM-0002029,2026,CPM,10693.51,1283.2212,5346.76,5346.76,,,0.00,2026-12-31
ALB-CPM-0002036,2021,CPM,767.93,92.15159999999999,767.93,0.00,TR017,32.8,251.88,2026-12-31
ALB-CPM-0002052,2020,CPM,13700.18,1644.0216,13700.18,0.00,,,0.00,2026-12-31
ALB-CPM-0002053,2018,CPM,3719.34,446.3208,3719.34,0.00,,,0.00,2026-12-31
ALB-CPM-0002055,2019,CPM,13766.25,1651.95,13766.25,0.00,TR006,11.0,1514.29,2026-12-31
ALB-CPM-0002064,2025,CPM,4668.18,560.1816,4668.18,0.00,,,0.00,2026-12-31
ALB-CPM-0002076,2020,CPM,10425.95,1251.114,10425.95,0.00,,,0.00,2026-12-31
ALB-CPM-0002082,2018,CPM,13385.1,1606.212,13385.10,0.00,,,0.00,2026-12-31
ALB-CPM-0002087,2019,CPM,8815.81,1057.8971999999999,8815.81,0.00,TR006,11.0,969.74,2026-12-31
ALB-CPM-0002095,2022,CPM,10255.2,1230.624,10255.20,0.00,,,0.00,2026-12-31
ALB-CPM-0002106,2025,CPM,13793.29,1655.1948,13793.29,0.00,,,0.00,2026-12-31
ALB-CPM-0002112,2020,CPM,8597.22,1031.6663999999998,8597.22,0.00,,,0.00,2026-12-31
ALB-CPM-0002116,2019,CPM,8873.96,1064.8752,8873.96,0.00,TR006,11.0,976.14,2026-12-31
ALB-CPM-0002124,2023,CPM,9141.22,1096.9463999999998,9141.22,0.00,TR008,26.7,2440.71,2026-12-31
ALB-CPM-0002125,2018,CPM,10462.86,1255.5432,10462.86,0.00,,,0.00,2026-12-31
ALB-CPM-0002131,2022,CPM,5987.31,718.4772,5987.31,0.00,,,0.00,2026-12-31
ALB-CPM-0002135,2019,CPM,4272.88,512.7456,4272.88,0.00,TR006,11.0,470.02,2026-12-31
ALB-CPM-0002143,2026,CPM,3624.63,434.9556,0.00,3624.63,,,0.00,2026-12-31
ALB-CPM-0002159,2020,CPM,8437.87,1012.5444000000001,8437.87,0.00,,,0.00,2026-12-31
ALB-CPM-0002162,2024,CPM,5912.33,709.4796,5912.33,0.00,,,0.00,2026-12-31
ALB-CPM-0002163,2025,CPM,4879.4,585.5279999999999,4879.40,0.00,,,0.00,2026-12-31
ALB-CPM-0002167,2022,CPM,9908.05,1188.966,9908.05,0.00,,,0.00,2026-12-31
ALB-CPM-0002182,2025,CPM,13737.94,1648.5528,13737.94,0.00,,,0.00,2026-12-31
ALB-CPM-0002193,2025,CPM,12686.48,1522.3775999999998,12686.48,0.00,,,0.00,2026-12-31
ALB-CPM-0002198,2021,CPM,7492.87,899.1443999999999,7492.87,0.00,TR017,32.8,2457.66,2026-12-31
ALB-CPM-0002204,2025,CPM,10223.74,1226.8488,10223.74,0.00,,,0.00,2026-12-31
ALB-CPM-0002211,2026,CPM,6746.01,809.5212,1686.50,5059.51,,,0.00,2026-12-31
ALB-CPM-0002216,2021,CPM,7957.29,954.8747999999999,7957.29,0.00,TR017,32.8,2609.99,2026-12-31
ALB-CPM-0002228,2024,CPM,12813.11,1537.5732,12813.11,0.00,,,0.00,2026-12-31
ALB-CPM-0002232,2023,CPM,4126.56,495.1872,4126.56,0.00,TR008,26.7,1101.79,2026-12-31
ALB-CPM-0002233,2019,CPM,1407.2,168.864,1407.20,0.00,TR006,11.0,154.79,2026-12-31
ALB-CPM-0002242,2023,CPM,2680.51,321.6612,2680.51,0.00,TR008,26.7,715.70,2026-12-31
ALB-CPM-0002250,2026,CPM,2338.33,280.59959999999995,1753.75,584.58,,,0.00,2026-12-31
ALB-CPM-0002257,2021,CPM,12804.62,1536.5544,12804.62,0.00,TR017,32.8,4199.92,2026-12-31
ALB-CPM-0002260,2023,CPM,10120.49,1214.4587999999999,10120.49,0.00,TR008,26.7,2702.17,2026-12-31
ALB-CPM-0002285,2025,CPM,12025.39,1443.0467999999998,12025.39,0.00,,,0.00,2026-12-31
ALB-CPM-0002294,2020,CPM,6844.67,821.3604,6844.67,0.00,,,0.00,2026-12-31
ALB-CPM-0002297,2022,CPM,9304.68,1116.5616,9304.68,0.00,,,0.00,2026-12-31
ALB-CPM-0002320,2020,CPM,8849.1,1061.892,8849.10,0.00,,,0.00,2026-12-31
ALB-CPM-0002324,2021,CPM,6459.19,775.1027999999999,6459.19,0.00,TR017,32.8,2118.61,2026-12-31
ALB-CPM-0002327,2019,CPM,12325.83,1479.0996,12325.83,0.00,TR006,11.0,1355.84,2026-12-31
ALB-CPM-0002331,2019,CPM,9360.92,1123.3104,9360.92,0.00,TR006,11.0,1029.70,2026-12-31
ALB-CPM-0002345,2018,CPM,8371.66,1004.5992,8371.66,0.00,,,0.00,2026-12-31
ALB-CPM-0002352,2018,CPM,10178.19,1221.3828,10178.19,0.00,,,0.00,2026-12-31
ALB-CPM-0002360,2026,CPM,810.9,97.30799999999999,337.88,473.03,,,0.00,2026-12-31
ALB-CPM-0002396,2026,CPM,3748.49,449.81879999999995,937.12,2811.37,,,0.00,2026-12-31
ALB-CPM-0002408,2019,CPM,8440.82,1012.8983999999999,8440.82,0.00,TR006,11.0,928.49,2026-12-31
ALB-CPM-0002415,2021,CPM,7937.47,952.4964,7937.47,0.00,TR017,32.8,2603.49,2026-12-31
ALB-CPM-0002420,2024,CPM,7068.08,848.1696,7068.08,0.00,,,0.00,2026-12-31
ALB-CPM-0002424,2022,CPM,1911.11,229.33319999999998,1911.11,0.00,,,0.00,2026-12-31
ALB-CPM-0002426,2022,CPM,8478.48,1017.4175999999999,8478.48,0.00,,,0.00,2026-12-31
ALB-CPM-0002430,2022,CPM,8282.7,993.9240000000001,8282.70,0.00,,,0.00,2026-12-31
ALB-CPM-0002445,2024,CPM,6964.64,835.7568,6964.64,0.00,,,0.00,2026-12-31
ALB-CPM-0002452,2024,CPM,14665.73,1759.8875999999998,14665.73,0.00,,,0.00,2026-12-31
ALB-CPM-0002465,2023,CPM,12975.27,1557.0324,12975.27,0.00,TR008,26.7,3464.40,2026-12-31
ALB-CPM-0002488,2026,CPM,13496.18,1619.5416,6748.09,6748.09,,,0.00,2026-12-31
ALB-CPM-0002496,2026,CPM,4226.89,507.2268,1408.96,2817.93,,,0.00,2026-12-31
ALB-CPM-0002497,2023,CPM,8945.95,1073.5140000000001,8945.95,0.00,TR008,26.7,2388.57,2026-12-31
ALB-CPM-0002503,2021,CPM,12718.32,1526.1984,12718.32,0.00,TR017,32.8,4171.61,2026-12-31
ALB-CPM-0002515,2019,CPM,13661.51,1639.3812,13661.51,0.00,TR006,11.0,1502.77,2026-12-31
ALB-CPM-0002544,2026,CPM,2848.14,341.7768,712.04,2136.11,,,0.00,2026-12-31
ALB-CPM-0002545,2020,CPM,10153.71,1218.4451999999999,10153.71,0.00,,,0.00,2026-12-31
ALB-CPM-0002549,2022,CPM,14147.86,1697.7432000000001,14147.86,0.00,,,0.00,2026-12-31
ALB-CPM-0002554,2023,CPM,12870.25,1544.4299999999998,12870.25,0.00,TR008,26.7,3436.36,2026-12-31
ALB-CPM-0002569,2025,CPM,8458.97,1015.0763999999999,8458.97,0.00,,,0.00,2026-12-31
ALB-CPM-0002581,2026,CPM,10159.07,1219.0883999999999,0.00,10159.07,,,0.00,2026-12-31
ALB-CPM-0002609,2022,CPM,4494.0,539.28,4494.00,0.00,,,0.00,2026-12-31
ALB-CPM-0002621,2022,CPM,11618.25,1394.19,11618.25,0.00,,,0.00,2026-12-31
ALB-CPM-0002626,2023,CPM,9262.71,1111.5251999999998,9262.71,0.00,TR008,26.7,2473.14,2026-12-31
ALB-CPM-0002627,2021,CPM,3890.44,466.8528,3890.44,0.00,TR017,32.8,1276.06,2026-12-31
ALB-CPM-0002632,2024,CPM,12961.16,1555.3392,12961.16,0.00,,,0.00,2026-12-31
ALB-CPM-0002634,2026,CPM,2837.27,340.4724,1891.51,945.76,,,0.00,2026-12-31
ALB-CPM-0002641,2022,CPM,6679.86,801.5831999999999,6679.86,0.00,,,0.00,2026-12-31
ALB-CPM-0002648,2022,CPM,12511.13,1501.3355999999999,12511.13,0.00,,,0.00,2026-12-31
ALB-CPM-0002650,2019,CPM,12657.0,1518.84,12657.00,0.00,TR006,11.0,1392.27,2026-12-31
ALB-CPM-0002676,2024,CPM,1260.42,151.2504,1260.42,0.00,,,0.00,2026-12-31
ALB-CPM-0002681,2021,CPM,3344.51,401.3412,3344.51,0.00,TR017,32.8,1097.00,2026-12-31
ALB-CPM-0002682,2018,CPM,6560.47,787.2564,6560.47,0.00,,,0.00,2026-12-31
ALB-CPM-0002699,2023,CPM,11125.6,1335.072,11125.60,0.00,TR008,26.7,2970.54,2026-12-31
ALB-CPM-0002702,2019,CPM,1322.5,158.7,1322.50,0.00,TR006,11.0,145.48,2026-12-31
ALB-CPM-0002710,2026,CPM,11632.67,1395.9204,1938.78,9693.89,,,0.00,2026-12-31
ALB-CPM-0002713,2018,CPM,14177.77,1701.3324,14177.77,0.00,,,0.00,2026-12-31
ALB-CPM-0002721,2025,CPM,5043.79,605.2547999999999,5043.79,0.00,,,0.00,2026-12-31
ALB-CPM-0002727,2025,CPM,6946.63,833.5956,6946.63,0.00,,,0.00,2026-12-31
ALB-CPM-0002733,2020,CPM,14628.55,1755.426,14628.55,0.00,,,0.00,2026-12-31
ALB-CPM-0002743,2023,CPM,11875.67,1425.0804,11875.67,0.00,TR008,26.7,3170.80,2026-12-31
ALB-CPM-0002752,2021,CPM,4733.81,568.0572000000001,4733.81,0.00,TR017,32.8,1552.69,2026-12-31
ALB-CPM-0002753,2018,CPM,5278.29,633.3947999999999,5278.29,0.00,,,0.00,2026-12-31
ALB-CPM-0002760,2018,CPM,12954.57,1554.5484,12954.57,0.00,,,0.00,2026-12-31
ALB-CPM-0002762,2021,CPM,7928.84,951.4608,7928.84,0.00,TR017,32.8,2600.66,2026-12-31
ALB-CPM-0002765,2020,CPM,8128.28,975.3935999999999,8128.28,0.00,,,0.00,2026-12-31
ALB-CPM-0002777,2026,CPM,7166.89,860.0268,5375.17,1791.72,,,0.00,2026-12-31
ALB-CPM-0002797,2023,CPM,6439.16,772.6991999999999,6439.16,0.00,TR008,26.7,1719.26,2026-12-31
ALB-CPM-0002808,2023,CPM,971.69,116.6028,971.69,0.00,TR008,26.7,259.44,2026-12-31
ALB-CPM-0002828,2018,CPM,9195.85,1103.502,9195.85,0.00,,,0.00,2026-12-31
ALB-CPM-0002850,2025,CPM,7548.68,905.8416,7548.68,0.00,,,0.00,2026-12-31
ALB-CPM-0002851,2019,CPM,12148.88,1457.8655999999999,12148.88,0.00,TR006,11.0,1336.38,2026-12-31
ALB-CPM-0002861,2018,CPM,3847.24,461.6688,3847.24,0.00,,,0.00,2026-12-31
ALB-CPM-0002863,2022,CPM,13168.54,1580.2248,13168.54,0.00,,,0.00,2026-12-31
ALB-CPM-0002870,2018,CPM,8512.99,1021.5587999999999,8512.99,0.00,,,0.00,2026-12-31
ALB-CPM-0002884,2025,CPM,7819.95,938.3939999999999,7819.95,0.00,,,0.00,2026-12-31
ALB-CPM-0002898,2022,CPM,9834.05,1180.0859999999998,9834.05,0.00,,,0.00,2026-12-31
ALB-CPM-0002913,2018,CPM,12058.83,1447.0596,12058.83,0.00,,,0.00,2026-12-31
ALB-CPM-0002921,2022,CPM,6404.71,768.5652,6404.71,0.00,,,0.00,2026-12-31
ALB-CPM-0002923,2023,CPM,13536.13,1624.3355999999999,13536.13,0.00,TR008,26.7,3614.15,2026-12-31
ALB-CPM-0002934,2025,CPM,7784.49,934.1388,7784.49,0.00,,,0.00,2026-12-31
ALB-CPM-0002951,2020,CPM,7648.54,917.8248,7648.54,0.00,,,0.00,2026-12-31
ALB-CPM-0002966,2021,CPM,1778.42,213.4104,1778.42,0.00,TR017,32.8,583.32,2026-12-31
ALB-CPM-0002973,2018,CPM,7545.55,905.466,7545.55,0.00,,,0.00,2026-12-31
ALB-CPM-0002986,2021,CPM,8264.48,991.7375999999999,8264.48,0.00,TR017,32.8,2710.75,2026-12-31
ALB-CPM-0002995,2026,CPM,6219.57,746.3484,1554.89,4664.68,,,0.00,2026-12-31
ALB-CPM-0003003,2025,CPM,8810.33,1057.2395999999999,8810.33,0.00,,,0.00,2026-12-31
ALB-CPM-0003014,2024,CPM,7431.04,891.7248,7431.04,0.00,,,0.00,2026-12-31
ALB-CPM-0003019,2020,CPM,7324.21,878.9051999999999,7324.21,0.00,,,0.00,2026-12-31
ALB-CPM-0003029,2024,CPM,9947.1,1193.652,9947.10,0.00,,,0.00,2026-12-31
ALB-CPM-0003037,2026,CPM,1150.41,138.0492,1054.54,95.87,,,0.00,2026-12-31
ALB-CPM-0003040,2020,CPM,9493.52,1139.2224,9493.52,0.00,,,0.00,2026-12-31
ALB-CPM-0003046,2024,CPM,13156.9,1578.828,13156.90,0.00,,,0.00,2026-12-31
ALB-CPM-0003055,2018,CPM,8029.21,963.5052,8029.21,0.00,,,0.00,2026-12-31
ALB-CPM-0003059,2024,CPM,7999.51,959.9412,7999.51,0.00,,,0.00,2026-12-31
ALB-CPM-0003063,2023,CPM,13732.37,1647.8844000000001,13732.37,0.00,TR008,26.7,3666.54,2026-12-31
ALB-CPM-0003064,2022,CPM,9093.98,1091.2776,9093.98,0.00,,,0.00,2026-12-31
ALB-CPM-0003067,2018,CPM,8042.2,965.064,8042.20,0.00,,,0.00,2026-12-31
ALB-CPM-0003071,2023,CPM,4409.25,529.11,4409.25,0.00,TR008,26.7,1177.27,2026-12-31
ALB-CPM-0003074,2018,CPM,2161.76,259.4112,2161.76,0.00,,,0.00,2026-12-31
ALB-CPM-0003080,2023,CPM,11268.68,1352.2416,11268.68,0.00,TR008,26.7,3008.74,2026-12-31
ALB-CPM-0003083,2023,CPM,12793.33,1535.1996,12793.33,0.00,TR008,26.7,3415.82,2026-12-31
ALB-CPM-0003100,2021,CPM,1134.28,136.1136,1134.28,0.00,TR017,32.8,372.04,2026-12-31
ALB-CPM-0003108,2024,CPM,801.29,96.1548,801.29,0.00,,,0.00,2026-12-31
ALB-CPM-0003111,2023,CPM,12991.96,1559.0351999999998,12991.96,0.00,TR008,26.7,3468.85,2026-12-31
ALB-CPM-0003132,2023,CPM,2639.04,316.6848,2639.04,0.00,TR008,26.7,704.62,2026-12-31
ALB-CPM-0003133,2026,CPM,2810.48,337.25759999999997,468.41,2342.07,,,0.00,2026-12-31
ALB-CPM-0003141,2019,CPM,9993.2,1199.184,9993.20,0.00,TR006,11.0,1099.25,2026-12-31
ALB-CPM-0003144,2024,CPM,3840.81,460.8972,3840.81,0.00,,,0.00,2026-12-31
ALB-CPM-0003152,2025,CPM,1923.52,230.8224,1923.52,0.00,,,0.00,2026-12-31
ALB-CPM-0003169,2023,CPM,7451.43,894.1716,7451.43,0.00,TR008,26.7,1989.53,2026-12-31
ALB-CPM-0003174,2024,CPM,10407.39,1248.8868,10407.39,0.00,,,0.00,2026-12-31
ALB-CPM-0003175,2018,CPM,909.5,109.14,909.50,0.00,,,0.00,2026-12-31
ALB-CPM-0003181,2019,CPM,8860.16,1063.2192,8860.16,0.00,TR006,11.0,974.62,2026-12-31
ALB-CPM-0003188,2019,CPM,4773.54,572.8248,4773.54,0.00,TR006,11.0,525.09,2026-12-31
ALB-CPM-0003199,2025,CPM,992.67,119.12039999999999,992.67,0.00,,,0.00,2026-12-31
ALB-CPM-0003200,2023,CPM,2420.34,290.4408,2420.34,0.00,TR008,26.7,646.23,2026-12-31
ALB-CPM-0003225,2026,CPM,7007.06,840.8472,4671.37,2335.69,,,0.00,2026-12-31
ALB-CPM-0003227,2020,CPM,9580.55,1149.666,9580.55,0.00,,,0.00,2026-12-31
ALB-CPM-0003230,2021,CPM,3419.77,410.37239999999997,3419.77,0.00,TR017,32.8,1121.68,2026-12-31
ALB-CPM-0003233,2026,CPM,2291.53,274.9836,1527.69,763.84,,,0.00,2026-12-31
ALB-CPM-0003243,2019,CPM,14119.8,1694.3759999999997,14119.80,0.00,TR006,11.0,1553.18,2026-12-31
ALB-CPM-0003246,2023,CPM,7358.87,883.0644,7358.87,0.00,TR008,26.7,1964.82,2026-12-31
ALB-CPM-0003248,2023,CPM,4210.56,505.2672,4210.56,0.00,TR008,26.7,1124.22,2026-12-31
ALB-CPM-0003265,2025,CPM,2904.34,348.5208,2904.34,0.00,,,0.00,2026-12-31
ALB-CPM-0003280,2018,CPM,11950.21,1434.0251999999998,11950.21,0.00,,,0.00,2026-12-31
ALB-CPM-0003293,2019,CPM,1409.55,169.146,1409.55,0.00,TR006,11.0,155.05,2026-12-31
ALB-CPM-0003308,2021,CPM,10697.11,1283.6532,10697.11,0.00,TR017,32.8,3508.65,2026-12-31
ALB-CPM-0003313,2023,CPM,1421.15,170.538,1421.15,0.00,TR008,26.7,379.45,2026-12-31
ALB-CPM-0003318,2018,CPM,2284.67,274.1604,2284.67,0.00,,,0.00,2026-12-31
ALB-CPM-0003320,2022,CPM,10245.81,1229.4971999999998,10245.81,0.00,,,0.00,2026-12-31
ALB-CPM-0003326,2019,CPM,4382.19,525.8627999999999,4382.19,0.00,TR006,11.0,482.04,2026-12-31
ALB-CPM-0003331,2025,CPM,3255.32,390.6384,3255.32,0.00,,,0.00,2026-12-31
ALB-CPM-0003332,2020,CPM,8588.72,1030.6463999999999,8588.72,0.00,,,0.00,2026-12-31
ALB-CPM-0003333,2026,CPM,10460.85,1255.302,4358.69,6102.16,,,0.00,2026-12-31
ALB-CPM-0003336,2024,CPM,8635.3,1036.2359999999999,8635.30,0.00,,,0.00,2026-12-31
ALB-CPM-0003341,2025,CPM,6164.35,739.722,6164.35,0.00,,,0.00,2026-12-31
ALB-CPM-0003342,2022,CPM,8874.75,1064.97,8874.75,0.00,,,0.00,2026-12-31
ALB-CPM-0003352,2026,CPM,6993.27,839.1924,1165.55,5827.73,,,0.00,2026-12-31
ALB-CPM-0003359,2018,CPM,12920.17,1550.4204,12920.17,0.00,,,0.00,2026-12-31
ALB-CPM-0003370,2019,CPM,11364.36,1363.7232,11364.36,0.00,TR006,11.0,1250.08,2026-12-31
ALB-CPM-0003373,2025,CPM,3371.13,404.5356,3371.13,0.00,,,0.00,2026-12-31
ALB-CPM-0003379,2019,CPM,3118.06,374.1672,3118.06,0.00,TR006,11.0,342.99,2026-12-31
ALB-CPM-0003383,2021,CPM,13294.74,1595.3688,13294.74,0.00,TR017,32.8,4360.67,2026-12-31
ALB-CPM-0003385,2026,CPM,7242.01,869.0412,1810.50,5431.51,,,0.00,2026-12-31
ALB-CPM-0003387,2024,CPM,2936.94,352.4328,2936.94,0.00,,,0.00,2026-12-31
ALB-CPM-0003393,2019,CPM,13745.32,1649.4384,13745.32,0.00,TR006,11.0,1511.99,2026-12-31
ALB-CPM-0003405,2025,CPM,5694.64,683.3568,5694.64,0.00,,,0.00,2026-12-31
ALB-CPM-0003414,2025,CPM,3466.56,415.9872,3466.56,0.00,,,0.00,2026-12-31
ALB-CPM-0003423,2022,CPM,13889.89,1666.7867999999999,13889.89,0.00,,,0.00,2026-12-31
ALB-CPM-0003427,2019,CPM,13680.79,1641.6948,13680.79,0.00,TR006,11.0,1504.89,2026-12-31
ALB-CPM-0003441,2019,CPM,14222.59,1706.7108,14222.59,0.00,TR006,11.0,1564.48,2026-12-31
ALB-CPM-0003453,2021,CPM,5150.62,618.0744,5150.62,0.00,TR017,32.8,1689.40,2026-12-31
ALB-CPM-0003458,2025,CPM,2739.13,328.6956,2739.13,0.00,,,0.00,2026-12-31
ALB-CPM-0003462,2022,CPM,7523.15,902.7779999999999,7523.15,0.00,,,0.00,2026-12-31
ALB-CPM-0003500,2018,CPM,10515.4,1261.848,10515.40,0.00,,,0.00,2026-12-31
ALB-CPM-0003512,2020,CPM,5666.3,679.956,5666.30,0.00,,,0.00,2026-12-31
ALB-CPM-0003516,2026,CPM,5743.88,689.2656,4786.57,957.31,,,0.00,2026-12-31
ALB-CPM-0003521,2023,CPM,2931.37,351.76439999999997,2931.37,0.00,TR008,26.7,782.68,2026-12-31
ALB-CPM-0003540,2021,CPM,8645.7,1037.4840000000002,8645.70,0.00,TR017,32.8,2835.79,2026-12-31
ALB-CPM-0003562,2019,CPM,8478.04,1017.3648000000001,8478.04,0.00,TR006,11.0,932.58,2026-12-31
ALB-CPM-0003567,2026,CPM,8806.49,1056.7788,3669.37,5137.12,,,0.00,2026-12-31
ALB-CPM-0003583,2020,CPM,3008.96,361.0752,3008.96,0.00,,,0.00,2026-12-31
ALB-CPM-0003631,2019,CPM,10053.8,1206.456,10053.80,0.00,TR006,11.0,1105.92,2026-12-31
ALB-CPM-0003634,2023,CPM,13136.84,1576.4207999999999,13136.84,0.00,TR008,26.7,3507.54,2026-12-31
ALB-CPM-0003640,2019,CPM,9124.36,1094.9232,9124.36,0.00,TR006,11.0,1003.68,2026-12-31
ALB-CPM-0003647,2021,CPM,5850.23,702.0275999999999,5850.23,0.00,TR017,32.8,1918.88,2026-12-31
ALB-CPM-0003648,2019,CPM,13784.86,1654.1832,13784.86,0.00,TR006,11.0,1516.33,2026-12-31
ALB-CPM-0003650,2021,CPM,14132.27,1695.8724,14132.27,0.00,TR017,32.8,4635.38,2026-12-31
ALB-CPM-0003671,2026,CPM,3127.58,375.3096,260.63,2866.95,,,0.00,2026-12-31
ALB-CPM-0003677,2023,CPM,5364.23,643.7076,5364.23,0.00,TR008,26.7,1432.25,2026-12-31
ALB-CPM-0003694,2023,CPM,12903.48,1548.4176,12903.48,0.00,TR008,26.7,3445.23,2026-12-31
ALB-CPM-0003707,2021,CPM,4225.53,507.06359999999995,4225.53,0.00,TR017,32.8,1385.97,2026-12-31
ALB-CPM-0003716,2021,CPM,9433.11,1131.9732000000001,9433.11,0.00,TR017,32.8,3094.06,2026-12-31
ALB-CPM-0003727,2025,CPM,9060.9,1087.308,9060.90,0.00,,,0.00,2026-12-31
ALB-CPM-0003749,2021,CPM,12455.45,1494.654,12455.45,0.00,TR017,32.8,4085.39,2026-12-31
ALB-CPM-0003754,2024,CPM,6016.97,722.0364,6016.97,0.00,,,0.00,2026-12-31
ALB-CPM-0003767,2022,CPM,8238.76,988.6512,8238.76,0.00,,,0.00,2026-12-31
ALB-CPM-0003793,2023,CPM,11107.41,1332.8891999999998,11107.41,0.00,TR008,26.7,2965.68,2026-12-31
ALB-CPM-0003807,2020,CPM,2895.6,347.472,2895.60,0.00,,,0.00,2026-12-31
ALB-CPM-0003815,2023,CPM,13192.06,1583.0472,13192.06,0.00,TR008,26.7,3522.28,2026-12-31
ALB-CPM-0003839,2024,CPM,5258.75,631.05,5258.75,0.00,,,0.00,2026-12-31
ALB-CPM-0003845,2019,CPM,832.81,99.93719999999999,832.81,0.00,TR006,11.0,91.61,2026-12-31
ALB-CPM-0003846,2025,CPM,8764.74,1051.7687999999998,8764.74,0.00,,,0.00,2026-12-31
ALB-CPM-0003861,2024,CPM,11705.92,1404.7104,11705.92,0.00,,,0.00,2026-12-31
ALB-CPM-0003870,2020,CPM,2678.37,321.40439999999995,2678.37,0.00,,,0.00,2026-12-31
ALB-CPM-0003886,2024,CPM,13855.75,1662.6899999999998,13855.75,0.00,,,0.00,2026-12-31
ALB-CPM-0003889,2019,CPM,9807.03,1176.8436,9807.03,0.00,TR006,11.0,1078.77,2026-12-31
ALB-CPM-0003892,2021,CPM,13111.95,1573.434,13111.95,0.00,TR017,32.8,4300.72,2026-12-31
ALB-CPM-0003899,2023,CPM,8239.84,988.7808,8239.84,0.00,TR008,26.7,2200.04,2026-12-31
ALB-CPM-0003900,2020,CPM,2161.7,259.404,2161.70,0.00,,,0.00,2026-12-31
ALB-CPM-0003906,2026,CPM,4452.59,534.3108,1113.15,3339.44,,,0.00,2026-12-31
ALB-CPM-0003907,2022,CPM,10736.16,1288.3392,10736.16,0.00,,,0.00,2026-12-31
ALB-CPM-0003909,2025,CPM,3870.98,464.51759999999996,3870.98,0.00,,,0.00,2026-12-31
ALB-CPM-0003916,2021,CPM,8769.23,1052.3075999999999,8769.23,0.00,TR017,32.8,2876.31,2026-12-31
ALB-CPM-0003930,2018,CPM,8346.41,1001.5691999999999,8346.41,0.00,,,0.00,2026-12-31
ALB-CPM-0003937,2018,CPM,3324.78,398.97360000000003,3324.78,0.00,,,0.00,2026-12-31
ALB-CPM-0003944,2024,CPM,3120.75,374.49,3120.75,0.00,,,0.00,2026-12-31
ALB-CPM-0003952,2020,CPM,1330.23,159.6276,1330.23,0.00,,,0.00,2026-12-31
ALB-CPM-0003956,2026,CPM,3763.65,451.638,2509.10,1254.55,,,0.00,2026-12-31
ALB-CPM-0003961,2022,CPM,9627.11,1155.2532,9627.11,0.00,,,0.00,2026-12-31
ALB-CPM-0003965,2026,CPM,8160.1,979.212,4760.06,3400.04,,,0.00,2026-12-31
ALB-CPM-0003970,2019,CPM,4590.95,550.914,4590.95,0.00,TR006,11.0,505.00,2026-12-31
ALB-CPM-0003998,2021,CPM,13675.04,1641.0048,13675.04,0.00,TR017,32.8,4485.41,2026-12-31
ALB-CPM-0004016,2024,CPM,13870.35,1664.442,13870.35,0.00,,,0.00,2026-12-31
ALB-CPM-0004023,2019,CPM,14334.8,1720.176,14334.80,0.00,TR006,11.0,1576.83,2026-12-31
ALB-CPM-0004040,2026,CPM,10392.35,1247.082,0.00,10392.35,,,0.00,2026-12-31
ALB-CPM-0004053,2019,CPM,14132.04,1695.8448,14132.04,0.00,TR006,11.0,1554.52,2026-12-31
ALB-CPM-0004060,2020,CPM,9446.68,1133.6016,9446.68,0.00,,,0.00,2026-12-31
ALB-CPM-0004065,2023,CPM,8049.85,965.982,8049.85,0.00,TR008,26.7,2149.31,2026-12-31
ALB-CPM-0004094,2026,CPM,9713.67,1165.6404,809.47,8904.20,,,0.00,2026-12-31
ALB-CPM-0004098,2019,CPM,7173.38,860.8056,7173.38,0.00,TR006,11.0,789.07,2026-12-31
ALB-CPM-0004100,2018,CPM,5299.22,635.9064,5299.22,0.00,,,0.00,2026-12-31
ALB-CPM-0004103,2019,CPM,1576.11,189.1332,1576.11,0.00,TR006,11.0,173.37,2026-12-31
ALB-CPM-0004110,2024,CPM,2100.22,252.02639999999997,2100.22,0.00,,,0.00,2026-12-31
ALB-CPM-0004121,2022,CPM,10807.04,1296.8448,10807.04,0.00,,,0.00,2026-12-31
ALB-CPM-0004123,2019,CPM,6299.89,755.9868,6299.89,0.00,TR006,11.0,692.99,2026-12-31
ALB-CPM-0004124,2018,CPM,14228.85,1707.462,14228.85,0.00,,,0.00,2026-12-31
ALB-CPM-0004134,2025,CPM,7178.69,861.4427999999999,7178.69,0.00,,,0.00,2026-12-31
ALB-CPM-0004145,2026,CPM,1847.93,221.7516,153.99,1693.94,,,0.00,2026-12-31
ALB-CPM-0004147,2024,CPM,13201.54,1584.1848,13201.54,0.00,,,0.00,2026-12-31
ALB-CPM-0004159,2022,CPM,11952.37,1434.2844,11952.37,0.00,,,0.00,2026-12-31
ALB-CPM-0004163,2026,CPM,3476.31,417.1572,2607.23,869.08,,,0.00,2026-12-31
ALB-CPM-0004167,2024,CPM,5757.19,690.8627999999999,5757.19,0.00,,,0.00,2026-12-31
ALB-CPM-0004205,2025,CPM,5244.26,629.3112,5244.26,0.00,,,0.00,2026-12-31
ALB-CPM-0004206,2026,CPM,5037.7,604.524,2099.04,2938.66,,,0.00,2026-12-31
ALB-CPM-0004217,2021,CPM,1383.66,166.0392,1383.66,0.00,TR017,32.8,453.84,2026-12-31
ALB-CPM-0004225,2018,CPM,7446.33,893.5595999999999,7446.33,0.00,,,0.00,2026-12-31
ALB-CPM-0004228,2024,CPM,8137.54,976.5047999999999,8137.54,0.00,,,0.00,2026-12-31
ALB-CPM-0004231,2022,CPM,1349.35,161.922,1349.35,0.00,,,0.00,2026-12-31
ALB-CPM-0004244,2024,CPM,5178.28,621.3936,5178.28,0.00,,,0.00,2026-12-31
ALB-CPM-0004249,2019,CPM,14691.71,1763.0051999999998,14691.71,0.00,TR006,11.0,1616.09,2026-12-31
ALB-CPM-0004269,2020,CPM,4003.86,480.4632,4003.86,0.00,,,0.00,2026-12-31
ALB-CPM-0004272,2021,CPM,1397.98,167.7576,1397.98,0.00,TR017,32.8,458.54,2026-12-31
ALB-CPM-0004284,2019,CPM,4701.5,564.18,4701.50,0.00,TR006,11.0,517.17,2026-12-31
ALB-CPM-0004286,2023,CPM,11086.46,1330.3752,11086.46,0.00,TR008,26.7,2960.08,2026-12-31
ALB-CPM-0004293,2022,CPM,12152.98,1458.3575999999998,12152.98,0.00,,,0.00,2026-12-31
ALB-CPM-0004307,2025,CPM,10253.04,1230.3648,10253.04,0.00,,,0.00,2026-12-31
ALB-CPM-0004309,2020,CPM,8360.88,1003.3055999999999,8360.88,0.00,,,0.00,2026-12-31
ALB-CPM-0004320,2025,CPM,12919.76,1550.3712,12919.76,0.00,,,0.00,2026-12-31
ALB-CPM-0004331,2022,CPM,8421.21,1010.5451999999999,8421.21,0.00,,,0.00,2026-12-31
ALB-CPM-0004346,2023,CPM,5834.18,700.1016,5834.18,0.00,TR008,26.7,1557.73,2026-12-31
ALB-CPM-0004348,2019,CPM,8520.69,1022.4828,8520.69,0.00,TR006,11.0,937.28,2026-12-31
ALB-CPM-0004358,2025,CPM,10581.93,1269.8316,10581.93,0.00,,,0.00,2026-12-31
ALB-CPM-0004366,2026,CPM,13773.78,1652.8536,1147.82,12625.97,,,0.00,2026-12-31
ALB-CPM-0004367,2021,CPM,11453.48,1374.4176,11453.48,0.00,TR017,32.8,3756.74,2026-12-31
ALB-CPM-0004369,2022,CPM,10586.6,1270.392,10586.60,0.00,,,0.00,2026-12-31
ALB-CPM-0004373,2025,CPM,14010.15,1681.2179999999998,14010.15,0.00,,,0.00,2026-12-31
ALB-CPM-0004388,2020,CPM,5181.45,621.774,5181.45,0.00,,,0.00,2026-12-31
ALB-CPM-0004390,2024,CPM,7617.47,914.0964,7617.47,0.00,,,0.00,2026-12-31
ALB-CPM-0004394,2018,CPM,5577.07,669.2484,5577.07,0.00,,,0.00,2026-12-31
ALB-CPM-0004395,2024,CPM,14521.47,1742.5764,14521.47,0.00,,,0.00,2026-12-31
ALB-CPM-0004396,2021,CPM,11209.62,1345.1544000000001,11209.62,0.00,TR017,32.8,3676.76,2026-12-31
ALB-CPM-0004406,2022,CPM,4810.7,577.284,4810.70,0.00,,,0.00,2026-12-31
ALB-CPM-0004413,2023,CPM,14144.08,1697.2895999999998,14144.08,0.00,TR008,26.7,3776.47,2026-12-31
ALB-CPM-0004425,2021,CPM,5975.86,717.1031999999999,5975.86,0.00,TR017,32.8,1960.08,2026-12-31
ALB-CPM-0004451,2021,CPM,799.5,95.94,799.50,0.00,TR017,32.8,262.24,2026-12-31
ALB-CPM-0004452,2021,CPM,10482.14,1257.8567999999998,10482.14,0.00,TR017,32.8,3438.14,2026-12-31
ALB-CPM-0004461,2021,CPM,7527.42,903.2904,7527.42,0.00,TR017,32.8,2468.99,2026-12-31
ALB-CPM-0004464,2026,CPM,8144.18,977.3016,5429.45,2714.73,,,0.00,2026-12-31
ALB-CPM-0004480,2021,CPM,14236.11,1708.3332,14236.11,0.00,TR017,32.8,4669.44,2026-12-31
ALB-CPM-0004482,2019,CPM,5785.96,694.3152,5785.96,0.00,TR006,11.0,636.46,2026-12-31
ALB-CPM-0004486,2019,CPM,9825.66,1179.0792,9825.66,0.00,TR006,11.0,1080.82,2026-12-31
ALB-CPM-0004488,2026,CPM,10428.38,1251.4055999999998,869.03,9559.35,,,0.00,2026-12-31
ALB-CPM-0004492,2018,CPM,8438.7,1012.644,8438.70,0.00,,,0.00,2026-12-31
ALB-CPM-0004500,2026,CPM,13526.54,1623.1848,12399.33,1127.21,,,0.00,2026-12-31
ALB-CPM-0004513,2022,CPM,5241.81,629.0172,5241.81,0.00,,,0.00,2026-12-31
ALB-CPM-0004531,2025,CPM,11809.19,1417.1028000000001,11809.19,0.00,,,0.00,2026-12-31
ALB-CPM-0004532,2025,CPM,12290.47,1474.8564,12290.47,0.00,,,0.00,2026-12-31
ALB-CPM-0004541,2022,CPM,3391.25,406.95,3391.25,0.00,,,0.00,2026-12-31
ALB-CPM-0004566,2024,CPM,1423.36,170.80319999999998,1423.36,0.00,,,0.00,2026-12-31
ALB-CPM-0004573,2026,CPM,12659.66,1519.1591999999998,4219.89,8439.77,,,0.00,2026-12-31
ALB-CPM-0004584,2023,CPM,10994.8,1319.376,10994.80,0.00,TR008,26.7,2935.61,2026-12-31
ALB-CPM-0004590,2025,CPM,4315.71,517.8851999999999,4315.71,0.00,,,0.00,2026-12-31
ALB-CPM-0004593,2023,CPM,12131.36,1455.7632,12131.36,0.00,TR008,26.7,3239.07,2026-12-31
ALB-CPM-0004603,2023,CPM,1800.74,216.0888,1800.74,0.00,TR008,26.7,480.80,2026-12-31
ALB-CPM-0004630,2024,CPM,1344.2,161.304,1344.20,0.00,,,0.00,2026-12-31
ALB-CPM-0004631,2021,CPM,4222.32,506.67839999999995,4222.32,0.00,TR017,32.8,1384.92,2026-12-31
ALB-CPM-0004632,2026,CPM,13039.74,1564.7687999999998,1086.65,11953.10,,,0.00,2026-12-31
ALB-CPM-0004638,2021,CPM,14313.39,1717.6067999999998,14313.39,0.00,TR017,32.8,4694.79,2026-12-31
ALB-CPM-0004639,2023,CPM,14592.87,1751.1444000000001,14592.87,0.00,TR008,26.7,3896.30,2026-12-31
ALB-CPM-0004642,2022,CPM,1151.88,138.22560000000001,1151.88,0.00,,,0.00,2026-12-31
ALB-CPM-0004646,2024,CPM,6852.48,822.2975999999999,6852.48,0.00,,,0.00,2026-12-31
ALB-CPM-0004653,2020,CPM,8296.12,995.5344,8296.12,0.00,,,0.00,2026-12-31
ALB-CPM-0004665,2020,CPM,7080.38,849.6456,7080.38,0.00,,,0.00,2026-12-31
ALB-CPM-0004670,2021,CPM,4263.17,511.5804,4263.17,0.00,TR017,32.8,1398.32,2026-12-31
ALB-CPM-0004674,2021,CPM,952.74,114.3288,952.74,0.00,TR017,32.8,312.50,2026-12-31
ALB-CPM-0004701,2021,CPM,3065.68,367.8816,3065.68,0.00,TR017,32.8,1005.54,2026-12-31
ALB-CPM-0004706,2021,CPM,11120.7,1334.4840000000002,11120.70,0.00,TR017,32.8,3647.59,2026-12-31
ALB-CPM-0004710,2025,CPM,12263.36,1471.6032,12263.36,0.00,,,0.00,2026-12-31
ALB-CPM-0004713,2023,CPM,13195.13,1583.4155999999998,13195.13,0.00,TR008,26.7,3523.10,2026-12-31
ALB-CPM-0004716,2022,CPM,13195.33,1583.4396,13195.33,0.00,,,0.00,2026-12-31
ALB-CPM-0004721,2024,CPM,6507.62,780.9144,6507.62,0.00,,,0.00,2026-12-31
ALB-CPM-0004728,2025,CPM,13399.63,1607.9555999999998,13399.63,0.00,,,0.00,2026-12-31
ALB-CPM-0004730,2026,CPM,9877.03,1185.2436,9053.94,823.09,,,0.00,2026-12-31
ALB-CPM-0004731,2018,CPM,6341.01,760.9212,6341.01,0.00,,,0.00,2026-12-31
ALB-CPM-0004733,2021,CPM,6941.54,832.9848,6941.54,0.00,TR017,32.8,2276.83,2026-12-31
ALB-CPM-0004754,2024,CPM,6336.81,760.4172,6336.81,0.00,,,0.00,2026-12-31
ALB-CPM-0004757,2023,CPM,13713.04,1645.5648,13713.04,0.00,TR008,26.7,3661.38,2026-12-31
ALB-CPM-0004771,2020,CPM,13358.01,1602.9612,13358.01,0.00,,,0.00,2026-12-31
ALB-CPM-0004778,2025,CPM,5858.74,703.0487999999999,5858.74,0.00,,,0.00,2026-12-31
ALB-CPM-0004792,2023,CPM,6916.6,829.992,6916.60,0.00,TR008,26.7,1846.73,2026-12-31
ALB-CPM-0004795,2020,CPM,10015.12,1201.8144,10015.12,0.00,,,0.00,2026-12-31
ALB-CPM-0004803,2021,CPM,8189.18,982.7016,8189.18,0.00,TR017,32.8,2686.05,2026-12-31
ALB-CPM-0004828,2023,CPM,10003.3,1200.396,10003.30,0.00,TR008,26.7,2670.88,2026-12-31
ALB-CPM-0004830,2021,CPM,13086.64,1570.3968,13086.64,0.00,TR017,32.8,4292.42,2026-12-31
ALB-CPM-0004833,2025,CPM,8933.27,1071.9924,8933.27,0.00,,,0.00,2026-12-31
ALB-CPM-0004841,2022,CPM,12069.53,1448.3436,12069.53,0.00,,,0.00,2026-12-31
ALB-CPM-0004845,2022,CPM,8038.47,964.6164,8038.47,0.00,,,0.00,2026-12-31
ALB-CPM-0004852,2019,CPM,13115.76,1573.8912,13115.76,0.00,TR006,11.0,1442.73,2026-12-31
ALB-CPM-0004853,2023,CPM,13887.04,1666.4448,13887.04,0.00,TR008,26.7,3707.84,2026-12-31
ALB-CPM-0004865,2018,CPM,10890.11,1306.8132,10890.11,0.00,,,0.00,2026-12-31
ALB-CPM-0004866,2018,CPM,1857.43,222.8916,1857.43,0.00,,,0.00,2026-12-31
ALB-CPM-0004876,2020,CPM,8078.35,969.402,8078.35,0.00,,,0.00,2026-12-31
ALB-CPM-0004894,2019,CPM,6237.83,748.5396,6237.83,0.00,TR006,11.0,686.16,2026-12-31
ALB-CPM-0004898,2020,CPM,2251.74,270.20879999999994,2251.74,0.00,,,0.00,2026-12-31
ALB-CPM-0004902,2021,CPM,11207.15,1344.858,11207.15,0.00,TR017,32.8,3675.95,2026-12-31
ALB-CPM-0004904,2019,CPM,8860.73,1063.2875999999999,8860.73,0.00,TR006,11.0,974.68,2026-12-31
ALB-CPM-0004906,2018,CPM,8836.85,1060.422,8836.85,0.00,,,0.00,2026-12-31
ALB-CPM-0004909,2018,CPM,8483.81,1018.0571999999999,8483.81,0.00,,,0.00,2026-12-31
ALB-CPM-0004922,2020,CPM,4622.79,554.7348,4622.79,0.00,,,0.00,2026-12-31
ALB-CPM-0004923,2018,CPM,6722.88,806.7456,6722.88,0.00,,,0.00,2026-12-31
ALB-CPM-0004925,2019,CPM,7910.21,949.2252,7910.21,0.00,TR006,11.0,870.12,2026-12-31
ALB-CPM-0004929,2024,CPM,3505.65,420.678,3505.65,0.00,,,0.00,2026-12-31
ALB-CPM-0004934,2025,CPM,4701.32,564.1583999999999,4701.32,0.00,,,0.00,2026-12-31
ALB-CPM-0004937,2022,CPM,2680.16,321.6192,2680.16,0.00,,,0.00,2026-12-31
ALB-CPM-0004944,2018,CPM,4928.28,591.3936,4928.28,0.00,,,0.00,2026-12-31
ALB-CPM-0004963,2020,CPM,13235.7,1588.284,13235.70,0.00,,,0.00,2026-12-31
ALB-CPM-0004965,2021,CPM,2767.86,332.1432,2767.86,0.00,TR017,32.8,907.86,2026-12-31
ALB-CPM-0004976,2024,CPM,11816.02,1417.9224,11816.02,0.00,,,0.00,2026-12-31
ALB-CPM-0004980,2018,CPM,9207.44,1104.8928,9207.44,0.00,,,0.00,2026-12-31
ALB-CPM-0005001,2023,CPM,12198.64,1463.8367999999998,12198.64,0.00,TR008,26.7,3257.04,2026-12-31
ALB-CPM-0005005,2026,CPM,4321.31,518.5572000000001,1800.55,2520.76,,,0.00,2026-12-31
ALB-CPM-0005026,2019,CPM,10954.09,1314.4908,10954.09,0.00,TR006,11.0,1204.95,2026-12-31
ALB-CPM-0005040,2023,CPM,8180.52,981.6624,8180.52,0.00,TR008,26.7,2184.20,2026-12-31
ALB-CPM-0005044,2022,CPM,7508.49,901.0187999999999,7508.49,0.00,,,0.00,2026-12-31
ALB-CPM-0005046,2018,CPM,7620.54,914.4648,7620.54,0.00,,,0.00,2026-12-31
ALB-CPM-0005055,2019,CPM,10041.9,1205.028,10041.90,0.00,TR006,11.0,1104.61,2026-12-31
ALB-CPM-0005058,2020,CPM,7203.15,864.3779999999999,7203.15,0.00,,,0.00,2026-12-31
ALB-CPM-0005065,2019,CPM,10069.42,1208.3304,10069.42,0.00,TR006,11.0,1107.64,2026-12-31
ALB-CPM-0005067,2021,CPM,13856.76,1662.8111999999999,13856.76,0.00,TR017,32.8,4545.02,2026-12-31
ALB-CPM-0005074,2022,CPM,7171.1,860.532,7171.10,0.00,,,0.00,2026-12-31
ALB-CPM-0005081,2023,CPM,12848.79,1541.8548,12848.79,0.00,TR008,26.7,3430.63,2026-12-31
ALB-CPM-0005083,2024,CPM,9347.27,1121.6724,9347.27,0.00,,,0.00,2026-12-31
ALB-CPM-0005102,2025,CPM,4711.55,565.386,4711.55,0.00,,,0.00,2026-12-31
ALB-CPM-0005104,2022,CPM,7479.34,897.5208,7479.34,0.00,,,0.00,2026-12-31
ALB-CPM-0005130,2026,CPM,4348.81,521.8572,0.00,4348.81,,,0.00,2026-12-31
ALB-CPM-0005131,2023,CPM,10459.48,1255.1375999999998,10459.48,0.00,TR008,26.7,2792.68,2026-12-31
ALB-CPM-0005136,2022,CPM,13975.75,1677.09,13975.75,0.00,,,0.00,2026-12-31
ALB-CPM-0005137,2022,CPM,2050.48,246.05759999999998,2050.48,0.00,,,0.00,2026-12-31
ALB-CPM-0005143,2024,CPM,10234.26,1228.1112,10234.26,0.00,,,0.00,2026-12-31
ALB-CPM-0005148,2026,CPM,8760.81,1051.2972,1460.14,7300.67,,,0.00,2026-12-31
ALB-CPM-0005156,2025,CPM,8928.38,1071.4055999999998,8928.38,0.00,,,0.00,2026-12-31
ALB-CPM-0005164,2025,CPM,8673.28,1040.7936,8673.28,0.00,,,0.00,2026-12-31
ALB-CPM-0005170,2026,CPM,9461.14,1135.3367999999998,7095.86,2365.29,,,0.00,2026-12-31
ALB-CPM-0005171,2026,CPM,6886.73,826.4075999999999,4591.15,2295.58,,,0.00,2026-12-31
ALB-CPM-0005189,2024,CPM,5994.64,719.3568,5994.64,0.00,,,0.00,2026-12-31
ALB-CPM-0005192,2018,CPM,5926.77,711.2124,5926.77,0.00,,,0.00,2026-12-31
ALB-CPM-0005199,2025,CPM,3662.25,439.46999999999997,3662.25,0.00,,,0.00,2026-12-31
ALB-HOM-0000002,2019,HOM,757.02,90.8424,757.02,0.00,,,0.00,2026-12-31
ALB-HOM-0000006,2022,HOM,1027.16,123.2592,1027.16,0.00,TR002,25.6,262.95,2026-12-31
ALB-HOM-0000013,2020,HOM,3913.03,469.5636,3913.03,0.00,,,0.00,2026-12-31
ALB-HOM-0000018,2020,HOM,1234.96,148.1952,1234.96,0.00,,,0.00,2026-12-31
ALB-HOM-0000022,2026,HOM,2872.78,344.7336,1196.99,1675.79,,,0.00,2026-12-31
ALB-HOM-0000050,2018,HOM,357.53,42.9036,357.53,0.00,,,0.00,2026-12-31
ALB-HOM-0000063,2025,HOM,3453.31,414.3972,3453.31,0.00,TR012,34.5,1191.39,2026-12-31
ALB-HOM-0000103,2025,HOM,382.95,45.95399999999999,382.95,0.00,TR012,34.5,132.12,2026-12-31
ALB-HOM-0000113,2019,HOM,1544.81,185.3772,1544.81,0.00,,,0.00,2026-12-31
ALB-HOM-0000135,2026,HOM,408.04,48.964800000000004,170.02,238.02,,,0.00,2026-12-31
ALB-HOM-0000138,2020,HOM,604.11,72.4932,604.11,0.00,,,0.00,2026-12-31
ALB-HOM-0000140,2020,HOM,3067.68,368.12159999999994,3067.68,0.00,,,0.00,2026-12-31
ALB-HOM-0000146,2023,HOM,860.96,103.3152,860.96,0.00,,,0.00,2026-12-31
ALB-HOM-0000154,2020,HOM,3169.61,380.3532,3169.61,0.00,,,0.00,2026-12-31
ALB-HOM-0000157,2026,HOM,2263.39,271.60679999999996,2074.77,188.62,,,0.00,2026-12-31
ALB-HOM-0000182,2018,HOM,2026.91,243.2292,2026.91,0.00,,,0.00,2026-12-31
ALB-HOM-0000183,2023,HOM,2706.61,324.7932,2706.61,0.00,,,0.00,2026-12-31
ALB-HOM-0000199,2022,HOM,1833.25,219.98999999999998,1833.25,0.00,TR002,25.6,469.31,2026-12-31
ALB-HOM-0000203,2024,HOM,1308.1,156.97199999999998,1308.10,0.00,TR014,29.4,384.58,2026-12-31
ALB-HOM-0000207,2026,HOM,4062.55,487.50600000000003,3046.91,1015.64,,,0.00,2026-12-31
ALB-HOM-0000216,2025,HOM,339.83,40.779599999999995,339.83,0.00,TR012,34.5,117.24,2026-12-31
ALB-HOM-0000233,2026,HOM,935.07,112.2084,155.85,779.23,,,0.00,2026-12-31
ALB-HOM-0000235,2019,HOM,3753.18,450.3816,3753.18,0.00,,,0.00,2026-12-31
ALB-HOM-0000252,2026,HOM,2257.32,270.8784,940.55,1316.77,,,0.00,2026-12-31
ALB-HOM-0000255,2020,HOM,3553.4,426.408,3553.40,0.00,,,0.00,2026-12-31
ALB-HOM-0000261,2018,HOM,4138.82,496.6584,4138.82,0.00,,,0.00,2026-12-31
ALB-HOM-0000274,2022,HOM,3587.78,430.53360000000004,3587.78,0.00,TR002,25.6,918.47,2026-12-31
ALB-HOM-0000278,2019,HOM,3633.09,435.9708,3633.09,0.00,,,0.00,2026-12-31
ALB-HOM-0000280,2018,HOM,1227.86,147.3432,1227.86,0.00,,,0.00,2026-12-31
ALB-HOM-0000281,2019,HOM,4113.43,493.6116,4113.43,0.00,,,0.00,2026-12-31
ALB-HOM-0000291,2026,HOM,714.94,85.7928,536.21,178.74,,,0.00,2026-12-31
ALB-HOM-0000308,2018,HOM,2177.05,261.24600000000004,2177.05,0.00,,,0.00,2026-12-31
ALB-HOM-0000321,2024,HOM,1629.69,195.5628,1629.69,0.00,TR014,29.4,479.13,2026-12-31
ALB-HOM-0000330,2023,HOM,4068.81,488.25719999999995,4068.81,0.00,,,0.00,2026-12-31
ALB-HOM-0000335,2018,HOM,4130.97,495.7164,4130.97,0.00,,,0.00,2026-12-31
ALB-HOM-0000339,2024,HOM,2065.86,247.9032,2065.86,0.00,TR014,29.4,607.36,2026-12-31
ALB-HOM-0000362,2020,HOM,3780.19,453.6228,3780.19,0.00,,,0.00,2026-12-31
ALB-HOM-0000371,2026,HOM,3527.56,423.30719999999997,587.93,2939.63,,,0.00,2026-12-31
ALB-HOM-0000375,2022,HOM,1706.98,204.83759999999998,1706.98,0.00,TR002,25.6,436.99,2026-12-31
ALB-HOM-0000378,2025,HOM,1339.91,160.7892,1339.91,0.00,TR012,34.5,462.27,2026-12-31
ALB-HOM-0000383,2022,HOM,1882.16,225.85920000000002,1882.16,0.00,TR002,25.6,481.83,2026-12-31
ALB-HOM-0000384,2025,HOM,1082.49,129.8988,1082.49,0.00,TR012,34.5,373.46,2026-12-31
ALB-HOM-0000392,2020,HOM,4043.93,485.2716,4043.93,0.00,,,0.00,2026-12-31
ALB-HOM-0000393,2019,HOM,3843.11,461.1732,3843.11,0.00,,,0.00,2026-12-31
ALB-HOM-0000406,2021,HOM,846.6,101.592,846.60,0.00,,,0.00,2026-12-31
ALB-HOM-0000411,2023,HOM,1845.69,221.4828,1845.69,0.00,,,0.00,2026-12-31
ALB-HOM-0000426,2020,HOM,2085.31,250.23719999999997,2085.31,0.00,,,0.00,2026-12-31
ALB-HOM-0000428,2020,HOM,982.79,117.9348,982.79,0.00,,,0.00,2026-12-31
ALB-HOM-0000442,2022,HOM,2228.87,267.46439999999996,2228.87,0.00,TR002,25.6,570.59,2026-12-31
ALB-HOM-0000471,2021,HOM,474.55,56.946,474.55,0.00,,,0.00,2026-12-31
ALB-HOM-0000482,2021,HOM,3620.14,434.41679999999997,3620.14,0.00,,,0.00,2026-12-31
ALB-HOM-0000494,2021,HOM,1185.77,142.2924,1185.77,0.00,,,0.00,2026-12-31
ALB-HOM-0000504,2024,HOM,3502.13,420.2556,3502.13,0.00,TR014,29.4,1029.63,2026-12-31
ALB-HOM-0000508,2022,HOM,453.36,54.4032,453.36,0.00,TR002,25.6,116.06,2026-12-31
ALB-HOM-0000520,2020,HOM,833.48,100.0176,833.48,0.00,,,0.00,2026-12-31
ALB-HOM-0000530,2019,HOM,2353.52,282.4224,2353.52,0.00,,,0.00,2026-12-31
ALB-HOM-0000533,2020,HOM,3762.49,451.49879999999996,3762.49,0.00,,,0.00,2026-12-31
ALB-HOM-0000541,2018,HOM,1944.15,233.298,1944.15,0.00,,,0.00,2026-12-31
ALB-HOM-0000549,2020,HOM,492.94,59.1528,492.94,0.00,,,0.00,2026-12-31
ALB-HOM-0000571,2019,HOM,554.56,66.54719999999999,554.56,0.00,,,0.00,2026-12-31
ALB-HOM-0000584,2021,HOM,939.4,112.728,939.40,0.00,,,0.00,2026-12-31
ALB-HOM-0000586,2026,HOM,2358.0,282.96,1375.50,982.50,,,0.00,2026-12-31
ALB-HOM-0000596,2023,HOM,2146.2,257.544,2146.20,0.00,,,0.00,2026-12-31
ALB-HOM-0000606,2025,HOM,1163.1,139.57199999999997,1163.10,0.00,TR012,34.5,401.27,2026-12-31
ALB-HOM-0000607,2024,HOM,4003.42,480.4104,4003.42,0.00,TR014,29.4,1177.01,2026-12-31
ALB-HOM-0000627,2019,HOM,2737.68,328.5216,2737.68,0.00,,,0.00,2026-12-31
ALB-HOM-0000628,2020,HOM,2773.3,332.796,2773.30,0.00,,,0.00,2026-12-31
ALB-HOM-0000646,2026,HOM,2691.11,322.9332,897.04,1794.07,,,0.00,2026-12-31
ALB-HOM-0000666,2023,HOM,2077.63,249.31560000000002,2077.63,0.00,,,0.00,2026-12-31
ALB-HOM-0000668,2026,HOM,1457.68,174.9216,0.00,1457.68,,,0.00,2026-12-31
ALB-HOM-0000677,2018,HOM,696.91,83.6292,696.91,0.00,,,0.00,2026-12-31
ALB-HOM-0000678,2024,HOM,1031.97,123.8364,1031.97,0.00,TR014,29.4,303.40,2026-12-31
ALB-HOM-0000680,2022,HOM,4139.47,496.7364,4139.47,0.00,TR002,25.6,1059.70,2026-12-31
ALB-HOM-0000692,2025,HOM,2779.9,333.588,2779.90,0.00,TR012,34.5,959.07,2026-12-31
ALB-HOM-0000718,2021,HOM,3049.1,365.892,3049.10,0.00,,,0.00,2026-12-31
ALB-HOM-0000733,2021,HOM,3695.54,443.46479999999997,3695.54,0.00,,,0.00,2026-12-31
ALB-HOM-0000740,2021,HOM,414.73,49.7676,414.73,0.00,,,0.00,2026-12-31
ALB-HOM-0000742,2024,HOM,1619.66,194.35920000000002,1619.66,0.00,TR014,29.4,476.18,2026-12-31
ALB-HOM-0000743,2022,HOM,2209.84,265.18080000000003,2209.84,0.00,TR002,25.6,565.72,2026-12-31
ALB-HOM-0000745,2020,HOM,3294.06,395.2872,3294.06,0.00,,,0.00,2026-12-31
ALB-HOM-0000746,2018,HOM,4189.95,502.794,4189.95,0.00,,,0.00,2026-12-31
ALB-HOM-0000754,2019,HOM,945.55,113.466,945.55,0.00,,,0.00,2026-12-31
ALB-HOM-0000759,2020,HOM,896.62,107.5944,896.62,0.00,,,0.00,2026-12-31
ALB-HOM-0000763,2018,HOM,3050.38,366.0456,3050.38,0.00,,,0.00,2026-12-31
ALB-HOM-0000764,2018,HOM,341.29,40.9548,341.29,0.00,,,0.00,2026-12-31
ALB-HOM-0000768,2020,HOM,2305.79,276.6948,2305.79,0.00,,,0.00,2026-12-31
ALB-HOM-0000771,2020,HOM,2519.5,302.34,2519.50,0.00,,,0.00,2026-12-31
ALB-HOM-0000783,2024,HOM,2319.53,278.34360000000004,2319.53,0.00,TR014,29.4,681.94,2026-12-31
ALB-HOM-0000801,2026,HOM,2039.58,244.7496,1699.65,339.93,,,0.00,2026-12-31
ALB-HOM-0000812,2019,HOM,3938.76,472.6512,3938.76,0.00,,,0.00,2026-12-31
ALB-HOM-0000817,2025,HOM,1699.21,203.9052,1699.21,0.00,TR012,34.5,586.23,2026-12-31
ALB-HOM-0000837,2018,HOM,779.92,93.59039999999999,779.92,0.00,,,0.00,2026-12-31
ALB-HOM-0000839,2019,HOM,1086.52,130.3824,1086.52,0.00,,,0.00,2026-12-31
ALB-HOM-0000882,2020,HOM,407.33,48.879599999999996,407.33,0.00,,,0.00,2026-12-31
ALB-HOM-0000884,2022,HOM,2167.04,260.0448,2167.04,0.00,TR002,25.6,554.76,2026-12-31
ALB-HOM-0000887,2020,HOM,523.31,62.79719999999999,523.31,0.00,,,0.00,2026-12-31
ALB-HOM-0000891,2020,HOM,704.74,84.5688,704.74,0.00,,,0.00,2026-12-31
ALB-HOM-0000892,2026,HOM,3731.09,447.7308,0.00,3731.09,,,0.00,2026-12-31
ALB-HOM-0000893,2018,HOM,1167.19,140.0628,1167.19,0.00,,,0.00,2026-12-31
ALB-HOM-0000900,2025,HOM,3941.79,473.0148,3941.79,0.00,TR012,34.5,1359.92,2026-12-31
ALB-HOM-0000904,2025,HOM,2497.81,299.7372,2497.81,0.00,TR012,34.5,861.74,2026-12-31
ALB-HOM-0000905,2024,HOM,2861.21,343.3452,2861.21,0.00,TR014,29.4,841.20,2026-12-31
ALB-HOM-0000906,2024,HOM,1893.38,227.2056,1893.38,0.00,TR014,29.4,556.65,2026-12-31
ALB-HOM-0000923,2022,HOM,3220.78,386.4936,3220.78,0.00,TR002,25.6,824.52,2026-12-31
ALB-HOM-0000924,2018,HOM,1489.45,178.734,1489.45,0.00,,,0.00,2026-12-31
ALB-HOM-0000928,2026,HOM,3947.55,473.706,2302.74,1644.81,,,0.00,2026-12-31
ALB-HOM-0000941,2020,HOM,2004.63,240.5556,2004.63,0.00,,,0.00,2026-12-31
ALB-HOM-0000957,2024,HOM,2980.96,357.7152,2980.96,0.00,TR014,29.4,876.40,2026-12-31
ALB-HOM-0000967,2019,HOM,413.23,49.5876,413.23,0.00,,,0.00,2026-12-31
ALB-HOM-0000971,2025,HOM,2122.15,254.65800000000002,2122.15,0.00,TR012,34.5,732.14,2026-12-31
ALB-HOM-0000993,2026,HOM,2402.29,288.27479999999997,1201.15,1201.15,,,0.00,2026-12-31
ALB-HOM-0001000,2021,HOM,1217.53,146.1036,1217.53,0.00,,,0.00,2026-12-31
ALB-HOM-0001002,2021,HOM,4027.61,483.3132,4027.61,0.00,,,0.00,2026-12-31
ALB-HOM-0001003,2020,HOM,2158.45,259.01399999999995,2158.45,0.00,,,0.00,2026-12-31
ALB-HOM-0001035,2026,HOM,3498.45,419.81399999999996,2332.30,1166.15,,,0.00,2026-12-31
ALB-HOM-0001048,2022,HOM,1986.67,238.4004,1986.67,0.00,TR002,25.6,508.59,2026-12-31
ALB-HOM-0001059,2026,HOM,1081.54,129.7848,360.51,721.03,,,0.00,2026-12-31
ALB-HOM-0001101,2024,HOM,3379.32,405.5184,3379.32,0.00,TR014,29.4,993.52,2026-12-31
ALB-HOM-0001120,2026,HOM,423.4,50.80799999999999,211.70,211.70,,,0.00,2026-12-31
ALB-HOM-0001135,2019,HOM,379.78,45.57359999999999,379.78,0.00,,,0.00,2026-12-31
ALB-HOM-0001139,2022,HOM,3037.11,364.4532,3037.11,0.00,TR002,25.6,777.50,2026-12-31
ALB-HOM-0001156,2026,HOM,384.56,46.1472,64.09,320.47,,,0.00,2026-12-31
ALB-HOM-0001161,2022,HOM,2181.43,261.7716,2181.43,0.00,TR002,25.6,558.45,2026-12-31
ALB-HOM-0001196,2018,HOM,2205.47,264.65639999999996,2205.47,0.00,,,0.00,2026-12-31
ALB-HOM-0001201,2019,HOM,2980.34,357.6408,2980.34,0.00,,,0.00,2026-12-31
ALB-HOM-0001208,2026,HOM,3218.88,386.2656,268.24,2950.64,,,0.00,2026-12-31
ALB-HOM-0001212,2024,HOM,3015.23,361.82759999999996,3015.23,0.00,TR014,29.4,886.48,2026-12-31
ALB-HOM-0001213,2022,HOM,1179.31,141.51719999999997,1179.31,0.00,TR002,25.6,301.90,2026-12-31
ALB-HOM-0001224,2018,HOM,2282.14,273.85679999999996,2282.14,0.00,,,0.00,2026-12-31
ALB-HOM-0001230,2023,HOM,3657.04,438.84479999999996,3657.04,0.00,,,0.00,2026-12-31
ALB-HOM-0001235,2018,HOM,1266.05,151.926,1266.05,0.00,,,0.00,2026-12-31
ALB-HOM-0001247,2018,HOM,625.6,75.072,625.60,0.00,,,0.00,2026-12-31
ALB-HOM-0001249,2025,HOM,1708.77,205.05239999999998,1708.77,0.00,TR012,34.5,589.53,2026-12-31
ALB-HOM-0001250,2023,HOM,1510.83,181.2996,1510.83,0.00,,,0.00,2026-12-31
ALB-HOM-0001266,2018,HOM,2541.41,304.96919999999994,2541.41,0.00,,,0.00,2026-12-31
ALB-HOM-0001267,2019,HOM,3696.5,443.58,3696.50,0.00,,,0.00,2026-12-31
ALB-HOM-0001272,2026,HOM,4055.36,486.6432,675.89,3379.47,,,0.00,2026-12-31
ALB-HOM-0001280,2021,HOM,2517.96,302.1552,2517.96,0.00,,,0.00,2026-12-31
ALB-HOM-0001325,2026,HOM,2016.11,241.93319999999997,1848.10,168.01,,,0.00,2026-12-31
ALB-HOM-0001339,2021,HOM,3630.52,435.6624,3630.52,0.00,,,0.00,2026-12-31
ALB-HOM-0001341,2021,HOM,2447.67,293.7204,2447.67,0.00,,,0.00,2026-12-31
ALB-HOM-0001343,2019,HOM,1288.95,154.674,1288.95,0.00,,,0.00,2026-12-31
ALB-HOM-0001357,2020,HOM,3683.29,441.9948,3683.29,0.00,,,0.00,2026-12-31
ALB-HOM-0001369,2019,HOM,2332.41,279.88919999999996,2332.41,0.00,,,0.00,2026-12-31
ALB-HOM-0001371,2022,HOM,1090.27,130.8324,1090.27,0.00,TR002,25.6,279.11,2026-12-31
ALB-HOM-0001397,2024,HOM,948.48,113.8176,948.48,0.00,TR014,29.4,278.85,2026-12-31
ALB-HOM-0001412,2020,HOM,1415.71,169.8852,1415.71,0.00,,,0.00,2026-12-31
ALB-HOM-0001430,2020,HOM,1941.69,233.0028,1941.69,0.00,,,0.00,2026-12-31
ALB-HOM-0001443,2018,HOM,2417.82,290.1384,2417.82,0.00,,,0.00,2026-12-31
ALB-HOM-0001451,2020,HOM,1969.4,236.328,1969.40,0.00,,,0.00,2026-12-31
ALB-HOM-0001454,2022,HOM,657.49,78.8988,657.49,0.00,TR002,25.6,168.32,2026-12-31
ALB-HOM-0001468,2023,HOM,2935.9,352.308,2935.90,0.00,,,0.00,2026-12-31
ALB-HOM-0001470,2020,HOM,2339.71,280.7652,2339.71,0.00,,,0.00,2026-12-31
ALB-HOM-0001497,2026,HOM,248.45,29.813999999999997,103.52,144.93,,,0.00,2026-12-31
ALB-HOM-0001498,2021,HOM,4048.61,485.8332,4048.61,0.00,,,0.00,2026-12-31
ALB-HOM-0001508,2018,HOM,611.18,73.34159999999999,611.18,0.00,,,0.00,2026-12-31
ALB-HOM-0001513,2022,HOM,4042.02,485.0424,4042.02,0.00,TR002,25.6,1034.76,2026-12-31
ALB-HOM-0001543,2020,HOM,1635.96,196.3152,1635.96,0.00,,,0.00,2026-12-31
ALB-HOM-0001563,2020,HOM,3275.96,393.1152,3275.96,0.00,,,0.00,2026-12-31
ALB-HOM-0001571,2023,HOM,1002.7,120.324,1002.70,0.00,,,0.00,2026-12-31
ALB-HOM-0001589,2018,HOM,3368.0,404.15999999999997,3368.00,0.00,,,0.00,2026-12-31
ALB-HOM-0001611,2021,HOM,3757.41,450.88919999999996,3757.41,0.00,,,0.00,2026-12-31
ALB-HOM-0001614,2022,HOM,672.81,80.73719999999999,672.81,0.00,TR002,25.6,172.24,2026-12-31
ALB-HOM-0001618,2022,HOM,1751.65,210.198,1751.65,0.00,TR002,25.6,448.42,2026-12-31
ALB-HOM-0001619,2018,HOM,3348.07,401.7684,3348.07,0.00,,,0.00,2026-12-31
ALB-HOM-0001627,2026,HOM,1964.43,235.7316,0.00,1964.43,,,0.00,2026-12-31
ALB-HOM-0001632,2019,HOM,4192.31,503.0772,4192.31,0.00,,,0.00,2026-12-31
ALB-HOM-0001633,2019,HOM,1447.5,173.7,1447.50,0.00,,,0.00,2026-12-31
ALB-HOM-0001634,2018,HOM,580.15,69.618,580.15,0.00,,,0.00,2026-12-31
ALB-HOM-0001642,2022,HOM,2435.45,292.25399999999996,2435.45,0.00,TR002,25.6,623.48,2026-12-31
ALB-HOM-0001644,2025,HOM,2491.01,298.9212,2491.01,0.00,TR012,34.5,859.40,2026-12-31
ALB-HOM-0001651,2020,HOM,1968.66,236.2392,1968.66,0.00,,,0.00,2026-12-31
ALB-HOM-0001664,2026,HOM,3248.03,389.7636,1894.68,1353.35,,,0.00,2026-12-31
ALB-HOM-0001670,2026,HOM,1267.89,152.1468,739.60,528.29,,,0.00,2026-12-31
ALB-HOM-0001676,2022,HOM,2927.32,351.27840000000003,2927.32,0.00,TR002,25.6,749.39,2026-12-31
ALB-HOM-0001694,2019,HOM,731.31,87.75719999999998,731.31,0.00,,,0.00,2026-12-31
ALB-HOM-0001701,2022,HOM,3435.28,412.2336,3435.28,0.00,TR002,25.6,879.43,2026-12-31
ALB-HOM-0001725,2022,HOM,562.81,67.53719999999998,562.81,0.00,TR002,25.6,144.08,2026-12-31
ALB-HOM-0001727,2019,HOM,3042.95,365.15399999999994,3042.95,0.00,,,0.00,2026-12-31
ALB-HOM-0001740,2020,HOM,3608.72,433.04639999999995,3608.72,0.00,,,0.00,2026-12-31
ALB-HOM-0001742,2021,HOM,4116.41,493.96919999999994,4116.41,0.00,,,0.00,2026-12-31
ALB-HOM-0001747,2022,HOM,872.02,104.6424,872.02,0.00,TR002,25.6,223.24,2026-12-31
ALB-HOM-0001754,2025,HOM,1318.08,158.16959999999997,1318.08,0.00,TR012,34.5,454.74,2026-12-31
ALB-HOM-0001759,2020,HOM,3858.11,462.9732,3858.11,0.00,,,0.00,2026-12-31
ALB-HOM-0001762,2020,HOM,3239.5,388.74,3239.50,0.00,,,0.00,2026-12-31
ALB-HOM-0001768,2021,HOM,1584.78,190.1736,1584.78,0.00,,,0.00,2026-12-31
ALB-HOM-0001776,2022,HOM,1930.48,231.6576,1930.48,0.00,TR002,25.6,494.20,2026-12-31
ALB-HOM-0001779,2024,HOM,3102.28,372.2736,3102.28,0.00,TR014,29.4,912.07,2026-12-31
ALB-HOM-0001781,2025,HOM,190.47,22.8564,190.47,0.00,TR012,34.5,65.71,2026-12-31
ALB-HOM-0001785,2021,HOM,2814.03,337.6836,2814.03,0.00,,,0.00,2026-12-31
ALB-HOM-0001797,2024,HOM,3300.11,396.0132,3300.11,0.00,TR014,29.4,970.23,2026-12-31
ALB-HOM-0001811,2026,HOM,3209.22,385.10639999999995,1069.74,2139.48,,,0.00,2026-12-31
ALB-HOM-0001818,2021,HOM,3837.43,460.49159999999995,3837.43,0.00,,,0.00,2026-12-31
ALB-HOM-0001855,2024,HOM,2156.14,258.73679999999996,2156.14,0.00,TR014,29.4,633.91,2026-12-31
ALB-HOM-0001868,2023,HOM,687.96,82.5552,687.96,0.00,,,0.00,2026-12-31
ALB-HOM-0001869,2019,HOM,272.49,32.6988,272.49,0.00,,,0.00,2026-12-31
ALB-HOM-0001876,2023,HOM,1730.69,207.6828,1730.69,0.00,,,0.00,2026-12-31
ALB-HOM-0001881,2019,HOM,1819.35,218.32199999999997,1819.35,0.00,,,0.00,2026-12-31
ALB-HOM-0001885,2026,HOM,2762.23,331.4676,1841.49,920.74,,,0.00,2026-12-31
ALB-HOM-0001888,2018,HOM,2290.19,274.8228,2290.19,0.00,,,0.00,2026-12-31
ALB-HOM-0001894,2023,HOM,3255.68,390.68159999999995,3255.68,0.00,,,0.00,2026-12-31
ALB-HOM-0001912,2022,HOM,2611.21,313.3452,2611.21,0.00,TR002,25.6,668.47,2026-12-31
ALB-HOM-0001929,2022,HOM,289.03,34.6836,289.03,0.00,TR002,25.6,73.99,2026-12-31
ALB-HOM-0001940,2022,HOM,672.55,80.70599999999999,672.55,0.00,TR002,25.6,172.17,2026-12-31
ALB-HOM-0001946,2022,HOM,3964.28,475.7136,3964.28,0.00,TR002,25.6,1014.86,2026-12-31
ALB-HOM-0001955,2024,HOM,2189.64,262.7568,2189.64,0.00,TR014,29.4,643.75,2026-12-31
ALB-HOM-0001959,2021,HOM,2667.06,320.0472,2667.06,0.00,,,0.00,2026-12-31
ALB-HOM-0001962,2021,HOM,1368.09,164.17079999999999,1368.09,0.00,,,0.00,2026-12-31
ALB-HOM-0001963,2026,HOM,1996.35,239.56199999999998,1663.63,332.72,,,0.00,2026-12-31
ALB-HOM-0001969,2023,HOM,3904.23,468.50759999999997,3904.23,0.00,,,0.00,2026-12-31
ALB-HOM-0001972,2025,HOM,346.73,41.6076,346.73,0.00,TR012,34.5,119.62,2026-12-31
ALB-HOM-0001979,2019,HOM,2223.29,266.7948,2223.29,0.00,,,0.00,2026-12-31
ALB-HOM-0001985,2019,HOM,3867.99,464.1587999999999,3867.99,0.00,,,0.00,2026-12-31
ALB-HOM-0002000,2020,HOM,3303.45,396.414,3303.45,0.00,,,0.00,2026-12-31
ALB-HOM-0002020,2019,HOM,486.07,58.328399999999995,486.07,0.00,,,0.00,2026-12-31
ALB-HOM-0002045,2022,HOM,2339.06,280.68719999999996,2339.06,0.00,TR002,25.6,598.80,2026-12-31
ALB-HOM-0002074,2018,HOM,323.24,38.7888,323.24,0.00,,,0.00,2026-12-31
ALB-HOM-0002097,2023,HOM,1627.12,195.25439999999998,1627.12,0.00,,,0.00,2026-12-31
ALB-HOM-0002105,2026,HOM,2172.25,260.67,362.04,1810.21,,,0.00,2026-12-31
ALB-HOM-0002109,2026,HOM,962.14,115.45679999999999,561.25,400.89,,,0.00,2026-12-31
ALB-HOM-0002114,2026,HOM,2018.1,242.17199999999997,168.18,1849.93,,,0.00,2026-12-31
ALB-HOM-0002127,2018,HOM,3397.25,407.66999999999996,3397.25,0.00,,,0.00,2026-12-31
ALB-HOM-0002133,2023,HOM,3100.57,372.0684,3100.57,0.00,,,0.00,2026-12-31
ALB-HOM-0002141,2019,HOM,504.37,60.5244,504.37,0.00,,,0.00,2026-12-31
ALB-HOM-0002152,2023,HOM,1528.02,183.36239999999998,1528.02,0.00,,,0.00,2026-12-31
ALB-HOM-0002171,2022,HOM,2981.36,357.7632,2981.36,0.00,TR002,25.6,763.23,2026-12-31
ALB-HOM-0002178,2026,HOM,604.09,72.49080000000001,201.36,402.73,,,0.00,2026-12-31
ALB-HOM-0002192,2020,HOM,3995.23,479.4276,3995.23,0.00,,,0.00,2026-12-31
ALB-HOM-0002199,2024,HOM,3806.7,456.804,3806.70,0.00,TR014,29.4,1119.17,2026-12-31
ALB-HOM-0002203,2023,HOM,1813.68,217.6416,1813.68,0.00,,,0.00,2026-12-31
ALB-HOM-0002207,2022,HOM,2542.21,305.0652,2542.21,0.00,TR002,25.6,650.81,2026-12-31
ALB-HOM-0002225,2026,HOM,1332.42,159.8904,555.18,777.25,,,0.00,2026-12-31
ALB-HOM-0002236,2022,HOM,3701.74,444.20879999999994,3701.74,0.00,TR002,25.6,947.65,2026-12-31
ALB-HOM-0002244,2024,HOM,2107.07,252.8484,2107.07,0.00,TR014,29.4,619.48,2026-12-31
ALB-HOM-0002249,2022,HOM,474.43,56.931599999999996,474.43,0.00,TR002,25.6,121.45,2026-12-31
ALB-HOM-0002278,2019,HOM,3948.27,473.7924,3948.27,0.00,,,0.00,2026-12-31
ALB-HOM-0002283,2018,HOM,2482.24,297.86879999999996,2482.24,0.00,,,0.00,2026-12-31
ALB-HOM-0002293,2021,HOM,961.42,115.37039999999999,961.42,0.00,,,0.00,2026-12-31
ALB-HOM-0002299,2018,HOM,1013.58,121.6296,1013.58,0.00,,,0.00,2026-12-31
ALB-HOM-0002309,2018,HOM,2065.16,247.81919999999997,2065.16,0.00,,,0.00,2026-12-31
ALB-HOM-0002326,2020,HOM,2911.7,349.40399999999994,2911.70,0.00,,,0.00,2026-12-31
ALB-HOM-0002333,2018,HOM,2003.83,240.4596,2003.83,0.00,,,0.00,2026-12-31
ALB-HOM-0002337,2025,HOM,1894.79,227.3748,1894.79,0.00,TR012,34.5,653.70,2026-12-31
ALB-HOM-0002354,2018,HOM,3530.67,423.6804,3530.67,0.00,,,0.00,2026-12-31
ALB-HOM-0002367,2018,HOM,549.32,65.9184,549.32,0.00,,,0.00,2026-12-31
ALB-HOM-0002369,2019,HOM,1652.32,198.27839999999998,1652.32,0.00,,,0.00,2026-12-31
ALB-HOM-0002394,2024,HOM,1747.51,209.7012,1747.51,0.00,TR014,29.4,513.77,2026-12-31
ALB-HOM-0002398,2025,HOM,3334.66,400.15919999999994,3334.66,0.00,TR012,34.5,1150.46,2026-12-31
ALB-HOM-0002401,2019,HOM,1230.97,147.7164,1230.97,0.00,,,0.00,2026-12-31
ALB-HOM-0002429,2023,HOM,942.32,113.0784,942.32,0.00,,,0.00,2026-12-31
ALB-HOM-0002444,2019,HOM,4017.14,482.05679999999995,4017.14,0.00,,,0.00,2026-12-31
ALB-HOM-0002456,2024,HOM,515.96,61.9152,515.96,0.00,TR014,29.4,151.69,2026-12-31
ALB-HOM-0002457,2025,HOM,2850.01,342.00120000000004,2850.01,0.00,TR012,34.5,983.25,2026-12-31
ALB-HOM-0002464,2019,HOM,4180.43,501.65160000000003,4180.43,0.00,,,0.00,2026-12-31
ALB-HOM-0002471,2023,HOM,3810.01,457.20120000000003,3810.01,0.00,,,0.00,2026-12-31
ALB-HOM-0002479,2018,HOM,689.52,82.74239999999999,689.52,0.00,,,0.00,2026-12-31
ALB-HOM-0002480,2025,HOM,2973.94,356.8728,2973.94,0.00,TR012,34.5,1026.01,2026-12-31
ALB-HOM-0002501,2024,HOM,3023.56,362.8272,3023.56,0.00,TR014,29.4,888.93,2026-12-31
ALB-HOM-0002531,2023,HOM,1975.13,237.0156,1975.13,0.00,,,0.00,2026-12-31
ALB-HOM-0002557,2022,HOM,3622.65,434.718,3622.65,0.00,TR002,25.6,927.40,2026-12-31
ALB-HOM-0002572,2023,HOM,2217.84,266.1408,2217.84,0.00,,,0.00,2026-12-31
ALB-HOM-0002580,2025,HOM,1315.05,157.80599999999998,1315.05,0.00,TR012,34.5,453.69,2026-12-31
ALB-HOM-0002586,2024,HOM,277.94,33.3528,277.94,0.00,TR014,29.4,81.71,2026-12-31
ALB-HOM-0002590,2019,HOM,1508.46,181.0152,1508.46,0.00,,,0.00,2026-12-31
ALB-HOM-0002593,2024,HOM,1239.31,148.7172,1239.31,0.00,TR014,29.4,364.36,2026-12-31
ALB-HOM-0002594,2020,HOM,2938.89,352.66679999999997,2938.89,0.00,,,0.00,2026-12-31
ALB-HOM-0002596,2019,HOM,2155.13,258.61560000000003,2155.13,0.00,,,0.00,2026-12-31
ALB-HOM-0002613,2024,HOM,187.01,22.4412,187.01,0.00,TR014,29.4,54.98,2026-12-31
ALB-HOM-0002631,2023,HOM,2948.39,353.80679999999995,2948.39,0.00,,,0.00,2026-12-31
ALB-HOM-0002642,2023,HOM,3491.3,418.956,3491.30,0.00,,,0.00,2026-12-31
ALB-HOM-0002651,2021,HOM,3932.87,471.9444,3932.87,0.00,,,0.00,2026-12-31
ALB-HOM-0002670,2024,HOM,1945.13,233.4156,1945.13,0.00,TR014,29.4,571.87,2026-12-31
ALB-HOM-0002679,2020,HOM,3395.82,407.4984,3395.82,0.00,,,0.00,2026-12-31
ALB-HOM-0002722,2019,HOM,3552.1,426.25199999999995,3552.10,0.00,,,0.00,2026-12-31
ALB-HOM-0002736,2022,HOM,4105.21,492.6252,4105.21,0.00,TR002,25.6,1050.93,2026-12-31
ALB-HOM-0002768,2019,HOM,1914.14,229.6968,1914.14,0.00,,,0.00,2026-12-31
ALB-HOM-0002774,2020,HOM,1499.99,179.9988,1499.99,0.00,,,0.00,2026-12-31
ALB-HOM-0002790,2019,HOM,871.24,104.5488,871.24,0.00,,,0.00,2026-12-31
ALB-HOM-0002791,2018,HOM,1707.01,204.8412,1707.01,0.00,,,0.00,2026-12-31
ALB-HOM-0002792,2021,HOM,4041.92,485.0304,4041.92,0.00,,,0.00,2026-12-31
ALB-HOM-0002794,2021,HOM,1401.69,168.2028,1401.69,0.00,,,0.00,2026-12-31
ALB-HOM-0002819,2018,HOM,3325.07,399.0084,3325.07,0.00,,,0.00,2026-12-31
ALB-HOM-0002823,2020,HOM,3755.65,450.678,3755.65,0.00,,,0.00,2026-12-31
ALB-HOM-0002831,2020,HOM,2728.31,327.3972,2728.31,0.00,,,0.00,2026-12-31
ALB-HOM-0002836,2020,HOM,836.13,100.3356,836.13,0.00,,,0.00,2026-12-31
ALB-HOM-0002858,2018,HOM,2497.4,299.688,2497.40,0.00,,,0.00,2026-12-31
ALB-HOM-0002889,2019,HOM,3815.29,457.8348,3815.29,0.00,,,0.00,2026-12-31
ALB-HOM-0002890,2025,HOM,3225.86,387.1032,3225.86,0.00,TR012,34.5,1112.92,2026-12-31
ALB-HOM-0002906,2023,HOM,1443.31,173.19719999999998,1443.31,0.00,,,0.00,2026-12-31
ALB-HOM-0002912,2025,HOM,2606.52,312.7824,2606.52,0.00,TR012,34.5,899.25,2026-12-31
ALB-HOM-0002918,2026,HOM,3558.19,426.9828,2372.13,1186.06,,,0.00,2026-12-31
ALB-HOM-0002926,2019,HOM,1389.72,166.7664,1389.72,0.00,,,0.00,2026-12-31
ALB-HOM-0002928,2026,HOM,2676.03,321.1236,2230.03,446.01,,,0.00,2026-12-31
ALB-HOM-0002930,2026,HOM,2779.08,333.4896,1389.54,1389.54,,,0.00,2026-12-31
ALB-HOM-0002952,2022,HOM,2891.72,347.0064,2891.72,0.00,TR002,25.6,740.28,2026-12-31
ALB-HOM-0002976,2021,HOM,2016.99,242.03879999999998,2016.99,0.00,,,0.00,2026-12-31
ALB-HOM-0002983,2025,HOM,1320.75,158.48999999999998,1320.75,0.00,TR012,34.5,455.66,2026-12-31
ALB-HOM-0002990,2024,HOM,941.79,113.0148,941.79,0.00,TR014,29.4,276.89,2026-12-31
ALB-HOM-0002993,2018,HOM,2767.75,332.13,2767.75,0.00,,,0.00,2026-12-31
ALB-HOM-0002994,2019,HOM,3734.6,448.152,3734.60,0.00,,,0.00,2026-12-31
ALB-HOM-0002996,2022,HOM,2152.4,258.288,2152.40,0.00,TR002,25.6,551.01,2026-12-31
ALB-HOM-0003060,2018,HOM,1357.57,162.9084,1357.57,0.00,,,0.00,2026-12-31
ALB-HOM-0003084,2022,HOM,1914.34,229.72079999999997,1914.34,0.00,TR002,25.6,490.07,2026-12-31
ALB-HOM-0003091,2018,HOM,4034.41,484.12919999999997,4034.41,0.00,,,0.00,2026-12-31
ALB-HOM-0003094,2019,HOM,1488.9,178.668,1488.90,0.00,,,0.00,2026-12-31
ALB-HOM-0003109,2020,HOM,1271.46,152.5752,1271.46,0.00,,,0.00,2026-12-31
ALB-HOM-0003112,2019,HOM,2521.24,302.54879999999997,2521.24,0.00,,,0.00,2026-12-31
ALB-HOM-0003123,2025,HOM,1799.16,215.8992,1799.16,0.00,TR012,34.5,620.71,2026-12-31
ALB-HOM-0003137,2018,HOM,2674.67,320.9604,2674.67,0.00,,,0.00,2026-12-31
ALB-HOM-0003156,2020,HOM,3382.3,405.87600000000003,3382.30,0.00,,,0.00,2026-12-31
ALB-HOM-0003172,2023,HOM,3798.43,455.81159999999994,3798.43,0.00,,,0.00,2026-12-31
ALB-HOM-0003177,2023,HOM,2272.47,272.6964,2272.47,0.00,,,0.00,2026-12-31
ALB-HOM-0003201,2025,HOM,1248.58,149.8296,1248.58,0.00,TR012,34.5,430.76,2026-12-31
ALB-HOM-0003213,2020,HOM,400.22,48.0264,400.22,0.00,,,0.00,2026-12-31
ALB-HOM-0003222,2022,HOM,777.03,93.24359999999999,777.03,0.00,TR002,25.6,198.92,2026-12-31
ALB-HOM-0003223,2019,HOM,1477.66,177.3192,1477.66,0.00,,,0.00,2026-12-31
ALB-HOM-0003226,2023,HOM,3023.4,362.808,3023.40,0.00,,,0.00,2026-12-31
ALB-HOM-0003241,2023,HOM,262.94,31.552799999999998,262.94,0.00,,,0.00,2026-12-31
ALB-HOM-0003259,2019,HOM,3705.95,444.71399999999994,3705.95,0.00,,,0.00,2026-12-31
ALB-HOM-0003263,2023,HOM,3957.84,474.9408,3957.84,0.00,,,0.00,2026-12-31
ALB-HOM-0003267,2018,HOM,2215.42,265.8504,2215.42,0.00,,,0.00,2026-12-31
ALB-HOM-0003275,2025,HOM,1007.1,120.852,1007.10,0.00,TR012,34.5,347.45,2026-12-31
ALB-HOM-0003324,2024,HOM,652.78,78.33359999999999,652.78,0.00,TR014,29.4,191.92,2026-12-31
ALB-HOM-0003345,2024,HOM,4180.42,501.6504,4180.42,0.00,TR014,29.4,1229.04,2026-12-31
ALB-HOM-0003367,2026,HOM,2061.86,247.4232,515.47,1546.40,,,0.00,2026-12-31
ALB-HOM-0003369,2018,HOM,220.4,26.448,220.40,0.00,,,0.00,2026-12-31
ALB-HOM-0003397,2024,HOM,498.88,59.8656,498.88,0.00,TR014,29.4,146.67,2026-12-31
ALB-HOM-0003398,2018,HOM,1410.4,169.248,1410.40,0.00,,,0.00,2026-12-31
ALB-HOM-0003402,2018,HOM,1201.45,144.174,1201.45,0.00,,,0.00,2026-12-31
ALB-HOM-0003416,2019,HOM,2635.25,316.22999999999996,2635.25,0.00,,,0.00,2026-12-31
ALB-HOM-0003425,2026,HOM,1886.38,226.3656,628.79,1257.59,,,0.00,2026-12-31
ALB-HOM-0003429,2021,HOM,1138.3,136.596,1138.30,0.00,,,0.00,2026-12-31
ALB-HOM-0003431,2026,HOM,1572.5,188.7,917.29,655.21,,,0.00,2026-12-31
ALB-HOM-0003433,2025,HOM,386.79,46.4148,386.79,0.00,TR012,34.5,133.44,2026-12-31
ALB-HOM-0003439,2022,HOM,2074.22,248.90639999999996,2074.22,0.00,TR002,25.6,531.00,2026-12-31
ALB-HOM-0003444,2022,HOM,3278.69,393.4428,3278.69,0.00,TR002,25.6,839.34,2026-12-31
ALB-HOM-0003459,2023,HOM,1402.2,168.264,1402.20,0.00,,,0.00,2026-12-31
ALB-HOM-0003460,2020,HOM,1643.28,197.1936,1643.28,0.00,,,0.00,2026-12-31
ALB-HOM-0003470,2018,HOM,555.14,66.6168,555.14,0.00,,,0.00,2026-12-31
ALB-HOM-0003472,2026,HOM,1153.76,138.4512,384.59,769.17,,,0.00,2026-12-31
ALB-HOM-0003475,2024,HOM,3888.26,466.5912,3888.26,0.00,TR014,29.4,1143.15,2026-12-31
ALB-HOM-0003486,2023,HOM,3288.31,394.5972,3288.31,0.00,,,0.00,2026-12-31
ALB-HOM-0003499,2026,HOM,450.32,54.038399999999996,337.74,112.58,,,0.00,2026-12-31
ALB-HOM-0003507,2018,HOM,317.22,38.0664,317.22,0.00,,,0.00,2026-12-31
ALB-HOM-0003533,2026,HOM,3703.05,444.366,1234.35,2468.70,,,0.00,2026-12-31
ALB-HOM-0003552,2023,HOM,1053.96,126.4752,1053.96,0.00,,,0.00,2026-12-31
ALB-HOM-0003555,2023,HOM,2129.82,255.57840000000002,2129.82,0.00,,,0.00,2026-12-31
ALB-HOM-0003559,2024,HOM,201.62,24.194399999999998,201.62,0.00,TR014,29.4,59.28,2026-12-31
ALB-HOM-0003564,2018,HOM,268.05,32.166,268.05,0.00,,,0.00,2026-12-31
ALB-HOM-0003565,2022,HOM,187.14,22.456799999999998,187.14,0.00,TR002,25.6,47.91,2026-12-31
ALB-HOM-0003569,2020,HOM,2963.25,355.59,2963.25,0.00,,,0.00,2026-12-31
ALB-HOM-0003577,2025,HOM,4061.42,487.3704,4061.42,0.00,TR012,34.5,1401.19,2026-12-31
ALB-HOM-0003585,2025,HOM,673.35,80.802,673.35,0.00,TR012,34.5,232.31,2026-12-31
ALB-HOM-0003587,2026,HOM,2058.0,246.95999999999998,1200.50,857.50,,,0.00,2026-12-31
ALB-HOM-0003594,2025,HOM,3388.39,406.60679999999996,3388.39,0.00,TR012,34.5,1168.99,2026-12-31
ALB-HOM-0003597,2021,HOM,2379.67,285.5604,2379.67,0.00,,,0.00,2026-12-31
ALB-HOM-0003598,2025,HOM,1104.88,132.5856,1104.88,0.00,TR012,34.5,381.18,2026-12-31
ALB-HOM-0003612,2021,HOM,2230.22,267.6264,2230.22,0.00,,,0.00,2026-12-31
ALB-HOM-0003614,2020,HOM,2533.48,304.0176,2533.48,0.00,,,0.00,2026-12-31
ALB-HOM-0003617,2022,HOM,1939.16,232.6992,1939.16,0.00,TR002,25.6,496.42,2026-12-31
ALB-HOM-0003620,2026,HOM,2531.07,303.7284,632.77,1898.30,,,0.00,2026-12-31
ALB-HOM-0003654,2024,HOM,3251.38,390.1656,3251.38,0.00,TR014,29.4,955.91,2026-12-31
ALB-HOM-0003664,2024,HOM,4190.07,502.80839999999995,4190.07,0.00,TR014,29.4,1231.88,2026-12-31
ALB-HOM-0003688,2022,HOM,2653.24,318.38879999999995,2653.24,0.00,TR002,25.6,679.23,2026-12-31
ALB-HOM-0003689,2021,HOM,672.28,80.6736,672.28,0.00,,,0.00,2026-12-31
ALB-HOM-0003696,2026,HOM,2181.42,261.7704,363.57,1817.85,,,0.00,2026-12-31
ALB-HOM-0003699,2019,HOM,508.01,60.9612,508.01,0.00,,,0.00,2026-12-31
ALB-HOM-0003702,2023,HOM,1766.98,212.0376,1766.98,0.00,,,0.00,2026-12-31
ALB-HOM-0003705,2020,HOM,4156.7,498.804,4156.70,0.00,,,0.00,2026-12-31
ALB-HOM-0003706,2025,HOM,3895.5,467.46,3895.50,0.00,TR012,34.5,1343.95,2026-12-31
ALB-HOM-0003712,2023,HOM,3239.28,388.7136,3239.28,0.00,,,0.00,2026-12-31
ALB-HOM-0003717,2023,HOM,2537.22,304.46639999999996,2537.22,0.00,,,0.00,2026-12-31
ALB-HOM-0003724,2026,HOM,908.22,108.9864,681.17,227.05,,,0.00,2026-12-31
ALB-HOM-0003736,2018,HOM,1444.73,173.36759999999998,1444.73,0.00,,,0.00,2026-12-31
ALB-HOM-0003741,2025,HOM,195.16,23.4192,195.16,0.00,TR012,34.5,67.33,2026-12-31
ALB-HOM-0003746,2025,HOM,3679.22,441.5064,3679.22,0.00,TR012,34.5,1269.33,2026-12-31
ALB-HOM-0003756,2024,HOM,710.58,85.2696,710.58,0.00,TR014,29.4,208.91,2026-12-31
ALB-HOM-0003762,2018,HOM,1670.32,200.43839999999997,1670.32,0.00,,,0.00,2026-12-31
ALB-HOM-0003768,2020,HOM,2060.88,247.3056,2060.88,0.00,,,0.00,2026-12-31
ALB-HOM-0003787,2026,HOM,708.87,85.06439999999999,236.29,472.58,,,0.00,2026-12-31
ALB-HOM-0003818,2019,HOM,535.75,64.28999999999999,535.75,0.00,,,0.00,2026-12-31
ALB-HOM-0003835,2021,HOM,1086.33,130.3596,1086.33,0.00,,,0.00,2026-12-31
ALB-HOM-0003848,2025,HOM,3848.85,461.86199999999997,3848.85,0.00,TR012,34.5,1327.85,2026-12-31
ALB-HOM-0003858,2019,HOM,3635.55,436.266,3635.55,0.00,,,0.00,2026-12-31
ALB-HOM-0003862,2023,HOM,1742.21,209.0652,1742.21,0.00,,,0.00,2026-12-31
ALB-HOM-0003867,2021,HOM,3743.2,449.18399999999997,3743.20,0.00,,,0.00,2026-12-31
ALB-HOM-0003905,2023,HOM,3371.21,404.54519999999997,3371.21,0.00,,,0.00,2026-12-31
ALB-HOM-0003917,2025,HOM,2599.85,311.98199999999997,2599.85,0.00,TR012,34.5,896.95,2026-12-31
ALB-HOM-0003920,2022,HOM,2838.2,340.58399999999995,2838.20,0.00,TR002,25.6,726.58,2026-12-31
ALB-HOM-0003928,2025,HOM,2332.62,279.9144,2332.62,0.00,TR012,34.5,804.75,2026-12-31
ALB-HOM-0003959,2025,HOM,1219.14,146.29680000000002,1219.14,0.00,TR012,34.5,420.60,2026-12-31
ALB-HOM-0003964,2025,HOM,755.97,90.7164,755.97,0.00,TR012,34.5,260.81,2026-12-31
ALB-HOM-0003972,2022,HOM,184.72,22.1664,184.72,0.00,TR002,25.6,47.29,2026-12-31
ALB-HOM-0003975,2023,HOM,2360.61,283.27320000000003,2360.61,0.00,,,0.00,2026-12-31
ALB-HOM-0004000,2020,HOM,2078.35,249.402,2078.35,0.00,,,0.00,2026-12-31
ALB-HOM-0004004,2024,HOM,881.14,105.73679999999999,881.14,0.00,TR014,29.4,259.06,2026-12-31
ALB-HOM-0004015,2025,HOM,2646.05,317.526,2646.05,0.00,TR012,34.5,912.89,2026-12-31
ALB-HOM-0004024,2026,HOM,2066.91,248.02919999999997,1894.67,172.24,,,0.00,2026-12-31
ALB-HOM-0004029,2023,HOM,1322.5,158.7,1322.50,0.00,,,0.00,2026-12-31
ALB-HOM-0004035,2020,HOM,4176.42,501.1704,4176.42,0.00,,,0.00,2026-12-31
ALB-HOM-0004058,2025,HOM,2420.23,290.4276,2420.23,0.00,TR012,34.5,834.98,2026-12-31
ALB-HOM-0004089,2020,HOM,1435.2,172.224,1435.20,0.00,,,0.00,2026-12-31
ALB-HOM-0004090,2022,HOM,4016.77,482.01239999999996,4016.77,0.00,TR002,25.6,1028.29,2026-12-31
ALB-HOM-0004099,2023,HOM,862.85,103.542,862.85,0.00,,,0.00,2026-12-31
ALB-HOM-0004116,2022,HOM,2035.49,244.25879999999998,2035.49,0.00,TR002,25.6,521.09,2026-12-31
ALB-HOM-0004125,2024,HOM,2928.01,351.3612,2928.01,0.00,TR014,29.4,860.83,2026-12-31
ALB-HOM-0004127,2026,HOM,2310.13,277.2156,577.53,1732.60,,,0.00,2026-12-31
ALB-HOM-0004135,2018,HOM,2394.64,287.35679999999996,2394.64,0.00,,,0.00,2026-12-31
ALB-HOM-0004146,2018,HOM,1546.75,185.60999999999999,1546.75,0.00,,,0.00,2026-12-31
ALB-HOM-0004149,2019,HOM,3262.09,391.4508,3262.09,0.00,,,0.00,2026-12-31
ALB-HOM-0004156,2026,HOM,3427.62,411.3144,1428.18,1999.45,,,0.00,2026-12-31
ALB-HOM-0004178,2021,HOM,1794.43,215.3316,1794.43,0.00,,,0.00,2026-12-31
ALB-HOM-0004184,2025,HOM,859.74,103.16879999999999,859.74,0.00,TR012,34.5,296.61,2026-12-31
ALB-HOM-0004191,2021,HOM,4028.27,483.39239999999995,4028.27,0.00,,,0.00,2026-12-31
ALB-HOM-0004194,2019,HOM,3393.42,407.2104,3393.42,0.00,,,0.00,2026-12-31
ALB-HOM-0004209,2025,HOM,3939.65,472.758,3939.65,0.00,TR012,34.5,1359.18,2026-12-31
ALB-HOM-0004235,2023,HOM,3575.58,429.0696,3575.58,0.00,,,0.00,2026-12-31
ALB-HOM-0004240,2021,HOM,1256.26,150.75119999999998,1256.26,0.00,,,0.00,2026-12-31
ALB-HOM-0004247,2023,HOM,1785.44,214.2528,1785.44,0.00,,,0.00,2026-12-31
ALB-HOM-0004257,2024,HOM,581.76,69.8112,581.76,0.00,TR014,29.4,171.04,2026-12-31
ALB-HOM-0004258,2019,HOM,3446.46,413.5752,3446.46,0.00,,,0.00,2026-12-31
ALB-HOM-0004274,2022,HOM,2128.07,255.3684,2128.07,0.00,TR002,25.6,544.79,2026-12-31
ALB-HOM-0004275,2024,HOM,2632.37,315.88439999999997,2632.37,0.00,TR014,29.4,773.92,2026-12-31
ALB-HOM-0004278,2025,HOM,1083.2,129.984,1083.20,0.00,TR012,34.5,373.70,2026-12-31
ALB-HOM-0004282,2022,HOM,2242.02,269.0424,2242.02,0.00,TR002,25.6,573.96,2026-12-31
ALB-HOM-0004288,2019,HOM,2532.18,303.86159999999995,2532.18,0.00,,,0.00,2026-12-31
ALB-HOM-0004289,2024,HOM,2316.5,277.97999999999996,2316.50,0.00,TR014,29.4,681.05,2026-12-31
ALB-HOM-0004290,2024,HOM,3882.53,465.9036,3882.53,0.00,TR014,29.4,1141.46,2026-12-31
ALB-HOM-0004316,2020,HOM,1609.43,193.1316,1609.43,0.00,,,0.00,2026-12-31
ALB-HOM-0004323,2018,HOM,3467.88,416.1456,3467.88,0.00,,,0.00,2026-12-31
ALB-HOM-0004326,2019,HOM,3755.13,450.6156,3755.13,0.00,,,0.00,2026-12-31
ALB-HOM-0004347,2022,HOM,1983.69,238.0428,1983.69,0.00,TR002,25.6,507.82,2026-12-31
ALB-HOM-0004349,2024,HOM,2214.78,265.7736,2214.78,0.00,TR014,29.4,651.15,2026-12-31
ALB-HOM-0004372,2025,HOM,2252.64,270.3168,2252.64,0.00,TR012,34.5,777.16,2026-12-31
ALB-HOM-0004377,2021,HOM,1663.08,199.56959999999998,1663.08,0.00,,,0.00,2026-12-31
ALB-HOM-0004399,2021,HOM,3204.08,384.4896,3204.08,0.00,,,0.00,2026-12-31
ALB-HOM-0004408,2024,HOM,2031.43,243.7716,2031.43,0.00,TR014,29.4,597.24,2026-12-31
ALB-HOM-0004409,2021,HOM,922.33,110.67960000000001,922.33,0.00,,,0.00,2026-12-31
ALB-HOM-0004411,2021,HOM,915.07,109.8084,915.07,0.00,,,0.00,2026-12-31
ALB-HOM-0004412,2019,HOM,1459.42,175.1304,1459.42,0.00,,,0.00,2026-12-31
ALB-HOM-0004415,2023,HOM,684.27,82.1124,684.27,0.00,,,0.00,2026-12-31
ALB-HOM-0004419,2020,HOM,1647.92,197.7504,1647.92,0.00,,,0.00,2026-12-31
ALB-HOM-0004422,2023,HOM,295.58,35.4696,295.58,0.00,,,0.00,2026-12-31
ALB-HOM-0004430,2024,HOM,574.16,68.8992,574.16,0.00,TR014,29.4,168.80,2026-12-31
ALB-HOM-0004449,2026,HOM,2416.75,290.01,805.58,1611.17,,,0.00,2026-12-31
ALB-HOM-0004463,2026,HOM,265.2,31.823999999999998,243.10,22.10,,,0.00,2026-12-31
ALB-HOM-0004465,2019,HOM,2462.13,295.4556,2462.13,0.00,,,0.00,2026-12-31
ALB-HOM-0004494,2021,HOM,3007.64,360.91679999999997,3007.64,0.00,,,0.00,2026-12-31
ALB-HOM-0004502,2026,HOM,2791.72,335.0064,930.57,1861.15,,,0.00,2026-12-31
ALB-HOM-0004503,2021,HOM,3920.73,470.4876,3920.73,0.00,,,0.00,2026-12-31
ALB-HOM-0004508,2021,HOM,1985.31,238.23719999999997,1985.31,0.00,,,0.00,2026-12-31
ALB-HOM-0004512,2020,HOM,1673.59,200.83079999999998,1673.59,0.00,,,0.00,2026-12-31
ALB-HOM-0004524,2024,HOM,2705.66,324.6792,2705.66,0.00,TR014,29.4,795.46,2026-12-31
ALB-HOM-0004530,2022,HOM,341.2,40.943999999999996,341.20,0.00,TR002,25.6,87.35,2026-12-31
ALB-HOM-0004539,2019,HOM,1391.2,166.944,1391.20,0.00,,,0.00,2026-12-31
ALB-HOM-0004553,2022,HOM,3346.56,401.5872,3346.56,0.00,TR002,25.6,856.72,2026-12-31
ALB-HOM-0004557,2020,HOM,2975.71,357.0852,2975.71,0.00,,,0.00,2026-12-31
ALB-HOM-0004581,2020,HOM,1234.54,148.1448,1234.54,0.00,,,0.00,2026-12-31
ALB-HOM-0004583,2023,HOM,3052.25,366.27,3052.25,0.00,,,0.00,2026-12-31
ALB-HOM-0004592,2026,HOM,2459.19,295.1028,1639.46,819.73,,,0.00,2026-12-31
ALB-HOM-0004599,2019,HOM,3328.57,399.4284,3328.57,0.00,,,0.00,2026-12-31
ALB-HOM-0004617,2025,HOM,2752.61,330.3132,2752.61,0.00,TR012,34.5,949.65,2026-12-31
ALB-HOM-0004624,2026,HOM,3077.63,369.3156,2821.16,256.47,,,0.00,2026-12-31
ALB-HOM-0004634,2024,HOM,1114.09,133.6908,1114.09,0.00,TR014,29.4,327.54,2026-12-31
ALB-HOM-0004637,2019,HOM,1231.51,147.78119999999998,1231.51,0.00,,,0.00,2026-12-31
ALB-HOM-0004647,2026,HOM,823.21,98.7852,137.20,686.01,,,0.00,2026-12-31
ALB-HOM-0004648,2024,HOM,1772.14,212.6568,1772.14,0.00,TR014,29.4,521.01,2026-12-31
ALB-HOM-0004659,2026,HOM,3984.43,478.13159999999993,664.07,3320.36,,,0.00,2026-12-31
ALB-HOM-0004663,2022,HOM,759.34,91.1208,759.34,0.00,TR002,25.6,194.39,2026-12-31
ALB-HOM-0004673,2023,HOM,3997.99,479.75879999999995,3997.99,0.00,,,0.00,2026-12-31
ALB-HOM-0004676,2018,HOM,1901.04,228.1248,1901.04,0.00,,,0.00,2026-12-31
ALB-HOM-0004682,2024,HOM,621.98,74.6376,621.98,0.00,TR014,29.4,182.86,2026-12-31
ALB-HOM-0004688,2022,HOM,746.75,89.61,746.75,0.00,TR002,25.6,191.17,2026-12-31
ALB-HOM-0004691,2020,HOM,1149.03,137.8836,1149.03,0.00,,,0.00,2026-12-31
ALB-HOM-0004694,2019,HOM,2810.85,337.30199999999996,2810.85,0.00,,,0.00,2026-12-31
ALB-HOM-0004697,2025,HOM,686.02,82.3224,686.02,0.00,TR012,34.5,236.68,2026-12-31
ALB-HOM-0004698,2020,HOM,2342.16,281.0592,2342.16,0.00,,,0.00,2026-12-31
ALB-HOM-0004700,2026,HOM,4104.19,492.5027999999999,2052.09,2052.09,,,0.00,2026-12-31
ALB-HOM-0004725,2018,HOM,3216.69,386.0028,3216.69,0.00,,,0.00,2026-12-31
ALB-HOM-0004737,2021,HOM,1644.02,197.2824,1644.02,0.00,,,0.00,2026-12-31
ALB-HOM-0004739,2019,HOM,1211.91,145.4292,1211.91,0.00,,,0.00,2026-12-31
ALB-HOM-0004744,2026,HOM,993.66,119.2392,165.61,828.05,,,0.00,2026-12-31
ALB-HOM-0004748,2021,HOM,574.93,68.99159999999999,574.93,0.00,,,0.00,2026-12-31
ALB-HOM-0004755,2021,HOM,3272.04,392.6448,3272.04,0.00,,,0.00,2026-12-31
ALB-HOM-0004756,2022,HOM,2591.83,311.01959999999997,2591.83,0.00,TR002,25.6,663.51,2026-12-31
ALB-HOM-0004759,2018,HOM,1727.66,207.3192,1727.66,0.00,,,0.00,2026-12-31
ALB-HOM-0004762,2018,HOM,2248.7,269.844,2248.70,0.00,,,0.00,2026-12-31
ALB-HOM-0004776,2018,HOM,2036.65,244.398,2036.65,0.00,,,0.00,2026-12-31
ALB-HOM-0004786,2026,HOM,2983.35,358.00199999999995,2486.13,497.22,,,0.00,2026-12-31
ALB-HOM-0004800,2026,HOM,1096.64,131.5968,456.93,639.71,,,0.00,2026-12-31
ALB-HOM-0004802,2018,HOM,1123.11,134.77319999999997,1123.11,0.00,,,0.00,2026-12-31
ALB-HOM-0004806,2019,HOM,1436.43,172.3716,1436.43,0.00,,,0.00,2026-12-31
ALB-HOM-0004871,2022,HOM,703.58,84.42960000000001,703.58,0.00,TR002,25.6,180.12,2026-12-31
ALB-HOM-0004885,2026,HOM,3747.7,449.724,312.31,3435.39,,,0.00,2026-12-31
ALB-HOM-0004893,2021,HOM,522.0,62.64,522.00,0.00,,,0.00,2026-12-31
ALB-HOM-0004913,2019,HOM,4184.32,502.11839999999995,4184.32,0.00,,,0.00,2026-12-31
ALB-HOM-0004935,2025,HOM,3211.85,385.42199999999997,3211.85,0.00,TR012,34.5,1108.09,2026-12-31
ALB-HOM-0004939,2021,HOM,247.89,29.746799999999997,247.89,0.00,,,0.00,2026-12-31
ALB-HOM-0004943,2020,HOM,1544.75,185.37,1544.75,0.00,,,0.00,2026-12-31
ALB-HOM-0004945,2022,HOM,1882.9,225.948,1882.90,0.00,TR002,25.6,482.02,2026-12-31
ALB-HOM-0004954,2024,HOM,404.01,48.481199999999994,404.01,0.00,TR014,29.4,118.78,2026-12-31
ALB-HOM-0004958,2021,HOM,1145.01,137.4012,1145.01,0.00,,,0.00,2026-12-31
ALB-HOM-0004994,2024,HOM,411.1,49.332,411.10,0.00,TR014,29.4,120.86,2026-12-31
ALB-HOM-0004998,2022,HOM,2696.32,323.5584,2696.32,0.00,TR002,25.6,690.26,2026-12-31
ALB-HOM-0004999,2020,HOM,1149.98,137.9976,1149.98,0.00,,,0.00,2026-12-31
ALB-HOM-0005003,2019,HOM,541.79,65.0148,541.79,0.00,,,0.00,2026-12-31
ALB-HOM-0005025,2024,HOM,3973.93,476.87159999999994,3973.93,0.00,TR014,29.4,1168.34,2026-12-31
ALB-HOM-0005037,2026,HOM,2078.55,249.42600000000002,1385.70,692.85,,,0.00,2026-12-31
ALB-HOM-0005066,2025,HOM,516.89,62.026799999999994,516.89,0.00,TR012,34.5,178.33,2026-12-31
ALB-HOM-0005099,2020,HOM,2891.05,346.926,2891.05,0.00,,,0.00,2026-12-31
ALB-HOM-0005101,2021,HOM,2273.97,272.8764,2273.97,0.00,,,0.00,2026-12-31
ALB-HOM-0005105,2018,HOM,1423.95,170.874,1423.95,0.00,,,0.00,2026-12-31
ALB-HOM-0005108,2026,HOM,1483.6,178.03199999999998,123.63,1359.97,,,0.00,2026-12-31
ALB-HOM-0005110,2022,HOM,422.62,50.7144,422.62,0.00,TR002,25.6,108.19,2026-12-31
ALB-HOM-0005114,2021,HOM,3343.01,401.1612,3343.01,0.00,,,0.00,2026-12-31
ALB-HOM-0005142,2019,HOM,2289.87,274.7844,2289.87,0.00,,,0.00,2026-12-31
ALB-HOM-0005144,2020,HOM,601.0,72.11999999999999,601.00,0.00,,,0.00,2026-12-31
ALB-HOM-0005149,2024,HOM,3463.58,415.6296,3463.58,0.00,TR014,29.4,1018.29,2026-12-31
ALB-HOM-0005150,2019,HOM,1267.09,152.05079999999998,1267.09,0.00,,,0.00,2026-12-31
ALB-HOM-0005155,2023,HOM,3490.28,418.8336,3490.28,0.00,,,0.00,2026-12-31
ALB-HOM-0005160,2024,HOM,1094.93,131.3916,1094.93,0.00,TR014,29.4,321.91,2026-12-31
ALB-HOM-0005169,2018,HOM,2294.77,275.37239999999997,2294.77,0.00,,,0.00,2026-12-31
ALB-HOM-0005177,2022,HOM,180.03,21.6036,180.03,0.00,TR002,25.6,46.09,2026-12-31
ALB-HOM-0005178,2025,HOM,615.45,73.854,615.45,0.00,TR012,34.5,212.33,2026-12-31
ALB-HOM-0005179,2021,HOM,333.65,40.038,333.65,0.00,,,0.00,2026-12-31
ALB-HOM-0005185,2023,HOM,1926.61,231.1932,1926.61,0.00,,,0.00,2026-12-31
ALB-HOM-0005193,2020,HOM,1490.04,178.8048,1490.04,0.00,,,0.00,2026-12-31
ALB-MOT-0000019,2020,MOT,2620.96,314.5152,2620.96,0.00,,,0.00,2026-12-31
ALB-MOT-0000027,2019,MOT,1189.59,142.7508,1189.59,0.00,,,0.00,2026-12-31
ALB-MOT-0000028,2020,MOT,2958.37,355.0044,2958.37,0.00,,,0.00,2026-12-31
ALB-MOT-0000030,2019,MOT,2042.5,245.1,2042.50,0.00,,,0.00,2026-12-31
ALB-MOT-0000038,2024,MOT,1648.73,197.8476,1648.73,0.00,,,0.00,2026-12-31
ALB-MOT-0000051,2019,MOT,3772.62,452.71439999999996,3772.62,0.00,,,0.00,2026-12-31
ALB-MOT-0000052,2018,MOT,191.75,23.009999999999998,191.75,0.00,,,0.00,2026-12-31
ALB-MOT-0000075,2023,MOT,680.1,81.612,680.10,0.00,,,0.00,2026-12-31
ALB-MOT-0000076,2020,MOT,2897.38,347.6856,2897.38,0.00,,,0.00,2026-12-31
ALB-MOT-0000080,2025,MOT,839.8,100.776,839.80,0.00,,,0.00,2026-12-31
ALB-MOT-0000112,2018,MOT,1372.97,164.75639999999999,1372.97,0.00,,,0.00,2026-12-31
ALB-MOT-0000126,2025,MOT,1346.0,161.51999999999998,1346.00,0.00,,,0.00,2026-12-31
ALB-MOT-0000127,2022,MOT,1578.87,189.46439999999998,1578.87,0.00,,,0.00,2026-12-31
ALB-MOT-0000142,2020,MOT,1498.99,179.87879999999998,1498.99,0.00,,,0.00,2026-12-31
ALB-MOT-0000144,2026,MOT,3021.75,362.61,1762.69,1259.06,,,0.00,2026-12-31
ALB-MOT-0000145,2024,MOT,3394.74,407.36879999999996,3394.74,0.00,,,0.00,2026-12-31
ALB-MOT-0000151,2026,MOT,3889.27,466.7124,2268.74,1620.53,,,0.00,2026-12-31
ALB-MOT-0000161,2025,MOT,3403.97,408.47639999999996,3403.97,0.00,,,0.00,2026-12-31
ALB-MOT-0000192,2018,MOT,1386.83,166.41959999999997,1386.83,0.00,,,0.00,2026-12-31
ALB-MOT-0000198,2019,MOT,561.78,67.41359999999999,561.78,0.00,,,0.00,2026-12-31
ALB-MOT-0000204,2025,MOT,747.62,89.7144,747.62,0.00,,,0.00,2026-12-31
ALB-MOT-0000262,2019,MOT,4107.78,492.93359999999996,4107.78,0.00,,,0.00,2026-12-31
ALB-MOT-0000264,2023,MOT,2119.04,254.2848,2119.04,0.00,,,0.00,2026-12-31
ALB-MOT-0000266,2023,MOT,3767.21,452.0652,3767.21,0.00,,,0.00,2026-12-31
ALB-MOT-0000285,2018,MOT,1205.37,144.6444,1205.37,0.00,,,0.00,2026-12-31
ALB-MOT-0000294,2018,MOT,1950.27,234.0324,1950.27,0.00,,,0.00,2026-12-31
ALB-MOT-0000310,2020,MOT,3680.77,441.69239999999996,3680.77,0.00,,,0.00,2026-12-31
ALB-MOT-0000326,2022,MOT,207.25,24.869999999999997,207.25,0.00,,,0.00,2026-12-31
ALB-MOT-0000327,2019,MOT,3756.05,450.726,3756.05,0.00,,,0.00,2026-12-31
ALB-MOT-0000336,2020,MOT,1051.81,126.21719999999999,1051.81,0.00,,,0.00,2026-12-31
ALB-MOT-0000355,2023,MOT,2096.23,251.5476,2096.23,0.00,,,0.00,2026-12-31
ALB-MOT-0000357,2018,MOT,2581.23,309.7476,2581.23,0.00,,,0.00,2026-12-31
ALB-MOT-0000359,2025,MOT,3760.82,451.2984,3760.82,0.00,,,0.00,2026-12-31
ALB-MOT-0000370,2018,MOT,2745.36,329.4432,2745.36,0.00,,,0.00,2026-12-31
ALB-MOT-0000377,2024,MOT,537.85,64.542,537.85,0.00,,,0.00,2026-12-31
ALB-MOT-0000382,2019,MOT,3303.33,396.39959999999996,3303.33,0.00,,,0.00,2026-12-31
ALB-MOT-0000396,2025,MOT,1598.87,191.8644,1598.87,0.00,,,0.00,2026-12-31
ALB-MOT-0000437,2025,MOT,206.19,24.7428,206.19,0.00,,,0.00,2026-12-31
ALB-MOT-0000439,2019,MOT,749.79,89.97479999999999,749.79,0.00,,,0.00,2026-12-31
ALB-MOT-0000445,2023,MOT,2756.75,330.81,2756.75,0.00,,,0.00,2026-12-31
ALB-MOT-0000459,2021,MOT,1226.08,147.12959999999998,1226.08,0.00,TR025,11.9,145.90,2026-12-31
ALB-MOT-0000460,2022,MOT,1423.89,170.8668,1423.89,0.00,,,0.00,2026-12-31
ALB-MOT-0000462,2023,MOT,3886.81,466.4172,3886.81,0.00,,,0.00,2026-12-31
ALB-MOT-0000470,2026,MOT,1627.7,195.324,1492.06,135.64,,,0.00,2026-12-31
ALB-MOT-0000475,2019,MOT,3177.09,381.2508,3177.09,0.00,,,0.00,2026-12-31
ALB-MOT-0000479,2024,MOT,2655.05,318.606,2655.05,0.00,,,0.00,2026-12-31
ALB-MOT-0000484,2026,MOT,547.58,65.70960000000001,228.16,319.42,,,0.00,2026-12-31
ALB-MOT-0000485,2018,MOT,2666.19,319.9428,2666.19,0.00,,,0.00,2026-12-31
ALB-MOT-0000506,2021,MOT,3137.84,376.5408,3137.84,0.00,TR025,11.9,373.40,2026-12-31
ALB-MOT-0000507,2024,MOT,406.35,48.762,406.35,0.00,,,0.00,2026-12-31
ALB-MOT-0000516,2019,MOT,2487.4,298.488,2487.40,0.00,,,0.00,2026-12-31
ALB-MOT-0000523,2023,MOT,3066.17,367.9404,3066.17,0.00,,,0.00,2026-12-31
ALB-MOT-0000539,2018,MOT,2111.78,253.4136,2111.78,0.00,,,0.00,2026-12-31
ALB-MOT-0000545,2021,MOT,713.21,85.5852,713.21,0.00,TR025,11.9,84.87,2026-12-31
ALB-MOT-0000547,2025,MOT,3549.24,425.9088,3549.24,0.00,,,0.00,2026-12-31
ALB-MOT-0000552,2023,MOT,755.37,90.64439999999999,755.37,0.00,,,0.00,2026-12-31
ALB-MOT-0000595,2018,MOT,3814.07,457.6884,3814.07,0.00,,,0.00,2026-12-31
ALB-MOT-0000600,2018,MOT,1593.02,191.1624,1593.02,0.00,,,0.00,2026-12-31
ALB-MOT-0000622,2024,MOT,2841.84,341.0208,2841.84,0.00,,,0.00,2026-12-31
ALB-MOT-0000623,2019,MOT,3863.95,463.674,3863.95,0.00,,,0.00,2026-12-31
ALB-MOT-0000625,2019,MOT,417.1,50.052,417.10,0.00,,,0.00,2026-12-31
ALB-MOT-0000644,2023,MOT,1045.46,125.4552,1045.46,0.00,,,0.00,2026-12-31
ALB-MOT-0000650,2023,MOT,839.09,100.6908,839.09,0.00,,,0.00,2026-12-31
ALB-MOT-0000674,2022,MOT,1915.72,229.8864,1915.72,0.00,,,0.00,2026-12-31
ALB-MOT-0000681,2021,MOT,728.21,87.3852,728.21,0.00,TR025,11.9,86.66,2026-12-31
ALB-MOT-0000682,2021,MOT,1317.79,158.13479999999998,1317.79,0.00,TR025,11.9,156.82,2026-12-31
ALB-MOT-0000694,2019,MOT,271.46,32.575199999999995,271.46,0.00,,,0.00,2026-12-31
ALB-MOT-0000697,2025,MOT,2760.18,331.22159999999997,2760.18,0.00,,,0.00,2026-12-31
ALB-MOT-0000698,2022,MOT,776.65,93.198,776.65,0.00,,,0.00,2026-12-31
ALB-MOT-0000711,2025,MOT,2190.9,262.908,2190.90,0.00,,,0.00,2026-12-31
ALB-MOT-0000717,2023,MOT,1572.35,188.682,1572.35,0.00,,,0.00,2026-12-31
ALB-MOT-0000719,2023,MOT,3711.3,445.356,3711.30,0.00,,,0.00,2026-12-31
ALB-MOT-0000722,2021,MOT,2490.06,298.80719999999997,2490.06,0.00,TR025,11.9,296.32,2026-12-31
ALB-MOT-0000723,2018,MOT,1955.28,234.6336,1955.28,0.00,,,0.00,2026-12-31
ALB-MOT-0000724,2024,MOT,1044.86,125.38319999999999,1044.86,0.00,,,0.00,2026-12-31
ALB-MOT-0000727,2018,MOT,3888.41,466.6092,3888.41,0.00,,,0.00,2026-12-31
ALB-MOT-0000731,2024,MOT,4189.9,502.78799999999995,4189.90,0.00,,,0.00,2026-12-31
ALB-MOT-0000732,2018,MOT,2826.98,339.2376,2826.98,0.00,,,0.00,2026-12-31
ALB-MOT-0000734,2024,MOT,1202.15,144.258,1202.15,0.00,,,0.00,2026-12-31
ALB-MOT-0000739,2026,MOT,2548.68,305.84159999999997,849.56,1699.12,,,0.00,2026-12-31
ALB-MOT-0000749,2026,MOT,2362.56,283.50719999999995,590.64,1771.92,,,0.00,2026-12-31
ALB-MOT-0000757,2026,MOT,1097.18,131.6616,640.02,457.16,,,0.00,2026-12-31
ALB-MOT-0000765,2021,MOT,3892.53,467.10360000000003,3892.53,0.00,TR025,11.9,463.21,2026-12-31
ALB-MOT-0000776,2023,MOT,995.98,119.5176,995.98,0.00,,,0.00,2026-12-31
ALB-MOT-0000810,2021,MOT,1415.34,169.84079999999997,1415.34,0.00,TR025,11.9,168.43,2026-12-31
ALB-MOT-0000843,2020,MOT,1973.29,236.79479999999998,1973.29,0.00,,,0.00,2026-12-31
ALB-MOT-0000847,2023,MOT,4112.8,493.536,4112.80,0.00,,,0.00,2026-12-31
ALB-MOT-0000856,2018,MOT,1471.14,176.5368,1471.14,0.00,,,0.00,2026-12-31
ALB-MOT-0000870,2019,MOT,2868.98,344.2776,2868.98,0.00,,,0.00,2026-12-31
ALB-MOT-0000888,2024,MOT,3635.4,436.248,3635.40,0.00,,,0.00,2026-12-31
ALB-MOT-0000895,2023,MOT,3177.87,381.34439999999995,3177.87,0.00,,,0.00,2026-12-31
ALB-MOT-0000898,2024,MOT,2225.18,267.0216,2225.18,0.00,,,0.00,2026-12-31
ALB-MOT-0000907,2023,MOT,3075.42,369.05039999999997,3075.42,0.00,,,0.00,2026-12-31
ALB-MOT-0000929,2018,MOT,266.2,31.944,266.20,0.00,,,0.00,2026-12-31
ALB-MOT-0000933,2026,MOT,715.11,85.8132,357.56,357.56,,,0.00,2026-12-31
ALB-MOT-0000940,2021,MOT,1306.39,156.76680000000002,1306.39,0.00,TR025,11.9,155.46,2026-12-31
ALB-MOT-0000945,2026,MOT,1646.48,197.5776,411.62,1234.86,,,0.00,2026-12-31
ALB-MOT-0000951,2026,MOT,3423.4,410.808,1996.98,1426.42,,,0.00,2026-12-31
ALB-MOT-0001009,2024,MOT,2358.87,283.0644,2358.87,0.00,,,0.00,2026-12-31
ALB-MOT-0001025,2022,MOT,1189.09,142.6908,1189.09,0.00,,,0.00,2026-12-31
ALB-MOT-0001029,2021,MOT,3773.89,452.86679999999996,3773.89,0.00,TR025,11.9,449.09,2026-12-31
ALB-MOT-0001032,2018,MOT,3670.56,440.4672,3670.56,0.00,,,0.00,2026-12-31
ALB-MOT-0001053,2021,MOT,1972.82,236.73839999999998,1972.82,0.00,TR025,11.9,234.77,2026-12-31
ALB-MOT-0001054,2019,MOT,1527.32,183.27839999999998,1527.32,0.00,,,0.00,2026-12-31
ALB-MOT-0001058,2020,MOT,2344.99,281.39879999999994,2344.99,0.00,,,0.00,2026-12-31
ALB-MOT-0001066,2018,MOT,1103.29,132.3948,1103.29,0.00,,,0.00,2026-12-31
ALB-MOT-0001071,2021,MOT,3150.57,378.0684,3150.57,0.00,TR025,11.9,374.92,2026-12-31
ALB-MOT-0001090,2023,MOT,2843.82,341.2584,2843.82,0.00,,,0.00,2026-12-31
ALB-MOT-0001097,2026,MOT,3110.39,373.24679999999995,2332.79,777.60,,,0.00,2026-12-31
ALB-MOT-0001112,2019,MOT,1093.73,131.2476,1093.73,0.00,,,0.00,2026-12-31
ALB-MOT-0001113,2018,MOT,1384.65,166.15800000000002,1384.65,0.00,,,0.00,2026-12-31
ALB-MOT-0001125,2026,MOT,3666.23,439.94759999999997,3055.19,611.04,,,0.00,2026-12-31
ALB-MOT-0001126,2020,MOT,1227.75,147.32999999999998,1227.75,0.00,,,0.00,2026-12-31
ALB-MOT-0001132,2023,MOT,945.05,113.40599999999999,945.05,0.00,,,0.00,2026-12-31
ALB-MOT-0001168,2023,MOT,2068.88,248.2656,2068.88,0.00,,,0.00,2026-12-31
ALB-MOT-0001170,2024,MOT,844.08,101.28960000000001,844.08,0.00,,,0.00,2026-12-31
ALB-MOT-0001189,2019,MOT,781.54,93.78479999999999,781.54,0.00,,,0.00,2026-12-31
ALB-MOT-0001219,2023,MOT,2163.53,259.6236,2163.53,0.00,,,0.00,2026-12-31
ALB-MOT-0001220,2021,MOT,262.41,31.4892,262.41,0.00,TR025,11.9,31.23,2026-12-31
ALB-MOT-0001243,2024,MOT,3613.35,433.602,3613.35,0.00,,,0.00,2026-12-31
ALB-MOT-0001262,2026,MOT,1587.51,190.50119999999998,529.17,1058.34,,,0.00,2026-12-31
ALB-MOT-0001265,2023,MOT,2355.71,282.6852,2355.71,0.00,,,0.00,2026-12-31
ALB-MOT-0001277,2019,MOT,2545.07,305.40840000000003,2545.07,0.00,,,0.00,2026-12-31
ALB-MOT-0001285,2018,MOT,1685.46,202.2552,1685.46,0.00,,,0.00,2026-12-31
ALB-MOT-0001319,2026,MOT,831.34,99.7608,138.56,692.78,,,0.00,2026-12-31
ALB-MOT-0001324,2026,MOT,236.48,28.377599999999997,157.65,78.83,,,0.00,2026-12-31
ALB-MOT-0001334,2026,MOT,639.01,76.68119999999999,53.25,585.76,,,0.00,2026-12-31
ALB-MOT-0001348,2022,MOT,4020.4,482.448,4020.40,0.00,,,0.00,2026-12-31
ALB-MOT-0001350,2025,MOT,2365.02,283.8024,2365.02,0.00,,,0.00,2026-12-31
ALB-MOT-0001358,2024,MOT,2328.99,279.4788,2328.99,0.00,,,0.00,2026-12-31
ALB-MOT-0001359,2024,MOT,3799.53,455.9436,3799.53,0.00,,,0.00,2026-12-31
ALB-MOT-0001360,2025,MOT,745.17,89.42039999999999,745.17,0.00,,,0.00,2026-12-31
ALB-MOT-0001363,2018,MOT,207.72,24.926399999999997,207.72,0.00,,,0.00,2026-12-31
ALB-MOT-0001365,2024,MOT,3203.12,384.3744,3203.12,0.00,,,0.00,2026-12-31
ALB-MOT-0001389,2021,MOT,2293.9,275.26800000000003,2293.90,0.00,TR025,11.9,272.97,2026-12-31
ALB-MOT-0001400,2022,MOT,2581.58,309.7896,2581.58,0.00,,,0.00,2026-12-31
ALB-MOT-0001413,2018,MOT,891.41,106.96919999999999,891.41,0.00,,,0.00,2026-12-31
ALB-MOT-0001419,2025,MOT,3689.61,442.7532,3689.61,0.00,,,0.00,2026-12-31
ALB-MOT-0001420,2021,MOT,3859.57,463.1484,3859.57,0.00,TR025,11.9,459.29,2026-12-31
ALB-MOT-0001424,2018,MOT,3994.83,479.3796,3994.83,0.00,,,0.00,2026-12-31
ALB-MOT-0001427,2018,MOT,2534.37,304.1244,2534.37,0.00,,,0.00,2026-12-31
ALB-MOT-0001437,2018,MOT,3099.89,371.98679999999996,3099.89,0.00,,,0.00,2026-12-31
ALB-MOT-0001450,2019,MOT,4115.32,493.8383999999999,4115.32,0.00,,,0.00,2026-12-31
ALB-MOT-0001462,2026,MOT,3700.61,444.0732,1233.54,2467.07,,,0.00,2026-12-31
ALB-MOT-0001466,2024,MOT,3301.05,396.12600000000003,3301.05,0.00,,,0.00,2026-12-31
ALB-MOT-0001473,2018,MOT,2867.06,344.0472,2867.06,0.00,,,0.00,2026-12-31
ALB-MOT-0001476,2019,MOT,963.57,115.6284,963.57,0.00,,,0.00,2026-12-31
ALB-MOT-0001482,2020,MOT,547.87,65.7444,547.87,0.00,,,0.00,2026-12-31
ALB-MOT-0001494,2018,MOT,2245.04,269.40479999999997,2245.04,0.00,,,0.00,2026-12-31
ALB-MOT-0001502,2022,MOT,1477.07,177.24839999999998,1477.07,0.00,,,0.00,2026-12-31
ALB-MOT-0001514,2023,MOT,192.92,23.150399999999998,192.92,0.00,,,0.00,2026-12-31
ALB-MOT-0001520,2021,MOT,3036.8,364.416,3036.80,0.00,TR025,11.9,361.38,2026-12-31
ALB-MOT-0001522,2026,MOT,1855.03,222.6036,618.34,1236.69,,,0.00,2026-12-31
ALB-MOT-0001530,2025,MOT,2755.79,330.6948,2755.79,0.00,,,0.00,2026-12-31
ALB-MOT-0001532,2026,MOT,1375.93,165.1116,1146.61,229.32,,,0.00,2026-12-31
ALB-MOT-0001534,2025,MOT,1695.57,203.46839999999997,1695.57,0.00,,,0.00,2026-12-31
ALB-MOT-0001537,2019,MOT,3505.03,420.60360000000003,3505.03,0.00,,,0.00,2026-12-31
ALB-MOT-0001552,2020,MOT,1034.62,124.15439999999998,1034.62,0.00,,,0.00,2026-12-31
ALB-MOT-0001554,2023,MOT,1814.37,217.72439999999997,1814.37,0.00,,,0.00,2026-12-31
ALB-MOT-0001555,2023,MOT,1276.07,153.1284,1276.07,0.00,,,0.00,2026-12-31
ALB-MOT-0001577,2026,MOT,1732.41,207.8892,288.74,1443.68,,,0.00,2026-12-31
ALB-MOT-0001580,2019,MOT,1325.24,159.0288,1325.24,0.00,,,0.00,2026-12-31
ALB-MOT-0001604,2026,MOT,3258.83,391.0596,814.71,2444.12,,,0.00,2026-12-31
ALB-MOT-0001606,2018,MOT,1951.34,234.1608,1951.34,0.00,,,0.00,2026-12-31
ALB-MOT-0001612,2018,MOT,3350.28,402.03360000000004,3350.28,0.00,,,0.00,2026-12-31
ALB-MOT-0001636,2023,MOT,4004.34,480.5208,4004.34,0.00,,,0.00,2026-12-31
ALB-MOT-0001647,2019,MOT,1735.2,208.224,1735.20,0.00,,,0.00,2026-12-31
ALB-MOT-0001685,2026,MOT,3714.87,445.78439999999995,1857.44,1857.43,,,0.00,2026-12-31
ALB-MOT-0001700,2025,MOT,586.08,70.3296,586.08,0.00,,,0.00,2026-12-31
ALB-MOT-0001703,2018,MOT,899.15,107.898,899.15,0.00,,,0.00,2026-12-31
ALB-MOT-0001707,2021,MOT,2199.67,263.9604,2199.67,0.00,TR025,11.9,261.76,2026-12-31
ALB-MOT-0001738,2023,MOT,3699.49,443.93879999999996,3699.49,0.00,,,0.00,2026-12-31
ALB-MOT-0001778,2026,MOT,2900.19,348.0228,241.68,2658.51,,,0.00,2026-12-31
ALB-MOT-0001803,2026,MOT,3917.92,470.1504,2938.44,979.48,,,0.00,2026-12-31
ALB-MOT-0001805,2021,MOT,3406.49,408.77879999999993,3406.49,0.00,TR025,11.9,405.37,2026-12-31
ALB-MOT-0001813,2019,MOT,3062.04,367.4448,3062.04,0.00,,,0.00,2026-12-31
ALB-MOT-0001821,2025,MOT,4084.36,490.1232,4084.36,0.00,,,0.00,2026-12-31
ALB-MOT-0001841,2023,MOT,3402.92,408.3504,3402.92,0.00,,,0.00,2026-12-31
ALB-MOT-0001843,2024,MOT,497.72,59.7264,497.72,0.00,,,0.00,2026-12-31
ALB-MOT-0001844,2018,MOT,2138.46,256.6152,2138.46,0.00,,,0.00,2026-12-31
ALB-MOT-0001852,2020,MOT,1750.31,210.03719999999998,1750.31,0.00,,,0.00,2026-12-31
ALB-MOT-0001864,2021,MOT,2741.28,328.9536,2741.28,0.00,TR025,11.9,326.21,2026-12-31
ALB-MOT-0001867,2018,MOT,3644.39,437.3268,3644.39,0.00,,,0.00,2026-12-31
ALB-MOT-0001872,2025,MOT,413.95,49.674,413.95,0.00,,,0.00,2026-12-31
ALB-MOT-0001877,2024,MOT,2396.79,287.6148,2396.79,0.00,,,0.00,2026-12-31
ALB-MOT-0001880,2022,MOT,2408.03,288.9636,2408.03,0.00,,,0.00,2026-12-31
ALB-MOT-0001895,2024,MOT,2422.02,290.6424,2422.02,0.00,,,0.00,2026-12-31
ALB-MOT-0001904,2025,MOT,3980.95,477.71399999999994,3980.95,0.00,,,0.00,2026-12-31
ALB-MOT-0001913,2020,MOT,1154.85,138.582,1154.85,0.00,,,0.00,2026-12-31
ALB-MOT-0001931,2019,MOT,3895.21,467.42519999999996,3895.21,0.00,,,0.00,2026-12-31
ALB-MOT-0001934,2022,MOT,3003.99,360.4788,3003.99,0.00,,,0.00,2026-12-31
ALB-MOT-0001949,2020,MOT,1701.57,204.18839999999997,1701.57,0.00,,,0.00,2026-12-31
ALB-MOT-0001957,2021,MOT,2920.17,350.4204,2920.17,0.00,TR025,11.9,347.50,2026-12-31
ALB-MOT-0001971,2026,MOT,1078.29,129.3948,179.72,898.58,,,0.00,2026-12-31
ALB-MOT-0001988,2020,MOT,2395.19,287.4228,2395.19,0.00,,,0.00,2026-12-31
ALB-MOT-0001989,2020,MOT,3483.57,418.0284,3483.57,0.00,,,0.00,2026-12-31
ALB-MOT-0001992,2025,MOT,1840.88,220.9056,1840.88,0.00,,,0.00,2026-12-31
ALB-MOT-0001999,2026,MOT,3512.17,421.4604,2048.77,1463.40,,,0.00,2026-12-31
ALB-MOT-0002001,2023,MOT,1312.88,157.5456,1312.88,0.00,,,0.00,2026-12-31
ALB-MOT-0002010,2018,MOT,4019.07,482.2884,4019.07,0.00,,,0.00,2026-12-31
ALB-MOT-0002018,2019,MOT,3491.09,418.9308,3491.09,0.00,,,0.00,2026-12-31
ALB-MOT-0002034,2020,MOT,947.3,113.67599999999999,947.30,0.00,,,0.00,2026-12-31
ALB-MOT-0002044,2020,MOT,1839.8,220.77599999999998,1839.80,0.00,,,0.00,2026-12-31
ALB-MOT-0002051,2020,MOT,1247.89,149.7468,1247.89,0.00,,,0.00,2026-12-31
ALB-MOT-0002054,2022,MOT,4093.93,491.2716,4093.93,0.00,,,0.00,2026-12-31
ALB-MOT-0002059,2022,MOT,2627.03,315.2436,2627.03,0.00,,,0.00,2026-12-31
ALB-MOT-0002062,2019,MOT,1835.14,220.2168,1835.14,0.00,,,0.00,2026-12-31
ALB-MOT-0002065,2024,MOT,3297.56,395.7072,3297.56,0.00,,,0.00,2026-12-31
ALB-MOT-0002067,2023,MOT,680.01,81.60119999999999,680.01,0.00,,,0.00,2026-12-31
ALB-MOT-0002089,2026,MOT,1961.3,235.356,0.00,1961.30,,,0.00,2026-12-31
ALB-MOT-0002090,2024,MOT,4009.2,481.104,4009.20,0.00,,,0.00,2026-12-31
ALB-MOT-0002094,2024,MOT,2606.88,312.8256,2606.88,0.00,,,0.00,2026-12-31
ALB-MOT-0002122,2025,MOT,1910.93,229.3116,1910.93,0.00,,,0.00,2026-12-31
ALB-MOT-0002136,2021,MOT,1581.31,189.75719999999998,1581.31,0.00,TR025,11.9,188.18,2026-12-31
ALB-MOT-0002145,2018,MOT,714.51,85.74119999999999,714.51,0.00,,,0.00,2026-12-31
ALB-MOT-0002150,2025,MOT,2271.73,272.6076,2271.73,0.00,,,0.00,2026-12-31
ALB-MOT-0002161,2018,MOT,3027.9,363.348,3027.90,0.00,,,0.00,2026-12-31
ALB-MOT-0002172,2026,MOT,3026.3,363.156,1513.15,1513.15,,,0.00,2026-12-31
ALB-MOT-0002173,2025,MOT,541.26,64.9512,541.26,0.00,,,0.00,2026-12-31
ALB-MOT-0002190,2022,MOT,3608.91,433.06919999999997,3608.91,0.00,,,0.00,2026-12-31
ALB-MOT-0002202,2021,MOT,3199.81,383.9772,3199.81,0.00,TR025,11.9,380.78,2026-12-31
ALB-MOT-0002220,2018,MOT,1199.29,143.91479999999999,1199.29,0.00,,,0.00,2026-12-31
ALB-MOT-0002230,2026,MOT,3768.96,452.2752,1256.32,2512.64,,,0.00,2026-12-31
ALB-MOT-0002235,2018,MOT,1709.74,205.1688,1709.74,0.00,,,0.00,2026-12-31
ALB-MOT-0002238,2022,MOT,2421.28,290.5536,2421.28,0.00,,,0.00,2026-12-31
ALB-MOT-0002254,2024,MOT,3376.93,405.23159999999996,3376.93,0.00,,,0.00,2026-12-31
ALB-MOT-0002261,2024,MOT,3271.74,392.6088,3271.74,0.00,,,0.00,2026-12-31
ALB-MOT-0002263,2026,MOT,2953.84,354.4608,1723.07,1230.77,,,0.00,2026-12-31
ALB-MOT-0002298,2024,MOT,813.05,97.56599999999999,813.05,0.00,,,0.00,2026-12-31
ALB-MOT-0002311,2022,MOT,1730.55,207.666,1730.55,0.00,,,0.00,2026-12-31
ALB-MOT-0002313,2022,MOT,2555.22,306.6264,2555.22,0.00,,,0.00,2026-12-31
ALB-MOT-0002323,2024,MOT,638.04,76.56479999999999,638.04,0.00,,,0.00,2026-12-31
ALB-MOT-0002335,2018,MOT,3121.39,374.56679999999994,3121.39,0.00,,,0.00,2026-12-31
ALB-MOT-0002342,2025,MOT,3271.02,392.5224,3271.02,0.00,,,0.00,2026-12-31
ALB-MOT-0002366,2024,MOT,2192.62,263.1144,2192.62,0.00,,,0.00,2026-12-31
ALB-MOT-0002373,2023,MOT,1282.06,153.8472,1282.06,0.00,,,0.00,2026-12-31
ALB-MOT-0002376,2025,MOT,2893.84,347.2608,2893.84,0.00,,,0.00,2026-12-31
ALB-MOT-0002386,2025,MOT,2980.48,357.6576,2980.48,0.00,,,0.00,2026-12-31
ALB-MOT-0002388,2018,MOT,514.91,61.789199999999994,514.91,0.00,,,0.00,2026-12-31
ALB-MOT-0002400,2023,MOT,2241.52,268.9824,2241.52,0.00,,,0.00,2026-12-31
ALB-MOT-0002406,2020,MOT,3858.4,463.008,3858.40,0.00,,,0.00,2026-12-31
ALB-MOT-0002410,2019,MOT,2044.45,245.334,2044.45,0.00,,,0.00,2026-12-31
ALB-MOT-0002421,2019,MOT,2665.01,319.8012,2665.01,0.00,,,0.00,2026-12-31
ALB-MOT-0002436,2026,MOT,768.61,92.2332,512.41,256.20,,,0.00,2026-12-31
ALB-MOT-0002449,2019,MOT,3707.15,444.858,3707.15,0.00,,,0.00,2026-12-31
ALB-MOT-0002482,2022,MOT,653.53,78.4236,653.53,0.00,,,0.00,2026-12-31
ALB-MOT-0002507,2023,MOT,3514.2,421.70399999999995,3514.20,0.00,,,0.00,2026-12-31
ALB-MOT-0002517,2022,MOT,3132.87,375.9444,3132.87,0.00,,,0.00,2026-12-31
ALB-MOT-0002521,2025,MOT,3527.19,423.26279999999997,3527.19,0.00,,,0.00,2026-12-31
ALB-MOT-0002525,2018,MOT,754.96,90.5952,754.96,0.00,,,0.00,2026-12-31
ALB-MOT-0002541,2026,MOT,396.93,47.6316,132.31,264.62,,,0.00,2026-12-31
ALB-MOT-0002546,2025,MOT,744.1,89.292,744.10,0.00,,,0.00,2026-12-31
ALB-MOT-0002553,2024,MOT,323.92,38.870400000000004,323.92,0.00,,,0.00,2026-12-31
ALB-MOT-0002562,2019,MOT,3832.83,459.9396,3832.83,0.00,,,0.00,2026-12-31
ALB-MOT-0002568,2019,MOT,4131.43,495.77160000000003,4131.43,0.00,,,0.00,2026-12-31
ALB-MOT-0002595,2019,MOT,2823.56,338.8272,2823.56,0.00,,,0.00,2026-12-31
ALB-MOT-0002601,2020,MOT,4133.03,495.96359999999993,4133.03,0.00,,,0.00,2026-12-31
ALB-MOT-0002602,2022,MOT,421.83,50.6196,421.83,0.00,,,0.00,2026-12-31
ALB-MOT-0002612,2018,MOT,1343.07,161.1684,1343.07,0.00,,,0.00,2026-12-31
ALB-MOT-0002619,2021,MOT,211.59,25.3908,211.59,0.00,TR025,11.9,25.18,2026-12-31
ALB-MOT-0002624,2021,MOT,1804.6,216.552,1804.60,0.00,TR025,11.9,214.75,2026-12-31
ALB-MOT-0002643,2026,MOT,3820.74,458.48879999999997,1273.58,2547.16,,,0.00,2026-12-31
ALB-MOT-0002649,2026,MOT,2903.29,348.3948,2419.41,483.88,,,0.00,2026-12-31
ALB-MOT-0002658,2022,MOT,1443.19,173.1828,1443.19,0.00,,,0.00,2026-12-31
ALB-MOT-0002659,2023,MOT,332.81,39.9372,332.81,0.00,,,0.00,2026-12-31
ALB-MOT-0002678,2020,MOT,1236.64,148.3968,1236.64,0.00,,,0.00,2026-12-31
ALB-MOT-0002688,2018,MOT,1889.12,226.69439999999997,1889.12,0.00,,,0.00,2026-12-31
ALB-MOT-0002703,2025,MOT,1531.47,183.7764,1531.47,0.00,,,0.00,2026-12-31
ALB-MOT-0002716,2022,MOT,3377.63,405.3156,3377.63,0.00,,,0.00,2026-12-31
ALB-MOT-0002718,2018,MOT,3731.16,447.7392,3731.16,0.00,,,0.00,2026-12-31
ALB-MOT-0002725,2026,MOT,2659.13,319.0956,2215.94,443.19,,,0.00,2026-12-31
ALB-MOT-0002735,2020,MOT,2062.97,247.55639999999997,2062.97,0.00,,,0.00,2026-12-31
ALB-MOT-0002742,2022,MOT,3069.73,368.3676,3069.73,0.00,,,0.00,2026-12-31
ALB-MOT-0002744,2018,MOT,2643.76,317.25120000000004,2643.76,0.00,,,0.00,2026-12-31
ALB-MOT-0002754,2020,MOT,3742.02,449.0424,3742.02,0.00,,,0.00,2026-12-31
ALB-MOT-0002755,2025,MOT,536.73,64.4076,536.73,0.00,,,0.00,2026-12-31
ALB-MOT-0002763,2025,MOT,3051.97,366.23639999999995,3051.97,0.00,,,0.00,2026-12-31
ALB-MOT-0002766,2020,MOT,1651.6,198.19199999999998,1651.60,0.00,,,0.00,2026-12-31
ALB-MOT-0002793,2018,MOT,2804.09,336.4908,2804.09,0.00,,,0.00,2026-12-31
ALB-MOT-0002795,2021,MOT,510.0,61.199999999999996,510.00,0.00,TR025,11.9,60.69,2026-12-31
ALB-MOT-0002810,2023,MOT,621.86,74.6232,621.86,0.00,,,0.00,2026-12-31
ALB-MOT-0002824,2025,MOT,1876.14,225.1368,1876.14,0.00,,,0.00,2026-12-31
ALB-MOT-0002827,2020,MOT,931.49,111.7788,931.49,0.00,,,0.00,2026-12-31
ALB-MOT-0002832,2023,MOT,1272.42,152.6904,1272.42,0.00,,,0.00,2026-12-31
ALB-MOT-0002834,2022,MOT,2138.21,256.5852,2138.21,0.00,,,0.00,2026-12-31
ALB-MOT-0002835,2020,MOT,3295.22,395.42639999999994,3295.22,0.00,,,0.00,2026-12-31
ALB-MOT-0002839,2024,MOT,2057.65,246.918,2057.65,0.00,,,0.00,2026-12-31
ALB-MOT-0002843,2025,MOT,1519.72,182.3664,1519.72,0.00,,,0.00,2026-12-31
ALB-MOT-0002848,2024,MOT,2729.06,327.4872,2729.06,0.00,,,0.00,2026-12-31
ALB-MOT-0002855,2020,MOT,3947.22,473.66639999999995,3947.22,0.00,,,0.00,2026-12-31
ALB-MOT-0002857,2022,MOT,1291.8,155.016,1291.80,0.00,,,0.00,2026-12-31
ALB-MOT-0002859,2023,MOT,263.93,31.671599999999998,263.93,0.00,,,0.00,2026-12-31
ALB-MOT-0002872,2022,MOT,1437.63,172.5156,1437.63,0.00,,,0.00,2026-12-31
ALB-MOT-0002877,2018,MOT,4168.24,500.18879999999996,4168.24,0.00,,,0.00,2026-12-31
ALB-MOT-0002883,2026,MOT,1419.8,170.37599999999998,828.22,591.58,,,0.00,2026-12-31
ALB-MOT-0002887,2026,MOT,3486.2,418.34399999999994,581.03,2905.17,,,0.00,2026-12-31
ALB-MOT-0002909,2021,MOT,3160.55,379.266,3160.55,0.00,TR025,11.9,376.11,2026-12-31
ALB-MOT-0002917,2021,MOT,1799.36,215.92319999999998,1799.36,0.00,TR025,11.9,214.12,2026-12-31
ALB-MOT-0002931,2020,MOT,790.43,94.85159999999999,790.43,0.00,,,0.00,2026-12-31
ALB-MOT-0002947,2025,MOT,279.94,33.5928,279.94,0.00,,,0.00,2026-12-31
ALB-MOT-0002953,2019,MOT,2053.16,246.37919999999997,2053.16,0.00,,,0.00,2026-12-31
ALB-MOT-0002955,2022,MOT,1620.15,194.418,1620.15,0.00,,,0.00,2026-12-31
ALB-MOT-0002963,2026,MOT,1478.09,177.37079999999997,1108.57,369.52,,,0.00,2026-12-31
ALB-MOT-0002964,2019,MOT,3113.55,373.62600000000003,3113.55,0.00,,,0.00,2026-12-31
ALB-MOT-0002972,2020,MOT,417.79,50.1348,417.79,0.00,,,0.00,2026-12-31
ALB-MOT-0002980,2024,MOT,329.74,39.5688,329.74,0.00,,,0.00,2026-12-31
ALB-MOT-0002987,2019,MOT,3674.81,440.9772,3674.81,0.00,,,0.00,2026-12-31
ALB-MOT-0003016,2026,MOT,2049.7,245.96399999999997,854.04,1195.66,,,0.00,2026-12-31
ALB-MOT-0003018,2020,MOT,991.52,118.9824,991.52,0.00,,,0.00,2026-12-31
ALB-MOT-0003020,2018,MOT,3152.63,378.3156,3152.63,0.00,,,0.00,2026-12-31
ALB-MOT-0003030,2022,MOT,2034.5,244.14,2034.50,0.00,,,0.00,2026-12-31
ALB-MOT-0003039,2020,MOT,2467.76,296.13120000000004,2467.76,0.00,,,0.00,2026-12-31
ALB-MOT-0003054,2024,MOT,1274.77,152.9724,1274.77,0.00,,,0.00,2026-12-31
ALB-MOT-0003069,2023,MOT,1805.27,216.6324,1805.27,0.00,,,0.00,2026-12-31
ALB-MOT-0003072,2024,MOT,3563.8,427.656,3563.80,0.00,,,0.00,2026-12-31
ALB-MOT-0003098,2018,MOT,245.69,29.482799999999997,245.69,0.00,,,0.00,2026-12-31
ALB-MOT-0003099,2025,MOT,2695.51,323.4612,2695.51,0.00,,,0.00,2026-12-31
ALB-MOT-0003107,2018,MOT,1742.19,209.0628,1742.19,0.00,,,0.00,2026-12-31
ALB-MOT-0003116,2025,MOT,1438.52,172.6224,1438.52,0.00,,,0.00,2026-12-31
ALB-MOT-0003128,2019,MOT,3458.25,414.99,3458.25,0.00,,,0.00,2026-12-31
ALB-MOT-0003136,2023,MOT,2146.45,257.57399999999996,2146.45,0.00,,,0.00,2026-12-31
ALB-MOT-0003157,2021,MOT,289.56,34.7472,289.56,0.00,TR025,11.9,34.46,2026-12-31
ALB-MOT-0003161,2022,MOT,1341.55,160.986,1341.55,0.00,,,0.00,2026-12-31
ALB-MOT-0003168,2021,MOT,3466.94,416.0328,3466.94,0.00,TR025,11.9,412.57,2026-12-31
ALB-MOT-0003193,2019,MOT,1020.13,122.4156,1020.13,0.00,,,0.00,2026-12-31
ALB-MOT-0003203,2022,MOT,1236.17,148.34040000000002,1236.17,0.00,,,0.00,2026-12-31
ALB-MOT-0003212,2025,MOT,2052.11,246.2532,2052.11,0.00,,,0.00,2026-12-31
ALB-MOT-0003220,2018,MOT,314.06,37.6872,314.06,0.00,,,0.00,2026-12-31
ALB-MOT-0003232,2022,MOT,1451.68,174.2016,1451.68,0.00,,,0.00,2026-12-31
ALB-MOT-0003244,2021,MOT,1346.94,161.6328,1346.94,0.00,TR025,11.9,160.29,2026-12-31
ALB-MOT-0003245,2022,MOT,1311.1,157.332,1311.10,0.00,,,0.00,2026-12-31
ALB-MOT-0003250,2018,MOT,1353.47,162.4164,1353.47,0.00,,,0.00,2026-12-31
ALB-MOT-0003251,2024,MOT,284.01,34.081199999999995,284.01,0.00,,,0.00,2026-12-31
ALB-MOT-0003252,2024,MOT,1580.4,189.648,1580.40,0.00,,,0.00,2026-12-31
ALB-MOT-0003257,2022,MOT,2412.2,289.46399999999994,2412.20,0.00,,,0.00,2026-12-31
ALB-MOT-0003266,2026,MOT,2608.49,313.01879999999994,434.75,2173.74,,,0.00,2026-12-31
ALB-MOT-0003271,2019,MOT,2344.37,281.32439999999997,2344.37,0.00,,,0.00,2026-12-31
ALB-MOT-0003273,2023,MOT,626.38,75.1656,626.38,0.00,,,0.00,2026-12-31
ALB-MOT-0003291,2023,MOT,1183.26,141.9912,1183.26,0.00,,,0.00,2026-12-31
ALB-MOT-0003304,2025,MOT,1810.13,217.2156,1810.13,0.00,,,0.00,2026-12-31
ALB-MOT-0003316,2023,MOT,2244.41,269.32919999999996,2244.41,0.00,,,0.00,2026-12-31
ALB-MOT-0003337,2025,MOT,3473.47,416.8164,3473.47,0.00,,,0.00,2026-12-31
ALB-MOT-0003351,2020,MOT,3297.86,395.7432,3297.86,0.00,,,0.00,2026-12-31
ALB-MOT-0003355,2026,MOT,2654.08,318.4896,1327.04,1327.04,,,0.00,2026-12-31
ALB-MOT-0003363,2025,MOT,760.59,91.2708,760.59,0.00,,,0.00,2026-12-31
ALB-MOT-0003368,2025,MOT,302.01,36.2412,302.01,0.00,,,0.00,2026-12-31
ALB-MOT-0003381,2019,MOT,3645.84,437.5008,3645.84,0.00,,,0.00,2026-12-31
ALB-MOT-0003406,2021,MOT,4028.32,483.3984,4028.32,0.00,TR025,11.9,479.37,2026-12-31
ALB-MOT-0003410,2022,MOT,2235.54,268.2648,2235.54,0.00,,,0.00,2026-12-31
ALB-MOT-0003417,2020,MOT,426.23,51.1476,426.23,0.00,,,0.00,2026-12-31
ALB-MOT-0003430,2018,MOT,229.35,27.522,229.35,0.00,,,0.00,2026-12-31
ALB-MOT-0003436,2025,MOT,428.96,51.475199999999994,428.96,0.00,,,0.00,2026-12-31
ALB-MOT-0003450,2023,MOT,289.55,34.746,289.55,0.00,,,0.00,2026-12-31
ALB-MOT-0003456,2026,MOT,1482.81,177.9372,494.27,988.54,,,0.00,2026-12-31
ALB-MOT-0003457,2023,MOT,1063.95,127.674,1063.95,0.00,,,0.00,2026-12-31
ALB-MOT-0003461,2020,MOT,706.59,84.7908,706.59,0.00,,,0.00,2026-12-31
ALB-MOT-0003484,2021,MOT,1340.01,160.8012,1340.01,0.00,TR025,11.9,159.46,2026-12-31
ALB-MOT-0003501,2023,MOT,2612.84,313.5408,2612.84,0.00,,,0.00,2026-12-31
ALB-MOT-0003528,2018,MOT,3304.89,396.5868,3304.89,0.00,,,0.00,2026-12-31
ALB-MOT-0003535,2026,MOT,1079.63,129.5556,449.85,629.78,,,0.00,2026-12-31
ALB-MOT-0003570,2026,MOT,4191.99,503.0388,349.33,3842.66,,,0.00,2026-12-31
ALB-MOT-0003571,2019,MOT,3813.67,457.6404,3813.67,0.00,,,0.00,2026-12-31
ALB-MOT-0003572,2026,MOT,602.67,72.32039999999999,50.22,552.45,,,0.00,2026-12-31
ALB-MOT-0003590,2023,MOT,255.11,30.6132,255.11,0.00,,,0.00,2026-12-31
ALB-MOT-0003602,2024,MOT,236.26,28.3512,236.26,0.00,,,0.00,2026-12-31
ALB-MOT-0003611,2024,MOT,3096.97,371.6364,3096.97,0.00,,,0.00,2026-12-31
ALB-MOT-0003622,2021,MOT,1532.35,183.88199999999998,1532.35,0.00,TR025,11.9,182.35,2026-12-31
ALB-MOT-0003626,2020,MOT,2170.54,260.46479999999997,2170.54,0.00,,,0.00,2026-12-31
ALB-MOT-0003641,2025,MOT,3753.13,450.3756,3753.13,0.00,,,0.00,2026-12-31
ALB-MOT-0003652,2021,MOT,884.14,106.09679999999999,884.14,0.00,TR025,11.9,105.21,2026-12-31
ALB-MOT-0003657,2024,MOT,3262.12,391.45439999999996,3262.12,0.00,,,0.00,2026-12-31
ALB-MOT-0003661,2022,MOT,3018.01,362.1612,3018.01,0.00,,,0.00,2026-12-31
ALB-MOT-0003668,2021,MOT,4048.07,485.7684,4048.07,0.00,TR025,11.9,481.72,2026-12-31
ALB-MOT-0003672,2021,MOT,3258.74,391.04879999999997,3258.74,0.00,TR025,11.9,387.79,2026-12-31
ALB-MOT-0003692,2019,MOT,3271.98,392.63759999999996,3271.98,0.00,,,0.00,2026-12-31
ALB-MOT-0003725,2022,MOT,496.02,59.5224,496.02,0.00,,,0.00,2026-12-31
ALB-MOT-0003726,2023,MOT,2898.26,347.7912,2898.26,0.00,,,0.00,2026-12-31
ALB-MOT-0003738,2020,MOT,837.76,100.5312,837.76,0.00,,,0.00,2026-12-31
ALB-MOT-0003748,2024,MOT,2020.1,242.41199999999998,2020.10,0.00,,,0.00,2026-12-31
ALB-MOT-0003753,2026,MOT,938.46,112.6152,312.82,625.64,,,0.00,2026-12-31
ALB-MOT-0003774,2020,MOT,3389.91,406.7892,3389.91,0.00,,,0.00,2026-12-31
ALB-MOT-0003775,2019,MOT,1095.76,131.4912,1095.76,0.00,,,0.00,2026-12-31
ALB-MOT-0003811,2022,MOT,2602.02,312.2424,2602.02,0.00,,,0.00,2026-12-31
ALB-MOT-0003817,2022,MOT,1546.68,185.6016,1546.68,0.00,,,0.00,2026-12-31
ALB-MOT-0003829,2019,MOT,1467.79,176.13479999999998,1467.79,0.00,,,0.00,2026-12-31
ALB-MOT-0003841,2024,MOT,4009.67,481.1604,4009.67,0.00,,,0.00,2026-12-31
ALB-MOT-0003847,2022,MOT,1027.33,123.27959999999999,1027.33,0.00,,,0.00,2026-12-31
ALB-MOT-0003850,2022,MOT,2361.33,283.3596,2361.33,0.00,,,0.00,2026-12-31
ALB-MOT-0003852,2020,MOT,3572.04,428.6448,3572.04,0.00,,,0.00,2026-12-31
ALB-MOT-0003855,2022,MOT,1909.06,229.0872,1909.06,0.00,,,0.00,2026-12-31
ALB-MOT-0003857,2021,MOT,1333.55,160.02599999999998,1333.55,0.00,TR025,11.9,158.69,2026-12-31
ALB-MOT-0003894,2023,MOT,2686.43,322.37159999999994,2686.43,0.00,,,0.00,2026-12-31
ALB-MOT-0003914,2026,MOT,3406.52,408.7824,851.63,2554.89,,,0.00,2026-12-31
ALB-MOT-0003915,2020,MOT,3256.3,390.75600000000003,3256.30,0.00,,,0.00,2026-12-31
ALB-MOT-0003924,2025,MOT,2728.02,327.3624,2728.02,0.00,,,0.00,2026-12-31
ALB-MOT-0003932,2023,MOT,403.87,48.4644,403.87,0.00,,,0.00,2026-12-31
ALB-MOT-0003933,2019,MOT,2932.55,351.906,2932.55,0.00,,,0.00,2026-12-31
ALB-MOT-0003948,2024,MOT,1099.67,131.9604,1099.67,0.00,,,0.00,2026-12-31
ALB-MOT-0003951,2025,MOT,2917.65,350.118,2917.65,0.00,,,0.00,2026-12-31
ALB-MOT-0003953,2020,MOT,2783.96,334.0752,2783.96,0.00,,,0.00,2026-12-31
ALB-MOT-0003974,2026,MOT,2538.57,304.6284,1057.74,1480.83,,,0.00,2026-12-31
ALB-MOT-0003997,2022,MOT,864.25,103.71,864.25,0.00,,,0.00,2026-12-31
ALB-MOT-0004005,2023,MOT,1578.65,189.43800000000002,1578.65,0.00,,,0.00,2026-12-31
ALB-MOT-0004063,2021,MOT,3888.79,466.65479999999997,3888.79,0.00,TR025,11.9,462.77,2026-12-31
ALB-MOT-0004066,2026,MOT,3040.96,364.91519999999997,3040.96,0.00,,,0.00,2026-12-31
ALB-MOT-0004067,2022,MOT,3856.16,462.7392,3856.16,0.00,,,0.00,2026-12-31
ALB-MOT-0004078,2021,MOT,622.97,74.7564,622.97,0.00,TR025,11.9,74.13,2026-12-31
ALB-MOT-0004081,2026,MOT,979.72,117.5664,326.57,653.15,,,0.00,2026-12-31
ALB-MOT-0004088,2022,MOT,1291.42,154.9704,1291.42,0.00,,,0.00,2026-12-31
ALB-MOT-0004114,2023,MOT,3149.94,377.9928,3149.94,0.00,,,0.00,2026-12-31
ALB-MOT-0004120,2020,MOT,3566.62,427.9944,3566.62,0.00,,,0.00,2026-12-31
ALB-MOT-0004136,2022,MOT,1412.35,169.48199999999997,1412.35,0.00,,,0.00,2026-12-31
ALB-MOT-0004141,2023,MOT,1549.59,185.9508,1549.59,0.00,,,0.00,2026-12-31
ALB-MOT-0004157,2021,MOT,934.82,112.1784,934.82,0.00,TR025,11.9,111.24,2026-12-31
ALB-MOT-0004160,2021,MOT,4022.15,482.658,4022.15,0.00,TR025,11.9,478.64,2026-12-31
ALB-MOT-0004161,2022,MOT,3447.34,413.6808,3447.34,0.00,,,0.00,2026-12-31
ALB-MOT-0004183,2025,MOT,1288.71,154.6452,1288.71,0.00,,,0.00,2026-12-31
ALB-MOT-0004190,2019,MOT,1689.86,202.7832,1689.86,0.00,,,0.00,2026-12-31
ALB-MOT-0004216,2023,MOT,3958.48,475.01759999999996,3958.48,0.00,,,0.00,2026-12-31
ALB-MOT-0004224,2026,MOT,4160.44,499.2527999999999,2080.22,2080.22,,,0.00,2026-12-31
ALB-MOT-0004227,2018,MOT,3161.35,379.36199999999997,3161.35,0.00,,,0.00,2026-12-31
ALB-MOT-0004232,2021,MOT,434.88,52.1856,434.88,0.00,TR025,11.9,51.75,2026-12-31
ALB-MOT-0004243,2022,MOT,488.63,58.6356,488.63,0.00,,,0.00,2026-12-31
ALB-MOT-0004248,2024,MOT,1383.72,166.0464,1383.72,0.00,,,0.00,2026-12-31
ALB-MOT-0004252,2020,MOT,2361.75,283.40999999999997,2361.75,0.00,,,0.00,2026-12-31
ALB-MOT-0004254,2019,MOT,4043.39,485.2068,4043.39,0.00,,,0.00,2026-12-31
ALB-MOT-0004256,2024,MOT,2554.59,306.5508,2554.59,0.00,,,0.00,2026-12-31
ALB-MOT-0004277,2023,MOT,3980.83,477.6996,3980.83,0.00,,,0.00,2026-12-31
ALB-MOT-0004285,2026,MOT,3270.94,392.51279999999997,1090.31,2180.63,,,0.00,2026-12-31
ALB-MOT-0004296,2025,MOT,4170.0,500.4,4170.00,0.00,,,0.00,2026-12-31
ALB-MOT-0004297,2024,MOT,913.69,109.64280000000001,913.69,0.00,,,0.00,2026-12-31
ALB-MOT-0004344,2022,MOT,2134.14,256.0968,2134.14,0.00,,,0.00,2026-12-31
ALB-MOT-0004368,2023,MOT,2754.41,330.52919999999995,2754.41,0.00,,,0.00,2026-12-31
ALB-MOT-0004376,2023,MOT,2284.85,274.18199999999996,2284.85,0.00,,,0.00,2026-12-31
ALB-MOT-0004391,2023,MOT,3918.53,470.22360000000003,3918.53,0.00,,,0.00,2026-12-31
ALB-MOT-0004423,2020,MOT,1018.85,122.262,1018.85,0.00,,,0.00,2026-12-31
ALB-MOT-0004429,2020,MOT,1690.69,202.8828,1690.69,0.00,,,0.00,2026-12-31
ALB-MOT-0004431,2022,MOT,1731.71,207.80519999999999,1731.71,0.00,,,0.00,2026-12-31
ALB-MOT-0004438,2023,MOT,3663.74,439.64879999999994,3663.74,0.00,,,0.00,2026-12-31
ALB-MOT-0004441,2025,MOT,2081.09,249.73080000000002,2081.09,0.00,,,0.00,2026-12-31
ALB-MOT-0004442,2024,MOT,3076.0,369.12,3076.00,0.00,,,0.00,2026-12-31
ALB-MOT-0004444,2021,MOT,1054.08,126.48959999999998,1054.08,0.00,TR025,11.9,125.44,2026-12-31
ALB-MOT-0004446,2024,MOT,2865.6,343.87199999999996,2865.60,0.00,,,0.00,2026-12-31
ALB-MOT-0004457,2023,MOT,1768.83,212.25959999999998,1768.83,0.00,,,0.00,2026-12-31
ALB-MOT-0004459,2019,MOT,1056.85,126.82199999999999,1056.85,0.00,,,0.00,2026-12-31
ALB-MOT-0004466,2020,MOT,3776.71,453.2052,3776.71,0.00,,,0.00,2026-12-31
ALB-MOT-0004470,2023,MOT,3542.99,425.1588,3542.99,0.00,,,0.00,2026-12-31
ALB-MOT-0004475,2021,MOT,3420.86,410.5032,3420.86,0.00,TR025,11.9,407.08,2026-12-31
ALB-MOT-0004479,2022,MOT,2418.8,290.25600000000003,2418.80,0.00,,,0.00,2026-12-31
ALB-MOT-0004490,2022,MOT,2012.29,241.4748,2012.29,0.00,,,0.00,2026-12-31
ALB-MOT-0004497,2025,MOT,2645.48,317.4576,2645.48,0.00,,,0.00,2026-12-31
ALB-MOT-0004498,2021,MOT,4048.5,485.82,4048.50,0.00,TR025,11.9,481.77,2026-12-31
ALB-MOT-0004506,2023,MOT,1355.9,162.708,1355.90,0.00,,,0.00,2026-12-31
ALB-MOT-0004520,2018,MOT,2336.81,280.4172,2336.81,0.00,,,0.00,2026-12-31
ALB-MOT-0004527,2019,MOT,3068.55,368.226,3068.55,0.00,,,0.00,2026-12-31
ALB-MOT-0004536,2023,MOT,2359.76,283.1712,2359.76,0.00,,,0.00,2026-12-31
ALB-MOT-0004538,2023,MOT,3460.8,415.296,3460.80,0.00,,,0.00,2026-12-31
ALB-MOT-0004550,2021,MOT,806.76,96.8112,806.76,0.00,TR025,11.9,96.00,2026-12-31
ALB-MOT-0004552,2020,MOT,2895.59,347.4708,2895.59,0.00,,,0.00,2026-12-31
ALB-MOT-0004555,2026,MOT,2104.98,252.5976,350.83,1754.15,,,0.00,2026-12-31
ALB-MOT-0004562,2021,MOT,1450.19,174.0228,1450.19,0.00,TR025,11.9,172.57,2026-12-31
ALB-MOT-0004577,2019,MOT,3742.06,449.0472,3742.06,0.00,,,0.00,2026-12-31
ALB-MOT-0004607,2026,MOT,3089.13,370.6956,772.28,2316.85,,,0.00,2026-12-31
ALB-MOT-0004612,2022,MOT,3924.59,470.9508,3924.59,0.00,,,0.00,2026-12-31
ALB-MOT-0004621,2022,MOT,2544.76,305.3712,2544.76,0.00,,,0.00,2026-12-31
ALB-MOT-0004625,2026,MOT,1578.38,189.4056,1183.79,394.60,,,0.00,2026-12-31
ALB-MOT-0004633,2018,MOT,1577.12,189.25439999999998,1577.12,0.00,,,0.00,2026-12-31
ALB-MOT-0004636,2018,MOT,3051.75,366.21,3051.75,0.00,,,0.00,2026-12-31
ALB-MOT-0004696,2022,MOT,1241.89,149.0268,1241.89,0.00,,,0.00,2026-12-31
ALB-MOT-0004709,2021,MOT,3845.7,461.484,3845.70,0.00,TR025,11.9,457.64,2026-12-31
ALB-MOT-0004714,2019,MOT,1935.37,232.24439999999998,1935.37,0.00,,,0.00,2026-12-31
ALB-MOT-0004723,2024,MOT,939.38,112.7256,939.38,0.00,,,0.00,2026-12-31
ALB-MOT-0004729,2020,MOT,624.64,74.9568,624.64,0.00,,,0.00,2026-12-31
ALB-MOT-0004741,2018,MOT,2916.87,350.02439999999996,2916.87,0.00,,,0.00,2026-12-31
ALB-MOT-0004743,2018,MOT,1120.0,134.4,1120.00,0.00,,,0.00,2026-12-31
ALB-MOT-0004751,2018,MOT,1971.44,236.5728,1971.44,0.00,,,0.00,2026-12-31
ALB-MOT-0004760,2018,MOT,822.31,98.67719999999998,822.31,0.00,,,0.00,2026-12-31
ALB-MOT-0004768,2023,MOT,655.67,78.68039999999999,655.67,0.00,,,0.00,2026-12-31
ALB-MOT-0004785,2019,MOT,457.79,54.9348,457.79,0.00,,,0.00,2026-12-31
ALB-MOT-0004797,2026,MOT,4164.01,499.6812,1041.00,3123.01,,,0.00,2026-12-31
ALB-MOT-0004798,2023,MOT,2355.37,282.64439999999996,2355.37,0.00,,,0.00,2026-12-31
ALB-MOT-0004810,2022,MOT,3661.28,439.35360000000003,3661.28,0.00,,,0.00,2026-12-31
ALB-MOT-0004822,2024,MOT,923.97,110.8764,923.97,0.00,,,0.00,2026-12-31
ALB-MOT-0004846,2020,MOT,3140.95,376.914,3140.95,0.00,,,0.00,2026-12-31
ALB-MOT-0004858,2020,MOT,3934.39,472.12679999999995,3934.39,0.00,,,0.00,2026-12-31
ALB-MOT-0004875,2019,MOT,1644.98,197.39759999999998,1644.98,0.00,,,0.00,2026-12-31
ALB-MOT-0004901,2024,MOT,2766.59,331.9908,2766.59,0.00,,,0.00,2026-12-31
ALB-MOT-0004903,2021,MOT,3260.83,391.2996,3260.83,0.00,TR025,11.9,388.04,2026-12-31
ALB-MOT-0004907,2022,MOT,1806.37,216.76439999999997,1806.37,0.00,,,0.00,2026-12-31
ALB-MOT-0004933,2022,MOT,1638.75,196.65,1638.75,0.00,,,0.00,2026-12-31
ALB-MOT-0004942,2026,MOT,1429.89,171.5868,357.47,1072.42,,,0.00,2026-12-31
ALB-MOT-0004957,2018,MOT,1770.31,212.4372,1770.31,0.00,,,0.00,2026-12-31
ALB-MOT-0004966,2020,MOT,3290.75,394.89,3290.75,0.00,,,0.00,2026-12-31
ALB-MOT-0004971,2021,MOT,2111.12,253.3344,2111.12,0.00,TR025,11.9,251.22,2026-12-31
ALB-MOT-0004987,2020,MOT,1565.81,187.8972,1565.81,0.00,,,0.00,2026-12-31
ALB-MOT-0004993,2021,MOT,2392.36,287.0832,2392.36,0.00,TR025,11.9,284.69,2026-12-31
ALB-MOT-0004996,2020,MOT,1031.78,123.8136,1031.78,0.00,,,0.00,2026-12-31
ALB-MOT-0005006,2019,MOT,4036.15,484.33799999999997,4036.15,0.00,,,0.00,2026-12-31
ALB-MOT-0005013,2024,MOT,1789.99,214.7988,1789.99,0.00,,,0.00,2026-12-31
ALB-MOT-0005014,2022,MOT,2040.1,244.81199999999998,2040.10,0.00,,,0.00,2026-12-31
ALB-MOT-0005018,2020,MOT,2077.18,249.26159999999996,2077.18,0.00,,,0.00,2026-12-31
ALB-MOT-0005030,2023,MOT,1271.37,152.56439999999998,1271.37,0.00,,,0.00,2026-12-31
ALB-MOT-0005031,2020,MOT,2288.61,274.6332,2288.61,0.00,,,0.00,2026-12-31
ALB-MOT-0005034,2026,MOT,801.37,96.1644,667.81,133.56,,,0.00,2026-12-31
ALB-MOT-0005039,2026,MOT,2590.89,310.9068,431.82,2159.07,,,0.00,2026-12-31
ALB-MOT-0005041,2020,MOT,2647.91,317.7492,2647.91,0.00,,,0.00,2026-12-31
ALB-MOT-0005070,2020,MOT,2749.87,329.9844,2749.87,0.00,,,0.00,2026-12-31
ALB-MOT-0005073,2022,MOT,1245.37,149.44439999999997,1245.37,0.00,,,0.00,2026-12-31
ALB-MOT-0005085,2024,MOT,2268.99,272.2788,2268.99,0.00,,,0.00,2026-12-31
ALB-MOT-0005092,2025,MOT,2813.84,337.6608,2813.84,0.00,,,0.00,2026-12-31
ALB-MOT-0005107,2020,MOT,2273.7,272.844,2273.70,0.00,,,0.00,2026-12-31
ALB-MOT-0005111,2022,MOT,2498.92,299.8704,2498.92,0.00,,,0.00,2026-12-31
ALB-MOT-0005117,2024,MOT,2223.63,266.8356,2223.63,0.00,,,0.00,2026-12-31
ALB-MOT-0005152,2019,MOT,568.73,68.2476,568.73,0.00,,,0.00,2026-12-31
ALB-MOT-0005153,2023,MOT,4056.73,486.8076,4056.73,0.00,,,0.00,2026-12-31
ALB-MOT-0005154,2018,MOT,3582.44,429.89279999999997,3582.44,0.00,,,0.00,2026-12-31
ALB-MOT-0005167,2021,MOT,2182.76,261.9312,2182.76,0.00,TR025,11.9,259.75,2026-12-31
ALB-MOT-0005175,2020,MOT,1070.97,128.5164,1070.97,0.00,,,0.00,2026-12-31
ALB-MOT-0005176,2023,MOT,1726.89,207.2268,1726.89,0.00,,,0.00,2026-12-31
ALB-MOT-0005194,2025,MOT,1454.94,174.5928,1454.94,0.00,,,0.00,2026-12-31
ALB-MOT-0005195,2020,MOT,3839.36,460.7232,3839.36,0.00,,,0.00,2026-12-31
ALB-MOT-0005197,2025,MOT,1867.99,224.15879999999999,1867.99,0.00,,,0.00,2026-12-31
ALB-MOT-0005200,2022,MOT,3025.26,363.0312,3025.26,0.00,,,0.00,2026-12-31
ALB-PET-0000001,2022,PET,3100.09,372.0108,3100.09,0.00,,,0.00,2026-12-31
ALB-PET-0000008,2019,PET,652.39,78.2868,652.39,0.00,,,0.00,2026-12-31
ALB-PET-0000009,2024,PET,1651.88,198.22560000000001,1651.88,0.00,,,0.00,2026-12-31
ALB-PET-0000016,2022,PET,2830.61,339.6732,2830.61,0.00,,,0.00,2026-12-31
ALB-PET-0000035,2021,PET,1380.18,165.6216,1380.18,0.00,,,0.00,2026-12-31
ALB-PET-0000037,2023,PET,2525.9,303.108,2525.90,0.00,,,0.00,2026-12-31
ALB-PET-0000039,2021,PET,1683.71,202.0452,1683.71,0.00,,,0.00,2026-12-31
ALB-PET-0000048,2024,PET,3540.66,424.87919999999997,3540.66,0.00,,,0.00,2026-12-31
ALB-PET-0000049,2026,PET,2592.19,311.0628,1080.08,1512.11,,,0.00,2026-12-31
ALB-PET-0000056,2021,PET,3529.3,423.516,3529.30,0.00,,,0.00,2026-12-31
ALB-PET-0000057,2019,PET,2486.54,298.3848,2486.54,0.00,,,0.00,2026-12-31
ALB-PET-0000062,2024,PET,3743.4,449.20799999999997,3743.40,0.00,,,0.00,2026-12-31
ALB-PET-0000073,2024,PET,627.87,75.3444,627.87,0.00,,,0.00,2026-12-31
ALB-PET-0000083,2024,PET,3874.66,464.95919999999995,3874.66,0.00,,,0.00,2026-12-31
ALB-PET-0000102,2021,PET,1420.97,170.5164,1420.97,0.00,,,0.00,2026-12-31
ALB-PET-0000104,2026,PET,2699.12,323.89439999999996,674.78,2024.34,,,0.00,2026-12-31
ALB-PET-0000125,2024,PET,391.45,46.974,391.45,0.00,,,0.00,2026-12-31
ALB-PET-0000133,2020,PET,853.66,102.43919999999999,853.66,0.00,,,0.00,2026-12-31
ALB-PET-0000149,2026,PET,2004.14,240.4968,334.02,1670.12,,,0.00,2026-12-31
ALB-PET-0000155,2023,PET,668.6,80.232,668.60,0.00,,,0.00,2026-12-31
ALB-PET-0000160,2023,PET,3970.96,476.5152,3970.96,0.00,,,0.00,2026-12-31
ALB-PET-0000168,2020,PET,2051.67,246.2004,2051.67,0.00,,,0.00,2026-12-31
ALB-PET-0000172,2020,PET,1491.96,179.0352,1491.96,0.00,,,0.00,2026-12-31
ALB-PET-0000174,2022,PET,3432.41,411.88919999999996,3432.41,0.00,,,0.00,2026-12-31
ALB-PET-0000177,2025,PET,4082.68,489.92159999999996,4082.68,0.00,,,0.00,2026-12-31
ALB-PET-0000179,2024,PET,3084.13,370.0956,3084.13,0.00,,,0.00,2026-12-31
ALB-PET-0000189,2023,PET,2087.79,250.5348,2087.79,0.00,,,0.00,2026-12-31
ALB-PET-0000195,2026,PET,3916.42,469.9704,0.00,3916.42,,,0.00,2026-12-31
ALB-PET-0000196,2026,PET,965.23,115.8276,643.49,321.74,,,0.00,2026-12-31
ALB-PET-0000200,2022,PET,1432.09,171.8508,1432.09,0.00,,,0.00,2026-12-31
ALB-PET-0000213,2025,PET,1269.2,152.304,1269.20,0.00,,,0.00,2026-12-31
ALB-PET-0000220,2019,PET,1223.94,146.8728,1223.94,0.00,,,0.00,2026-12-31
ALB-PET-0000229,2024,PET,1141.94,137.0328,1141.94,0.00,,,0.00,2026-12-31
ALB-PET-0000230,2021,PET,4008.86,481.0632,4008.86,0.00,,,0.00,2026-12-31
ALB-PET-0000232,2020,PET,961.06,115.32719999999999,961.06,0.00,,,0.00,2026-12-31
ALB-PET-0000237,2018,PET,441.8,53.016,441.80,0.00,,,0.00,2026-12-31
ALB-PET-0000250,2022,PET,3667.46,440.0952,3667.46,0.00,,,0.00,2026-12-31
ALB-PET-0000254,2019,PET,568.49,68.2188,568.49,0.00,,,0.00,2026-12-31
ALB-PET-0000276,2026,PET,2827.92,339.3504,1885.28,942.64,,,0.00,2026-12-31
ALB-PET-0000284,2023,PET,189.81,22.7772,189.81,0.00,,,0.00,2026-12-31
ALB-PET-0000290,2018,PET,3508.32,420.9984,3508.32,0.00,,,0.00,2026-12-31
ALB-PET-0000293,2018,PET,2044.07,245.2884,2044.07,0.00,,,0.00,2026-12-31
ALB-PET-0000296,2022,PET,3345.04,401.40479999999997,3345.04,0.00,,,0.00,2026-12-31
ALB-PET-0000300,2023,PET,999.65,119.958,999.65,0.00,,,0.00,2026-12-31
ALB-PET-0000301,2018,PET,742.28,89.0736,742.28,0.00,,,0.00,2026-12-31
ALB-PET-0000305,2021,PET,1334.13,160.09560000000002,1334.13,0.00,,,0.00,2026-12-31
ALB-PET-0000333,2020,PET,2802.31,336.2772,2802.31,0.00,,,0.00,2026-12-31
ALB-PET-0000350,2022,PET,619.29,74.31479999999999,619.29,0.00,,,0.00,2026-12-31
ALB-PET-0000364,2019,PET,1620.9,194.508,1620.90,0.00,,,0.00,2026-12-31
ALB-PET-0000395,2021,PET,2663.83,319.65959999999995,2663.83,0.00,,,0.00,2026-12-31
ALB-PET-0000405,2019,PET,634.58,76.1496,634.58,0.00,,,0.00,2026-12-31
ALB-PET-0000413,2024,PET,1520.36,182.4432,1520.36,0.00,,,0.00,2026-12-31
ALB-PET-0000427,2024,PET,3269.95,392.39399999999995,3269.95,0.00,,,0.00,2026-12-31
ALB-PET-0000434,2019,PET,3214.56,385.74719999999996,3214.56,0.00,,,0.00,2026-12-31
ALB-PET-0000436,2022,PET,2390.12,286.8144,2390.12,0.00,,,0.00,2026-12-31
ALB-PET-0000483,2022,PET,2320.75,278.49,2320.75,0.00,,,0.00,2026-12-31
ALB-PET-0000487,2022,PET,2954.29,354.5148,2954.29,0.00,,,0.00,2026-12-31
ALB-PET-0000505,2024,PET,3136.17,376.3404,3136.17,0.00,,,0.00,2026-12-31
ALB-PET-0000512,2025,PET,2648.73,317.8476,2648.73,0.00,,,0.00,2026-12-31
ALB-PET-0000525,2022,PET,453.96,54.475199999999994,453.96,0.00,,,0.00,2026-12-31
ALB-PET-0000557,2023,PET,1526.31,183.1572,1526.31,0.00,,,0.00,2026-12-31
ALB-PET-0000558,2021,PET,2632.82,315.9384,2632.82,0.00,,,0.00,2026-12-31
ALB-PET-0000561,2026,PET,3829.84,459.5808,1595.77,2234.07,,,0.00,2026-12-31
ALB-PET-0000569,2020,PET,3055.31,366.6372,3055.31,0.00,,,0.00,2026-12-31
ALB-PET-0000578,2023,PET,580.17,69.62039999999999,580.17,0.00,,,0.00,2026-12-31
ALB-PET-0000602,2018,PET,4081.49,489.77879999999993,4081.49,0.00,,,0.00,2026-12-31
ALB-PET-0000613,2023,PET,1061.88,127.4256,1061.88,0.00,,,0.00,2026-12-31
ALB-PET-0000616,2026,PET,1715.83,205.8996,0.00,1715.83,,,0.00,2026-12-31
ALB-PET-0000624,2019,PET,2645.64,317.47679999999997,2645.64,0.00,,,0.00,2026-12-31
ALB-PET-0000636,2024,PET,2847.7,341.724,2847.70,0.00,,,0.00,2026-12-31
ALB-PET-0000648,2024,PET,1209.52,145.14239999999998,1209.52,0.00,,,0.00,2026-12-31
ALB-PET-0000649,2019,PET,747.93,89.7516,747.93,0.00,,,0.00,2026-12-31
ALB-PET-0000651,2022,PET,428.7,51.443999999999996,428.70,0.00,,,0.00,2026-12-31
ALB-PET-0000658,2023,PET,256.69,30.802799999999998,256.69,0.00,,,0.00,2026-12-31
ALB-PET-0000661,2018,PET,1555.55,186.666,1555.55,0.00,,,0.00,2026-12-31
ALB-PET-0000676,2026,PET,2175.64,261.0768,181.30,1994.34,,,0.00,2026-12-31
ALB-PET-0000693,2023,PET,1030.55,123.666,1030.55,0.00,,,0.00,2026-12-31
ALB-PET-0000695,2023,PET,3354.45,402.53399999999993,3354.45,0.00,,,0.00,2026-12-31
ALB-PET-0000703,2024,PET,2214.68,265.7616,2214.68,0.00,,,0.00,2026-12-31
ALB-PET-0000708,2024,PET,2694.57,323.3484,2694.57,0.00,,,0.00,2026-12-31
ALB-PET-0000709,2021,PET,3080.86,369.7032,3080.86,0.00,,,0.00,2026-12-31
ALB-PET-0000713,2024,PET,1076.57,129.1884,1076.57,0.00,,,0.00,2026-12-31
ALB-PET-0000715,2021,PET,1725.44,207.0528,1725.44,0.00,,,0.00,2026-12-31
ALB-PET-0000753,2023,PET,3446.12,413.53439999999995,3446.12,0.00,,,0.00,2026-12-31
ALB-PET-0000773,2025,PET,2483.37,298.0044,2483.37,0.00,,,0.00,2026-12-31
ALB-PET-0000787,2024,PET,1558.67,187.0404,1558.67,0.00,,,0.00,2026-12-31
ALB-PET-0000797,2022,PET,271.94,32.632799999999996,271.94,0.00,,,0.00,2026-12-31
ALB-PET-0000800,2021,PET,799.61,95.9532,799.61,0.00,,,0.00,2026-12-31
ALB-PET-0000805,2026,PET,3512.44,421.4928,1463.52,2048.92,,,0.00,2026-12-31
ALB-PET-0000823,2019,PET,2192.61,263.1132,2192.61,0.00,,,0.00,2026-12-31
ALB-PET-0000824,2026,PET,215.17,25.820399999999996,53.79,161.38,,,0.00,2026-12-31
ALB-PET-0000854,2024,PET,2489.21,298.7052,2489.21,0.00,,,0.00,2026-12-31
ALB-PET-0000855,2022,PET,1988.49,238.6188,1988.49,0.00,,,0.00,2026-12-31
ALB-PET-0000857,2019,PET,1862.91,223.5492,1862.91,0.00,,,0.00,2026-12-31
ALB-PET-0000861,2025,PET,2932.21,351.8652,2932.21,0.00,,,0.00,2026-12-31
ALB-PET-0000876,2022,PET,938.54,112.6248,938.54,0.00,,,0.00,2026-12-31
ALB-PET-0000883,2025,PET,1663.99,199.6788,1663.99,0.00,,,0.00,2026-12-31
ALB-PET-0000909,2022,PET,2854.48,342.5376,2854.48,0.00,,,0.00,2026-12-31
ALB-PET-0000913,2020,PET,2985.97,358.3164,2985.97,0.00,,,0.00,2026-12-31
ALB-PET-0000931,2025,PET,3010.72,361.28639999999996,3010.72,0.00,,,0.00,2026-12-31
ALB-PET-0000944,2025,PET,2550.63,306.0756,2550.63,0.00,,,0.00,2026-12-31
ALB-PET-0000958,2023,PET,1127.25,135.26999999999998,1127.25,0.00,,,0.00,2026-12-31
ALB-PET-0000972,2024,PET,754.27,90.5124,754.27,0.00,,,0.00,2026-12-31
ALB-PET-0000982,2026,PET,1809.94,217.1928,754.14,1055.80,,,0.00,2026-12-31
ALB-PET-0001017,2022,PET,2452.38,294.2856,2452.38,0.00,,,0.00,2026-12-31
ALB-PET-0001027,2018,PET,1272.9,152.74800000000002,1272.90,0.00,,,0.00,2026-12-31
ALB-PET-0001043,2023,PET,3415.7,409.88399999999996,3415.70,0.00,,,0.00,2026-12-31
ALB-PET-0001045,2024,PET,1531.08,183.72959999999998,1531.08,0.00,,,0.00,2026-12-31
ALB-PET-0001050,2021,PET,1456.42,174.7704,1456.42,0.00,,,0.00,2026-12-31
ALB-PET-0001067,2026,PET,1132.77,135.9324,755.18,377.59,,,0.00,2026-12-31
ALB-PET-0001083,2019,PET,2908.48,349.0176,2908.48,0.00,,,0.00,2026-12-31
ALB-PET-0001103,2018,PET,923.87,110.8644,923.87,0.00,,,0.00,2026-12-31
ALB-PET-0001104,2025,PET,3007.23,360.8676,3007.23,0.00,,,0.00,2026-12-31
ALB-PET-0001110,2024,PET,628.71,75.4452,628.71,0.00,,,0.00,2026-12-31
ALB-PET-0001117,2025,PET,3623.31,434.7972,3623.31,0.00,,,0.00,2026-12-31
ALB-PET-0001118,2022,PET,1559.77,187.17239999999998,1559.77,0.00,,,0.00,2026-12-31
ALB-PET-0001121,2018,PET,1597.32,191.67839999999998,1597.32,0.00,,,0.00,2026-12-31
ALB-PET-0001124,2024,PET,2484.31,298.11719999999997,2484.31,0.00,,,0.00,2026-12-31
ALB-PET-0001137,2018,PET,3529.14,423.49679999999995,3529.14,0.00,,,0.00,2026-12-31
ALB-PET-0001178,2021,PET,2169.68,260.36159999999995,2169.68,0.00,,,0.00,2026-12-31
ALB-PET-0001191,2022,PET,1269.0,152.28,1269.00,0.00,,,0.00,2026-12-31
ALB-PET-0001204,2025,PET,1992.88,239.1456,1992.88,0.00,,,0.00,2026-12-31
ALB-PET-0001205,2021,PET,2261.0,271.32,2261.00,0.00,,,0.00,2026-12-31
ALB-PET-0001222,2020,PET,821.04,98.5248,821.04,0.00,,,0.00,2026-12-31
ALB-PET-0001242,2026,PET,3663.87,439.66439999999994,3663.87,0.00,,,0.00,2026-12-31
ALB-PET-0001257,2024,PET,1763.3,211.59599999999998,1763.30,0.00,,,0.00,2026-12-31
ALB-PET-0001263,2025,PET,1943.72,233.2464,1943.72,0.00,,,0.00,2026-12-31
ALB-PET-0001275,2018,PET,613.02,73.5624,613.02,0.00,,,0.00,2026-12-31
ALB-PET-0001284,2018,PET,2752.43,330.29159999999996,2752.43,0.00,,,0.00,2026-12-31
ALB-PET-0001304,2024,PET,1586.21,190.3452,1586.21,0.00,,,0.00,2026-12-31
ALB-PET-0001329,2026,PET,435.53,52.2636,36.29,399.24,,,0.00,2026-12-31
ALB-PET-0001337,2021,PET,2957.89,354.9468,2957.89,0.00,,,0.00,2026-12-31
ALB-PET-0001342,2019,PET,1090.24,130.8288,1090.24,0.00,,,0.00,2026-12-31
ALB-PET-0001346,2022,PET,1608.07,192.96839999999997,1608.07,0.00,,,0.00,2026-12-31
ALB-PET-0001356,2021,PET,3891.37,466.96439999999996,3891.37,0.00,,,0.00,2026-12-31
ALB-PET-0001362,2023,PET,1483.29,177.9948,1483.29,0.00,,,0.00,2026-12-31
ALB-PET-0001381,2019,PET,1461.52,175.3824,1461.52,0.00,,,0.00,2026-12-31
ALB-PET-0001382,2021,PET,1351.88,162.22560000000001,1351.88,0.00,,,0.00,2026-12-31
ALB-PET-0001393,2025,PET,262.79,31.5348,262.79,0.00,,,0.00,2026-12-31
ALB-PET-0001395,2021,PET,952.08,114.2496,952.08,0.00,,,0.00,2026-12-31
ALB-PET-0001415,2019,PET,3122.18,374.66159999999996,3122.18,0.00,,,0.00,2026-12-31
ALB-PET-0001428,2023,PET,501.47,60.1764,501.47,0.00,,,0.00,2026-12-31
ALB-PET-0001436,2018,PET,3366.09,403.9308,3366.09,0.00,,,0.00,2026-12-31
ALB-PET-0001444,2018,PET,3642.44,437.0928,3642.44,0.00,,,0.00,2026-12-31
ALB-PET-0001471,2023,PET,2980.12,357.6144,2980.12,0.00,,,0.00,2026-12-31
ALB-PET-0001477,2020,PET,1616.34,193.96079999999998,1616.34,0.00,,,0.00,2026-12-31
ALB-PET-0001487,2019,PET,2741.42,328.9704,2741.42,0.00,,,0.00,2026-12-31
ALB-PET-0001492,2018,PET,1393.06,167.16719999999998,1393.06,0.00,,,0.00,2026-12-31
ALB-PET-0001501,2024,PET,3850.98,462.1176,3850.98,0.00,,,0.00,2026-12-31
ALB-PET-0001509,2020,PET,2858.8,343.056,2858.80,0.00,,,0.00,2026-12-31
ALB-PET-0001512,2020,PET,1891.15,226.93800000000002,1891.15,0.00,,,0.00,2026-12-31
ALB-PET-0001533,2021,PET,3289.13,394.6956,3289.13,0.00,,,0.00,2026-12-31
ALB-PET-0001536,2022,PET,3939.31,472.7172,3939.31,0.00,,,0.00,2026-12-31
ALB-PET-0001542,2018,PET,3626.86,435.2232,3626.86,0.00,,,0.00,2026-12-31
ALB-PET-0001546,2021,PET,3562.87,427.5444,3562.87,0.00,,,0.00,2026-12-31
ALB-PET-0001566,2019,PET,1101.03,132.12359999999998,1101.03,0.00,,,0.00,2026-12-31
ALB-PET-0001568,2020,PET,944.4,113.32799999999999,944.40,0.00,,,0.00,2026-12-31
ALB-PET-0001572,2022,PET,3902.16,468.25919999999996,3902.16,0.00,,,0.00,2026-12-31
ALB-PET-0001576,2020,PET,3072.4,368.688,3072.40,0.00,,,0.00,2026-12-31
ALB-PET-0001587,2024,PET,1335.11,160.21319999999997,1335.11,0.00,,,0.00,2026-12-31
ALB-PET-0001590,2024,PET,1507.4,180.888,1507.40,0.00,,,0.00,2026-12-31
ALB-PET-0001596,2024,PET,301.02,36.1224,301.02,0.00,,,0.00,2026-12-31
ALB-PET-0001599,2019,PET,3674.06,440.88719999999995,3674.06,0.00,,,0.00,2026-12-31
ALB-PET-0001600,2021,PET,192.02,23.0424,192.02,0.00,,,0.00,2026-12-31
ALB-PET-0001603,2025,PET,1572.19,188.6628,1572.19,0.00,,,0.00,2026-12-31
ALB-PET-0001608,2022,PET,205.87,24.7044,205.87,0.00,,,0.00,2026-12-31
ALB-PET-0001616,2023,PET,1059.44,127.1328,1059.44,0.00,,,0.00,2026-12-31
ALB-PET-0001620,2022,PET,291.43,34.9716,291.43,0.00,,,0.00,2026-12-31
ALB-PET-0001621,2026,PET,453.6,54.432,302.40,151.20,,,0.00,2026-12-31
ALB-PET-0001650,2020,PET,2458.08,294.96959999999996,2458.08,0.00,,,0.00,2026-12-31
ALB-PET-0001665,2019,PET,3809.44,457.1328,3809.44,0.00,,,0.00,2026-12-31
ALB-PET-0001668,2018,PET,2227.52,267.3024,2227.52,0.00,,,0.00,2026-12-31
ALB-PET-0001689,2024,PET,2106.18,252.74159999999998,2106.18,0.00,,,0.00,2026-12-31
ALB-PET-0001695,2022,PET,3856.37,462.76439999999997,3856.37,0.00,,,0.00,2026-12-31
ALB-PET-0001698,2022,PET,2701.76,324.2112,2701.76,0.00,,,0.00,2026-12-31
ALB-PET-0001705,2020,PET,1454.12,174.49439999999998,1454.12,0.00,,,0.00,2026-12-31
ALB-PET-0001717,2025,PET,1097.69,131.7228,1097.69,0.00,,,0.00,2026-12-31
ALB-PET-0001730,2018,PET,3699.93,443.99159999999995,3699.93,0.00,,,0.00,2026-12-31
ALB-PET-0001739,2022,PET,3761.68,451.4016,3761.68,0.00,,,0.00,2026-12-31
ALB-PET-0001741,2026,PET,1801.37,216.16439999999997,900.69,900.69,,,0.00,2026-12-31
ALB-PET-0001743,2026,PET,2018.01,242.16119999999998,1009.01,1009.01,,,0.00,2026-12-31
ALB-PET-0001745,2021,PET,640.54,76.86479999999999,640.54,0.00,,,0.00,2026-12-31
ALB-PET-0001766,2023,PET,2412.32,289.4784,2412.32,0.00,,,0.00,2026-12-31
ALB-PET-0001769,2026,PET,259.84,31.180799999999994,43.31,216.53,,,0.00,2026-12-31
ALB-PET-0001772,2025,PET,3651.05,438.12600000000003,3651.05,0.00,,,0.00,2026-12-31
ALB-PET-0001775,2026,PET,1886.89,226.42680000000001,1415.17,471.72,,,0.00,2026-12-31
ALB-PET-0001788,2022,PET,4141.05,496.926,4141.05,0.00,,,0.00,2026-12-31
ALB-PET-0001790,2019,PET,3975.39,477.04679999999996,3975.39,0.00,,,0.00,2026-12-31
ALB-PET-0001806,2024,PET,2376.43,285.17159999999996,2376.43,0.00,,,0.00,2026-12-31
ALB-PET-0001808,2022,PET,3932.28,471.8736,3932.28,0.00,,,0.00,2026-12-31
ALB-PET-0001810,2022,PET,3716.42,445.9704,3716.42,0.00,,,0.00,2026-12-31
ALB-PET-0001812,2023,PET,1864.73,223.7676,1864.73,0.00,,,0.00,2026-12-31
ALB-PET-0001828,2025,PET,2558.59,307.0308,2558.59,0.00,,,0.00,2026-12-31
ALB-PET-0001832,2025,PET,2313.73,277.6476,2313.73,0.00,,,0.00,2026-12-31
ALB-PET-0001835,2020,PET,3395.97,407.5164,3395.97,0.00,,,0.00,2026-12-31
ALB-PET-0001845,2022,PET,3410.08,409.20959999999997,3410.08,0.00,,,0.00,2026-12-31
ALB-PET-0001857,2021,PET,3904.26,468.51120000000003,3904.26,0.00,,,0.00,2026-12-31
ALB-PET-0001863,2021,PET,2094.75,251.37,2094.75,0.00,,,0.00,2026-12-31
ALB-PET-0001892,2023,PET,3410.07,409.2084,3410.07,0.00,,,0.00,2026-12-31
ALB-PET-0001898,2024,PET,819.96,98.3952,819.96,0.00,,,0.00,2026-12-31
ALB-PET-0001911,2020,PET,3574.02,428.88239999999996,3574.02,0.00,,,0.00,2026-12-31
ALB-PET-0001932,2023,PET,2667.51,320.1012,2667.51,0.00,,,0.00,2026-12-31
ALB-PET-0001935,2024,PET,649.13,77.8956,649.13,0.00,,,0.00,2026-12-31
ALB-PET-0001943,2022,PET,3871.06,464.5272,3871.06,0.00,,,0.00,2026-12-31
ALB-PET-0001945,2022,PET,1185.74,142.2888,1185.74,0.00,,,0.00,2026-12-31
ALB-PET-0001956,2021,PET,3981.09,477.7308,3981.09,0.00,,,0.00,2026-12-31
ALB-PET-0001964,2023,PET,473.21,56.785199999999996,473.21,0.00,,,0.00,2026-12-31
ALB-PET-0001966,2022,PET,2219.54,266.34479999999996,2219.54,0.00,,,0.00,2026-12-31
ALB-PET-0002011,2019,PET,1043.14,125.17680000000001,1043.14,0.00,,,0.00,2026-12-31
ALB-PET-0002050,2026,PET,2725.81,327.0972,2498.66,227.15,,,0.00,2026-12-31
ALB-PET-0002061,2026,PET,208.15,24.977999999999998,0.00,208.15,,,0.00,2026-12-31
ALB-PET-0002071,2019,PET,3895.11,467.4132,3895.11,0.00,,,0.00,2026-12-31
ALB-PET-0002072,2021,PET,3764.42,451.7304,3764.42,0.00,,,0.00,2026-12-31
ALB-PET-0002083,2018,PET,783.23,93.9876,783.23,0.00,,,0.00,2026-12-31
ALB-PET-0002098,2026,PET,1751.64,210.1968,1459.70,291.94,,,0.00,2026-12-31
ALB-PET-0002102,2022,PET,3295.75,395.49,3295.75,0.00,,,0.00,2026-12-31
ALB-PET-0002107,2020,PET,3302.85,396.342,3302.85,0.00,,,0.00,2026-12-31
ALB-PET-0002111,2018,PET,3503.92,420.4704,3503.92,0.00,,,0.00,2026-12-31
ALB-PET-0002118,2025,PET,1735.89,208.3068,1735.89,0.00,,,0.00,2026-12-31
ALB-PET-0002121,2022,PET,1868.17,224.1804,1868.17,0.00,,,0.00,2026-12-31
ALB-PET-0002123,2018,PET,1336.88,160.4256,1336.88,0.00,,,0.00,2026-12-31
ALB-PET-0002148,2019,PET,3027.39,363.28679999999997,3027.39,0.00,,,0.00,2026-12-31
ALB-PET-0002160,2026,PET,1650.69,198.0828,550.23,1100.46,,,0.00,2026-12-31
ALB-PET-0002169,2020,PET,2538.48,304.6176,2538.48,0.00,,,0.00,2026-12-31
ALB-PET-0002174,2026,PET,4132.06,495.84720000000004,3787.72,344.34,,,0.00,2026-12-31
ALB-PET-0002175,2022,PET,2276.2,273.14399999999995,2276.20,0.00,,,0.00,2026-12-31
ALB-PET-0002206,2019,PET,2972.79,356.7348,2972.79,0.00,,,0.00,2026-12-31
ALB-PET-0002209,2024,PET,745.64,89.4768,745.64,0.00,,,0.00,2026-12-31
ALB-PET-0002210,2020,PET,3081.2,369.74399999999997,3081.20,0.00,,,0.00,2026-12-31
ALB-PET-0002212,2020,PET,951.18,114.1416,951.18,0.00,,,0.00,2026-12-31
ALB-PET-0002226,2020,PET,1640.29,196.8348,1640.29,0.00,,,0.00,2026-12-31
ALB-PET-0002241,2026,PET,225.33,27.0396,18.78,206.55,,,0.00,2026-12-31
ALB-PET-0002269,2021,PET,3951.26,474.1512,3951.26,0.00,,,0.00,2026-12-31
ALB-PET-0002270,2023,PET,3688.49,442.61879999999996,3688.49,0.00,,,0.00,2026-12-31
ALB-PET-0002296,2026,PET,1733.3,207.99599999999998,433.33,1299.97,,,0.00,2026-12-31
ALB-PET-0002303,2018,PET,3367.6,404.11199999999997,3367.60,0.00,,,0.00,2026-12-31
ALB-PET-0002304,2025,PET,1032.97,123.9564,1032.97,0.00,,,0.00,2026-12-31
ALB-PET-0002310,2026,PET,458.8,55.056,344.10,114.70,,,0.00,2026-12-31
ALB-PET-0002312,2021,PET,227.23,27.267599999999998,227.23,0.00,,,0.00,2026-12-31
ALB-PET-0002314,2025,PET,3981.55,477.786,3981.55,0.00,,,0.00,2026-12-31
ALB-PET-0002318,2019,PET,1384.68,166.1616,1384.68,0.00,,,0.00,2026-12-31
ALB-PET-0002328,2023,PET,1480.34,177.64079999999998,1480.34,0.00,,,0.00,2026-12-31
ALB-PET-0002330,2023,PET,1360.79,163.29479999999998,1360.79,0.00,,,0.00,2026-12-31
ALB-PET-0002336,2022,PET,1314.88,157.78560000000002,1314.88,0.00,,,0.00,2026-12-31
ALB-PET-0002341,2018,PET,1361.49,163.37879999999998,1361.49,0.00,,,0.00,2026-12-31
ALB-PET-0002351,2023,PET,2140.32,256.83840000000004,2140.32,0.00,,,0.00,2026-12-31
ALB-PET-0002355,2019,PET,4124.67,494.9604,4124.67,0.00,,,0.00,2026-12-31
ALB-PET-0002356,2021,PET,2653.87,318.46439999999996,2653.87,0.00,,,0.00,2026-12-31
ALB-PET-0002361,2024,PET,2472.52,296.7024,2472.52,0.00,,,0.00,2026-12-31
ALB-PET-0002383,2021,PET,706.35,84.762,706.35,0.00,,,0.00,2026-12-31
ALB-PET-0002389,2023,PET,271.84,32.620799999999996,271.84,0.00,,,0.00,2026-12-31
ALB-PET-0002391,2020,PET,2123.69,254.8428,2123.69,0.00,,,0.00,2026-12-31
ALB-PET-0002412,2018,PET,465.07,55.8084,465.07,0.00,,,0.00,2026-12-31
ALB-PET-0002417,2021,PET,2257.91,270.94919999999996,2257.91,0.00,,,0.00,2026-12-31
ALB-PET-0002431,2022,PET,3085.0,370.2,3085.00,0.00,,,0.00,2026-12-31
ALB-PET-0002434,2023,PET,4161.99,499.43879999999996,4161.99,0.00,,,0.00,2026-12-31
ALB-PET-0002447,2019,PET,2563.79,307.65479999999997,2563.79,0.00,,,0.00,2026-12-31
ALB-PET-0002460,2022,PET,338.6,40.632,338.60,0.00,,,0.00,2026-12-31
ALB-PET-0002469,2025,PET,2723.67,326.8404,2723.67,0.00,,,0.00,2026-12-31
ALB-PET-0002473,2026,PET,1317.97,158.1564,109.83,1208.14,,,0.00,2026-12-31
ALB-PET-0002485,2021,PET,546.49,65.5788,546.49,0.00,,,0.00,2026-12-31
ALB-PET-0002492,2021,PET,3087.15,370.45799999999997,3087.15,0.00,,,0.00,2026-12-31
ALB-PET-0002493,2026,PET,2331.96,279.8352,194.33,2137.63,,,0.00,2026-12-31
ALB-PET-0002494,2024,PET,2876.35,345.162,2876.35,0.00,,,0.00,2026-12-31
ALB-PET-0002495,2025,PET,2679.81,321.5772,2679.81,0.00,,,0.00,2026-12-31
ALB-PET-0002502,2021,PET,2135.33,256.2396,2135.33,0.00,,,0.00,2026-12-31
ALB-PET-0002511,2021,PET,847.75,101.72999999999999,847.75,0.00,,,0.00,2026-12-31
ALB-PET-0002512,2026,PET,2155.36,258.6432,359.23,1796.13,,,0.00,2026-12-31
ALB-PET-0002520,2020,PET,2916.98,350.0376,2916.98,0.00,,,0.00,2026-12-31
ALB-PET-0002522,2020,PET,3736.81,448.4172,3736.81,0.00,,,0.00,2026-12-31
ALB-PET-0002551,2026,PET,2320.8,278.49600000000004,967.00,1353.80,,,0.00,2026-12-31
ALB-PET-0002565,2018,PET,1684.98,202.1976,1684.98,0.00,,,0.00,2026-12-31
ALB-PET-0002570,2026,PET,438.76,52.651199999999996,365.63,73.13,,,0.00,2026-12-31
ALB-PET-0002582,2018,PET,282.73,33.9276,282.73,0.00,,,0.00,2026-12-31
ALB-PET-0002583,2019,PET,4100.93,492.1116,4100.93,0.00,,,0.00,2026-12-31
ALB-PET-0002616,2020,PET,1167.27,140.0724,1167.27,0.00,,,0.00,2026-12-31
ALB-PET-0002620,2020,PET,1375.11,165.01319999999998,1375.11,0.00,,,0.00,2026-12-31
ALB-PET-0002662,2022,PET,2412.61,289.5132,2412.61,0.00,,,0.00,2026-12-31
ALB-PET-0002664,2020,PET,3469.71,416.3652,3469.71,0.00,,,0.00,2026-12-31
ALB-PET-0002712,2024,PET,2510.9,301.308,2510.90,0.00,,,0.00,2026-12-31
ALB-PET-0002728,2018,PET,3968.63,476.2356,3968.63,0.00,,,0.00,2026-12-31
ALB-PET-0002729,2024,PET,1479.33,177.5196,1479.33,0.00,,,0.00,2026-12-31
ALB-PET-0002740,2019,PET,1209.17,145.1004,1209.17,0.00,,,0.00,2026-12-31
ALB-PET-0002747,2018,PET,4132.84,495.9408,4132.84,0.00,,,0.00,2026-12-31
ALB-PET-0002748,2024,PET,2332.09,279.8508,2332.09,0.00,,,0.00,2026-12-31
ALB-PET-0002758,2019,PET,2892.31,347.0772,2892.31,0.00,,,0.00,2026-12-31
ALB-PET-0002764,2023,PET,3988.98,478.6776,3988.98,0.00,,,0.00,2026-12-31
ALB-PET-0002769,2022,PET,1304.88,156.5856,1304.88,0.00,,,0.00,2026-12-31
ALB-PET-0002775,2023,PET,1351.21,162.1452,1351.21,0.00,,,0.00,2026-12-31
ALB-PET-0002789,2021,PET,1855.84,222.7008,1855.84,0.00,,,0.00,2026-12-31
ALB-PET-0002805,2024,PET,1684.61,202.15319999999997,1684.61,0.00,,,0.00,2026-12-31
ALB-PET-0002813,2019,PET,3965.26,475.8312,3965.26,0.00,,,0.00,2026-12-31
ALB-PET-0002821,2022,PET,3169.97,380.39639999999997,3169.97,0.00,,,0.00,2026-12-31
ALB-PET-0002826,2025,PET,3570.38,428.4456,3570.38,0.00,,,0.00,2026-12-31
ALB-PET-0002854,2019,PET,929.5,111.53999999999999,929.50,0.00,,,0.00,2026-12-31
ALB-PET-0002862,2024,PET,719.43,86.3316,719.43,0.00,,,0.00,2026-12-31
ALB-PET-0002875,2021,PET,3214.87,385.78439999999995,3214.87,0.00,,,0.00,2026-12-31
ALB-PET-0002895,2020,PET,2343.5,281.21999999999997,2343.50,0.00,,,0.00,2026-12-31
ALB-PET-0002897,2021,PET,738.13,88.5756,738.13,0.00,,,0.00,2026-12-31
ALB-PET-0002901,2019,PET,877.34,105.2808,877.34,0.00,,,0.00,2026-12-31
ALB-PET-0002929,2025,PET,2787.27,334.4724,2787.27,0.00,,,0.00,2026-12-31
ALB-PET-0002935,2022,PET,1450.37,174.04439999999997,1450.37,0.00,,,0.00,2026-12-31
ALB-PET-0002939,2021,PET,3119.96,374.3952,3119.96,0.00,,,0.00,2026-12-31
ALB-PET-0002942,2026,PET,772.68,92.7216,708.29,64.39,,,0.00,2026-12-31
ALB-PET-0002950,2022,PET,1675.24,201.0288,1675.24,0.00,,,0.00,2026-12-31
ALB-PET-0002965,2022,PET,2686.94,322.4328,2686.94,0.00,,,0.00,2026-12-31
ALB-PET-0002978,2023,PET,213.25,25.59,213.25,0.00,,,0.00,2026-12-31
ALB-PET-0003001,2026,PET,3246.4,389.568,541.07,2705.33,,,0.00,2026-12-31
ALB-PET-0003002,2021,PET,3167.82,380.1384,3167.82,0.00,,,0.00,2026-12-31
ALB-PET-0003015,2019,PET,2014.12,241.69439999999997,2014.12,0.00,,,0.00,2026-12-31
ALB-PET-0003033,2022,PET,965.45,115.854,965.45,0.00,,,0.00,2026-12-31
ALB-PET-0003034,2019,PET,3679.6,441.55199999999996,3679.60,0.00,,,0.00,2026-12-31
ALB-PET-0003038,2021,PET,3219.62,386.3544,3219.62,0.00,,,0.00,2026-12-31
ALB-PET-0003042,2018,PET,3403.31,408.3972,3403.31,0.00,,,0.00,2026-12-31
ALB-PET-0003049,2020,PET,1403.57,168.42839999999998,1403.57,0.00,,,0.00,2026-12-31
ALB-PET-0003079,2025,PET,3151.41,378.1692,3151.41,0.00,,,0.00,2026-12-31
ALB-PET-0003086,2019,PET,312.72,37.5264,312.72,0.00,,,0.00,2026-12-31
ALB-PET-0003090,2026,PET,2104.44,252.5328,526.11,1578.33,,,0.00,2026-12-31
ALB-PET-0003097,2025,PET,1651.41,198.1692,1651.41,0.00,,,0.00,2026-12-31
ALB-PET-0003115,2023,PET,3071.51,368.5812,3071.51,0.00,,,0.00,2026-12-31
ALB-PET-0003118,2025,PET,2829.26,339.51120000000003,2829.26,0.00,,,0.00,2026-12-31
ALB-PET-0003119,2025,PET,3558.97,427.0764,3558.97,0.00,,,0.00,2026-12-31
ALB-PET-0003124,2026,PET,2161.61,259.3932,360.27,1801.34,,,0.00,2026-12-31
ALB-PET-0003129,2021,PET,3619.44,434.33279999999996,3619.44,0.00,,,0.00,2026-12-31
ALB-PET-0003131,2018,PET,1206.92,144.8304,1206.92,0.00,,,0.00,2026-12-31
ALB-PET-0003138,2021,PET,4186.38,502.3656,4186.38,0.00,,,0.00,2026-12-31
ALB-PET-0003142,2026,PET,1246.47,149.5764,103.87,1142.60,,,0.00,2026-12-31
ALB-PET-0003145,2026,PET,3453.19,414.3828,863.30,2589.89,,,0.00,2026-12-31
ALB-PET-0003173,2025,PET,3412.8,409.536,3412.80,0.00,,,0.00,2026-12-31
ALB-PET-0003176,2018,PET,692.33,83.0796,692.33,0.00,,,0.00,2026-12-31
ALB-PET-0003183,2018,PET,2569.84,308.3808,2569.84,0.00,,,0.00,2026-12-31
ALB-PET-0003206,2025,PET,3377.14,405.25679999999994,3377.14,0.00,,,0.00,2026-12-31
ALB-PET-0003207,2025,PET,1822.13,218.6556,1822.13,0.00,,,0.00,2026-12-31
ALB-PET-0003215,2020,PET,656.39,78.76679999999999,656.39,0.00,,,0.00,2026-12-31
ALB-PET-0003253,2023,PET,1611.25,193.35,1611.25,0.00,,,0.00,2026-12-31
ALB-PET-0003281,2026,PET,445.47,53.4564,111.37,334.10,,,0.00,2026-12-31
ALB-PET-0003284,2024,PET,2949.82,353.9784,2949.82,0.00,,,0.00,2026-12-31
ALB-PET-0003289,2024,PET,233.26,27.9912,233.26,0.00,,,0.00,2026-12-31
ALB-PET-0003292,2018,PET,1304.18,156.5016,1304.18,0.00,,,0.00,2026-12-31
ALB-PET-0003301,2025,PET,612.35,73.482,612.35,0.00,,,0.00,2026-12-31
ALB-PET-0003335,2022,PET,728.0,87.36,728.00,0.00,,,0.00,2026-12-31
ALB-PET-0003346,2024,PET,407.72,48.9264,407.72,0.00,,,0.00,2026-12-31
ALB-PET-0003353,2018,PET,2310.49,277.25879999999995,2310.49,0.00,,,0.00,2026-12-31
ALB-PET-0003357,2023,PET,1135.34,136.24079999999998,1135.34,0.00,,,0.00,2026-12-31
ALB-PET-0003362,2020,PET,1673.04,200.76479999999998,1673.04,0.00,,,0.00,2026-12-31
ALB-PET-0003372,2026,PET,1735.9,208.308,433.98,1301.93,,,0.00,2026-12-31
ALB-PET-0003374,2023,PET,3945.97,473.5164,3945.97,0.00,,,0.00,2026-12-31
ALB-PET-0003389,2018,PET,498.05,59.766,498.05,0.00,,,0.00,2026-12-31
ALB-PET-0003392,2018,PET,2268.4,272.208,2268.40,0.00,,,0.00,2026-12-31
ALB-PET-0003413,2026,PET,3904.45,468.53399999999993,1301.48,2602.97,,,0.00,2026-12-31
ALB-PET-0003447,2023,PET,1325.87,159.10439999999997,1325.87,0.00,,,0.00,2026-12-31
ALB-PET-0003454,2020,PET,3692.42,443.0904,3692.42,0.00,,,0.00,2026-12-31
ALB-PET-0003455,2020,PET,3962.21,475.4652,3962.21,0.00,,,0.00,2026-12-31
ALB-PET-0003465,2021,PET,735.99,88.3188,735.99,0.00,,,0.00,2026-12-31
ALB-PET-0003469,2020,PET,1465.67,175.8804,1465.67,0.00,,,0.00,2026-12-31
ALB-PET-0003476,2022,PET,4069.28,488.3136,4069.28,0.00,,,0.00,2026-12-31
ALB-PET-0003488,2025,PET,2608.49,313.01879999999994,2608.49,0.00,,,0.00,2026-12-31
ALB-PET-0003489,2024,PET,1660.97,199.3164,1660.97,0.00,,,0.00,2026-12-31
ALB-PET-0003493,2024,PET,3641.1,436.93199999999996,3641.10,0.00,,,0.00,2026-12-31
ALB-PET-0003498,2024,PET,1508.86,181.0632,1508.86,0.00,,,0.00,2026-12-31
ALB-PET-0003502,2026,PET,4104.22,492.5064,3078.17,1026.05,,,0.00,2026-12-31
ALB-PET-0003508,2024,PET,3256.06,390.7272,3256.06,0.00,,,0.00,2026-12-31
ALB-PET-0003510,2023,PET,3243.52,389.2224,3243.52,0.00,,,0.00,2026-12-31
ALB-PET-0003513,2023,PET,2375.66,285.07919999999996,2375.66,0.00,,,0.00,2026-12-31
ALB-PET-0003519,2018,PET,1634.31,196.1172,1634.31,0.00,,,0.00,2026-12-31
ALB-PET-0003523,2018,PET,621.04,74.5248,621.04,0.00,,,0.00,2026-12-31
ALB-PET-0003531,2018,PET,3749.91,449.9892,3749.91,0.00,,,0.00,2026-12-31
ALB-PET-0003544,2018,PET,2036.52,244.3824,2036.52,0.00,,,0.00,2026-12-31
ALB-PET-0003563,2018,PET,378.04,45.3648,378.04,0.00,,,0.00,2026-12-31
ALB-PET-0003575,2024,PET,3320.29,398.4348,3320.29,0.00,,,0.00,2026-12-31
ALB-PET-0003592,2023,PET,3064.58,367.7496,3064.58,0.00,,,0.00,2026-12-31
ALB-PET-0003601,2024,PET,2217.44,266.0928,2217.44,0.00,,,0.00,2026-12-31
ALB-PET-0003605,2025,PET,2198.89,263.86679999999996,2198.89,0.00,,,0.00,2026-12-31
ALB-PET-0003613,2026,PET,2550.9,306.108,1913.18,637.72,,,0.00,2026-12-31
ALB-PET-0003618,2019,PET,704.72,84.5664,704.72,0.00,,,0.00,2026-12-31
ALB-PET-0003624,2023,PET,2163.85,259.662,2163.85,0.00,,,0.00,2026-12-31
ALB-PET-0003643,2020,PET,1930.94,231.7128,1930.94,0.00,,,0.00,2026-12-31
ALB-PET-0003651,2018,PET,1201.71,144.2052,1201.71,0.00,,,0.00,2026-12-31
ALB-PET-0003665,2019,PET,2937.38,352.4856,2937.38,0.00,,,0.00,2026-12-31
ALB-PET-0003669,2026,PET,2085.04,250.20479999999998,521.26,1563.78,,,0.00,2026-12-31
ALB-PET-0003686,2021,PET,2038.79,244.6548,2038.79,0.00,,,0.00,2026-12-31
ALB-PET-0003687,2019,PET,1410.49,169.2588,1410.49,0.00,,,0.00,2026-12-31
ALB-PET-0003691,2024,PET,190.23,22.827599999999997,190.23,0.00,,,0.00,2026-12-31
ALB-PET-0003695,2018,PET,3999.66,479.95919999999995,3999.66,0.00,,,0.00,2026-12-31
ALB-PET-0003701,2025,PET,3177.22,381.2664,3177.22,0.00,,,0.00,2026-12-31
ALB-PET-0003703,2024,PET,1599.94,191.9928,1599.94,0.00,,,0.00,2026-12-31
ALB-PET-0003737,2018,PET,2909.37,349.1244,2909.37,0.00,,,0.00,2026-12-31
ALB-PET-0003769,2019,PET,4120.99,494.51879999999994,4120.99,0.00,,,0.00,2026-12-31
ALB-PET-0003773,2025,PET,4004.93,480.59159999999997,4004.93,0.00,,,0.00,2026-12-31
ALB-PET-0003778,2019,PET,1003.02,120.3624,1003.02,0.00,,,0.00,2026-12-31
ALB-PET-0003779,2024,PET,351.41,42.169200000000004,351.41,0.00,,,0.00,2026-12-31
ALB-PET-0003780,2019,PET,2486.32,298.3584,2486.32,0.00,,,0.00,2026-12-31
ALB-PET-0003791,2025,PET,2122.06,254.6472,2122.06,0.00,,,0.00,2026-12-31
ALB-PET-0003794,2018,PET,3904.33,468.51959999999997,3904.33,0.00,,,0.00,2026-12-31
ALB-PET-0003797,2026,PET,2251.82,270.21840000000003,562.96,1688.87,,,0.00,2026-12-31
ALB-PET-0003800,2021,PET,2098.14,251.77679999999998,2098.14,0.00,,,0.00,2026-12-31
ALB-PET-0003812,2022,PET,872.61,104.7132,872.61,0.00,,,0.00,2026-12-31
ALB-PET-0003814,2023,PET,3824.32,458.9184,3824.32,0.00,,,0.00,2026-12-31
ALB-PET-0003825,2020,PET,2311.65,277.398,2311.65,0.00,,,0.00,2026-12-31
ALB-PET-0003826,2022,PET,1098.02,131.76239999999999,1098.02,0.00,,,0.00,2026-12-31
ALB-PET-0003833,2023,PET,2355.54,282.66479999999996,2355.54,0.00,,,0.00,2026-12-31
ALB-PET-0003834,2021,PET,1384.09,166.09079999999997,1384.09,0.00,,,0.00,2026-12-31
ALB-PET-0003859,2022,PET,3398.97,407.87639999999993,3398.97,0.00,,,0.00,2026-12-31
ALB-PET-0003873,2018,PET,1399.46,167.9352,1399.46,0.00,,,0.00,2026-12-31
ALB-PET-0003874,2018,PET,1297.07,155.64839999999998,1297.07,0.00,,,0.00,2026-12-31
ALB-PET-0003875,2020,PET,3547.94,425.7528,3547.94,0.00,,,0.00,2026-12-31
ALB-PET-0003878,2018,PET,500.08,60.0096,500.08,0.00,,,0.00,2026-12-31
ALB-PET-0003881,2022,PET,3589.35,430.722,3589.35,0.00,,,0.00,2026-12-31
ALB-PET-0003893,2022,PET,2888.21,346.5852,2888.21,0.00,,,0.00,2026-12-31
ALB-PET-0003922,2023,PET,3879.72,465.56639999999993,3879.72,0.00,,,0.00,2026-12-31
ALB-PET-0003939,2025,PET,4186.97,502.4364,4186.97,0.00,,,0.00,2026-12-31
ALB-PET-0003962,2023,PET,3755.69,450.6828,3755.69,0.00,,,0.00,2026-12-31
ALB-PET-0003963,2019,PET,2228.71,267.4452,2228.71,0.00,,,0.00,2026-12-31
ALB-PET-0003989,2018,PET,2317.48,278.0976,2317.48,0.00,,,0.00,2026-12-31
ALB-PET-0004007,2022,PET,2398.53,287.8236,2398.53,0.00,,,0.00,2026-12-31
ALB-PET-0004018,2020,PET,2175.98,261.1176,2175.98,0.00,,,0.00,2026-12-31
ALB-PET-0004022,2021,PET,1190.55,142.86599999999999,1190.55,0.00,,,0.00,2026-12-31
ALB-PET-0004026,2022,PET,2067.64,248.11679999999998,2067.64,0.00,,,0.00,2026-12-31
ALB-PET-0004030,2022,PET,1195.72,143.4864,1195.72,0.00,,,0.00,2026-12-31
ALB-PET-0004056,2025,PET,3043.93,365.2716,3043.93,0.00,,,0.00,2026-12-31
ALB-PET-0004061,2024,PET,2806.67,336.8004,2806.67,0.00,,,0.00,2026-12-31
ALB-PET-0004087,2026,PET,4097.49,491.69879999999995,2048.75,2048.75,,,0.00,2026-12-31
ALB-PET-0004092,2019,PET,3897.96,467.7552,3897.96,0.00,,,0.00,2026-12-31
ALB-PET-0004101,2020,PET,1637.33,196.47959999999998,1637.33,0.00,,,0.00,2026-12-31
ALB-PET-0004102,2026,PET,2112.36,253.4832,1760.30,352.06,,,0.00,2026-12-31
ALB-PET-0004109,2024,PET,3442.3,413.076,3442.30,0.00,,,0.00,2026-12-31
ALB-PET-0004111,2020,PET,2456.9,294.828,2456.90,0.00,,,0.00,2026-12-31
ALB-PET-0004113,2025,PET,760.69,91.28280000000001,760.69,0.00,,,0.00,2026-12-31
ALB-PET-0004115,2018,PET,1016.71,122.0052,1016.71,0.00,,,0.00,2026-12-31
ALB-PET-0004122,2020,PET,2314.62,277.7544,2314.62,0.00,,,0.00,2026-12-31
ALB-PET-0004126,2025,PET,1169.67,140.3604,1169.67,0.00,,,0.00,2026-12-31
ALB-PET-0004133,2024,PET,2590.31,310.8372,2590.31,0.00,,,0.00,2026-12-31
ALB-PET-0004151,2023,PET,1575.49,189.0588,1575.49,0.00,,,0.00,2026-12-31
ALB-PET-0004168,2024,PET,1666.34,199.96079999999998,1666.34,0.00,,,0.00,2026-12-31
ALB-PET-0004172,2020,PET,658.21,78.9852,658.21,0.00,,,0.00,2026-12-31
ALB-PET-0004174,2025,PET,1915.4,229.848,1915.40,0.00,,,0.00,2026-12-31
ALB-PET-0004207,2024,PET,1909.79,229.17479999999998,1909.79,0.00,,,0.00,2026-12-31
ALB-PET-0004214,2024,PET,1182.58,141.90959999999998,1182.58,0.00,,,0.00,2026-12-31
ALB-PET-0004220,2025,PET,2664.89,319.78679999999997,2664.89,0.00,,,0.00,2026-12-31
ALB-PET-0004233,2024,PET,3666.5,439.97999999999996,3666.50,0.00,,,0.00,2026-12-31
ALB-PET-0004238,2021,PET,1899.32,227.9184,1899.32,0.00,,,0.00,2026-12-31
ALB-PET-0004241,2025,PET,3347.56,401.7072,3347.56,0.00,,,0.00,2026-12-31
ALB-PET-0004250,2025,PET,2242.26,269.07120000000003,2242.26,0.00,,,0.00,2026-12-31
ALB-PET-0004262,2020,PET,1198.98,143.8776,1198.98,0.00,,,0.00,2026-12-31
ALB-PET-0004265,2026,PET,3526.89,423.22679999999997,293.91,3232.98,,,0.00,2026-12-31
ALB-PET-0004268,2020,PET,1537.29,184.4748,1537.29,0.00,,,0.00,2026-12-31
ALB-PET-0004298,2025,PET,2232.53,267.90360000000004,2232.53,0.00,,,0.00,2026-12-31
ALB-PET-0004302,2020,PET,2442.71,293.1252,2442.71,0.00,,,0.00,2026-12-31
ALB-PET-0004304,2025,PET,574.57,68.9484,574.57,0.00,,,0.00,2026-12-31
ALB-PET-0004318,2019,PET,3948.01,473.76120000000003,3948.01,0.00,,,0.00,2026-12-31
ALB-PET-0004328,2023,PET,3098.82,371.8584,3098.82,0.00,,,0.00,2026-12-31
ALB-PET-0004339,2024,PET,963.85,115.66199999999999,963.85,0.00,,,0.00,2026-12-31
ALB-PET-0004355,2020,PET,1936.98,232.4376,1936.98,0.00,,,0.00,2026-12-31
ALB-PET-0004357,2021,PET,2037.63,244.5156,2037.63,0.00,,,0.00,2026-12-31
ALB-PET-0004361,2024,PET,935.57,112.2684,935.57,0.00,,,0.00,2026-12-31
ALB-PET-0004364,2026,PET,3075.58,369.0696,512.60,2562.98,,,0.00,2026-12-31
ALB-PET-0004384,2018,PET,2986.93,358.43159999999995,2986.93,0.00,,,0.00,2026-12-31
ALB-PET-0004386,2018,PET,577.93,69.35159999999999,577.93,0.00,,,0.00,2026-12-31
ALB-PET-0004398,2025,PET,1304.43,156.5316,1304.43,0.00,,,0.00,2026-12-31
ALB-PET-0004404,2021,PET,4189.08,502.6896,4189.08,0.00,,,0.00,2026-12-31
ALB-PET-0004405,2023,PET,3976.15,477.138,3976.15,0.00,,,0.00,2026-12-31
ALB-PET-0004414,2019,PET,2637.8,316.536,2637.80,0.00,,,0.00,2026-12-31
ALB-PET-0004418,2022,PET,1020.05,122.40599999999999,1020.05,0.00,,,0.00,2026-12-31
ALB-PET-0004445,2024,PET,712.23,85.4676,712.23,0.00,,,0.00,2026-12-31
ALB-PET-0004447,2024,PET,3439.79,412.77479999999997,3439.79,0.00,,,0.00,2026-12-31
ALB-PET-0004456,2022,PET,2985.0,358.2,2985.00,0.00,,,0.00,2026-12-31
ALB-PET-0004458,2021,PET,233.7,28.043999999999997,233.70,0.00,,,0.00,2026-12-31
ALB-PET-0004462,2020,PET,3338.61,400.6332,3338.61,0.00,,,0.00,2026-12-31
ALB-PET-0004471,2018,PET,3100.25,372.03,3100.25,0.00,,,0.00,2026-12-31
ALB-PET-0004473,2023,PET,4060.15,487.218,4060.15,0.00,,,0.00,2026-12-31
ALB-PET-0004481,2025,PET,1298.4,155.808,1298.40,0.00,,,0.00,2026-12-31
ALB-PET-0004493,2024,PET,1327.14,159.2568,1327.14,0.00,,,0.00,2026-12-31
ALB-PET-0004526,2025,PET,2822.96,338.7552,2822.96,0.00,,,0.00,2026-12-31
ALB-PET-0004528,2022,PET,1823.75,218.85,1823.75,0.00,,,0.00,2026-12-31
ALB-PET-0004529,2019,PET,580.86,69.7032,580.86,0.00,,,0.00,2026-12-31
ALB-PET-0004542,2021,PET,2022.47,242.69639999999998,2022.47,0.00,,,0.00,2026-12-31
ALB-PET-0004547,2019,PET,3212.6,385.512,3212.60,0.00,,,0.00,2026-12-31
ALB-PET-0004568,2018,PET,1101.5,132.18,1101.50,0.00,,,0.00,2026-12-31
ALB-PET-0004579,2022,PET,964.56,115.74719999999999,964.56,0.00,,,0.00,2026-12-31
ALB-PET-0004585,2021,PET,1802.03,216.2436,1802.03,0.00,,,0.00,2026-12-31
ALB-PET-0004591,2021,PET,3747.22,449.66639999999995,3747.22,0.00,,,0.00,2026-12-31
ALB-PET-0004610,2019,PET,902.66,108.3192,902.66,0.00,,,0.00,2026-12-31
ALB-PET-0004618,2020,PET,2591.07,310.9284,2591.07,0.00,,,0.00,2026-12-31
ALB-PET-0004622,2026,PET,3286.29,394.35479999999995,547.72,2738.58,,,0.00,2026-12-31
ALB-PET-0004649,2018,PET,2428.73,291.44759999999997,2428.73,0.00,,,0.00,2026-12-31
ALB-PET-0004667,2021,PET,1655.05,198.606,1655.05,0.00,,,0.00,2026-12-31
ALB-PET-0004672,2026,PET,4195.59,503.4708,3845.96,349.63,,,0.00,2026-12-31
ALB-PET-0004681,2025,PET,3014.54,361.7448,3014.54,0.00,,,0.00,2026-12-31
ALB-PET-0004689,2024,PET,1615.31,193.8372,1615.31,0.00,,,0.00,2026-12-31
ALB-PET-0004707,2021,PET,791.7,95.004,791.70,0.00,,,0.00,2026-12-31
ALB-PET-0004715,2018,PET,357.96,42.9552,357.96,0.00,,,0.00,2026-12-31
ALB-PET-0004732,2018,PET,3567.88,428.1456,3567.88,0.00,,,0.00,2026-12-31
ALB-PET-0004745,2020,PET,209.36,25.1232,209.36,0.00,,,0.00,2026-12-31
ALB-PET-0004747,2021,PET,1327.09,159.2508,1327.09,0.00,,,0.00,2026-12-31
ALB-PET-0004777,2025,PET,1082.93,129.9516,1082.93,0.00,,,0.00,2026-12-31
ALB-PET-0004782,2020,PET,1277.16,153.2592,1277.16,0.00,,,0.00,2026-12-31
ALB-PET-0004807,2023,PET,1600.74,192.0888,1600.74,0.00,,,0.00,2026-12-31
ALB-PET-0004817,2020,PET,236.74,28.4088,236.74,0.00,,,0.00,2026-12-31
ALB-PET-0004818,2026,PET,777.97,93.3564,388.98,388.99,,,0.00,2026-12-31
ALB-PET-0004849,2020,PET,352.0,42.239999999999995,352.00,0.00,,,0.00,2026-12-31
ALB-PET-0004850,2019,PET,706.74,84.80879999999999,706.74,0.00,,,0.00,2026-12-31
ALB-PET-0004854,2019,PET,3774.64,452.9568,3774.64,0.00,,,0.00,2026-12-31
ALB-PET-0004855,2023,PET,3945.43,473.4516,3945.43,0.00,,,0.00,2026-12-31
ALB-PET-0004863,2023,PET,2522.26,302.6712,2522.26,0.00,,,0.00,2026-12-31
ALB-PET-0004869,2018,PET,2168.88,260.2656,2168.88,0.00,,,0.00,2026-12-31
ALB-PET-0004879,2020,PET,1362.29,163.4748,1362.29,0.00,,,0.00,2026-12-31
ALB-PET-0004884,2023,PET,1722.47,206.69639999999998,1722.47,0.00,,,0.00,2026-12-31
ALB-PET-0004910,2020,PET,4137.83,496.53959999999995,4137.83,0.00,,,0.00,2026-12-31
ALB-PET-0004927,2024,PET,197.23,23.667599999999997,197.23,0.00,,,0.00,2026-12-31
ALB-PET-0004932,2024,PET,3582.85,429.94199999999995,3582.85,0.00,,,0.00,2026-12-31
ALB-PET-0004936,2021,PET,852.03,102.24359999999999,852.03,0.00,,,0.00,2026-12-31
ALB-PET-0004946,2025,PET,2126.49,255.17879999999997,2126.49,0.00,,,0.00,2026-12-31
ALB-PET-0004949,2026,PET,4145.67,497.4804,1381.89,2763.78,,,0.00,2026-12-31
ALB-PET-0004952,2018,PET,793.36,95.2032,793.36,0.00,,,0.00,2026-12-31
ALB-PET-0004964,2021,PET,2954.1,354.49199999999996,2954.10,0.00,,,0.00,2026-12-31
ALB-PET-0004972,2021,PET,2093.6,251.23199999999997,2093.60,0.00,,,0.00,2026-12-31
ALB-PET-0004985,2026,PET,3487.66,418.51919999999996,1743.83,1743.83,,,0.00,2026-12-31
ALB-PET-0004992,2022,PET,2306.7,276.804,2306.70,0.00,,,0.00,2026-12-31
ALB-PET-0005021,2024,PET,1850.24,222.0288,1850.24,0.00,,,0.00,2026-12-31
ALB-PET-0005036,2018,PET,843.39,101.2068,843.39,0.00,,,0.00,2026-12-31
ALB-PET-0005050,2019,PET,2145.39,257.4468,2145.39,0.00,,,0.00,2026-12-31
ALB-PET-0005071,2020,PET,3879.85,465.582,3879.85,0.00,,,0.00,2026-12-31
ALB-PET-0005075,2023,PET,2949.57,353.9484,2949.57,0.00,,,0.00,2026-12-31
ALB-PET-0005084,2025,PET,2877.74,345.32879999999994,2877.74,0.00,,,0.00,2026-12-31
ALB-PET-0005089,2022,PET,2896.91,347.62919999999997,2896.91,0.00,,,0.00,2026-12-31
ALB-PET-0005093,2026,PET,664.65,79.758,609.26,55.39,,,0.00,2026-12-31
ALB-PET-0005103,2025,PET,2196.37,263.5644,2196.37,0.00,,,0.00,2026-12-31
ALB-PET-0005126,2020,PET,1929.14,231.4968,1929.14,0.00,,,0.00,2026-12-31
ALB-PET-0005127,2020,PET,2332.15,279.858,2332.15,0.00,,,0.00,2026-12-31
ALB-PET-0005129,2019,PET,1691.67,203.0004,1691.67,0.00,,,0.00,2026-12-31
ALB-PET-0005172,2021,PET,698.02,83.7624,698.02,0.00,,,0.00,2026-12-31
ALB-TRV-0000010,2025,TRV,3734.1,448.092,3734.10,0.00,,,0.00,2026-12-31
ALB-TRV-0000017,2025,TRV,1750.58,210.06959999999998,1750.58,0.00,,,0.00,2026-12-31
ALB-TRV-0000020,2019,TRV,1692.76,203.13119999999998,1692.76,0.00,,,0.00,2026-12-31
ALB-TRV-0000040,2023,TRV,1427.83,171.3396,1427.83,0.00,,,0.00,2026-12-31
ALB-TRV-0000043,2021,TRV,3390.48,406.8576,3390.48,0.00,,,0.00,2026-12-31
ALB-TRV-0000068,2024,TRV,2867.38,344.0856,2867.38,0.00,,,0.00,2026-12-31
ALB-TRV-0000088,2021,TRV,3388.82,406.65840000000003,3388.82,0.00,,,0.00,2026-12-31
ALB-TRV-0000091,2025,TRV,3992.69,479.1228,3992.69,0.00,,,0.00,2026-12-31
ALB-TRV-0000094,2019,TRV,4098.12,491.77439999999996,4098.12,0.00,,,0.00,2026-12-31
ALB-TRV-0000098,2020,TRV,532.19,63.86280000000001,532.19,0.00,,,0.00,2026-12-31
ALB-TRV-0000111,2023,TRV,1614.49,193.7388,1614.49,0.00,,,0.00,2026-12-31
ALB-TRV-0000123,2022,TRV,1402.61,168.3132,1402.61,0.00,,,0.00,2026-12-31
ALB-TRV-0000130,2024,TRV,3414.48,409.7376,3414.48,0.00,,,0.00,2026-12-31
ALB-TRV-0000152,2024,TRV,1259.81,151.1772,1259.81,0.00,,,0.00,2026-12-31
ALB-TRV-0000153,2018,TRV,4122.55,494.706,4122.55,0.00,,,0.00,2026-12-31
ALB-TRV-0000162,2021,TRV,3735.35,448.24199999999996,3735.35,0.00,,,0.00,2026-12-31
ALB-TRV-0000180,2025,TRV,1663.88,199.6656,1663.88,0.00,,,0.00,2026-12-31
ALB-TRV-0000184,2022,TRV,1089.83,130.7796,1089.83,0.00,,,0.00,2026-12-31
ALB-TRV-0000187,2019,TRV,978.98,117.4776,978.98,0.00,,,0.00,2026-12-31
ALB-TRV-0000188,2023,TRV,3091.34,370.9608,3091.34,0.00,,,0.00,2026-12-31
ALB-TRV-0000217,2018,TRV,3823.36,458.8032,3823.36,0.00,,,0.00,2026-12-31
ALB-TRV-0000221,2023,TRV,3572.03,428.6436,3572.03,0.00,,,0.00,2026-12-31
ALB-TRV-0000242,2025,TRV,1129.97,135.5964,1129.97,0.00,,,0.00,2026-12-31
ALB-TRV-0000243,2020,TRV,561.73,67.4076,561.73,0.00,,,0.00,2026-12-31
ALB-TRV-0000271,2023,TRV,3734.72,448.16639999999995,3734.72,0.00,,,0.00,2026-12-31
ALB-TRV-0000275,2023,TRV,340.75,40.89,340.75,0.00,,,0.00,2026-12-31
ALB-TRV-0000299,2026,TRV,1030.13,123.61560000000001,515.07,515.07,,,0.00,2026-12-31
ALB-TRV-0000318,2021,TRV,3423.82,410.8584,3423.82,0.00,,,0.00,2026-12-31
ALB-TRV-0000328,2025,TRV,1692.12,203.0544,1692.12,0.00,,,0.00,2026-12-31
ALB-TRV-0000332,2018,TRV,288.16,34.5792,288.16,0.00,,,0.00,2026-12-31
ALB-TRV-0000337,2021,TRV,3793.5,455.21999999999997,3793.50,0.00,,,0.00,2026-12-31
ALB-TRV-0000356,2024,TRV,3591.35,430.962,3591.35,0.00,,,0.00,2026-12-31
ALB-TRV-0000363,2023,TRV,2666.96,320.0352,2666.96,0.00,,,0.00,2026-12-31
ALB-TRV-0000367,2026,TRV,965.42,115.8504,965.42,0.00,,,0.00,2026-12-31
ALB-TRV-0000372,2018,TRV,373.25,44.79,373.25,0.00,,,0.00,2026-12-31
ALB-TRV-0000398,2026,TRV,936.87,112.42439999999999,702.65,234.22,,,0.00,2026-12-31
ALB-TRV-0000400,2022,TRV,829.8,99.576,829.80,0.00,,,0.00,2026-12-31
ALB-TRV-0000407,2023,TRV,3748.03,449.7636,3748.03,0.00,,,0.00,2026-12-31
ALB-TRV-0000414,2018,TRV,2763.64,331.6368,2763.64,0.00,,,0.00,2026-12-31
ALB-TRV-0000423,2022,TRV,1223.83,146.85959999999997,1223.83,0.00,,,0.00,2026-12-31
ALB-TRV-0000433,2022,TRV,1012.76,121.5312,1012.76,0.00,,,0.00,2026-12-31
ALB-TRV-0000443,2023,TRV,3906.53,468.7836,3906.53,0.00,,,0.00,2026-12-31
ALB-TRV-0000457,2024,TRV,2396.2,287.544,2396.20,0.00,,,0.00,2026-12-31
ALB-TRV-0000467,2020,TRV,414.03,49.6836,414.03,0.00,,,0.00,2026-12-31
ALB-TRV-0000472,2023,TRV,2105.03,252.60360000000003,2105.03,0.00,,,0.00,2026-12-31
ALB-TRV-0000486,2022,TRV,196.7,23.604,196.70,0.00,,,0.00,2026-12-31
ALB-TRV-0000489,2024,TRV,3318.58,398.2296,3318.58,0.00,,,0.00,2026-12-31
ALB-TRV-0000490,2026,TRV,513.43,61.61159999999999,256.71,256.71,,,0.00,2026-12-31
ALB-TRV-0000509,2020,TRV,2353.95,282.474,2353.95,0.00,,,0.00,2026-12-31
ALB-TRV-0000519,2019,TRV,2322.45,278.69399999999996,2322.45,0.00,,,0.00,2026-12-31
ALB-TRV-0000531,2018,TRV,1091.85,131.022,1091.85,0.00,,,0.00,2026-12-31
ALB-TRV-0000534,2024,TRV,3519.65,422.358,3519.65,0.00,,,0.00,2026-12-31
ALB-TRV-0000536,2026,TRV,1541.82,185.01839999999999,128.48,1413.34,,,0.00,2026-12-31
ALB-TRV-0000544,2019,TRV,460.08,55.209599999999995,460.08,0.00,,,0.00,2026-12-31
ALB-TRV-0000577,2021,TRV,3095.33,371.4396,3095.33,0.00,,,0.00,2026-12-31
ALB-TRV-0000580,2025,TRV,801.55,96.18599999999999,801.55,0.00,,,0.00,2026-12-31
ALB-TRV-0000588,2024,TRV,3431.57,411.7884,3431.57,0.00,,,0.00,2026-12-31
ALB-TRV-0000589,2020,TRV,3357.99,402.95879999999994,3357.99,0.00,,,0.00,2026-12-31
ALB-TRV-0000599,2023,TRV,2036.52,244.3824,2036.52,0.00,,,0.00,2026-12-31
ALB-TRV-0000612,2019,TRV,3142.83,377.1396,3142.83,0.00,,,0.00,2026-12-31
ALB-TRV-0000630,2021,TRV,1961.38,235.3656,1961.38,0.00,,,0.00,2026-12-31
ALB-TRV-0000654,2018,TRV,947.02,113.6424,947.02,0.00,,,0.00,2026-12-31
ALB-TRV-0000660,2024,TRV,3428.57,411.4284,3428.57,0.00,,,0.00,2026-12-31
ALB-TRV-0000672,2023,TRV,2921.58,350.58959999999996,2921.58,0.00,,,0.00,2026-12-31
ALB-TRV-0000683,2024,TRV,3123.15,374.778,3123.15,0.00,,,0.00,2026-12-31
ALB-TRV-0000688,2019,TRV,3660.87,439.3044,3660.87,0.00,,,0.00,2026-12-31
ALB-TRV-0000689,2019,TRV,3901.11,468.1332,3901.11,0.00,,,0.00,2026-12-31
ALB-TRV-0000690,2024,TRV,386.36,46.3632,386.36,0.00,,,0.00,2026-12-31
ALB-TRV-0000736,2019,TRV,3892.96,467.1552,3892.96,0.00,,,0.00,2026-12-31
ALB-TRV-0000741,2026,TRV,3695.07,443.40840000000003,2771.30,923.77,,,0.00,2026-12-31
ALB-TRV-0000751,2020,TRV,1021.14,122.5368,1021.14,0.00,,,0.00,2026-12-31
ALB-TRV-0000758,2021,TRV,4117.55,494.106,4117.55,0.00,,,0.00,2026-12-31
ALB-TRV-0000779,2022,TRV,2862.17,343.4604,2862.17,0.00,,,0.00,2026-12-31
ALB-TRV-0000794,2023,TRV,2957.03,354.84360000000004,2957.03,0.00,,,0.00,2026-12-31
ALB-TRV-0000808,2026,TRV,3576.1,429.13199999999995,2682.08,894.03,,,0.00,2026-12-31
ALB-TRV-0000819,2021,TRV,839.03,100.6836,839.03,0.00,,,0.00,2026-12-31
ALB-TRV-0000822,2021,TRV,2995.08,359.40959999999995,2995.08,0.00,,,0.00,2026-12-31
ALB-TRV-0000827,2022,TRV,2695.93,323.5116,2695.93,0.00,,,0.00,2026-12-31
ALB-TRV-0000832,2023,TRV,2962.76,355.5312,2962.76,0.00,,,0.00,2026-12-31
ALB-TRV-0000842,2019,TRV,2459.63,295.1556,2459.63,0.00,,,0.00,2026-12-31
ALB-TRV-0000848,2025,TRV,2785.42,334.2504,2785.42,0.00,,,0.00,2026-12-31
ALB-TRV-0000868,2024,TRV,2477.13,297.2556,2477.13,0.00,,,0.00,2026-12-31
ALB-TRV-0000890,2018,TRV,4039.46,484.73519999999996,4039.46,0.00,,,0.00,2026-12-31
ALB-TRV-0000903,2019,TRV,3718.61,446.2332,3718.61,0.00,,,0.00,2026-12-31
ALB-TRV-0000908,2018,TRV,2864.71,343.7652,2864.71,0.00,,,0.00,2026-12-31
ALB-TRV-0000912,2024,TRV,2352.1,282.25199999999995,2352.10,0.00,,,0.00,2026-12-31
ALB-TRV-0000917,2025,TRV,2732.47,327.89639999999997,2732.47,0.00,,,0.00,2026-12-31
ALB-TRV-0000925,2018,TRV,2938.64,352.6368,2938.64,0.00,,,0.00,2026-12-31
ALB-TRV-0000932,2026,TRV,194.14,23.296799999999998,48.54,145.60,,,0.00,2026-12-31
ALB-TRV-0000935,2019,TRV,2616.27,313.9524,2616.27,0.00,,,0.00,2026-12-31
ALB-TRV-0000936,2025,TRV,1942.88,233.1456,1942.88,0.00,,,0.00,2026-12-31
ALB-TRV-0000952,2020,TRV,757.13,90.8556,757.13,0.00,,,0.00,2026-12-31
ALB-TRV-0000956,2019,TRV,1179.61,141.55319999999998,1179.61,0.00,,,0.00,2026-12-31
ALB-TRV-0000969,2023,TRV,663.23,79.5876,663.23,0.00,,,0.00,2026-12-31
ALB-TRV-0000973,2024,TRV,452.69,54.3228,452.69,0.00,,,0.00,2026-12-31
ALB-TRV-0000996,2023,TRV,890.89,106.90679999999999,890.89,0.00,,,0.00,2026-12-31
ALB-TRV-0001012,2022,TRV,3450.39,414.04679999999996,3450.39,0.00,,,0.00,2026-12-31
ALB-TRV-0001019,2018,TRV,1896.16,227.5392,1896.16,0.00,,,0.00,2026-12-31
ALB-TRV-0001040,2019,TRV,3581.36,429.7632,3581.36,0.00,,,0.00,2026-12-31
ALB-TRV-0001044,2023,TRV,3870.34,464.4408,3870.34,0.00,,,0.00,2026-12-31
ALB-TRV-0001061,2018,TRV,3967.3,476.076,3967.30,0.00,,,0.00,2026-12-31
ALB-TRV-0001073,2020,TRV,3866.26,463.95120000000003,3866.26,0.00,,,0.00,2026-12-31
ALB-TRV-0001075,2025,TRV,3001.71,360.2052,3001.71,0.00,,,0.00,2026-12-31
ALB-TRV-0001078,2021,TRV,2104.58,252.54959999999997,2104.58,0.00,,,0.00,2026-12-31
ALB-TRV-0001085,2019,TRV,2870.31,344.43719999999996,2870.31,0.00,,,0.00,2026-12-31
ALB-TRV-0001096,2021,TRV,939.26,112.71119999999999,939.26,0.00,,,0.00,2026-12-31
ALB-TRV-0001107,2025,TRV,931.38,111.76559999999999,931.38,0.00,,,0.00,2026-12-31
ALB-TRV-0001147,2023,TRV,1002.3,120.276,1002.30,0.00,,,0.00,2026-12-31
ALB-TRV-0001149,2022,TRV,3154.12,378.4944,3154.12,0.00,,,0.00,2026-12-31
ALB-TRV-0001150,2020,TRV,3318.69,398.2428,3318.69,0.00,,,0.00,2026-12-31
ALB-TRV-0001160,2022,TRV,2980.13,357.6156,2980.13,0.00,,,0.00,2026-12-31
ALB-TRV-0001163,2024,TRV,1808.99,217.0788,1808.99,0.00,,,0.00,2026-12-31
ALB-TRV-0001173,2026,TRV,1065.57,127.8684,976.77,88.80,,,0.00,2026-12-31
ALB-TRV-0001174,2019,TRV,2656.04,318.72479999999996,2656.04,0.00,,,0.00,2026-12-31
ALB-TRV-0001177,2024,TRV,3162.17,379.4604,3162.17,0.00,,,0.00,2026-12-31
ALB-TRV-0001192,2021,TRV,1093.25,131.19,1093.25,0.00,,,0.00,2026-12-31
ALB-TRV-0001210,2020,TRV,4021.52,482.5824,4021.52,0.00,,,0.00,2026-12-31
ALB-TRV-0001218,2020,TRV,2671.73,320.6076,2671.73,0.00,,,0.00,2026-12-31
ALB-TRV-0001223,2021,TRV,2633.21,315.9852,2633.21,0.00,,,0.00,2026-12-31
ALB-TRV-0001229,2024,TRV,2699.59,323.9508,2699.59,0.00,,,0.00,2026-12-31
ALB-TRV-0001246,2024,TRV,3618.55,434.226,3618.55,0.00,,,0.00,2026-12-31
ALB-TRV-0001258,2024,TRV,3256.95,390.83399999999995,3256.95,0.00,,,0.00,2026-12-31
ALB-TRV-0001261,2023,TRV,3301.01,396.1212,3301.01,0.00,,,0.00,2026-12-31
ALB-TRV-0001264,2024,TRV,3999.72,479.96639999999996,3999.72,0.00,,,0.00,2026-12-31
ALB-TRV-0001270,2020,TRV,443.82,53.258399999999995,443.82,0.00,,,0.00,2026-12-31
ALB-TRV-0001289,2019,TRV,2188.28,262.59360000000004,2188.28,0.00,,,0.00,2026-12-31
ALB-TRV-0001291,2019,TRV,343.7,41.244,343.70,0.00,,,0.00,2026-12-31
ALB-TRV-0001295,2020,TRV,1226.15,147.138,1226.15,0.00,,,0.00,2026-12-31
ALB-TRV-0001301,2025,TRV,316.25,37.949999999999996,316.25,0.00,,,0.00,2026-12-31
ALB-TRV-0001311,2019,TRV,1697.32,203.67839999999998,1697.32,0.00,,,0.00,2026-12-31
ALB-TRV-0001318,2023,TRV,3843.2,461.18399999999997,3843.20,0.00,,,0.00,2026-12-31
ALB-TRV-0001322,2020,TRV,2544.26,305.31120000000004,2544.26,0.00,,,0.00,2026-12-31
ALB-TRV-0001327,2025,TRV,1186.07,142.3284,1186.07,0.00,,,0.00,2026-12-31
ALB-TRV-0001345,2019,TRV,2386.05,286.326,2386.05,0.00,,,0.00,2026-12-31
ALB-TRV-0001351,2025,TRV,1978.66,237.4392,1978.66,0.00,,,0.00,2026-12-31
ALB-TRV-0001353,2025,TRV,418.03,50.163599999999995,418.03,0.00,,,0.00,2026-12-31
ALB-TRV-0001367,2018,TRV,2719.34,326.3208,2719.34,0.00,,,0.00,2026-12-31
ALB-TRV-0001373,2024,TRV,2874.72,344.96639999999996,2874.72,0.00,,,0.00,2026-12-31
ALB-TRV-0001374,2022,TRV,3854.42,462.5304,3854.42,0.00,,,0.00,2026-12-31
ALB-TRV-0001379,2019,TRV,3064.39,367.72679999999997,3064.39,0.00,,,0.00,2026-12-31
ALB-TRV-0001446,2024,TRV,1272.78,152.7336,1272.78,0.00,,,0.00,2026-12-31
ALB-TRV-0001447,2022,TRV,2021.26,242.5512,2021.26,0.00,,,0.00,2026-12-31
ALB-TRV-0001460,2020,TRV,2655.46,318.6552,2655.46,0.00,,,0.00,2026-12-31
ALB-TRV-0001488,2022,TRV,2113.98,253.67759999999998,2113.98,0.00,,,0.00,2026-12-31
ALB-TRV-0001489,2020,TRV,3934.76,472.1712,3934.76,0.00,,,0.00,2026-12-31
ALB-TRV-0001506,2024,TRV,894.5,107.33999999999999,894.50,0.00,,,0.00,2026-12-31
ALB-TRV-0001510,2020,TRV,1092.51,131.1012,1092.51,0.00,,,0.00,2026-12-31
ALB-TRV-0001511,2026,TRV,707.1,84.852,589.25,117.85,,,0.00,2026-12-31
ALB-TRV-0001518,2022,TRV,958.98,115.0776,958.98,0.00,,,0.00,2026-12-31
ALB-TRV-0001531,2019,TRV,3102.47,372.29639999999995,3102.47,0.00,,,0.00,2026-12-31
ALB-TRV-0001539,2018,TRV,349.74,41.9688,349.74,0.00,,,0.00,2026-12-31
ALB-TRV-0001550,2020,TRV,3733.2,447.984,3733.20,0.00,,,0.00,2026-12-31
ALB-TRV-0001562,2025,TRV,2734.88,328.1856,2734.88,0.00,,,0.00,2026-12-31
ALB-TRV-0001586,2019,TRV,2218.43,266.2116,2218.43,0.00,,,0.00,2026-12-31
ALB-TRV-0001592,2026,TRV,3529.0,423.47999999999996,1176.33,2352.67,,,0.00,2026-12-31
ALB-TRV-0001622,2021,TRV,1899.99,227.9988,1899.99,0.00,,,0.00,2026-12-31
ALB-TRV-0001628,2022,TRV,3162.79,379.53479999999996,3162.79,0.00,,,0.00,2026-12-31
ALB-TRV-0001630,2022,TRV,1381.62,165.79439999999997,1381.62,0.00,,,0.00,2026-12-31
ALB-TRV-0001643,2023,TRV,1819.58,218.34959999999998,1819.58,0.00,,,0.00,2026-12-31
ALB-TRV-0001655,2018,TRV,1590.05,190.80599999999998,1590.05,0.00,,,0.00,2026-12-31
ALB-TRV-0001672,2025,TRV,971.7,116.604,971.70,0.00,,,0.00,2026-12-31
ALB-TRV-0001673,2019,TRV,2963.3,355.596,2963.30,0.00,,,0.00,2026-12-31
ALB-TRV-0001675,2022,TRV,2928.47,351.41639999999995,2928.47,0.00,,,0.00,2026-12-31
ALB-TRV-0001706,2019,TRV,3236.04,388.3248,3236.04,0.00,,,0.00,2026-12-31
ALB-TRV-0001710,2022,TRV,2851.56,342.18719999999996,2851.56,0.00,,,0.00,2026-12-31
ALB-TRV-0001758,2025,TRV,1205.7,144.684,1205.70,0.00,,,0.00,2026-12-31
ALB-TRV-0001763,2023,TRV,956.95,114.834,956.95,0.00,,,0.00,2026-12-31
ALB-TRV-0001784,2018,TRV,1933.36,232.0032,1933.36,0.00,,,0.00,2026-12-31
ALB-TRV-0001793,2026,TRV,697.4,83.68799999999999,523.05,174.35,,,0.00,2026-12-31
ALB-TRV-0001794,2026,TRV,3585.75,430.28999999999996,298.81,3286.94,,,0.00,2026-12-31
ALB-TRV-0001804,2023,TRV,1215.88,145.90560000000002,1215.88,0.00,,,0.00,2026-12-31
ALB-TRV-0001815,2023,TRV,817.88,98.1456,817.88,0.00,,,0.00,2026-12-31
ALB-TRV-0001819,2019,TRV,1750.02,210.0024,1750.02,0.00,,,0.00,2026-12-31
ALB-TRV-0001831,2020,TRV,2517.86,302.1432,2517.86,0.00,,,0.00,2026-12-31
ALB-TRV-0001836,2021,TRV,3867.57,464.1084,3867.57,0.00,,,0.00,2026-12-31
ALB-TRV-0001837,2018,TRV,449.79,53.9748,449.79,0.00,,,0.00,2026-12-31
ALB-TRV-0001850,2019,TRV,557.55,66.90599999999999,557.55,0.00,,,0.00,2026-12-31
ALB-TRV-0001851,2022,TRV,771.87,92.6244,771.87,0.00,,,0.00,2026-12-31
ALB-TRV-0001862,2020,TRV,1773.9,212.868,1773.90,0.00,,,0.00,2026-12-31
ALB-TRV-0001900,2021,TRV,3289.65,394.758,3289.65,0.00,,,0.00,2026-12-31
ALB-TRV-0001909,2019,TRV,1051.03,126.1236,1051.03,0.00,,,0.00,2026-12-31
ALB-TRV-0001921,2024,TRV,3240.15,388.818,3240.15,0.00,,,0.00,2026-12-31
ALB-TRV-0001926,2024,TRV,402.0,48.239999999999995,402.00,0.00,,,0.00,2026-12-31
ALB-TRV-0001930,2026,TRV,2522.86,302.7432,2312.62,210.24,,,0.00,2026-12-31
ALB-TRV-0001933,2022,TRV,2219.16,266.2992,2219.16,0.00,,,0.00,2026-12-31
ALB-TRV-0001939,2026,TRV,829.31,99.51719999999999,345.55,483.76,,,0.00,2026-12-31
ALB-TRV-0001942,2023,TRV,1713.92,205.6704,1713.92,0.00,,,0.00,2026-12-31
ALB-TRV-0001944,2021,TRV,3662.62,439.51439999999997,3662.62,0.00,,,0.00,2026-12-31
ALB-TRV-0001958,2019,TRV,326.41,39.169200000000004,326.41,0.00,,,0.00,2026-12-31
ALB-TRV-0001965,2019,TRV,1675.85,201.10199999999998,1675.85,0.00,,,0.00,2026-12-31
ALB-TRV-0001974,2019,TRV,1174.68,140.9616,1174.68,0.00,,,0.00,2026-12-31
ALB-TRV-0001984,2024,TRV,1112.08,133.44959999999998,1112.08,0.00,,,0.00,2026-12-31
ALB-TRV-0001986,2018,TRV,610.44,73.25280000000001,610.44,0.00,,,0.00,2026-12-31
ALB-TRV-0002013,2022,TRV,2841.75,341.01,2841.75,0.00,,,0.00,2026-12-31
ALB-TRV-0002015,2018,TRV,2240.08,268.8096,2240.08,0.00,,,0.00,2026-12-31
ALB-TRV-0002016,2020,TRV,791.03,94.9236,791.03,0.00,,,0.00,2026-12-31
ALB-TRV-0002017,2020,TRV,1964.55,235.74599999999998,1964.55,0.00,,,0.00,2026-12-31
ALB-TRV-0002024,2024,TRV,1746.93,209.6316,1746.93,0.00,,,0.00,2026-12-31
ALB-TRV-0002032,2026,TRV,4018.26,482.1912,2343.99,1674.28,,,0.00,2026-12-31
ALB-TRV-0002037,2020,TRV,2328.66,279.43919999999997,2328.66,0.00,,,0.00,2026-12-31
ALB-TRV-0002040,2018,TRV,3335.0,400.2,3335.00,0.00,,,0.00,2026-12-31
ALB-TRV-0002049,2025,TRV,3976.54,477.1848,3976.54,0.00,,,0.00,2026-12-31
ALB-TRV-0002084,2021,TRV,2634.93,316.1916,2634.93,0.00,,,0.00,2026-12-31
ALB-TRV-0002088,2026,TRV,2332.66,279.9192,583.17,1749.50,,,0.00,2026-12-31
ALB-TRV-0002091,2021,TRV,1726.7,207.204,1726.70,0.00,,,0.00,2026-12-31
ALB-TRV-0002093,2020,TRV,2970.07,356.40840000000003,2970.07,0.00,,,0.00,2026-12-31
ALB-TRV-0002104,2018,TRV,2573.33,308.7996,2573.33,0.00,,,0.00,2026-12-31
ALB-TRV-0002117,2026,TRV,1196.81,143.6172,797.87,398.94,,,0.00,2026-12-31
ALB-TRV-0002128,2019,TRV,4125.44,495.05279999999993,4125.44,0.00,,,0.00,2026-12-31
ALB-TRV-0002138,2023,TRV,2998.58,359.82959999999997,2998.58,0.00,,,0.00,2026-12-31
ALB-TRV-0002147,2022,TRV,2304.64,276.55679999999995,2304.64,0.00,,,0.00,2026-12-31
ALB-TRV-0002149,2019,TRV,1520.87,182.50439999999998,1520.87,0.00,,,0.00,2026-12-31
ALB-TRV-0002154,2025,TRV,4004.94,480.5928,4004.94,0.00,,,0.00,2026-12-31
ALB-TRV-0002155,2025,TRV,759.82,91.1784,759.82,0.00,,,0.00,2026-12-31
ALB-TRV-0002156,2021,TRV,270.01,32.401199999999996,270.01,0.00,,,0.00,2026-12-31
ALB-TRV-0002179,2022,TRV,884.4,106.128,884.40,0.00,,,0.00,2026-12-31
ALB-TRV-0002213,2026,TRV,1557.3,186.87599999999998,1557.30,0.00,,,0.00,2026-12-31
ALB-TRV-0002223,2025,TRV,2680.09,321.6108,2680.09,0.00,,,0.00,2026-12-31
ALB-TRV-0002224,2023,TRV,3297.95,395.75399999999996,3297.95,0.00,,,0.00,2026-12-31
ALB-TRV-0002237,2024,TRV,2460.91,295.3092,2460.91,0.00,,,0.00,2026-12-31
ALB-TRV-0002265,2026,TRV,318.2,38.184,291.68,26.52,,,0.00,2026-12-31
ALB-TRV-0002267,2020,TRV,319.9,38.388,319.90,0.00,,,0.00,2026-12-31
ALB-TRV-0002277,2018,TRV,2145.06,257.4072,2145.06,0.00,,,0.00,2026-12-31
ALB-TRV-0002280,2022,TRV,1915.8,229.896,1915.80,0.00,,,0.00,2026-12-31
ALB-TRV-0002291,2019,TRV,2875.27,345.0324,2875.27,0.00,,,0.00,2026-12-31
ALB-TRV-0002295,2022,TRV,1524.12,182.8944,1524.12,0.00,,,0.00,2026-12-31
ALB-TRV-0002317,2018,TRV,3814.2,457.70399999999995,3814.20,0.00,,,0.00,2026-12-31
ALB-TRV-0002338,2018,TRV,1420.2,170.424,1420.20,0.00,,,0.00,2026-12-31
ALB-TRV-0002343,2022,TRV,1082.01,129.8412,1082.01,0.00,,,0.00,2026-12-31
ALB-TRV-0002346,2020,TRV,3632.8,435.936,3632.80,0.00,,,0.00,2026-12-31
ALB-TRV-0002359,2025,TRV,2268.93,272.2716,2268.93,0.00,,,0.00,2026-12-31
ALB-TRV-0002362,2021,TRV,2053.69,246.4428,2053.69,0.00,,,0.00,2026-12-31
ALB-TRV-0002379,2023,TRV,1800.49,216.0588,1800.49,0.00,,,0.00,2026-12-31
ALB-TRV-0002381,2024,TRV,4062.84,487.5408,4062.84,0.00,,,0.00,2026-12-31
ALB-TRV-0002387,2025,TRV,483.04,57.9648,483.04,0.00,,,0.00,2026-12-31
ALB-TRV-0002390,2021,TRV,3834.31,460.11719999999997,3834.31,0.00,,,0.00,2026-12-31
ALB-TRV-0002414,2019,TRV,1555.9,186.708,1555.90,0.00,,,0.00,2026-12-31
ALB-TRV-0002418,2022,TRV,956.29,114.75479999999999,956.29,0.00,,,0.00,2026-12-31
ALB-TRV-0002419,2020,TRV,3813.07,457.5684,3813.07,0.00,,,0.00,2026-12-31
ALB-TRV-0002439,2018,TRV,1651.97,198.2364,1651.97,0.00,,,0.00,2026-12-31
ALB-TRV-0002441,2025,TRV,1692.64,203.1168,1692.64,0.00,,,0.00,2026-12-31
ALB-TRV-0002446,2020,TRV,1934.91,232.1892,1934.91,0.00,,,0.00,2026-12-31
ALB-TRV-0002463,2022,TRV,2952.45,354.294,2952.45,0.00,,,0.00,2026-12-31
ALB-TRV-0002481,2025,TRV,2534.46,304.1352,2534.46,0.00,,,0.00,2026-12-31
ALB-TRV-0002490,2018,TRV,1710.55,205.266,1710.55,0.00,,,0.00,2026-12-31
ALB-TRV-0002499,2019,TRV,2843.4,341.20799999999997,2843.40,0.00,,,0.00,2026-12-31
ALB-TRV-0002500,2020,TRV,2814.55,337.74600000000004,2814.55,0.00,,,0.00,2026-12-31
ALB-TRV-0002514,2025,TRV,3877.67,465.3204,3877.67,0.00,,,0.00,2026-12-31
ALB-TRV-0002516,2020,TRV,3122.73,374.7276,3122.73,0.00,,,0.00,2026-12-31
ALB-TRV-0002519,2026,TRV,2909.27,349.1124,1454.64,1454.64,,,0.00,2026-12-31
ALB-TRV-0002523,2021,TRV,1267.03,152.0436,1267.03,0.00,,,0.00,2026-12-31
ALB-TRV-0002527,2026,TRV,1615.72,193.8864,403.93,1211.79,,,0.00,2026-12-31
ALB-TRV-0002532,2023,TRV,313.37,37.6044,313.37,0.00,,,0.00,2026-12-31
ALB-TRV-0002533,2022,TRV,742.61,89.11319999999999,742.61,0.00,,,0.00,2026-12-31
ALB-TRV-0002558,2022,TRV,2050.79,246.0948,2050.79,0.00,,,0.00,2026-12-31
ALB-TRV-0002561,2026,TRV,2266.25,271.95,944.27,1321.98,,,0.00,2026-12-31
ALB-TRV-0002576,2019,TRV,392.51,47.1012,392.51,0.00,,,0.00,2026-12-31
ALB-TRV-0002577,2018,TRV,835.54,100.2648,835.54,0.00,,,0.00,2026-12-31
ALB-TRV-0002587,2023,TRV,3984.5,478.14,3984.50,0.00,,,0.00,2026-12-31
ALB-TRV-0002597,2025,TRV,2175.92,261.1104,2175.92,0.00,,,0.00,2026-12-31
ALB-TRV-0002599,2022,TRV,1405.86,168.70319999999998,1405.86,0.00,,,0.00,2026-12-31
ALB-TRV-0002606,2024,TRV,3970.89,476.50679999999994,3970.89,0.00,,,0.00,2026-12-31
ALB-TRV-0002610,2018,TRV,3753.67,450.4404,3753.67,0.00,,,0.00,2026-12-31
ALB-TRV-0002614,2021,TRV,259.8,31.176000000000002,259.80,0.00,,,0.00,2026-12-31
ALB-TRV-0002615,2018,TRV,831.68,99.8016,831.68,0.00,,,0.00,2026-12-31
ALB-TRV-0002618,2025,TRV,1948.39,233.8068,1948.39,0.00,,,0.00,2026-12-31
ALB-TRV-0002623,2025,TRV,212.57,25.508399999999998,212.57,0.00,,,0.00,2026-12-31
ALB-TRV-0002628,2024,TRV,361.72,43.406400000000005,361.72,0.00,,,0.00,2026-12-31
ALB-TRV-0002629,2019,TRV,2933.83,352.0596,2933.83,0.00,,,0.00,2026-12-31
ALB-TRV-0002635,2026,TRV,283.98,34.077600000000004,141.99,141.99,,,0.00,2026-12-31
ALB-TRV-0002639,2026,TRV,1183.64,142.0368,394.55,789.09,,,0.00,2026-12-31
ALB-TRV-0002661,2019,TRV,2282.18,273.86159999999995,2282.18,0.00,,,0.00,2026-12-31
ALB-TRV-0002666,2020,TRV,1341.45,160.974,1341.45,0.00,,,0.00,2026-12-31
ALB-TRV-0002675,2020,TRV,1166.21,139.9452,1166.21,0.00,,,0.00,2026-12-31
ALB-TRV-0002677,2020,TRV,1446.7,173.60399999999998,1446.70,0.00,,,0.00,2026-12-31
ALB-TRV-0002687,2019,TRV,219.94,26.392799999999998,219.94,0.00,,,0.00,2026-12-31
ALB-TRV-0002689,2021,TRV,3286.75,394.40999999999997,3286.75,0.00,,,0.00,2026-12-31
ALB-TRV-0002706,2020,TRV,1064.92,127.7904,1064.92,0.00,,,0.00,2026-12-31
ALB-TRV-0002717,2018,TRV,3076.05,369.12600000000003,3076.05,0.00,,,0.00,2026-12-31
ALB-TRV-0002720,2018,TRV,2931.38,351.7656,2931.38,0.00,,,0.00,2026-12-31
ALB-TRV-0002730,2025,TRV,2444.0,293.28,2444.00,0.00,,,0.00,2026-12-31
ALB-TRV-0002750,2026,TRV,1842.52,221.1024,1228.35,614.17,,,0.00,2026-12-31
ALB-TRV-0002767,2020,TRV,1977.73,237.3276,1977.73,0.00,,,0.00,2026-12-31
ALB-TRV-0002770,2021,TRV,3221.93,386.6316,3221.93,0.00,,,0.00,2026-12-31
ALB-TRV-0002778,2021,TRV,3896.45,467.57399999999996,3896.45,0.00,,,0.00,2026-12-31
ALB-TRV-0002779,2018,TRV,3913.85,469.662,3913.85,0.00,,,0.00,2026-12-31
ALB-TRV-0002781,2019,TRV,2237.77,268.5324,2237.77,0.00,,,0.00,2026-12-31
ALB-TRV-0002785,2023,TRV,1770.21,212.4252,1770.21,0.00,,,0.00,2026-12-31
ALB-TRV-0002796,2019,TRV,576.1,69.132,576.10,0.00,,,0.00,2026-12-31
ALB-TRV-0002799,2019,TRV,2773.36,332.8032,2773.36,0.00,,,0.00,2026-12-31
ALB-TRV-0002806,2019,TRV,1919.65,230.358,1919.65,0.00,,,0.00,2026-12-31
ALB-TRV-0002814,2020,TRV,2439.42,292.7304,2439.42,0.00,,,0.00,2026-12-31
ALB-TRV-0002817,2020,TRV,3147.23,377.6676,3147.23,0.00,,,0.00,2026-12-31
ALB-TRV-0002829,2022,TRV,3462.59,415.5108,3462.59,0.00,,,0.00,2026-12-31
ALB-TRV-0002841,2020,TRV,1682.04,201.8448,1682.04,0.00,,,0.00,2026-12-31
ALB-TRV-0002842,2023,TRV,4148.85,497.862,4148.85,0.00,,,0.00,2026-12-31
ALB-TRV-0002846,2024,TRV,2165.12,259.8144,2165.12,0.00,,,0.00,2026-12-31
ALB-TRV-0002868,2026,TRV,3022.81,362.7372,2015.21,1007.60,,,0.00,2026-12-31
ALB-TRV-0002873,2021,TRV,3599.59,431.9508,3599.59,0.00,,,0.00,2026-12-31
ALB-TRV-0002879,2024,TRV,2927.25,351.27,2927.25,0.00,,,0.00,2026-12-31
ALB-TRV-0002880,2024,TRV,1359.49,163.1388,1359.49,0.00,,,0.00,2026-12-31
ALB-TRV-0002881,2019,TRV,3761.75,451.40999999999997,3761.75,0.00,,,0.00,2026-12-31
ALB-TRV-0002888,2018,TRV,3805.33,456.6396,3805.33,0.00,,,0.00,2026-12-31
ALB-TRV-0002894,2020,TRV,3922.76,470.7312,3922.76,0.00,,,0.00,2026-12-31
ALB-TRV-0002902,2018,TRV,3774.37,452.9244,3774.37,0.00,,,0.00,2026-12-31
ALB-TRV-0002915,2025,TRV,3646.88,437.6256,3646.88,0.00,,,0.00,2026-12-31
ALB-TRV-0002920,2020,TRV,1923.68,230.8416,1923.68,0.00,,,0.00,2026-12-31
ALB-TRV-0002924,2018,TRV,3899.7,467.96399999999994,3899.70,0.00,,,0.00,2026-12-31
ALB-TRV-0002925,2026,TRV,938.04,112.56479999999999,625.36,312.68,,,0.00,2026-12-31
ALB-TRV-0002943,2018,TRV,4000.45,480.054,4000.45,0.00,,,0.00,2026-12-31
ALB-TRV-0002961,2025,TRV,3466.48,415.9776,3466.48,0.00,,,0.00,2026-12-31
ALB-TRV-0002967,2023,TRV,1296.6,155.59199999999998,1296.60,0.00,,,0.00,2026-12-31
ALB-TRV-0002970,2018,TRV,3067.53,368.10360000000003,3067.53,0.00,,,0.00,2026-12-31
ALB-TRV-0002999,2024,TRV,414.92,49.7904,414.92,0.00,,,0.00,2026-12-31
ALB-TRV-0003000,2024,TRV,1226.51,147.1812,1226.51,0.00,,,0.00,2026-12-31
ALB-TRV-0003004,2023,TRV,1673.57,200.8284,1673.57,0.00,,,0.00,2026-12-31
ALB-TRV-0003006,2026,TRV,4187.84,502.5408,0.00,4187.84,,,0.00,2026-12-31
ALB-TRV-0003007,2019,TRV,1876.48,225.17759999999998,1876.48,0.00,,,0.00,2026-12-31
ALB-TRV-0003008,2018,TRV,1133.2,135.984,1133.20,0.00,,,0.00,2026-12-31
ALB-TRV-0003010,2022,TRV,1110.25,133.23,1110.25,0.00,,,0.00,2026-12-31
ALB-TRV-0003012,2022,TRV,2445.3,293.43600000000004,2445.30,0.00,,,0.00,2026-12-31
ALB-TRV-0003017,2018,TRV,327.65,39.318,327.65,0.00,,,0.00,2026-12-31
ALB-TRV-0003032,2026,TRV,467.02,56.042399999999994,77.84,389.18,,,0.00,2026-12-31
ALB-TRV-0003044,2018,TRV,2562.52,307.50239999999997,2562.52,0.00,,,0.00,2026-12-31
ALB-TRV-0003045,2020,TRV,3101.25,372.15,3101.25,0.00,,,0.00,2026-12-31
ALB-TRV-0003056,2026,TRV,1069.38,128.3256,89.12,980.27,,,0.00,2026-12-31
ALB-TRV-0003065,2022,TRV,3267.09,392.0508,3267.09,0.00,,,0.00,2026-12-31
ALB-TRV-0003068,2025,TRV,1371.84,164.62079999999997,1371.84,0.00,,,0.00,2026-12-31
ALB-TRV-0003075,2024,TRV,1499.13,179.8956,1499.13,0.00,,,0.00,2026-12-31
ALB-TRV-0003076,2025,TRV,3125.42,375.05039999999997,3125.42,0.00,,,0.00,2026-12-31
ALB-TRV-0003089,2026,TRV,1843.03,221.1636,1382.27,460.76,,,0.00,2026-12-31
ALB-TRV-0003095,2025,TRV,2754.98,330.5976,2754.98,0.00,,,0.00,2026-12-31
ALB-TRV-0003102,2018,TRV,804.39,96.5268,804.39,0.00,,,0.00,2026-12-31
ALB-TRV-0003117,2026,TRV,3891.08,466.9296,2269.80,1621.28,,,0.00,2026-12-31
ALB-TRV-0003122,2018,TRV,2470.6,296.472,2470.60,0.00,,,0.00,2026-12-31
ALB-TRV-0003130,2026,TRV,1558.76,187.0512,389.69,1169.07,,,0.00,2026-12-31
ALB-TRV-0003135,2023,TRV,210.14,25.216799999999996,210.14,0.00,,,0.00,2026-12-31
ALB-TRV-0003150,2024,TRV,2736.55,328.386,2736.55,0.00,,,0.00,2026-12-31
ALB-TRV-0003153,2018,TRV,3212.91,385.5492,3212.91,0.00,,,0.00,2026-12-31
ALB-TRV-0003158,2025,TRV,212.23,25.467599999999997,212.23,0.00,,,0.00,2026-12-31
ALB-TRV-0003159,2021,TRV,2447.59,293.7108,2447.59,0.00,,,0.00,2026-12-31
ALB-TRV-0003179,2023,TRV,674.44,80.9328,674.44,0.00,,,0.00,2026-12-31
ALB-TRV-0003180,2025,TRV,1066.85,128.022,1066.85,0.00,,,0.00,2026-12-31
ALB-TRV-0003182,2019,TRV,3991.49,478.9788,3991.49,0.00,,,0.00,2026-12-31
ALB-TRV-0003190,2023,TRV,1851.07,222.12839999999997,1851.07,0.00,,,0.00,2026-12-31
ALB-TRV-0003191,2022,TRV,366.45,43.974,366.45,0.00,,,0.00,2026-12-31
ALB-TRV-0003197,2019,TRV,2910.82,349.2984,2910.82,0.00,,,0.00,2026-12-31
ALB-TRV-0003204,2022,TRV,1315.52,157.86239999999998,1315.52,0.00,,,0.00,2026-12-31
ALB-TRV-0003210,2018,TRV,1844.02,221.2824,1844.02,0.00,,,0.00,2026-12-31
ALB-TRV-0003229,2021,TRV,1964.28,235.71359999999999,1964.28,0.00,,,0.00,2026-12-31
ALB-TRV-0003240,2024,TRV,811.73,97.4076,811.73,0.00,,,0.00,2026-12-31
ALB-TRV-0003249,2022,TRV,2131.08,255.72959999999998,2131.08,0.00,,,0.00,2026-12-31
ALB-TRV-0003262,2018,TRV,4076.83,489.21959999999996,4076.83,0.00,,,0.00,2026-12-31
ALB-TRV-0003270,2026,TRV,3474.39,416.92679999999996,2316.26,1158.13,,,0.00,2026-12-31
ALB-TRV-0003276,2018,TRV,975.14,117.01679999999999,975.14,0.00,,,0.00,2026-12-31
ALB-TRV-0003283,2023,TRV,3189.23,382.7076,3189.23,0.00,,,0.00,2026-12-31
ALB-TRV-0003295,2023,TRV,502.65,60.318,502.65,0.00,,,0.00,2026-12-31
ALB-TRV-0003300,2023,TRV,1772.46,212.6952,1772.46,0.00,,,0.00,2026-12-31
ALB-TRV-0003310,2024,TRV,2451.29,294.15479999999997,2451.29,0.00,,,0.00,2026-12-31
ALB-TRV-0003329,2021,TRV,3754.62,450.5544,3754.62,0.00,,,0.00,2026-12-31
ALB-TRV-0003343,2020,TRV,3607.64,432.91679999999997,3607.64,0.00,,,0.00,2026-12-31
ALB-TRV-0003347,2025,TRV,2045.49,245.4588,2045.49,0.00,,,0.00,2026-12-31
ALB-TRV-0003361,2019,TRV,2637.77,316.5324,2637.77,0.00,,,0.00,2026-12-31
ALB-TRV-0003365,2018,TRV,3502.73,420.32759999999996,3502.73,0.00,,,0.00,2026-12-31
ALB-TRV-0003386,2018,TRV,1685.58,202.2696,1685.58,0.00,,,0.00,2026-12-31
ALB-TRV-0003395,2020,TRV,3169.41,380.32919999999996,3169.41,0.00,,,0.00,2026-12-31
ALB-TRV-0003400,2020,TRV,2344.42,281.3304,2344.42,0.00,,,0.00,2026-12-31
ALB-TRV-0003403,2024,TRV,3230.67,387.6804,3230.67,0.00,,,0.00,2026-12-31
ALB-TRV-0003419,2024,TRV,4122.18,494.6616,4122.18,0.00,,,0.00,2026-12-31
ALB-TRV-0003420,2023,TRV,3326.59,399.1908,3326.59,0.00,,,0.00,2026-12-31
ALB-TRV-0003434,2019,TRV,2399.26,287.9112,2399.26,0.00,,,0.00,2026-12-31
ALB-TRV-0003438,2021,TRV,1500.77,180.0924,1500.77,0.00,,,0.00,2026-12-31
ALB-TRV-0003451,2020,TRV,1763.37,211.60439999999997,1763.37,0.00,,,0.00,2026-12-31
ALB-TRV-0003491,2019,TRV,770.13,92.4156,770.13,0.00,,,0.00,2026-12-31
ALB-TRV-0003494,2018,TRV,292.84,35.1408,292.84,0.00,,,0.00,2026-12-31
ALB-TRV-0003557,2021,TRV,3631.27,435.75239999999997,3631.27,0.00,,,0.00,2026-12-31
ALB-TRV-0003574,2021,TRV,1244.67,149.3604,1244.67,0.00,,,0.00,2026-12-31
ALB-TRV-0003588,2024,TRV,3644.61,437.3532,3644.61,0.00,,,0.00,2026-12-31
ALB-TRV-0003595,2026,TRV,1692.52,203.1024,1269.39,423.13,,,0.00,2026-12-31
ALB-TRV-0003607,2021,TRV,3827.44,459.2928,3827.44,0.00,,,0.00,2026-12-31
ALB-TRV-0003610,2019,TRV,3721.47,446.5764,3721.47,0.00,,,0.00,2026-12-31
ALB-TRV-0003615,2020,TRV,2071.5,248.57999999999998,2071.50,0.00,,,0.00,2026-12-31
ALB-TRV-0003619,2023,TRV,2613.36,313.6032,2613.36,0.00,,,0.00,2026-12-31
ALB-TRV-0003632,2021,TRV,3457.78,414.9336,3457.78,0.00,,,0.00,2026-12-31
ALB-TRV-0003633,2025,TRV,3001.24,360.14879999999994,3001.24,0.00,,,0.00,2026-12-31
ALB-TRV-0003645,2024,TRV,2967.25,356.07,2967.25,0.00,,,0.00,2026-12-31
ALB-TRV-0003660,2020,TRV,1826.29,219.1548,1826.29,0.00,,,0.00,2026-12-31
ALB-TRV-0003667,2021,TRV,4174.81,500.97720000000004,4174.81,0.00,,,0.00,2026-12-31
ALB-TRV-0003674,2026,TRV,2327.48,279.2976,581.87,1745.61,,,0.00,2026-12-31
ALB-TRV-0003690,2026,TRV,2696.65,323.598,1348.33,1348.33,,,0.00,2026-12-31
ALB-TRV-0003697,2018,TRV,588.37,70.6044,588.37,0.00,,,0.00,2026-12-31
ALB-TRV-0003700,2026,TRV,1686.75,202.41,1546.19,140.56,,,0.00,2026-12-31
ALB-TRV-0003708,2018,TRV,1463.02,175.5624,1463.02,0.00,,,0.00,2026-12-31
ALB-TRV-0003709,2020,TRV,2146.17,257.5404,2146.17,0.00,,,0.00,2026-12-31
ALB-TRV-0003720,2022,TRV,1336.83,160.41959999999997,1336.83,0.00,,,0.00,2026-12-31
ALB-TRV-0003733,2020,TRV,2658.9,319.068,2658.90,0.00,,,0.00,2026-12-31
ALB-TRV-0003747,2025,TRV,3986.27,478.3524,3986.27,0.00,,,0.00,2026-12-31
ALB-TRV-0003758,2026,TRV,1794.93,215.3916,747.89,1047.04,,,0.00,2026-12-31
ALB-TRV-0003760,2023,TRV,479.16,57.4992,479.16,0.00,,,0.00,2026-12-31
ALB-TRV-0003763,2024,TRV,2365.59,283.87080000000003,2365.59,0.00,,,0.00,2026-12-31
ALB-TRV-0003771,2022,TRV,1313.45,157.614,1313.45,0.00,,,0.00,2026-12-31
ALB-TRV-0003784,2022,TRV,2736.04,328.3248,2736.04,0.00,,,0.00,2026-12-31
ALB-TRV-0003788,2024,TRV,1835.47,220.25639999999999,1835.47,0.00,,,0.00,2026-12-31
ALB-TRV-0003790,2023,TRV,1411.51,169.38119999999998,1411.51,0.00,,,0.00,2026-12-31
ALB-TRV-0003798,2018,TRV,1631.34,195.7608,1631.34,0.00,,,0.00,2026-12-31
ALB-TRV-0003799,2020,TRV,193.66,23.2392,193.66,0.00,,,0.00,2026-12-31
ALB-TRV-0003806,2022,TRV,2016.5,241.98,2016.50,0.00,,,0.00,2026-12-31
ALB-TRV-0003808,2019,TRV,1374.39,164.92680000000001,1374.39,0.00,,,0.00,2026-12-31
ALB-TRV-0003819,2023,TRV,2606.0,312.71999999999997,2606.00,0.00,,,0.00,2026-12-31
ALB-TRV-0003821,2018,TRV,2522.32,302.6784,2522.32,0.00,,,0.00,2026-12-31
ALB-TRV-0003831,2018,TRV,444.46,53.33519999999999,444.46,0.00,,,0.00,2026-12-31
ALB-TRV-0003836,2026,TRV,2301.63,276.1956,0.00,2301.63,,,0.00,2026-12-31
ALB-TRV-0003860,2018,TRV,3626.77,435.2124,3626.77,0.00,,,0.00,2026-12-31
ALB-TRV-0003866,2024,TRV,3370.38,404.4456,3370.38,0.00,,,0.00,2026-12-31
ALB-TRV-0003868,2023,TRV,2604.31,312.5172,2604.31,0.00,,,0.00,2026-12-31
ALB-TRV-0003876,2020,TRV,1218.39,146.20680000000002,1218.39,0.00,,,0.00,2026-12-31
ALB-TRV-0003877,2018,TRV,1886.41,226.3692,1886.41,0.00,,,0.00,2026-12-31
ALB-TRV-0003879,2019,TRV,1466.02,175.92239999999998,1466.02,0.00,,,0.00,2026-12-31
ALB-TRV-0003883,2025,TRV,2272.28,272.6736,2272.28,0.00,,,0.00,2026-12-31
ALB-TRV-0003884,2020,TRV,2314.07,277.6884,2314.07,0.00,,,0.00,2026-12-31
ALB-TRV-0003888,2023,TRV,1799.3,215.916,1799.30,0.00,,,0.00,2026-12-31
ALB-TRV-0003890,2023,TRV,2984.94,358.1928,2984.94,0.00,,,0.00,2026-12-31
ALB-TRV-0003910,2021,TRV,1090.63,130.87560000000002,1090.63,0.00,,,0.00,2026-12-31
ALB-TRV-0003912,2025,TRV,3627.74,435.32879999999994,3627.74,0.00,,,0.00,2026-12-31
ALB-TRV-0003927,2023,TRV,3034.36,364.1232,3034.36,0.00,,,0.00,2026-12-31
ALB-TRV-0003934,2023,TRV,2135.98,256.31759999999997,2135.98,0.00,,,0.00,2026-12-31
ALB-TRV-0003935,2019,TRV,2326.09,279.1308,2326.09,0.00,,,0.00,2026-12-31
ALB-TRV-0003949,2026,TRV,3620.63,434.4756,1206.88,2413.75,,,0.00,2026-12-31
ALB-TRV-0003950,2023,TRV,1106.87,132.82439999999997,1106.87,0.00,,,0.00,2026-12-31
ALB-TRV-0003954,2025,TRV,1205.18,144.6216,1205.18,0.00,,,0.00,2026-12-31
ALB-TRV-0003955,2025,TRV,3927.4,471.288,3927.40,0.00,,,0.00,2026-12-31
ALB-TRV-0003976,2023,TRV,3038.73,364.6476,3038.73,0.00,,,0.00,2026-12-31
ALB-TRV-0003983,2023,TRV,787.49,94.4988,787.49,0.00,,,0.00,2026-12-31
ALB-TRV-0003986,2022,TRV,3247.88,389.7456,3247.88,0.00,,,0.00,2026-12-31
ALB-TRV-0003999,2022,TRV,1537.33,184.47959999999998,1537.33,0.00,,,0.00,2026-12-31
ALB-TRV-0004002,2024,TRV,2184.14,262.0968,2184.14,0.00,,,0.00,2026-12-31
ALB-TRV-0004006,2025,TRV,1056.49,126.77879999999999,1056.49,0.00,,,0.00,2026-12-31
ALB-TRV-0004020,2022,TRV,1450.54,174.0648,1450.54,0.00,,,0.00,2026-12-31
ALB-TRV-0004034,2025,TRV,1085.67,130.28040000000001,1085.67,0.00,,,0.00,2026-12-31
ALB-TRV-0004046,2023,TRV,3748.68,449.84159999999997,3748.68,0.00,,,0.00,2026-12-31
ALB-TRV-0004047,2022,TRV,1414.76,169.7712,1414.76,0.00,,,0.00,2026-12-31
ALB-TRV-0004050,2023,TRV,945.32,113.4384,945.32,0.00,,,0.00,2026-12-31
ALB-TRV-0004062,2026,TRV,1944.75,233.37,162.06,1782.69,,,0.00,2026-12-31
ALB-TRV-0004064,2024,TRV,1008.11,120.97319999999999,1008.11,0.00,,,0.00,2026-12-31
ALB-TRV-0004069,2022,TRV,3210.22,385.22639999999996,3210.22,0.00,,,0.00,2026-12-31
ALB-TRV-0004083,2019,TRV,411.75,49.41,411.75,0.00,,,0.00,2026-12-31
ALB-TRV-0004086,2020,TRV,2713.25,325.59,2713.25,0.00,,,0.00,2026-12-31
ALB-TRV-0004093,2018,TRV,289.11,34.6932,289.11,0.00,,,0.00,2026-12-31
ALB-TRV-0004137,2020,TRV,3258.19,390.9828,3258.19,0.00,,,0.00,2026-12-31
ALB-TRV-0004139,2019,TRV,798.93,95.87159999999999,798.93,0.00,,,0.00,2026-12-31
ALB-TRV-0004140,2025,TRV,2620.56,314.4672,2620.56,0.00,,,0.00,2026-12-31
ALB-TRV-0004154,2022,TRV,1959.4,235.12800000000001,1959.40,0.00,,,0.00,2026-12-31
ALB-TRV-0004158,2021,TRV,2150.56,258.06719999999996,2150.56,0.00,,,0.00,2026-12-31
ALB-TRV-0004169,2018,TRV,3095.0,371.4,3095.00,0.00,,,0.00,2026-12-31
ALB-TRV-0004177,2022,TRV,1183.56,142.0272,1183.56,0.00,,,0.00,2026-12-31
ALB-TRV-0004182,2023,TRV,4026.52,483.1824,4026.52,0.00,,,0.00,2026-12-31
ALB-TRV-0004188,2022,TRV,1380.23,165.6276,1380.23,0.00,,,0.00,2026-12-31
ALB-TRV-0004196,2026,TRV,520.41,62.44919999999999,173.47,346.94,,,0.00,2026-12-31
ALB-TRV-0004201,2022,TRV,423.99,50.8788,423.99,0.00,,,0.00,2026-12-31
ALB-TRV-0004204,2026,TRV,3696.09,443.5308,1232.03,2464.06,,,0.00,2026-12-31
ALB-TRV-0004208,2026,TRV,477.22,57.266400000000004,318.15,159.07,,,0.00,2026-12-31
ALB-TRV-0004212,2026,TRV,1164.63,139.75560000000002,97.05,1067.58,,,0.00,2026-12-31
ALB-TRV-0004226,2025,TRV,923.62,110.8344,923.62,0.00,,,0.00,2026-12-31
ALB-TRV-0004230,2024,TRV,3782.6,453.912,3782.60,0.00,,,0.00,2026-12-31
ALB-TRV-0004237,2025,TRV,1148.16,137.7792,1148.16,0.00,,,0.00,2026-12-31
ALB-TRV-0004242,2024,TRV,3832.06,459.8472,3832.06,0.00,,,0.00,2026-12-31
ALB-TRV-0004255,2021,TRV,2636.43,316.37159999999994,2636.43,0.00,,,0.00,2026-12-31
ALB-TRV-0004260,2020,TRV,491.95,59.034,491.95,0.00,,,0.00,2026-12-31
ALB-TRV-0004263,2020,TRV,2696.45,323.57399999999996,2696.45,0.00,,,0.00,2026-12-31
ALB-TRV-0004266,2022,TRV,3824.74,458.96879999999993,3824.74,0.00,,,0.00,2026-12-31
ALB-TRV-0004276,2024,TRV,1522.42,182.6904,1522.42,0.00,,,0.00,2026-12-31
ALB-TRV-0004283,2023,TRV,1234.74,148.1688,1234.74,0.00,,,0.00,2026-12-31
ALB-TRV-0004291,2021,TRV,1119.81,134.3772,1119.81,0.00,,,0.00,2026-12-31
ALB-TRV-0004301,2023,TRV,1463.9,175.668,1463.90,0.00,,,0.00,2026-12-31
ALB-TRV-0004303,2022,TRV,3985.93,478.31159999999994,3985.93,0.00,,,0.00,2026-12-31
ALB-TRV-0004305,2018,TRV,693.56,83.2272,693.56,0.00,,,0.00,2026-12-31
ALB-TRV-0004310,2020,TRV,3648.84,437.8608,3648.84,0.00,,,0.00,2026-12-31
ALB-TRV-0004315,2025,TRV,197.68,23.7216,197.68,0.00,,,0.00,2026-12-31
ALB-TRV-0004322,2023,TRV,2902.82,348.3384,2902.82,0.00,,,0.00,2026-12-31
ALB-TRV-0004330,2019,TRV,570.77,68.49239999999999,570.77,0.00,,,0.00,2026-12-31
ALB-TRV-0004340,2019,TRV,1074.26,128.9112,1074.26,0.00,,,0.00,2026-12-31
ALB-TRV-0004352,2022,TRV,3486.82,418.4184,3486.82,0.00,,,0.00,2026-12-31
ALB-TRV-0004354,2022,TRV,200.9,24.108,200.90,0.00,,,0.00,2026-12-31
ALB-TRV-0004434,2019,TRV,3546.08,425.52959999999996,3546.08,0.00,,,0.00,2026-12-31
ALB-TRV-0004453,2025,TRV,3190.2,382.82399999999996,3190.20,0.00,,,0.00,2026-12-31
ALB-TRV-0004468,2021,TRV,3686.2,442.34399999999994,3686.20,0.00,,,0.00,2026-12-31
ALB-TRV-0004484,2022,TRV,2949.62,353.95439999999996,2949.62,0.00,,,0.00,2026-12-31
ALB-TRV-0004489,2024,TRV,515.49,61.8588,515.49,0.00,,,0.00,2026-12-31
ALB-TRV-0004501,2021,TRV,530.79,63.694799999999994,530.79,0.00,,,0.00,2026-12-31
ALB-TRV-0004504,2024,TRV,831.29,99.75479999999999,831.29,0.00,,,0.00,2026-12-31
ALB-TRV-0004505,2020,TRV,1942.03,233.0436,1942.03,0.00,,,0.00,2026-12-31
ALB-TRV-0004510,2019,TRV,725.04,87.00479999999999,725.04,0.00,,,0.00,2026-12-31
ALB-TRV-0004534,2021,TRV,684.51,82.1412,684.51,0.00,,,0.00,2026-12-31
ALB-TRV-0004535,2022,TRV,2770.96,332.5152,2770.96,0.00,,,0.00,2026-12-31
ALB-TRV-0004543,2023,TRV,1736.71,208.4052,1736.71,0.00,,,0.00,2026-12-31
ALB-TRV-0004549,2023,TRV,3391.53,406.9836,3391.53,0.00,,,0.00,2026-12-31
ALB-TRV-0004554,2019,TRV,2923.82,350.8584,2923.82,0.00,,,0.00,2026-12-31
ALB-TRV-0004556,2022,TRV,2844.1,341.292,2844.10,0.00,,,0.00,2026-12-31
ALB-TRV-0004565,2020,TRV,1480.39,177.6468,1480.39,0.00,,,0.00,2026-12-31
ALB-TRV-0004567,2026,TRV,2157.4,258.888,0.00,2157.40,,,0.00,2026-12-31
ALB-TRV-0004575,2020,TRV,1031.66,123.7992,1031.66,0.00,,,0.00,2026-12-31
ALB-TRV-0004582,2025,TRV,3849.82,461.9784,3849.82,0.00,,,0.00,2026-12-31
ALB-TRV-0004601,2018,TRV,2190.84,262.9008,2190.84,0.00,,,0.00,2026-12-31
ALB-TRV-0004619,2019,TRV,1186.97,142.4364,1186.97,0.00,,,0.00,2026-12-31
ALB-TRV-0004620,2023,TRV,3011.49,361.37879999999996,3011.49,0.00,,,0.00,2026-12-31
ALB-TRV-0004626,2018,TRV,1135.1,136.212,1135.10,0.00,,,0.00,2026-12-31
ALB-TRV-0004627,2019,TRV,381.19,45.742799999999995,381.19,0.00,,,0.00,2026-12-31
ALB-TRV-0004652,2023,TRV,2983.6,358.032,2983.60,0.00,,,0.00,2026-12-31
ALB-TRV-0004661,2022,TRV,3284.62,394.15439999999995,3284.62,0.00,,,0.00,2026-12-31
ALB-TRV-0004668,2021,TRV,3768.14,452.17679999999996,3768.14,0.00,,,0.00,2026-12-31
ALB-TRV-0004684,2019,TRV,787.73,94.52759999999999,787.73,0.00,,,0.00,2026-12-31
ALB-TRV-0004686,2021,TRV,3563.04,427.5648,3563.04,0.00,,,0.00,2026-12-31
ALB-TRV-0004693,2025,TRV,371.69,44.602799999999995,371.69,0.00,,,0.00,2026-12-31
ALB-TRV-0004718,2021,TRV,3269.34,392.3208,3269.34,0.00,,,0.00,2026-12-31
ALB-TRV-0004750,2019,TRV,2754.23,330.50759999999997,2754.23,0.00,,,0.00,2026-12-31
ALB-TRV-0004765,2025,TRV,3097.26,371.6712,3097.26,0.00,,,0.00,2026-12-31
ALB-TRV-0004767,2023,TRV,3175.55,381.06600000000003,3175.55,0.00,,,0.00,2026-12-31
ALB-TRV-0004769,2026,TRV,1279.57,153.5484,1172.94,106.63,,,0.00,2026-12-31
ALB-TRV-0004775,2018,TRV,1257.82,150.93839999999997,1257.82,0.00,,,0.00,2026-12-31
ALB-TRV-0004808,2019,TRV,2980.45,357.65399999999994,2980.45,0.00,,,0.00,2026-12-31
ALB-TRV-0004814,2026,TRV,1603.31,192.3972,133.61,1469.70,,,0.00,2026-12-31
ALB-TRV-0004825,2023,TRV,653.35,78.402,653.35,0.00,,,0.00,2026-12-31
ALB-TRV-0004832,2023,TRV,2542.97,305.15639999999996,2542.97,0.00,,,0.00,2026-12-31
ALB-TRV-0004835,2020,TRV,1803.15,216.37800000000001,1803.15,0.00,,,0.00,2026-12-31
ALB-TRV-0004848,2025,TRV,3752.89,450.3468,3752.89,0.00,,,0.00,2026-12-31
ALB-TRV-0004857,2025,TRV,3078.27,369.3924,3078.27,0.00,,,0.00,2026-12-31
ALB-TRV-0004864,2023,TRV,2542.34,305.0808,2542.34,0.00,,,0.00,2026-12-31
ALB-TRV-0004877,2026,TRV,3085.1,370.212,2570.92,514.18,,,0.00,2026-12-31
ALB-TRV-0004882,2019,TRV,874.8,104.97599999999998,874.80,0.00,,,0.00,2026-12-31
ALB-TRV-0004892,2022,TRV,639.73,76.7676,639.73,0.00,,,0.00,2026-12-31
ALB-TRV-0004895,2020,TRV,2750.54,330.0648,2750.54,0.00,,,0.00,2026-12-31
ALB-TRV-0004896,2019,TRV,3153.86,378.46320000000003,3153.86,0.00,,,0.00,2026-12-31
ALB-TRV-0004905,2025,TRV,1276.26,153.1512,1276.26,0.00,,,0.00,2026-12-31
ALB-TRV-0004911,2023,TRV,2329.4,279.528,2329.40,0.00,,,0.00,2026-12-31
ALB-TRV-0004916,2026,TRV,3663.7,439.64399999999995,2137.16,1526.54,,,0.00,2026-12-31
ALB-TRV-0004938,2020,TRV,3263.1,391.572,3263.10,0.00,,,0.00,2026-12-31
ALB-TRV-0004940,2019,TRV,1658.78,199.0536,1658.78,0.00,,,0.00,2026-12-31
ALB-TRV-0004969,2020,TRV,665.07,79.8084,665.07,0.00,,,0.00,2026-12-31
ALB-TRV-0004974,2019,TRV,3397.75,407.72999999999996,3397.75,0.00,,,0.00,2026-12-31
ALB-TRV-0004978,2024,TRV,2178.68,261.4416,2178.68,0.00,,,0.00,2026-12-31
ALB-TRV-0004995,2022,TRV,1533.93,184.0716,1533.93,0.00,,,0.00,2026-12-31
ALB-TRV-0005011,2022,TRV,1912.02,229.4424,1912.02,0.00,,,0.00,2026-12-31
ALB-TRV-0005035,2019,TRV,4154.66,498.5592,4154.66,0.00,,,0.00,2026-12-31
ALB-TRV-0005045,2024,TRV,216.65,25.998,216.65,0.00,,,0.00,2026-12-31
ALB-TRV-0005056,2025,TRV,3168.03,380.16360000000003,3168.03,0.00,,,0.00,2026-12-31
ALB-TRV-0005059,2026,TRV,3142.93,377.1516,1571.47,1571.47,,,0.00,2026-12-31
ALB-TRV-0005064,2023,TRV,628.86,75.4632,628.86,0.00,,,0.00,2026-12-31
ALB-TRV-0005068,2019,TRV,3472.56,416.7072,3472.56,0.00,,,0.00,2026-12-31
ALB-TRV-0005072,2024,TRV,1436.01,172.3212,1436.01,0.00,,,0.00,2026-12-31
ALB-TRV-0005079,2024,TRV,2876.71,345.2052,2876.71,0.00,,,0.00,2026-12-31
ALB-TRV-0005091,2022,TRV,489.29,58.7148,489.29,0.00,,,0.00,2026-12-31
ALB-TRV-0005095,2026,TRV,885.43,106.2516,590.29,295.14,,,0.00,2026-12-31
ALB-TRV-0005100,2024,TRV,3715.92,445.9104,3715.92,0.00,,,0.00,2026-12-31
ALB-TRV-0005115,2023,TRV,1822.53,218.7036,1822.53,0.00,,,0.00,2026-12-31
ALB-TRV-0005121,2019,TRV,3068.47,368.21639999999996,3068.47,0.00,,,0.00,2026-12-31
ALB-TRV-0005123,2019,TRV,1034.41,124.12920000000001,1034.41,0.00,,,0.00,2026-12-31
ALB-TRV-0005158,2025,TRV,3155.27,378.63239999999996,3155.27,0.00,,,0.00,2026-12-31
ALB-TRV-0005159,2022,TRV,3326.46,399.1752,3326.46,0.00,,,0.00,2026-12-31
ALB-TRV-0005173,2022,TRV,3339.09,400.6908,3339.09,0.00,,,0.00,2026-12-31
ALB-TRV-0005174,2021,TRV,2003.79,240.45479999999998,2003.79,0.00,,,0.00,2026-12-31
ALB-TRV-0005180,2021,TRV,1293.62,155.2344,1293.62,0.00,,,0.00,2026-12-31
ALB-TRV-0005191,2021,TRV,586.42,70.37039999999999,586.42,0.00,,,0.00,2026-12-31
ALB-TRV-0005198,2023,TRV,3215.95,385.914,3215.95,0.00,,,0.00,2026-12-31
